 PTC IGES file: 658.igs                                                 S      1
1H,,1H;,12H658_RETAINER,7H658.igs,                                      G      1
49HPro/ENGINEER by Parametric Technology Corporation,7H1999500,32,38,7, G      2
38,15,12H658_RETAINER,1.,1,4HINCH,32768,0.5,13H010222.101444,           G      3
0.000897543,8.97579,5HGSLTR,7HUnknown,10,0,13H010222.101444;            G      4
     110       1       1       1       0       0       0       001010000D      1
     110       0       0       1       0                    LINE       1D      2
     110       2       1       1       0       0       0       001010000D      3
     110       0       0       1       0                    LINE       2D      4
     110       3       1       1       0       0       0       001010000D      5
     110       0       0       1       0                    LINE       3D      6
     110       4       1       1       0       0       0       001010000D      7
     110       0       0       1       0                    LINE       4D      8
     110       5       1       1       0       0       0       001010000D      9
     110       0       0       1       0                    LINE       5D     10
     110       6       1       1       0       0       0       001010000D     11
     110       0       0       1       0                    LINE       6D     12
     110       7       1       1       0       0       0       001010000D     13
     110       0       0       1       0                    LINE       7D     14
     110       8       1       1       0       0       0       001010000D     15
     110       0       0       1       0                    LINE       8D     16
     110       9       1       1       0       0       0       001010000D     17
     110       0       0       1       0                    LINE       9D     18
     110      10       1       1       0       0       0       001010000D     19
     110       0       0       1       0                    LINE      10D     20
     110      11       1       1       0       0       0       001010000D     21
     110       0       0       1       0                    LINE      11D     22
     124      12       1       1       0       0       0       001000000D     23
     124       0       0       2       0                   XFORM       1D     24
     100      14       1       1       0       0      23       001010000D     25
     100       0       0       1       0                     ARC       1D     26
     110      15       1       1       0       0       0       001010000D     27
     110       0       0       1       0                    LINE      12D     28
     124      16       1       1       0       0       0       001000000D     29
     124       0       0       2       0                   XFORM       2D     30
     100      18       1       1       0       0      29       001010000D     31
     100       0       0       1       0                     ARC       2D     32
     110      19       1       1       0       0       0       001010000D     33
     110       0       0       2       0                    LINE      13D     34
     110      21       1       1       0       0       0       001010000D     35
     110       0       0       1       0                    LINE      14D     36
     110      22       1       1       0       0       0       001010000D     37
     110       0       0       1       0                    LINE      15D     38
     110      23       1       1       0       0       0       001010000D     39
     110       0       0       1       0                    LINE      16D     40
     110      24       1       1       0       0       0       001010000D     41
     110       0       0       1       0                    LINE      17D     42
     110      25       1       1       0       0       0       001010000D     43
     110       0       0       1       0                    LINE      18D     44
     110      26       1       1       0       0       0       001010000D     45
     110       0       0       1       0                    LINE      19D     46
     110      27       1       1       0       0       0       001010000D     47
     110       0       0       1       0                    LINE      20D     48
     110      28       1       1       0       0       0       001010000D     49
     110       0       0       1       0                    LINE      21D     50
     110      29       1       1       0       0       0       001010000D     51
     110       0       0       1       0                    LINE      22D     52
     110      30       1       1       0       0       0       001010000D     53
     110       0       0       1       0                    LINE      23D     54
     110      31       1       1       0       0       0       001010000D     55
     110       0       0       1       0                    LINE      24D     56
     110      32       1       1       0       0       0       001010000D     57
     110       0       0       1       0                    LINE      25D     58
     110      33       1       1       0       0       0       001010000D     59
     110       0       0       1       0                    LINE      26D     60
     110      34       1       1       0       0       0       001010000D     61
     110       0       0       1       0                    LINE      27D     62
     110      35       1       1       0       0       0       001010000D     63
     110       0       0       1       0                    LINE      28D     64
     124      36       1       1       0       0       0       001000000D     65
     124       0       0       2       0                   XFORM       3D     66
     100      38       1       1       0       0      65       001010000D     67
     100       0       0       1       0                     ARC       3D     68
     110      39       1       1       0       0       0       001010000D     69
     110       0       0       1       0                    LINE      29D     70
     110      40       1       1       0       0       0       001010000D     71
     110       0       0       1       0                    LINE      30D     72
     110      41       1       1       0       0       0       001010000D     73
     110       0       0       1       0                    LINE      31D     74
     124      42       1       1       0       0       0       001000000D     75
     124       0       0       2       0                   XFORM       4D     76
     100      44       1       1       0       0      75       001010000D     77
     100       0       0       1       0                     ARC       4D     78
     124      45       1       1       0       0       0       001000000D     79
     124       0       0       2       0                   XFORM       5D     80
     100      47       1       1       0       0      79       001010000D     81
     100       0       0       1       0                     ARC       5D     82
     110      48       1       1       0       0       0       001010000D     83
     110       0       0       1       0                    LINE      32D     84
     110      49       1       1       0       0       0       001010000D     85
     110       0       0       1       0                    LINE      33D     86
     124      50       1       1       0       0       0       001000000D     87
     124       0       0       2       0                   XFORM       6D     88
     100      52       1       1       0       0      87       001010000D     89
     100       0       0       1       0                     ARC       6D     90
     124      53       1       1       0       0       0       001000000D     91
     124       0       0       2       0                   XFORM       7D     92
     100      55       1       1       0       0      91       001010000D     93
     100       0       0       1       0                     ARC       7D     94
     110      56       1       1       0       0       0       001010000D     95
     110       0       0       1       0                    LINE      34D     96
     110      57       1       1       0       0       0       001010000D     97
     110       0       0       1       0                    LINE      35D     98
     124      58       1       1       0       0       0       001000000D     99
     124       0       0       2       0                   XFORM       8D    100
     100      60       1       1       0       0      99       001010000D    101
     100       0       0       1       0                     ARC       8D    102
     124      61       1       1       0       0       0       001000000D    103
     124       0       0       2       0                   XFORM       9D    104
     100      63       1       1       0       0     103       001010000D    105
     100       0       0       1       0                     ARC       9D    106
     110      64       1       1       0       0       0       001010000D    107
     110       0       0       1       0                    LINE      36D    108
     110      65       1       1       0       0       0       001010000D    109
     110       0       0       1       0                    LINE      37D    110
     110      66       1       1       0       0       0       001010000D    111
     110       0       0       1       0                    LINE      38D    112
     124      67       1       1       0       0       0       001000000D    113
     124       0       0       1       0                   XFORM      10D    114
     100      68       1       1       0       0     113       001010000D    115
     100       0       0       1       0                     ARC      10D    116
     124      69       1       1       0       0       0       001000000D    117
     124       0       0       2       0                   XFORM      11D    118
     100      71       1       1       0       0     117       001010000D    119
     100       0       0       1       0                     ARC      11D    120
     110      72       1       1       0       0       0       001010000D    121
     110       0       0       1       0                    LINE      39D    122
     110      73       1       1       0       0       0       001010000D    123
     110       0       0       1       0                    LINE      40D    124
     124      74       1       1       0       0       0       001000000D    125
     124       0       0       2       0                   XFORM      12D    126
     100      76       1       1       0       0     125       001010000D    127
     100       0       0       1       0                     ARC      12D    128
     124      77       1       1       0       0       0       001000000D    129
     124       0       0       2       0                   XFORM      13D    130
     100      79       1       1       0       0     129       001010000D    131
     100       0       0       1       0                     ARC      13D    132
     110      80       1       1       0       0       0       001010000D    133
     110       0       0       1       0                    LINE      41D    134
     110      81       1       1       0       0       0       001010000D    135
     110       0       0       1       0                    LINE      42D    136
     124      82       1       1       0       0       0       001000000D    137
     124       0       0       2       0                   XFORM      14D    138
     100      84       1       1       0       0     137       001010000D    139
     100       0       0       1       0                     ARC      14D    140
     124      85       1       1       0       0       0       001000000D    141
     124       0       0       2       0                   XFORM      15D    142
     100      87       1       1       0       0     141       001010000D    143
     100       0       0       1       0                     ARC      15D    144
     110      88       1       1       0       0       0       001010000D    145
     110       0       0       1       0                    LINE      43D    146
     110      89       1       1       0       0       0       001010000D    147
     110       0       0       1       0                    LINE      44D    148
     124      90       1       1       0       0       0       001000000D    149
     124       0       0       2       0                   XFORM      16D    150
     100      92       1       1       0       0     149       001010000D    151
     100       0       0       1       0                     ARC      16D    152
     124      93       1       1       0       0       0       001000000D    153
     124       0       0       2       0                   XFORM      17D    154
     100      95       1       1       0       0     153       001010000D    155
     100       0       0       1       0                     ARC      17D    156
     110      96       1       1       0       0       0       001010000D    157
     110       0       0       1       0                    LINE      45D    158
     110      97       1       1       0       0       0       001010000D    159
     110       0       0       1       0                    LINE      46D    160
     124      98       1       1       0       0       0       001000000D    161
     124       0       0       2       0                   XFORM      18D    162
     100     100       1       1       0       0     161       001010000D    163
     100       0       0       1       0                     ARC      18D    164
     124     101       1       1       0       0       0       001000000D    165
     124       0       0       2       0                   XFORM      19D    166
     100     103       1       1       0       0     165       001010000D    167
     100       0       0       1       0                     ARC      19D    168
     110     104       1       1       0       0       0       001010000D    169
     110       0       0       1       0                    LINE      47D    170
     124     105       1       1       0       0       0       001000000D    171
     124       0       0       2       0                   XFORM      20D    172
     100     107       1       1       0       0     171       001010000D    173
     100       0       0       1       0                     ARC      20D    174
     124     108       1       1       0       0       0       001000000D    175
     124       0       0       2       0                   XFORM      21D    176
     100     110       1       1       0       0     175       001010000D    177
     100       0       0       1       0                     ARC      21D    178
     110     111       1       1       0       0       0       001010000D    179
     110       0       0       1       0                    LINE      48D    180
     110     112       1       1       0       0       0       001010000D    181
     110       0       0       1       0                    LINE      49D    182
     124     113       1       1       0       0       0       001000000D    183
     124       0       0       2       0                   XFORM      22D    184
     100     115       1       1       0       0     183       001010000D    185
     100       0       0       1       0                     ARC      22D    186
     124     116       1       1       0       0       0       001000000D    187
     124       0       0       2       0                   XFORM      23D    188
     100     118       1       1       0       0     187       001010000D    189
     100       0       0       1       0                     ARC      23D    190
     110     119       1       1       0       0       0       001010000D    191
     110       0       0       1       0                    LINE      50D    192
     110     120       1       1       0       0       0       001010000D    193
     110       0       0       1       0                    LINE      51D    194
     124     121       1       1       0       0       0       001000000D    195
     124       0       0       2       0                   XFORM      24D    196
     100     123       1       1       0       0     195       001010000D    197
     100       0       0       1       0                     ARC      24D    198
     124     124       1       1       0       0       0       001000000D    199
     124       0       0       1       0                   XFORM      25D    200
     100     125       1       1       0       0     199       001010000D    201
     100       0       0       1       0                     ARC      25D    202
     110     126       1       1       0       0       0       001010000D    203
     110       0       0       1       0                    LINE      52D    204
     110     127       1       1       0       0       0       001010000D    205
     110       0       0       1       0                    LINE      53D    206
     124     128       1       1       0       0       0       001000000D    207
     124       0       0       2       0                   XFORM      26D    208
     100     130       1       1       0       0     207       001010000D    209
     100       0       0       1       0                     ARC      26D    210
     124     131       1       1       0       0       0       001000000D    211
     124       0       0       2       0                   XFORM      27D    212
     100     133       1       1       0       0     211       001010000D    213
     100       0       0       1       0                     ARC      27D    214
     110     134       1       1       0       0       0       001010000D    215
     110       0       0       1       0                    LINE      54D    216
     110     135       1       1       0       0       0       001010000D    217
     110       0       0       1       0                    LINE      55D    218
     124     136       1       1       0       0       0       001000000D    219
     124       0       0       1       0                   XFORM      28D    220
     100     137       1       1       0       0     219       001010000D    221
     100       0       0       1       0                     ARC      28D    222
     124     138       1       1       0       0       0       001000000D    223
     124       0       0       1       0                   XFORM      29D    224
     100     139       1       1       0       0     223       001010000D    225
     100       0       0       1       0                     ARC      29D    226
     110     140       1       1       0       0       0       001010000D    227
     110       0       0       1       0                    LINE      56D    228
     110     141       1       1       0       0       0       001010000D    229
     110       0       0       2       0                    LINE      57D    230
     110     143       1       1       0       0       0       001010000D    231
     110       0       0       1       0                    LINE      58D    232
     110     144       1       1       0       0       0       001010000D    233
     110       0       0       1       0                    LINE      59D    234
     124     145       1       1       0       0       0       001000000D    235
     124       0       0       1       0                   XFORM      30D    236
     100     146       1       1       0       0     235       001010000D    237
     100       0       0       1       0                     ARC      30D    238
     124     147       1       1       0       0       0       001000000D    239
     124       0       0       1       0                   XFORM      31D    240
     100     148       1       1       0       0     239       001010000D    241
     100       0       0       1       0                     ARC      31D    242
     110     149       1       1       0       0       0       001010000D    243
     110       0       0       1       0                    LINE      60D    244
     110     150       1       1       0       0       0       001010000D    245
     110       0       0       1       0                    LINE      61D    246
     124     151       1       1       0       0       0       001000000D    247
     124       0       0       2       0                   XFORM      32D    248
     100     153       1       1       0       0     247       001010000D    249
     100       0       0       1       0                     ARC      32D    250
     124     154       1       1       0       0       0       001000000D    251
     124       0       0       2       0                   XFORM      33D    252
     100     156       1       1       0       0     251       001010000D    253
     100       0       0       1       0                     ARC      33D    254
     110     157       1       1       0       0       0       001010000D    255
     110       0       0       1       0                    LINE      62D    256
     110     158       1       1       0       0       0       001010000D    257
     110       0       0       1       0                    LINE      63D    258
     124     159       1       1       0       0       0       001000000D    259
     124       0       0       2       0                   XFORM      34D    260
     100     161       1       1       0       0     259       001010000D    261
     100       0       0       1       0                     ARC      34D    262
     124     162       1       1       0       0       0       001000000D    263
     124       0       0       2       0                   XFORM      35D    264
     100     164       1       1       0       0     263       001010000D    265
     100       0       0       1       0                     ARC      35D    266
     110     165       1       1       0       0       0       001010000D    267
     110       0       0       1       0                    LINE      64D    268
     110     166       1       1       0       0       0       001010000D    269
     110       0       0       1       0                    LINE      65D    270
     110     167       1       1       0       0       0       001010000D    271
     110       0       0       1       0                    LINE      66D    272
     110     168       1       1       0       0       0       001010000D    273
     110       0       0       1       0                    LINE      67D    274
     110     169       1       1       0       0       0       001010000D    275
     110       0       0       1       0                    LINE      68D    276
     110     170       1       1       0       0       0       001010000D    277
     110       0       0       1       0                    LINE      69D    278
     110     171       1       1       0       0       0       001010000D    279
     110       0       0       1       0                    LINE      70D    280
     110     172       1       1       0       0       0       001010000D    281
     110       0       0       1       0                    LINE      71D    282
     110     173       1       1       0       0       0       001010000D    283
     110       0       0       2       0                    LINE      72D    284
     110     175       1       1       0       0       0       001010000D    285
     110       0       0       2       0                    LINE      73D    286
     110     177       1       1       0       0       0       001010000D    287
     110       0       0       1       0                    LINE      74D    288
     110     178       1       1       0       0       0       001010000D    289
     110       0       0       1       0                    LINE      75D    290
     110     179       1       1       0       0       0       001010000D    291
     110       0       0       2       0                    LINE      76D    292
     110     181       1       1       0       0       0       001010000D    293
     110       0       0       2       0                    LINE      77D    294
     110     183       1       1       0       0       0       001010000D    295
     110       0       0       1       0                    LINE      78D    296
     110     184       1       1       0       0       0       001010000D    297
     110       0       0       1       0                    LINE      79D    298
     110     185       1       1       0       0       0       001010000D    299
     110       0       0       1       0                    LINE      80D    300
     110     186       1       1       0       0       0       001010000D    301
     110       0       0       1       0                    LINE      81D    302
     110     187       1       1       0       0       0       001010000D    303
     110       0       0       1       0                    LINE      82D    304
     110     188       1       1       0       0       0       001010000D    305
     110       0       0       2       0                    LINE      83D    306
     110     190       1       1       0       0       0       001010000D    307
     110       0       0       2       0                    LINE      84D    308
     110     192       1       1       0       0       0       001010000D    309
     110       0       0       1       0                    LINE      85D    310
     110     193       1       1       0       0       0       001010000D    311
     110       0       0       1       0                    LINE      86D    312
     110     194       1       1       0       0       0       001010000D    313
     110       0       0       2       0                    LINE      87D    314
     110     196       1       1       0       0       0       001010000D    315
     110       0       0       2       0                    LINE      88D    316
     110     198       1       1       0       0       0       001010000D    317
     110       0       0       1       0                    LINE      89D    318
     110     199       1       1       0       0       0       001010000D    319
     110       0       0       1       0                    LINE      90D    320
     110     200       1       1       0       0       0       001010000D    321
     110       0       0       1       0                    LINE      91D    322
     110     201       1       1       0       0       0       001010000D    323
     110       0       0       2       0                    LINE      92D    324
     110     203       1       1       0       0       0       001010000D    325
     110       0       0       1       0                    LINE      93D    326
     110     204       1       1       0       0       0       001010000D    327
     110       0       0       1       0                    LINE      94D    328
     110     205       1       1       0       0       0       001010000D    329
     110       0       0       1       0                    LINE      95D    330
     110     206       1       1       0       0       0       001010000D    331
     110       0       0       2       0                    LINE      96D    332
     110     208       1       1       0       0       0       001010000D    333
     110       0       0       2       0                    LINE      97D    334
     110     210       1       1       0       0       0       001010000D    335
     110       0       0       2       0                    LINE      98D    336
     110     212       1       1       0       0       0       001010000D    337
     110       0       0       2       0                    LINE      99D    338
     110     214       1       1       0       0       0       001010000D    339
     110       0       0       2       0                    LINE     100D    340
     110     216       1       1       0       0       0       001010000D    341
     110       0       0       2       0                    LINE     101D    342
     110     218       1       1       0       0       0       001010000D    343
     110       0       0       2       0                    LINE     102D    344
     110     220       1       1       0       0       0       001010000D    345
     110       0       0       2       0                    LINE     103D    346
     110     222       1       1       0       0       0       001010000D    347
     110       0       0       2       0                    LINE     104D    348
     110     224       1       1       0       0       0       001010000D    349
     110       0       0       1       0                    LINE     105D    350
     124     225       1       1       0       0       0       001000000D    351
     124       0       0       2       0                   XFORM      36D    352
     100     227       1       1       0       0     351       001010000D    353
     100       0       0       1       0                     ARC      36D    354
     110     228       1       1       0       0       0       001010000D    355
     110       0       0       1       0                    LINE     106D    356
     124     229       1       1       0       0       0       001000000D    357
     124       0       0       2       0                   XFORM      37D    358
     100     231       1       1       0       0     357       001010000D    359
     100       0       0       1       0                     ARC      37D    360
     126     232       1       1       0       0       0       001010000D    361
     126       0       0       5       0                B_SPLINE       1D    362
     110     237       1       1       0       0       0       001010000D    363
     110       0       0       1       0                    LINE     107D    364
     124     238       1       1       0       0       0       001000000D    365
     124       0       0       2       0                   XFORM      38D    366
     100     240       1       1       0       0     365       001010000D    367
     100       0       0       1       0                     ARC      38D    368
     124     241       1       1       0       0       0       001000000D    369
     124       0       0       2       0                   XFORM      39D    370
     100     243       1       1       0       0     369       001010000D    371
     100       0       0       1       0                     ARC      39D    372
     124     244       1       1       0       0       0       001000000D    373
     124       0       0       2       0                   XFORM      40D    374
     100     246       1       1       0       0     373       001010000D    375
     100       0       0       1       0                     ARC      40D    376
     124     247       1       1       0       0       0       001000000D    377
     124       0       0       2       0                   XFORM      41D    378
     100     249       1       1       0       0     377       001010000D    379
     100       0       0       1       0                     ARC      41D    380
     124     250       1       1       0       0       0       001000000D    381
     124       0       0       2       0                   XFORM      42D    382
     100     252       1       1       0       0     381       001010000D    383
     100       0       0       1       0                     ARC      42D    384
     124     253       1       1       0       0       0       001000000D    385
     124       0       0       2       0                   XFORM      43D    386
     100     255       1       1       0       0     385       001010000D    387
     100       0       0       1       0                     ARC      43D    388
     124     256       1       1       0       0       0       001000000D    389
     124       0       0       2       0                   XFORM      44D    390
     100     258       1       1       0       0     389       001010000D    391
     100       0       0       1       0                     ARC      44D    392
     124     259       1       1       0       0       0       001000000D    393
     124       0       0       2       0                   XFORM      45D    394
     100     261       1       1       0       0     393       001010000D    395
     100       0       0       1       0                     ARC      45D    396
     124     262       1       1       0       0       0       001000000D    397
     124       0       0       2       0                   XFORM      46D    398
     100     264       1       1       0       0     397       001010000D    399
     100       0       0       1       0                     ARC      46D    400
     124     265       1       1       0       0       0       001000000D    401
     124       0       0       2       0                   XFORM      47D    402
     100     267       1       1       0       0     401       001010000D    403
     100       0       0       1       0                     ARC      47D    404
     124     268       1       1       0       0       0       001000000D    405
     124       0       0       2       0                   XFORM      48D    406
     100     270       1       1       0       0     405       001010000D    407
     100       0       0       1       0                     ARC      48D    408
     124     271       1       1       0       0       0       001000000D    409
     124       0       0       2       0                   XFORM      49D    410
     100     273       1       1       0       0     409       001010000D    411
     100       0       0       1       0                     ARC      49D    412
     124     274       1       1       0       0       0       001000000D    413
     124       0       0       2       0                   XFORM      50D    414
     100     276       1       1       0       0     413       001010000D    415
     100       0       0       1       0                     ARC      50D    416
     124     277       1       1       0       0       0       001000000D    417
     124       0       0       2       0                   XFORM      51D    418
     100     279       1       1       0       0     417       001010000D    419
     100       0       0       1       0                     ARC      51D    420
     124     280       1       1       0       0       0       001000000D    421
     124       0       0       2       0                   XFORM      52D    422
     100     282       1       1       0       0     421       001010000D    423
     100       0       0       1       0                     ARC      52D    424
     124     283       1       1       0       0       0       001000000D    425
     124       0       0       2       0                   XFORM      53D    426
     100     285       1       1       0       0     425       001010000D    427
     100       0       0       1       0                     ARC      53D    428
     110     286       1       1       0       0       0       001010000D    429
     110       0       0       1       0                    LINE     108D    430
     124     287       1       1       0       0       0       001000000D    431
     124       0       0       2       0                   XFORM      54D    432
     100     289       1       1       0       0     431       001010000D    433
     100       0       0       1       0                     ARC      54D    434
     110     290       1       1       0       0       0       001010000D    435
     110       0       0       1       0                    LINE     109D    436
     124     291       1       1       0       0       0       001000000D    437
     124       0       0       2       0                   XFORM      55D    438
     100     293       1       1       0       0     437       001010000D    439
     100       0       0       1       0                     ARC      55D    440
     126     294       1       1       0       0       0       001010000D    441
     126       0       0       5       0                B_SPLINE       2D    442
     124     299       1       1       0       0       0       001000000D    443
     124       0       0       2       0                   XFORM      56D    444
     100     301       1       1       0       0     443       001010000D    445
     100       0       0       1       0                     ARC      56D    446
     110     302       1       1       0       0       0       001010000D    447
     110       0       0       1       0                    LINE     110D    448
     110     303       1       1       0       0       0       001010000D    449
     110       0       0       1       0                    LINE     111D    450
     110     304       1       1       0       0       0       001010000D    451
     110       0       0       1       0                    LINE     112D    452
     124     305       1       1       0       0       0       001000000D    453
     124       0       0       2       0                   XFORM      57D    454
     100     307       1       1       0       0     453       001010000D    455
     100       0       0       1       0                     ARC      57D    456
     110     308       1       1       0       0       0       001010000D    457
     110       0       0       1       0                    LINE     113D    458
     110     309       1       1       0       0       0       001010000D    459
     110       0       0       1       0                    LINE     114D    460
     110     310       1       1       0       0       0       001010000D    461
     110       0       0       1       0                    LINE     115D    462
     110     311       1       1       0       0       0       001010000D    463
     110       0       0       1       0                    LINE     116D    464
     110     312       1       1       0       0       0       001010000D    465
     110       0       0       1       0                    LINE     117D    466
     110     313       1       1       0       0       0       001010000D    467
     110       0       0       1       0                    LINE     118D    468
     110     314       1       1       0       0       0       001010000D    469
     110       0       0       1       0                    LINE     119D    470
     110     315       1       1       0       0       0       001010000D    471
     110       0       0       1       0                    LINE     120D    472
     110     316       1       1       0       0       0       001010000D    473
     110       0       0       1       0                    LINE     121D    474
     110     317       1       1       0       0       0       001010000D    475
     110       0       0       1       0                    LINE     122D    476
     110     318       1       1       0       0       0       001010000D    477
     110       0       0       1       0                    LINE     123D    478
     124     319       1       1       0       0       0       001000000D    479
     124       0       0       1       0                   XFORM      58D    480
     100     320       1       1       0       0     479       001010000D    481
     100       0       0       1       0                     ARC      58D    482
     110     321       1       1       0       0       0       001010000D    483
     110       0       0       1       0                    LINE     124D    484
     124     322       1       1       0       0       0       001000000D    485
     124       0       0       1       0                   XFORM      59D    486
     100     323       1       1       0       0     485       001010000D    487
     100       0       0       1       0                     ARC      59D    488
     124     324       1       1       0       0       0       001000000D    489
     124       0       0       2       0                   XFORM      60D    490
     100     326       1       1       0       0     489       001010000D    491
     100       0       0       1       0                     ARC      60D    492
     124     327       1       1       0       0       0       001000000D    493
     124       0       0       2       0                   XFORM      61D    494
     100     329       1       1       0       0     493       001010000D    495
     100       0       0       1       0                     ARC      61D    496
     124     330       1       1       0       0       0       001000000D    497
     124       0       0       2       0                   XFORM      62D    498
     100     332       1       1       0       0     497       001010000D    499
     100       0       0       1       0                     ARC      62D    500
     124     333       1       1       0       0       0       001000000D    501
     124       0       0       2       0                   XFORM      63D    502
     100     335       1       1       0       0     501       001010000D    503
     100       0       0       1       0                     ARC      63D    504
     124     336       1       1       0       0       0       001000000D    505
     124       0       0       2       0                   XFORM      64D    506
     100     338       1       1       0       0     505       001010000D    507
     100       0       0       1       0                     ARC      64D    508
     124     339       1       1       0       0       0       001000000D    509
     124       0       0       2       0                   XFORM      65D    510
     100     341       1       1       0       0     509       001010000D    511
     100       0       0       1       0                     ARC      65D    512
     124     342       1       1       0       0       0       001000000D    513
     124       0       0       2       0                   XFORM      66D    514
     100     344       1       1       0       0     513       001010000D    515
     100       0       0       1       0                     ARC      66D    516
     124     345       1       1       0       0       0       001000000D    517
     124       0       0       2       0                   XFORM      67D    518
     100     347       1       1       0       0     517       001010000D    519
     100       0       0       1       0                     ARC      67D    520
     124     348       1       1       0       0       0       001000000D    521
     124       0       0       2       0                   XFORM      68D    522
     100     350       1       1       0       0     521       001010000D    523
     100       0       0       1       0                     ARC      68D    524
     124     351       1       1       0       0       0       001000000D    525
     124       0       0       2       0                   XFORM      69D    526
     100     353       1       1       0       0     525       001010000D    527
     100       0       0       1       0                     ARC      69D    528
     110     354       1       1       0       0       0       001010000D    529
     110       0       0       1       0                    LINE     125D    530
     124     355       1       1       0       0       0       001000000D    531
     124       0       0       2       0                   XFORM      70D    532
     100     357       1       1       0       0     531       001010000D    533
     100       0       0       1       0                     ARC      70D    534
     110     358       1       1       0       0       0       001010000D    535
     110       0       0       1       0                    LINE     126D    536
     124     359       1       1       0       0       0       001000000D    537
     124       0       0       1       0                   XFORM      71D    538
     100     360       1       1       0       0     537       001010000D    539
     100       0       0       1       0                     ARC      71D    540
     110     361       1       1       0       0       0       001010000D    541
     110       0       0       1       0                    LINE     127D    542
     110     362       1       1       0       0       0       001010000D    543
     110       0       0       1       0                    LINE     128D    544
     110     363       1       1       0       0       0       001010000D    545
     110       0       0       1       0                    LINE     129D    546
     110     364       1       1       0       0       0       001010000D    547
     110       0       0       1       0                    LINE     130D    548
     110     365       1       1       0       0       0       001010000D    549
     110       0       0       1       0                    LINE     131D    550
     110     366       1       1       0       0       0       001010000D    551
     110       0       0       1       0                    LINE     132D    552
     110     367       1       1       0       0       0       001010000D    553
     110       0       0       1       0                    LINE     133D    554
     110     368       1       1       0       0       0       001010000D    555
     110       0       0       1       0                    LINE     134D    556
     110     369       1       1       0       0       0       001010000D    557
     110       0       0       1       0                    LINE     135D    558
     110     370       1       1       0       0       0       001010000D    559
     110       0       0       1       0                    LINE     136D    560
     110     371       1       1       0       0       0       001010000D    561
     110       0       0       1       0                    LINE     137D    562
     110     372       1       1       0       0       0       001010000D    563
     110       0       0       1       0                    LINE     138D    564
     110     373       1       1       0       0       0       001010000D    565
     110       0       0       1       0                    LINE     139D    566
     110     374       1       1       0       0       0       001010000D    567
     110       0       0       1       0                    LINE     140D    568
     110     375       1       1       0       0       0       001010000D    569
     110       0       0       1       0                    LINE     141D    570
     110     376       1       1       0       0       0       001010000D    571
     110       0       0       1       0                    LINE     142D    572
     110     377       1       1       0       0       0       001010000D    573
     110       0       0       1       0                    LINE     143D    574
     110     378       1       1       0       0       0       001010000D    575
     110       0       0       1       0                    LINE     144D    576
     110     379       1       1       0       0       0       001010000D    577
     110       0       0       1       0                    LINE     145D    578
     110     380       1       1       0       0       0       001010000D    579
     110       0       0       1       0                    LINE     146D    580
     110     381       1       1       0       0       0       001010000D    581
     110       0       0       1       0                    LINE     147D    582
     110     382       1       1       0       0       0       001010000D    583
     110       0       0       1       0                    LINE     148D    584
     124     383       1       1       0       0       0       001000000D    585
     124       0       0       2       0                   XFORM      72D    586
     100     385       1       1       0       0     585       001010000D    587
     100       0       0       1       0                     ARC      72D    588
     124     386       1       1       0       0       0       001000000D    589
     124       0       0       2       0                   XFORM      73D    590
     100     388       1       1       0       0     589       001010000D    591
     100       0       0       1       0                     ARC      73D    592
     124     389       1       1       0       0       0       001000000D    593
     124       0       0       2       0                   XFORM      74D    594
     100     391       1       1       0       0     593       001010000D    595
     100       0       0       1       0                     ARC      74D    596
     124     392       1       1       0       0       0       001000000D    597
     124       0       0       2       0                   XFORM      75D    598
     100     394       1       1       0       0     597       001010000D    599
     100       0       0       1       0                     ARC      75D    600
     124     395       1       1       0       0       0       001000000D    601
     124       0       0       2       0                   XFORM      76D    602
     100     397       1       1       0       0     601       001010000D    603
     100       0       0       1       0                     ARC      76D    604
     124     398       1       1       0       0       0       001000000D    605
     124       0       0       2       0                   XFORM      77D    606
     100     400       1       1       0       0     605       001010000D    607
     100       0       0       1       0                     ARC      77D    608
     124     401       1       1       0       0       0       001000000D    609
     124       0       0       2       0                   XFORM      78D    610
     100     403       1       1       0       0     609       001010000D    611
     100       0       0       1       0                     ARC      78D    612
     124     404       1       1       0       0       0       001000000D    613
     124       0       0       2       0                   XFORM      79D    614
     100     406       1       1       0       0     613       001010000D    615
     100       0       0       1       0                     ARC      79D    616
     124     407       1       1       0       0       0       001000000D    617
     124       0       0       1       0                   XFORM      80D    618
     100     408       1       1       0       0     617       001010000D    619
     100       0       0       1       0                     ARC      80D    620
     124     409       1       1       0       0       0       001000000D    621
     124       0       0       2       0                   XFORM      81D    622
     100     411       1       1       0       0     621       001010000D    623
     100       0       0       1       0                     ARC      81D    624
     110     412       1       1       0       0       0       001010000D    625
     110       0       0       1       0                    LINE     149D    626
     110     413       1       1       0       0       0       001010000D    627
     110       0       0       1       0                    LINE     150D    628
     110     414       1       1       0       0       0       001010000D    629
     110       0       0       1       0                    LINE     151D    630
     126     415       1       1       0       0       0       001010000D    631
     126       0       0      19       0                B_SPLINE       3D    632
     110     434       1       1       0       0       0       001010000D    633
     110       0       0       2       0                    LINE     152D    634
     110     436       1       1       0       0       0       001010000D    635
     110       0       0       2       0                    LINE     153D    636
     110     438       1       1       0       0       0       001010000D    637
     110       0       0       2       0                    LINE     154D    638
     126     440       1       1       0       0       0       001010000D    639
     126       0       0      19       0                B_SPLINE       4D    640
     110     459       1       1       0       0       0       001010000D    641
     110       0       0       2       0                    LINE     155D    642
     110     461       1       1       0       0       0       001010000D    643
     110       0       0       2       0                    LINE     156D    644
     110     463       1       1       0       0       0       001010000D    645
     110       0       0       2       0                    LINE     157D    646
     110     465       1       1       0       0       0       001010000D    647
     110       0       0       1       0                    LINE     158D    648
     110     466       1       1       0       0       0       001010000D    649
     110       0       0       1       0                    LINE     159D    650
     110     467       1       1       0       0       0       001010000D    651
     110       0       0       2       0                    LINE     160D    652
     124     469       1       1       0       0       0       001000000D    653
     124       0       0       2       0                   XFORM      82D    654
     100     471       1       1       0       0     653       001010000D    655
     100       0       0       1       0                     ARC      82D    656
     110     472       1       1       0       0       0       001010000D    657
     110       0       0       1       0                    LINE     161D    658
     124     473       1       1       0       0       0       001000000D    659
     124       0       0       1       0                   XFORM      83D    660
     100     474       1       1       0       0     659       001010000D    661
     100       0       0       1       0                     ARC      83D    662
     110     475       1       1       0       0       0       001010000D    663
     110       0       0       1       0                    LINE     162D    664
     110     476       1       1       0       0       0       001010000D    665
     110       0       0       1       0                    LINE     163D    666
     110     477       1       1       0       0       0       001010000D    667
     110       0       0       1       0                    LINE     164D    668
     110     478       1       1       0       0       0       001010000D    669
     110       0       0       1       0                    LINE     165D    670
     110     479       1       1       0       0       0       001010000D    671
     110       0       0       1       0                    LINE     166D    672
     110     480       1       1       0       0       0       001010000D    673
     110       0       0       1       0                    LINE     167D    674
     110     481       1       1       0       0       0       001010000D    675
     110       0       0       1       0                    LINE     168D    676
     110     482       1       1       0       0       0       001010000D    677
     110       0       0       1       0                    LINE     169D    678
     124     483       1       1       0       0       0       001000000D    679
     124       0       0       2       0                   XFORM      84D    680
     100     485       1       1       0       0     679       001010000D    681
     100       0       0       1       0                     ARC      84D    682
     110     486       1       1       0       0       0       001010000D    683
     110       0       0       1       0                    LINE     170D    684
     124     487       1       1       0       0       0       001000000D    685
     124       0       0       1       0                   XFORM      85D    686
     100     488       1       1       0       0     685       001010000D    687
     100       0       0       1       0                     ARC      85D    688
     110     489       1       1       0       0       0       001010000D    689
     110       0       0       1       0                    LINE     171D    690
     110     490       1       1       0       0       0       001010000D    691
     110       0       0       2       0                    LINE     172D    692
     110     492       1       1       0       0       0       001010000D    693
     110       0       0       2       0                    LINE     173D    694
     126     494       1       1       0       0       0       001010000D    695
     126       0       0       5       0                B_SPLINE       5D    696
     124     499       1       1       0       0       0       001000000D    697
     124       0       0       2       0                   XFORM      86D    698
     100     501       1       1       0       0     697       001010000D    699
     100       0       0       1       0                     ARC      86D    700
     110     502       1       1       0       0       0       001010000D    701
     110       0       0       1       0                    LINE     174D    702
     124     503       1       1       0       0       0       001000000D    703
     124       0       0       2       0                   XFORM      87D    704
     100     505       1       1       0       0     703       001010000D    705
     100       0       0       1       0                     ARC      87D    706
     110     506       1       1       0       0       0       001010000D    707
     110       0       0       1       0                    LINE     175D    708
     110     507       1       1       0       0       0       001010000D    709
     110       0       0       1       0                    LINE     176D    710
     124     508       1       1       0       0       0       001000000D    711
     124       0       0       2       0                   XFORM      88D    712
     100     510       1       1       0       0     711       001010000D    713
     100       0       0       1       0                     ARC      88D    714
     110     511       1       1       0       0       0       001010000D    715
     110       0       0       1       0                    LINE     177D    716
     124     512       1       1       0       0       0       001000000D    717
     124       0       0       2       0                   XFORM      89D    718
     100     514       1       1       0       0     717       001010000D    719
     100       0       0       1       0                     ARC      89D    720
     124     515       1       1       0       0       0       001000000D    721
     124       0       0       2       0                   XFORM      90D    722
     100     517       1       1       0       0     721       001010000D    723
     100       0       0       1       0                     ARC      90D    724
     124     518       1       1       0       0       0       001000000D    725
     124       0       0       2       0                   XFORM      91D    726
     100     520       1       1       0       0     725       001010000D    727
     100       0       0       1       0                     ARC      91D    728
     124     521       1       1       0       0       0       001000000D    729
     124       0       0       2       0                   XFORM      92D    730
     100     523       1       1       0       0     729       001010000D    731
     100       0       0       1       0                     ARC      92D    732
     124     524       1       1       0       0       0       001000000D    733
     124       0       0       2       0                   XFORM      93D    734
     100     526       1       1       0       0     733       001010000D    735
     100       0       0       1       0                     ARC      93D    736
     124     527       1       1       0       0       0       001000000D    737
     124       0       0       2       0                   XFORM      94D    738
     100     529       1       1       0       0     737       001010000D    739
     100       0       0       1       0                     ARC      94D    740
     124     530       1       1       0       0       0       001000000D    741
     124       0       0       2       0                   XFORM      95D    742
     100     532       1       1       0       0     741       001010000D    743
     100       0       0       1       0                     ARC      95D    744
     124     533       1       1       0       0       0       001000000D    745
     124       0       0       2       0                   XFORM      96D    746
     100     535       1       1       0       0     745       001010000D    747
     100       0       0       1       0                     ARC      96D    748
     124     536       1       1       0       0       0       001000000D    749
     124       0       0       2       0                   XFORM      97D    750
     100     538       1       1       0       0     749       001010000D    751
     100       0       0       1       0                     ARC      97D    752
     124     539       1       1       0       0       0       001000000D    753
     124       0       0       2       0                   XFORM      98D    754
     100     541       1       1       0       0     753       001010000D    755
     100       0       0       1       0                     ARC      98D    756
     124     542       1       1       0       0       0       001000000D    757
     124       0       0       2       0                   XFORM      99D    758
     100     544       1       1       0       0     757       001010000D    759
     100       0       0       1       0                     ARC      99D    760
     110     545       1       1       0       0       0       001010000D    761
     110       0       0       1       0                    LINE     178D    762
     124     546       1       1       0       0       0       001000000D    763
     124       0       0       1       0                   XFORM     100D    764
     100     547       1       1       0       0     763       001010000D    765
     100       0       0       1       0                     ARC     100D    766
     110     548       1       1       0       0       0       001010000D    767
     110       0       0       1       0                    LINE     179D    768
     124     549       1       1       0       0       0       001000000D    769
     124       0       0       2       0                   XFORM     101D    770
     100     551       1       1       0       0     769       001010000D    771
     100       0       0       1       0                     ARC     101D    772
     110     552       1       1       0       0       0       001010000D    773
     110       0       0       1       0                    LINE     180D    774
     110     553       1       1       0       0       0       001010000D    775
     110       0       0       1       0                    LINE     181D    776
     110     554       1       1       0       0       0       001010000D    777
     110       0       0       1       0                    LINE     182D    778
     110     555       1       1       0       0       0       001010000D    779
     110       0       0       1       0                    LINE     183D    780
     110     556       1       1       0       0       0       001010000D    781
     110       0       0       1       0                    LINE     184D    782
     110     557       1       1       0       0       0       001010000D    783
     110       0       0       1       0                    LINE     185D    784
     110     558       1       1       0       0       0       001010000D    785
     110       0       0       1       0                    LINE     186D    786
     110     559       1       1       0       0       0       001010000D    787
     110       0       0       1       0                    LINE     187D    788
     110     560       1       1       0       0       0       001010000D    789
     110       0       0       1       0                    LINE     188D    790
     110     561       1       1       0       0       0       001010000D    791
     110       0       0       1       0                    LINE     189D    792
     124     562       1       1       0       0       0       001000000D    793
     124       0       0       2       0                   XFORM     102D    794
     100     564       1       1       0       0     793       001010000D    795
     100       0       0       1       0                     ARC     102D    796
     124     565       1       1       0       0       0       001000000D    797
     124       0       0       2       0                   XFORM     103D    798
     100     567       1       1       0       0     797       001010000D    799
     100       0       0       1       0                     ARC     103D    800
     124     568       1       1       0       0       0       001000000D    801
     124       0       0       2       0                   XFORM     104D    802
     100     570       1       1       0       0     801       001010000D    803
     100       0       0       1       0                     ARC     104D    804
     124     571       1       1       0       0       0       001000000D    805
     124       0       0       2       0                   XFORM     105D    806
     100     573       1       1       0       0     805       001010000D    807
     100       0       0       1       0                     ARC     105D    808
     110     574       1       1       0       0       0       001010000D    809
     110       0       0       1       0                    LINE     190D    810
     110     575       1       1       0       0       0       001010000D    811
     110       0       0       1       0                    LINE     191D    812
     124     576       1       1       0       0       0       001000000D    813
     124       0       0       1       0                   XFORM     106D    814
     100     577       1       1       0       0     813       001010000D    815
     100       0       0       1       0                     ARC     106D    816
     124     578       1       1       0       0       0       001000000D    817
     124       0       0       2       0                   XFORM     107D    818
     100     580       1       1       0       0     817       001010000D    819
     100       0       0       1       0                     ARC     107D    820
     124     581       1       1       0       0       0       001000000D    821
     124       0       0       2       0                   XFORM     108D    822
     100     583       1       1       0       0     821       001010000D    823
     100       0       0       1       0                     ARC     108D    824
     124     584       1       1       0       0       0       001000000D    825
     124       0       0       2       0                   XFORM     109D    826
     100     586       1       1       0       0     825       001010000D    827
     100       0       0       1       0                     ARC     109D    828
     124     587       1       1       0       0       0       001000000D    829
     124       0       0       2       0                   XFORM     110D    830
     100     589       1       1       0       0     829       001010000D    831
     100       0       0       1       0                     ARC     110D    832
     124     590       1       1       0       0       0       001000000D    833
     124       0       0       2       0                   XFORM     111D    834
     100     592       1       1       0       0     833       001010000D    835
     100       0       0       1       0                     ARC     111D    836
     110     593       1       1       0       0       0       001010000D    837
     110       0       0       1       0                    LINE     192D    838
     110     594       1       1       0       0       0       001010000D    839
     110       0       0       1       0                    LINE     193D    840
     110     595       1       1       0       0       0       001010000D    841
     110       0       0       1       0                    LINE     194D    842
     110     596       1       1       0       0       0       001010000D    843
     110       0       0       1       0                    LINE     195D    844
     110     597       1       1       0       0       0       001010000D    845
     110       0       0       1       0                    LINE     196D    846
     110     598       1       1       0       0       0       001010000D    847
     110       0       0       1       0                    LINE     197D    848
     110     599       1       1       0       0       0       001010000D    849
     110       0       0       1       0                    LINE     198D    850
     110     600       1       1       0       0       0       001010000D    851
     110       0       0       1       0                    LINE     199D    852
     126     601       1       1       0       0       0       001010000D    853
     126       0       0       5       0                B_SPLINE       6D    854
     124     606       1       1       0       0       0       001000000D    855
     124       0       0       2       0                   XFORM     112D    856
     100     608       1       1       0       0     855       001010000D    857
     100       0       0       1       0                     ARC     112D    858
     110     609       1       1       0       0       0       001010000D    859
     110       0       0       1       0                    LINE     200D    860
     124     610       1       1       0       0       0       001000000D    861
     124       0       0       2       0                   XFORM     113D    862
     100     612       1       1       0       0     861       001010000D    863
     100       0       0       1       0                     ARC     113D    864
     110     613       1       1       0       0       0       001010000D    865
     110       0       0       1       0                    LINE     201D    866
     110     614       1       1       0       0       0       001010000D    867
     110       0       0       2       0                    LINE     202D    868
     110     616       1       1       0       0       0       001010000D    869
     110       0       0       1       0                    LINE     203D    870
     110     617       1       1       0       0       0       001010000D    871
     110       0       0       1       0                    LINE     204D    872
     124     618       1       1       0       0       0       001000000D    873
     124       0       0       2       0                   XFORM     114D    874
     100     620       1       1       0       0     873       001010000D    875
     100       0       0       1       0                     ARC     114D    876
     124     621       1       1       0       0       0       001000000D    877
     124       0       0       2       0                   XFORM     115D    878
     100     623       1       1       0       0     877       001010000D    879
     100       0       0       1       0                     ARC     115D    880
     124     624       1       1       0       0       0       001000000D    881
     124       0       0       2       0                   XFORM     116D    882
     100     626       1       1       0       0     881       001010000D    883
     100       0       0       1       0                     ARC     116D    884
     124     627       1       1       0       0       0       001000000D    885
     124       0       0       1       0                   XFORM     117D    886
     100     628       1       1       0       0     885       001010000D    887
     100       0       0       1       0                     ARC     117D    888
     124     629       1       1       0       0       0       001000000D    889
     124       0       0       2       0                   XFORM     118D    890
     100     631       1       1       0       0     889       001010000D    891
     100       0       0       1       0                     ARC     118D    892
     124     632       1       1       0       0       0       001000000D    893
     124       0       0       2       0                   XFORM     119D    894
     100     634       1       1       0       0     893       001010000D    895
     100       0       0       1       0                     ARC     119D    896
     124     635       1       1       0       0       0       001000000D    897
     124       0       0       2       0                   XFORM     120D    898
     100     637       1       1       0       0     897       001010000D    899
     100       0       0       1       0                     ARC     120D    900
     124     638       1       1       0       0       0       001000000D    901
     124       0       0       1       0                   XFORM     121D    902
     100     639       1       1       0       0     901       001010000D    903
     100       0       0       1       0                     ARC     121D    904
     124     640       1       1       0       0       0       001000000D    905
     124       0       0       1       0                   XFORM     122D    906
     100     641       1       1       0       0     905       001010000D    907
     100       0       0       1       0                     ARC     122D    908
     124     642       1       1       0       0       0       001000000D    909
     124       0       0       1       0                   XFORM     123D    910
     100     643       1       1       0       0     909       001010000D    911
     100       0       0       1       0                     ARC     123D    912
     124     644       1       1       0       0       0       001000000D    913
     124       0       0       2       0                   XFORM     124D    914
     100     646       1       1       0       0     913       001010000D    915
     100       0       0       1       0                     ARC     124D    916
     124     647       1       1       0       0       0       001000000D    917
     124       0       0       2       0                   XFORM     125D    918
     100     649       1       1       0       0     917       001010000D    919
     100       0       0       1       0                     ARC     125D    920
     124     650       1       1       0       0       0       001000000D    921
     124       0       0       2       0                   XFORM     126D    922
     100     652       1       1       0       0     921       001010000D    923
     100       0       0       1       0                     ARC     126D    924
     124     653       1       1       0       0       0       001000000D    925
     124       0       0       2       0                   XFORM     127D    926
     100     655       1       1       0       0     925       001010000D    927
     100       0       0       1       0                     ARC     127D    928
     124     656       1       1       0       0       0       001000000D    929
     124       0       0       2       0                   XFORM     128D    930
     100     658       1       1       0       0     929       001010000D    931
     100       0       0       1       0                     ARC     128D    932
     128     659       1       1       0       0       0       001010000D    933
     128       0       0       5       0                  SPLSRF       1D    934
     110     664       1       1       0       0       0       001010000D    935
     110       0       0       1       0                    LINE     205D    936
     110     665       1       1       0       0       0       001010000D    937
     110       0       0       1       0                    LINE     206D    938
     110     666       1       1       0       0       0       001010000D    939
     110       0       0       1       0                    LINE     207D    940
     110     667       1       1       0       0       0       001010000D    941
     110       0       0       1       0                    LINE     208D    942
     102     668       1       1       0       0       0       001010000D    943
     102       0       0       1       0                  CCURVE       1D    944
     110     669       1       1       0       0       0       001010500D    945
     110       0       0       1       0                    LINE     209D    946
     110     670       1       1       0       0       0       001010500D    947
     110       0       0       1       0                    LINE     210D    948
     110     671       1       1       0       0       0       001010500D    949
     110       0       0       1       0                    LINE     211D    950
     110     672       1       1       0       0       0       001010500D    951
     110       0       0       1       0                    LINE     212D    952
     110     673       1       1       0       0       0       001010500D    953
     110       0       0       1       0                    LINE     213D    954
     110     674       1       1       0       0       0       001010500D    955
     110       0       0       1       0                    LINE     214D    956
     126     675       1       1       0       0       0       001010500D    957
     126       0       0      10       0                B_SPLINE       7D    958
     110     685       1       1       0       0       0       001010500D    959
     110       0       0       1       0                    LINE     215D    960
     126     686       1       1       0       0       0       001010500D    961
     126       0       0      10       0                B_SPLINE       8D    962
     110     696       1       1       0       0       0       001010500D    963
     110       0       0       1       0                    LINE     216D    964
     110     697       1       1       0       0       0       001010500D    965
     110       0       0       1       0                    LINE     217D    966
     110     698       1       1       0       0       0       001010500D    967
     110       0       0       1       0                    LINE     218D    968
     126     699       1       1       0       0       0       001010500D    969
     126       0       0      10       0                B_SPLINE       9D    970
     110     709       1       1       0       0       0       001010500D    971
     110       0       0       1       0                    LINE     219D    972
     126     710       1       1       0       0       0       001010500D    973
     126       0       0      10       0                B_SPLINE      10D    974
     110     720       1       1       0       0       0       001010500D    975
     110       0       0       1       0                    LINE     220D    976
     102     721       1       1       0       0       0       001010500D    977
     102       0       0       2       0                  CCURVE       2D    978
     142     723       1       1       0       0       0       001010500D    979
     142       0       0       1       0                  UV_BND       1D    980
     144     724       1       1       0       0       0       000000000D    981
     144       0       0       1       0                 TRM_SRF       1D    982
     128     725       1       1       0       0       0       001010000D    983
     128       0       0       8       0                  SPLSRF       2D    984
     110     733       1       1       0       0       0       001010000D    985
     110       0       0       1       0                    LINE     221D    986
     102     734       1       1       0       0       0       001010000D    987
     102       0       0       1       0                  CCURVE       3D    988
     110     735       1       1       0       0       0       001010500D    989
     110       0       0       1       0                    LINE     222D    990
     126     736       1       1       0       0       0       001010500D    991
     126       0       0       5       0                B_SPLINE      11D    992
     110     741       1       1       0       0       0       001010500D    993
     110       0       0       1       0                    LINE     223D    994
     110     742       1       1       0       0       0       001010500D    995
     110       0       0       1       0                    LINE     224D    996
     102     743       1       1       0       0       0       001010500D    997
     102       0       0       1       0                  CCURVE       4D    998
     142     744       1       1       0       0       0       001010500D    999
     142       0       0       1       0                  UV_BND       2D   1000
     144     745       1       1       0       0       0       000000000D   1001
     144       0       0       1       0                 TRM_SRF       2D   1002
     128     746       1       1       0       0       0       001010000D   1003
     128       0       0       8       0                  SPLSRF       3D   1004
     102     754       1       1       0       0       0       001010000D   1005
     102       0       0       1       0                  CCURVE       5D   1006
     110     755       1       1       0       0       0       001010500D   1007
     110       0       0       1       0                    LINE     225D   1008
     110     756       1       1       0       0       0       001010500D   1009
     110       0       0       1       0                    LINE     226D   1010
     110     757       1       1       0       0       0       001010500D   1011
     110       0       0       1       0                    LINE     227D   1012
     110     758       1       1       0       0       0       001010500D   1013
     110       0       0       1       0                    LINE     228D   1014
     102     759       1       1       0       0       0       001010500D   1015
     102       0       0       1       0                  CCURVE       6D   1016
     142     760       1       1       0       0       0       001010500D   1017
     142       0       0       1       0                  UV_BND       3D   1018
     144     761       1       1       0       0       0       000000000D   1019
     144       0       0       1       0                 TRM_SRF       3D   1020
     128     762       1       1       0       0       0       001010000D   1021
     128       0       0       8       0                  SPLSRF       4D   1022
     102     770       1       1       0       0       0       001010000D   1023
     102       0       0       1       0                  CCURVE       7D   1024
     110     771       1       1       0       0       0       001010500D   1025
     110       0       0       1       0                    LINE     229D   1026
     110     772       1       1       0       0       0       001010500D   1027
     110       0       0       1       0                    LINE     230D   1028
     110     773       1       1       0       0       0       001010500D   1029
     110       0       0       1       0                    LINE     231D   1030
     126     774       1       1       0       0       0       001010500D   1031
     126       0       0       5       0                B_SPLINE      12D   1032
     102     779       1       1       0       0       0       001010500D   1033
     102       0       0       1       0                  CCURVE       8D   1034
     142     780       1       1       0       0       0       001010500D   1035
     142       0       0       1       0                  UV_BND       4D   1036
     144     781       1       1       0       0       0       000000000D   1037
     144       0       0       1       0                 TRM_SRF       4D   1038
     128     782       1       1       0       0       0       001010000D   1039
     128       0       0       4       0                  SPLSRF       5D   1040
     110     786       1       1       0       0       0       001010000D   1041
     110       0       0       1       0                    LINE     232D   1042
     110     787       1       1       0       0       0       001010000D   1043
     110       0       0       1       0                    LINE     233D   1044
     102     788       1       1       0       0       0       001010000D   1045
     102       0       0       2       0                  CCURVE       9D   1046
     126     790       1       1       0       0       0       001010500D   1047
     126       0       0      10       0                B_SPLINE      13D   1048
     110     800       1       1       0       0       0       001010500D   1049
     110       0       0       1       0                    LINE     234D   1050
     126     801       1       1       0       0       0       001010500D   1051
     126       0       0      10       0                B_SPLINE      14D   1052
     110     811       1       1       0       0       0       001010500D   1053
     110       0       0       1       0                    LINE     235D   1054
     126     812       1       1       0       0       0       001010500D   1055
     126       0       0      10       0                B_SPLINE      15D   1056
     110     822       1       1       0       0       0       001010500D   1057
     110       0       0       1       0                    LINE     236D   1058
     126     823       1       1       0       0       0       001010500D   1059
     126       0       0      10       0                B_SPLINE      16D   1060
     110     833       1       1       0       0       0       001010500D   1061
     110       0       0       1       0                    LINE     237D   1062
     126     834       1       1       0       0       0       001010500D   1063
     126       0       0      10       0                B_SPLINE      17D   1064
     110     844       1       1       0       0       0       001010500D   1065
     110       0       0       1       0                    LINE     238D   1066
     110     845       1       1       0       0       0       001010500D   1067
     110       0       0       1       0                    LINE     239D   1068
     110     846       1       1       0       0       0       001010500D   1069
     110       0       0       1       0                    LINE     240D   1070
     110     847       1       1       0       0       0       001010500D   1071
     110       0       0       1       0                    LINE     241D   1072
     110     848       1       1       0       0       0       001010500D   1073
     110       0       0       1       0                    LINE     242D   1074
     110     849       1       1       0       0       0       001010500D   1075
     110       0       0       1       0                    LINE     243D   1076
     110     850       1       1       0       0       0       001010500D   1077
     110       0       0       1       0                    LINE     244D   1078
     110     851       1       1       0       0       0       001010500D   1079
     110       0       0       1       0                    LINE     245D   1080
     110     852       1       1       0       0       0       001010500D   1081
     110       0       0       1       0                    LINE     246D   1082
     110     853       1       1       0       0       0       001010500D   1083
     110       0       0       1       0                    LINE     247D   1084
     110     854       1       1       0       0       0       001010500D   1085
     110       0       0       1       0                    LINE     248D   1086
     110     855       1       1       0       0       0       001010500D   1087
     110       0       0       1       0                    LINE     249D   1088
     110     856       1       1       0       0       0       001010500D   1089
     110       0       0       1       0                    LINE     250D   1090
     126     857       1       1       0       0       0       001010500D   1091
     126       0       0      10       0                B_SPLINE      18D   1092
     110     867       1       1       0       0       0       001010500D   1093
     110       0       0       1       0                    LINE     251D   1094
     126     868       1       1       0       0       0       001010500D   1095
     126       0       0      10       0                B_SPLINE      19D   1096
     110     878       1       1       0       0       0       001010500D   1097
     110       0       0       1       0                    LINE     252D   1098
     126     879       1       1       0       0       0       001010500D   1099
     126       0       0      10       0                B_SPLINE      20D   1100
     110     889       1       1       0       0       0       001010500D   1101
     110       0       0       1       0                    LINE     253D   1102
     102     890       1       1       0       0       0       001010500D   1103
     102       0       0       3       0                  CCURVE      10D   1104
     142     893       1       1       0       0       0       001010500D   1105
     142       0       0       1       0                  UV_BND       5D   1106
     144     894       1       1       0       0       0       000000000D   1107
     144       0       0       1       0                 TRM_SRF       5D   1108
     110     895       1       1       0       0       0       001010000D   1109
     110       0       0       1       0                    LINE     254D   1110
     110     896       1       1       0       0       0       001010000D   1111
     110       0       0       2       0                    LINE     255D   1112
     120     898       1       1       0       0       0       001010000D   1113
     120       0       0       1       0                    SREV       1D   1114
     124     899       1       1       0       0       0       001000000D   1115
     124       0       0       2       0                   XFORM     129D   1116
     100     901       1       1       0       0    1115       001010000D   1117
     100       0       0       1       0                     ARC     129D   1118
     102     902       1       1       0       0       0       001010000D   1119
     102       0       0       1       0                  CCURVE      11D   1120
     110     903       1       1       0       0       0       001010500D   1121
     110       0       0       2       0                    LINE     256D   1122
     110     905       1       1       0       0       0       001010500D   1123
     110       0       0       2       0                    LINE     257D   1124
     110     907       1       1       0       0       0       001010500D   1125
     110       0       0       2       0                    LINE     258D   1126
     110     909       1       1       0       0       0       001010500D   1127
     110       0       0       2       0                    LINE     259D   1128
     102     911       1       1       0       0       0       001010500D   1129
     102       0       0       1       0                  CCURVE      12D   1130
     142     912       1       1       0       0       0       001010500D   1131
     142       0       0       1       0                  UV_BND       6D   1132
     144     913       1       1       0       0       0       000000000D   1133
     144       0       0       1       0                 TRM_SRF       6D   1134
     128     914       1       1       0       0       0       001010000D   1135
     128       0       0       6       0                  SPLSRF       6D   1136
     110     920       1       1       0       0       0       001010000D   1137
     110       0       0       1       0                    LINE     260D   1138
     102     921       1       1       0       0       0       001010000D   1139
     102       0       0       1       0                  CCURVE      13D   1140
     110     922       1       1       0       0       0       001010500D   1141
     110       0       0       1       0                    LINE     261D   1142
     110     923       1       1       0       0       0       001010500D   1143
     110       0       0       1       0                    LINE     262D   1144
     110     924       1       1       0       0       0       001010500D   1145
     110       0       0       1       0                    LINE     263D   1146
     110     925       1       1       0       0       0       001010500D   1147
     110       0       0       1       0                    LINE     264D   1148
     102     926       1       1       0       0       0       001010500D   1149
     102       0       0       1       0                  CCURVE      14D   1150
     142     927       1       1       0       0       0       001010500D   1151
     142       0       0       1       0                  UV_BND       7D   1152
     144     928       1       1       0       0       0       000000000D   1153
     144       0       0       1       0                 TRM_SRF       7D   1154
     128     929       1       1       0       0       0       001010000D   1155
     128       0       0       6       0                  SPLSRF       7D   1156
     110     935       1       1       0       0       0       001010000D   1157
     110       0       0       1       0                    LINE     265D   1158
     110     936       1       1       0       0       0       001010000D   1159
     110       0       0       1       0                    LINE     266D   1160
     110     937       1       1       0       0       0       001010000D   1161
     110       0       0       1       0                    LINE     267D   1162
     110     938       1       1       0       0       0       001010000D   1163
     110       0       0       1       0                    LINE     268D   1164
     110     939       1       1       0       0       0       001010000D   1165
     110       0       0       1       0                    LINE     269D   1166
     110     940       1       1       0       0       0       001010000D   1167
     110       0       0       1       0                    LINE     270D   1168
     110     941       1       1       0       0       0       001010000D   1169
     110       0       0       1       0                    LINE     271D   1170
     110     942       1       1       0       0       0       001010000D   1171
     110       0       0       1       0                    LINE     272D   1172
     110     943       1       1       0       0       0       001010000D   1173
     110       0       0       1       0                    LINE     273D   1174
     110     944       1       1       0       0       0       001010000D   1175
     110       0       0       1       0                    LINE     274D   1176
     102     945       1       1       0       0       0       001010000D   1177
     102       0       0       3       0                  CCURVE      15D   1178
     110     948       1       1       0       0       0       001010500D   1179
     110       0       0       1       0                    LINE     275D   1180
     110     949       1       1       0       0       0       001010500D   1181
     110       0       0       1       0                    LINE     276D   1182
     110     950       1       1       0       0       0       001010500D   1183
     110       0       0       1       0                    LINE     277D   1184
     126     951       1       1       0       0       0       001010500D   1185
     126       0       0       6       0                B_SPLINE      21D   1186
     126     957       1       1       0       0       0       001010500D   1187
     126       0       0       7       0                B_SPLINE      22D   1188
     110     964       1       1       0       0       0       001010500D   1189
     110       0       0       1       0                    LINE     278D   1190
     110     965       1       1       0       0       0       001010500D   1191
     110       0       0       1       0                    LINE     279D   1192
     110     966       1       1       0       0       0       001010500D   1193
     110       0       0       1       0                    LINE     280D   1194
     126     967       1       1       0       0       0       001010500D   1195
     126       0       0       6       0                B_SPLINE      23D   1196
     126     973       1       1       0       0       0       001010500D   1197
     126       0       0       7       0                B_SPLINE      24D   1198
     110     980       1       1       0       0       0       001010500D   1199
     110       0       0       1       0                    LINE     281D   1200
     110     981       1       1       0       0       0       001010500D   1201
     110       0       0       1       0                    LINE     282D   1202
     110     982       1       1       0       0       0       001010500D   1203
     110       0       0       1       0                    LINE     283D   1204
     126     983       1       1       0       0       0       001010500D   1205
     126       0       0       6       0                B_SPLINE      25D   1206
     126     989       1       1       0       0       0       001010500D   1207
     126       0       0       7       0                B_SPLINE      26D   1208
     110     996       1       1       0       0       0       001010500D   1209
     110       0       0       1       0                    LINE     284D   1210
     110     997       1       1       0       0       0       001010500D   1211
     110       0       0       1       0                    LINE     285D   1212
     110     998       1       1       0       0       0       001010500D   1213
     110       0       0       1       0                    LINE     286D   1214
     110     999       1       1       0       0       0       001010500D   1215
     110       0       0       1       0                    LINE     287D   1216
     110    1000       1       1       0       0       0       001010500D   1217
     110       0       0       1       0                    LINE     288D   1218
     110    1001       1       1       0       0       0       001010500D   1219
     110       0       0       1       0                    LINE     289D   1220
     110    1002       1       1       0       0       0       001010500D   1221
     110       0       0       1       0                    LINE     290D   1222
     126    1003       1       1       0       0       0       001010500D   1223
     126       0       0       6       0                B_SPLINE      27D   1224
     126    1009       1       1       0       0       0       001010500D   1225
     126       0       0       7       0                B_SPLINE      28D   1226
     110    1016       1       1       0       0       0       001010500D   1227
     110       0       0       1       0                    LINE     291D   1228
     110    1017       1       1       0       0       0       001010500D   1229
     110       0       0       1       0                    LINE     292D   1230
     110    1018       1       1       0       0       0       001010500D   1231
     110       0       0       1       0                    LINE     293D   1232
     126    1019       1       1       0       0       0       001010500D   1233
     126       0       0       6       0                B_SPLINE      29D   1234
     126    1025       1       1       0       0       0       001010500D   1235
     126       0       0       7       0                B_SPLINE      30D   1236
     110    1032       1       1       0       0       0       001010500D   1237
     110       0       0       1       0                    LINE     294D   1238
     110    1033       1       1       0       0       0       001010500D   1239
     110       0       0       1       0                    LINE     295D   1240
     110    1034       1       1       0       0       0       001010500D   1241
     110       0       0       1       0                    LINE     296D   1242
     126    1035       1       1       0       0       0       001010500D   1243
     126       0       0       6       0                B_SPLINE      31D   1244
     126    1041       1       1       0       0       0       001010500D   1245
     126       0       0       7       0                B_SPLINE      32D   1246
     110    1048       1       1       0       0       0       001010500D   1247
     110       0       0       1       0                    LINE     297D   1248
     110    1049       1       1       0       0       0       001010500D   1249
     110       0       0       1       0                    LINE     298D   1250
     110    1050       1       1       0       0       0       001010500D   1251
     110       0       0       1       0                    LINE     299D   1252
     126    1051       1       1       0       0       0       001010500D   1253
     126       0       0       6       0                B_SPLINE      33D   1254
     126    1057       1       1       0       0       0       001010500D   1255
     126       0       0       7       0                B_SPLINE      34D   1256
     110    1064       1       1       0       0       0       001010500D   1257
     110       0       0       1       0                    LINE     300D   1258
     110    1065       1       1       0       0       0       001010500D   1259
     110       0       0       1       0                    LINE     301D   1260
     110    1066       1       1       0       0       0       001010500D   1261
     110       0       0       1       0                    LINE     302D   1262
     126    1067       1       1       0       0       0       001010500D   1263
     126       0       0       6       0                B_SPLINE      35D   1264
     126    1073       1       1       0       0       0       001010500D   1265
     126       0       0       7       0                B_SPLINE      36D   1266
     102    1080       1       1       0       0       0       001010500D   1267
     102       0       0       4       0                  CCURVE      16D   1268
     142    1084       1       1       0       0       0       001010500D   1269
     142       0       0       1       0                  UV_BND       8D   1270
     144    1085       1       1       0       0       0       000000000D   1271
     144       0       0       1       0                 TRM_SRF       8D   1272
     128    1086       1       1       0       0       0       001010000D   1273
     128       0       0       6       0                  SPLSRF       8D   1274
     110    1092       1       1       0       0       0       001010000D   1275
     110       0       0       1       0                    LINE     303D   1276
     102    1093       1       1       0       0       0       001010000D   1277
     102       0       0       3       0                  CCURVE      17D   1278
     110    1096       1       1       0       0       0       001010500D   1279
     110       0       0       1       0                    LINE     304D   1280
     126    1097       1       1       0       0       0       001010500D   1281
     126       0       0       6       0                B_SPLINE      37D   1282
     126    1103       1       1       0       0       0       001010500D   1283
     126       0       0       7       0                B_SPLINE      38D   1284
     110    1110       1       1       0       0       0       001010500D   1285
     110       0       0       1       0                    LINE     305D   1286
     110    1111       1       1       0       0       0       001010500D   1287
     110       0       0       1       0                    LINE     306D   1288
     110    1112       1       1       0       0       0       001010500D   1289
     110       0       0       1       0                    LINE     307D   1290
     126    1113       1       1       0       0       0       001010500D   1291
     126       0       0       6       0                B_SPLINE      39D   1292
     126    1119       1       1       0       0       0       001010500D   1293
     126       0       0       7       0                B_SPLINE      40D   1294
     110    1126       1       1       0       0       0       001010500D   1295
     110       0       0       1       0                    LINE     308D   1296
     110    1127       1       1       0       0       0       001010500D   1297
     110       0       0       1       0                    LINE     309D   1298
     110    1128       1       1       0       0       0       001010500D   1299
     110       0       0       1       0                    LINE     310D   1300
     126    1129       1       1       0       0       0       001010500D   1301
     126       0       0       6       0                B_SPLINE      41D   1302
     126    1135       1       1       0       0       0       001010500D   1303
     126       0       0       7       0                B_SPLINE      42D   1304
     110    1142       1       1       0       0       0       001010500D   1305
     110       0       0       1       0                    LINE     311D   1306
     110    1143       1       1       0       0       0       001010500D   1307
     110       0       0       1       0                    LINE     312D   1308
     110    1144       1       1       0       0       0       001010500D   1309
     110       0       0       1       0                    LINE     313D   1310
     126    1145       1       1       0       0       0       001010500D   1311
     126       0       0       6       0                B_SPLINE      43D   1312
     126    1151       1       1       0       0       0       001010500D   1313
     126       0       0       7       0                B_SPLINE      44D   1314
     110    1158       1       1       0       0       0       001010500D   1315
     110       0       0       1       0                    LINE     314D   1316
     110    1159       1       1       0       0       0       001010500D   1317
     110       0       0       1       0                    LINE     315D   1318
     110    1160       1       1       0       0       0       001010500D   1319
     110       0       0       1       0                    LINE     316D   1320
     126    1161       1       1       0       0       0       001010500D   1321
     126       0       0       6       0                B_SPLINE      45D   1322
     126    1167       1       1       0       0       0       001010500D   1323
     126       0       0       7       0                B_SPLINE      46D   1324
     110    1174       1       1       0       0       0       001010500D   1325
     110       0       0       1       0                    LINE     317D   1326
     110    1175       1       1       0       0       0       001010500D   1327
     110       0       0       1       0                    LINE     318D   1328
     110    1176       1       1       0       0       0       001010500D   1329
     110       0       0       1       0                    LINE     319D   1330
     110    1177       1       1       0       0       0       001010500D   1331
     110       0       0       2       0                    LINE     320D   1332
     110    1179       1       1       0       0       0       001010500D   1333
     110       0       0       2       0                    LINE     321D   1334
     110    1181       1       1       0       0       0       001010500D   1335
     110       0       0       2       0                    LINE     322D   1336
     110    1183       1       1       0       0       0       001010500D   1337
     110       0       0       1       0                    LINE     323D   1338
     110    1184       1       1       0       0       0       001010500D   1339
     110       0       0       1       0                    LINE     324D   1340
     110    1185       1       1       0       0       0       001010500D   1341
     110       0       0       1       0                    LINE     325D   1342
     126    1186       1       1       0       0       0       001010500D   1343
     126       0       0       6       0                B_SPLINE      47D   1344
     126    1192       1       1       0       0       0       001010500D   1345
     126       0       0       7       0                B_SPLINE      48D   1346
     110    1199       1       1       0       0       0       001010500D   1347
     110       0       0       1       0                    LINE     326D   1348
     110    1200       1       1       0       0       0       001010500D   1349
     110       0       0       1       0                    LINE     327D   1350
     110    1201       1       1       0       0       0       001010500D   1351
     110       0       0       1       0                    LINE     328D   1352
     126    1202       1       1       0       0       0       001010500D   1353
     126       0       0       6       0                B_SPLINE      49D   1354
     126    1208       1       1       0       0       0       001010500D   1355
     126       0       0       7       0                B_SPLINE      50D   1356
     110    1215       1       1       0       0       0       001010500D   1357
     110       0       0       1       0                    LINE     329D   1358
     110    1216       1       1       0       0       0       001010500D   1359
     110       0       0       1       0                    LINE     330D   1360
     110    1217       1       1       0       0       0       001010500D   1361
     110       0       0       1       0                    LINE     331D   1362
     126    1218       1       1       0       0       0       001010500D   1363
     126       0       0       6       0                B_SPLINE      51D   1364
     126    1224       1       1       0       0       0       001010500D   1365
     126       0       0       7       0                B_SPLINE      52D   1366
     110    1231       1       1       0       0       0       001010500D   1367
     110       0       0       1       0                    LINE     332D   1368
     110    1232       1       1       0       0       0       001010500D   1369
     110       0       0       1       0                    LINE     333D   1370
     102    1233       1       1       0       0       0       001010500D   1371
     102       0       0       4       0                  CCURVE      18D   1372
     142    1237       1       1       0       0       0       001010500D   1373
     142       0       0       1       0                  UV_BND       9D   1374
     144    1238       1       1       0       0       0       000000000D   1375
     144       0       0       1       0                 TRM_SRF       9D   1376
     128    1239       1       1       0       0       0       001010000D   1377
     128       0       0       4       0                  SPLSRF       9D   1378
     110    1243       1       1       0       0       0       001010000D   1379
     110       0       0       1       0                    LINE     334D   1380
     110    1244       1       1       0       0       0       001010000D   1381
     110       0       0       1       0                    LINE     335D   1382
     110    1245       1       1       0       0       0       001010000D   1383
     110       0       0       1       0                    LINE     336D   1384
     110    1246       1       1       0       0       0       001010000D   1385
     110       0       0       1       0                    LINE     337D   1386
     102    1247       1       1       0       0       0       001010000D   1387
     102       0       0       1       0                  CCURVE      19D   1388
     110    1248       1       1       0       0       0       001010500D   1389
     110       0       0       1       0                    LINE     338D   1390
     110    1249       1       1       0       0       0       001010500D   1391
     110       0       0       1       0                    LINE     339D   1392
     110    1250       1       1       0       0       0       001010500D   1393
     110       0       0       1       0                    LINE     340D   1394
     110    1251       1       1       0       0       0       001010500D   1395
     110       0       0       1       0                    LINE     341D   1396
     110    1252       1       1       0       0       0       001010500D   1397
     110       0       0       1       0                    LINE     342D   1398
     110    1253       1       1       0       0       0       001010500D   1399
     110       0       0       1       0                    LINE     343D   1400
     110    1254       1       1       0       0       0       001010500D   1401
     110       0       0       1       0                    LINE     344D   1402
     110    1255       1       1       0       0       0       001010500D   1403
     110       0       0       1       0                    LINE     345D   1404
     110    1256       1       1       0       0       0       001010500D   1405
     110       0       0       1       0                    LINE     346D   1406
     110    1257       1       1       0       0       0       001010500D   1407
     110       0       0       1       0                    LINE     347D   1408
     110    1258       1       1       0       0       0       001010500D   1409
     110       0       0       1       0                    LINE     348D   1410
     110    1259       1       1       0       0       0       001010500D   1411
     110       0       0       1       0                    LINE     349D   1412
     102    1260       1       1       0       0       0       001010500D   1413
     102       0       0       2       0                  CCURVE      20D   1414
     142    1262       1       1       0       0       0       001010500D   1415
     142       0       0       1       0                  UV_BND      10D   1416
     144    1263       1       1       0       0       0       000000000D   1417
     144       0       0       1       0                 TRM_SRF      10D   1418
     128    1264       1       1       0       0       0       001010000D   1419
     128       0       0       8       0                  SPLSRF      10D   1420
     110    1272       1       1       0       0       0       001010000D   1421
     110       0       0       1       0                    LINE     350D   1422
     110    1273       1       1       0       0       0       001010000D   1423
     110       0       0       2       0                    LINE     351D   1424
     102    1275       1       1       0       0       0       001010000D   1425
     102       0       0       1       0                  CCURVE      21D   1426
     110    1276       1       1       0       0       0       001010500D   1427
     110       0       0       1       0                    LINE     352D   1428
     110    1277       1       1       0       0       0       001010500D   1429
     110       0       0       2       0                    LINE     353D   1430
     110    1279       1       1       0       0       0       001010500D   1431
     110       0       0       2       0                    LINE     354D   1432
     110    1281       1       1       0       0       0       001010500D   1433
     110       0       0       1       0                    LINE     355D   1434
     110    1282       1       1       0       0       0       001010500D   1435
     110       0       0       1       0                    LINE     356D   1436
     102    1283       1       1       0       0       0       001010500D   1437
     102       0       0       1       0                  CCURVE      22D   1438
     142    1284       1       1       0       0       0       001010500D   1439
     142       0       0       1       0                  UV_BND      11D   1440
     144    1285       1       1       0       0       0       000000000D   1441
     144       0       0       1       0                 TRM_SRF      11D   1442
     128    1286       1       1       0       0       0       001010000D   1443
     128       0       0       8       0                  SPLSRF      11D   1444
     110    1294       1       1       0       0       0       001010000D   1445
     110       0       0       1       0                    LINE     357D   1446
     110    1295       1       1       0       0       0       001010000D   1447
     110       0       0       1       0                    LINE     358D   1448
     110    1296       1       1       0       0       0       001010000D   1449
     110       0       0       1       0                    LINE     359D   1450
     102    1297       1       1       0       0       0       001010000D   1451
     102       0       0       1       0                  CCURVE      23D   1452
     110    1298       1       1       0       0       0       001010500D   1453
     110       0       0       1       0                    LINE     360D   1454
     110    1299       1       1       0       0       0       001010500D   1455
     110       0       0       1       0                    LINE     361D   1456
     110    1300       1       1       0       0       0       001010500D   1457
     110       0       0       1       0                    LINE     362D   1458
     110    1301       1       1       0       0       0       001010500D   1459
     110       0       0       1       0                    LINE     363D   1460
     102    1302       1       1       0       0       0       001010500D   1461
     102       0       0       1       0                  CCURVE      24D   1462
     142    1303       1       1       0       0       0       001010500D   1463
     142       0       0       1       0                  UV_BND      12D   1464
     144    1304       1       1       0       0       0       000000000D   1465
     144       0       0       1       0                 TRM_SRF      12D   1466
     128    1305       1       1       0       0       0       001010000D   1467
     128       0       0       8       0                  SPLSRF      12D   1468
     110    1313       1       1       0       0       0       001010000D   1469
     110       0       0       1       0                    LINE     364D   1470
     110    1314       1       1       0       0       0       001010000D   1471
     110       0       0       1       0                    LINE     365D   1472
     110    1315       1       1       0       0       0       001010000D   1473
     110       0       0       2       0                    LINE     366D   1474
     102    1317       1       1       0       0       0       001010000D   1475
     102       0       0       1       0                  CCURVE      25D   1476
     110    1318       1       1       0       0       0       001010500D   1477
     110       0       0       1       0                    LINE     367D   1478
     110    1319       1       1       0       0       0       001010500D   1479
     110       0       0       1       0                    LINE     368D   1480
     110    1320       1       1       0       0       0       001010500D   1481
     110       0       0       1       0                    LINE     369D   1482
     110    1321       1       1       0       0       0       001010500D   1483
     110       0       0       2       0                    LINE     370D   1484
     110    1323       1       1       0       0       0       001010500D   1485
     110       0       0       2       0                    LINE     371D   1486
     102    1325       1       1       0       0       0       001010500D   1487
     102       0       0       1       0                  CCURVE      26D   1488
     142    1326       1       1       0       0       0       001010500D   1489
     142       0       0       1       0                  UV_BND      13D   1490
     144    1327       1       1       0       0       0       000000000D   1491
     144       0       0       1       0                 TRM_SRF      13D   1492
     128    1328       1       1       0       0       0       001010000D   1493
     128       0       0       6       0                  SPLSRF      13D   1494
     102    1334       1       1       0       0       0       001010000D   1495
     102       0       0       1       0                  CCURVE      27D   1496
     110    1335       1       1       0       0       0       001010500D   1497
     110       0       0       1       0                    LINE     372D   1498
     110    1336       1       1       0       0       0       001010500D   1499
     110       0       0       2       0                    LINE     373D   1500
     110    1338       1       1       0       0       0       001010500D   1501
     110       0       0       2       0                    LINE     374D   1502
     110    1340       1       1       0       0       0       001010500D   1503
     110       0       0       1       0                    LINE     375D   1504
     102    1341       1       1       0       0       0       001010500D   1505
     102       0       0       1       0                  CCURVE      28D   1506
     142    1342       1       1       0       0       0       001010500D   1507
     142       0       0       1       0                  UV_BND      14D   1508
     144    1343       1       1       0       0       0       000000000D   1509
     144       0       0       1       0                 TRM_SRF      14D   1510
     128    1344       1       1       0       0       0       001010000D   1511
     128       0       0       6       0                  SPLSRF      14D   1512
     102    1350       1       1       0       0       0       001010000D   1513
     102       0       0       1       0                  CCURVE      29D   1514
     110    1351       1       1       0       0       0       001010500D   1515
     110       0       0       1       0                    LINE     376D   1516
     110    1352       1       1       0       0       0       001010500D   1517
     110       0       0       1       0                    LINE     377D   1518
     110    1353       1       1       0       0       0       001010500D   1519
     110       0       0       1       0                    LINE     378D   1520
     110    1354       1       1       0       0       0       001010500D   1521
     110       0       0       1       0                    LINE     379D   1522
     102    1355       1       1       0       0       0       001010500D   1523
     102       0       0       1       0                  CCURVE      30D   1524
     142    1356       1       1       0       0       0       001010500D   1525
     142       0       0       1       0                  UV_BND      15D   1526
     144    1357       1       1       0       0       0       000000000D   1527
     144       0       0       1       0                 TRM_SRF      15D   1528
     128    1358       1       1       0       0       0       001010000D   1529
     128       0       0       6       0                  SPLSRF      15D   1530
     110    1364       1       1       0       0       0       001010000D   1531
     110       0       0       1       0                    LINE     380D   1532
     102    1365       1       1       0       0       0       001010000D   1533
     102       0       0       1       0                  CCURVE      31D   1534
     110    1366       1       1       0       0       0       001010500D   1535
     110       0       0       1       0                    LINE     381D   1536
     110    1367       1       1       0       0       0       001010500D   1537
     110       0       0       1       0                    LINE     382D   1538
     110    1368       1       1       0       0       0       001010500D   1539
     110       0       0       2       0                    LINE     383D   1540
     110    1370       1       1       0       0       0       001010500D   1541
     110       0       0       2       0                    LINE     384D   1542
     102    1372       1       1       0       0       0       001010500D   1543
     102       0       0       1       0                  CCURVE      32D   1544
     142    1373       1       1       0       0       0       001010500D   1545
     142       0       0       1       0                  UV_BND      16D   1546
     144    1374       1       1       0       0       0       000000000D   1547
     144       0       0       1       0                 TRM_SRF      16D   1548
     128    1375       1       1       0       0       0       001010000D   1549
     128       0       0       6       0                  SPLSRF      16D   1550
     102    1381       1       1       0       0       0       001010000D   1551
     102       0       0       1       0                  CCURVE      33D   1552
     110    1382       1       1       0       0       0       001010500D   1553
     110       0       0       1       0                    LINE     385D   1554
     110    1383       1       1       0       0       0       001010500D   1555
     110       0       0       1       0                    LINE     386D   1556
     110    1384       1       1       0       0       0       001010500D   1557
     110       0       0       2       0                    LINE     387D   1558
     110    1386       1       1       0       0       0       001010500D   1559
     110       0       0       2       0                    LINE     388D   1560
     102    1388       1       1       0       0       0       001010500D   1561
     102       0       0       1       0                  CCURVE      34D   1562
     142    1389       1       1       0       0       0       001010500D   1563
     142       0       0       1       0                  UV_BND      17D   1564
     144    1390       1       1       0       0       0       000000000D   1565
     144       0       0       1       0                 TRM_SRF      17D   1566
     128    1391       1       1       0       0       0       001010000D   1567
     128       0       0       6       0                  SPLSRF      17D   1568
     102    1397       1       1       0       0       0       001010000D   1569
     102       0       0       1       0                  CCURVE      35D   1570
     110    1398       1       1       0       0       0       001010500D   1571
     110       0       0       1       0                    LINE     389D   1572
     110    1399       1       1       0       0       0       001010500D   1573
     110       0       0       1       0                    LINE     390D   1574
     110    1400       1       1       0       0       0       001010500D   1575
     110       0       0       1       0                    LINE     391D   1576
     110    1401       1       1       0       0       0       001010500D   1577
     110       0       0       1       0                    LINE     392D   1578
     102    1402       1       1       0       0       0       001010500D   1579
     102       0       0       1       0                  CCURVE      36D   1580
     142    1403       1       1       0       0       0       001010500D   1581
     142       0       0       1       0                  UV_BND      18D   1582
     144    1404       1       1       0       0       0       000000000D   1583
     144       0       0       1       0                 TRM_SRF      18D   1584
     128    1405       1       1       0       0       0       001010000D   1585
     128       0       0       6       0                  SPLSRF      18D   1586
     110    1411       1       1       0       0       0       001010000D   1587
     110       0       0       1       0                    LINE     393D   1588
     102    1412       1       1       0       0       0       001010000D   1589
     102       0       0       1       0                  CCURVE      37D   1590
     110    1413       1       1       0       0       0       001010500D   1591
     110       0       0       1       0                    LINE     394D   1592
     110    1414       1       1       0       0       0       001010500D   1593
     110       0       0       2       0                    LINE     395D   1594
     110    1416       1       1       0       0       0       001010500D   1595
     110       0       0       2       0                    LINE     396D   1596
     110    1418       1       1       0       0       0       001010500D   1597
     110       0       0       1       0                    LINE     397D   1598
     102    1419       1       1       0       0       0       001010500D   1599
     102       0       0       1       0                  CCURVE      38D   1600
     142    1420       1       1       0       0       0       001010500D   1601
     142       0       0       1       0                  UV_BND      19D   1602
     144    1421       1       1       0       0       0       000000000D   1603
     144       0       0       1       0                 TRM_SRF      19D   1604
     128    1422       1       1       0       0       0       001010000D   1605
     128       0       0       8       0                  SPLSRF      19D   1606
     110    1430       1       1       0       0       0       001010000D   1607
     110       0       0       2       0                    LINE     398D   1608
     110    1432       1       1       0       0       0       001010000D   1609
     110       0       0       1       0                    LINE     399D   1610
     110    1433       1       1       0       0       0       001010000D   1611
     110       0       0       1       0                    LINE     400D   1612
     102    1434       1       1       0       0       0       001010000D   1613
     102       0       0       1       0                  CCURVE      39D   1614
     110    1435       1       1       0       0       0       001010500D   1615
     110       0       0       1       0                    LINE     401D   1616
     110    1436       1       1       0       0       0       001010500D   1617
     110       0       0       2       0                    LINE     402D   1618
     110    1438       1       1       0       0       0       001010500D   1619
     110       0       0       2       0                    LINE     403D   1620
     110    1440       1       1       0       0       0       001010500D   1621
     110       0       0       1       0                    LINE     404D   1622
     110    1441       1       1       0       0       0       001010500D   1623
     110       0       0       1       0                    LINE     405D   1624
     102    1442       1       1       0       0       0       001010500D   1625
     102       0       0       1       0                  CCURVE      40D   1626
     142    1443       1       1       0       0       0       001010500D   1627
     142       0       0       1       0                  UV_BND      20D   1628
     144    1444       1       1       0       0       0       000000000D   1629
     144       0       0       1       0                 TRM_SRF      20D   1630
     128    1445       1       1       0       0       0       001010000D   1631
     128       0       0       8       0                  SPLSRF      20D   1632
     110    1453       1       1       0       0       0       001010000D   1633
     110       0       0       1       0                    LINE     406D   1634
     102    1454       1       1       0       0       0       001010000D   1635
     102       0       0       1       0                  CCURVE      41D   1636
     110    1455       1       1       0       0       0       001010500D   1637
     110       0       0       1       0                    LINE     407D   1638
     110    1456       1       1       0       0       0       001010500D   1639
     110       0       0       1       0                    LINE     408D   1640
     110    1457       1       1       0       0       0       001010500D   1641
     110       0       0       1       0                    LINE     409D   1642
     110    1458       1       1       0       0       0       001010500D   1643
     110       0       0       1       0                    LINE     410D   1644
     102    1459       1       1       0       0       0       001010500D   1645
     102       0       0       1       0                  CCURVE      42D   1646
     142    1460       1       1       0       0       0       001010500D   1647
     142       0       0       1       0                  UV_BND      21D   1648
     144    1461       1       1       0       0       0       000000000D   1649
     144       0       0       1       0                 TRM_SRF      21D   1650
     128    1462       1       1       0       0       0       001010000D   1651
     128       0       0       8       0                  SPLSRF      21D   1652
     110    1470       1       1       0       0       0       001010000D   1653
     110       0       0       1       0                    LINE     411D   1654
     110    1471       1       1       0       0       0       001010000D   1655
     110       0       0       2       0                    LINE     412D   1656
     102    1473       1       1       0       0       0       001010000D   1657
     102       0       0       1       0                  CCURVE      43D   1658
     110    1474       1       1       0       0       0       001010500D   1659
     110       0       0       1       0                    LINE     413D   1660
     110    1475       1       1       0       0       0       001010500D   1661
     110       0       0       1       0                    LINE     414D   1662
     110    1476       1       1       0       0       0       001010500D   1663
     110       0       0       1       0                    LINE     415D   1664
     110    1477       1       1       0       0       0       001010500D   1665
     110       0       0       2       0                    LINE     416D   1666
     110    1479       1       1       0       0       0       001010500D   1667
     110       0       0       2       0                    LINE     417D   1668
     102    1481       1       1       0       0       0       001010500D   1669
     102       0       0       1       0                  CCURVE      44D   1670
     142    1482       1       1       0       0       0       001010500D   1671
     142       0       0       1       0                  UV_BND      22D   1672
     144    1483       1       1       0       0       0       000000000D   1673
     144       0       0       1       0                 TRM_SRF      22D   1674
     128    1484       1       1       0       0       0       001010000D   1675
     128       0       0       8       0                  SPLSRF      22D   1676
     126    1492       1       1       0       0       0       001010000D   1677
     126       0       0       5       0                B_SPLINE      53D   1678
     110    1497       1       1       0       0       0       001010000D   1679
     110       0       0       2       0                    LINE     418D   1680
     126    1499       1       1       0       0       0       001010000D   1681
     126       0       0       5       0                B_SPLINE      54D   1682
     110    1504       1       1       0       0       0       001010000D   1683
     110       0       0       2       0                    LINE     419D   1684
     110    1506       1       1       0       0       0       001010000D   1685
     110       0       0       2       0                    LINE     420D   1686
     110    1508       1       1       0       0       0       001010000D   1687
     110       0       0       2       0                    LINE     421D   1688
     102    1510       1       1       0       0       0       001010000D   1689
     102       0       0       1       0                  CCURVE      45D   1690
     110    1511       1       1       0       0       0       001010500D   1691
     110       0       0       1       0                    LINE     422D   1692
     126    1512       1       1       0       0       0       001010500D   1693
     126       0       0       5       0                B_SPLINE      55D   1694
     110    1517       1       1       0       0       0       001010500D   1695
     110       0       0       2       0                    LINE     423D   1696
     126    1519       1       1       0       0       0       001010500D   1697
     126       0       0       5       0                B_SPLINE      56D   1698
     110    1524       1       1       0       0       0       001010500D   1699
     110       0       0       1       0                    LINE     424D   1700
     110    1525       1       1       0       0       0       001010500D   1701
     110       0       0       1       0                    LINE     425D   1702
     110    1526       1       1       0       0       0       001010500D   1703
     110       0       0       1       0                    LINE     426D   1704
     110    1527       1       1       0       0       0       001010500D   1705
     110       0       0       1       0                    LINE     427D   1706
     110    1528       1       1       0       0       0       001010500D   1707
     110       0       0       1       0                    LINE     428D   1708
     110    1529       1       1       0       0       0       001010500D   1709
     110       0       0       1       0                    LINE     429D   1710
     102    1530       1       1       0       0       0       001010500D   1711
     102       0       0       1       0                  CCURVE      46D   1712
     142    1531       1       1       0       0       0       001010500D   1713
     142       0       0       1       0                  UV_BND      23D   1714
     144    1532       1       1       0       0       0       000000000D   1715
     144       0       0       1       0                 TRM_SRF      23D   1716
     110    1533       1       1       0       0       0       001010000D   1717
     110       0       0       2       0                    LINE     430D   1718
     110    1535       1       1       0       0       0       001010000D   1719
     110       0       0       2       0                    LINE     431D   1720
     120    1537       1       1       0       0       0       001010000D   1721
     120       0       0       1       0                    SREV       2D   1722
     102    1538       1       1       0       0       0       001010000D   1723
     102       0       0       1       0                  CCURVE      47D   1724
     110    1539       1       1       0       0       0       001010500D   1725
     110       0       0       2       0                    LINE     432D   1726
     110    1541       1       1       0       0       0       001010500D   1727
     110       0       0       2       0                    LINE     433D   1728
     110    1543       1       1       0       0       0       001010500D   1729
     110       0       0       1       0                    LINE     434D   1730
     110    1544       1       1       0       0       0       001010500D   1731
     110       0       0       2       0                    LINE     435D   1732
     110    1546       1       1       0       0       0       001010500D   1733
     110       0       0       2       0                    LINE     436D   1734
     110    1548       1       1       0       0       0       001010500D   1735
     110       0       0       2       0                    LINE     437D   1736
     126    1550       1       1       0       0       0       001010500D   1737
     126       0       0       5       0                B_SPLINE      57D   1738
     102    1555       1       1       0       0       0       001010500D   1739
     102       0       0       1       0                  CCURVE      48D   1740
     142    1556       1       1       0       0       0       001010500D   1741
     142       0       0       1       0                  UV_BND      24D   1742
     144    1557       1       1       0       0       0       000000000D   1743
     144       0       0       1       0                 TRM_SRF      24D   1744
     128    1558       1       1       0       0       0       001010000D   1745
     128       0       0       4       0                  SPLSRF      23D   1746
     110    1562       1       1       0       0       0       001010000D   1747
     110       0       0       1       0                    LINE     438D   1748
     110    1563       1       1       0       0       0       001010000D   1749
     110       0       0       1       0                    LINE     439D   1750
     102    1564       1       1       0       0       0       001010000D   1751
     102       0       0       1       0                  CCURVE      49D   1752
     126    1565       1       1       0       0       0       001010500D   1753
     126       0       0      14       0                B_SPLINE      58D   1754
     110    1579       1       1       0       0       0       001010500D   1755
     110       0       0       1       0                    LINE     440D   1756
     126    1580       1       1       0       0       0       001010500D   1757
     126       0       0      14       0                B_SPLINE      59D   1758
     110    1594       1       1       0       0       0       001010500D   1759
     110       0       0       1       0                    LINE     441D   1760
     126    1595       1       1       0       0       0       001010500D   1761
     126       0       0      14       0                B_SPLINE      60D   1762
     110    1609       1       1       0       0       0       001010500D   1763
     110       0       0       1       0                    LINE     442D   1764
     126    1610       1       1       0       0       0       001010500D   1765
     126       0       0      14       0                B_SPLINE      61D   1766
     110    1624       1       1       0       0       0       001010500D   1767
     110       0       0       1       0                    LINE     443D   1768
     102    1625       1       1       0       0       0       001010500D   1769
     102       0       0       1       0                  CCURVE      50D   1770
     142    1626       1       1       0       0       0       001010500D   1771
     142       0       0       1       0                  UV_BND      25D   1772
     102    1627       1       1       0       0       0       001010000D   1773
     102       0       0       1       0                  CCURVE      51D   1774
     126    1628       1       1       0       0       0       001010500D   1775
     126       0       0      12       0                B_SPLINE      62D   1776
     126    1640       1       1       0       0       0       001010500D   1777
     126       0       0      12       0                B_SPLINE      63D   1778
     102    1652       1       1       0       0       0       001010500D   1779
     102       0       0       1       0                  CCURVE      52D   1780
     142    1653       1       1       0       0       0       001010500D   1781
     142       0       0       1       0                  UV_BND      26D   1782
     102    1654       1       1       0       0       0       001010000D   1783
     102       0       0       1       0                  CCURVE      53D   1784
     126    1655       1       1       0       0       0       001010500D   1785
     126       0       0      12       0                B_SPLINE      64D   1786
     126    1667       1       1       0       0       0       001010500D   1787
     126       0       0      12       0                B_SPLINE      65D   1788
     102    1679       1       1       0       0       0       001010500D   1789
     102       0       0       1       0                  CCURVE      54D   1790
     142    1680       1       1       0       0       0       001010500D   1791
     142       0       0       1       0                  UV_BND      27D   1792
     102    1681       1       1       0       0       0       001010000D   1793
     102       0       0       1       0                  CCURVE      55D   1794
     126    1682       1       1       0       0       0       001010500D   1795
     126       0       0      12       0                B_SPLINE      66D   1796
     126    1694       1       1       0       0       0       001010500D   1797
     126       0       0      12       0                B_SPLINE      67D   1798
     102    1706       1       1       0       0       0       001010500D   1799
     102       0       0       1       0                  CCURVE      56D   1800
     142    1707       1       1       0       0       0       001010500D   1801
     142       0       0       1       0                  UV_BND      28D   1802
     102    1708       1       1       0       0       0       001010000D   1803
     102       0       0       1       0                  CCURVE      57D   1804
     126    1709       1       1       0       0       0       001010500D   1805
     126       0       0      12       0                B_SPLINE      68D   1806
     126    1721       1       1       0       0       0       001010500D   1807
     126       0       0      12       0                B_SPLINE      69D   1808
     102    1733       1       1       0       0       0       001010500D   1809
     102       0       0       1       0                  CCURVE      58D   1810
     142    1734       1       1       0       0       0       001010500D   1811
     142       0       0       1       0                  UV_BND      29D   1812
     102    1735       1       1       0       0       0       001010000D   1813
     102       0       0       1       0                  CCURVE      59D   1814
     126    1736       1       1       0       0       0       001010500D   1815
     126       0       0      12       0                B_SPLINE      70D   1816
     126    1748       1       1       0       0       0       001010500D   1817
     126       0       0      12       0                B_SPLINE      71D   1818
     102    1760       1       1       0       0       0       001010500D   1819
     102       0       0       1       0                  CCURVE      60D   1820
     142    1761       1       1       0       0       0       001010500D   1821
     142       0       0       1       0                  UV_BND      30D   1822
     102    1762       1       1       0       0       0       001010000D   1823
     102       0       0       1       0                  CCURVE      61D   1824
     126    1763       1       1       0       0       0       001010500D   1825
     126       0       0      12       0                B_SPLINE      72D   1826
     126    1775       1       1       0       0       0       001010500D   1827
     126       0       0      12       0                B_SPLINE      73D   1828
     102    1787       1       1       0       0       0       001010500D   1829
     102       0       0       1       0                  CCURVE      62D   1830
     142    1788       1       1       0       0       0       001010500D   1831
     142       0       0       1       0                  UV_BND      31D   1832
     102    1789       1       1       0       0       0       001010000D   1833
     102       0       0       1       0                  CCURVE      63D   1834
     126    1790       1       1       0       0       0       001010500D   1835
     126       0       0      12       0                B_SPLINE      74D   1836
     126    1802       1       1       0       0       0       001010500D   1837
     126       0       0      12       0                B_SPLINE      75D   1838
     102    1814       1       1       0       0       0       001010500D   1839
     102       0       0       1       0                  CCURVE      64D   1840
     142    1815       1       1       0       0       0       001010500D   1841
     142       0       0       1       0                  UV_BND      32D   1842
     102    1816       1       1       0       0       0       001010000D   1843
     102       0       0       1       0                  CCURVE      65D   1844
     126    1817       1       1       0       0       0       001010500D   1845
     126       0       0      12       0                B_SPLINE      76D   1846
     126    1829       1       1       0       0       0       001010500D   1847
     126       0       0      12       0                B_SPLINE      77D   1848
     102    1841       1       1       0       0       0       001010500D   1849
     102       0       0       1       0                  CCURVE      66D   1850
     142    1842       1       1       0       0       0       001010500D   1851
     142       0       0       1       0                  UV_BND      33D   1852
     144    1843       1       1       0       0       0       000000000D   1853
     144       0       0       1       0                 TRM_SRF      25D   1854
     110    1844       1       1       0       0       0       001010000D   1855
     110       0       0       2       0                    LINE     444D   1856
     110    1846       1       1       0       0       0       001010000D   1857
     110       0       0       2       0                    LINE     445D   1858
     120    1848       1       1       0       0       0       001010000D   1859
     120       0       0       1       0                    SREV       3D   1860
     124    1849       1       1       0       0       0       001000000D   1861
     124       0       0       2       0                   XFORM     130D   1862
     100    1851       1       1       0       0    1861       001010000D   1863
     100       0       0       1       0                     ARC     130D   1864
     102    1852       1       1       0       0       0       001010000D   1865
     102       0       0       1       0                  CCURVE      67D   1866
     110    1853       1       1       0       0       0       001010500D   1867
     110       0       0       2       0                    LINE     446D   1868
     110    1855       1       1       0       0       0       001010500D   1869
     110       0       0       2       0                    LINE     447D   1870
     110    1857       1       1       0       0       0       001010500D   1871
     110       0       0       1       0                    LINE     448D   1872
     110    1858       1       1       0       0       0       001010500D   1873
     110       0       0       2       0                    LINE     449D   1874
     110    1860       1       1       0       0       0       001010500D   1875
     110       0       0       2       0                    LINE     450D   1876
     110    1862       1       1       0       0       0       001010500D   1877
     110       0       0       2       0                    LINE     451D   1878
     126    1864       1       1       0       0       0       001010500D   1879
     126       0       0       5       0                B_SPLINE      78D   1880
     102    1869       1       1       0       0       0       001010500D   1881
     102       0       0       1       0                  CCURVE      68D   1882
     142    1870       1       1       0       0       0       001010500D   1883
     142       0       0       1       0                  UV_BND      34D   1884
     144    1871       1       1       0       0       0       000000000D   1885
     144       0       0       1       0                 TRM_SRF      26D   1886
     128    1872       1       1       0       0       0       001010000D   1887
     128       0       0       8       0                  SPLSRF      24D   1888
     102    1880       1       1       0       0       0       001010000D   1889
     102       0       0       1       0                  CCURVE      69D   1890
     110    1881       1       1       0       0       0       001010500D   1891
     110       0       0       1       0                    LINE     452D   1892
     126    1882       1       1       0       0       0       001010500D   1893
     126       0       0       5       0                B_SPLINE      79D   1894
     110    1887       1       1       0       0       0       001010500D   1895
     110       0       0       1       0                    LINE     453D   1896
     110    1888       1       1       0       0       0       001010500D   1897
     110       0       0       1       0                    LINE     454D   1898
     102    1889       1       1       0       0       0       001010500D   1899
     102       0       0       1       0                  CCURVE      70D   1900
     142    1890       1       1       0       0       0       001010500D   1901
     142       0       0       1       0                  UV_BND      35D   1902
     144    1891       1       1       0       0       0       000000000D   1903
     144       0       0       1       0                 TRM_SRF      27D   1904
     128    1892       1       1       0       0       0       001010000D   1905
     128       0       0       8       0                  SPLSRF      25D   1906
     110    1900       1       1       0       0       0       001010000D   1907
     110       0       0       1       0                    LINE     455D   1908
     102    1901       1       1       0       0       0       001010000D   1909
     102       0       0       1       0                  CCURVE      71D   1910
     110    1902       1       1       0       0       0       001010500D   1911
     110       0       0       1       0                    LINE     456D   1912
     110    1903       1       1       0       0       0       001010500D   1913
     110       0       0       1       0                    LINE     457D   1914
     110    1904       1       1       0       0       0       001010500D   1915
     110       0       0       1       0                    LINE     458D   1916
     110    1905       1       1       0       0       0       001010500D   1917
     110       0       0       1       0                    LINE     459D   1918
     102    1906       1       1       0       0       0       001010500D   1919
     102       0       0       1       0                  CCURVE      72D   1920
     142    1907       1       1       0       0       0       001010500D   1921
     142       0       0       1       0                  UV_BND      36D   1922
     144    1908       1       1       0       0       0       000000000D   1923
     144       0       0       1       0                 TRM_SRF      28D   1924
     128    1909       1       1       0       0       0       001010000D   1925
     128       0       0       8       0                  SPLSRF      26D   1926
     124    1917       1       1       0       0       0       001000000D   1927
     124       0       0       2       0                   XFORM     131D   1928
     100    1919       1       1       0       0    1927       001010000D   1929
     100       0       0       1       0                     ARC     131D   1930
     102    1920       1       1       0       0       0       001010000D   1931
     102       0       0       1       0                  CCURVE      73D   1932
     110    1921       1       1       0       0       0       001010500D   1933
     110       0       0       1       0                    LINE     460D   1934
     110    1922       1       1       0       0       0       001010500D   1935
     110       0       0       1       0                    LINE     461D   1936
     110    1923       1       1       0       0       0       001010500D   1937
     110       0       0       1       0                    LINE     462D   1938
     126    1924       1       1       0       0       0       001010500D   1939
     126       0       0       5       0                B_SPLINE      80D   1940
     102    1929       1       1       0       0       0       001010500D   1941
     102       0       0       1       0                  CCURVE      74D   1942
     142    1930       1       1       0       0       0       001010500D   1943
     142       0       0       1       0                  UV_BND      37D   1944
     144    1931       1       1       0       0       0       000000000D   1945
     144       0       0       1       0                 TRM_SRF      29D   1946
     128    1932       1       1       0       0       0       001010000D   1947
     128       0       0       5       0                  SPLSRF      27D   1948
     110    1937       1       1       0       0       0       001010000D   1949
     110       0       0       1       0                    LINE     463D   1950
     102    1938       1       1       0       0       0       001010000D   1951
     102       0       0       2       0                  CCURVE      75D   1952
     110    1940       1       1       0       0       0       001010500D   1953
     110       0       0       1       0                    LINE     464D   1954
     110    1941       1       1       0       0       0       001010500D   1955
     110       0       0       1       0                    LINE     465D   1956
     110    1942       1       1       0       0       0       001010500D   1957
     110       0       0       1       0                    LINE     466D   1958
     110    1943       1       1       0       0       0       001010500D   1959
     110       0       0       1       0                    LINE     467D   1960
     110    1944       1       1       0       0       0       001010500D   1961
     110       0       0       1       0                    LINE     468D   1962
     110    1945       1       1       0       0       0       001010500D   1963
     110       0       0       1       0                    LINE     469D   1964
     126    1946       1       1       0       0       0       001010500D   1965
     126       0       0      10       0                B_SPLINE      81D   1966
     110    1956       1       1       0       0       0       001010500D   1967
     110       0       0       1       0                    LINE     470D   1968
     126    1957       1       1       0       0       0       001010500D   1969
     126       0       0      10       0                B_SPLINE      82D   1970
     110    1967       1       1       0       0       0       001010500D   1971
     110       0       0       1       0                    LINE     471D   1972
     110    1968       1       1       0       0       0       001010500D   1973
     110       0       0       1       0                    LINE     472D   1974
     110    1969       1       1       0       0       0       001010500D   1975
     110       0       0       1       0                    LINE     473D   1976
     126    1970       1       1       0       0       0       001010500D   1977
     126       0       0      10       0                B_SPLINE      83D   1978
     110    1980       1       1       0       0       0       001010500D   1979
     110       0       0       1       0                    LINE     474D   1980
     126    1981       1       1       0       0       0       001010500D   1981
     126       0       0      10       0                B_SPLINE      84D   1982
     110    1991       1       1       0       0       0       001010500D   1983
     110       0       0       1       0                    LINE     475D   1984
     102    1992       1       1       0       0       0       001010500D   1985
     102       0       0       2       0                  CCURVE      76D   1986
     142    1994       1       1       0       0       0       001010500D   1987
     142       0       0       1       0                  UV_BND      38D   1988
     144    1995       1       1       0       0       0       000000000D   1989
     144       0       0       1       0                 TRM_SRF      30D   1990
     110    1996       1       1       0       0       0       001010000D   1991
     110       0       0       2       0                    LINE     476D   1992
     110    1998       1       1       0       0       0       001010000D   1993
     110       0       0       1       0                    LINE     477D   1994
     120    1999       1       1       0       0       0       001010000D   1995
     120       0       0       1       0                    SREV       4D   1996
     124    2000       1       1       0       0       0       001000000D   1997
     124       0       0       1       0                   XFORM     132D   1998
     100    2001       1       1       0       0    1997       001010000D   1999
     100       0       0       1       0                     ARC     132D   2000
     110    2002       1       1       0       0       0       001010000D   2001
     110       0       0       1       0                    LINE     478D   2002
     102    2003       1       1       0       0       0       001010000D   2003
     102       0       0       1       0                  CCURVE      77D   2004
     110    2004       1       1       0       0       0       001010500D   2005
     110       0       0       1       0                    LINE     479D   2006
     110    2005       1       1       0       0       0       001010500D   2007
     110       0       0       2       0                    LINE     480D   2008
     110    2007       1       1       0       0       0       001010500D   2009
     110       0       0       2       0                    LINE     481D   2010
     110    2009       1       1       0       0       0       001010500D   2011
     110       0       0       2       0                    LINE     482D   2012
     102    2011       1       1       0       0       0       001010500D   2013
     102       0       0       1       0                  CCURVE      78D   2014
     142    2012       1       1       0       0       0       001010500D   2015
     142       0       0       1       0                  UV_BND      39D   2016
     144    2013       1       1       0       0       0       000000000D   2017
     144       0       0       1       0                 TRM_SRF      31D   2018
     128    2014       1       1       0       0       0       001010000D   2019
     128       0       0       5       0                  SPLSRF      28D   2020
     110    2019       1       1       0       0       0       001010000D   2021
     110       0       0       1       0                    LINE     483D   2022
     110    2020       1       1       0       0       0       001010000D   2023
     110       0       0       1       0                    LINE     484D   2024
     102    2021       1       1       0       0       0       001010000D   2025
     102       0       0       1       0                  CCURVE      79D   2026
     110    2022       1       1       0       0       0       001010500D   2027
     110       0       0       1       0                    LINE     485D   2028
     110    2023       1       1       0       0       0       001010500D   2029
     110       0       0       1       0                    LINE     486D   2030
     110    2024       1       1       0       0       0       001010500D   2031
     110       0       0       1       0                    LINE     487D   2032
     110    2025       1       1       0       0       0       001010500D   2033
     110       0       0       1       0                    LINE     488D   2034
     102    2026       1       1       0       0       0       001010500D   2035
     102       0       0       1       0                  CCURVE      80D   2036
     142    2027       1       1       0       0       0       001010500D   2037
     142       0       0       1       0                  UV_BND      40D   2038
     124    2028       1       1       0       0       0       001000000D   2039
     124       0       0       2       0                   XFORM     133D   2040
     100    2030       1       1       0       0    2039       001010000D   2041
     100       0       0       1       0                     ARC     133D   2042
     124    2031       1       1       0       0       0       001000000D   2043
     124       0       0       2       0                   XFORM     134D   2044
     100    2033       1       1       0       0    2043       001010000D   2045
     100       0       0       1       0                     ARC     134D   2046
     102    2034       1       1       0       0       0       001010000D   2047
     102       0       0       1       0                  CCURVE      81D   2048
     126    2035       1       1       0       0       0       001010500D   2049
     126       0       0      12       0                B_SPLINE      85D   2050
     126    2047       1       1       0       0       0       001010500D   2051
     126       0       0      12       0                B_SPLINE      86D   2052
     102    2059       1       1       0       0       0       001010500D   2053
     102       0       0       1       0                  CCURVE      82D   2054
     142    2060       1       1       0       0       0       001010500D   2055
     142       0       0       1       0                  UV_BND      41D   2056
     124    2061       1       1       0       0       0       001000000D   2057
     124       0       0       2       0                   XFORM     135D   2058
     100    2063       1       1       0       0    2057       001010000D   2059
     100       0       0       1       0                     ARC     135D   2060
     124    2064       1       1       0       0       0       001000000D   2061
     124       0       0       2       0                   XFORM     136D   2062
     100    2066       1       1       0       0    2061       001010000D   2063
     100       0       0       1       0                     ARC     136D   2064
     102    2067       1       1       0       0       0       001010000D   2065
     102       0       0       1       0                  CCURVE      83D   2066
     126    2068       1       1       0       0       0       001010500D   2067
     126       0       0      12       0                B_SPLINE      87D   2068
     126    2080       1       1       0       0       0       001010500D   2069
     126       0       0      12       0                B_SPLINE      88D   2070
     102    2092       1       1       0       0       0       001010500D   2071
     102       0       0       1       0                  CCURVE      84D   2072
     142    2093       1       1       0       0       0       001010500D   2073
     142       0       0       1       0                  UV_BND      42D   2074
     124    2094       1       1       0       0       0       001000000D   2075
     124       0       0       2       0                   XFORM     137D   2076
     100    2096       1       1       0       0    2075       001010000D   2077
     100       0       0       1       0                     ARC     137D   2078
     124    2097       1       1       0       0       0       001000000D   2079
     124       0       0       2       0                   XFORM     138D   2080
     100    2099       1       1       0       0    2079       001010000D   2081
     100       0       0       1       0                     ARC     138D   2082
     102    2100       1       1       0       0       0       001010000D   2083
     102       0       0       1       0                  CCURVE      85D   2084
     126    2101       1       1       0       0       0       001010500D   2085
     126       0       0      12       0                B_SPLINE      89D   2086
     126    2113       1       1       0       0       0       001010500D   2087
     126       0       0      12       0                B_SPLINE      90D   2088
     102    2125       1       1       0       0       0       001010500D   2089
     102       0       0       1       0                  CCURVE      86D   2090
     142    2126       1       1       0       0       0       001010500D   2091
     142       0       0       1       0                  UV_BND      43D   2092
     124    2127       1       1       0       0       0       001000000D   2093
     124       0       0       2       0                   XFORM     139D   2094
     100    2129       1       1       0       0    2093       001010000D   2095
     100       0       0       1       0                     ARC     139D   2096
     124    2130       1       1       0       0       0       001000000D   2097
     124       0       0       2       0                   XFORM     140D   2098
     100    2132       1       1       0       0    2097       001010000D   2099
     100       0       0       1       0                     ARC     140D   2100
     102    2133       1       1       0       0       0       001010000D   2101
     102       0       0       1       0                  CCURVE      87D   2102
     126    2134       1       1       0       0       0       001010500D   2103
     126       0       0      12       0                B_SPLINE      91D   2104
     126    2146       1       1       0       0       0       001010500D   2105
     126       0       0      12       0                B_SPLINE      92D   2106
     102    2158       1       1       0       0       0       001010500D   2107
     102       0       0       1       0                  CCURVE      88D   2108
     142    2159       1       1       0       0       0       001010500D   2109
     142       0       0       1       0                  UV_BND      44D   2110
     124    2160       1       1       0       0       0       001000000D   2111
     124       0       0       2       0                   XFORM     141D   2112
     100    2162       1       1       0       0    2111       001010000D   2113
     100       0       0       1       0                     ARC     141D   2114
     124    2163       1       1       0       0       0       001000000D   2115
     124       0       0       2       0                   XFORM     142D   2116
     100    2165       1       1       0       0    2115       001010000D   2117
     100       0       0       1       0                     ARC     142D   2118
     102    2166       1       1       0       0       0       001010000D   2119
     102       0       0       1       0                  CCURVE      89D   2120
     126    2167       1       1       0       0       0       001010500D   2121
     126       0       0      14       0                B_SPLINE      93D   2122
     126    2181       1       1       0       0       0       001010500D   2123
     126       0       0      14       0                B_SPLINE      94D   2124
     102    2195       1       1       0       0       0       001010500D   2125
     102       0       0       1       0                  CCURVE      90D   2126
     142    2196       1       1       0       0       0       001010500D   2127
     142       0       0       1       0                  UV_BND      45D   2128
     144    2197       1       1       0       0       0       000000000D   2129
     144       0       0       1       0                 TRM_SRF      32D   2130
     110    2198       1       1       0       0       0       001010000D   2131
     110       0       0       2       0                    LINE     489D   2132
     110    2200       1       1       0       0       0       001010000D   2133
     110       0       0       1       0                    LINE     490D   2134
     120    2201       1       1       0       0       0       001010000D   2135
     120       0       0       1       0                    SREV       5D   2136
     124    2202       1       1       0       0       0       001000000D   2137
     124       0       0       1       0                   XFORM     143D   2138
     100    2203       1       1       0       0    2137       001010000D   2139
     100       0       0       1       0                     ARC     143D   2140
     110    2204       1       1       0       0       0       001010000D   2141
     110       0       0       1       0                    LINE     491D   2142
     102    2205       1       1       0       0       0       001010000D   2143
     102       0       0       1       0                  CCURVE      91D   2144
     110    2206       1       1       0       0       0       001010500D   2145
     110       0       0       1       0                    LINE     492D   2146
     110    2207       1       1       0       0       0       001010500D   2147
     110       0       0       2       0                    LINE     493D   2148
     110    2209       1       1       0       0       0       001010500D   2149
     110       0       0       2       0                    LINE     494D   2150
     110    2211       1       1       0       0       0       001010500D   2151
     110       0       0       2       0                    LINE     495D   2152
     102    2213       1       1       0       0       0       001010500D   2153
     102       0       0       1       0                  CCURVE      92D   2154
     142    2214       1       1       0       0       0       001010500D   2155
     142       0       0       1       0                  UV_BND      46D   2156
     144    2215       1       1       0       0       0       000000000D   2157
     144       0       0       1       0                 TRM_SRF      33D   2158
     128    2216       1       1       0       0       0       001010000D   2159
     128       0       0       4       0                  SPLSRF      29D   2160
     110    2220       1       1       0       0       0       001010000D   2161
     110       0       0       1       0                    LINE     496D   2162
     110    2221       1       1       0       0       0       001010000D   2163
     110       0       0       1       0                    LINE     497D   2164
     110    2222       1       1       0       0       0       001010000D   2165
     110       0       0       1       0                    LINE     498D   2166
     110    2223       1       1       0       0       0       001010000D   2167
     110       0       0       1       0                    LINE     499D   2168
     102    2224       1       1       0       0       0       001010000D   2169
     102       0       0       1       0                  CCURVE      93D   2170
     110    2225       1       1       0       0       0       001010500D   2171
     110       0       0       1       0                    LINE     500D   2172
     110    2226       1       1       0       0       0       001010500D   2173
     110       0       0       1       0                    LINE     501D   2174
     110    2227       1       1       0       0       0       001010500D   2175
     110       0       0       1       0                    LINE     502D   2176
     110    2228       1       1       0       0       0       001010500D   2177
     110       0       0       1       0                    LINE     503D   2178
     110    2229       1       1       0       0       0       001010500D   2179
     110       0       0       1       0                    LINE     504D   2180
     110    2230       1       1       0       0       0       001010500D   2181
     110       0       0       1       0                    LINE     505D   2182
     110    2231       1       1       0       0       0       001010500D   2183
     110       0       0       1       0                    LINE     506D   2184
     110    2232       1       1       0       0       0       001010500D   2185
     110       0       0       1       0                    LINE     507D   2186
     110    2233       1       1       0       0       0       001010500D   2187
     110       0       0       1       0                    LINE     508D   2188
     110    2234       1       1       0       0       0       001010500D   2189
     110       0       0       1       0                    LINE     509D   2190
     110    2235       1       1       0       0       0       001010500D   2191
     110       0       0       1       0                    LINE     510D   2192
     110    2236       1       1       0       0       0       001010500D   2193
     110       0       0       1       0                    LINE     511D   2194
     102    2237       1       1       0       0       0       001010500D   2195
     102       0       0       2       0                  CCURVE      94D   2196
     142    2239       1       1       0       0       0       001010500D   2197
     142       0       0       1       0                  UV_BND      47D   2198
     144    2240       1       1       0       0       0       000000000D   2199
     144       0       0       1       0                 TRM_SRF      34D   2200
     128    2241       1       1       0       0       0       001010000D   2201
     128       0       0       9       0                  SPLSRF      30D   2202
     110    2250       1       1       0       0       0       001010000D   2203
     110       0       0       1       0                    LINE     512D   2204
     110    2251       1       1       0       0       0       001010000D   2205
     110       0       0       1       0                    LINE     513D   2206
     102    2252       1       1       0       0       0       001010000D   2207
     102       0       0       1       0                  CCURVE      95D   2208
     110    2253       1       1       0       0       0       001010500D   2209
     110       0       0       1       0                    LINE     514D   2210
     110    2254       1       1       0       0       0       001010500D   2211
     110       0       0       2       0                    LINE     515D   2212
     110    2256       1       1       0       0       0       001010500D   2213
     110       0       0       2       0                    LINE     516D   2214
     110    2258       1       1       0       0       0       001010500D   2215
     110       0       0       1       0                    LINE     517D   2216
     102    2259       1       1       0       0       0       001010500D   2217
     102       0       0       1       0                  CCURVE      96D   2218
     142    2260       1       1       0       0       0       001010500D   2219
     142       0       0       1       0                  UV_BND      48D   2220
     144    2261       1       1       0       0       0       000000000D   2221
     144       0       0       1       0                 TRM_SRF      35D   2222
     128    2262       1       1       0       0       0       001010000D   2223
     128       0       0       9       0                  SPLSRF      31D   2224
     110    2271       1       1       0       0       0       001010000D   2225
     110       0       0       1       0                    LINE     518D   2226
     102    2272       1       1       0       0       0       001010000D   2227
     102       0       0       1       0                  CCURVE      97D   2228
     110    2273       1       1       0       0       0       001010500D   2229
     110       0       0       1       0                    LINE     519D   2230
     110    2274       1       1       0       0       0       001010500D   2231
     110       0       0       1       0                    LINE     520D   2232
     110    2275       1       1       0       0       0       001010500D   2233
     110       0       0       2       0                    LINE     521D   2234
     110    2277       1       1       0       0       0       001010500D   2235
     110       0       0       1       0                    LINE     522D   2236
     102    2278       1       1       0       0       0       001010500D   2237
     102       0       0       1       0                  CCURVE      98D   2238
     142    2279       1       1       0       0       0       001010500D   2239
     142       0       0       1       0                  UV_BND      49D   2240
     144    2280       1       1       0       0       0       000000000D   2241
     144       0       0       1       0                 TRM_SRF      36D   2242
     128    2281       1       1       0       0       0       001010000D   2243
     128       0       0       9       0                  SPLSRF      32D   2244
     110    2290       1       1       0       0       0       001010000D   2245
     110       0       0       1       0                    LINE     523D   2246
     102    2291       1       1       0       0       0       001010000D   2247
     102       0       0       1       0                  CCURVE      99D   2248
     110    2292       1       1       0       0       0       001010500D   2249
     110       0       0       1       0                    LINE     524D   2250
     110    2293       1       1       0       0       0       001010500D   2251
     110       0       0       1       0                    LINE     525D   2252
     110    2294       1       1       0       0       0       001010500D   2253
     110       0       0       2       0                    LINE     526D   2254
     110    2296       1       1       0       0       0       001010500D   2255
     110       0       0       2       0                    LINE     527D   2256
     102    2298       1       1       0       0       0       001010500D   2257
     102       0       0       1       0                  CCURVE     100D   2258
     142    2299       1       1       0       0       0       001010500D   2259
     142       0       0       1       0                  UV_BND      50D   2260
     144    2300       1       1       0       0       0       000000000D   2261
     144       0       0       1       0                 TRM_SRF      37D   2262
     128    2301       1       1       0       0       0       001010000D   2263
     128       0       0       4       0                  SPLSRF      33D   2264
     110    2305       1       1       0       0       0       001010000D   2265
     110       0       0       1       0                    LINE     528D   2266
     110    2306       1       1       0       0       0       001010000D   2267
     110       0       0       1       0                    LINE     529D   2268
     102    2307       1       1       0       0       0       001010000D   2269
     102       0       0       2       0                  CCURVE     101D   2270
     126    2309       1       1       0       0       0       001010500D   2271
     126       0       0      10       0                B_SPLINE      95D   2272
     110    2319       1       1       0       0       0       001010500D   2273
     110       0       0       1       0                    LINE     530D   2274
     126    2320       1       1       0       0       0       001010500D   2275
     126       0       0      10       0                B_SPLINE      96D   2276
     110    2330       1       1       0       0       0       001010500D   2277
     110       0       0       1       0                    LINE     531D   2278
     126    2331       1       1       0       0       0       001010500D   2279
     126       0       0      10       0                B_SPLINE      97D   2280
     110    2341       1       1       0       0       0       001010500D   2281
     110       0       0       1       0                    LINE     532D   2282
     126    2342       1       1       0       0       0       001010500D   2283
     126       0       0      10       0                B_SPLINE      98D   2284
     110    2352       1       1       0       0       0       001010500D   2285
     110       0       0       1       0                    LINE     533D   2286
     126    2353       1       1       0       0       0       001010500D   2287
     126       0       0      10       0                B_SPLINE      99D   2288
     110    2363       1       1       0       0       0       001010500D   2289
     110       0       0       1       0                    LINE     534D   2290
     110    2364       1       1       0       0       0       001010500D   2291
     110       0       0       1       0                    LINE     535D   2292
     110    2365       1       1       0       0       0       001010500D   2293
     110       0       0       1       0                    LINE     536D   2294
     110    2366       1       1       0       0       0       001010500D   2295
     110       0       0       1       0                    LINE     537D   2296
     110    2367       1       1       0       0       0       001010500D   2297
     110       0       0       1       0                    LINE     538D   2298
     110    2368       1       1       0       0       0       001010500D   2299
     110       0       0       1       0                    LINE     539D   2300
     110    2369       1       1       0       0       0       001010500D   2301
     110       0       0       1       0                    LINE     540D   2302
     110    2370       1       1       0       0       0       001010500D   2303
     110       0       0       1       0                    LINE     541D   2304
     110    2371       1       1       0       0       0       001010500D   2305
     110       0       0       1       0                    LINE     542D   2306
     110    2372       1       1       0       0       0       001010500D   2307
     110       0       0       1       0                    LINE     543D   2308
     110    2373       1       1       0       0       0       001010500D   2309
     110       0       0       1       0                    LINE     544D   2310
     110    2374       1       1       0       0       0       001010500D   2311
     110       0       0       1       0                    LINE     545D   2312
     110    2375       1       1       0       0       0       001010500D   2313
     110       0       0       1       0                    LINE     546D   2314
     126    2376       1       1       0       0       0       001010500D   2315
     126       0       0      10       0                B_SPLINE     100D   2316
     110    2386       1       1       0       0       0       001010500D   2317
     110       0       0       1       0                    LINE     547D   2318
     126    2387       1       1       0       0       0       001010500D   2319
     126       0       0      10       0                B_SPLINE     101D   2320
     110    2397       1       1       0       0       0       001010500D   2321
     110       0       0       1       0                    LINE     548D   2322
     126    2398       1       1       0       0       0       001010500D   2323
     126       0       0      10       0                B_SPLINE     102D   2324
     110    2408       1       1       0       0       0       001010500D   2325
     110       0       0       1       0                    LINE     549D   2326
     102    2409       1       1       0       0       0       001010500D   2327
     102       0       0       3       0                  CCURVE     102D   2328
     142    2412       1       1       0       0       0       001010500D   2329
     142       0       0       1       0                  UV_BND      51D   2330
     144    2413       1       1       0       0       0       000000000D   2331
     144       0       0       1       0                 TRM_SRF      38D   2332
     110    2414       1       1       0       0       0       001010000D   2333
     110       0       0       1       0                    LINE     550D   2334
     110    2415       1       1       0       0       0       001010000D   2335
     110       0       0       2       0                    LINE     551D   2336
     120    2417       1       1       0       0       0       001010000D   2337
     120       0       0       1       0                    SREV       6D   2338
     102    2418       1       1       0       0       0       001010000D   2339
     102       0       0       1       0                  CCURVE     103D   2340
     110    2419       1       1       0       0       0       001010500D   2341
     110       0       0       2       0                    LINE     552D   2342
     110    2421       1       1       0       0       0       001010500D   2343
     110       0       0       2       0                    LINE     553D   2344
     110    2423       1       1       0       0       0       001010500D   2345
     110       0       0       2       0                    LINE     554D   2346
     110    2425       1       1       0       0       0       001010500D   2347
     110       0       0       2       0                    LINE     555D   2348
     102    2427       1       1       0       0       0       001010500D   2349
     102       0       0       1       0                  CCURVE     104D   2350
     142    2428       1       1       0       0       0       001010500D   2351
     142       0       0       1       0                  UV_BND      52D   2352
     144    2429       1       1       0       0       0       000000000D   2353
     144       0       0       1       0                 TRM_SRF      39D   2354
     110    2430       1       1       0       0       0       001010000D   2355
     110       0       0       1       0                    LINE     556D   2356
     124    2431       1       1       0       0       0       001000000D   2357
     124       0       0       2       0                   XFORM     144D   2358
     100    2433       1       1       0       0    2357       001010000D   2359
     100       0       0       2       0                     ARC     144D   2360
     120    2435       1       1       0       0       0       001010000D   2361
     120       0       0       1       0                    SREV       7D   2362
     124    2436       1       1       0       0       0       001000000D   2363
     124       0       0       2       0                   XFORM     145D   2364
     100    2438       1       1       0       0    2363       001010000D   2365
     100       0       0       1       0                     ARC     145D   2366
     102    2439       1       1       0       0       0       001010000D   2367
     102       0       0       1       0                  CCURVE     105D   2368
     110    2440       1       1       0       0       0       001010500D   2369
     110       0       0       2       0                    LINE     557D   2370
     110    2442       1       1       0       0       0       001010500D   2371
     110       0       0       2       0                    LINE     558D   2372
     110    2444       1       1       0       0       0       001010500D   2373
     110       0       0       2       0                    LINE     559D   2374
     110    2446       1       1       0       0       0       001010500D   2375
     110       0       0       1       0                    LINE     560D   2376
     102    2447       1       1       0       0       0       001010500D   2377
     102       0       0       1       0                  CCURVE     106D   2378
     142    2448       1       1       0       0       0       001010500D   2379
     142       0       0       1       0                  UV_BND      53D   2380
     144    2449       1       1       0       0       0       000000000D   2381
     144       0       0       1       0                 TRM_SRF      40D   2382
     110    2450       1       1       0       0       0       001010000D   2383
     110       0       0       1       0                    LINE     561D   2384
     110    2451       1       1       0       0       0       001010000D   2385
     110       0       0       2       0                    LINE     562D   2386
     120    2453       1       1       0       0       0       001010000D   2387
     120       0       0       1       0                    SREV       8D   2388
     102    2454       1       1       0       0       0       001010000D   2389
     102       0       0       1       0                  CCURVE     107D   2390
     110    2455       1       1       0       0       0       001010500D   2391
     110       0       0       2       0                    LINE     563D   2392
     110    2457       1       1       0       0       0       001010500D   2393
     110       0       0       2       0                    LINE     564D   2394
     110    2459       1       1       0       0       0       001010500D   2395
     110       0       0       2       0                    LINE     565D   2396
     110    2461       1       1       0       0       0       001010500D   2397
     110       0       0       2       0                    LINE     566D   2398
     102    2463       1       1       0       0       0       001010500D   2399
     102       0       0       1       0                  CCURVE     108D   2400
     142    2464       1       1       0       0       0       001010500D   2401
     142       0       0       1       0                  UV_BND      54D   2402
     144    2465       1       1       0       0       0       000000000D   2403
     144       0       0       1       0                 TRM_SRF      41D   2404
     110    2466       1       1       0       0       0       001010000D   2405
     110       0       0       1       0                    LINE     567D   2406
     124    2467       1       1       0       0       0       001000000D   2407
     124       0       0       2       0                   XFORM     146D   2408
     100    2469       1       1       0       0    2407       001010000D   2409
     100       0       0       2       0                     ARC     146D   2410
     120    2471       1       1       0       0       0       001010000D   2411
     120       0       0       1       0                    SREV       9D   2412
     124    2472       1       1       0       0       0       001000000D   2413
     124       0       0       2       0                   XFORM     147D   2414
     100    2474       1       1       0       0    2413       001010000D   2415
     100       0       0       1       0                     ARC     147D   2416
     102    2475       1       1       0       0       0       001010000D   2417
     102       0       0       1       0                  CCURVE     109D   2418
     110    2476       1       1       0       0       0       001010500D   2419
     110       0       0       2       0                    LINE     568D   2420
     110    2478       1       1       0       0       0       001010500D   2421
     110       0       0       2       0                    LINE     569D   2422
     110    2480       1       1       0       0       0       001010500D   2423
     110       0       0       2       0                    LINE     570D   2424
     110    2482       1       1       0       0       0       001010500D   2425
     110       0       0       2       0                    LINE     571D   2426
     102    2484       1       1       0       0       0       001010500D   2427
     102       0       0       1       0                  CCURVE     110D   2428
     142    2485       1       1       0       0       0       001010500D   2429
     142       0       0       1       0                  UV_BND      55D   2430
     144    2486       1       1       0       0       0       000000000D   2431
     144       0       0       1       0                 TRM_SRF      42D   2432
     110    2487       1       1       0       0       0       001010000D   2433
     110       0       0       1       0                    LINE     572D   2434
     110    2488       1       1       0       0       0       001010000D   2435
     110       0       0       2       0                    LINE     573D   2436
     120    2490       1       1       0       0       0       001010000D   2437
     120       0       0       1       0                    SREV      10D   2438
     102    2491       1       1       0       0       0       001010000D   2439
     102       0       0       1       0                  CCURVE     111D   2440
     110    2492       1       1       0       0       0       001010500D   2441
     110       0       0       2       0                    LINE     574D   2442
     110    2494       1       1       0       0       0       001010500D   2443
     110       0       0       2       0                    LINE     575D   2444
     110    2496       1       1       0       0       0       001010500D   2445
     110       0       0       2       0                    LINE     576D   2446
     110    2498       1       1       0       0       0       001010500D   2447
     110       0       0       2       0                    LINE     577D   2448
     102    2500       1       1       0       0       0       001010500D   2449
     102       0       0       1       0                  CCURVE     112D   2450
     142    2501       1       1       0       0       0       001010500D   2451
     142       0       0       1       0                  UV_BND      56D   2452
     144    2502       1       1       0       0       0       000000000D   2453
     144       0       0       1       0                 TRM_SRF      43D   2454
     110    2503       1       1       0       0       0       001010000D   2455
     110       0       0       1       0                    LINE     578D   2456
     124    2504       1       1       0       0       0       001000000D   2457
     124       0       0       2       0                   XFORM     148D   2458
     100    2506       1       1       0       0    2457       001010000D   2459
     100       0       0       2       0                     ARC     148D   2460
     120    2508       1       1       0       0       0       001010000D   2461
     120       0       0       1       0                    SREV      11D   2462
     124    2509       1       1       0       0       0       001000000D   2463
     124       0       0       2       0                   XFORM     149D   2464
     100    2511       1       1       0       0    2463       001010000D   2465
     100       0       0       1       0                     ARC     149D   2466
     102    2512       1       1       0       0       0       001010000D   2467
     102       0       0       1       0                  CCURVE     113D   2468
     110    2513       1       1       0       0       0       001010500D   2469
     110       0       0       2       0                    LINE     579D   2470
     110    2515       1       1       0       0       0       001010500D   2471
     110       0       0       2       0                    LINE     580D   2472
     110    2517       1       1       0       0       0       001010500D   2473
     110       0       0       2       0                    LINE     581D   2474
     110    2519       1       1       0       0       0       001010500D   2475
     110       0       0       2       0                    LINE     582D   2476
     102    2521       1       1       0       0       0       001010500D   2477
     102       0       0       1       0                  CCURVE     114D   2478
     142    2522       1       1       0       0       0       001010500D   2479
     142       0       0       1       0                  UV_BND      57D   2480
     144    2523       1       1       0       0       0       000000000D   2481
     144       0       0       1       0                 TRM_SRF      44D   2482
     110    2524       1       1       0       0       0       001010000D   2483
     110       0       0       1       0                    LINE     583D   2484
     110    2525       1       1       0       0       0       001010000D   2485
     110       0       0       2       0                    LINE     584D   2486
     120    2527       1       1       0       0       0       001010000D   2487
     120       0       0       1       0                    SREV      12D   2488
     102    2528       1       1       0       0       0       001010000D   2489
     102       0       0       1       0                  CCURVE     115D   2490
     110    2529       1       1       0       0       0       001010500D   2491
     110       0       0       2       0                    LINE     585D   2492
     110    2531       1       1       0       0       0       001010500D   2493
     110       0       0       2       0                    LINE     586D   2494
     110    2533       1       1       0       0       0       001010500D   2495
     110       0       0       2       0                    LINE     587D   2496
     110    2535       1       1       0       0       0       001010500D   2497
     110       0       0       2       0                    LINE     588D   2498
     102    2537       1       1       0       0       0       001010500D   2499
     102       0       0       1       0                  CCURVE     116D   2500
     142    2538       1       1       0       0       0       001010500D   2501
     142       0       0       1       0                  UV_BND      58D   2502
     144    2539       1       1       0       0       0       000000000D   2503
     144       0       0       1       0                 TRM_SRF      45D   2504
     110    2540       1       1       0       0       0       001010000D   2505
     110       0       0       1       0                    LINE     589D   2506
     124    2541       1       1       0       0       0       001000000D   2507
     124       0       0       2       0                   XFORM     150D   2508
     100    2543       1       1       0       0    2507       001010000D   2509
     100       0       0       2       0                     ARC     150D   2510
     120    2545       1       1       0       0       0       001010000D   2511
     120       0       0       1       0                    SREV      13D   2512
     124    2546       1       1       0       0       0       001000000D   2513
     124       0       0       2       0                   XFORM     151D   2514
     100    2548       1       1       0       0    2513       001010000D   2515
     100       0       0       1       0                     ARC     151D   2516
     102    2549       1       1       0       0       0       001010000D   2517
     102       0       0       1       0                  CCURVE     117D   2518
     110    2550       1       1       0       0       0       001010500D   2519
     110       0       0       2       0                    LINE     590D   2520
     110    2552       1       1       0       0       0       001010500D   2521
     110       0       0       2       0                    LINE     591D   2522
     110    2554       1       1       0       0       0       001010500D   2523
     110       0       0       2       0                    LINE     592D   2524
     110    2556       1       1       0       0       0       001010500D   2525
     110       0       0       2       0                    LINE     593D   2526
     102    2558       1       1       0       0       0       001010500D   2527
     102       0       0       1       0                  CCURVE     118D   2528
     142    2559       1       1       0       0       0       001010500D   2529
     142       0       0       1       0                  UV_BND      59D   2530
     144    2560       1       1       0       0       0       000000000D   2531
     144       0       0       1       0                 TRM_SRF      46D   2532
     110    2561       1       1       0       0       0       001010000D   2533
     110       0       0       1       0                    LINE     594D   2534
     110    2562       1       1       0       0       0       001010000D   2535
     110       0       0       2       0                    LINE     595D   2536
     120    2564       1       1       0       0       0       001010000D   2537
     120       0       0       1       0                    SREV      14D   2538
     102    2565       1       1       0       0       0       001010000D   2539
     102       0       0       1       0                  CCURVE     119D   2540
     110    2566       1       1       0       0       0       001010500D   2541
     110       0       0       2       0                    LINE     596D   2542
     110    2568       1       1       0       0       0       001010500D   2543
     110       0       0       2       0                    LINE     597D   2544
     110    2570       1       1       0       0       0       001010500D   2545
     110       0       0       2       0                    LINE     598D   2546
     110    2572       1       1       0       0       0       001010500D   2547
     110       0       0       2       0                    LINE     599D   2548
     102    2574       1       1       0       0       0       001010500D   2549
     102       0       0       1       0                  CCURVE     120D   2550
     142    2575       1       1       0       0       0       001010500D   2551
     142       0       0       1       0                  UV_BND      60D   2552
     144    2576       1       1       0       0       0       000000000D   2553
     144       0       0       1       0                 TRM_SRF      47D   2554
     110    2577       1       1       0       0       0       001010000D   2555
     110       0       0       1       0                    LINE     600D   2556
     124    2578       1       1       0       0       0       001000000D   2557
     124       0       0       2       0                   XFORM     152D   2558
     100    2580       1       1       0       0    2557       001010000D   2559
     100       0       0       2       0                     ARC     152D   2560
     120    2582       1       1       0       0       0       001010000D   2561
     120       0       0       1       0                    SREV      15D   2562
     124    2583       1       1       0       0       0       001000000D   2563
     124       0       0       2       0                   XFORM     153D   2564
     100    2585       1       1       0       0    2563       001010000D   2565
     100       0       0       1       0                     ARC     153D   2566
     102    2586       1       1       0       0       0       001010000D   2567
     102       0       0       1       0                  CCURVE     121D   2568
     110    2587       1       1       0       0       0       001010500D   2569
     110       0       0       2       0                    LINE     601D   2570
     110    2589       1       1       0       0       0       001010500D   2571
     110       0       0       2       0                    LINE     602D   2572
     110    2591       1       1       0       0       0       001010500D   2573
     110       0       0       2       0                    LINE     603D   2574
     110    2593       1       1       0       0       0       001010500D   2575
     110       0       0       2       0                    LINE     604D   2576
     102    2595       1       1       0       0       0       001010500D   2577
     102       0       0       1       0                  CCURVE     122D   2578
     142    2596       1       1       0       0       0       001010500D   2579
     142       0       0       1       0                  UV_BND      61D   2580
     144    2597       1       1       0       0       0       000000000D   2581
     144       0       0       1       0                 TRM_SRF      48D   2582
     128    2598       1       1       0       0       0       001010000D   2583
     128       0       0       9       0                  SPLSRF      34D   2584
     110    2607       1       1       0       0       0       001010000D   2585
     110       0       0       1       0                    LINE     605D   2586
     110    2608       1       1       0       0       0       001010000D   2587
     110       0       0       2       0                    LINE     606D   2588
     102    2610       1       1       0       0       0       001010000D   2589
     102       0       0       1       0                  CCURVE     123D   2590
     110    2611       1       1       0       0       0       001010500D   2591
     110       0       0       2       0                    LINE     607D   2592
     110    2613       1       1       0       0       0       001010500D   2593
     110       0       0       1       0                    LINE     608D   2594
     110    2614       1       1       0       0       0       001010500D   2595
     110       0       0       1       0                    LINE     609D   2596
     110    2615       1       1       0       0       0       001010500D   2597
     110       0       0       2       0                    LINE     610D   2598
     102    2617       1       1       0       0       0       001010500D   2599
     102       0       0       1       0                  CCURVE     124D   2600
     142    2618       1       1       0       0       0       001010500D   2601
     142       0       0       1       0                  UV_BND      62D   2602
     144    2619       1       1       0       0       0       000000000D   2603
     144       0       0       1       0                 TRM_SRF      49D   2604
     128    2620       1       1       0       0       0       001010000D   2605
     128       0       0       9       0                  SPLSRF      35D   2606
     102    2629       1       1       0       0       0       001010000D   2607
     102       0       0       1       0                  CCURVE     125D   2608
     110    2630       1       1       0       0       0       001010500D   2609
     110       0       0       2       0                    LINE     611D   2610
     110    2632       1       1       0       0       0       001010500D   2611
     110       0       0       1       0                    LINE     612D   2612
     110    2633       1       1       0       0       0       001010500D   2613
     110       0       0       1       0                    LINE     613D   2614
     110    2634       1       1       0       0       0       001010500D   2615
     110       0       0       1       0                    LINE     614D   2616
     102    2635       1       1       0       0       0       001010500D   2617
     102       0       0       1       0                  CCURVE     126D   2618
     142    2636       1       1       0       0       0       001010500D   2619
     142       0       0       1       0                  UV_BND      63D   2620
     144    2637       1       1       0       0       0       000000000D   2621
     144       0       0       1       0                 TRM_SRF      50D   2622
     128    2638       1       1       0       0       0       001010000D   2623
     128       0       0       9       0                  SPLSRF      36D   2624
     102    2647       1       1       0       0       0       001010000D   2625
     102       0       0       1       0                  CCURVE     127D   2626
     110    2648       1       1       0       0       0       001010500D   2627
     110       0       0       2       0                    LINE     615D   2628
     110    2650       1       1       0       0       0       001010500D   2629
     110       0       0       2       0                    LINE     616D   2630
     110    2652       1       1       0       0       0       001010500D   2631
     110       0       0       1       0                    LINE     617D   2632
     110    2653       1       1       0       0       0       001010500D   2633
     110       0       0       1       0                    LINE     618D   2634
     102    2654       1       1       0       0       0       001010500D   2635
     102       0       0       1       0                  CCURVE     128D   2636
     142    2655       1       1       0       0       0       001010500D   2637
     142       0       0       1       0                  UV_BND      64D   2638
     144    2656       1       1       0       0       0       000000000D   2639
     144       0       0       1       0                 TRM_SRF      51D   2640
     128    2657       1       1       0       0       0       001010000D   2641
     128       0       0       7       0                  SPLSRF      37D   2642
     126    2664       1       1       0       0       0       001010000D   2643
     126       0       0      19       0                B_SPLINE     103D   2644
     110    2683       1       1       0       0       0       001010000D   2645
     110       0       0       1       0                    LINE     619D   2646
     110    2684       1       1       0       0       0       001010000D   2647
     110       0       0       2       0                    LINE     620D   2648
     102    2686       1       1       0       0       0       001010000D   2649
     102       0       0       1       0                  CCURVE     129D   2650
     126    2687       1       1       0       0       0       001010500D   2651
     126       0       0      15       0                B_SPLINE     104D   2652
     110    2702       1       1       0       0       0       001010500D   2653
     110       0       0       2       0                    LINE     621D   2654
     126    2704       1       1       0       0       0       001010500D   2655
     126       0       0       5       0                B_SPLINE     105D   2656
     110    2709       1       1       0       0       0       001010500D   2657
     110       0       0       1       0                    LINE     622D   2658
     110    2710       1       1       0       0       0       001010500D   2659
     110       0       0       1       0                    LINE     623D   2660
     110    2711       1       1       0       0       0       001010500D   2661
     110       0       0       1       0                    LINE     624D   2662
     110    2712       1       1       0       0       0       001010500D   2663
     110       0       0       2       0                    LINE     625D   2664
     102    2714       1       1       0       0       0       001010500D   2665
     102       0       0       1       0                  CCURVE     130D   2666
     142    2715       1       1       0       0       0       001010500D   2667
     142       0       0       1       0                  UV_BND      65D   2668
     144    2716       1       1       0       0       0       000000000D   2669
     144       0       0       1       0                 TRM_SRF      52D   2670
     128    2717       1       1       0       0       0       001010000D   2671
     128       0       0       7       0                  SPLSRF      38D   2672
     126    2724       1       1       0       0       0       001010000D   2673
     126       0       0      19       0                B_SPLINE     106D   2674
     110    2743       1       1       0       0       0       001010000D   2675
     110       0       0       2       0                    LINE     626D   2676
     110    2745       1       1       0       0       0       001010000D   2677
     110       0       0       2       0                    LINE     627D   2678
     102    2747       1       1       0       0       0       001010000D   2679
     102       0       0       1       0                  CCURVE     131D   2680
     126    2748       1       1       0       0       0       001010500D   2681
     126       0       0      15       0                B_SPLINE     107D   2682
     110    2763       1       1       0       0       0       001010500D   2683
     110       0       0       2       0                    LINE     628D   2684
     110    2765       1       1       0       0       0       001010500D   2685
     110       0       0       1       0                    LINE     629D   2686
     110    2766       1       1       0       0       0       001010500D   2687
     110       0       0       1       0                    LINE     630D   2688
     110    2767       1       1       0       0       0       001010500D   2689
     110       0       0       1       0                    LINE     631D   2690
     126    2768       1       1       0       0       0       001010500D   2691
     126       0       0       5       0                B_SPLINE     108D   2692
     110    2773       1       1       0       0       0       001010500D   2693
     110       0       0       2       0                    LINE     632D   2694
     102    2775       1       1       0       0       0       001010500D   2695
     102       0       0       1       0                  CCURVE     132D   2696
     142    2776       1       1       0       0       0       001010500D   2697
     142       0       0       1       0                  UV_BND      66D   2698
     144    2777       1       1       0       0       0       000000000D   2699
     144       0       0       1       0                 TRM_SRF      53D   2700
     110    2778       1       1       0       0       0       001010000D   2701
     110       0       0       1       0                    LINE     633D   2702
     110    2779       1       1       0       0       0       001010000D   2703
     110       0       0       2       0                    LINE     634D   2704
     120    2781       1       1       0       0       0       001010000D   2705
     120       0       0       1       0                    SREV      16D   2706
     124    2782       1       1       0       0       0       001000000D   2707
     124       0       0       2       0                   XFORM     154D   2708
     100    2784       1       1       0       0    2707       001010000D   2709
     100       0       0       1       0                     ARC     154D   2710
     102    2785       1       1       0       0       0       001010000D   2711
     102       0       0       1       0                  CCURVE     133D   2712
     126    2786       1       1       0       0       0       001010500D   2713
     126       0       0      15       0                B_SPLINE     109D   2714
     110    2801       1       1       0       0       0       001010500D   2715
     110       0       0       2       0                    LINE     635D   2716
     110    2803       1       1       0       0       0       001010500D   2717
     110       0       0       2       0                    LINE     636D   2718
     110    2805       1       1       0       0       0       001010500D   2719
     110       0       0       1       0                    LINE     637D   2720
     110    2806       1       1       0       0       0       001010500D   2721
     110       0       0       2       0                    LINE     638D   2722
     102    2808       1       1       0       0       0       001010500D   2723
     102       0       0       1       0                  CCURVE     134D   2724
     142    2809       1       1       0       0       0       001010500D   2725
     142       0       0       1       0                  UV_BND      67D   2726
     144    2810       1       1       0       0       0       000000000D   2727
     144       0       0       1       0                 TRM_SRF      54D   2728
     128    2811       1       1       0       0       0       001010000D   2729
     128       0       0       8       0                  SPLSRF      39D   2730
     124    2819       1       1       0       0       0       001000000D   2731
     124       0       0       2       0                   XFORM     155D   2732
     100    2821       1       1       0       0    2731       001010000D   2733
     100       0       0       1       0                     ARC     155D   2734
     102    2822       1       1       0       0       0       001010000D   2735
     102       0       0       1       0                  CCURVE     135D   2736
     110    2823       1       1       0       0       0       001010500D   2737
     110       0       0       1       0                    LINE     639D   2738
     126    2824       1       1       0       0       0       001010500D   2739
     126       0       0       6       0                B_SPLINE     110D   2740
     110    2830       1       1       0       0       0       001010500D   2741
     110       0       0       1       0                    LINE     640D   2742
     126    2831       1       1       0       0       0       001010500D   2743
     126       0       0      10       0                B_SPLINE     111D   2744
     110    2841       1       1       0       0       0       001010500D   2745
     110       0       0       1       0                    LINE     641D   2746
     102    2842       1       1       0       0       0       001010500D   2747
     102       0       0       1       0                  CCURVE     136D   2748
     142    2843       1       1       0       0       0       001010500D   2749
     142       0       0       1       0                  UV_BND      68D   2750
     144    2844       1       1       0       0       0       000000000D   2751
     144       0       0       1       0                 TRM_SRF      55D   2752
     128    2845       1       1       0       0       0       001010000D   2753
     128       0       0       8       0                  SPLSRF      40D   2754
     124    2853       1       1       0       0       0       001000000D   2755
     124       0       0       2       0                   XFORM     156D   2756
     100    2855       1       1       0       0    2755       001010000D   2757
     100       0       0       1       0                     ARC     156D   2758
     102    2856       1       1       0       0       0       001010000D   2759
     102       0       0       1       0                  CCURVE     137D   2760
     110    2857       1       1       0       0       0       001010500D   2761
     110       0       0       1       0                    LINE     642D   2762
     110    2858       1       1       0       0       0       001010500D   2763
     110       0       0       1       0                    LINE     643D   2764
     126    2859       1       1       0       0       0       001010500D   2765
     126       0       0      10       0                B_SPLINE     112D   2766
     110    2869       1       1       0       0       0       001010500D   2767
     110       0       0       1       0                    LINE     644D   2768
     126    2870       1       1       0       0       0       001010500D   2769
     126       0       0       6       0                B_SPLINE     113D   2770
     102    2876       1       1       0       0       0       001010500D   2771
     102       0       0       1       0                  CCURVE     138D   2772
     142    2877       1       1       0       0       0       001010500D   2773
     142       0       0       1       0                  UV_BND      69D   2774
     144    2878       1       1       0       0       0       000000000D   2775
     144       0       0       1       0                 TRM_SRF      56D   2776
     128    2879       1       1       0       0       0       001010000D   2777
     128       0       0       8       0                  SPLSRF      41D   2778
     102    2887       1       1       0       0       0       001010000D   2779
     102       0       0       1       0                  CCURVE     139D   2780
     110    2888       1       1       0       0       0       001010500D   2781
     110       0       0       1       0                    LINE     645D   2782
     110    2889       1       1       0       0       0       001010500D   2783
     110       0       0       1       0                    LINE     646D   2784
     110    2890       1       1       0       0       0       001010500D   2785
     110       0       0       1       0                    LINE     647D   2786
     110    2891       1       1       0       0       0       001010500D   2787
     110       0       0       1       0                    LINE     648D   2788
     102    2892       1       1       0       0       0       001010500D   2789
     102       0       0       1       0                  CCURVE     140D   2790
     142    2893       1       1       0       0       0       001010500D   2791
     142       0       0       1       0                  UV_BND      70D   2792
     144    2894       1       1       0       0       0       000000000D   2793
     144       0       0       1       0                 TRM_SRF      57D   2794
     128    2895       1       1       0       0       0       001010000D   2795
     128       0       0       5       0                  SPLSRF      42D   2796
     110    2900       1       1       0       0       0       001010000D   2797
     110       0       0       1       0                    LINE     649D   2798
     110    2901       1       1       0       0       0       001010000D   2799
     110       0       0       1       0                    LINE     650D   2800
     110    2902       1       1       0       0       0       001010000D   2801
     110       0       0       1       0                    LINE     651D   2802
     102    2903       1       1       0       0       0       001010000D   2803
     102       0       0       1       0                  CCURVE     141D   2804
     110    2904       1       1       0       0       0       001010500D   2805
     110       0       0       1       0                    LINE     652D   2806
     110    2905       1       1       0       0       0       001010500D   2807
     110       0       0       1       0                    LINE     653D   2808
     110    2906       1       1       0       0       0       001010500D   2809
     110       0       0       1       0                    LINE     654D   2810
     110    2907       1       1       0       0       0       001010500D   2811
     110       0       0       1       0                    LINE     655D   2812
     110    2908       1       1       0       0       0       001010500D   2813
     110       0       0       1       0                    LINE     656D   2814
     110    2909       1       1       0       0       0       001010500D   2815
     110       0       0       1       0                    LINE     657D   2816
     110    2910       1       1       0       0       0       001010500D   2817
     110       0       0       1       0                    LINE     658D   2818
     110    2911       1       1       0       0       0       001010500D   2819
     110       0       0       1       0                    LINE     659D   2820
     102    2912       1       1       0       0       0       001010500D   2821
     102       0       0       1       0                  CCURVE     142D   2822
     142    2913       1       1       0       0       0       001010500D   2823
     142       0       0       1       0                  UV_BND      71D   2824
     144    2914       1       1       0       0       0       000000000D   2825
     144       0       0       1       0                 TRM_SRF      58D   2826
     128    2915       1       1       0       0       0       001010000D   2827
     128       0       0       6       0                  SPLSRF      43D   2828
     102    2921       1       1       0       0       0       001010000D   2829
     102       0       0       1       0                  CCURVE     143D   2830
     110    2922       1       1       0       0       0       001010500D   2831
     110       0       0       1       0                    LINE     660D   2832
     110    2923       1       1       0       0       0       001010500D   2833
     110       0       0       1       0                    LINE     661D   2834
     126    2924       1       1       0       0       0       001010500D   2835
     126       0       0       7       0                B_SPLINE     114D   2836
     110    2931       1       1       0       0       0       001010500D   2837
     110       0       0       1       0                    LINE     662D   2838
     126    2932       1       1       0       0       0       001010500D   2839
     126       0       0       7       0                B_SPLINE     115D   2840
     110    2939       1       1       0       0       0       001010500D   2841
     110       0       0       1       0                    LINE     663D   2842
     102    2940       1       1       0       0       0       001010500D   2843
     102       0       0       1       0                  CCURVE     144D   2844
     142    2941       1       1       0       0       0       001010500D   2845
     142       0       0       1       0                  UV_BND      72D   2846
     144    2942       1       1       0       0       0       000000000D   2847
     144       0       0       1       0                 TRM_SRF      59D   2848
     110    2943       1       1       0       0       0       001010000D   2849
     110       0       0       1       0                    LINE     664D   2850
     110    2944       1       1       0       0       0       001010000D   2851
     110       0       0       2       0                    LINE     665D   2852
     120    2946       1       1       0       0       0       001010000D   2853
     120       0       0       1       0                    SREV      17D   2854
     124    2947       1       1       0       0       0       001000000D   2855
     124       0       0       2       0                   XFORM     157D   2856
     100    2949       1       1       0       0    2855       001010000D   2857
     100       0       0       1       0                     ARC     157D   2858
     102    2950       1       1       0       0       0       001010000D   2859
     102       0       0       1       0                  CCURVE     145D   2860
     126    2951       1       1       0       0       0       001010500D   2861
     126       0       0      15       0                B_SPLINE     116D   2862
     110    2966       1       1       0       0       0       001010500D   2863
     110       0       0       2       0                    LINE     666D   2864
     110    2968       1       1       0       0       0       001010500D   2865
     110       0       0       2       0                    LINE     667D   2866
     110    2970       1       1       0       0       0       001010500D   2867
     110       0       0       2       0                    LINE     668D   2868
     110    2972       1       1       0       0       0       001010500D   2869
     110       0       0       2       0                    LINE     669D   2870
     102    2974       1       1       0       0       0       001010500D   2871
     102       0       0       1       0                  CCURVE     146D   2872
     142    2975       1       1       0       0       0       001010500D   2873
     142       0       0       1       0                  UV_BND      73D   2874
     144    2976       1       1       0       0       0       000000000D   2875
     144       0       0       1       0                 TRM_SRF      60D   2876
     128    2977       1       1       0       0       0       001010000D   2877
     128       0       0       8       0                  SPLSRF      44D   2878
     110    2985       1       1       0       0       0       001010000D   2879
     110       0       0       2       0                    LINE     670D   2880
     102    2987       1       1       0       0       0       001010000D   2881
     102       0       0       1       0                  CCURVE     147D   2882
     110    2988       1       1       0       0       0       001010500D   2883
     110       0       0       1       0                    LINE     671D   2884
     110    2989       1       1       0       0       0       001010500D   2885
     110       0       0       1       0                    LINE     672D   2886
     110    2990       1       1       0       0       0       001010500D   2887
     110       0       0       1       0                    LINE     673D   2888
     110    2991       1       1       0       0       0       001010500D   2889
     110       0       0       1       0                    LINE     674D   2890
     102    2992       1       1       0       0       0       001010500D   2891
     102       0       0       1       0                  CCURVE     148D   2892
     142    2993       1       1       0       0       0       001010500D   2893
     142       0       0       1       0                  UV_BND      74D   2894
     144    2994       1       1       0       0       0       000000000D   2895
     144       0       0       1       0                 TRM_SRF      61D   2896
     128    2995       1       1       0       0       0       001010000D   2897
     128       0       0       8       0                  SPLSRF      45D   2898
     102    3003       1       1       0       0       0       001010000D   2899
     102       0       0       1       0                  CCURVE     149D   2900
     110    3004       1       1       0       0       0       001010500D   2901
     110       0       0       1       0                    LINE     675D   2902
     110    3005       1       1       0       0       0       001010500D   2903
     110       0       0       1       0                    LINE     676D   2904
     110    3006       1       1       0       0       0       001010500D   2905
     110       0       0       1       0                    LINE     677D   2906
     110    3007       1       1       0       0       0       001010500D   2907
     110       0       0       1       0                    LINE     678D   2908
     102    3008       1       1       0       0       0       001010500D   2909
     102       0       0       1       0                  CCURVE     150D   2910
     142    3009       1       1       0       0       0       001010500D   2911
     142       0       0       1       0                  UV_BND      75D   2912
     144    3010       1       1       0       0       0       000000000D   2913
     144       0       0       1       0                 TRM_SRF      62D   2914
     110    3011       1       1       0       0       0       001010000D   2915
     110       0       0       2       0                    LINE     679D   2916
     110    3013       1       1       0       0       0       001010000D   2917
     110       0       0       2       0                    LINE     680D   2918
     120    3015       1       1       0       0       0       001010000D   2919
     120       0       0       1       0                    SREV      18D   2920
     102    3016       1       1       0       0       0       001010000D   2921
     102       0       0       1       0                  CCURVE     151D   2922
     110    3017       1       1       0       0       0       001010500D   2923
     110       0       0       2       0                    LINE     681D   2924
     126    3019       1       1       0       0       0       001010500D   2925
     126       0       0       5       0                B_SPLINE     117D   2926
     110    3024       1       1       0       0       0       001010500D   2927
     110       0       0       2       0                    LINE     682D   2928
     110    3026       1       1       0       0       0       001010500D   2929
     110       0       0       2       0                    LINE     683D   2930
     110    3028       1       1       0       0       0       001010500D   2931
     110       0       0       2       0                    LINE     684D   2932
     110    3030       1       1       0       0       0       001010500D   2933
     110       0       0       1       0                    LINE     685D   2934
     110    3031       1       1       0       0       0       001010500D   2935
     110       0       0       2       0                    LINE     686D   2936
     102    3033       1       1       0       0       0       001010500D   2937
     102       0       0       1       0                  CCURVE     152D   2938
     142    3034       1       1       0       0       0       001010500D   2939
     142       0       0       1       0                  UV_BND      76D   2940
     144    3035       1       1       0       0       0       000000000D   2941
     144       0       0       1       0                 TRM_SRF      63D   2942
     110    3036       1       1       0       0       0       001010000D   2943
     110       0       0       2       0                    LINE     687D   2944
     110    3038       1       1       0       0       0       001010000D   2945
     110       0       0       1       0                    LINE     688D   2946
     120    3039       1       1       0       0       0       001010000D   2947
     120       0       0       1       0                    SREV      19D   2948
     124    3040       1       1       0       0       0       001000000D   2949
     124       0       0       1       0                   XFORM     158D   2950
     100    3041       1       1       0       0    2949       001010000D   2951
     100       0       0       1       0                     ARC     158D   2952
     102    3042       1       1       0       0       0       001010000D   2953
     102       0       0       1       0                  CCURVE     153D   2954
     110    3043       1       1       0       0       0       001010500D   2955
     110       0       0       1       0                    LINE     689D   2956
     110    3044       1       1       0       0       0       001010500D   2957
     110       0       0       2       0                    LINE     690D   2958
     110    3046       1       1       0       0       0       001010500D   2959
     110       0       0       2       0                    LINE     691D   2960
     110    3048       1       1       0       0       0       001010500D   2961
     110       0       0       2       0                    LINE     692D   2962
     102    3050       1       1       0       0       0       001010500D   2963
     102       0       0       1       0                  CCURVE     154D   2964
     142    3051       1       1       0       0       0       001010500D   2965
     142       0       0       1       0                  UV_BND      77D   2966
     144    3052       1       1       0       0       0       000000000D   2967
     144       0       0       1       0                 TRM_SRF      64D   2968
     128    3053       1       1       0       0       0       001010000D   2969
     128       0       0       5       0                  SPLSRF      46D   2970
     102    3058       1       1       0       0       0       001010000D   2971
     102       0       0       1       0                  CCURVE     155D   2972
     110    3059       1       1       0       0       0       001010500D   2973
     110       0       0       1       0                    LINE     693D   2974
     110    3060       1       1       0       0       0       001010500D   2975
     110       0       0       1       0                    LINE     694D   2976
     110    3061       1       1       0       0       0       001010500D   2977
     110       0       0       1       0                    LINE     695D   2978
     110    3062       1       1       0       0       0       001010500D   2979
     110       0       0       1       0                    LINE     696D   2980
     102    3063       1       1       0       0       0       001010500D   2981
     102       0       0       1       0                  CCURVE     156D   2982
     142    3064       1       1       0       0       0       001010500D   2983
     142       0       0       1       0                  UV_BND      78D   2984
     102    3065       1       1       0       0       0       001010000D   2985
     102       0       0       1       0                  CCURVE     157D   2986
     126    3066       1       1       0       0       0       001010500D   2987
     126       0       0      12       0                B_SPLINE     118D   2988
     126    3078       1       1       0       0       0       001010500D   2989
     126       0       0      12       0                B_SPLINE     119D   2990
     102    3090       1       1       0       0       0       001010500D   2991
     102       0       0       1       0                  CCURVE     158D   2992
     142    3091       1       1       0       0       0       001010500D   2993
     142       0       0       1       0                  UV_BND      79D   2994
     102    3092       1       1       0       0       0       001010000D   2995
     102       0       0       1       0                  CCURVE     159D   2996
     126    3093       1       1       0       0       0       001010500D   2997
     126       0       0      12       0                B_SPLINE     120D   2998
     126    3105       1       1       0       0       0       001010500D   2999
     126       0       0      12       0                B_SPLINE     121D   3000
     102    3117       1       1       0       0       0       001010500D   3001
     102       0       0       1       0                  CCURVE     160D   3002
     142    3118       1       1       0       0       0       001010500D   3003
     142       0       0       1       0                  UV_BND      80D   3004
     102    3119       1       1       0       0       0       001010000D   3005
     102       0       0       1       0                  CCURVE     161D   3006
     126    3120       1       1       0       0       0       001010500D   3007
     126       0       0      12       0                B_SPLINE     122D   3008
     126    3132       1       1       0       0       0       001010500D   3009
     126       0       0      12       0                B_SPLINE     123D   3010
     102    3144       1       1       0       0       0       001010500D   3011
     102       0       0       1       0                  CCURVE     162D   3012
     142    3145       1       1       0       0       0       001010500D   3013
     142       0       0       1       0                  UV_BND      81D   3014
     102    3146       1       1       0       0       0       001010000D   3015
     102       0       0       1       0                  CCURVE     163D   3016
     126    3147       1       1       0       0       0       001010500D   3017
     126       0       0      12       0                B_SPLINE     124D   3018
     126    3159       1       1       0       0       0       001010500D   3019
     126       0       0      12       0                B_SPLINE     125D   3020
     102    3171       1       1       0       0       0       001010500D   3021
     102       0       0       1       0                  CCURVE     164D   3022
     142    3172       1       1       0       0       0       001010500D   3023
     142       0       0       1       0                  UV_BND      82D   3024
     102    3173       1       1       0       0       0       001010000D   3025
     102       0       0       1       0                  CCURVE     165D   3026
     126    3174       1       1       0       0       0       001010500D   3027
     126       0       0      14       0                B_SPLINE     126D   3028
     126    3188       1       1       0       0       0       001010500D   3029
     126       0       0      14       0                B_SPLINE     127D   3030
     102    3202       1       1       0       0       0       001010500D   3031
     102       0       0       1       0                  CCURVE     166D   3032
     142    3203       1       1       0       0       0       001010500D   3033
     142       0       0       1       0                  UV_BND      83D   3034
     144    3204       1       1       0       0       0       000000000D   3035
     144       0       0       1       0                 TRM_SRF      65D   3036
     110    3205       1       1       0       0       0       001010000D   3037
     110       0       0       2       0                    LINE     697D   3038
     110    3207       1       1       0       0       0       001010000D   3039
     110       0       0       1       0                    LINE     698D   3040
     120    3208       1       1       0       0       0       001010000D   3041
     120       0       0       1       0                    SREV      20D   3042
     124    3209       1       1       0       0       0       001000000D   3043
     124       0       0       1       0                   XFORM     159D   3044
     100    3210       1       1       0       0    3043       001010000D   3045
     100       0       0       1       0                     ARC     159D   3046
     102    3211       1       1       0       0       0       001010000D   3047
     102       0       0       1       0                  CCURVE     167D   3048
     110    3212       1       1       0       0       0       001010500D   3049
     110       0       0       1       0                    LINE     699D   3050
     110    3213       1       1       0       0       0       001010500D   3051
     110       0       0       2       0                    LINE     700D   3052
     110    3215       1       1       0       0       0       001010500D   3053
     110       0       0       2       0                    LINE     701D   3054
     110    3217       1       1       0       0       0       001010500D   3055
     110       0       0       2       0                    LINE     702D   3056
     102    3219       1       1       0       0       0       001010500D   3057
     102       0       0       1       0                  CCURVE     168D   3058
     142    3220       1       1       0       0       0       001010500D   3059
     142       0       0       1       0                  UV_BND      84D   3060
     144    3221       1       1       0       0       0       000000000D   3061
     144       0       0       1       0                 TRM_SRF      66D   3062
     110    3222       1       1       0       0       0       001010000D   3063
     110       0       0       1       0                    LINE     703D   3064
     110    3223       1       1       0       0       0       001010000D   3065
     110       0       0       2       0                    LINE     704D   3066
     120    3225       1       1       0       0       0       001010000D   3067
     120       0       0       1       0                    SREV      21D   3068
     124    3226       1       1       0       0       0       001000000D   3069
     124       0       0       2       0                   XFORM     160D   3070
     100    3228       1       1       0       0    3069       001010000D   3071
     100       0       0       1       0                     ARC     160D   3072
     110    3229       1       1       0       0       0       001010000D   3073
     110       0       0       1       0                    LINE     705D   3074
     102    3230       1       1       0       0       0       001010000D   3075
     102       0       0       1       0                  CCURVE     169D   3076
     110    3231       1       1       0       0       0       001010500D   3077
     110       0       0       2       0                    LINE     706D   3078
     110    3233       1       1       0       0       0       001010500D   3079
     110       0       0       1       0                    LINE     707D   3080
     110    3234       1       1       0       0       0       001010500D   3081
     110       0       0       2       0                    LINE     708D   3082
     110    3236       1       1       0       0       0       001010500D   3083
     110       0       0       2       0                    LINE     709D   3084
     102    3238       1       1       0       0       0       001010500D   3085
     102       0       0       1       0                  CCURVE     170D   3086
     142    3239       1       1       0       0       0       001010500D   3087
     142       0       0       1       0                  UV_BND      85D   3088
     144    3240       1       1       0       0       0       000000000D   3089
     144       0       0       1       0                 TRM_SRF      67D   3090
     110    3241       1       1       0       0       0       001010000D   3091
     110       0       0       1       0                    LINE     710D   3092
     110    3242       1       1       0       0       0       001010000D   3093
     110       0       0       2       0                    LINE     711D   3094
     120    3244       1       1       0       0       0       001010000D   3095
     120       0       0       1       0                    SREV      22D   3096
     124    3245       1       1       0       0       0       001000000D   3097
     124       0       0       2       0                   XFORM     161D   3098
     100    3247       1       1       0       0    3097       001010000D   3099
     100       0       0       1       0                     ARC     161D   3100
     110    3248       1       1       0       0       0       001010000D   3101
     110       0       0       1       0                    LINE     712D   3102
     102    3249       1       1       0       0       0       001010000D   3103
     102       0       0       1       0                  CCURVE     171D   3104
     110    3250       1       1       0       0       0       001010500D   3105
     110       0       0       2       0                    LINE     713D   3106
     110    3252       1       1       0       0       0       001010500D   3107
     110       0       0       2       0                    LINE     714D   3108
     110    3254       1       1       0       0       0       001010500D   3109
     110       0       0       2       0                    LINE     715D   3110
     110    3256       1       1       0       0       0       001010500D   3111
     110       0       0       2       0                    LINE     716D   3112
     102    3258       1       1       0       0       0       001010500D   3113
     102       0       0       1       0                  CCURVE     172D   3114
     142    3259       1       1       0       0       0       001010500D   3115
     142       0       0       1       0                  UV_BND      86D   3116
     144    3260       1       1       0       0       0       000000000D   3117
     144       0       0       1       0                 TRM_SRF      68D   3118
     110    3261       1       1       0       0       0       001010000D   3119
     110       0       0       1       0                    LINE     717D   3120
     110    3262       1       1       0       0       0       001010000D   3121
     110       0       0       2       0                    LINE     718D   3122
     120    3264       1       1       0       0       0       001010000D   3123
     120       0       0       1       0                    SREV      23D   3124
     124    3265       1       1       0       0       0       001000000D   3125
     124       0       0       2       0                   XFORM     162D   3126
     100    3267       1       1       0       0    3125       001010000D   3127
     100       0       0       1       0                     ARC     162D   3128
     110    3268       1       1       0       0       0       001010000D   3129
     110       0       0       1       0                    LINE     719D   3130
     102    3269       1       1       0       0       0       001010000D   3131
     102       0       0       1       0                  CCURVE     173D   3132
     110    3270       1       1       0       0       0       001010500D   3133
     110       0       0       2       0                    LINE     720D   3134
     110    3272       1       1       0       0       0       001010500D   3135
     110       0       0       1       0                    LINE     721D   3136
     110    3273       1       1       0       0       0       001010500D   3137
     110       0       0       2       0                    LINE     722D   3138
     110    3275       1       1       0       0       0       001010500D   3139
     110       0       0       2       0                    LINE     723D   3140
     102    3277       1       1       0       0       0       001010500D   3141
     102       0       0       1       0                  CCURVE     174D   3142
     142    3278       1       1       0       0       0       001010500D   3143
     142       0       0       1       0                  UV_BND      87D   3144
     144    3279       1       1       0       0       0       000000000D   3145
     144       0       0       1       0                 TRM_SRF      69D   3146
     110    3280       1       1       0       0       0       001010000D   3147
     110       0       0       1       0                    LINE     724D   3148
     110    3281       1       1       0       0       0       001010000D   3149
     110       0       0       2       0                    LINE     725D   3150
     120    3283       1       1       0       0       0       001010000D   3151
     120       0       0       1       0                    SREV      24D   3152
     124    3284       1       1       0       0       0       001000000D   3153
     124       0       0       2       0                   XFORM     163D   3154
     100    3286       1       1       0       0    3153       001010000D   3155
     100       0       0       1       0                     ARC     163D   3156
     110    3287       1       1       0       0       0       001010000D   3157
     110       0       0       1       0                    LINE     726D   3158
     102    3288       1       1       0       0       0       001010000D   3159
     102       0       0       1       0                  CCURVE     175D   3160
     110    3289       1       1       0       0       0       001010500D   3161
     110       0       0       2       0                    LINE     727D   3162
     110    3291       1       1       0       0       0       001010500D   3163
     110       0       0       2       0                    LINE     728D   3164
     110    3293       1       1       0       0       0       001010500D   3165
     110       0       0       2       0                    LINE     729D   3166
     110    3295       1       1       0       0       0       001010500D   3167
     110       0       0       2       0                    LINE     730D   3168
     102    3297       1       1       0       0       0       001010500D   3169
     102       0       0       1       0                  CCURVE     176D   3170
     142    3298       1       1       0       0       0       001010500D   3171
     142       0       0       1       0                  UV_BND      88D   3172
     144    3299       1       1       0       0       0       000000000D   3173
     144       0       0       1       0                 TRM_SRF      70D   3174
     110    3300       1       1       0       0       0       001010000D   3175
     110       0       0       1       0                    LINE     731D   3176
     110    3301       1       1       0       0       0       001010000D   3177
     110       0       0       2       0                    LINE     732D   3178
     120    3303       1       1       0       0       0       001010000D   3179
     120       0       0       1       0                    SREV      25D   3180
     124    3304       1       1       0       0       0       001000000D   3181
     124       0       0       2       0                   XFORM     164D   3182
     100    3306       1       1       0       0    3181       001010000D   3183
     100       0       0       1       0                     ARC     164D   3184
     110    3307       1       1       0       0       0       001010000D   3185
     110       0       0       1       0                    LINE     733D   3186
     102    3308       1       1       0       0       0       001010000D   3187
     102       0       0       1       0                  CCURVE     177D   3188
     110    3309       1       1       0       0       0       001010500D   3189
     110       0       0       2       0                    LINE     734D   3190
     110    3311       1       1       0       0       0       001010500D   3191
     110       0       0       1       0                    LINE     735D   3192
     110    3312       1       1       0       0       0       001010500D   3193
     110       0       0       2       0                    LINE     736D   3194
     110    3314       1       1       0       0       0       001010500D   3195
     110       0       0       2       0                    LINE     737D   3196
     102    3316       1       1       0       0       0       001010500D   3197
     102       0       0       1       0                  CCURVE     178D   3198
     142    3317       1       1       0       0       0       001010500D   3199
     142       0       0       1       0                  UV_BND      89D   3200
     144    3318       1       1       0       0       0       000000000D   3201
     144       0       0       1       0                 TRM_SRF      71D   3202
     110    3319       1       1       0       0       0       001010000D   3203
     110       0       0       1       0                    LINE     738D   3204
     110    3320       1       1       0       0       0       001010000D   3205
     110       0       0       2       0                    LINE     739D   3206
     120    3322       1       1       0       0       0       001010000D   3207
     120       0       0       1       0                    SREV      26D   3208
     124    3323       1       1       0       0       0       001000000D   3209
     124       0       0       2       0                   XFORM     165D   3210
     100    3325       1       1       0       0    3209       001010000D   3211
     100       0       0       1       0                     ARC     165D   3212
     110    3326       1       1       0       0       0       001010000D   3213
     110       0       0       1       0                    LINE     740D   3214
     102    3327       1       1       0       0       0       001010000D   3215
     102       0       0       1       0                  CCURVE     179D   3216
     110    3328       1       1       0       0       0       001010500D   3217
     110       0       0       2       0                    LINE     741D   3218
     110    3330       1       1       0       0       0       001010500D   3219
     110       0       0       2       0                    LINE     742D   3220
     110    3332       1       1       0       0       0       001010500D   3221
     110       0       0       2       0                    LINE     743D   3222
     110    3334       1       1       0       0       0       001010500D   3223
     110       0       0       2       0                    LINE     744D   3224
     102    3336       1       1       0       0       0       001010500D   3225
     102       0       0       1       0                  CCURVE     180D   3226
     142    3337       1       1       0       0       0       001010500D   3227
     142       0       0       1       0                  UV_BND      90D   3228
     144    3338       1       1       0       0       0       000000000D   3229
     144       0       0       1       0                 TRM_SRF      72D   3230
     110    3339       1       1       0       0       0       001010000D   3231
     110       0       0       1       0                    LINE     745D   3232
     110    3340       1       1       0       0       0       001010000D   3233
     110       0       0       2       0                    LINE     746D   3234
     120    3342       1       1       0       0       0       001010000D   3235
     120       0       0       1       0                    SREV      27D   3236
     124    3343       1       1       0       0       0       001000000D   3237
     124       0       0       2       0                   XFORM     166D   3238
     100    3345       1       1       0       0    3237       001010000D   3239
     100       0       0       1       0                     ARC     166D   3240
     110    3346       1       1       0       0       0       001010000D   3241
     110       0       0       1       0                    LINE     747D   3242
     102    3347       1       1       0       0       0       001010000D   3243
     102       0       0       1       0                  CCURVE     181D   3244
     110    3348       1       1       0       0       0       001010500D   3245
     110       0       0       2       0                    LINE     748D   3246
     110    3350       1       1       0       0       0       001010500D   3247
     110       0       0       1       0                    LINE     749D   3248
     110    3351       1       1       0       0       0       001010500D   3249
     110       0       0       2       0                    LINE     750D   3250
     110    3353       1       1       0       0       0       001010500D   3251
     110       0       0       2       0                    LINE     751D   3252
     102    3355       1       1       0       0       0       001010500D   3253
     102       0       0       1       0                  CCURVE     182D   3254
     142    3356       1       1       0       0       0       001010500D   3255
     142       0       0       1       0                  UV_BND      91D   3256
     144    3357       1       1       0       0       0       000000000D   3257
     144       0       0       1       0                 TRM_SRF      73D   3258
     110    3358       1       1       0       0       0       001010000D   3259
     110       0       0       1       0                    LINE     752D   3260
     110    3359       1       1       0       0       0       001010000D   3261
     110       0       0       2       0                    LINE     753D   3262
     120    3361       1       1       0       0       0       001010000D   3263
     120       0       0       1       0                    SREV      28D   3264
     124    3362       1       1       0       0       0       001000000D   3265
     124       0       0       2       0                   XFORM     167D   3266
     100    3364       1       1       0       0    3265       001010000D   3267
     100       0       0       1       0                     ARC     167D   3268
     110    3365       1       1       0       0       0       001010000D   3269
     110       0       0       1       0                    LINE     754D   3270
     102    3366       1       1       0       0       0       001010000D   3271
     102       0       0       1       0                  CCURVE     183D   3272
     110    3367       1       1       0       0       0       001010500D   3273
     110       0       0       2       0                    LINE     755D   3274
     110    3369       1       1       0       0       0       001010500D   3275
     110       0       0       2       0                    LINE     756D   3276
     110    3371       1       1       0       0       0       001010500D   3277
     110       0       0       2       0                    LINE     757D   3278
     110    3373       1       1       0       0       0       001010500D   3279
     110       0       0       2       0                    LINE     758D   3280
     102    3375       1       1       0       0       0       001010500D   3281
     102       0       0       1       0                  CCURVE     184D   3282
     142    3376       1       1       0       0       0       001010500D   3283
     142       0       0       1       0                  UV_BND      92D   3284
     144    3377       1       1       0       0       0       000000000D   3285
     144       0       0       1       0                 TRM_SRF      74D   3286
     110    3378       1       1       0       0       0       001010000D   3287
     110       0       0       1       0                    LINE     759D   3288
     110    3379       1       1       0       0       0       001010000D   3289
     110       0       0       2       0                    LINE     760D   3290
     120    3381       1       1       0       0       0       001010000D   3291
     120       0       0       1       0                    SREV      29D   3292
     124    3382       1       1       0       0       0       001000000D   3293
     124       0       0       2       0                   XFORM     168D   3294
     100    3384       1       1       0       0    3293       001010000D   3295
     100       0       0       1       0                     ARC     168D   3296
     110    3385       1       1       0       0       0       001010000D   3297
     110       0       0       1       0                    LINE     761D   3298
     102    3386       1       1       0       0       0       001010000D   3299
     102       0       0       1       0                  CCURVE     185D   3300
     110    3387       1       1       0       0       0       001010500D   3301
     110       0       0       2       0                    LINE     762D   3302
     110    3389       1       1       0       0       0       001010500D   3303
     110       0       0       2       0                    LINE     763D   3304
     110    3391       1       1       0       0       0       001010500D   3305
     110       0       0       2       0                    LINE     764D   3306
     110    3393       1       1       0       0       0       001010500D   3307
     110       0       0       1       0                    LINE     765D   3308
     102    3394       1       1       0       0       0       001010500D   3309
     102       0       0       1       0                  CCURVE     186D   3310
     142    3395       1       1       0       0       0       001010500D   3311
     142       0       0       1       0                  UV_BND      93D   3312
     144    3396       1       1       0       0       0       000000000D   3313
     144       0       0       1       0                 TRM_SRF      75D   3314
     110    3397       1       1       0       0       0       001010000D   3315
     110       0       0       1       0                    LINE     766D   3316
     110    3398       1       1       0       0       0       001010000D   3317
     110       0       0       2       0                    LINE     767D   3318
     120    3400       1       1       0       0       0       001010000D   3319
     120       0       0       1       0                    SREV      30D   3320
     124    3401       1       1       0       0       0       001000000D   3321
     124       0       0       2       0                   XFORM     169D   3322
     100    3403       1       1       0       0    3321       001010000D   3323
     100       0       0       1       0                     ARC     169D   3324
     110    3404       1       1       0       0       0       001010000D   3325
     110       0       0       1       0                    LINE     768D   3326
     102    3405       1       1       0       0       0       001010000D   3327
     102       0       0       1       0                  CCURVE     187D   3328
     110    3406       1       1       0       0       0       001010500D   3329
     110       0       0       2       0                    LINE     769D   3330
     110    3408       1       1       0       0       0       001010500D   3331
     110       0       0       2       0                    LINE     770D   3332
     110    3410       1       1       0       0       0       001010500D   3333
     110       0       0       2       0                    LINE     771D   3334
     110    3412       1       1       0       0       0       001010500D   3335
     110       0       0       2       0                    LINE     772D   3336
     102    3414       1       1       0       0       0       001010500D   3337
     102       0       0       1       0                  CCURVE     188D   3338
     142    3415       1       1       0       0       0       001010500D   3339
     142       0       0       1       0                  UV_BND      94D   3340
     144    3416       1       1       0       0       0       000000000D   3341
     144       0       0       1       0                 TRM_SRF      76D   3342
     128    3417       1       1       0       0       0       001010000D   3343
     128       0       0       7       0                  SPLSRF      47D   3344
     102    3424       1       1       0       0       0       001010000D   3345
     102       0       0       1       0                  CCURVE     189D   3346
     126    3425       1       1       0       0       0       001010500D   3347
     126       0       0      11       0                B_SPLINE     128D   3348
     126    3436       1       1       0       0       0       001010500D   3349
     126       0       0      11       0                B_SPLINE     129D   3350
     102    3447       1       1       0       0       0       001010500D   3351
     102       0       0       1       0                  CCURVE     190D   3352
     142    3448       1       1       0       0       0       001010500D   3353
     142       0       0       1       0                  UV_BND      95D   3354
     144    3449       1       1       0       0       0       000000000D   3355
     144       0       0       1       0                 TRM_SRF      77D   3356
     128    3450       1       1       0       0       0       001010000D   3357
     128       0       0       7       0                  SPLSRF      48D   3358
     102    3457       1       1       0       0       0       001010000D   3359
     102       0       0       1       0                  CCURVE     191D   3360
     126    3458       1       1       0       0       0       001010500D   3361
     126       0       0      11       0                B_SPLINE     130D   3362
     126    3469       1       1       0       0       0       001010500D   3363
     126       0       0      11       0                B_SPLINE     131D   3364
     102    3480       1       1       0       0       0       001010500D   3365
     102       0       0       1       0                  CCURVE     192D   3366
     142    3481       1       1       0       0       0       001010500D   3367
     142       0       0       1       0                  UV_BND      96D   3368
     144    3482       1       1       0       0       0       000000000D   3369
     144       0       0       1       0                 TRM_SRF      78D   3370
     110    3483       1       1       0       0       0       001010000D   3371
     110       0       0       1       0                    LINE     773D   3372
     110    3484       1       1       0       0       0       001010000D   3373
     110       0       0       2       0                    LINE     774D   3374
     120    3486       1       1       0       0       0       001010000D   3375
     120       0       0       1       0                    SREV      31D   3376
     124    3487       1       1       0       0       0       001000000D   3377
     124       0       0       2       0                   XFORM     170D   3378
     100    3489       1       1       0       0    3377       001010000D   3379
     100       0       0       1       0                     ARC     170D   3380
     110    3490       1       1       0       0       0       001010000D   3381
     110       0       0       1       0                    LINE     775D   3382
     102    3491       1       1       0       0       0       001010000D   3383
     102       0       0       1       0                  CCURVE     193D   3384
     110    3492       1       1       0       0       0       001010500D   3385
     110       0       0       2       0                    LINE     776D   3386
     110    3494       1       1       0       0       0       001010500D   3387
     110       0       0       2       0                    LINE     777D   3388
     110    3496       1       1       0       0       0       001010500D   3389
     110       0       0       2       0                    LINE     778D   3390
     110    3498       1       1       0       0       0       001010500D   3391
     110       0       0       1       0                    LINE     779D   3392
     102    3499       1       1       0       0       0       001010500D   3393
     102       0       0       1       0                  CCURVE     194D   3394
     142    3500       1       1       0       0       0       001010500D   3395
     142       0       0       1       0                  UV_BND      97D   3396
     144    3501       1       1       0       0       0       000000000D   3397
     144       0       0       1       0                 TRM_SRF      79D   3398
     110    3502       1       1       0       0       0       001010000D   3399
     110       0       0       1       0                    LINE     780D   3400
     110    3503       1       1       0       0       0       001010000D   3401
     110       0       0       2       0                    LINE     781D   3402
     120    3505       1       1       0       0       0       001010000D   3403
     120       0       0       1       0                    SREV      32D   3404
     124    3506       1       1       0       0       0       001000000D   3405
     124       0       0       2       0                   XFORM     171D   3406
     100    3508       1       1       0       0    3405       001010000D   3407
     100       0       0       1       0                     ARC     171D   3408
     110    3509       1       1       0       0       0       001010000D   3409
     110       0       0       1       0                    LINE     782D   3410
     102    3510       1       1       0       0       0       001010000D   3411
     102       0       0       1       0                  CCURVE     195D   3412
     110    3511       1       1       0       0       0       001010500D   3413
     110       0       0       2       0                    LINE     783D   3414
     110    3513       1       1       0       0       0       001010500D   3415
     110       0       0       2       0                    LINE     784D   3416
     110    3515       1       1       0       0       0       001010500D   3417
     110       0       0       2       0                    LINE     785D   3418
     110    3517       1       1       0       0       0       001010500D   3419
     110       0       0       2       0                    LINE     786D   3420
     102    3519       1       1       0       0       0       001010500D   3421
     102       0       0       1       0                  CCURVE     196D   3422
     142    3520       1       1       0       0       0       001010500D   3423
     142       0       0       1       0                  UV_BND      98D   3424
     144    3521       1       1       0       0       0       000000000D   3425
     144       0       0       1       0                 TRM_SRF      80D   3426
     110    3522       1       1       0       0       0       001010000D   3427
     110       0       0       1       0                    LINE     787D   3428
     110    3523       1       1       0       0       0       001010000D   3429
     110       0       0       2       0                    LINE     788D   3430
     120    3525       1       1       0       0       0       001010000D   3431
     120       0       0       1       0                    SREV      33D   3432
     102    3526       1       1       0       0       0       001010000D   3433
     102       0       0       1       0                  CCURVE     197D   3434
     110    3527       1       1       0       0       0       001010500D   3435
     110       0       0       2       0                    LINE     789D   3436
     110    3529       1       1       0       0       0       001010500D   3437
     110       0       0       2       0                    LINE     790D   3438
     110    3531       1       1       0       0       0       001010500D   3439
     110       0       0       2       0                    LINE     791D   3440
     110    3533       1       1       0       0       0       001010500D   3441
     110       0       0       2       0                    LINE     792D   3442
     102    3535       1       1       0       0       0       001010500D   3443
     102       0       0       1       0                  CCURVE     198D   3444
     142    3536       1       1       0       0       0       001010500D   3445
     142       0       0       1       0                  UV_BND      99D   3446
     144    3537       1       1       0       0       0       000000000D   3447
     144       0       0       1       0                 TRM_SRF      81D   3448
     110    3538       1       1       0       0       0       001010000D   3449
     110       0       0       1       0                    LINE     793D   3450
     124    3539       1       1       0       0       0       001000000D   3451
     124       0       0       2       0                   XFORM     172D   3452
     100    3541       1       1       0       0    3451       001010000D   3453
     100       0       0       2       0                     ARC     172D   3454
     120    3543       1       1       0       0       0       001010000D   3455
     120       0       0       1       0                    SREV      34D   3456
     124    3544       1       1       0       0       0       001000000D   3457
     124       0       0       2       0                   XFORM     173D   3458
     100    3546       1       1       0       0    3457       001010000D   3459
     100       0       0       1       0                     ARC     173D   3460
     102    3547       1       1       0       0       0       001010000D   3461
     102       0       0       1       0                  CCURVE     199D   3462
     110    3548       1       1       0       0       0       001010500D   3463
     110       0       0       2       0                    LINE     794D   3464
     110    3550       1       1       0       0       0       001010500D   3465
     110       0       0       2       0                    LINE     795D   3466
     110    3552       1       1       0       0       0       001010500D   3467
     110       0       0       2       0                    LINE     796D   3468
     110    3554       1       1       0       0       0       001010500D   3469
     110       0       0       1       0                    LINE     797D   3470
     102    3555       1       1       0       0       0       001010500D   3471
     102       0       0       1       0                  CCURVE     200D   3472
     142    3556       1       1       0       0       0       001010500D   3473
     142       0       0       1       0                  UV_BND     100D   3474
     144    3557       1       1       0       0       0       000000000D   3475
     144       0       0       1       0                 TRM_SRF      82D   3476
     110    3558       1       1       0       0       0       001010000D   3477
     110       0       0       1       0                    LINE     798D   3478
     110    3559       1       1       0       0       0       001010000D   3479
     110       0       0       2       0                    LINE     799D   3480
     120    3561       1       1       0       0       0       001010000D   3481
     120       0       0       1       0                    SREV      35D   3482
     102    3562       1       1       0       0       0       001010000D   3483
     102       0       0       1       0                  CCURVE     201D   3484
     110    3563       1       1       0       0       0       001010500D   3485
     110       0       0       2       0                    LINE     800D   3486
     110    3565       1       1       0       0       0       001010500D   3487
     110       0       0       2       0                    LINE     801D   3488
     110    3567       1       1       0       0       0       001010500D   3489
     110       0       0       2       0                    LINE     802D   3490
     110    3569       1       1       0       0       0       001010500D   3491
     110       0       0       2       0                    LINE     803D   3492
     102    3571       1       1       0       0       0       001010500D   3493
     102       0       0       1       0                  CCURVE     202D   3494
     142    3572       1       1       0       0       0       001010500D   3495
     142       0       0       1       0                  UV_BND     101D   3496
     144    3573       1       1       0       0       0       000000000D   3497
     144       0       0       1       0                 TRM_SRF      83D   3498
     110    3574       1       1       0       0       0       001010000D   3499
     110       0       0       1       0                    LINE     804D   3500
     124    3575       1       1       0       0       0       001000000D   3501
     124       0       0       2       0                   XFORM     174D   3502
     100    3577       1       1       0       0    3501       001010000D   3503
     100       0       0       2       0                     ARC     174D   3504
     120    3579       1       1       0       0       0       001010000D   3505
     120       0       0       1       0                    SREV      36D   3506
     124    3580       1       1       0       0       0       001000000D   3507
     124       0       0       2       0                   XFORM     175D   3508
     100    3582       1       1       0       0    3507       001010000D   3509
     100       0       0       1       0                     ARC     175D   3510
     102    3583       1       1       0       0       0       001010000D   3511
     102       0       0       1       0                  CCURVE     203D   3512
     110    3584       1       1       0       0       0       001010500D   3513
     110       0       0       2       0                    LINE     805D   3514
     110    3586       1       1       0       0       0       001010500D   3515
     110       0       0       2       0                    LINE     806D   3516
     110    3588       1       1       0       0       0       001010500D   3517
     110       0       0       2       0                    LINE     807D   3518
     110    3590       1       1       0       0       0       001010500D   3519
     110       0       0       1       0                    LINE     808D   3520
     102    3591       1       1       0       0       0       001010500D   3521
     102       0       0       1       0                  CCURVE     204D   3522
     142    3592       1       1       0       0       0       001010500D   3523
     142       0       0       1       0                  UV_BND     102D   3524
     144    3593       1       1       0       0       0       000000000D   3525
     144       0       0       1       0                 TRM_SRF      84D   3526
     110    3594       1       1       0       0       0       001010000D   3527
     110       0       0       1       0                    LINE     809D   3528
     110    3595       1       1       0       0       0       001010000D   3529
     110       0       0       2       0                    LINE     810D   3530
     120    3597       1       1       0       0       0       001010000D   3531
     120       0       0       1       0                    SREV      37D   3532
     102    3598       1       1       0       0       0       001010000D   3533
     102       0       0       1       0                  CCURVE     205D   3534
     110    3599       1       1       0       0       0       001010500D   3535
     110       0       0       2       0                    LINE     811D   3536
     110    3601       1       1       0       0       0       001010500D   3537
     110       0       0       2       0                    LINE     812D   3538
     110    3603       1       1       0       0       0       001010500D   3539
     110       0       0       2       0                    LINE     813D   3540
     110    3605       1       1       0       0       0       001010500D   3541
     110       0       0       2       0                    LINE     814D   3542
     102    3607       1       1       0       0       0       001010500D   3543
     102       0       0       1       0                  CCURVE     206D   3544
     142    3608       1       1       0       0       0       001010500D   3545
     142       0       0       1       0                  UV_BND     103D   3546
     144    3609       1       1       0       0       0       000000000D   3547
     144       0       0       1       0                 TRM_SRF      85D   3548
     110    3610       1       1       0       0       0       001010000D   3549
     110       0       0       1       0                    LINE     815D   3550
     124    3611       1       1       0       0       0       001000000D   3551
     124       0       0       2       0                   XFORM     176D   3552
     100    3613       1       1       0       0    3551       001010000D   3553
     100       0       0       2       0                     ARC     176D   3554
     120    3615       1       1       0       0       0       001010000D   3555
     120       0       0       1       0                    SREV      38D   3556
     124    3616       1       1       0       0       0       001000000D   3557
     124       0       0       2       0                   XFORM     177D   3558
     100    3618       1       1       0       0    3557       001010000D   3559
     100       0       0       1       0                     ARC     177D   3560
     102    3619       1       1       0       0       0       001010000D   3561
     102       0       0       1       0                  CCURVE     207D   3562
     110    3620       1       1       0       0       0       001010500D   3563
     110       0       0       2       0                    LINE     816D   3564
     110    3622       1       1       0       0       0       001010500D   3565
     110       0       0       2       0                    LINE     817D   3566
     110    3624       1       1       0       0       0       001010500D   3567
     110       0       0       2       0                    LINE     818D   3568
     110    3626       1       1       0       0       0       001010500D   3569
     110       0       0       1       0                    LINE     819D   3570
     102    3627       1       1       0       0       0       001010500D   3571
     102       0       0       1       0                  CCURVE     208D   3572
     142    3628       1       1       0       0       0       001010500D   3573
     142       0       0       1       0                  UV_BND     104D   3574
     144    3629       1       1       0       0       0       000000000D   3575
     144       0       0       1       0                 TRM_SRF      86D   3576
     110    3630       1       1       0       0       0       001010000D   3577
     110       0       0       1       0                    LINE     820D   3578
     110    3631       1       1       0       0       0       001010000D   3579
     110       0       0       2       0                    LINE     821D   3580
     120    3633       1       1       0       0       0       001010000D   3581
     120       0       0       1       0                    SREV      39D   3582
     124    3634       1       1       0       0       0       001000000D   3583
     124       0       0       2       0                   XFORM     178D   3584
     100    3636       1       1       0       0    3583       001010000D   3585
     100       0       0       1       0                     ARC     178D   3586
     110    3637       1       1       0       0       0       001010000D   3587
     110       0       0       1       0                    LINE     822D   3588
     102    3638       1       1       0       0       0       001010000D   3589
     102       0       0       1       0                  CCURVE     209D   3590
     110    3639       1       1       0       0       0       001010500D   3591
     110       0       0       2       0                    LINE     823D   3592
     110    3641       1       1       0       0       0       001010500D   3593
     110       0       0       1       0                    LINE     824D   3594
     110    3642       1       1       0       0       0       001010500D   3595
     110       0       0       2       0                    LINE     825D   3596
     110    3644       1       1       0       0       0       001010500D   3597
     110       0       0       2       0                    LINE     826D   3598
     102    3646       1       1       0       0       0       001010500D   3599
     102       0       0       1       0                  CCURVE     210D   3600
     142    3647       1       1       0       0       0       001010500D   3601
     142       0       0       1       0                  UV_BND     105D   3602
     144    3648       1       1       0       0       0       000000000D   3603
     144       0       0       1       0                 TRM_SRF      87D   3604
     110    3649       1       1       0       0       0       001010000D   3605
     110       0       0       1       0                    LINE     827D   3606
     110    3650       1       1       0       0       0       001010000D   3607
     110       0       0       2       0                    LINE     828D   3608
     120    3652       1       1       0       0       0       001010000D   3609
     120       0       0       1       0                    SREV      40D   3610
     124    3653       1       1       0       0       0       001000000D   3611
     124       0       0       2       0                   XFORM     179D   3612
     100    3655       1       1       0       0    3611       001010000D   3613
     100       0       0       1       0                     ARC     179D   3614
     110    3656       1       1       0       0       0       001010000D   3615
     110       0       0       1       0                    LINE     829D   3616
     102    3657       1       1       0       0       0       001010000D   3617
     102       0       0       1       0                  CCURVE     211D   3618
     110    3658       1       1       0       0       0       001010500D   3619
     110       0       0       2       0                    LINE     830D   3620
     110    3660       1       1       0       0       0       001010500D   3621
     110       0       0       2       0                    LINE     831D   3622
     110    3662       1       1       0       0       0       001010500D   3623
     110       0       0       2       0                    LINE     832D   3624
     110    3664       1       1       0       0       0       001010500D   3625
     110       0       0       2       0                    LINE     833D   3626
     102    3666       1       1       0       0       0       001010500D   3627
     102       0       0       1       0                  CCURVE     212D   3628
     142    3667       1       1       0       0       0       001010500D   3629
     142       0       0       1       0                  UV_BND     106D   3630
     144    3668       1       1       0       0       0       000000000D   3631
     144       0       0       1       0                 TRM_SRF      88D   3632
     110    3669       1       1       0       0       0       001010000D   3633
     110       0       0       1       0                    LINE     834D   3634
     110    3670       1       1       0       0       0       001010000D   3635
     110       0       0       2       0                    LINE     835D   3636
     120    3672       1       1       0       0       0       001010000D   3637
     120       0       0       1       0                    SREV      41D   3638
     124    3673       1       1       0       0       0       001000000D   3639
     124       0       0       2       0                   XFORM     180D   3640
     100    3675       1       1       0       0    3639       001010000D   3641
     100       0       0       1       0                     ARC     180D   3642
     110    3676       1       1       0       0       0       001010000D   3643
     110       0       0       1       0                    LINE     836D   3644
     102    3677       1       1       0       0       0       001010000D   3645
     102       0       0       1       0                  CCURVE     213D   3646
     110    3678       1       1       0       0       0       001010500D   3647
     110       0       0       2       0                    LINE     837D   3648
     110    3680       1       1       0       0       0       001010500D   3649
     110       0       0       1       0                    LINE     838D   3650
     110    3681       1       1       0       0       0       001010500D   3651
     110       0       0       2       0                    LINE     839D   3652
     110    3683       1       1       0       0       0       001010500D   3653
     110       0       0       2       0                    LINE     840D   3654
     102    3685       1       1       0       0       0       001010500D   3655
     102       0       0       1       0                  CCURVE     214D   3656
     142    3686       1       1       0       0       0       001010500D   3657
     142       0       0       1       0                  UV_BND     107D   3658
     144    3687       1       1       0       0       0       000000000D   3659
     144       0       0       1       0                 TRM_SRF      89D   3660
     110    3688       1       1       0       0       0       001010000D   3661
     110       0       0       1       0                    LINE     841D   3662
     110    3689       1       1       0       0       0       001010000D   3663
     110       0       0       2       0                    LINE     842D   3664
     120    3691       1       1       0       0       0       001010000D   3665
     120       0       0       1       0                    SREV      42D   3666
     124    3692       1       1       0       0       0       001000000D   3667
     124       0       0       2       0                   XFORM     181D   3668
     100    3694       1       1       0       0    3667       001010000D   3669
     100       0       0       1       0                     ARC     181D   3670
     110    3695       1       1       0       0       0       001010000D   3671
     110       0       0       1       0                    LINE     843D   3672
     102    3696       1       1       0       0       0       001010000D   3673
     102       0       0       1       0                  CCURVE     215D   3674
     110    3697       1       1       0       0       0       001010500D   3675
     110       0       0       2       0                    LINE     844D   3676
     110    3699       1       1       0       0       0       001010500D   3677
     110       0       0       2       0                    LINE     845D   3678
     110    3701       1       1       0       0       0       001010500D   3679
     110       0       0       2       0                    LINE     846D   3680
     110    3703       1       1       0       0       0       001010500D   3681
     110       0       0       2       0                    LINE     847D   3682
     102    3705       1       1       0       0       0       001010500D   3683
     102       0       0       1       0                  CCURVE     216D   3684
     142    3706       1       1       0       0       0       001010500D   3685
     142       0       0       1       0                  UV_BND     108D   3686
     144    3707       1       1       0       0       0       000000000D   3687
     144       0       0       1       0                 TRM_SRF      90D   3688
     110    3708       1       1       0       0       0       001010000D   3689
     110       0       0       1       0                    LINE     848D   3690
     110    3709       1       1       0       0       0       001010000D   3691
     110       0       0       2       0                    LINE     849D   3692
     120    3711       1       1       0       0       0       001010000D   3693
     120       0       0       1       0                    SREV      43D   3694
     124    3712       1       1       0       0       0       001000000D   3695
     124       0       0       2       0                   XFORM     182D   3696
     100    3714       1       1       0       0    3695       001010000D   3697
     100       0       0       1       0                     ARC     182D   3698
     110    3715       1       1       0       0       0       001010000D   3699
     110       0       0       1       0                    LINE     850D   3700
     102    3716       1       1       0       0       0       001010000D   3701
     102       0       0       1       0                  CCURVE     217D   3702
     110    3717       1       1       0       0       0       001010500D   3703
     110       0       0       2       0                    LINE     851D   3704
     110    3719       1       1       0       0       0       001010500D   3705
     110       0       0       1       0                    LINE     852D   3706
     110    3720       1       1       0       0       0       001010500D   3707
     110       0       0       2       0                    LINE     853D   3708
     110    3722       1       1       0       0       0       001010500D   3709
     110       0       0       2       0                    LINE     854D   3710
     102    3724       1       1       0       0       0       001010500D   3711
     102       0       0       1       0                  CCURVE     218D   3712
     142    3725       1       1       0       0       0       001010500D   3713
     142       0       0       1       0                  UV_BND     109D   3714
     144    3726       1       1       0       0       0       000000000D   3715
     144       0       0       1       0                 TRM_SRF      91D   3716
     110    3727       1       1       0       0       0       001010000D   3717
     110       0       0       1       0                    LINE     855D   3718
     110    3728       1       1       0       0       0       001010000D   3719
     110       0       0       2       0                    LINE     856D   3720
     120    3730       1       1       0       0       0       001010000D   3721
     120       0       0       1       0                    SREV      44D   3722
     124    3731       1       1       0       0       0       001000000D   3723
     124       0       0       2       0                   XFORM     183D   3724
     100    3733       1       1       0       0    3723       001010000D   3725
     100       0       0       1       0                     ARC     183D   3726
     110    3734       1       1       0       0       0       001010000D   3727
     110       0       0       1       0                    LINE     857D   3728
     102    3735       1       1       0       0       0       001010000D   3729
     102       0       0       1       0                  CCURVE     219D   3730
     110    3736       1       1       0       0       0       001010500D   3731
     110       0       0       2       0                    LINE     858D   3732
     110    3738       1       1       0       0       0       001010500D   3733
     110       0       0       2       0                    LINE     859D   3734
     110    3740       1       1       0       0       0       001010500D   3735
     110       0       0       2       0                    LINE     860D   3736
     110    3742       1       1       0       0       0       001010500D   3737
     110       0       0       2       0                    LINE     861D   3738
     102    3744       1       1       0       0       0       001010500D   3739
     102       0       0       1       0                  CCURVE     220D   3740
     142    3745       1       1       0       0       0       001010500D   3741
     142       0       0       1       0                  UV_BND     110D   3742
     144    3746       1       1       0       0       0       000000000D   3743
     144       0       0       1       0                 TRM_SRF      92D   3744
     110    3747       1       1       0       0       0       001010000D   3745
     110       0       0       1       0                    LINE     862D   3746
     110    3748       1       1       0       0       0       001010000D   3747
     110       0       0       2       0                    LINE     863D   3748
     120    3750       1       1       0       0       0       001010000D   3749
     120       0       0       1       0                    SREV      45D   3750
     124    3751       1       1       0       0       0       001000000D   3751
     124       0       0       2       0                   XFORM     184D   3752
     100    3753       1       1       0       0    3751       001010000D   3753
     100       0       0       1       0                     ARC     184D   3754
     110    3754       1       1       0       0       0       001010000D   3755
     110       0       0       1       0                    LINE     864D   3756
     102    3755       1       1       0       0       0       001010000D   3757
     102       0       0       1       0                  CCURVE     221D   3758
     110    3756       1       1       0       0       0       001010500D   3759
     110       0       0       2       0                    LINE     865D   3760
     110    3758       1       1       0       0       0       001010500D   3761
     110       0       0       1       0                    LINE     866D   3762
     110    3759       1       1       0       0       0       001010500D   3763
     110       0       0       2       0                    LINE     867D   3764
     110    3761       1       1       0       0       0       001010500D   3765
     110       0       0       2       0                    LINE     868D   3766
     102    3763       1       1       0       0       0       001010500D   3767
     102       0       0       1       0                  CCURVE     222D   3768
     142    3764       1       1       0       0       0       001010500D   3769
     142       0       0       1       0                  UV_BND     111D   3770
     144    3765       1       1       0       0       0       000000000D   3771
     144       0       0       1       0                 TRM_SRF      93D   3772
     110    3766       1       1       0       0       0       001010000D   3773
     110       0       0       1       0                    LINE     869D   3774
     110    3767       1       1       0       0       0       001010000D   3775
     110       0       0       2       0                    LINE     870D   3776
     120    3769       1       1       0       0       0       001010000D   3777
     120       0       0       1       0                    SREV      46D   3778
     124    3770       1       1       0       0       0       001000000D   3779
     124       0       0       2       0                   XFORM     185D   3780
     100    3772       1       1       0       0    3779       001010000D   3781
     100       0       0       1       0                     ARC     185D   3782
     110    3773       1       1       0       0       0       001010000D   3783
     110       0       0       1       0                    LINE     871D   3784
     102    3774       1       1       0       0       0       001010000D   3785
     102       0       0       1       0                  CCURVE     223D   3786
     110    3775       1       1       0       0       0       001010500D   3787
     110       0       0       2       0                    LINE     872D   3788
     110    3777       1       1       0       0       0       001010500D   3789
     110       0       0       2       0                    LINE     873D   3790
     110    3779       1       1       0       0       0       001010500D   3791
     110       0       0       2       0                    LINE     874D   3792
     110    3781       1       1       0       0       0       001010500D   3793
     110       0       0       2       0                    LINE     875D   3794
     102    3783       1       1       0       0       0       001010500D   3795
     102       0       0       1       0                  CCURVE     224D   3796
     142    3784       1       1       0       0       0       001010500D   3797
     142       0       0       1       0                  UV_BND     112D   3798
     144    3785       1       1       0       0       0       000000000D   3799
     144       0       0       1       0                 TRM_SRF      94D   3800
     110    3786       1       1       0       0       0       001010000D   3801
     110       0       0       2       0                    LINE     876D   3802
     110    3788       1       1       0       0       0       001010000D   3803
     110       0       0       2       0                    LINE     877D   3804
     120    3790       1       1       0       0       0       001010000D   3805
     120       0       0       1       0                    SREV      47D   3806
     102    3791       1       1       0       0       0       001010000D   3807
     102       0       0       1       0                  CCURVE     225D   3808
     110    3792       1       1       0       0       0       001010500D   3809
     110       0       0       2       0                    LINE     878D   3810
     126    3794       1       1       0       0       0       001010500D   3811
     126       0       0       5       0                B_SPLINE     132D   3812
     110    3799       1       1       0       0       0       001010500D   3813
     110       0       0       2       0                    LINE     879D   3814
     110    3801       1       1       0       0       0       001010500D   3815
     110       0       0       2       0                    LINE     880D   3816
     110    3803       1       1       0       0       0       001010500D   3817
     110       0       0       2       0                    LINE     881D   3818
     110    3805       1       1       0       0       0       001010500D   3819
     110       0       0       1       0                    LINE     882D   3820
     110    3806       1       1       0       0       0       001010500D   3821
     110       0       0       2       0                    LINE     883D   3822
     102    3808       1       1       0       0       0       001010500D   3823
     102       0       0       1       0                  CCURVE     226D   3824
     142    3809       1       1       0       0       0       001010500D   3825
     142       0       0       1       0                  UV_BND     113D   3826
     144    3810       1       1       0       0       0       000000000D   3827
     144       0       0       1       0                 TRM_SRF      95D   3828
     128    3811       1       1       0       0       0       001010000D   3829
     128       0       0       8       0                  SPLSRF      49D   3830
     124    3819       1       1       0       0       0       001000000D   3831
     124       0       0       2       0                   XFORM     186D   3832
     100    3821       1       1       0       0    3831       001010000D   3833
     100       0       0       1       0                     ARC     186D   3834
     124    3822       1       1       0       0       0       001000000D   3835
     124       0       0       3       0                   XFORM     187D   3836
     100    3825       1       1       0       0    3835       001010000D   3837
     100       0       0       1       0                     ARC     187D   3838
     102    3826       1       1       0       0       0       001010000D   3839
     102       0       0       1       0                  CCURVE     227D   3840
     126    3827       1       1       0       0       0       001010500D   3841
     126       0       0      10       0                B_SPLINE     133D   3842
     110    3837       1       1       0       0       0       001010500D   3843
     110       0       0       1       0                    LINE     884D   3844
     126    3838       1       1       0       0       0       001010500D   3845
     126       0       0      10       0                B_SPLINE     134D   3846
     110    3848       1       1       0       0       0       001010500D   3847
     110       0       0       1       0                    LINE     885D   3848
     102    3849       1       1       0       0       0       001010500D   3849
     102       0       0       1       0                  CCURVE     228D   3850
     142    3850       1       1       0       0       0       001010500D   3851
     142       0       0       1       0                  UV_BND     114D   3852
     144    3851       1       1       0       0       0       000000000D   3853
     144       0       0       1       0                 TRM_SRF      96D   3854
     128    3852       1       1       0       0       0       001010000D   3855
     128       0       0       5       0                  SPLSRF      50D   3856
     110    3857       1       1       0       0       0       001010000D   3857
     110       0       0       1       0                    LINE     886D   3858
     102    3858       1       1       0       0       0       001010000D   3859
     102       0       0       1       0                  CCURVE     229D   3860
     110    3859       1       1       0       0       0       001010500D   3861
     110       0       0       1       0                    LINE     887D   3862
     110    3860       1       1       0       0       0       001010500D   3863
     110       0       0       1       0                    LINE     888D   3864
     110    3861       1       1       0       0       0       001010500D   3865
     110       0       0       1       0                    LINE     889D   3866
     110    3862       1       1       0       0       0       001010500D   3867
     110       0       0       1       0                    LINE     890D   3868
     102    3863       1       1       0       0       0       001010500D   3869
     102       0       0       1       0                  CCURVE     230D   3870
     142    3864       1       1       0       0       0       001010500D   3871
     142       0       0       1       0                  UV_BND     115D   3872
     144    3865       1       1       0       0       0       000000000D   3873
     144       0       0       1       0                 TRM_SRF      97D   3874
     110    3866       1       1       0       0       0       001010000D   3875
     110       0       0       1       0                    LINE     891D   3876
     124    3867       1       1       0       0       0       001000000D   3877
     124       0       0       2       0                   XFORM     188D   3878
     100    3869       1       1       0       0    3877       001010000D   3879
     100       0       0       2       0                     ARC     188D   3880
     120    3871       1       1       0       0       0       001010000D   3881
     120       0       0       1       0                    SREV      48D   3882
     124    3872       1       1       0       0       0       001000000D   3883
     124       0       0       2       0                   XFORM     189D   3884
     100    3874       1       1       0       0    3883       001010000D   3885
     100       0       0       1       0                     ARC     189D   3886
     102    3875       1       1       0       0       0       001010000D   3887
     102       0       0       1       0                  CCURVE     231D   3888
     110    3876       1       1       0       0       0       001010500D   3889
     110       0       0       2       0                    LINE     892D   3890
     110    3878       1       1       0       0       0       001010500D   3891
     110       0       0       2       0                    LINE     893D   3892
     110    3880       1       1       0       0       0       001010500D   3893
     110       0       0       2       0                    LINE     894D   3894
     110    3882       1       1       0       0       0       001010500D   3895
     110       0       0       2       0                    LINE     895D   3896
     102    3884       1       1       0       0       0       001010500D   3897
     102       0       0       1       0                  CCURVE     232D   3898
     142    3885       1       1       0       0       0       001010500D   3899
     142       0       0       1       0                  UV_BND     116D   3900
     144    3886       1       1       0       0       0       000000000D   3901
     144       0       0       1       0                 TRM_SRF      98D   3902
     110    3887       1       1       0       0       0       001010000D   3903
     110       0       0       1       0                    LINE     896D   3904
     110    3888       1       1       0       0       0       001010000D   3905
     110       0       0       2       0                    LINE     897D   3906
     120    3890       1       1       0       0       0       001010000D   3907
     120       0       0       1       0                    SREV      49D   3908
     124    3891       1       1       0       0       0       001000000D   3909
     124       0       0       2       0                   XFORM     190D   3910
     100    3893       1       1       0       0    3909       001010000D   3911
     100       0       0       1       0                     ARC     190D   3912
     102    3894       1       1       0       0       0       001010000D   3913
     102       0       0       1       0                  CCURVE     233D   3914
     110    3895       1       1       0       0       0       001010500D   3915
     110       0       0       2       0                    LINE     898D   3916
     110    3897       1       1       0       0       0       001010500D   3917
     110       0       0       2       0                    LINE     899D   3918
     110    3899       1       1       0       0       0       001010500D   3919
     110       0       0       2       0                    LINE     900D   3920
     110    3901       1       1       0       0       0       001010500D   3921
     110       0       0       2       0                    LINE     901D   3922
     102    3903       1       1       0       0       0       001010500D   3923
     102       0       0       1       0                  CCURVE     234D   3924
     142    3904       1       1       0       0       0       001010500D   3925
     142       0       0       1       0                  UV_BND     117D   3926
     144    3905       1       1       0       0       0       000000000D   3927
     144       0       0       1       0                 TRM_SRF      99D   3928
     110    3906       1       1       0       0       0       001010000D   3929
     110       0       0       1       0                    LINE     902D   3930
     124    3907       1       1       0       0       0       001000000D   3931
     124       0       0       2       0                   XFORM     191D   3932
     100    3909       1       1       0       0    3931       001010000D   3933
     100       0       0       2       0                     ARC     191D   3934
     120    3911       1       1       0       0       0       001010000D   3935
     120       0       0       1       0                    SREV      50D   3936
     124    3912       1       1       0       0       0       001000000D   3937
     124       0       0       2       0                   XFORM     192D   3938
     100    3914       1       1       0       0    3937       001010000D   3939
     100       0       0       1       0                     ARC     192D   3940
     102    3915       1       1       0       0       0       001010000D   3941
     102       0       0       1       0                  CCURVE     235D   3942
     110    3916       1       1       0       0       0       001010500D   3943
     110       0       0       2       0                    LINE     903D   3944
     110    3918       1       1       0       0       0       001010500D   3945
     110       0       0       2       0                    LINE     904D   3946
     110    3920       1       1       0       0       0       001010500D   3947
     110       0       0       2       0                    LINE     905D   3948
     110    3922       1       1       0       0       0       001010500D   3949
     110       0       0       1       0                    LINE     906D   3950
     102    3923       1       1       0       0       0       001010500D   3951
     102       0       0       1       0                  CCURVE     236D   3952
     142    3924       1       1       0       0       0       001010500D   3953
     142       0       0       1       0                  UV_BND     118D   3954
     144    3925       1       1       0       0       0       000000000D   3955
     144       0       0       1       0                 TRM_SRF     100D   3956
     110    3926       1       1       0       0       0       001010000D   3957
     110       0       0       1       0                    LINE     907D   3958
     110    3927       1       1       0       0       0       001010000D   3959
     110       0       0       2       0                    LINE     908D   3960
     120    3929       1       1       0       0       0       001010000D   3961
     120       0       0       1       0                    SREV      51D   3962
     124    3930       1       1       0       0       0       001000000D   3963
     124       0       0       1       0                   XFORM     193D   3964
     100    3931       1       1       0       0    3963       001010000D   3965
     100       0       0       1       0                     ARC     193D   3966
     102    3932       1       1       0       0       0       001010000D   3967
     102       0       0       1       0                  CCURVE     237D   3968
     110    3933       1       1       0       0       0       001010500D   3969
     110       0       0       2       0                    LINE     909D   3970
     110    3935       1       1       0       0       0       001010500D   3971
     110       0       0       2       0                    LINE     910D   3972
     110    3937       1       1       0       0       0       001010500D   3973
     110       0       0       2       0                    LINE     911D   3974
     110    3939       1       1       0       0       0       001010500D   3975
     110       0       0       2       0                    LINE     912D   3976
     102    3941       1       1       0       0       0       001010500D   3977
     102       0       0       1       0                  CCURVE     238D   3978
     142    3942       1       1       0       0       0       001010500D   3979
     142       0       0       1       0                  UV_BND     119D   3980
     144    3943       1       1       0       0       0       000000000D   3981
     144       0       0       1       0                 TRM_SRF     101D   3982
     110    3944       1       1       0       0       0       001010000D   3983
     110       0       0       1       0                    LINE     913D   3984
     124    3945       1       1       0       0       0       001000000D   3985
     124       0       0       2       0                   XFORM     194D   3986
     100    3947       1       1       0       0    3985       001010000D   3987
     100       0       0       2       0                     ARC     194D   3988
     120    3949       1       1       0       0       0       001010000D   3989
     120       0       0       1       0                    SREV      52D   3990
     124    3950       1       1       0       0       0       001000000D   3991
     124       0       0       2       0                   XFORM     195D   3992
     100    3952       1       1       0       0    3991       001010000D   3993
     100       0       0       1       0                     ARC     195D   3994
     102    3953       1       1       0       0       0       001010000D   3995
     102       0       0       1       0                  CCURVE     239D   3996
     110    3954       1       1       0       0       0       001010500D   3997
     110       0       0       2       0                    LINE     914D   3998
     110    3956       1       1       0       0       0       001010500D   3999
     110       0       0       2       0                    LINE     915D   4000
     110    3958       1       1       0       0       0       001010500D   4001
     110       0       0       2       0                    LINE     916D   4002
     110    3960       1       1       0       0       0       001010500D   4003
     110       0       0       1       0                    LINE     917D   4004
     102    3961       1       1       0       0       0       001010500D   4005
     102       0       0       1       0                  CCURVE     240D   4006
     142    3962       1       1       0       0       0       001010500D   4007
     142       0       0       1       0                  UV_BND     120D   4008
     144    3963       1       1       0       0       0       000000000D   4009
     144       0       0       1       0                 TRM_SRF     102D   4010
     110    3964       1       1       0       0       0       001010000D   4011
     110       0       0       1       0                    LINE     918D   4012
     110    3965       1       1       0       0       0       001010000D   4013
     110       0       0       2       0                    LINE     919D   4014
     120    3967       1       1       0       0       0       001010000D   4015
     120       0       0       1       0                    SREV      53D   4016
     124    3968       1       1       0       0       0       001000000D   4017
     124       0       0       2       0                   XFORM     196D   4018
     100    3970       1       1       0       0    4017       001010000D   4019
     100       0       0       1       0                     ARC     196D   4020
     102    3971       1       1       0       0       0       001010000D   4021
     102       0       0       1       0                  CCURVE     241D   4022
     110    3972       1       1       0       0       0       001010500D   4023
     110       0       0       2       0                    LINE     920D   4024
     110    3974       1       1       0       0       0       001010500D   4025
     110       0       0       2       0                    LINE     921D   4026
     110    3976       1       1       0       0       0       001010500D   4027
     110       0       0       2       0                    LINE     922D   4028
     110    3978       1       1       0       0       0       001010500D   4029
     110       0       0       2       0                    LINE     923D   4030
     102    3980       1       1       0       0       0       001010500D   4031
     102       0       0       1       0                  CCURVE     242D   4032
     142    3981       1       1       0       0       0       001010500D   4033
     142       0       0       1       0                  UV_BND     121D   4034
     144    3982       1       1       0       0       0       000000000D   4035
     144       0       0       1       0                 TRM_SRF     103D   4036
     110    3983       1       1       0       0       0       001010000D   4037
     110       0       0       1       0                    LINE     924D   4038
     124    3984       1       1       0       0       0       001000000D   4039
     124       0       0       2       0                   XFORM     197D   4040
     100    3986       1       1       0       0    4039       001010000D   4041
     100       0       0       2       0                     ARC     197D   4042
     120    3988       1       1       0       0       0       001010000D   4043
     120       0       0       1       0                    SREV      54D   4044
     124    3989       1       1       0       0       0       001000000D   4045
     124       0       0       2       0                   XFORM     198D   4046
     100    3991       1       1       0       0    4045       001010000D   4047
     100       0       0       1       0                     ARC     198D   4048
     102    3992       1       1       0       0       0       001010000D   4049
     102       0       0       1       0                  CCURVE     243D   4050
     110    3993       1       1       0       0       0       001010500D   4051
     110       0       0       2       0                    LINE     925D   4052
     110    3995       1       1       0       0       0       001010500D   4053
     110       0       0       2       0                    LINE     926D   4054
     110    3997       1       1       0       0       0       001010500D   4055
     110       0       0       2       0                    LINE     927D   4056
     110    3999       1       1       0       0       0       001010500D   4057
     110       0       0       1       0                    LINE     928D   4058
     102    4000       1       1       0       0       0       001010500D   4059
     102       0       0       1       0                  CCURVE     244D   4060
     142    4001       1       1       0       0       0       001010500D   4061
     142       0       0       1       0                  UV_BND     122D   4062
     144    4002       1       1       0       0       0       000000000D   4063
     144       0       0       1       0                 TRM_SRF     104D   4064
     110    4003       1       1       0       0       0       001010000D   4065
     110       0       0       1       0                    LINE     929D   4066
     110    4004       1       1       0       0       0       001010000D   4067
     110       0       0       2       0                    LINE     930D   4068
     120    4006       1       1       0       0       0       001010000D   4069
     120       0       0       1       0                    SREV      55D   4070
     124    4007       1       1       0       0       0       001000000D   4071
     124       0       0       1       0                   XFORM     199D   4072
     100    4008       1       1       0       0    4071       001010000D   4073
     100       0       0       1       0                     ARC     199D   4074
     102    4009       1       1       0       0       0       001010000D   4075
     102       0       0       1       0                  CCURVE     245D   4076
     110    4010       1       1       0       0       0       001010500D   4077
     110       0       0       2       0                    LINE     931D   4078
     110    4012       1       1       0       0       0       001010500D   4079
     110       0       0       2       0                    LINE     932D   4080
     110    4014       1       1       0       0       0       001010500D   4081
     110       0       0       2       0                    LINE     933D   4082
     110    4016       1       1       0       0       0       001010500D   4083
     110       0       0       2       0                    LINE     934D   4084
     102    4018       1       1       0       0       0       001010500D   4085
     102       0       0       1       0                  CCURVE     246D   4086
     142    4019       1       1       0       0       0       001010500D   4087
     142       0       0       1       0                  UV_BND     123D   4088
     144    4020       1       1       0       0       0       000000000D   4089
     144       0       0       1       0                 TRM_SRF     105D   4090
     110    4021       1       1       0       0       0       001010000D   4091
     110       0       0       1       0                    LINE     935D   4092
     124    4022       1       1       0       0       0       001000000D   4093
     124       0       0       1       0                   XFORM     200D   4094
     100    4023       1       1       0       0    4093       001010000D   4095
     100       0       0       2       0                     ARC     200D   4096
     120    4025       1       1       0       0       0       001010000D   4097
     120       0       0       1       0                    SREV      56D   4098
     124    4026       1       1       0       0       0       001000000D   4099
     124       0       0       1       0                   XFORM     201D   4100
     100    4027       1       1       0       0    4099       001010000D   4101
     100       0       0       1       0                     ARC     201D   4102
     102    4028       1       1       0       0       0       001010000D   4103
     102       0       0       1       0                  CCURVE     247D   4104
     110    4029       1       1       0       0       0       001010500D   4105
     110       0       0       2       0                    LINE     936D   4106
     110    4031       1       1       0       0       0       001010500D   4107
     110       0       0       2       0                    LINE     937D   4108
     110    4033       1       1       0       0       0       001010500D   4109
     110       0       0       2       0                    LINE     938D   4110
     110    4035       1       1       0       0       0       001010500D   4111
     110       0       0       1       0                    LINE     939D   4112
     102    4036       1       1       0       0       0       001010500D   4113
     102       0       0       1       0                  CCURVE     248D   4114
     142    4037       1       1       0       0       0       001010500D   4115
     142       0       0       1       0                  UV_BND     124D   4116
     144    4038       1       1       0       0       0       000000000D   4117
     144       0       0       1       0                 TRM_SRF     106D   4118
     110    4039       1       1       0       0       0       001010000D   4119
     110       0       0       1       0                    LINE     940D   4120
     110    4040       1       1       0       0       0       001010000D   4121
     110       0       0       2       0                    LINE     941D   4122
     120    4042       1       1       0       0       0       001010000D   4123
     120       0       0       1       0                    SREV      57D   4124
     124    4043       1       1       0       0       0       001000000D   4125
     124       0       0       1       0                   XFORM     202D   4126
     100    4044       1       1       0       0    4125       001010000D   4127
     100       0       0       1       0                     ARC     202D   4128
     102    4045       1       1       0       0       0       001010000D   4129
     102       0       0       1       0                  CCURVE     249D   4130
     110    4046       1       1       0       0       0       001010500D   4131
     110       0       0       2       0                    LINE     942D   4132
     110    4048       1       1       0       0       0       001010500D   4133
     110       0       0       2       0                    LINE     943D   4134
     110    4050       1       1       0       0       0       001010500D   4135
     110       0       0       2       0                    LINE     944D   4136
     110    4052       1       1       0       0       0       001010500D   4137
     110       0       0       2       0                    LINE     945D   4138
     102    4054       1       1       0       0       0       001010500D   4139
     102       0       0       1       0                  CCURVE     250D   4140
     142    4055       1       1       0       0       0       001010500D   4141
     142       0       0       1       0                  UV_BND     125D   4142
     144    4056       1       1       0       0       0       000000000D   4143
     144       0       0       1       0                 TRM_SRF     107D   4144
     110    4057       1       1       0       0       0       001010000D   4145
     110       0       0       1       0                    LINE     946D   4146
     124    4058       1       1       0       0       0       001000000D   4147
     124       0       0       2       0                   XFORM     203D   4148
     100    4060       1       1       0       0    4147       001010000D   4149
     100       0       0       2       0                     ARC     203D   4150
     120    4062       1       1       0       0       0       001010000D   4151
     120       0       0       1       0                    SREV      58D   4152
     124    4063       1       1       0       0       0       001000000D   4153
     124       0       0       2       0                   XFORM     204D   4154
     100    4065       1       1       0       0    4153       001010000D   4155
     100       0       0       1       0                     ARC     204D   4156
     102    4066       1       1       0       0       0       001010000D   4157
     102       0       0       1       0                  CCURVE     251D   4158
     110    4067       1       1       0       0       0       001010500D   4159
     110       0       0       2       0                    LINE     947D   4160
     110    4069       1       1       0       0       0       001010500D   4161
     110       0       0       2       0                    LINE     948D   4162
     110    4071       1       1       0       0       0       001010500D   4163
     110       0       0       2       0                    LINE     949D   4164
     110    4073       1       1       0       0       0       001010500D   4165
     110       0       0       2       0                    LINE     950D   4166
     102    4075       1       1       0       0       0       001010500D   4167
     102       0       0       1       0                  CCURVE     252D   4168
     142    4076       1       1       0       0       0       001010500D   4169
     142       0       0       1       0                  UV_BND     126D   4170
     144    4077       1       1       0       0       0       000000000D   4171
     144       0       0       1       0                 TRM_SRF     108D   4172
     110    4078       1       1       0       0       0       001010000D   4173
     110       0       0       1       0                    LINE     951D   4174
     110    4079       1       1       0       0       0       001010000D   4175
     110       0       0       2       0                    LINE     952D   4176
     120    4081       1       1       0       0       0       001010000D   4177
     120       0       0       1       0                    SREV      59D   4178
     124    4082       1       1       0       0       0       001000000D   4179
     124       0       0       2       0                   XFORM     205D   4180
     100    4084       1       1       0       0    4179       001010000D   4181
     100       0       0       1       0                     ARC     205D   4182
     102    4085       1       1       0       0       0       001010000D   4183
     102       0       0       1       0                  CCURVE     253D   4184
     110    4086       1       1       0       0       0       001010500D   4185
     110       0       0       2       0                    LINE     953D   4186
     110    4088       1       1       0       0       0       001010500D   4187
     110       0       0       2       0                    LINE     954D   4188
     110    4090       1       1       0       0       0       001010500D   4189
     110       0       0       2       0                    LINE     955D   4190
     110    4092       1       1       0       0       0       001010500D   4191
     110       0       0       2       0                    LINE     956D   4192
     102    4094       1       1       0       0       0       001010500D   4193
     102       0       0       1       0                  CCURVE     254D   4194
     142    4095       1       1       0       0       0       001010500D   4195
     142       0       0       1       0                  UV_BND     127D   4196
     144    4096       1       1       0       0       0       000000000D   4197
     144       0       0       1       0                 TRM_SRF     109D   4198
     110    4097       1       1       0       0       0       001010000D   4199
     110       0       0       1       0                    LINE     957D   4200
     124    4098       1       1       0       0       0       001000000D   4201
     124       0       0       2       0                   XFORM     206D   4202
     100    4100       1       1       0       0    4201       001010000D   4203
     100       0       0       2       0                     ARC     206D   4204
     120    4102       1       1       0       0       0       001010000D   4205
     120       0       0       1       0                    SREV      60D   4206
     124    4103       1       1       0       0       0       001000000D   4207
     124       0       0       2       0                   XFORM     207D   4208
     100    4105       1       1       0       0    4207       001010000D   4209
     100       0       0       1       0                     ARC     207D   4210
     102    4106       1       1       0       0       0       001010000D   4211
     102       0       0       1       0                  CCURVE     255D   4212
     110    4107       1       1       0       0       0       001010500D   4213
     110       0       0       2       0                    LINE     958D   4214
     110    4109       1       1       0       0       0       001010500D   4215
     110       0       0       2       0                    LINE     959D   4216
     110    4111       1       1       0       0       0       001010500D   4217
     110       0       0       2       0                    LINE     960D   4218
     110    4113       1       1       0       0       0       001010500D   4219
     110       0       0       2       0                    LINE     961D   4220
     102    4115       1       1       0       0       0       001010500D   4221
     102       0       0       1       0                  CCURVE     256D   4222
     142    4116       1       1       0       0       0       001010500D   4223
     142       0       0       1       0                  UV_BND     128D   4224
     144    4117       1       1       0       0       0       000000000D   4225
     144       0       0       1       0                 TRM_SRF     110D   4226
     110    4118       1       1       0       0       0       001010000D   4227
     110       0       0       1       0                    LINE     962D   4228
     110    4119       1       1       0       0       0       001010000D   4229
     110       0       0       2       0                    LINE     963D   4230
     120    4121       1       1       0       0       0       001010000D   4231
     120       0       0       1       0                    SREV      61D   4232
     124    4122       1       1       0       0       0       001000000D   4233
     124       0       0       2       0                   XFORM     208D   4234
     100    4124       1       1       0       0    4233       001010000D   4235
     100       0       0       1       0                     ARC     208D   4236
     102    4125       1       1       0       0       0       001010000D   4237
     102       0       0       1       0                  CCURVE     257D   4238
     110    4126       1       1       0       0       0       001010500D   4239
     110       0       0       2       0                    LINE     964D   4240
     110    4128       1       1       0       0       0       001010500D   4241
     110       0       0       2       0                    LINE     965D   4242
     110    4130       1       1       0       0       0       001010500D   4243
     110       0       0       2       0                    LINE     966D   4244
     110    4132       1       1       0       0       0       001010500D   4245
     110       0       0       2       0                    LINE     967D   4246
     102    4134       1       1       0       0       0       001010500D   4247
     102       0       0       1       0                  CCURVE     258D   4248
     142    4135       1       1       0       0       0       001010500D   4249
     142       0       0       1       0                  UV_BND     129D   4250
     144    4136       1       1       0       0       0       000000000D   4251
     144       0       0       1       0                 TRM_SRF     111D   4252
     110    4137       1       1       0       0       0       001010000D   4253
     110       0       0       1       0                    LINE     968D   4254
     124    4138       1       1       0       0       0       001000000D   4255
     124       0       0       2       0                   XFORM     209D   4256
     100    4140       1       1       0       0    4255       001010000D   4257
     100       0       0       2       0                     ARC     209D   4258
     120    4142       1       1       0       0       0       001010000D   4259
     120       0       0       1       0                    SREV      62D   4260
     124    4143       1       1       0       0       0       001000000D   4261
     124       0       0       2       0                   XFORM     210D   4262
     100    4145       1       1       0       0    4261       001010000D   4263
     100       0       0       1       0                     ARC     210D   4264
     102    4146       1       1       0       0       0       001010000D   4265
     102       0       0       1       0                  CCURVE     259D   4266
     110    4147       1       1       0       0       0       001010500D   4267
     110       0       0       2       0                    LINE     969D   4268
     110    4149       1       1       0       0       0       001010500D   4269
     110       0       0       2       0                    LINE     970D   4270
     110    4151       1       1       0       0       0       001010500D   4271
     110       0       0       2       0                    LINE     971D   4272
     110    4153       1       1       0       0       0       001010500D   4273
     110       0       0       2       0                    LINE     972D   4274
     102    4155       1       1       0       0       0       001010500D   4275
     102       0       0       1       0                  CCURVE     260D   4276
     142    4156       1       1       0       0       0       001010500D   4277
     142       0       0       1       0                  UV_BND     130D   4278
     144    4157       1       1       0       0       0       000000000D   4279
     144       0       0       1       0                 TRM_SRF     112D   4280
110,-3.875D0,-3.74D-1,1.43D0,-3.875D0,-3.74D-1,1.594D0;                1P      1
110,-3.875D0,-1.562D0,1.594D0,-3.875D0,-1.562D0,-1.594D0;              3P      2
110,-3.875D0,-3.74D-1,-1.594D0,-3.875D0,-3.74D-1,-1.43D0;              5P      3
110,-3.875D0,-3.74D-1,-1.43D0,-3.875D0,-1D0,-1.43D0;                   7P      4
110,-3.875D0,-1.062D0,-4.37D-1,-3.875D0,-1.062D0,-1.368D0;             9P      5
110,-3.875D0,-3.74D-1,-3.75D-1,-3.875D0,-1D0,-3.75D-1;                11P      6
110,-3.875D0,-3.74D-1,-3.75D-1,-3.875D0,-3.74D-1,3.75D-1;             13P      7
110,-3.875D0,-3.74D-1,3.75D-1,-3.875D0,-1D0,3.75D-1;                  15P      8
110,-3.875D0,-1.062D0,4.37D-1,-3.875D0,-1.062D0,1.368D0;              17P      9
110,-3.875D0,-1D0,1.43D0,-3.875D0,-3.74D-1,1.43D0;                    19P     10
110,-3.859D0,-3.74D-1,1.723367693030D0,-3.859D0,-3.74D-1,1.43D0;      21P     11
124,-1D0,0D0,0D0,-3.344D0,0D0,0D0,1D0,-3.74D-1,0D0,1D0,0D0,           23P     12
1.594D0;                                                              23P     13
100,0D0,0D0,0D0,5.31D-1,0D0,5.15D-1,1.293676930304D-1;                25P     14
110,-3.859D0,-3.74D-1,3.75D-1,-3.859D0,-3.74D-1,-3.75D-1;             27P     15
124,-9.698681732580D-1,-2.436303070252D-1,0D0,-3.344D0,0D0,0D0,       29P     16
1D0,-3.74D-1,-2.436303070252D-1,9.698681732580D-1,0D0,-1.594D0;       29P     17
100,0D0,0D0,0D0,5.31D-1,0D0,5.15D-1,1.293676930304D-1;                31P     18
110,-3.859D0,-3.74D-1,-1.43D0,-3.859D0,-3.74D-1,                      33P     19
-1.723367693030D0;                                                    33P     20
110,-1.4535D0,-1.87D-1,1.43D0,-7.965D-1,-1.87D-1,1.43D0;              35P     21
110,-2.2035D0,-1.87D-1,1.43D0,-1.5465D0,-1.87D-1,1.43D0;              37P     22
110,-2.9535D0,-1.87D-1,1.43D0,-2.2965D0,-1.87D-1,1.43D0;              39P     23
110,-3.45D0,-1.87D-1,1.43D0,-3.0465D0,-1.87D-1,1.43D0;                41P     24
110,-3.500106498985D0,0D0,1.43D0,-3.45D0,-1.87D-1,1.43D0;             43P     25
110,-3.859D0,0D0,1.43D0,-3.859D0,-3.74D-1,1.43D0;                     45P     26
110,-3.875D0,-3.74D-1,1.43D0,-3.859D0,-3.74D-1,1.43D0;                47P     27
110,3.859D0,-3.74D-1,1.43D0,3.875D0,-3.74D-1,1.43D0;                  49P     28
110,3.859D0,0D0,1.43D0,3.859D0,-3.74D-1,1.43D0;                       51P     29
110,3.45D0,-1.87D-1,1.43D0,3.500106498985D0,0D0,1.43D0;               53P     30
110,3.0465D0,-1.87D-1,1.43D0,3.45D0,-1.87D-1,1.43D0;                  55P     31
110,2.2965D0,-1.87D-1,1.43D0,2.9535D0,-1.87D-1,1.43D0;                57P     32
110,1.5465D0,-1.87D-1,1.43D0,2.2035D0,-1.87D-1,1.43D0;                59P     33
110,7.965D-1,-1.87D-1,1.43D0,1.4535D0,-1.87D-1,1.43D0;                61P     34
110,-7.035D-1,-1.87D-1,1.43D0,7.035D-1,-1.87D-1,1.43D0;               63P     35
124,-1D0,0D0,0D0,-7.5D-1,0D0,-1D0,0D0,-1.87D-1,0D0,0D0,1D0,           65P     36
1.43D0;                                                               65P     37
100,0D0,0D0,0D0,4.65D-2,0D0,-4.65D-2,0D0;                             67P     38
110,-3.45D0,-1.87D-1,3.75D-1,-3.45D0,-1.87D-1,-3.75D-1;               69P     39
110,-7.965D-1,-1.87D-1,-1.5015D0,-7.965D-1,-1.87D-1,-1.43D0;          71P     40
110,-1.4535D0,-1.87D-1,-1.43D0,-1.4535D0,-1.87D-1,-1.5015D0;          73P     41
124,1D0,0D0,0D0,-1.5D0,0D0,0D0,1D0,-1.87D-1,0D0,-1D0,0D0,             75P     42
-1.5015D0;                                                            75P     43
100,0D0,0D0,0D0,4.65D-2,0D0,0D0,4.65D-2;                              77P     44
124,0D0,-1D0,0D0,-1.5D0,0D0,0D0,1D0,-1.87D-1,-1D0,0D0,0D0,            79P     45
-1.5015D0;                                                            79P     46
100,0D0,0D0,0D0,4.65D-2,0D0,0D0,4.65D-2;                              81P     47
110,-1.5465D0,-1.87D-1,-1.5015D0,-1.5465D0,-1.87D-1,-1.43D0;          83P     48
110,-2.2035D0,-1.87D-1,-1.43D0,-2.2035D0,-1.87D-1,-1.5015D0;          85P     49
124,1D0,0D0,0D0,-2.25D0,0D0,0D0,1D0,-1.87D-1,0D0,-1D0,0D0,            87P     50
-1.5015D0;                                                            87P     51
100,0D0,0D0,0D0,4.65D-2,0D0,0D0,4.65D-2;                              89P     52
124,0D0,-1D0,0D0,-2.25D0,0D0,0D0,1D0,-1.87D-1,-1D0,0D0,0D0,           91P     53
-1.5015D0;                                                            91P     54
100,0D0,0D0,0D0,4.65D-2,0D0,0D0,4.65D-2;                              93P     55
110,-2.2965D0,-1.87D-1,-1.5015D0,-2.2965D0,-1.87D-1,-1.43D0;          95P     56
110,-2.9535D0,-1.87D-1,-1.43D0,-2.9535D0,-1.87D-1,-1.5015D0;          97P     57
124,1D0,0D0,0D0,-3D0,0D0,0D0,1D0,-1.87D-1,0D0,-1D0,0D0,               99P     58
-1.5015D0;                                                            99P     59
100,0D0,0D0,0D0,4.65D-2,0D0,0D0,4.65D-2;                             101P     60
124,0D0,-1D0,0D0,-3D0,0D0,0D0,1D0,-1.87D-1,-1D0,0D0,0D0,             103P     61
-1.5015D0;                                                           103P     62
100,0D0,0D0,0D0,4.65D-2,0D0,0D0,4.65D-2;                             105P     63
110,-3.0465D0,-1.87D-1,-1.5015D0,-3.0465D0,-1.87D-1,-1.43D0;         107P     64
110,-3.45D0,-1.87D-1,-1.43D0,-3.45D0,-1.87D-1,-1.674893501015D0;     109P     65
110,3.0465D0,-1.87D-1,-1.43D0,3.0465D0,-1.87D-1,-1.5015D0;           111P     66
124,1D0,0D0,0D0,3D0,0D0,0D0,1D0,-1.87D-1,0D0,-1D0,0D0,-1.5015D0;     113P     67
100,0D0,0D0,0D0,4.65D-2,0D0,0D0,4.65D-2;                             115P     68
124,0D0,-1D0,0D0,3D0,0D0,0D0,1D0,-1.87D-1,-1D0,0D0,0D0,              117P     69
-1.5015D0;                                                           117P     70
100,0D0,0D0,0D0,4.65D-2,0D0,0D0,4.65D-2;                             119P     71
110,2.9535D0,-1.87D-1,-1.5015D0,2.9535D0,-1.87D-1,-1.43D0;           121P     72
110,2.2965D0,-1.87D-1,-1.43D0,2.2965D0,-1.87D-1,-1.5015D0;           123P     73
124,1D0,0D0,0D0,2.25D0,0D0,0D0,1D0,-1.87D-1,0D0,-1D0,0D0,            125P     74
-1.5015D0;                                                           125P     75
100,0D0,0D0,0D0,4.65D-2,0D0,0D0,4.65D-2;                             127P     76
124,0D0,-1D0,0D0,2.25D0,0D0,0D0,1D0,-1.87D-1,-1D0,0D0,0D0,           129P     77
-1.5015D0;                                                           129P     78
100,0D0,0D0,0D0,4.65D-2,0D0,0D0,4.65D-2;                             131P     79
110,2.2035D0,-1.87D-1,-1.5015D0,2.2035D0,-1.87D-1,-1.43D0;           133P     80
110,1.5465D0,-1.87D-1,-1.43D0,1.5465D0,-1.87D-1,-1.5015D0;           135P     81
124,1D0,0D0,0D0,1.5D0,0D0,0D0,1D0,-1.87D-1,0D0,-1D0,0D0,             137P     82
-1.5015D0;                                                           137P     83
100,0D0,0D0,0D0,4.65D-2,0D0,0D0,4.65D-2;                             139P     84
124,0D0,-1D0,0D0,1.5D0,0D0,0D0,1D0,-1.87D-1,-1D0,0D0,0D0,            141P     85
-1.5015D0;                                                           141P     86
100,0D0,0D0,0D0,4.65D-2,0D0,0D0,4.65D-2;                             143P     87
110,1.4535D0,-1.87D-1,-1.5015D0,1.4535D0,-1.87D-1,-1.43D0;           145P     88
110,7.965D-1,-1.87D-1,-1.43D0,7.965D-1,-1.87D-1,-1.5015D0;           147P     89
124,1D0,0D0,0D0,7.5D-1,0D0,0D0,1D0,-1.87D-1,0D0,-1D0,0D0,            149P     90
-1.5015D0;                                                           149P     91
100,0D0,0D0,0D0,4.65D-2,0D0,0D0,4.65D-2;                             151P     92
124,0D0,-1D0,0D0,7.5D-1,0D0,0D0,1D0,-1.87D-1,-1D0,0D0,0D0,           153P     93
-1.5015D0;                                                           153P     94
100,0D0,0D0,0D0,4.65D-2,0D0,0D0,4.65D-2;                             155P     95
110,7.035D-1,-1.87D-1,-1.5015D0,7.035D-1,-1.87D-1,-1.43D0;           157P     96
110,-7.035D-1,-1.87D-1,-1.43D0,-7.035D-1,-1.87D-1,-1.5015D0;         159P     97
124,1D0,0D0,0D0,-7.5D-1,0D0,0D0,1D0,-1.87D-1,0D0,-1D0,0D0,           161P     98
-1.5015D0;                                                           161P     99
100,0D0,0D0,0D0,4.65D-2,0D0,0D0,4.65D-2;                             163P    100
124,0D0,-1D0,0D0,-7.5D-1,0D0,0D0,1D0,-1.87D-1,-1D0,0D0,0D0,          165P    101
-1.5015D0;                                                           165P    102
100,0D0,0D0,0D0,4.65D-2,0D0,0D0,4.65D-2;                             167P    103
110,-7.965D-1,-1.87D-1,1.43D0,-7.965D-1,-1.87D-1,1.5015D0;           169P    104
124,-1D0,0D0,0D0,-7.5D-1,0D0,0D0,1D0,-1.87D-1,0D0,1D0,0D0,           171P    105
1.5015D0;                                                            171P    106
100,0D0,0D0,0D0,4.65D-2,0D0,0D0,4.65D-2;                             173P    107
124,0D0,1D0,0D0,-7.5D-1,0D0,0D0,1D0,-1.87D-1,1D0,0D0,0D0,            175P    108
1.5015D0;                                                            175P    109
100,0D0,0D0,0D0,4.65D-2,0D0,0D0,4.65D-2;                             177P    110
110,-7.035D-1,-1.87D-1,1.5015D0,-7.035D-1,-1.87D-1,1.43D0;           179P    111
110,7.035D-1,-1.87D-1,1.43D0,7.035D-1,-1.87D-1,1.5015D0;             181P    112
124,-1D0,0D0,0D0,7.5D-1,0D0,0D0,1D0,-1.87D-1,0D0,1D0,0D0,            183P    113
1.5015D0;                                                            183P    114
100,0D0,0D0,0D0,4.65D-2,0D0,0D0,4.65D-2;                             185P    115
124,0D0,1D0,0D0,7.5D-1,0D0,0D0,1D0,-1.87D-1,1D0,0D0,0D0,             187P    116
1.5015D0;                                                            187P    117
100,0D0,0D0,0D0,4.65D-2,0D0,0D0,4.65D-2;                             189P    118
110,7.965D-1,-1.87D-1,1.5015D0,7.965D-1,-1.87D-1,1.43D0;             191P    119
110,1.4535D0,-1.87D-1,1.43D0,1.4535D0,-1.87D-1,1.5015D0;             193P    120
124,-1D0,0D0,0D0,1.5D0,0D0,0D0,1D0,-1.87D-1,0D0,1D0,0D0,             195P    121
1.5015D0;                                                            195P    122
100,0D0,0D0,0D0,4.65D-2,0D0,0D0,4.65D-2;                             197P    123
124,0D0,1D0,0D0,1.5D0,0D0,0D0,1D0,-1.87D-1,1D0,0D0,0D0,1.5015D0;     199P    124
100,0D0,0D0,0D0,4.65D-2,0D0,0D0,4.65D-2;                             201P    125
110,1.5465D0,-1.87D-1,1.5015D0,1.5465D0,-1.87D-1,1.43D0;             203P    126
110,2.2035D0,-1.87D-1,1.43D0,2.2035D0,-1.87D-1,1.5015D0;             205P    127
124,-1D0,0D0,0D0,2.25D0,0D0,0D0,1D0,-1.87D-1,0D0,1D0,0D0,            207P    128
1.5015D0;                                                            207P    129
100,0D0,0D0,0D0,4.65D-2,0D0,0D0,4.65D-2;                             209P    130
124,0D0,1D0,0D0,2.25D0,0D0,0D0,1D0,-1.87D-1,1D0,0D0,0D0,             211P    131
1.5015D0;                                                            211P    132
100,0D0,0D0,0D0,4.65D-2,0D0,0D0,4.65D-2;                             213P    133
110,2.2965D0,-1.87D-1,1.5015D0,2.2965D0,-1.87D-1,1.43D0;             215P    134
110,2.9535D0,-1.87D-1,1.43D0,2.9535D0,-1.87D-1,1.5015D0;             217P    135
124,-1D0,0D0,0D0,3D0,0D0,0D0,1D0,-1.87D-1,0D0,1D0,0D0,1.5015D0;      219P    136
100,0D0,0D0,0D0,4.65D-2,0D0,0D0,4.65D-2;                             221P    137
124,0D0,1D0,0D0,3D0,0D0,0D0,1D0,-1.87D-1,1D0,0D0,0D0,1.5015D0;       223P    138
100,0D0,0D0,0D0,4.65D-2,0D0,0D0,4.65D-2;                             225P    139
110,3.0465D0,-1.87D-1,1.5015D0,3.0465D0,-1.87D-1,1.43D0;             227P    140
110,2.190219265246D-1,-1.870085315610D-1,1.674942505980D0,           229P    141
-2.190219354952D-1,-1.870085315610D-1,1.674942505980D0;              229P    142
110,-3.45D0,-1.87D-1,1.674893501015D0,-3.45D0,-1.87D-1,1.43D0;       231P    143
110,-3.0465D0,-1.87D-1,1.43D0,-3.0465D0,-1.87D-1,1.5015D0;           233P    144
124,-1D0,0D0,0D0,-3D0,0D0,0D0,1D0,-1.87D-1,0D0,1D0,0D0,1.5015D0;     235P    145
100,0D0,0D0,0D0,4.65D-2,0D0,0D0,4.65D-2;                             237P    146
124,0D0,1D0,0D0,-3D0,0D0,0D0,1D0,-1.87D-1,1D0,0D0,0D0,1.5015D0;      239P    147
100,0D0,0D0,0D0,4.65D-2,0D0,0D0,4.65D-2;                             241P    148
110,-2.9535D0,-1.87D-1,1.5015D0,-2.9535D0,-1.87D-1,1.43D0;           243P    149
110,-2.2965D0,-1.87D-1,1.43D0,-2.2965D0,-1.87D-1,1.5015D0;           245P    150
124,-1D0,0D0,0D0,-2.25D0,0D0,0D0,1D0,-1.87D-1,0D0,1D0,0D0,           247P    151
1.5015D0;                                                            247P    152
100,0D0,0D0,0D0,4.65D-2,0D0,0D0,4.65D-2;                             249P    153
124,0D0,1D0,0D0,-2.25D0,0D0,0D0,1D0,-1.87D-1,1D0,0D0,0D0,            251P    154
1.5015D0;                                                            251P    155
100,0D0,0D0,0D0,4.65D-2,0D0,0D0,4.65D-2;                             253P    156
110,-2.2035D0,-1.87D-1,1.5015D0,-2.2035D0,-1.87D-1,1.43D0;           255P    157
110,-1.5465D0,-1.87D-1,1.43D0,-1.5465D0,-1.87D-1,1.5015D0;           257P    158
124,-1D0,0D0,0D0,-1.5D0,0D0,0D0,1D0,-1.87D-1,0D0,1D0,0D0,            259P    159
1.5015D0;                                                            259P    160
100,0D0,0D0,0D0,4.65D-2,0D0,0D0,4.65D-2;                             261P    161
124,0D0,1D0,0D0,-1.5D0,0D0,0D0,1D0,-1.87D-1,1D0,0D0,0D0,             263P    162
1.5015D0;                                                            263P    163
100,0D0,0D0,0D0,4.65D-2,0D0,0D0,4.65D-2;                             265P    164
110,-1.4535D0,-1.87D-1,1.5015D0,-1.4535D0,-1.87D-1,1.43D0;           267P    165
110,-3.859D0,0D0,-3.75D-1,-3.859D0,-3.74D-1,-3.75D-1;                269P    166
110,-3.859D0,-3.74D-1,-3.75D-1,-3.875D0,-3.74D-1,-3.75D-1;           271P    167
110,3.875D0,-3.74D-1,-3.75D-1,3.859D0,-3.74D-1,-3.75D-1;             273P    168
110,3.859D0,0D0,-3.75D-1,3.859D0,-3.74D-1,-3.75D-1;                  275P    169
110,3.45D0,-1.87D-1,-3.75D-1,3.500106498985D0,0D0,-3.75D-1;          277P    170
110,-3.45D0,-1.87D-1,-3.75D-1,3.45D0,-1.87D-1,-3.75D-1;              279P    171
110,-3.500106498985D0,0D0,-3.75D-1,-3.45D0,-1.87D-1,-3.75D-1;        281P    172
110,-3.859D0,-3.679081474558D-1,-1.723367693030D0,-3.859D0,          283P    173
-3.74D-1,-1.723367693030D0;                                          283P    174
110,-3.859D0,-3.74D-1,1.723367693030D0,-3.859D0,                     285P    175
-3.679081474558D-1,1.723367693030D0;                                 285P    176
110,3.859D0,0D0,-1.43D0,3.859D0,0D0,-1.624787002031D0;               287P    177
110,3.500106498985D0,0D0,-1.43D0,3.859D0,0D0,-1.43D0;                289P    178
110,3.500106498985D0,0D0,-1.624787002031D0,3.500106498985D0,0D0,     291P    179
-1.43D0;                                                             291P    180
110,3.859D0,0D0,-1.624787002031D0,3.500106498985D0,0D0,              293P    181
-1.624787002031D0;                                                   293P    182
110,3.859D0,0D0,3.75D-1,3.859D0,0D0,-3.75D-1;                        295P    183
110,3.500106498985D0,0D0,3.75D-1,3.859D0,0D0,3.75D-1;                297P    184
110,3.500106498985D0,0D0,-3.75D-1,3.500106498985D0,0D0,3.75D-1;      299P    185
110,3.859D0,0D0,-3.75D-1,3.500106498985D0,0D0,-3.75D-1;              301P    186
110,3.859D0,0D0,1.624787002031D0,3.859D0,0D0,1.43D0;                 303P    187
110,3.500106498985D0,0D0,1.624787002031D0,3.859D0,0D0,               305P    188
1.624787002031D0;                                                    305P    189
110,3.500106498985D0,0D0,1.43D0,3.500106498985D0,0D0,                307P    190
1.624787002031D0;                                                    307P    191
110,3.500106498985D0,0D0,1.43D0,3.859D0,0D0,1.43D0;                  309P    192
110,-3.859D0,0D0,-1.624787002031D0,-3.859D0,0D0,-1.43D0;             311P    193
110,-3.500106498985D0,0D0,-1.624787002031D0,-3.859D0,0D0,            313P    194
-1.624787002031D0;                                                   313P    195
110,-3.500106498985D0,0D0,-1.43D0,-3.500106498985D0,0D0,             315P    196
-1.624787002031D0;                                                   315P    197
110,-3.859D0,0D0,-1.43D0,-3.500106498985D0,0D0,-1.43D0;              317P    198
110,-3.859D0,0D0,-3.75D-1,-3.859D0,0D0,3.75D-1;                      319P    199
110,-3.500106498985D0,0D0,-3.75D-1,-3.859D0,0D0,-3.75D-1;            321P    200
110,-3.500106498985D0,0D0,3.75D-1,-3.500106498985D0,0D0,             323P    201
-3.75D-1;                                                            323P    202
110,-3.859D0,0D0,3.75D-1,-3.500106498985D0,0D0,3.75D-1;              325P    203
110,-3.859D0,0D0,1.43D0,-3.859D0,0D0,1.624787002031D0;               327P    204
110,-3.859D0,0D0,1.43D0,-3.500106498985D0,0D0,1.43D0;                329P    205
110,-3.500106498985D0,0D0,1.624787002031D0,-3.500106498985D0,        331P    206
0D0,1.43D0;                                                          331P    207
110,-3.859D0,0D0,1.624787002031D0,-3.500106498985D0,0D0,             333P    208
1.624787002031D0;                                                    333P    209
110,3.859D0,-3.74D-1,-1.723367693030D0,3.859D0,                      335P    210
-3.679081474558D-1,-1.723367693030D0;                                335P    211
110,3.859D0,-3.679081474558D-1,1.723367693030D0,3.859D0,             337P    212
-3.74D-1,1.723367693030D0;                                           337P    213
110,-3.859D0,0D0,-1.624787002031D0,-3.859D0,-3.679081474558D-1,      339P    214
-1.723367693030D0;                                                   339P    215
110,3.859D0,0D0,-1.624787002031D0,3.859D0,-3.679081474558D-1,        341P    216
-1.723367693030D0;                                                   341P    217
110,3.500106498985D0,0D0,-1.624787002031D0,3.45D0,-1.87D-1,          343P    218
-1.674893501015D0;                                                   343P    219
110,-3.45D0,-1.87D-1,-1.674893501015D0,3.45D0,-1.87D-1,              345P    220
-1.674893501015D0;                                                   345P    221
110,-3.500106498985D0,0D0,-1.624787002031D0,-3.45D0,-1.87D-1,        347P    222
-1.674893501015D0;                                                   347P    223
110,-3.875D0,-3.74D-1,-1.594D0,-3.875D0,-1.562D0,-1.594D0;           349P    224
124,-1D0,0D0,0D0,-3.344D0,0D0,0D0,-1D0,-1.562D0,0D0,-1D0,0D0,        351P    225
-1.594D0;                                                            351P    226
100,0D0,0D0,0D0,5.31D-1,0D0,0D0,5.31D-1;                             353P    227
110,-3.344D0,-1.562D0,-2.125D0,-3.344D0,-3.74D-1,-2.125D0;           355P    228
124,0D0,-1D0,0D0,-3.344D0,0D0,0D0,1D0,-3.74D-1,-1D0,0D0,0D0,         357P    229
-1.594D0;                                                            357P    230
100,0D0,0D0,0D0,5.31D-1,0D0,1.31D-1,5.145872132107D-1;               359P    231
126,3,3,0,0,1,0,0D0,0D0,0D0,0D0,1D0,1D0,1D0,1D0,1D0,1D0,1D0,1D0,     361P    232
-3.858587213211D0,-3.74D-1,-1.725D0,-3.858725723018D0,               361P    233
-3.719694402831D-1,-1.724455913164D0,-3.858863317933D0,              361P    234
-3.699388227253D-1,-1.723911810829D0,-3.859D0,                       361P    235
-3.679081474558D-1,-1.723367693030D0,0D0,1D0,0D0,0D0,1D0;            361P    236
110,-3.344D0,-1.562D0,2.125D0,3.344D0,-1.562D0,2.125D0;              363P    237
124,1D0,0D0,0D0,-2.625D0,0D0,0D0,1D0,-1.562D0,0D0,-1D0,0D0,          365P    238
-8.88D-1;                                                            365P    239
100,0D0,0D0,0D0,6.25D-2,0D0,-6.25D-2,0D0;                            367P    240
124,-1D0,0D0,0D0,-2.625D0,0D0,0D0,1D0,-1.562D0,0D0,1D0,0D0,          369P    241
-8.88D-1;                                                            369P    242
100,0D0,0D0,0D0,6.25D-2,0D0,-6.25D-2,0D0;                            371P    243
124,1D0,0D0,0D0,-1.125D0,0D0,0D0,1D0,-1.562D0,0D0,-1D0,0D0,          373P    244
-8.88D-1;                                                            373P    245
100,0D0,0D0,0D0,6.25D-2,0D0,-6.25D-2,0D0;                            375P    246
124,-1D0,0D0,0D0,-1.125D0,0D0,0D0,1D0,-1.562D0,0D0,1D0,0D0,          377P    247
-8.88D-1;                                                            377P    248
100,0D0,0D0,0D0,6.25D-2,0D0,-6.25D-2,0D0;                            379P    249
124,1D0,0D0,0D0,1.125D0,0D0,0D0,1D0,-1.562D0,0D0,-1D0,0D0,           381P    250
-8.88D-1;                                                            381P    251
100,0D0,0D0,0D0,6.25D-2,0D0,-6.25D-2,0D0;                            383P    252
124,-1D0,0D0,0D0,1.125D0,0D0,0D0,1D0,-1.562D0,0D0,1D0,0D0,           385P    253
-8.88D-1;                                                            385P    254
100,0D0,0D0,0D0,6.25D-2,0D0,-6.25D-2,0D0;                            387P    255
124,1D0,0D0,0D0,2.625D0,0D0,0D0,1D0,-1.562D0,0D0,-1D0,0D0,           389P    256
-8.88D-1;                                                            389P    257
100,0D0,0D0,0D0,6.25D-2,0D0,-6.25D-2,0D0;                            391P    258
124,-1D0,0D0,0D0,2.625D0,0D0,0D0,1D0,-1.562D0,0D0,1D0,0D0,           393P    259
-8.88D-1;                                                            393P    260
100,0D0,0D0,0D0,6.25D-2,0D0,-6.25D-2,0D0;                            395P    261
124,1D0,0D0,0D0,2.625D0,0D0,0D0,1D0,-1.562D0,0D0,-1D0,0D0,           397P    262
8.88D-1;                                                             397P    263
100,0D0,0D0,0D0,6.25D-2,0D0,-6.25D-2,0D0;                            399P    264
124,-1D0,0D0,0D0,2.625D0,0D0,0D0,1D0,-1.562D0,0D0,1D0,0D0,           401P    265
8.88D-1;                                                             401P    266
100,0D0,0D0,0D0,6.25D-2,0D0,-6.25D-2,0D0;                            403P    267
124,1D0,0D0,0D0,1.125D0,0D0,0D0,1D0,-1.562D0,0D0,-1D0,0D0,           405P    268
8.88D-1;                                                             405P    269
100,0D0,0D0,0D0,6.25D-2,0D0,-6.25D-2,0D0;                            407P    270
124,-1D0,0D0,0D0,1.125D0,0D0,0D0,1D0,-1.562D0,0D0,1D0,0D0,           409P    271
8.88D-1;                                                             409P    272
100,0D0,0D0,0D0,6.25D-2,0D0,-6.25D-2,0D0;                            411P    273
124,1D0,0D0,0D0,-1.125D0,0D0,0D0,1D0,-1.562D0,0D0,-1D0,0D0,          413P    274
8.88D-1;                                                             413P    275
100,0D0,0D0,0D0,6.25D-2,0D0,-6.25D-2,0D0;                            415P    276
124,-1D0,0D0,0D0,-1.125D0,0D0,0D0,1D0,-1.562D0,0D0,1D0,0D0,          417P    277
8.88D-1;                                                             417P    278
100,0D0,0D0,0D0,6.25D-2,0D0,-6.25D-2,0D0;                            419P    279
124,1D0,0D0,0D0,-2.625D0,0D0,0D0,1D0,-1.562D0,0D0,-1D0,0D0,          421P    280
8.88D-1;                                                             421P    281
100,0D0,0D0,0D0,6.25D-2,0D0,-6.25D-2,0D0;                            423P    282
124,-1D0,0D0,0D0,-2.625D0,0D0,0D0,1D0,-1.562D0,0D0,1D0,0D0,          425P    283
8.88D-1;                                                             425P    284
100,0D0,0D0,0D0,6.25D-2,0D0,-6.25D-2,0D0;                            427P    285
110,3.875D0,-3.74D-1,1.594D0,3.875D0,-1.562D0,1.594D0;               429P    286
124,1D0,0D0,0D0,3.344D0,0D0,0D0,-1D0,-1.562D0,0D0,1D0,0D0,           431P    287
1.594D0;                                                             431P    288
100,0D0,0D0,0D0,5.31D-1,0D0,0D0,5.31D-1;                             433P    289
110,3.344D0,-1.562D0,2.125D0,3.344D0,-3.74D-1,2.125D0;               435P    290
124,0D0,1D0,0D0,3.344D0,0D0,0D0,1D0,-3.74D-1,1D0,0D0,0D0,            437P    291
1.594D0;                                                             437P    292
100,0D0,0D0,0D0,5.31D-1,0D0,1.31D-1,5.145872132107D-1;               439P    293
126,3,3,0,0,1,0,0D0,0D0,0D0,0D0,1D0,1D0,1D0,1D0,1D0,1D0,1D0,1D0,     441P    294
3.858587213211D0,-3.74D-1,1.725D0,3.858725723018D0,                  441P    295
-3.719694402831D-1,1.724455913164D0,3.858863317933D0,                441P    296
-3.699388227253D-1,1.723911810829D0,3.859D0,-3.679081474558D-1,      441P    297
1.723367693030D0,0D0,1D0,0D0,0D0,1D0;                                441P    298
124,1D0,0D0,0D0,3.344D0,0D0,0D0,-1D0,-3.74D-1,0D0,1D0,0D0,           443P    299
1.594D0;                                                             443P    300
100,0D0,0D0,0D0,5.31D-1,0D0,5.15D-1,1.293676930304D-1;               445P    301
110,3.859D0,-3.74D-1,1.723367693030D0,3.859D0,-3.74D-1,1.43D0;       447P    302
110,3.859D0,-3.74D-1,3.75D-1,3.859D0,-3.74D-1,-3.75D-1;              449P    303
110,3.859D0,-3.74D-1,-1.43D0,3.859D0,-3.74D-1,-1.723367693030D0;     451P    304
124,1D0,0D0,0D0,3.344D0,0D0,0D0,1D0,-3.74D-1,0D0,-1D0,0D0,           453P    305
-1.594D0;                                                            453P    306
100,0D0,0D0,0D0,5.31D-1,0D0,5.15D-1,1.293676930304D-1;               455P    307
110,3.875D0,-3.74D-1,1.43D0,3.875D0,-3.74D-1,1.594D0;                457P    308
110,3.875D0,-3.74D-1,1.43D0,3.875D0,-1D0,1.43D0;                     459P    309
110,3.875D0,-1.062D0,4.37D-1,3.875D0,-1.062D0,1.368D0;               461P    310
110,3.875D0,-3.74D-1,3.75D-1,3.875D0,-1D0,3.75D-1;                   463P    311
110,3.875D0,-3.74D-1,-3.75D-1,3.875D0,-3.74D-1,3.75D-1;              465P    312
110,3.875D0,-1D0,-3.75D-1,3.875D0,-3.74D-1,-3.75D-1;                 467P    313
110,3.875D0,-1.062D0,-1.368D0,3.875D0,-1.062D0,-4.37D-1;             469P    314
110,3.875D0,-3.74D-1,-1.43D0,3.875D0,-1D0,-1.43D0;                   471P    315
110,3.875D0,-3.74D-1,-1.594D0,3.875D0,-3.74D-1,-1.43D0;              473P    316
110,3.875D0,-1.562D0,1.594D0,3.875D0,-1.562D0,-1.594D0;              475P    317
110,-3.875D0,-1D0,1.43D0,3.875D0,-1D0,1.43D0;                        477P    318
124,0D0,0D0,-1D0,-3.875D0,-1D0,0D0,0D0,-1D0,0D0,1D0,0D0,1.368D0;     479P    319
100,0D0,0D0,0D0,6.2D-2,0D0,0D0,6.2D-2;                               481P    320
110,-3.875D0,-1.062D0,1.368D0,3.875D0,-1.062D0,1.368D0;              483P    321
124,0D0,0D0,-1D0,3.875D0,-1D0,0D0,0D0,-1D0,0D0,1D0,0D0,1.368D0;      485P    322
100,0D0,0D0,0D0,6.2D-2,0D0,0D0,6.2D-2;                               487P    323
124,1D0,0D0,0D0,2.625D0,0D0,0D0,1D0,-1.062D0,0D0,-1D0,0D0,           489P    324
8.88D-1;                                                             489P    325
100,0D0,0D0,0D0,6.25D-2,0D0,-6.25D-2,0D0;                            491P    326
124,-1D0,0D0,0D0,2.625D0,0D0,0D0,1D0,-1.062D0,0D0,1D0,0D0,           493P    327
8.88D-1;                                                             493P    328
100,0D0,0D0,0D0,6.25D-2,0D0,-6.25D-2,0D0;                            495P    329
124,1D0,0D0,0D0,1.125D0,0D0,0D0,1D0,-1.062D0,0D0,-1D0,0D0,           497P    330
8.88D-1;                                                             497P    331
100,0D0,0D0,0D0,6.25D-2,0D0,-6.25D-2,0D0;                            499P    332
124,-1D0,0D0,0D0,1.125D0,0D0,0D0,1D0,-1.062D0,0D0,1D0,0D0,           501P    333
8.88D-1;                                                             501P    334
100,0D0,0D0,0D0,6.25D-2,0D0,-6.25D-2,0D0;                            503P    335
124,1D0,0D0,0D0,-1.125D0,0D0,0D0,1D0,-1.062D0,0D0,-1D0,0D0,          505P    336
8.88D-1;                                                             505P    337
100,0D0,0D0,0D0,6.25D-2,0D0,-6.25D-2,0D0;                            507P    338
124,-1D0,0D0,0D0,-1.125D0,0D0,0D0,1D0,-1.062D0,0D0,1D0,0D0,          509P    339
8.88D-1;                                                             509P    340
100,0D0,0D0,0D0,6.25D-2,0D0,-6.25D-2,0D0;                            511P    341
124,1D0,0D0,0D0,-2.625D0,0D0,0D0,1D0,-1.062D0,0D0,-1D0,0D0,          513P    342
8.88D-1;                                                             513P    343
100,0D0,0D0,0D0,6.25D-2,0D0,-6.25D-2,0D0;                            515P    344
124,-1D0,0D0,0D0,-2.625D0,0D0,0D0,1D0,-1.062D0,0D0,1D0,0D0,          517P    345
8.88D-1;                                                             517P    346
100,0D0,0D0,0D0,6.25D-2,0D0,-6.25D-2,0D0;                            519P    347
124,1D0,0D0,0D0,-3.375D0,0D0,0D0,1D0,-1.062D0,0D0,-1D0,0D0,          521P    348
8.88D-1;                                                             521P    349
100,0D0,0D0,0D0,1.715D-1,0D0,-1.715D-1,0D0;                          523P    350
124,-1D0,0D0,0D0,-3.375D0,0D0,0D0,1D0,-1.062D0,0D0,1D0,0D0,          525P    351
8.88D-1;                                                             525P    352
100,0D0,0D0,0D0,1.715D-1,0D0,-1.715D-1,0D0;                          527P    353
110,-3.875D0,-1.062D0,4.37D-1,3.875D0,-1.062D0,4.37D-1;              529P    354
124,0D0,0D0,-1D0,-3.875D0,0D0,-1D0,0D0,-1D0,-1D0,0D0,0D0,            531P    355
4.37D-1;                                                             531P    356
100,0D0,0D0,0D0,6.2D-2,0D0,0D0,6.2D-2;                               533P    357
110,-3.875D0,-1D0,3.75D-1,3.875D0,-1D0,3.75D-1;                      535P    358
124,0D0,0D0,-1D0,3.875D0,0D0,-1D0,0D0,-1D0,-1D0,0D0,0D0,4.37D-1;     537P    359
100,0D0,0D0,0D0,6.2D-2,0D0,0D0,6.2D-2;                               539P    360
110,-3.859D0,0D0,3.75D-1,-3.859D0,-3.74D-1,3.75D-1;                  541P    361
110,-3.45D0,-1.87D-1,3.75D-1,-3.500106498985D0,0D0,3.75D-1;          543P    362
110,3.45D0,-1.87D-1,3.75D-1,-3.45D0,-1.87D-1,3.75D-1;                545P    363
110,3.500106498985D0,0D0,3.75D-1,3.45D0,-1.87D-1,3.75D-1;            547P    364
110,3.859D0,-3.74D-1,3.75D-1,3.859D0,0D0,3.75D-1;                    549P    365
110,3.875D0,-3.74D-1,3.75D-1,3.859D0,-3.74D-1,3.75D-1;               551P    366
110,-3.875D0,-3.74D-1,3.75D-1,-3.859D0,-3.74D-1,3.75D-1;             553P    367
110,-7.035D-1,-1.87D-1,-1.43D0,7.035D-1,-1.87D-1,-1.43D0;            555P    368
110,7.965D-1,-1.87D-1,-1.43D0,1.4535D0,-1.87D-1,-1.43D0;             557P    369
110,1.5465D0,-1.87D-1,-1.43D0,2.2035D0,-1.87D-1,-1.43D0;             559P    370
110,2.2965D0,-1.87D-1,-1.43D0,2.9535D0,-1.87D-1,-1.43D0;             561P    371
110,3.0465D0,-1.87D-1,-1.43D0,3.45D0,-1.87D-1,-1.43D0;               563P    372
110,3.45D0,-1.87D-1,-1.43D0,3.500106498985D0,0D0,-1.43D0;            565P    373
110,3.859D0,0D0,-1.43D0,3.859D0,-3.74D-1,-1.43D0;                    567P    374
110,3.875D0,-3.74D-1,-1.43D0,3.859D0,-3.74D-1,-1.43D0;               569P    375
110,-3.875D0,-3.74D-1,-1.43D0,-3.859D0,-3.74D-1,-1.43D0;             571P    376
110,-3.859D0,-3.74D-1,-1.43D0,-3.859D0,0D0,-1.43D0;                  573P    377
110,-3.500106498985D0,0D0,-1.43D0,-3.45D0,-1.87D-1,-1.43D0;          575P    378
110,-3.45D0,-1.87D-1,-1.43D0,-3.0465D0,-1.87D-1,-1.43D0;             577P    379
110,-2.9535D0,-1.87D-1,-1.43D0,-2.2965D0,-1.87D-1,-1.43D0;           579P    380
110,-2.2035D0,-1.87D-1,-1.43D0,-1.5465D0,-1.87D-1,-1.43D0;           581P    381
110,-1.4535D0,-1.87D-1,-1.43D0,-7.965D-1,-1.87D-1,-1.43D0;           583P    382
124,-1D0,0D0,0D0,-7.5D-1,0D0,-1D0,0D0,-1.87D-1,0D0,0D0,1D0,          585P    383
-1.43D0;                                                             585P    384
100,0D0,0D0,0D0,4.65D-2,0D0,-4.65D-2,0D0;                            587P    385
124,1D0,0D0,0D0,-7.5D-1,0D0,-1D0,0D0,-1.87D-1,0D0,0D0,-1D0,          589P    386
-1.5015D0;                                                           589P    387
100,0D0,0D0,0D0,4.65D-2,0D0,-4.65D-2,0D0;                            591P    388
124,-1D0,0D0,0D0,7.5D-1,0D0,-1D0,0D0,-1.87D-1,0D0,0D0,1D0,           593P    389
-1.43D0;                                                             593P    390
100,0D0,0D0,0D0,4.65D-2,0D0,-4.65D-2,0D0;                            595P    391
124,1D0,0D0,0D0,7.5D-1,0D0,-1D0,0D0,-1.87D-1,0D0,0D0,-1D0,           597P    392
-1.5015D0;                                                           597P    393
100,0D0,0D0,0D0,4.65D-2,0D0,-4.65D-2,0D0;                            599P    394
124,-1D0,0D0,0D0,1.5D0,0D0,-1D0,0D0,-1.87D-1,0D0,0D0,1D0,            601P    395
-1.43D0;                                                             601P    396
100,0D0,0D0,0D0,4.65D-2,0D0,-4.65D-2,0D0;                            603P    397
124,1D0,0D0,0D0,1.5D0,0D0,-1D0,0D0,-1.87D-1,0D0,0D0,-1D0,            605P    398
-1.5015D0;                                                           605P    399
100,0D0,0D0,0D0,4.65D-2,0D0,-4.65D-2,0D0;                            607P    400
124,-1D0,0D0,0D0,2.25D0,0D0,-1D0,0D0,-1.87D-1,0D0,0D0,1D0,           609P    401
-1.43D0;                                                             609P    402
100,0D0,0D0,0D0,4.65D-2,0D0,-4.65D-2,0D0;                            611P    403
124,1D0,0D0,0D0,2.25D0,0D0,-1D0,0D0,-1.87D-1,0D0,0D0,-1D0,           613P    404
-1.5015D0;                                                           613P    405
100,0D0,0D0,0D0,4.65D-2,0D0,-4.65D-2,0D0;                            615P    406
124,-1D0,0D0,0D0,3D0,0D0,-1D0,0D0,-1.87D-1,0D0,0D0,1D0,-1.43D0;      617P    407
100,0D0,0D0,0D0,4.65D-2,0D0,-4.65D-2,0D0;                            619P    408
124,1D0,0D0,0D0,3D0,0D0,-1D0,0D0,-1.87D-1,0D0,0D0,-1D0,              621P    409
-1.5015D0;                                                           621P    410
100,0D0,0D0,0D0,4.65D-2,0D0,-4.65D-2,0D0;                            623P    411
110,3.45D0,-1.87D-1,-1.43D0,3.45D0,-1.87D-1,-1.674893501015D0;       625P    412
110,3.45D0,-1.87D-1,3.75D-1,3.45D0,-1.87D-1,-3.75D-1;                627P    413
110,3.45D0,-1.87D-1,1.674893501015D0,3.45D0,-1.87D-1,1.43D0;         629P    414
126,13,3,0,0,1,0,0D0,0D0,0D0,0D0,9.090909090909D-2,                  631P    415
1.818181818182D-1,2.727272727273D-1,3.636363636364D-1,               631P    416
4.545454545455D-1,5.454545454545D-1,6.363636363636D-1,               631P    417
7.272727272727D-1,8.181818181818D-1,9.090909090909D-1,1D0,1D0,       631P    418
1D0,1D0,1D0,1D0,1D0,1D0,1D0,1D0,1D0,1D0,1D0,1D0,1D0,1D0,1D0,1D0,     631P    419
3.19D-1,-3.74D-1,1.725D0,3.170219734812D-1,-3.641572060443D-1,       631P    420
1.722362631308D0,3.128912419098D-1,-3.452256758884D-1,               631P    421
1.717289943257D0,3.062297692465D-1,-3.191256104435D-1,               631P    422
1.710296451054D0,2.991047231744D-1,-2.951842277660D-1,               631P    423
1.703881379630D0,2.915062118290D-1,-2.733312541404D-1,               631P    424
1.698025882819D0,2.833938703932D-1,-2.535058036716D-1,               631P    425
1.692713707349D0,2.747012376187D-1,-2.357140161024D-1,               631P    426
1.687946270522D0,2.653304380915D-1,-2.200276121445D-1,               631P    427
1.683743640140D0,2.551129069980D-1,-2.066623475109D-1,               631P    428
1.680160454431D0,2.439035861725D-1,-1.959493161419D-1,               631P    429
1.677297272813D0,2.314759909294D-1,-1.891169618996D-1,               631P    430
1.675439056911D0,2.232093522427D-1,-1.870085315610D-1,               631P    431
1.674942505980D0,2.190219265246D-1,-1.870085315610D-1,               631P    432
1.674942505980D0,0D0,1D0,0D0,0D0,1D0;                                631P    433
110,3.45D0,-1.87D-1,1.674893501015D0,2.190219265246D-1,              633P    434
-1.870085315610D-1,1.674942505980D0;                                 633P    435
110,3.500106498985D0,0D0,1.624787002031D0,3.45D0,-1.87D-1,           635P    436
1.674893501015D0;                                                    635P    437
110,3.859D0,-3.679081474558D-1,1.723367693030D0,3.859D0,0D0,         637P    438
1.624787002031D0;                                                    637P    439
126,13,3,0,0,1,0,0D0,0D0,0D0,0D0,9.090909090909D-2,                  639P    440
1.818181818182D-1,2.727272727273D-1,3.636363636364D-1,               639P    441
4.545454545455D-1,5.454545454545D-1,6.363636363636D-1,               639P    442
7.272727272727D-1,8.181818181818D-1,9.090909090909D-1,1D0,1D0,       639P    443
1D0,1D0,1D0,1D0,1D0,1D0,1D0,1D0,1D0,1D0,1D0,1D0,1D0,1D0,1D0,1D0,     639P    444
-2.190219354952D-1,-1.870085315610D-1,1.674942505980D0,              639P    445
-2.232050550256D-1,-1.870085315610D-1,1.674942505980D0,              639P    446
-2.314661039610D-1,-1.891129039413D-1,1.675437969585D0,              639P    447
-2.439022918029D-1,-1.959476655993D-1,1.677296830551D0,              639P    448
-2.551107791729D-1,-2.066600746158D-1,1.680159845410D0,              639P    449
-2.653306516043D-1,-2.200276055103D-1,1.683743638362D0,              639P    450
-2.747025208532D-1,-2.357163295744D-1,1.687946890415D0,              639P    451
-2.833957446986D-1,-2.535099364593D-1,1.692714814726D0,              639P    452
-2.915081372424D-1,-2.733363753697D-1,1.698027255048D0,              639P    453
-2.991063578923D-1,-2.951893503817D-1,1.703882752231D0,              639P    454
-3.062310118422D-1,-3.191301898443D-1,1.710297678101D0,              639P    455
-3.128919165977D-1,-3.452286603315D-1,1.717290742936D0,              639P    456
-3.170221995094D-1,-3.641583307758D-1,1.722362932679D0,-3.19D-1,     639P    457
-3.74D-1,1.725D0,0D0,1D0,0D0,0D0,1D0;                                639P    458
110,-3.859D0,0D0,1.624787002031D0,-3.859D0,-3.679081474558D-1,       641P    459
1.723367693030D0;                                                    641P    460
110,-3.45D0,-1.87D-1,1.674893501015D0,-3.500106498985D0,0D0,         643P    461
1.624787002031D0;                                                    643P    462
110,-2.190219354952D-1,-1.870085315610D-1,1.674942505980D0,          645P    463
-3.45D0,-1.87D-1,1.674893501015D0;                                   645P    464
110,3.44D-1,-6.87D-1,1.8D0,3.44D-1,-3.74D-1,1.8D0;                   647P    465
110,-3.44D-1,-3.74D-1,2.125D0,-3.44D-1,-3.74D-1,1.8D0;               649P    466
110,-3.19D-1,-3.74D-1,1.725D0,-3.858587213211D0,-3.74D-1,            651P    467
1.725D0;                                                             651P    468
124,-8D-1,-6D-1,0D0,-2.19D-1,0D0,0D0,1D0,-3.74D-1,-6D-1,8D-1,        653P    469
0D0,1.8D0;                                                           653P    470
100,0D0,0D0,0D0,1.25D-1,0D0,1D-1,7.5D-2;                             655P    471
110,3.44D-1,-3.74D-1,1.8D0,3.44D-1,-3.74D-1,2.125D0;                 657P    472
124,1D0,0D0,0D0,2.19D-1,0D0,0D0,1D0,-3.74D-1,0D0,-1D0,0D0,1.8D0;     659P    473
100,0D0,0D0,0D0,1.25D-1,0D0,1D-1,7.5D-2;                             661P    474
110,3.858587213211D0,-3.74D-1,1.725D0,3.19D-1,-3.74D-1,1.725D0;      663P    475
110,-3.44D-1,-3.74D-1,1.8D0,-3.44D-1,-6.87D-1,1.8D0;                 665P    476
110,-3.44D-1,-6.87D-1,2.125D0,3.44D-1,-6.87D-1,2.125D0;              667P    477
110,3.44D-1,-3.74D-1,2.125D0,3.44D-1,-6.87D-1,2.125D0;               669P    478
110,3.44D-1,-3.74D-1,2.125D0,3.344D0,-3.74D-1,2.125D0;               671P    479
110,-3.344D0,-3.74D-1,2.125D0,-3.44D-1,-3.74D-1,2.125D0;             673P    480
110,-3.44D-1,-6.87D-1,2.125D0,-3.44D-1,-3.74D-1,2.125D0;             675P    481
110,-3.44D-1,-6.87D-1,1.8D0,-3.44D-1,-6.87D-1,2.125D0;               677P    482
124,0D0,-1D0,0D0,-2.19D-1,0D0,0D0,1D0,-6.87D-1,-1D0,0D0,0D0,         679P    483
1.8D0;                                                               679P    484
100,0D0,0D0,0D0,1.25D-1,0D0,0D0,1.25D-1;                             681P    485
110,2.19D-1,-6.87D-1,1.675D0,-2.19D-1,-6.87D-1,1.675D0;              683P    486
124,1D0,0D0,0D0,2.19D-1,0D0,0D0,1D0,-6.87D-1,0D0,-1D0,0D0,1.8D0;     685P    487
100,0D0,0D0,0D0,1.25D-1,0D0,0D0,1.25D-1;                             687P    488
110,3.44D-1,-6.87D-1,2.125D0,3.44D-1,-6.87D-1,1.8D0;                 689P    489
110,-2.19D-1,-6.87D-1,1.675D0,-2.190219354952D-1,                    691P    490
-1.870085315610D-1,1.674942505980D0;                                 691P    491
110,2.190219265246D-1,-1.870085315610D-1,1.674942505980D0,           693P    492
2.19D-1,-6.87D-1,1.675D0;                                            693P    493
126,3,3,0,0,1,0,0D0,0D0,0D0,0D0,1D0,1D0,1D0,1D0,1D0,1D0,1D0,1D0,     695P    494
-3.859D0,-3.679081474558D-1,1.723367693030D0,-3.858863317933D0,      695P    495
-3.699388227253D-1,1.723911810829D0,-3.858725723018D0,               695P    496
-3.719694402831D-1,1.724455913164D0,-3.858587213211D0,-3.74D-1,      695P    497
1.725D0,0D0,1D0,0D0,0D0,1D0;                                         695P    498
124,-9.690907970071D-1,2.467043314501D-1,0D0,-3.344D0,0D0,0D0,       697P    499
1D0,-3.74D-1,2.467043314501D-1,9.690907970071D-1,0D0,1.594D0;        697P    500
100,0D0,0D0,0D0,5.31D-1,0D0,1.31D-1,5.145872132107D-1;               699P    501
110,-3.344D0,-3.74D-1,2.125D0,-3.344D0,-1.562D0,2.125D0;             701P    502
124,0D0,-1D0,0D0,-3.344D0,0D0,0D0,-1D0,-1.562D0,1D0,0D0,0D0,         703P    503
1.594D0;                                                             703P    504
100,0D0,0D0,0D0,5.31D-1,0D0,0D0,5.31D-1;                             705P    505
110,-3.875D0,-1.562D0,1.594D0,-3.875D0,-3.74D-1,1.594D0;             707P    506
110,3.875D0,-1D0,-1.43D0,-3.875D0,-1D0,-1.43D0;                      709P    507
124,0D0,0D0,-1D0,3.875D0,0D0,-1D0,0D0,-1D0,-1D0,0D0,0D0,             711P    508
-1.368D0;                                                            711P    509
100,0D0,0D0,0D0,6.2D-2,0D0,0D0,6.2D-2;                               713P    510
110,-3.875D0,-1.062D0,-1.368D0,3.875D0,-1.062D0,-1.368D0;            715P    511
124,0D0,0D0,-1D0,-3.875D0,0D0,-1D0,0D0,-1D0,-1D0,0D0,0D0,            717P    512
-1.368D0;                                                            717P    513
100,0D0,0D0,0D0,6.2D-2,0D0,0D0,6.2D-2;                               719P    514
124,1D0,0D0,0D0,-2.625D0,0D0,0D0,1D0,-1.062D0,0D0,-1D0,0D0,          721P    515
-8.88D-1;                                                            721P    516
100,0D0,0D0,0D0,6.25D-2,0D0,-6.25D-2,0D0;                            723P    517
124,-1D0,0D0,0D0,-2.625D0,0D0,0D0,1D0,-1.062D0,0D0,1D0,0D0,          725P    518
-8.88D-1;                                                            725P    519
100,0D0,0D0,0D0,6.25D-2,0D0,-6.25D-2,0D0;                            727P    520
124,1D0,0D0,0D0,-1.125D0,0D0,0D0,1D0,-1.062D0,0D0,-1D0,0D0,          729P    521
-8.88D-1;                                                            729P    522
100,0D0,0D0,0D0,6.25D-2,0D0,-6.25D-2,0D0;                            731P    523
124,-1D0,0D0,0D0,-1.125D0,0D0,0D0,1D0,-1.062D0,0D0,1D0,0D0,          733P    524
-8.88D-1;                                                            733P    525
100,0D0,0D0,0D0,6.25D-2,0D0,-6.25D-2,0D0;                            735P    526
124,1D0,0D0,0D0,1.125D0,0D0,0D0,1D0,-1.062D0,0D0,-1D0,0D0,           737P    527
-8.88D-1;                                                            737P    528
100,0D0,0D0,0D0,6.25D-2,0D0,-6.25D-2,0D0;                            739P    529
124,-1D0,0D0,0D0,1.125D0,0D0,0D0,1D0,-1.062D0,0D0,1D0,0D0,           741P    530
-8.88D-1;                                                            741P    531
100,0D0,0D0,0D0,6.25D-2,0D0,-6.25D-2,0D0;                            743P    532
124,1D0,0D0,0D0,2.625D0,0D0,0D0,1D0,-1.062D0,0D0,-1D0,0D0,           745P    533
-8.88D-1;                                                            745P    534
100,0D0,0D0,0D0,6.25D-2,0D0,-6.25D-2,0D0;                            747P    535
124,-1D0,0D0,0D0,2.625D0,0D0,0D0,1D0,-1.062D0,0D0,1D0,0D0,           749P    536
-8.88D-1;                                                            749P    537
100,0D0,0D0,0D0,6.25D-2,0D0,-6.25D-2,0D0;                            751P    538
124,1D0,0D0,0D0,-3.375D0,0D0,0D0,1D0,-1.062D0,0D0,-1D0,0D0,          753P    539
-8.88D-1;                                                            753P    540
100,0D0,0D0,0D0,1.715D-1,0D0,-1.715D-1,0D0;                          755P    541
124,-1D0,0D0,0D0,-3.375D0,0D0,0D0,1D0,-1.062D0,0D0,1D0,0D0,          757P    542
-8.88D-1;                                                            757P    543
100,0D0,0D0,0D0,1.715D-1,0D0,-1.715D-1,0D0;                          759P    544
110,3.875D0,-1.062D0,-4.37D-1,-3.875D0,-1.062D0,-4.37D-1;            761P    545
124,0D0,0D0,-1D0,3.875D0,-1D0,0D0,0D0,-1D0,0D0,1D0,0D0,-4.37D-1;     763P    546
100,0D0,0D0,0D0,6.2D-2,0D0,0D0,6.2D-2;                               765P    547
110,-3.875D0,-1D0,-3.75D-1,3.875D0,-1D0,-3.75D-1;                    767P    548
124,0D0,0D0,-1D0,-3.875D0,-1D0,0D0,0D0,-1D0,0D0,1D0,0D0,             769P    549
-4.37D-1;                                                            769P    550
100,0D0,0D0,0D0,6.2D-2,0D0,0D0,6.2D-2;                               771P    551
110,-2.5625D0,-1.062D0,-8.88D-1,-2.5625D0,-1.562D0,-8.88D-1;         773P    552
110,-2.6875D0,-1.062D0,-8.88D-1,-2.6875D0,-1.562D0,-8.88D-1;         775P    553
110,-1.0625D0,-1.062D0,-8.88D-1,-1.0625D0,-1.562D0,-8.88D-1;         777P    554
110,-1.1875D0,-1.062D0,-8.88D-1,-1.1875D0,-1.562D0,-8.88D-1;         779P    555
110,1.1875D0,-1.062D0,-8.88D-1,1.1875D0,-1.562D0,-8.88D-1;           781P    556
110,1.0625D0,-1.062D0,-8.88D-1,1.0625D0,-1.562D0,-8.88D-1;           783P    557
110,2.6875D0,-1.062D0,-8.88D-1,2.6875D0,-1.562D0,-8.88D-1;           785P    558
110,2.5625D0,-1.062D0,-8.88D-1,2.5625D0,-1.562D0,-8.88D-1;           787P    559
110,-3.2035D0,-1.062D0,-8.88D-1,-3.2035D0,-1.312D0,-8.88D-1;         789P    560
110,-3.5465D0,-1.062D0,-8.88D-1,-3.5465D0,-1.312D0,-8.88D-1;         791P    561
124,1D0,0D0,0D0,-3.375D0,0D0,0D0,1D0,-1.312D0,0D0,-1D0,0D0,          793P    562
-8.88D-1;                                                            793P    563
100,0D0,0D0,0D0,1.715D-1,0D0,-1.715D-1,0D0;                          795P    564
124,-1D0,0D0,0D0,-3.375D0,0D0,0D0,1D0,-1.312D0,0D0,1D0,0D0,          797P    565
-8.88D-1;                                                            797P    566
100,0D0,0D0,0D0,1.715D-1,0D0,-1.715D-1,0D0;                          799P    567
124,1D0,0D0,0D0,-3.375D0,0D0,0D0,1D0,-1.312D0,0D0,-1D0,0D0,          801P    568
8.88D-1;                                                             801P    569
100,0D0,0D0,0D0,1.715D-1,0D0,-1.715D-1,0D0;                          803P    570
124,-1D0,0D0,0D0,-3.375D0,0D0,0D0,1D0,-1.312D0,0D0,1D0,0D0,          805P    571
8.88D-1;                                                             805P    572
100,0D0,0D0,0D0,1.715D-1,0D0,-1.715D-1,0D0;                          807P    573
110,-3.2035D0,-1.062D0,8.88D-1,-3.2035D0,-1.312D0,8.88D-1;           809P    574
110,-3.5465D0,-1.062D0,8.88D-1,-3.5465D0,-1.312D0,8.88D-1;           811P    575
124,-1D0,0D0,0D0,-3D0,0D0,-1D0,0D0,-1.87D-1,0D0,0D0,1D0,-1.43D0;     813P    576
100,0D0,0D0,0D0,4.65D-2,0D0,-4.65D-2,0D0;                            815P    577
124,1D0,0D0,0D0,-3D0,0D0,-1D0,0D0,-1.87D-1,0D0,0D0,-1D0,             817P    578
-1.5015D0;                                                           817P    579
100,0D0,0D0,0D0,4.65D-2,0D0,-4.65D-2,0D0;                            819P    580
124,-1D0,0D0,0D0,-2.25D0,0D0,-1D0,0D0,-1.87D-1,0D0,0D0,1D0,          821P    581
-1.43D0;                                                             821P    582
100,0D0,0D0,0D0,4.65D-2,0D0,-4.65D-2,0D0;                            823P    583
124,1D0,0D0,0D0,-2.25D0,0D0,-1D0,0D0,-1.87D-1,0D0,0D0,-1D0,          825P    584
-1.5015D0;                                                           825P    585
100,0D0,0D0,0D0,4.65D-2,0D0,-4.65D-2,0D0;                            827P    586
124,-1D0,0D0,0D0,-1.5D0,0D0,-1D0,0D0,-1.87D-1,0D0,0D0,1D0,           829P    587
-1.43D0;                                                             829P    588
100,0D0,0D0,0D0,4.65D-2,0D0,-4.65D-2,0D0;                            831P    589
124,1D0,0D0,0D0,-1.5D0,0D0,-1D0,0D0,-1.87D-1,0D0,0D0,-1D0,           833P    590
-1.5015D0;                                                           833P    591
100,0D0,0D0,0D0,4.65D-2,0D0,-4.65D-2,0D0;                            835P    592
110,2.6875D0,-1.062D0,8.88D-1,2.6875D0,-1.562D0,8.88D-1;             837P    593
110,2.5625D0,-1.062D0,8.88D-1,2.5625D0,-1.562D0,8.88D-1;             839P    594
110,1.1875D0,-1.062D0,8.88D-1,1.1875D0,-1.562D0,8.88D-1;             841P    595
110,1.0625D0,-1.062D0,8.88D-1,1.0625D0,-1.562D0,8.88D-1;             843P    596
110,-1.0625D0,-1.062D0,8.88D-1,-1.0625D0,-1.562D0,8.88D-1;           845P    597
110,-1.1875D0,-1.062D0,8.88D-1,-1.1875D0,-1.562D0,8.88D-1;           847P    598
110,-2.5625D0,-1.062D0,8.88D-1,-2.5625D0,-1.562D0,8.88D-1;           849P    599
110,-2.6875D0,-1.062D0,8.88D-1,-2.6875D0,-1.562D0,8.88D-1;           851P    600
126,3,3,0,0,1,0,0D0,0D0,0D0,0D0,1D0,1D0,1D0,1D0,1D0,1D0,1D0,1D0,     853P    601
3.859D0,-3.679081474558D-1,-1.723367693030D0,3.858863317933D0,       853P    602
-3.699388227253D-1,-1.723911810829D0,3.858725723018D0,               853P    603
-3.719694402831D-1,-1.724455913164D0,3.858587213211D0,-3.74D-1,      853P    604
-1.725D0,0D0,1D0,0D0,0D0,1D0;                                        853P    605
124,9.690907970071D-1,-2.467043314501D-1,0D0,3.344D0,0D0,0D0,        855P    606
1D0,-3.74D-1,-2.467043314501D-1,-9.690907970071D-1,0D0,-1.594D0;     855P    607
100,0D0,0D0,0D0,5.31D-1,0D0,1.31D-1,5.145872132107D-1;               857P    608
110,3.344D0,-3.74D-1,-2.125D0,3.344D0,-1.562D0,-2.125D0;             859P    609
124,0D0,1D0,0D0,3.344D0,0D0,0D0,-1D0,-1.562D0,-1D0,0D0,0D0,          861P    610
-1.594D0;                                                            861P    611
100,0D0,0D0,0D0,5.31D-1,0D0,0D0,5.31D-1;                             863P    612
110,3.875D0,-1.562D0,-1.594D0,3.875D0,-3.74D-1,-1.594D0;             865P    613
110,3.858587213211D0,-3.74D-1,-1.725D0,-3.858587213211D0,            867P    614
-3.74D-1,-1.725D0;                                                   867P    615
110,-3.344D0,-3.74D-1,-2.125D0,3.344D0,-3.74D-1,-2.125D0;            869P    616
110,-3.344D0,-1.562D0,-2.125D0,3.344D0,-1.562D0,-2.125D0;            871P    617
124,-1D0,0D0,0D0,-7.5D-1,0D0,-1D0,0D0,-1.87D-1,0D0,0D0,1D0,          873P    618
1.5015D0;                                                            873P    619
100,0D0,0D0,0D0,4.65D-2,0D0,-4.65D-2,0D0;                            875P    620
124,-1D0,0D0,0D0,7.5D-1,0D0,-1D0,0D0,-1.87D-1,0D0,0D0,1D0,           877P    621
1.43D0;                                                              877P    622
100,0D0,0D0,0D0,4.65D-2,0D0,-4.65D-2,0D0;                            879P    623
124,-1D0,0D0,0D0,7.5D-1,0D0,-1D0,0D0,-1.87D-1,0D0,0D0,1D0,           881P    624
1.5015D0;                                                            881P    625
100,0D0,0D0,0D0,4.65D-2,0D0,-4.65D-2,0D0;                            883P    626
124,-1D0,0D0,0D0,1.5D0,0D0,-1D0,0D0,-1.87D-1,0D0,0D0,1D0,1.43D0;     885P    627
100,0D0,0D0,0D0,4.65D-2,0D0,-4.65D-2,0D0;                            887P    628
124,-1D0,0D0,0D0,1.5D0,0D0,-1D0,0D0,-1.87D-1,0D0,0D0,1D0,            889P    629
1.5015D0;                                                            889P    630
100,0D0,0D0,0D0,4.65D-2,0D0,-4.65D-2,0D0;                            891P    631
124,-1D0,0D0,0D0,2.25D0,0D0,-1D0,0D0,-1.87D-1,0D0,0D0,1D0,           893P    632
1.43D0;                                                              893P    633
100,0D0,0D0,0D0,4.65D-2,0D0,-4.65D-2,0D0;                            895P    634
124,-1D0,0D0,0D0,2.25D0,0D0,-1D0,0D0,-1.87D-1,0D0,0D0,1D0,           897P    635
1.5015D0;                                                            897P    636
100,0D0,0D0,0D0,4.65D-2,0D0,-4.65D-2,0D0;                            899P    637
124,-1D0,0D0,0D0,3D0,0D0,-1D0,0D0,-1.87D-1,0D0,0D0,1D0,1.43D0;       901P    638
100,0D0,0D0,0D0,4.65D-2,0D0,-4.65D-2,0D0;                            903P    639
124,-1D0,0D0,0D0,3D0,0D0,-1D0,0D0,-1.87D-1,0D0,0D0,1D0,1.5015D0;     905P    640
100,0D0,0D0,0D0,4.65D-2,0D0,-4.65D-2,0D0;                            907P    641
124,-1D0,0D0,0D0,-3D0,0D0,-1D0,0D0,-1.87D-1,0D0,0D0,1D0,1.43D0;      909P    642
100,0D0,0D0,0D0,4.65D-2,0D0,-4.65D-2,0D0;                            911P    643
124,-1D0,0D0,0D0,-3D0,0D0,-1D0,0D0,-1.87D-1,0D0,0D0,1D0,             913P    644
1.5015D0;                                                            913P    645
100,0D0,0D0,0D0,4.65D-2,0D0,-4.65D-2,0D0;                            915P    646
124,-1D0,0D0,0D0,-2.25D0,0D0,-1D0,0D0,-1.87D-1,0D0,0D0,1D0,          917P    647
1.43D0;                                                              917P    648
100,0D0,0D0,0D0,4.65D-2,0D0,-4.65D-2,0D0;                            919P    649
124,-1D0,0D0,0D0,-2.25D0,0D0,-1D0,0D0,-1.87D-1,0D0,0D0,1D0,          921P    650
1.5015D0;                                                            921P    651
100,0D0,0D0,0D0,4.65D-2,0D0,-4.65D-2,0D0;                            923P    652
124,-1D0,0D0,0D0,-1.5D0,0D0,-1D0,0D0,-1.87D-1,0D0,0D0,1D0,           925P    653
1.43D0;                                                              925P    654
100,0D0,0D0,0D0,4.65D-2,0D0,-4.65D-2,0D0;                            927P    655
124,-1D0,0D0,0D0,-1.5D0,0D0,-1D0,0D0,-1.87D-1,0D0,0D0,1D0,           929P    656
1.5015D0;                                                            929P    657
100,0D0,0D0,0D0,4.65D-2,0D0,-4.65D-2,0D0;                            931P    658
128,1,1,1,1,0,0,1,0,0,-1.65776D0,-1.65776D0,1.65776D0,1.65776D0,     933P    659
-1.58576D0,-1.58576D0,-3.5024D-1,-3.5024D-1,1D0,1D0,1D0,1D0,         933P    660
-3.875D0,-1.58576D0,1.65776D0,-3.875D0,-1.58576D0,-1.65776D0,        933P    661
-3.875D0,-3.5024D-1,1.65776D0,-3.875D0,-3.5024D-1,-1.65776D0,        933P    662
-1.65776D0,1.65776D0,-1.58576D0,-3.5024D-1;                          933P    663
110,-3.875D0,-3.74D-1,1.594D0,-3.875D0,-1.562D0,1.594D0;             935P    664
110,-3.875D0,-1.562D0,-1.594D0,-3.875D0,-3.74D-1,-1.594D0;           937P    665
110,-3.875D0,-1.062D0,-1.368D0,-3.875D0,-1.062D0,-4.37D-1;           939P    666
110,-3.875D0,-1D0,-3.75D-1,-3.875D0,-3.74D-1,-3.75D-1;               941P    667
102,16,1,935,3,937,5,7,719,939,771,941,13,15,533,17,481,19;          943P    668
110,-1.43D0,-3.74D-1,0D0,-1.594D0,-3.74D-1,0D0;                      945P    669
110,-1.594D0,-3.74D-1,0D0,-1.594D0,-1.562D0,0D0;                     947P    670
110,-1.594D0,-1.562D0,0D0,1.594D0,-1.562D0,0D0;                      949P    671
110,1.594D0,-1.562D0,0D0,1.594D0,-3.74D-1,0D0;                       951P    672
110,1.594D0,-3.74D-1,0D0,1.43D0,-3.74D-1,0D0;                        953P    673
110,1.43D0,-3.74D-1,0D0,1.43D0,-1D0,0D0;                             955P    674
126,10,3,0,0,1,0,0D0,0D0,0D0,0D0,1.25D-1,2.5D-1,3.75D-1,5D-1,        957P    675
6.25D-1,7.5D-1,8.75D-1,1D0,1D0,1D0,1D0,1D0,1D0,1D0,1D0,1D0,1D0,      957P    676
1D0,1D0,1D0,1D0,1D0,1.43D0,-1D0,0D0,1.430005409218D0,                957P    677
-1.004058930748D0,0D0,1.429198161344D0,-1.012173071152D0,0D0,        957P    678
1.425650445779D0,-1.023879454635D0,0D0,1.419883241636D0,             957P    679
-1.034667347149D0,0D0,1.412123283454D0,-1.044123283454D0,0D0,        957P    680
1.402667347149D0,-1.051883241636D0,0D0,1.391879454635D0,             957P    681
-1.057650445779D0,0D0,1.380173071152D0,-1.061198161344D0,0D0,        957P    682
1.372058930748D0,-1.062005409218D0,0D0,1.368D0,-1.062D0,0D0,0D0,     957P    683
1D0,0D0,0D0,1D0;                                                     957P    684
110,1.368D0,-1.062D0,0D0,4.37D-1,-1.062D0,0D0;                       959P    685
126,10,3,0,0,1,0,0D0,0D0,0D0,0D0,1.25D-1,2.5D-1,3.75D-1,5D-1,        961P    686
6.25D-1,7.5D-1,8.75D-1,1D0,1D0,1D0,1D0,1D0,1D0,1D0,1D0,1D0,1D0,      961P    687
1D0,1D0,1D0,1D0,1D0,4.37D-1,-1.062D0,0D0,4.329410692517D-1,          961P    688
-1.062005409218D0,0D0,4.248269288478D-1,-1.061198161344D0,0D0,       961P    689
4.131205453652D-1,-1.057650445779D0,0D0,4.023326528514D-1,           961P    690
-1.051883241636D0,0D0,3.928767165458D-1,-1.044123283454D0,0D0,       961P    691
3.851167583641D-1,-1.034667347149D0,0D0,3.793495542214D-1,           961P    692
-1.023879454635D0,0D0,3.758018386559D-1,-1.012173071152D0,0D0,       961P    693
3.749945907818D-1,-1.004058930748D0,0D0,3.75D-1,-1D0,0D0,0D0,        961P    694
1D0,0D0,0D0,1D0;                                                     961P    695
110,3.75D-1,-1D0,0D0,3.75D-1,-3.74D-1,0D0;                           963P    696
110,3.75D-1,-3.74D-1,0D0,-3.75D-1,-3.74D-1,0D0;                      965P    697
110,-3.75D-1,-3.74D-1,0D0,-3.75D-1,-1D0,0D0;                         967P    698
126,10,3,0,0,1,0,0D0,0D0,0D0,0D0,1.25D-1,2.5D-1,3.75D-1,5D-1,        969P    699
6.25D-1,7.5D-1,8.75D-1,1D0,1D0,1D0,1D0,1D0,1D0,1D0,1D0,1D0,1D0,      969P    700
1D0,1D0,1D0,1D0,1D0,-3.75D-1,-1D0,0D0,-3.749945907818D-1,            969P    701
-1.004058930748D0,0D0,-3.758018386559D-1,-1.012173071152D0,0D0,      969P    702
-3.793495542214D-1,-1.023879454635D0,0D0,-3.851167583641D-1,         969P    703
-1.034667347149D0,0D0,-3.928767165458D-1,-1.044123283454D0,0D0,      969P    704
-4.023326528514D-1,-1.051883241636D0,0D0,-4.131205453652D-1,         969P    705
-1.057650445779D0,0D0,-4.248269288478D-1,-1.061198161344D0,0D0,      969P    706
-4.329410692517D-1,-1.062005409218D0,0D0,-4.37D-1,-1.062D0,0D0,      969P    707
0D0,1D0,0D0,0D0,1D0;                                                 969P    708
110,-4.37D-1,-1.062D0,0D0,-1.368D0,-1.062D0,0D0;                     971P    709
126,10,3,0,0,1,0,0D0,0D0,0D0,0D0,1.25D-1,2.5D-1,3.75D-1,5D-1,        973P    710
6.25D-1,7.5D-1,8.75D-1,1D0,1D0,1D0,1D0,1D0,1D0,1D0,1D0,1D0,1D0,      973P    711
1D0,1D0,1D0,1D0,1D0,-1.368D0,-1.062D0,0D0,-1.372058930748D0,         973P    712
-1.062005409218D0,0D0,-1.380173071152D0,-1.061198161344D0,0D0,       973P    713
-1.391879454635D0,-1.057650445779D0,0D0,-1.402667347149D0,           973P    714
-1.051883241636D0,0D0,-1.412123283454D0,-1.044123283454D0,0D0,       973P    715
-1.419883241636D0,-1.034667347149D0,0D0,-1.425650445779D0,           973P    716
-1.023879454635D0,0D0,-1.429198161344D0,-1.012173071152D0,0D0,       973P    717
-1.430005409218D0,-1.004058930748D0,0D0,-1.43D0,-1D0,0D0,0D0,        973P    718
1D0,0D0,0D0,1D0;                                                     973P    719
110,-1.43D0,-1D0,0D0,-1.43D0,-3.74D-1,0D0;                           975P    720
102,16,945,947,949,951,953,955,957,959,961,963,965,967,969,971,      977P    721
973,975;                                                             977P    722
142,0,933,977,943,1;                                                 979P    723
144,933,1,0,979;                                                     981P    724
128,1,1,1,1,0,0,1,0,0,-1.077095053187D-2,-1.077095053187D-2,         983P    725
2.677095053187D-2,2.677095053187D-2,-4.342302400752D0,               983P    726
-4.342302400752D0,-7.576975992484D-1,-7.576975992484D-1,1D0,1D0,     983P    727
1D0,1D0,-3.848229049468D0,-3.74D-1,-1.792302400752D0,                983P    728
-3.885770950532D0,-3.74D-1,-1.792302400752D0,-3.848229049468D0,      983P    729
-3.74D-1,1.792302400752D0,-3.885770950532D0,-3.74D-1,                983P    730
1.792302400752D0,-1.077095053187D-2,2.677095053187D-2,               983P    731
-4.342302400752D0,-7.576975992484D-1;                                983P    732
110,-3.859D0,-3.74D-1,1.43D0,-3.875D0,-3.74D-1,1.43D0;               985P    733
102,4,1,25,21,985;                                                   987P    734
110,1.6D-2,-1.12D0,0D0,1.6D-2,-9.56D-1,0D0;                          989P    735
126,4,3,0,0,1,0,0D0,0D0,0D0,0D0,5.010306882244D-1,1D0,1D0,1D0,       991P    736
1D0,1D0,1D0,1D0,1D0,1D0,1.6D-2,-9.56D-1,0D0,1.598981696281D-2,       991P    737
-9.340646989613D-1,0D0,1.330751215088D-2,-8.906139176229D-1,0D0,     991P    738
5.312198184203D-3,-8.478209262271D-1,0D0,0D0,-8.266323069696D-1,     991P    739
0D0,0D0,1D0,0D0,0D0,1D0;                                             991P    740
110,0D0,-8.266323069696D-1,0D0,0D0,-1.12D0,0D0;                      993P    741
110,0D0,-1.12D0,0D0,1.6D-2,-1.12D0,0D0;                              995P    742
102,4,989,991,993,995;                                               997P    743
142,0,983,997,987,1;                                                 999P    744
144,983,1,0,999;                                                    1001P    745
128,1,1,1,1,0,0,1,0,0,-1.077095053187D-2,-1.077095053187D-2,        1003P    746
2.677095053187D-2,2.677095053187D-2,-4.342302400752D0,              1003P    747
-4.342302400752D0,-7.576975992484D-1,-7.576975992484D-1,1D0,1D0,    1003P    748
1D0,1D0,-3.848229049468D0,-3.74D-1,-1.792302400752D0,               1003P    749
-3.885770950532D0,-3.74D-1,-1.792302400752D0,-3.848229049468D0,     1003P    750
-3.74D-1,1.792302400752D0,-3.885770950532D0,-3.74D-1,               1003P    751
1.792302400752D0,-1.077095053187D-2,2.677095053187D-2,              1003P    752
-4.342302400752D0,-7.576975992484D-1;                               1003P    753
102,4,13,553,27,271;                                                1005P    754
110,1.6D-2,-2.925D0,0D0,1.6D-2,-2.175D0,0D0;                        1007P    755
110,1.6D-2,-2.175D0,0D0,0D0,-2.175D0,0D0;                           1009P    756
110,0D0,-2.175D0,0D0,0D0,-2.925D0,0D0;                              1011P    757
110,0D0,-2.925D0,0D0,1.6D-2,-2.925D0,0D0;                           1013P    758
102,4,1007,1009,1011,1013;                                          1015P    759
142,0,1003,1015,1005,1;                                             1017P    760
144,1003,1,0,1017;                                                  1019P    761
128,1,1,1,1,0,0,1,0,0,-1.077095053187D-2,-1.077095053187D-2,        1021P    762
2.677095053187D-2,2.677095053187D-2,-4.342302400752D0,              1021P    763
-4.342302400752D0,-7.576975992484D-1,-7.576975992484D-1,1D0,1D0,    1021P    764
1D0,1D0,-3.848229049468D0,-3.74D-1,-1.792302400752D0,               1021P    765
-3.885770950532D0,-3.74D-1,-1.792302400752D0,-3.848229049468D0,     1021P    766
-3.74D-1,1.792302400752D0,-3.885770950532D0,-3.74D-1,               1021P    767
1.792302400752D0,-1.077095053187D-2,2.677095053187D-2,              1021P    768
-4.342302400752D0,-7.576975992484D-1;                               1021P    769
102,4,5,571,33,31;                                                  1023P    770
110,1.6D-2,-4.144D0,0D0,1.6D-2,-3.98D0,0D0;                         1025P    771
110,1.6D-2,-3.98D0,0D0,0D0,-3.98D0,0D0;                             1027P    772
110,0D0,-3.98D0,0D0,0D0,-4.273367693030D0,0D0;                      1029P    773
126,4,3,0,0,1,0,0D0,0D0,0D0,0D0,4.989693117755D-1,1D0,1D0,1D0,      1031P    774
1D0,1D0,1D0,1D0,1D0,1D0,0D0,-4.273367693030D0,0D0,                  1031P    775
5.312198184203D-3,-4.252179073773D0,0D0,1.330751215088D-2,          1031P    776
-4.209386082377D0,0D0,1.598981696281D-2,-4.165935301039D0,0D0,      1031P    777
1.6D-2,-4.144D0,0D0,0D0,1D0,0D0,0D0,1D0;                            1031P    778
102,4,1025,1027,1029,1031;                                          1033P    779
142,0,1021,1033,1023,1;                                             1035P    780
144,1021,1,0,1035;                                                  1037P    781
128,1,1,1,1,0,0,1,0,0,4.2D-2,4.2D-2,1.082D0,1.082D0,-8.68D0,        1039P    782
-8.68D0,-6.2D-1,-6.2D-1,1D0,1D0,1D0,1D0,-4.03D0,-1.02D0,1.43D0,     1039P    783
-4.03D0,2D-2,1.43D0,4.03D0,-1.02D0,1.43D0,4.03D0,2D-2,1.43D0,       1039P    784
4.2D-2,1.082D0,-8.68D0,-6.2D-1;                                     1039P    785
110,3.875D0,-1D0,1.43D0,-3.875D0,-1D0,1.43D0;                       1041P    786
110,-3.859D0,-3.74D-1,1.43D0,-3.859D0,0D0,1.43D0;                   1043P    787
102,28,67,63,879,61,887,59,895,57,903,55,53,309,51,49,459,1041,     1045P    788
19,47,1043,329,43,41,911,39,919,37,927,35;                          1045P    789
126,10,3,0,0,1,0,0D0,0D0,0D0,0D0,1.25D-1,2.5D-1,3.75D-1,5D-1,       1047P    790
6.25D-1,7.5D-1,8.75D-1,1D0,1D0,1D0,1D0,1D0,1D0,1D0,1D0,1D0,1D0,     1047P    791
1D0,1D0,1D0,1D0,1D0,8.75D-1,-5.4465D0,0D0,8.688886653165D-1,        1047P    792
-5.446561171578D0,0D0,8.567537047476D-1,-5.444050453462D0,0D0,      1047P    793
8.412603577789D-1,-5.433744045089D0,0D0,8.309220721858D-1,          1047P    794
-5.418256158135D0,0D0,8.272889639071D-1,-5.4D0,0D0,                 1047P    795
8.309220721858D-1,-5.381743841865D0,0D0,8.412603577789D-1,          1047P    796
-5.366255954911D0,0D0,8.567537047476D-1,-5.355949546538D0,0D0,      1047P    797
8.688886653165D-1,-5.353438828422D0,0D0,8.75D-1,-5.3535D0,0D0,      1047P    798
0D0,1D0,0D0,0D0,1D0;                                                1047P    799
110,8.75D-1,-5.3535D0,0D0,8.75D-1,-3.9465D0,0D0;                    1049P    800
126,10,3,0,0,1,0,0D0,0D0,0D0,0D0,1.25D-1,2.5D-1,3.75D-1,5D-1,       1051P    801
6.25D-1,7.5D-1,8.75D-1,1D0,1D0,1D0,1D0,1D0,1D0,1D0,1D0,1D0,1D0,     1051P    802
1D0,1D0,1D0,1D0,1D0,8.75D-1,-3.9465D0,0D0,8.688886653165D-1,        1051P    803
-3.946561171578D0,0D0,8.567537047476D-1,-3.944050453462D0,0D0,      1051P    804
8.412603577789D-1,-3.933744045089D0,0D0,8.309220721858D-1,          1051P    805
-3.918256158135D0,0D0,8.272889639071D-1,-3.9D0,0D0,                 1051P    806
8.309220721858D-1,-3.881743841865D0,0D0,8.412603577789D-1,          1051P    807
-3.866255954911D0,0D0,8.567537047476D-1,-3.855949546538D0,0D0,      1051P    808
8.688886653165D-1,-3.853438828422D0,0D0,8.75D-1,-3.8535D0,0D0,      1051P    809
0D0,1D0,0D0,0D0,1D0;                                                1051P    810
110,8.75D-1,-3.8535D0,0D0,8.75D-1,-3.1965D0,0D0;                    1053P    811
126,10,3,0,0,1,0,0D0,0D0,0D0,0D0,1.25D-1,2.5D-1,3.75D-1,5D-1,       1055P    812
6.25D-1,7.5D-1,8.75D-1,1D0,1D0,1D0,1D0,1D0,1D0,1D0,1D0,1D0,1D0,     1055P    813
1D0,1D0,1D0,1D0,1D0,8.75D-1,-3.1965D0,0D0,8.688886653165D-1,        1055P    814
-3.196561171578D0,0D0,8.567537047476D-1,-3.194050453462D0,0D0,      1055P    815
8.412603577789D-1,-3.183744045089D0,0D0,8.309220721858D-1,          1055P    816
-3.168256158135D0,0D0,8.272889639071D-1,-3.15D0,0D0,                1055P    817
8.309220721858D-1,-3.131743841865D0,0D0,8.412603577789D-1,          1055P    818
-3.116255954911D0,0D0,8.567537047476D-1,-3.105949546538D0,0D0,      1055P    819
8.688886653165D-1,-3.103438828422D0,0D0,8.75D-1,-3.1035D0,0D0,      1055P    820
0D0,1D0,0D0,0D0,1D0;                                                1055P    821
110,8.75D-1,-3.1035D0,0D0,8.75D-1,-2.4465D0,0D0;                    1057P    822
126,10,3,0,0,1,0,0D0,0D0,0D0,0D0,1.25D-1,2.5D-1,3.75D-1,5D-1,       1059P    823
6.25D-1,7.5D-1,8.75D-1,1D0,1D0,1D0,1D0,1D0,1D0,1D0,1D0,1D0,1D0,     1059P    824
1D0,1D0,1D0,1D0,1D0,8.75D-1,-2.4465D0,0D0,8.688886653165D-1,        1059P    825
-2.446561171578D0,0D0,8.567537047476D-1,-2.444050453462D0,0D0,      1059P    826
8.412603577789D-1,-2.433744045089D0,0D0,8.309220721858D-1,          1059P    827
-2.418256158135D0,0D0,8.272889639071D-1,-2.4D0,0D0,                 1059P    828
8.309220721858D-1,-2.381743841865D0,0D0,8.412603577789D-1,          1059P    829
-2.366255954911D0,0D0,8.567537047476D-1,-2.355949546538D0,0D0,      1059P    830
8.688886653165D-1,-2.353438828422D0,0D0,8.75D-1,-2.3535D0,0D0,      1059P    831
0D0,1D0,0D0,0D0,1D0;                                                1059P    832
110,8.75D-1,-2.3535D0,0D0,8.75D-1,-1.6965D0,0D0;                    1061P    833
126,10,3,0,0,1,0,0D0,0D0,0D0,0D0,1.25D-1,2.5D-1,3.75D-1,5D-1,       1063P    834
6.25D-1,7.5D-1,8.75D-1,1D0,1D0,1D0,1D0,1D0,1D0,1D0,1D0,1D0,1D0,     1063P    835
1D0,1D0,1D0,1D0,1D0,8.75D-1,-1.6965D0,0D0,8.688886653165D-1,        1063P    836
-1.696561171578D0,0D0,8.567537047476D-1,-1.694050453462D0,0D0,      1063P    837
8.412603577789D-1,-1.683744045089D0,0D0,8.309220721858D-1,          1063P    838
-1.668256158135D0,0D0,8.272889639071D-1,-1.65D0,0D0,                1063P    839
8.309220721858D-1,-1.631743841865D0,0D0,8.412603577789D-1,          1063P    840
-1.616255954911D0,0D0,8.567537047476D-1,-1.605949546538D0,0D0,      1063P    841
8.688886653165D-1,-1.603438828422D0,0D0,8.75D-1,-1.6035D0,0D0,      1063P    842
0D0,1D0,0D0,0D0,1D0;                                                1063P    843
110,8.75D-1,-1.6035D0,0D0,8.75D-1,-1.2D0,0D0;                       1065P    844
110,8.75D-1,-1.2D0,0D0,1.062D0,-1.149893501015D0,0D0;               1067P    845
110,1.062D0,-1.149893501015D0,0D0,1.062D0,-7.91D-1,0D0;             1069P    846
110,1.062D0,-7.91D-1,0D0,6.88D-1,-7.91D-1,0D0;                      1071P    847
110,6.88D-1,-7.91D-1,0D0,6.88D-1,-7.75D-1,0D0;                      1073P    848
110,6.88D-1,-7.75D-1,0D0,6.2D-2,-7.75D-1,0D0;                       1075P    849
110,6.2D-2,-7.75D-1,0D0,6.2D-2,-8.525D0,0D0;                        1077P    850
110,6.2D-2,-8.525D0,0D0,6.88D-1,-8.525D0,0D0;                       1079P    851
110,6.88D-1,-8.525D0,0D0,6.88D-1,-8.509D0,0D0;                      1081P    852
110,6.88D-1,-8.509D0,0D0,1.062D0,-8.509D0,0D0;                      1083P    853
110,1.062D0,-8.509D0,0D0,1.062D0,-8.150106498985D0,0D0;             1085P    854
110,1.062D0,-8.150106498985D0,0D0,8.75D-1,-8.1D0,0D0;               1087P    855
110,8.75D-1,-8.1D0,0D0,8.75D-1,-7.6965D0,0D0;                       1089P    856
126,10,3,0,0,1,0,0D0,0D0,0D0,0D0,1.25D-1,2.5D-1,3.75D-1,5D-1,       1091P    857
6.25D-1,7.5D-1,8.75D-1,1D0,1D0,1D0,1D0,1D0,1D0,1D0,1D0,1D0,1D0,     1091P    858
1D0,1D0,1D0,1D0,1D0,8.75D-1,-7.6965D0,0D0,8.688886653165D-1,        1091P    859
-7.696561171578D0,0D0,8.567537047476D-1,-7.694050453462D0,0D0,      1091P    860
8.412603577789D-1,-7.683744045089D0,0D0,8.309220721858D-1,          1091P    861
-7.668256158135D0,0D0,8.272889639071D-1,-7.65D0,0D0,                1091P    862
8.309220721858D-1,-7.631743841865D0,0D0,8.412603577789D-1,          1091P    863
-7.616255954911D0,0D0,8.567537047476D-1,-7.605949546538D0,0D0,      1091P    864
8.688886653165D-1,-7.603438828422D0,0D0,8.75D-1,-7.6035D0,0D0,      1091P    865
0D0,1D0,0D0,0D0,1D0;                                                1091P    866
110,8.75D-1,-7.6035D0,0D0,8.75D-1,-6.9465D0,0D0;                    1093P    867
126,10,3,0,0,1,0,0D0,0D0,0D0,0D0,1.25D-1,2.5D-1,3.75D-1,5D-1,       1095P    868
6.25D-1,7.5D-1,8.75D-1,1D0,1D0,1D0,1D0,1D0,1D0,1D0,1D0,1D0,1D0,     1095P    869
1D0,1D0,1D0,1D0,1D0,8.75D-1,-6.9465D0,0D0,8.688886653165D-1,        1095P    870
-6.946561171578D0,0D0,8.567537047476D-1,-6.944050453462D0,0D0,      1095P    871
8.412603577789D-1,-6.933744045089D0,0D0,8.309220721858D-1,          1095P    872
-6.918256158135D0,0D0,8.272889639071D-1,-6.9D0,0D0,                 1095P    873
8.309220721858D-1,-6.881743841865D0,0D0,8.412603577789D-1,          1095P    874
-6.866255954911D0,0D0,8.567537047476D-1,-6.855949546538D0,0D0,      1095P    875
8.688886653165D-1,-6.853438828422D0,0D0,8.75D-1,-6.8535D0,0D0,      1095P    876
0D0,1D0,0D0,0D0,1D0;                                                1095P    877
110,8.75D-1,-6.8535D0,0D0,8.75D-1,-6.1965D0,0D0;                    1097P    878
126,10,3,0,0,1,0,0D0,0D0,0D0,0D0,1.25D-1,2.5D-1,3.75D-1,5D-1,       1099P    879
6.25D-1,7.5D-1,8.75D-1,1D0,1D0,1D0,1D0,1D0,1D0,1D0,1D0,1D0,1D0,     1099P    880
1D0,1D0,1D0,1D0,1D0,8.75D-1,-6.1965D0,0D0,8.688886653165D-1,        1099P    881
-6.196561171578D0,0D0,8.567537047476D-1,-6.194050453462D0,0D0,      1099P    882
8.412603577789D-1,-6.183744045089D0,0D0,8.309220721858D-1,          1099P    883
-6.168256158135D0,0D0,8.272889639071D-1,-6.15D0,0D0,                1099P    884
8.309220721858D-1,-6.131743841865D0,0D0,8.412603577789D-1,          1099P    885
-6.116255954911D0,0D0,8.567537047476D-1,-6.105949546538D0,0D0,      1099P    886
8.688886653165D-1,-6.103438828422D0,0D0,8.75D-1,-6.1035D0,0D0,      1099P    887
0D0,1D0,0D0,0D0,1D0;                                                1099P    888
110,8.75D-1,-6.1035D0,0D0,8.75D-1,-5.4465D0,0D0;                    1101P    889
102,28,1047,1049,1051,1053,1055,1057,1059,1061,1063,1065,1067,      1103P    890
1069,1071,1073,1075,1077,1079,1081,1083,1085,1087,1089,1091,        1103P    891
1093,1095,1097,1099,1101;                                           1103P    892
142,0,1039,1103,1045,1;                                             1105P    893
144,1039,1,0,1105;                                                  1107P    894
110,-7.5D-1,-1.87D-1,1.4241D0,-7.5D-1,-1.87D-1,2.4241D0;            1109P    895
110,-7.5D-1,-1.405D-1,1.419229049468D0,-7.5D-1,-1.405D-1,           1111P    896
1.512270950532D0;                                                   1111P    897
120,1109,1111,1.339162982023D0,4.944022325156D0;                    1113P    898
124,1D0,0D0,0D0,-7.5D-1,0D0,-1D0,0D0,-1.87D-1,0D0,0D0,-1D0,         1115P    899
1.43D0;                                                             1115P    900
100,0D0,0D0,0D0,4.65D-2,0D0,-4.65D-2,0D0;                           1117P    901
102,4,1117,169,875,179;                                             1119P    902
110,1.157645147909D-1,4.712388980385D0,0D0,1.157645147909D-1,       1121P    903
1.570796326795D0,0D0;                                               1121P    904
110,1.157645147909D-1,1.570796326795D0,0D0,8.842354852091D-1,       1123P    905
1.570796326795D0,0D0;                                               1123P    906
110,8.842354852091D-1,1.570796326795D0,0D0,8.842354852091D-1,       1125P    907
4.712388980385D0,0D0;                                               1125P    908
110,8.842354852091D-1,4.712388980385D0,0D0,1.157645147909D-1,       1127P    909
4.712388980385D0,0D0;                                               1127P    910
102,4,1121,1123,1125,1127;                                          1129P    911
142,0,1113,1129,1119,1;                                             1131P    912
144,1113,1,0,1131;                                                  1133P    913
128,1,1,1,1,0,0,1,0,0,-1.38D-1,-1.38D-1,7.038D0,7.038D0,            1135P    914
-4.291890848591D0,-4.291890848591D0,-8.080287746339D-1,             1135P    915
-8.080287746339D-1,1D0,1D0,1D0,1D0,-3.588D0,-1.87D-1,               1135P    916
-1.741890848591D0,3.588D0,-1.87D-1,-1.741890848591D0,-3.588D0,      1135P    917
-1.87D-1,1.741971225366D0,3.588D0,-1.87D-1,1.741971225366D0,        1135P    918
-1.38D-1,7.038D0,-4.291890848591D0,-8.080287746339D-1;              1135P    919
110,3.45D0,-1.87D-1,-3.75D-1,3.45D0,-1.87D-1,3.75D-1;               1137P    920
102,4,279,1137,545,69;                                              1139P    921
110,0D0,-2.925D0,0D0,6.9D0,-2.925D0,0D0;                            1141P    922
110,6.9D0,-2.925D0,0D0,6.9D0,-2.175D0,0D0;                          1143P    923
110,6.9D0,-2.175D0,0D0,0D0,-2.175D0,0D0;                            1145P    924
110,0D0,-2.175D0,0D0,0D0,-2.925D0,0D0;                              1147P    925
102,4,1141,1143,1145,1147;                                          1149P    926
142,0,1135,1149,1139,1;                                             1151P    927
144,1135,1,0,1151;                                                  1153P    928
128,1,1,1,1,0,0,1,0,0,-1.38D-1,-1.38D-1,7.038D0,7.038D0,            1155P    929
-4.291890848591D0,-4.291890848591D0,-8.080287746339D-1,             1155P    930
-8.080287746339D-1,1D0,1D0,1D0,1D0,-3.588D0,-1.87D-1,               1155P    931
-1.741890848591D0,3.588D0,-1.87D-1,-1.741890848591D0,-3.588D0,      1155P    932
-1.87D-1,1.741971225366D0,3.588D0,-1.87D-1,1.741971225366D0,        1155P    933
-1.38D-1,7.038D0,-4.291890848591D0,-8.080287746339D-1;              1155P    934
110,-7.965D-1,-1.87D-1,-1.43D0,-1.4535D0,-1.87D-1,-1.43D0;          1157P    935
110,-1.5465D0,-1.87D-1,-1.43D0,-2.2035D0,-1.87D-1,-1.43D0;          1159P    936
110,-2.2965D0,-1.87D-1,-1.43D0,-2.9535D0,-1.87D-1,-1.43D0;          1161P    937
110,-3.0465D0,-1.87D-1,-1.43D0,-3.45D0,-1.87D-1,-1.43D0;            1163P    938
110,3.45D0,-1.87D-1,-1.674893501015D0,3.45D0,-1.87D-1,-1.43D0;      1165P    939
110,3.45D0,-1.87D-1,-1.43D0,3.0465D0,-1.87D-1,-1.43D0;              1167P    940
110,2.9535D0,-1.87D-1,-1.43D0,2.2965D0,-1.87D-1,-1.43D0;            1169P    941
110,2.2035D0,-1.87D-1,-1.43D0,1.5465D0,-1.87D-1,-1.43D0;            1171P    942
110,1.4535D0,-1.87D-1,-1.43D0,7.965D-1,-1.87D-1,-1.43D0;            1173P    943
110,7.035D-1,-1.87D-1,-1.43D0,-7.035D-1,-1.87D-1,-1.43D0;           1175P    944
102,44,71,1157,73,77,81,83,1159,85,89,93,95,1161,97,101,105,107,    1177P    945
1163,109,345,1165,1167,111,115,119,121,1169,123,127,131,133,        1177P    946
1171,135,139,143,145,1173,147,151,155,157,1175,159,163,167;         1177P    947
110,2.6535D0,-4.0515D0,0D0,2.6535D0,-3.98D0,0D0;                    1179P    948
110,2.6535D0,-3.98D0,0D0,1.9965D0,-3.98D0,0D0;                      1181P    949
110,1.9965D0,-3.98D0,0D0,1.9965D0,-4.0515D0,0D0;                    1183P    950
126,6,3,0,0,1,0,0D0,0D0,0D0,0D0,2.5D-1,5D-1,7.5D-1,1D0,1D0,1D0,     1185P    951
1D0,1D0,1D0,1D0,1D0,1D0,1D0,1D0,1.9965D0,-4.0515D0,0D0,             1185P    952
1.996559527764D0,-4.057606755625D0,0D0,1.994050453462D0,            1185P    953
-4.069746295252D0,0D0,1.983746510809D0,-4.085246510809D0,0D0,       1185P    954
1.968246295252D0,-4.095550453462D0,0D0,1.956106755625D0,            1185P    955
-4.098059527764D0,0D0,1.95D0,-4.098D0,0D0,0D0,1D0,0D0,0D0,1D0;      1185P    956
126,6,3,0,0,1,0,0D0,0D0,0D0,0D0,2.5D-1,5D-1,7.5D-1,1D0,1D0,1D0,     1187P    957
1D0,1D0,1D0,1D0,1D0,1D0,1D0,1D0,1.95D0,-4.098D0,0D0,                1187P    958
1.943893244375D0,-4.098059527764D0,0D0,1.931753704748D0,            1187P    959
-4.095550453462D0,0D0,1.916253489191D0,-4.085246510809D0,0D0,       1187P    960
1.905949546538D0,-4.069746295252D0,0D0,1.903440472236D0,            1187P    961
-4.057606755625D0,0D0,1.9035D0,-4.0515D0,0D0,0D0,1D0,0D0,0D0,       1187P    962
1D0;                                                                1187P    963
110,1.9035D0,-4.0515D0,0D0,1.9035D0,-3.98D0,0D0;                    1189P    964
110,1.9035D0,-3.98D0,0D0,1.2465D0,-3.98D0,0D0;                      1191P    965
110,1.2465D0,-3.98D0,0D0,1.2465D0,-4.0515D0,0D0;                    1193P    966
126,6,3,0,0,1,0,0D0,0D0,0D0,0D0,2.5D-1,5D-1,7.5D-1,1D0,1D0,1D0,     1195P    967
1D0,1D0,1D0,1D0,1D0,1D0,1D0,1D0,1.2465D0,-4.0515D0,0D0,             1195P    968
1.246559527764D0,-4.057606755625D0,0D0,1.244050453462D0,            1195P    969
-4.069746295252D0,0D0,1.233746510809D0,-4.085246510809D0,0D0,       1195P    970
1.218246295252D0,-4.095550453462D0,0D0,1.206106755625D0,            1195P    971
-4.098059527764D0,0D0,1.2D0,-4.098D0,0D0,0D0,1D0,0D0,0D0,1D0;       1195P    972
126,6,3,0,0,1,0,0D0,0D0,0D0,0D0,2.5D-1,5D-1,7.5D-1,1D0,1D0,1D0,     1197P    973
1D0,1D0,1D0,1D0,1D0,1D0,1D0,1D0,1.2D0,-4.098D0,0D0,                 1197P    974
1.193893244375D0,-4.098059527764D0,0D0,1.181753704748D0,            1197P    975
-4.095550453462D0,0D0,1.166253489191D0,-4.085246510809D0,0D0,       1197P    976
1.155949546538D0,-4.069746295252D0,0D0,1.153440472236D0,            1197P    977
-4.057606755625D0,0D0,1.1535D0,-4.0515D0,0D0,0D0,1D0,0D0,0D0,       1197P    978
1D0;                                                                1197P    979
110,1.1535D0,-4.0515D0,0D0,1.1535D0,-3.98D0,0D0;                    1199P    980
110,1.1535D0,-3.98D0,0D0,4.965D-1,-3.98D0,0D0;                      1201P    981
110,4.965D-1,-3.98D0,0D0,4.965D-1,-4.0515D0,0D0;                    1203P    982
126,6,3,0,0,1,0,0D0,0D0,0D0,0D0,2.5D-1,5D-1,7.5D-1,1D0,1D0,1D0,     1205P    983
1D0,1D0,1D0,1D0,1D0,1D0,1D0,1D0,4.965D-1,-4.0515D0,0D0,             1205P    984
4.965595277641D-1,-4.057606755625D0,0D0,4.940504534615D-1,          1205P    985
-4.069746295252D0,0D0,4.837465108093D-1,-4.085246510809D0,0D0,      1205P    986
4.682462952524D-1,-4.095550453462D0,0D0,4.561067556247D-1,          1205P    987
-4.098059527764D0,0D0,4.5D-1,-4.098D0,0D0,0D0,1D0,0D0,0D0,1D0;      1205P    988
126,6,3,0,0,1,0,0D0,0D0,0D0,0D0,2.5D-1,5D-1,7.5D-1,1D0,1D0,1D0,     1207P    989
1D0,1D0,1D0,1D0,1D0,1D0,1D0,1D0,4.5D-1,-4.098D0,0D0,                1207P    990
4.438932443753D-1,-4.098059527764D0,0D0,4.317537047476D-1,          1207P    991
-4.095550453462D0,0D0,4.162534891907D-1,-4.085246510809D0,0D0,      1207P    992
4.059495465385D-1,-4.069746295252D0,0D0,4.034404722359D-1,          1207P    993
-4.057606755625D0,0D0,4.035D-1,-4.0515D0,0D0,0D0,1D0,0D0,0D0,       1207P    994
1D0;                                                                1207P    995
110,4.035D-1,-4.0515D0,0D0,4.035D-1,-3.98D0,0D0;                    1209P    996
110,4.035D-1,-3.98D0,0D0,0D0,-3.98D0,0D0;                           1211P    997
110,0D0,-3.98D0,0D0,0D0,-4.224893501015D0,0D0;                      1213P    998
110,0D0,-4.224893501015D0,0D0,6.9D0,-4.224893501015D0,0D0;          1215P    999
110,6.9D0,-4.224893501015D0,0D0,6.9D0,-3.98D0,0D0;                  1217P   1000
110,6.9D0,-3.98D0,0D0,6.4965D0,-3.98D0,0D0;                         1219P   1001
110,6.4965D0,-3.98D0,0D0,6.4965D0,-4.0515D0,0D0;                    1221P   1002
126,6,3,0,0,1,0,0D0,0D0,0D0,0D0,2.5D-1,5D-1,7.5D-1,1D0,1D0,1D0,     1223P   1003
1D0,1D0,1D0,1D0,1D0,1D0,1D0,1D0,6.4965D0,-4.0515D0,0D0,             1223P   1004
6.496559527764D0,-4.057606755625D0,0D0,6.494050453462D0,            1223P   1005
-4.069746295252D0,0D0,6.483746510809D0,-4.085246510809D0,0D0,       1223P   1006
6.468246295252D0,-4.095550453462D0,0D0,6.456106755625D0,            1223P   1007
-4.098059527764D0,0D0,6.45D0,-4.098D0,0D0,0D0,1D0,0D0,0D0,1D0;      1223P   1008
126,6,3,0,0,1,0,0D0,0D0,0D0,0D0,2.5D-1,5D-1,7.5D-1,1D0,1D0,1D0,     1225P   1009
1D0,1D0,1D0,1D0,1D0,1D0,1D0,1D0,6.45D0,-4.098D0,0D0,                1225P   1010
6.443893244375D0,-4.098059527764D0,0D0,6.431753704748D0,            1225P   1011
-4.095550453462D0,0D0,6.416253489191D0,-4.085246510809D0,0D0,       1225P   1012
6.405949546538D0,-4.069746295252D0,0D0,6.403440472236D0,            1225P   1013
-4.057606755625D0,0D0,6.4035D0,-4.0515D0,0D0,0D0,1D0,0D0,0D0,       1225P   1014
1D0;                                                                1225P   1015
110,6.4035D0,-4.0515D0,0D0,6.4035D0,-3.98D0,0D0;                    1227P   1016
110,6.4035D0,-3.98D0,0D0,5.7465D0,-3.98D0,0D0;                      1229P   1017
110,5.7465D0,-3.98D0,0D0,5.7465D0,-4.0515D0,0D0;                    1231P   1018
126,6,3,0,0,1,0,0D0,0D0,0D0,0D0,2.5D-1,5D-1,7.5D-1,1D0,1D0,1D0,     1233P   1019
1D0,1D0,1D0,1D0,1D0,1D0,1D0,1D0,5.7465D0,-4.0515D0,0D0,             1233P   1020
5.746559527764D0,-4.057606755625D0,0D0,5.744050453462D0,            1233P   1021
-4.069746295252D0,0D0,5.733746510809D0,-4.085246510809D0,0D0,       1233P   1022
5.718246295252D0,-4.095550453462D0,0D0,5.706106755625D0,            1233P   1023
-4.098059527764D0,0D0,5.7D0,-4.098D0,0D0,0D0,1D0,0D0,0D0,1D0;       1233P   1024
126,6,3,0,0,1,0,0D0,0D0,0D0,0D0,2.5D-1,5D-1,7.5D-1,1D0,1D0,1D0,     1235P   1025
1D0,1D0,1D0,1D0,1D0,1D0,1D0,1D0,5.7D0,-4.098D0,0D0,                 1235P   1026
5.693893244375D0,-4.098059527764D0,0D0,5.681753704748D0,            1235P   1027
-4.095550453462D0,0D0,5.666253489191D0,-4.085246510809D0,0D0,       1235P   1028
5.655949546538D0,-4.069746295252D0,0D0,5.653440472236D0,            1235P   1029
-4.057606755625D0,0D0,5.6535D0,-4.0515D0,0D0,0D0,1D0,0D0,0D0,       1235P   1030
1D0;                                                                1235P   1031
110,5.6535D0,-4.0515D0,0D0,5.6535D0,-3.98D0,0D0;                    1237P   1032
110,5.6535D0,-3.98D0,0D0,4.9965D0,-3.98D0,0D0;                      1239P   1033
110,4.9965D0,-3.98D0,0D0,4.9965D0,-4.0515D0,0D0;                    1241P   1034
126,6,3,0,0,1,0,0D0,0D0,0D0,0D0,2.5D-1,5D-1,7.5D-1,1D0,1D0,1D0,     1243P   1035
1D0,1D0,1D0,1D0,1D0,1D0,1D0,1D0,4.9965D0,-4.0515D0,0D0,             1243P   1036
4.996559527764D0,-4.057606755625D0,0D0,4.994050453462D0,            1243P   1037
-4.069746295252D0,0D0,4.983746510809D0,-4.085246510809D0,0D0,       1243P   1038
4.968246295252D0,-4.095550453462D0,0D0,4.956106755625D0,            1243P   1039
-4.098059527764D0,0D0,4.95D0,-4.098D0,0D0,0D0,1D0,0D0,0D0,1D0;      1243P   1040
126,6,3,0,0,1,0,0D0,0D0,0D0,0D0,2.5D-1,5D-1,7.5D-1,1D0,1D0,1D0,     1245P   1041
1D0,1D0,1D0,1D0,1D0,1D0,1D0,1D0,4.95D0,-4.098D0,0D0,                1245P   1042
4.943893244375D0,-4.098059527764D0,0D0,4.931753704748D0,            1245P   1043
-4.095550453462D0,0D0,4.916253489191D0,-4.085246510809D0,0D0,       1245P   1044
4.905949546538D0,-4.069746295252D0,0D0,4.903440472236D0,            1245P   1045
-4.057606755625D0,0D0,4.9035D0,-4.0515D0,0D0,0D0,1D0,0D0,0D0,       1245P   1046
1D0;                                                                1245P   1047
110,4.9035D0,-4.0515D0,0D0,4.9035D0,-3.98D0,0D0;                    1247P   1048
110,4.9035D0,-3.98D0,0D0,4.2465D0,-3.98D0,0D0;                      1249P   1049
110,4.2465D0,-3.98D0,0D0,4.2465D0,-4.0515D0,0D0;                    1251P   1050
126,6,3,0,0,1,0,0D0,0D0,0D0,0D0,2.5D-1,5D-1,7.5D-1,1D0,1D0,1D0,     1253P   1051
1D0,1D0,1D0,1D0,1D0,1D0,1D0,1D0,4.2465D0,-4.0515D0,0D0,             1253P   1052
4.246559527764D0,-4.057606755625D0,0D0,4.244050453462D0,            1253P   1053
-4.069746295252D0,0D0,4.233746510809D0,-4.085246510809D0,0D0,       1253P   1054
4.218246295252D0,-4.095550453462D0,0D0,4.206106755625D0,            1253P   1055
-4.098059527764D0,0D0,4.2D0,-4.098D0,0D0,0D0,1D0,0D0,0D0,1D0;       1253P   1056
126,6,3,0,0,1,0,0D0,0D0,0D0,0D0,2.5D-1,5D-1,7.5D-1,1D0,1D0,1D0,     1255P   1057
1D0,1D0,1D0,1D0,1D0,1D0,1D0,1D0,4.2D0,-4.098D0,0D0,                 1255P   1058
4.193893244375D0,-4.098059527764D0,0D0,4.181753704748D0,            1255P   1059
-4.095550453462D0,0D0,4.166253489191D0,-4.085246510809D0,0D0,       1255P   1060
4.155949546538D0,-4.069746295252D0,0D0,4.153440472236D0,            1255P   1061
-4.057606755625D0,0D0,4.1535D0,-4.0515D0,0D0,0D0,1D0,0D0,0D0,       1255P   1062
1D0;                                                                1255P   1063
110,4.1535D0,-4.0515D0,0D0,4.1535D0,-3.98D0,0D0;                    1257P   1064
110,4.1535D0,-3.98D0,0D0,2.7465D0,-3.98D0,0D0;                      1259P   1065
110,2.7465D0,-3.98D0,0D0,2.7465D0,-4.0515D0,0D0;                    1261P   1066
126,6,3,0,0,1,0,0D0,0D0,0D0,0D0,2.5D-1,5D-1,7.5D-1,1D0,1D0,1D0,     1263P   1067
1D0,1D0,1D0,1D0,1D0,1D0,1D0,1D0,2.7465D0,-4.0515D0,0D0,             1263P   1068
2.746559527764D0,-4.057606755625D0,0D0,2.744050453462D0,            1263P   1069
-4.069746295252D0,0D0,2.733746510809D0,-4.085246510809D0,0D0,       1263P   1070
2.718246295252D0,-4.095550453462D0,0D0,2.706106755625D0,            1263P   1071
-4.098059527764D0,0D0,2.7D0,-4.098D0,0D0,0D0,1D0,0D0,0D0,1D0;       1263P   1072
126,6,3,0,0,1,0,0D0,0D0,0D0,0D0,2.5D-1,5D-1,7.5D-1,1D0,1D0,1D0,     1265P   1073
1D0,1D0,1D0,1D0,1D0,1D0,1D0,1D0,2.7D0,-4.098D0,0D0,                 1265P   1074
2.693893244375D0,-4.098059527764D0,0D0,2.681753704748D0,            1265P   1075
-4.095550453462D0,0D0,2.666253489191D0,-4.085246510809D0,0D0,       1265P   1076
2.655949546538D0,-4.069746295252D0,0D0,2.653440472236D0,            1265P   1077
-4.057606755625D0,0D0,2.6535D0,-4.0515D0,0D0,0D0,1D0,0D0,0D0,       1265P   1078
1D0;                                                                1265P   1079
102,44,1179,1181,1183,1185,1187,1189,1191,1193,1195,1197,1199,      1267P   1080
1201,1203,1205,1207,1209,1211,1213,1215,1217,1219,1221,1223,        1267P   1081
1225,1227,1229,1231,1233,1235,1237,1239,1241,1243,1245,1247,        1267P   1082
1249,1251,1253,1255,1257,1259,1261,1263,1265;                       1267P   1083
142,0,1155,1267,1177,1;                                             1269P   1084
144,1155,1,0,1269;                                                  1271P   1085
128,1,1,1,1,0,0,1,0,0,-1.38D-1,-1.38D-1,7.038D0,7.038D0,            1273P   1086
-4.291890848591D0,-4.291890848591D0,-8.080287746339D-1,             1273P   1087
-8.080287746339D-1,1D0,1D0,1D0,1D0,-3.588D0,-1.87D-1,               1273P   1088
-1.741890848591D0,3.588D0,-1.87D-1,-1.741890848591D0,-3.588D0,      1273P   1089
-1.87D-1,1.741971225366D0,3.588D0,-1.87D-1,1.741971225366D0,        1273P   1090
-1.38D-1,7.038D0,-4.291890848591D0,-8.080287746339D-1;              1273P   1091
110,3.45D0,-1.87D-1,1.43D0,3.45D0,-1.87D-1,1.674893501015D0;        1275P   1092
102,46,169,173,177,179,63,181,185,189,191,61,193,197,201,203,59,    1277P   1093
205,209,213,215,57,217,221,225,227,55,1275,633,229,645,231,41,      1277P   1094
233,237,241,243,39,245,249,253,255,37,257,261,265,267,35;           1277P   1095
110,2.6535D0,-1.12D0,0D0,2.6535D0,-1.0485D0,0D0;                    1279P   1096
126,6,3,0,0,1,0,0D0,0D0,0D0,0D0,2.5D-1,5D-1,7.5D-1,1D0,1D0,1D0,     1281P   1097
1D0,1D0,1D0,1D0,1D0,1D0,1D0,1D0,2.6535D0,-1.0485D0,0D0,             1281P   1098
2.653440472236D0,-1.042393244375D0,0D0,2.655949546538D0,            1281P   1099
-1.030253704748D0,0D0,2.666253489191D0,-1.014753489191D0,0D0,       1281P   1100
2.681753704748D0,-1.004449546538D0,0D0,2.693893244375D0,            1281P   1101
-1.001940472236D0,0D0,2.7D0,-1.002D0,0D0,0D0,1D0,0D0,0D0,1D0;       1281P   1102
126,6,3,0,0,1,0,0D0,0D0,0D0,0D0,2.5D-1,5D-1,7.5D-1,1D0,1D0,1D0,     1283P   1103
1D0,1D0,1D0,1D0,1D0,1D0,1D0,1D0,2.7D0,-1.002D0,0D0,                 1283P   1104
2.706106755625D0,-1.001940472236D0,0D0,2.718246295252D0,            1283P   1105
-1.004449546538D0,0D0,2.733746510809D0,-1.014753489191D0,0D0,       1283P   1106
2.744050453462D0,-1.030253704748D0,0D0,2.746559527764D0,            1283P   1107
-1.042393244375D0,0D0,2.7465D0,-1.0485D0,0D0,0D0,1D0,0D0,0D0,       1283P   1108
1D0;                                                                1283P   1109
110,2.7465D0,-1.0485D0,0D0,2.7465D0,-1.12D0,0D0;                    1285P   1110
110,2.7465D0,-1.12D0,0D0,4.1535D0,-1.12D0,0D0;                      1287P   1111
110,4.1535D0,-1.12D0,0D0,4.1535D0,-1.0485D0,0D0;                    1289P   1112
126,6,3,0,0,1,0,0D0,0D0,0D0,0D0,2.5D-1,5D-1,7.5D-1,1D0,1D0,1D0,     1291P   1113
1D0,1D0,1D0,1D0,1D0,1D0,1D0,1D0,4.1535D0,-1.0485D0,0D0,             1291P   1114
4.153440472236D0,-1.042393244375D0,0D0,4.155949546538D0,            1291P   1115
-1.030253704748D0,0D0,4.166253489191D0,-1.014753489191D0,0D0,       1291P   1116
4.181753704748D0,-1.004449546538D0,0D0,4.193893244375D0,            1291P   1117
-1.001940472236D0,0D0,4.2D0,-1.002D0,0D0,0D0,1D0,0D0,0D0,1D0;       1291P   1118
126,6,3,0,0,1,0,0D0,0D0,0D0,0D0,2.5D-1,5D-1,7.5D-1,1D0,1D0,1D0,     1293P   1119
1D0,1D0,1D0,1D0,1D0,1D0,1D0,1D0,4.2D0,-1.002D0,0D0,                 1293P   1120
4.206106755625D0,-1.001940472236D0,0D0,4.218246295252D0,            1293P   1121
-1.004449546538D0,0D0,4.233746510809D0,-1.014753489191D0,0D0,       1293P   1122
4.244050453462D0,-1.030253704748D0,0D0,4.246559527764D0,            1293P   1123
-1.042393244375D0,0D0,4.2465D0,-1.0485D0,0D0,0D0,1D0,0D0,0D0,       1293P   1124
1D0;                                                                1293P   1125
110,4.2465D0,-1.0485D0,0D0,4.2465D0,-1.12D0,0D0;                    1295P   1126
110,4.2465D0,-1.12D0,0D0,4.9035D0,-1.12D0,0D0;                      1297P   1127
110,4.9035D0,-1.12D0,0D0,4.9035D0,-1.0485D0,0D0;                    1299P   1128
126,6,3,0,0,1,0,0D0,0D0,0D0,0D0,2.5D-1,5D-1,7.5D-1,1D0,1D0,1D0,     1301P   1129
1D0,1D0,1D0,1D0,1D0,1D0,1D0,1D0,4.9035D0,-1.0485D0,0D0,             1301P   1130
4.903440472236D0,-1.042393244375D0,0D0,4.905949546538D0,            1301P   1131
-1.030253704748D0,0D0,4.916253489191D0,-1.014753489191D0,0D0,       1301P   1132
4.931753704748D0,-1.004449546538D0,0D0,4.943893244375D0,            1301P   1133
-1.001940472236D0,0D0,4.95D0,-1.002D0,0D0,0D0,1D0,0D0,0D0,1D0;      1301P   1134
126,6,3,0,0,1,0,0D0,0D0,0D0,0D0,2.5D-1,5D-1,7.5D-1,1D0,1D0,1D0,     1303P   1135
1D0,1D0,1D0,1D0,1D0,1D0,1D0,1D0,4.95D0,-1.002D0,0D0,                1303P   1136
4.956106755625D0,-1.001940472236D0,0D0,4.968246295252D0,            1303P   1137
-1.004449546538D0,0D0,4.983746510809D0,-1.014753489191D0,0D0,       1303P   1138
4.994050453462D0,-1.030253704748D0,0D0,4.996559527764D0,            1303P   1139
-1.042393244375D0,0D0,4.9965D0,-1.0485D0,0D0,0D0,1D0,0D0,0D0,       1303P   1140
1D0;                                                                1303P   1141
110,4.9965D0,-1.0485D0,0D0,4.9965D0,-1.12D0,0D0;                    1305P   1142
110,4.9965D0,-1.12D0,0D0,5.6535D0,-1.12D0,0D0;                      1307P   1143
110,5.6535D0,-1.12D0,0D0,5.6535D0,-1.0485D0,0D0;                    1309P   1144
126,6,3,0,0,1,0,0D0,0D0,0D0,0D0,2.5D-1,5D-1,7.5D-1,1D0,1D0,1D0,     1311P   1145
1D0,1D0,1D0,1D0,1D0,1D0,1D0,1D0,5.6535D0,-1.0485D0,0D0,             1311P   1146
5.653440472236D0,-1.042393244375D0,0D0,5.655949546538D0,            1311P   1147
-1.030253704748D0,0D0,5.666253489191D0,-1.014753489191D0,0D0,       1311P   1148
5.681753704748D0,-1.004449546538D0,0D0,5.693893244375D0,            1311P   1149
-1.001940472236D0,0D0,5.7D0,-1.002D0,0D0,0D0,1D0,0D0,0D0,1D0;       1311P   1150
126,6,3,0,0,1,0,0D0,0D0,0D0,0D0,2.5D-1,5D-1,7.5D-1,1D0,1D0,1D0,     1313P   1151
1D0,1D0,1D0,1D0,1D0,1D0,1D0,1D0,5.7D0,-1.002D0,0D0,                 1313P   1152
5.706106755625D0,-1.001940472236D0,0D0,5.718246295252D0,            1313P   1153
-1.004449546538D0,0D0,5.733746510809D0,-1.014753489191D0,0D0,       1313P   1154
5.744050453462D0,-1.030253704748D0,0D0,5.746559527764D0,            1313P   1155
-1.042393244375D0,0D0,5.7465D0,-1.0485D0,0D0,0D0,1D0,0D0,0D0,       1313P   1156
1D0;                                                                1313P   1157
110,5.7465D0,-1.0485D0,0D0,5.7465D0,-1.12D0,0D0;                    1315P   1158
110,5.7465D0,-1.12D0,0D0,6.4035D0,-1.12D0,0D0;                      1317P   1159
110,6.4035D0,-1.12D0,0D0,6.4035D0,-1.0485D0,0D0;                    1319P   1160
126,6,3,0,0,1,0,0D0,0D0,0D0,0D0,2.5D-1,5D-1,7.5D-1,1D0,1D0,1D0,     1321P   1161
1D0,1D0,1D0,1D0,1D0,1D0,1D0,1D0,6.4035D0,-1.0485D0,0D0,             1321P   1162
6.403440472236D0,-1.042393244375D0,0D0,6.405949546538D0,            1321P   1163
-1.030253704748D0,0D0,6.416253489191D0,-1.014753489191D0,0D0,       1321P   1164
6.431753704748D0,-1.004449546538D0,0D0,6.443893244375D0,            1321P   1165
-1.001940472236D0,0D0,6.45D0,-1.002D0,0D0,0D0,1D0,0D0,0D0,1D0;      1321P   1166
126,6,3,0,0,1,0,0D0,0D0,0D0,0D0,2.5D-1,5D-1,7.5D-1,1D0,1D0,1D0,     1323P   1167
1D0,1D0,1D0,1D0,1D0,1D0,1D0,1D0,6.45D0,-1.002D0,0D0,                1323P   1168
6.456106755625D0,-1.001940472236D0,0D0,6.468246295252D0,            1323P   1169
-1.004449546538D0,0D0,6.483746510809D0,-1.014753489191D0,0D0,       1323P   1170
6.494050453462D0,-1.030253704748D0,0D0,6.496559527764D0,            1323P   1171
-1.042393244375D0,0D0,6.4965D0,-1.0485D0,0D0,0D0,1D0,0D0,0D0,       1323P   1172
1D0;                                                                1323P   1173
110,6.4965D0,-1.0485D0,0D0,6.4965D0,-1.12D0,0D0;                    1325P   1174
110,6.4965D0,-1.12D0,0D0,6.9D0,-1.12D0,0D0;                         1327P   1175
110,6.9D0,-1.12D0,0D0,6.9D0,-8.751064989846D-1,0D0;                 1329P   1176
110,6.9D0,-8.751064989846D-1,0D0,3.668999999883D0,                  1331P   1177
-8.750261222100D-1,0D0;                                             1331P   1178
110,3.668999999883D0,-8.750261222100D-1,0D0,3.231000000086D0,       1333P   1179
-8.750261222100D-1,0D0;                                             1333P   1180
110,3.231000000086D0,-8.750261222100D-1,0D0,0D0,                    1335P   1181
-8.751064989846D-1,0D0;                                             1335P   1182
110,0D0,-8.751064989846D-1,0D0,0D0,-1.12D0,0D0;                     1337P   1183
110,0D0,-1.12D0,0D0,4.035D-1,-1.12D0,0D0;                           1339P   1184
110,4.035D-1,-1.12D0,0D0,4.035D-1,-1.0485D0,0D0;                    1341P   1185
126,6,3,0,0,1,0,0D0,0D0,0D0,0D0,2.5D-1,5D-1,7.5D-1,1D0,1D0,1D0,     1343P   1186
1D0,1D0,1D0,1D0,1D0,1D0,1D0,1D0,4.035D-1,-1.0485D0,0D0,             1343P   1187
4.034404722359D-1,-1.042393244375D0,0D0,4.059495465385D-1,          1343P   1188
-1.030253704748D0,0D0,4.162534891907D-1,-1.014753489191D0,0D0,      1343P   1189
4.317537047476D-1,-1.004449546538D0,0D0,4.438932443753D-1,          1343P   1190
-1.001940472236D0,0D0,4.5D-1,-1.002D0,0D0,0D0,1D0,0D0,0D0,1D0;      1343P   1191
126,6,3,0,0,1,0,0D0,0D0,0D0,0D0,2.5D-1,5D-1,7.5D-1,1D0,1D0,1D0,     1345P   1192
1D0,1D0,1D0,1D0,1D0,1D0,1D0,1D0,4.5D-1,-1.002D0,0D0,                1345P   1193
4.561067556247D-1,-1.001940472236D0,0D0,4.682462952524D-1,          1345P   1194
-1.004449546538D0,0D0,4.837465108093D-1,-1.014753489191D0,0D0,      1345P   1195
4.940504534615D-1,-1.030253704748D0,0D0,4.965595277641D-1,          1345P   1196
-1.042393244375D0,0D0,4.965D-1,-1.0485D0,0D0,0D0,1D0,0D0,0D0,       1345P   1197
1D0;                                                                1345P   1198
110,4.965D-1,-1.0485D0,0D0,4.965D-1,-1.12D0,0D0;                    1347P   1199
110,4.965D-1,-1.12D0,0D0,1.1535D0,-1.12D0,0D0;                      1349P   1200
110,1.1535D0,-1.12D0,0D0,1.1535D0,-1.0485D0,0D0;                    1351P   1201
126,6,3,0,0,1,0,0D0,0D0,0D0,0D0,2.5D-1,5D-1,7.5D-1,1D0,1D0,1D0,     1353P   1202
1D0,1D0,1D0,1D0,1D0,1D0,1D0,1D0,1.1535D0,-1.0485D0,0D0,             1353P   1203
1.153440472236D0,-1.042393244375D0,0D0,1.155949546538D0,            1353P   1204
-1.030253704748D0,0D0,1.166253489191D0,-1.014753489191D0,0D0,       1353P   1205
1.181753704748D0,-1.004449546538D0,0D0,1.193893244375D0,            1353P   1206
-1.001940472236D0,0D0,1.2D0,-1.002D0,0D0,0D0,1D0,0D0,0D0,1D0;       1353P   1207
126,6,3,0,0,1,0,0D0,0D0,0D0,0D0,2.5D-1,5D-1,7.5D-1,1D0,1D0,1D0,     1355P   1208
1D0,1D0,1D0,1D0,1D0,1D0,1D0,1D0,1.2D0,-1.002D0,0D0,                 1355P   1209
1.206106755625D0,-1.001940472236D0,0D0,1.218246295252D0,            1355P   1210
-1.004449546538D0,0D0,1.233746510809D0,-1.014753489191D0,0D0,       1355P   1211
1.244050453462D0,-1.030253704748D0,0D0,1.246559527764D0,            1355P   1212
-1.042393244375D0,0D0,1.2465D0,-1.0485D0,0D0,0D0,1D0,0D0,0D0,       1355P   1213
1D0;                                                                1355P   1214
110,1.2465D0,-1.0485D0,0D0,1.2465D0,-1.12D0,0D0;                    1357P   1215
110,1.2465D0,-1.12D0,0D0,1.9035D0,-1.12D0,0D0;                      1359P   1216
110,1.9035D0,-1.12D0,0D0,1.9035D0,-1.0485D0,0D0;                    1361P   1217
126,6,3,0,0,1,0,0D0,0D0,0D0,0D0,2.5D-1,5D-1,7.5D-1,1D0,1D0,1D0,     1363P   1218
1D0,1D0,1D0,1D0,1D0,1D0,1D0,1D0,1.9035D0,-1.0485D0,0D0,             1363P   1219
1.903440472236D0,-1.042393244375D0,0D0,1.905949546538D0,            1363P   1220
-1.030253704748D0,0D0,1.916253489191D0,-1.014753489191D0,0D0,       1363P   1221
1.931753704748D0,-1.004449546538D0,0D0,1.943893244375D0,            1363P   1222
-1.001940472236D0,0D0,1.95D0,-1.002D0,0D0,0D0,1D0,0D0,0D0,1D0;      1363P   1223
126,6,3,0,0,1,0,0D0,0D0,0D0,0D0,2.5D-1,5D-1,7.5D-1,1D0,1D0,1D0,     1365P   1224
1D0,1D0,1D0,1D0,1D0,1D0,1D0,1D0,1.95D0,-1.002D0,0D0,                1365P   1225
1.956106755625D0,-1.001940472236D0,0D0,1.968246295252D0,            1365P   1226
-1.004449546538D0,0D0,1.983746510809D0,-1.014753489191D0,0D0,       1365P   1227
1.994050453462D0,-1.030253704748D0,0D0,1.996559527764D0,            1365P   1228
-1.042393244375D0,0D0,1.9965D0,-1.0485D0,0D0,0D0,1D0,0D0,0D0,       1365P   1229
1D0;                                                                1365P   1230
110,1.9965D0,-1.0485D0,0D0,1.9965D0,-1.12D0,0D0;                    1367P   1231
110,1.9965D0,-1.12D0,0D0,2.6535D0,-1.12D0,0D0;                      1369P   1232
102,46,1279,1281,1283,1285,1287,1289,1291,1293,1295,1297,1299,      1371P   1233
1301,1303,1305,1307,1309,1311,1313,1315,1317,1319,1321,1323,        1371P   1234
1325,1327,1329,1331,1333,1335,1337,1339,1341,1343,1345,1347,        1371P   1235
1349,1351,1353,1355,1357,1359,1361,1363,1365,1367,1369;             1371P   1236
142,0,1273,1371,1277,1;                                             1373P   1237
144,1273,1,0,1373;                                                  1375P   1238
128,1,1,1,1,0,0,1,0,0,-2D-2,-2D-2,1.02D0,1.02D0,-8.68D0,-8.68D0,    1377P   1239
-6.2D-1,-6.2D-1,1D0,1D0,1D0,1D0,-4.03D0,2D-2,-3.75D-1,-4.03D0,      1377P   1240
-1.02D0,-3.75D-1,4.03D0,2D-2,-3.75D-1,4.03D0,-1.02D0,-3.75D-1,      1377P   1241
-2D-2,1.02D0,-8.68D0,-6.2D-1;                                       1377P   1242
110,3.859D0,-3.74D-1,-3.75D-1,3.859D0,0D0,-3.75D-1;                 1379P   1243
110,3.500106498985D0,0D0,-3.75D-1,3.45D0,-1.87D-1,-3.75D-1;         1381P   1244
110,3.45D0,-1.87D-1,-3.75D-1,-3.45D0,-1.87D-1,-3.75D-1;             1383P   1245
110,-3.45D0,-1.87D-1,-3.75D-1,-3.500106498985D0,0D0,-3.75D-1;       1385P   1246
102,12,269,271,11,767,467,273,1379,301,1381,1383,1385,321;          1387P   1247
110,0D0,-8.509D0,0D0,3.74D-1,-8.509D0,0D0;                          1389P   1248
110,3.74D-1,-8.509D0,0D0,3.74D-1,-8.525D0,0D0;                      1391P   1249
110,3.74D-1,-8.525D0,0D0,1D0,-8.525D0,0D0;                          1393P   1250
110,1D0,-8.525D0,0D0,1D0,-7.75D-1,0D0;                              1395P   1251
110,1D0,-7.75D-1,0D0,3.74D-1,-7.75D-1,0D0;                          1397P   1252
110,3.74D-1,-7.75D-1,0D0,3.74D-1,-7.91D-1,0D0;                      1399P   1253
110,3.74D-1,-7.91D-1,0D0,0D0,-7.91D-1,0D0;                          1401P   1254
110,0D0,-7.91D-1,0D0,0D0,-1.149893501015D0,0D0;                     1403P   1255
110,0D0,-1.149893501015D0,0D0,1.87D-1,-1.2D0,0D0;                   1405P   1256
110,1.87D-1,-1.2D0,0D0,1.87D-1,-8.1D0,0D0;                          1407P   1257
110,1.87D-1,-8.1D0,0D0,0D0,-8.150106498985D0,0D0;                   1409P   1258
110,0D0,-8.150106498985D0,0D0,0D0,-8.509D0,0D0;                     1411P   1259
102,12,1389,1391,1393,1395,1397,1399,1401,1403,1405,1407,1409,      1413P   1260
1411;                                                               1413P   1261
142,0,1377,1413,1387,1;                                             1415P   1262
144,1377,1,0,1415;                                                  1417P   1263
128,1,1,1,1,0,0,1,0,0,-1.077095053187D-2,-1.077095053187D-2,        1419P   1264
3.847709505319D-1,3.847709505319D-1,-4.342302400752D0,              1419P   1265
-4.342302400752D0,-7.576975992484D-1,-7.576975992484D-1,1D0,1D0,    1419P   1266
1D0,1D0,-3.859D0,1.077095053187D-2,-1.792302400752D0,-3.859D0,      1419P   1267
-3.847709505319D-1,-1.792302400752D0,-3.859D0,1.077095053187D-2,    1419P   1268
1.792302400752D0,-3.859D0,-3.847709505319D-1,1.792302400752D0,      1419P   1269
-1.077095053187D-2,3.847709505319D-1,-4.342302400752D0,             1419P   1270
-7.576975992484D-1;                                                 1419P   1271
110,-3.859D0,0D0,-1.43D0,-3.859D0,0D0,-1.624787002031D0;            1421P   1272
110,-3.859D0,-3.74D-1,-1.723367693030D0,-3.859D0,-3.74D-1,          1423P   1273
-1.43D0;                                                            1423P   1274
102,5,1421,339,283,1423,573;                                        1425P   1275
110,0D0,-3.98D0,0D0,0D0,-4.174787002031D0,0D0;                      1427P   1276
110,0D0,-4.174787002031D0,0D0,3.679081474558D-1,                    1429P   1277
-4.273367693030D0,0D0;                                              1429P   1278
110,3.679081474558D-1,-4.273367693030D0,0D0,3.74D-1,                1431P   1279
-4.273367693030D0,0D0;                                              1431P   1280
110,3.74D-1,-4.273367693030D0,0D0,3.74D-1,-3.98D0,0D0;              1433P   1281
110,3.74D-1,-3.98D0,0D0,0D0,-3.98D0,0D0;                            1435P   1282
102,5,1427,1429,1431,1433,1435;                                     1437P   1283
142,0,1419,1437,1425,1;                                             1439P   1284
144,1419,1,0,1439;                                                  1441P   1285
128,1,1,1,1,0,0,1,0,0,-1.077095053187D-2,-1.077095053187D-2,        1443P   1286
3.847709505319D-1,3.847709505319D-1,-4.342302400752D0,              1443P   1287
-4.342302400752D0,-7.576975992484D-1,-7.576975992484D-1,1D0,1D0,    1443P   1288
1D0,1D0,-3.859D0,1.077095053187D-2,-1.792302400752D0,-3.859D0,      1443P   1289
-3.847709505319D-1,-1.792302400752D0,-3.859D0,1.077095053187D-2,    1443P   1290
1.792302400752D0,-3.859D0,-3.847709505319D-1,1.792302400752D0,      1443P   1291
-1.077095053187D-2,3.847709505319D-1,-4.342302400752D0,             1443P   1292
-7.576975992484D-1;                                                 1443P   1293
110,-3.859D0,0D0,3.75D-1,-3.859D0,0D0,-3.75D-1;                     1445P   1294
110,-3.859D0,-3.74D-1,-3.75D-1,-3.859D0,-3.74D-1,3.75D-1;           1447P   1295
110,-3.859D0,-3.74D-1,3.75D-1,-3.859D0,0D0,3.75D-1;                 1449P   1296
102,4,1445,269,1447,1449;                                           1451P   1297
110,0D0,-2.175D0,0D0,0D0,-2.925D0,0D0;                              1453P   1298
110,0D0,-2.925D0,0D0,3.74D-1,-2.925D0,0D0;                          1455P   1299
110,3.74D-1,-2.925D0,0D0,3.74D-1,-2.175D0,0D0;                      1457P   1300
110,3.74D-1,-2.175D0,0D0,0D0,-2.175D0,0D0;                          1459P   1301
102,4,1453,1455,1457,1459;                                          1461P   1302
142,0,1443,1461,1451,1;                                             1463P   1303
144,1443,1,0,1463;                                                  1465P   1304
128,1,1,1,1,0,0,1,0,0,-1.077095053187D-2,-1.077095053187D-2,        1467P   1305
3.847709505319D-1,3.847709505319D-1,-4.342302400752D0,              1467P   1306
-4.342302400752D0,-7.576975992484D-1,-7.576975992484D-1,1D0,1D0,    1467P   1307
1D0,1D0,-3.859D0,1.077095053187D-2,-1.792302400752D0,-3.859D0,      1467P   1308
-3.847709505319D-1,-1.792302400752D0,-3.859D0,1.077095053187D-2,    1467P   1309
1.792302400752D0,-3.859D0,-3.847709505319D-1,1.792302400752D0,      1467P   1310
-1.077095053187D-2,3.847709505319D-1,-4.342302400752D0,             1467P   1311
-7.576975992484D-1;                                                 1467P   1312
110,-3.859D0,0D0,1.624787002031D0,-3.859D0,0D0,1.43D0;              1469P   1313
110,-3.859D0,-3.74D-1,1.43D0,-3.859D0,-3.74D-1,1.723367693030D0;    1471P   1314
110,-3.859D0,-3.679081474558D-1,1.723367693030D0,-3.859D0,0D0,      1473P   1315
1.624787002031D0;                                                   1473P   1316
102,5,1469,45,1471,285,1473;                                        1475P   1317
110,0D0,-9.252129979692D-1,0D0,0D0,-1.12D0,0D0;                     1477P   1318
110,0D0,-1.12D0,0D0,3.74D-1,-1.12D0,0D0;                            1479P   1319
110,3.74D-1,-1.12D0,0D0,3.74D-1,-8.266323069696D-1,0D0;             1481P   1320
110,3.74D-1,-8.266323069696D-1,0D0,3.679081474558D-1,               1483P   1321
-8.266323069696D-1,0D0;                                             1483P   1322
110,3.679081474558D-1,-8.266323069696D-1,0D0,0D0,                   1485P   1323
-9.252129979692D-1,0D0;                                             1485P   1324
102,5,1477,1479,1481,1483,1485;                                     1487P   1325
142,0,1467,1487,1475,1;                                             1489P   1326
144,1467,1,0,1489;                                                  1491P   1327
128,1,1,1,1,0,0,1,0,0,4.352215178880D-1,4.352215178880D-1,          1493P   1328
3.814778482112D0,3.814778482112D0,-1.3836D-1,-1.3836D-1,            1493P   1329
7.88836D0,7.88836D0,1D0,1D0,1D0,1D0,-4.01336D0,0D0,                 1493P   1330
-1.689778482112D0,-4.01336D0,0D0,1.689778482112D0,4.01336D0,0D0,    1493P   1331
-1.689778482112D0,4.01336D0,0D0,1.689778482112D0,                   1493P   1332
4.352215178880D-1,3.814778482112D0,-1.3836D-1,7.88836D0;            1493P   1333
102,4,287,293,291,289;                                              1495P   1334
110,6.95D-1,7.734D0,0D0,5.002129979692D-1,7.734D0,0D0;              1497P   1335
110,5.002129979692D-1,7.734D0,0D0,5.002129979692D-1,                1499P   1336
7.375106498985D0,0D0;                                               1499P   1337
110,5.002129979692D-1,7.375106498985D0,0D0,6.95D-1,                 1501P   1338
7.375106498985D0,0D0;                                               1501P   1339
110,6.95D-1,7.375106498985D0,0D0,6.95D-1,7.734D0,0D0;               1503P   1340
102,4,1497,1499,1501,1503;                                          1505P   1341
142,0,1493,1505,1495,1;                                             1507P   1342
144,1493,1,0,1507;                                                  1509P   1343
128,1,1,1,1,0,0,1,0,0,4.352215178880D-1,4.352215178880D-1,          1511P   1344
3.814778482112D0,3.814778482112D0,-1.3836D-1,-1.3836D-1,            1511P   1345
7.88836D0,7.88836D0,1D0,1D0,1D0,1D0,-4.01336D0,0D0,                 1511P   1346
-1.689778482112D0,-4.01336D0,0D0,1.689778482112D0,4.01336D0,0D0,    1511P   1347
-1.689778482112D0,4.01336D0,0D0,1.689778482112D0,                   1511P   1348
4.352215178880D-1,3.814778482112D0,-1.3836D-1,7.88836D0;            1511P   1349
102,4,295,301,299,297;                                              1513P   1350
110,2.5D0,7.734D0,0D0,1.75D0,7.734D0,0D0;                           1515P   1351
110,1.75D0,7.734D0,0D0,1.75D0,7.375106498985D0,0D0;                 1517P   1352
110,1.75D0,7.375106498985D0,0D0,2.5D0,7.375106498985D0,0D0;         1519P   1353
110,2.5D0,7.375106498985D0,0D0,2.5D0,7.734D0,0D0;                   1521P   1354
102,4,1515,1517,1519,1521;                                          1523P   1355
142,0,1511,1523,1513,1;                                             1525P   1356
144,1511,1,0,1525;                                                  1527P   1357
128,1,1,1,1,0,0,1,0,0,4.352215178880D-1,4.352215178880D-1,          1529P   1358
3.814778482112D0,3.814778482112D0,-1.3836D-1,-1.3836D-1,            1529P   1359
7.88836D0,7.88836D0,1D0,1D0,1D0,1D0,-4.01336D0,0D0,                 1529P   1360
-1.689778482112D0,-4.01336D0,0D0,1.689778482112D0,4.01336D0,0D0,    1529P   1361
-1.689778482112D0,4.01336D0,0D0,1.689778482112D0,                   1529P   1362
4.352215178880D-1,3.814778482112D0,-1.3836D-1,7.88836D0;            1529P   1363
110,3.859D0,0D0,1.43D0,3.500106498985D0,0D0,1.43D0;                 1531P   1364
102,4,303,1531,307,305;                                             1533P   1365
110,3.749787002031D0,7.734D0,0D0,3.555D0,7.734D0,0D0;               1535P   1366
110,3.555D0,7.734D0,0D0,3.555D0,7.375106498985D0,0D0;               1537P   1367
110,3.555D0,7.375106498985D0,0D0,3.749787002031D0,                  1539P   1368
7.375106498985D0,0D0;                                               1539P   1369
110,3.749787002031D0,7.375106498985D0,0D0,3.749787002031D0,         1541P   1370
7.734D0,0D0;                                                        1541P   1371
102,4,1535,1537,1539,1541;                                          1543P   1372
142,0,1529,1543,1533,1;                                             1545P   1373
144,1529,1,0,1545;                                                  1547P   1374
128,1,1,1,1,0,0,1,0,0,4.352215178880D-1,4.352215178880D-1,          1549P   1375
3.814778482112D0,3.814778482112D0,-1.3836D-1,-1.3836D-1,            1549P   1376
7.88836D0,7.88836D0,1D0,1D0,1D0,1D0,-4.01336D0,0D0,                 1549P   1377
-1.689778482112D0,-4.01336D0,0D0,1.689778482112D0,4.01336D0,0D0,    1549P   1378
-1.689778482112D0,4.01336D0,0D0,1.689778482112D0,                   1549P   1379
4.352215178880D-1,3.814778482112D0,-1.3836D-1,7.88836D0;            1549P   1380
102,4,311,317,315,313;                                              1551P   1381
110,5.002129979692D-1,1.6D-2,0D0,6.95D-1,1.6D-2,0D0;                1553P   1382
110,6.95D-1,1.6D-2,0D0,6.95D-1,3.748935010154D-1,0D0;               1555P   1383
110,6.95D-1,3.748935010154D-1,0D0,5.002129979692D-1,                1557P   1384
3.748935010154D-1,0D0;                                              1557P   1385
110,5.002129979692D-1,3.748935010154D-1,0D0,5.002129979692D-1,      1559P   1386
1.6D-2,0D0;                                                         1559P   1387
102,4,1553,1555,1557,1559;                                          1561P   1388
142,0,1549,1561,1551,1;                                             1563P   1389
144,1549,1,0,1563;                                                  1565P   1390
128,1,1,1,1,0,0,1,0,0,4.352215178880D-1,4.352215178880D-1,          1567P   1391
3.814778482112D0,3.814778482112D0,-1.3836D-1,-1.3836D-1,            1567P   1392
7.88836D0,7.88836D0,1D0,1D0,1D0,1D0,-4.01336D0,0D0,                 1567P   1393
-1.689778482112D0,-4.01336D0,0D0,1.689778482112D0,4.01336D0,0D0,    1567P   1394
-1.689778482112D0,4.01336D0,0D0,1.689778482112D0,                   1567P   1395
4.352215178880D-1,3.814778482112D0,-1.3836D-1,7.88836D0;            1567P   1396
102,4,319,325,323,321;                                              1569P   1397
110,1.75D0,1.6D-2,0D0,2.5D0,1.6D-2,0D0;                             1571P   1398
110,2.5D0,1.6D-2,0D0,2.5D0,3.748935010154D-1,0D0;                   1573P   1399
110,2.5D0,3.748935010154D-1,0D0,1.75D0,3.748935010154D-1,0D0;       1575P   1400
110,1.75D0,3.748935010154D-1,0D0,1.75D0,1.6D-2,0D0;                 1577P   1401
102,4,1571,1573,1575,1577;                                          1579P   1402
142,0,1567,1579,1569,1;                                             1581P   1403
144,1567,1,0,1581;                                                  1583P   1404
128,1,1,1,1,0,0,1,0,0,4.352215178880D-1,4.352215178880D-1,          1585P   1405
3.814778482112D0,3.814778482112D0,-1.3836D-1,-1.3836D-1,            1585P   1406
7.88836D0,7.88836D0,1D0,1D0,1D0,1D0,-4.01336D0,0D0,                 1585P   1407
-1.689778482112D0,-4.01336D0,0D0,1.689778482112D0,4.01336D0,0D0,    1585P   1408
-1.689778482112D0,4.01336D0,0D0,1.689778482112D0,                   1585P   1409
4.352215178880D-1,3.814778482112D0,-1.3836D-1,7.88836D0;            1585P   1410
110,-3.500106498985D0,0D0,1.43D0,-3.859D0,0D0,1.43D0;               1587P   1411
102,4,327,333,331,1587;                                             1589P   1412
110,3.555D0,1.6D-2,0D0,3.749787002031D0,1.6D-2,0D0;                 1591P   1413
110,3.749787002031D0,1.6D-2,0D0,3.749787002031D0,                   1593P   1414
3.748935010154D-1,0D0;                                              1593P   1415
110,3.749787002031D0,3.748935010154D-1,0D0,3.555D0,                 1595P   1416
3.748935010154D-1,0D0;                                              1595P   1417
110,3.555D0,3.748935010154D-1,0D0,3.555D0,1.6D-2,0D0;               1597P   1418
102,4,1591,1593,1595,1597;                                          1599P   1419
142,0,1585,1599,1589,1;                                             1601P   1420
144,1585,1,0,1601;                                                  1603P   1421
128,1,1,1,1,0,0,1,0,0,-1.077095053187D-2,-1.077095053187D-2,        1605P   1422
3.847709505319D-1,3.847709505319D-1,-4.342302400752D0,              1605P   1423
-4.342302400752D0,-7.576975992484D-1,-7.576975992484D-1,1D0,1D0,    1605P   1424
1D0,1D0,3.859D0,1.077095053187D-2,-1.792302400752D0,3.859D0,        1605P   1425
-3.847709505319D-1,-1.792302400752D0,3.859D0,1.077095053187D-2,     1605P   1426
1.792302400752D0,3.859D0,-3.847709505319D-1,1.792302400752D0,       1605P   1427
-1.077095053187D-2,3.847709505319D-1,-4.342302400752D0,             1605P   1428
-7.576975992484D-1;                                                 1605P   1429
110,3.859D0,-3.679081474558D-1,-1.723367693030D0,3.859D0,           1607P   1430
-3.74D-1,-1.723367693030D0;                                         1607P   1431
110,3.859D0,-3.74D-1,-1.723367693030D0,3.859D0,-3.74D-1,-1.43D0;    1609P   1432
110,3.859D0,-3.74D-1,-1.43D0,3.859D0,0D0,-1.43D0;                   1611P   1433
102,5,287,341,1607,1609,1611;                                       1613P   1434
110,0D0,-3.98D0,0D0,0D0,-4.174787002031D0,0D0;                      1615P   1435
110,0D0,-4.174787002031D0,0D0,3.679081474558D-1,                    1617P   1436
-4.273367693030D0,0D0;                                              1617P   1437
110,3.679081474558D-1,-4.273367693030D0,0D0,3.74D-1,                1619P   1438
-4.273367693030D0,0D0;                                              1619P   1439
110,3.74D-1,-4.273367693030D0,0D0,3.74D-1,-3.98D0,0D0;              1621P   1440
110,3.74D-1,-3.98D0,0D0,0D0,-3.98D0,0D0;                            1623P   1441
102,5,1615,1617,1619,1621,1623;                                     1625P   1442
142,0,1605,1625,1613,1;                                             1627P   1443
144,1605,1,0,1627;                                                  1629P   1444
128,1,1,1,1,0,0,1,0,0,-1.077095053187D-2,-1.077095053187D-2,        1631P   1445
3.847709505319D-1,3.847709505319D-1,-4.342302400752D0,              1631P   1446
-4.342302400752D0,-7.576975992484D-1,-7.576975992484D-1,1D0,1D0,    1631P   1447
1D0,1D0,3.859D0,1.077095053187D-2,-1.792302400752D0,3.859D0,        1631P   1448
-3.847709505319D-1,-1.792302400752D0,3.859D0,1.077095053187D-2,     1631P   1449
1.792302400752D0,3.859D0,-3.847709505319D-1,1.792302400752D0,       1631P   1450
-1.077095053187D-2,3.847709505319D-1,-4.342302400752D0,             1631P   1451
-7.576975992484D-1;                                                 1631P   1452
110,3.859D0,-3.74D-1,-3.75D-1,3.859D0,-3.74D-1,3.75D-1;             1633P   1453
102,4,295,275,1633,549;                                             1635P   1454
110,0D0,-2.175D0,0D0,0D0,-2.925D0,0D0;                              1637P   1455
110,0D0,-2.925D0,0D0,3.74D-1,-2.925D0,0D0;                          1639P   1456
110,3.74D-1,-2.925D0,0D0,3.74D-1,-2.175D0,0D0;                      1641P   1457
110,3.74D-1,-2.175D0,0D0,0D0,-2.175D0,0D0;                          1643P   1458
102,4,1637,1639,1641,1643;                                          1645P   1459
142,0,1631,1645,1635,1;                                             1647P   1460
144,1631,1,0,1647;                                                  1649P   1461
128,1,1,1,1,0,0,1,0,0,-1.077095053187D-2,-1.077095053187D-2,        1651P   1462
3.847709505319D-1,3.847709505319D-1,-4.342302400752D0,              1651P   1463
-4.342302400752D0,-7.576975992484D-1,-7.576975992484D-1,1D0,1D0,    1651P   1464
1D0,1D0,3.859D0,1.077095053187D-2,-1.792302400752D0,3.859D0,        1651P   1465
-3.847709505319D-1,-1.792302400752D0,3.859D0,1.077095053187D-2,     1651P   1466
1.792302400752D0,3.859D0,-3.847709505319D-1,1.792302400752D0,       1651P   1467
-1.077095053187D-2,3.847709505319D-1,-4.342302400752D0,             1651P   1468
-7.576975992484D-1;                                                 1651P   1469
110,3.859D0,-3.74D-1,1.43D0,3.859D0,-3.74D-1,1.723367693030D0;      1653P   1470
110,3.859D0,-3.74D-1,1.723367693030D0,3.859D0,                      1655P   1471
-3.679081474558D-1,1.723367693030D0;                                1655P   1472
102,5,303,51,1653,1655,637;                                         1657P   1473
110,0D0,-9.252129979692D-1,0D0,0D0,-1.12D0,0D0;                     1659P   1474
110,0D0,-1.12D0,0D0,3.74D-1,-1.12D0,0D0;                            1661P   1475
110,3.74D-1,-1.12D0,0D0,3.74D-1,-8.266323069696D-1,0D0;             1663P   1476
110,3.74D-1,-8.266323069696D-1,0D0,3.679081474558D-1,               1665P   1477
-8.266323069696D-1,0D0;                                             1665P   1478
110,3.679081474558D-1,-8.266323069696D-1,0D0,0D0,                   1667P   1479
-9.252129979692D-1,0D0;                                             1667P   1480
102,5,1659,1661,1663,1665,1667;                                     1669P   1481
142,0,1651,1669,1657,1;                                             1671P   1482
144,1651,1,0,1671;                                                  1673P   1483
128,1,1,1,1,0,0,1,0,0,-1.077095053187D-2,-1.077095053187D-2,        1675P   1484
3.979642420052D-1,3.979642420052D-1,-8.66336D0,-8.66336D0,          1675P   1485
-6.3664D-1,-6.3664D-1,1D0,1D0,1D0,1D0,-4.01336D0,                   1675P   1486
1.040393929242D-2,-1.621999274899D0,-4.01336D0,                     1675P   1487
-3.844039392924D-1,-1.727787727132D0,4.01336D0,                     1675P   1488
1.040393929242D-2,-1.621999274899D0,4.01336D0,                      1675P   1489
-3.844039392924D-1,-1.727787727132D0,-1.077095053187D-2,            1675P   1490
3.979642420052D-1,-8.66336D0,-6.3664D-1;                            1675P   1491
126,3,3,0,0,1,0,0D0,0D0,0D0,0D0,1D0,1D0,1D0,1D0,1D0,1D0,1D0,1D0,    1677P   1492
-3.859D0,-3.679081474558D-1,-1.723367693030D0,-3.858863317933D0,    1677P   1493
-3.699388227253D-1,-1.723911810829D0,-3.858725723018D0,             1677P   1494
-3.719694402831D-1,-1.724455913164D0,-3.858587213211D0,-3.74D-1,    1677P   1495
-1.725D0,0D0,1D0,0D0,0D0,1D0;                                       1677P   1496
110,-3.858587213211D0,-3.74D-1,-1.725D0,3.858587213211D0,           1679P   1497
-3.74D-1,-1.725D0;                                                  1679P   1498
126,3,3,0,0,1,0,0D0,0D0,0D0,0D0,1D0,1D0,1D0,1D0,1D0,1D0,1D0,1D0,    1681P   1499
3.858587213211D0,-3.74D-1,-1.725D0,3.858725723018D0,                1681P   1500
-3.719694402831D-1,-1.724455913164D0,3.858863317933D0,              1681P   1501
-3.699388227253D-1,-1.723911810829D0,3.859D0,-3.679081474558D-1,    1681P   1502
-1.723367693030D0,0D0,1D0,0D0,0D0,1D0;                              1681P   1503
110,3.859D0,-3.679081474558D-1,-1.723367693030D0,3.859D0,0D0,       1683P   1504
-1.624787002031D0;                                                  1683P   1505
110,3.45D0,-1.87D-1,-1.674893501015D0,-3.45D0,-1.87D-1,             1685P   1506
-1.674893501015D0;                                                  1685P   1507
110,-3.45D0,-1.87D-1,-1.674893501015D0,-3.500106498985D0,0D0,       1687P   1508
-1.624787002031D0;                                                  1687P   1509
102,10,339,1677,1679,1681,1683,293,343,1685,1687,313;               1689P   1510
110,0D0,-8.509D0,0D0,3.808865416398D-1,-8.509D0,0D0;                1691P   1511
126,4,3,0,0,1,0,0D0,0D0,0D0,0D0,5.001046516602D-1,1D0,1D0,1D0,      1693P   1512
1D0,1D0,1D0,1D0,1D0,1D0,3.808865416398D-1,-8.509D0,0D0,             1693P   1513
3.819379165294D-1,-8.508931644833D0,0D0,3.840401963748D-1,          1693P   1514
-8.508794506075D0,0D0,3.861424164059D-1,-8.508656453448D0,0D0,      1693P   1515
3.871932914734D-1,-8.508587213211D0,0D0,0D0,1D0,0D0,0D0,1D0;        1693P   1516
110,3.871932914734D-1,-8.508587213211D0,0D0,3.871932914734D-1,      1695P   1517
-7.914127867893D-1,0D0;                                             1695P   1518
126,4,3,0,0,1,0,0D0,0D0,0D0,0D0,4.998953483398D-1,1D0,1D0,1D0,      1697P   1519
1D0,1D0,1D0,1D0,1D0,1D0,3.871932914734D-1,-7.914127867893D-1,       1697P   1520
0D0,3.861424164059D-1,-7.913435465515D-1,0D0,3.840401963748D-1,     1697P   1521
-7.912054939248D-1,0D0,3.819379165294D-1,-7.910683551674D-1,0D0,    1697P   1522
3.808865416398D-1,-7.91D-1,0D0,0D0,1D0,0D0,0D0,1D0;                 1697P   1523
110,3.808865416398D-1,-7.91D-1,0D0,0D0,-7.91D-1,0D0;                1699P   1524
110,0D0,-7.91D-1,0D0,0D0,-1.149893501015D0,0D0;                     1701P   1525
110,0D0,-1.149893501015D0,0D0,1.935966457367D-1,-1.2D0,0D0;         1703P   1526
110,1.935966457367D-1,-1.2D0,0D0,1.935966457367D-1,-8.1D0,0D0;      1705P   1527
110,1.935966457367D-1,-8.1D0,0D0,0D0,-8.150106498985D0,0D0;         1707P   1528
110,0D0,-8.150106498985D0,0D0,0D0,-8.509D0,0D0;                     1709P   1529
102,10,1691,1693,1695,1697,1699,1701,1703,1705,1707,1709;           1711P   1530
142,0,1675,1711,1689,1;                                             1713P   1531
144,1675,1,0,1713;                                                  1715P   1532
110,-3.344D0,1.563433775056D-2,-1.594D0,-3.344D0,                   1717P   1533
-9.843656622494D-1,-1.594D0;                                        1717P   1534
110,-3.875D0,-3.440263104049D-1,-1.594D0,-3.875D0,                  1719P   1535
-1.585881837051D0,-1.594D0;                                         1719P   1536
120,1717,1719,-3.141592653590D-2,1.602212253331D0;                  1721P   1537
102,7,283,31,349,353,355,359,361;                                   1723P   1538
110,1.923076923077D-2,2.461071949310D-1,0D0,2.413621307146D-2,      1725P   1539
2.461071949310D-1,0D0;                                              1725P   1540
110,2.413621307146D-2,2.461071949310D-1,0D0,2.413621307146D-2,      1727P   1541
0D0,0D0;                                                            1727P   1542
110,2.413621307146D-2,0D0,0D0,9.807692307692D-1,0D0,0D0;            1729P   1543
110,9.807692307692D-1,0D0,0D0,9.807692307692D-1,                    1731P   1544
1.570796326795D0,0D0;                                               1731P   1545
110,9.807692307692D-1,1.570796326795D0,0D0,2.413621307146D-2,       1733P   1546
1.570796326795D0,0D0;                                               1733P   1547
110,2.413621307146D-2,1.570796326795D0,0D0,2.413621307146D-2,       1735P   1548
2.492779911124D-1,0D0;                                              1735P   1549
126,4,3,0,0,1,0,0D0,0D0,0D0,0D0,4.998953483397D-1,1D0,1D0,1D0,      1737P   1550
1D0,1D0,1D0,1D0,1D0,1D0,2.413621307146D-2,2.492779911124D-1,0D0,    1737P   1551
2.331883347610D-2,2.487494388944D-1,0D0,2.168370879609D-2,          1737P   1552
2.476923099540D-1,0D0,2.004853759205D-2,2.466355746910D-1,0D0,      1737P   1553
1.923076923077D-2,2.461071949310D-1,0D0,0D0,1D0,0D0,0D0,1D0;        1737P   1554
102,7,1725,1727,1729,1731,1733,1735,1737;                           1739P   1555
142,0,1721,1739,1723,1;                                             1741P   1556
144,1721,1,0,1741;                                                  1743P   1557
128,1,1,1,1,0,0,1,0,0,-8.5D-2,-8.5D-2,4.335D0,4.335D0,-1.55D-1,     1745P   1558
-1.55D-1,7.905D0,7.905D0,1D0,1D0,1D0,1D0,-4.03D0,-1.562D0,          1745P   1559
2.21D0,-4.03D0,-1.562D0,-2.21D0,4.03D0,-1.562D0,2.21D0,4.03D0,      1745P   1560
-1.562D0,-2.21D0,-8.5D-2,4.335D0,-1.55D-1,7.905D0;                  1745P   1561
110,3.344D0,-1.562D0,2.125D0,-3.344D0,-1.562D0,2.125D0;             1747P   1562
110,3.875D0,-1.562D0,-1.594D0,3.875D0,-1.562D0,1.594D0;             1749P   1563
102,8,433,1747,705,3,353,871,863,1749;                              1751P   1564
126,13,3,0,0,1,0,0D0,0D0,0D0,0D0,9.091529896897D-2,                 1753P   1565
1.817674667980D-1,2.727273543305D-1,3.635618217439D-1,              1753P   1566
4.545773418833D-1,5.454226581167D-1,6.364381782562D-1,              1753P   1567
7.272726456695D-1,8.182325332020D-1,9.090847010310D-1,1D0,1D0,      1753P   1568
1D0,1D0,1D0,1D0,1D0,1D0,1D0,1D0,1D0,1D0,1D0,1D0,1D0,1D0,1D0,1D0,    1753P   1569
5.31D-1,7.75D0,0D0,5.057208461178D-1,7.750013051979D0,0D0,          1753P   1570
4.551867764333D-1,7.746379213119D0,0D0,3.809026320686D-1,           1753P   1571
7.730230353599D0,0D0,3.096955063743D-1,7.703672514094D0,0D0,        1753P   1572
2.429523502943D-1,7.667233678466D0,0D0,1.821000445591D-1,           1753P   1573
7.621683240806D0,0D0,1.283167591937D-1,7.567899955441D0,0D0,        1753P   1574
8.276632153422D-2,7.507047649706D0,0D0,4.632748590581D-2,           1753P   1575
7.440304493626D0,0D0,1.976964640057D-2,7.369097367931D0,0D0,        1753P   1576
3.620786881097D-3,7.294813223567D0,0D0,-1.305197871702D-5,          1753P   1577
7.244279153882D0,0D0,0D0,7.219D0,0D0,0D0,1D0,0D0,0D0,1D0;           1753P   1578
110,0D0,7.219D0,0D0,0D0,5.31D-1,0D0;                                1755P   1579
126,13,3,0,0,1,0,0D0,0D0,0D0,0D0,9.091529896897D-2,                 1757P   1580
1.817674667980D-1,2.727273543305D-1,3.635618217439D-1,              1757P   1581
4.545773418833D-1,5.454226581167D-1,6.364381782562D-1,              1757P   1582
7.272726456695D-1,8.182325332020D-1,9.090847010310D-1,1D0,1D0,      1757P   1583
1D0,1D0,1D0,1D0,1D0,1D0,1D0,1D0,1D0,1D0,1D0,1D0,1D0,1D0,1D0,1D0,    1757P   1584
0D0,5.31D-1,0D0,-1.305197871738D-5,5.057208461178D-1,0D0,           1757P   1585
3.620786881096D-3,4.551867764333D-1,0D0,1.976964640057D-2,          1757P   1586
3.809026320686D-1,0D0,4.632748590580D-2,3.096955063743D-1,0D0,      1757P   1587
8.276632153422D-2,2.429523502943D-1,0D0,1.283167591937D-1,          1757P   1588
1.821000445591D-1,0D0,1.821000445591D-1,1.283167591937D-1,0D0,      1757P   1589
2.429523502943D-1,8.276632153422D-2,0D0,3.096955063743D-1,          1757P   1590
4.632748590581D-2,0D0,3.809026320686D-1,1.976964640057D-2,0D0,      1757P   1591
4.551867764333D-1,3.620786881097D-3,0D0,5.057208461178D-1,          1757P   1592
-1.305197871693D-5,0D0,5.31D-1,0D0,0D0,0D0,1D0,0D0,0D0,1D0;         1757P   1593
110,5.31D-1,0D0,0D0,3.719D0,0D0,0D0;                                1759P   1594
126,13,3,0,0,1,0,0D0,0D0,0D0,0D0,9.091529896897D-2,                 1761P   1595
1.817674667980D-1,2.727273543305D-1,3.635618217438D-1,              1761P   1596
4.545773418833D-1,5.454226581167D-1,6.364381782562D-1,              1761P   1597
7.272726456695D-1,8.182325332020D-1,9.090847010310D-1,1D0,1D0,      1761P   1598
1D0,1D0,1D0,1D0,1D0,1D0,1D0,1D0,1D0,1D0,1D0,1D0,1D0,1D0,1D0,1D0,    1761P   1599
3.719D0,0D0,0D0,3.744279153882D0,-1.305197871701D-5,0D0,            1761P   1600
3.794813223567D0,3.620786881097D-3,0D0,3.869097367931D0,            1761P   1601
1.976964640057D-2,0D0,3.940304493626D0,4.632748590581D-2,0D0,       1761P   1602
4.007047649706D0,8.276632153422D-2,0D0,4.067899955441D0,            1761P   1603
1.283167591937D-1,0D0,4.121683240806D0,1.821000445591D-1,0D0,       1761P   1604
4.167233678466D0,2.429523502943D-1,0D0,4.203672514094D0,            1761P   1605
3.096955063743D-1,0D0,4.230230353599D0,3.809026320686D-1,0D0,       1761P   1606
4.246379213119D0,4.551867764333D-1,0D0,4.250013051979D0,            1761P   1607
5.057208461178D-1,0D0,4.25D0,5.31D-1,0D0,0D0,1D0,0D0,0D0,1D0;       1761P   1608
110,4.25D0,5.31D-1,0D0,4.25D0,7.219D0,0D0;                          1763P   1609
126,13,3,0,0,1,0,0D0,0D0,0D0,0D0,9.091529896897D-2,                 1765P   1610
1.817674667980D-1,2.727273543305D-1,3.635618217438D-1,              1765P   1611
4.545773418833D-1,5.454226581167D-1,6.364381782562D-1,              1765P   1612
7.272726456695D-1,8.182325332020D-1,9.090847010310D-1,1D0,1D0,      1765P   1613
1D0,1D0,1D0,1D0,1D0,1D0,1D0,1D0,1D0,1D0,1D0,1D0,1D0,1D0,1D0,1D0,    1765P   1614
4.25D0,7.219D0,0D0,4.250013051979D0,7.244279153882D0,0D0,           1765P   1615
4.246379213119D0,7.294813223567D0,0D0,4.230230353599D0,             1765P   1616
7.369097367931D0,0D0,4.203672514094D0,7.440304493626D0,0D0,         1765P   1617
4.167233678466D0,7.507047649706D0,0D0,4.121683240806D0,             1765P   1618
7.567899955441D0,0D0,4.067899955441D0,7.621683240806D0,0D0,         1765P   1619
4.007047649706D0,7.667233678466D0,0D0,3.940304493626D0,             1765P   1620
7.703672514094D0,0D0,3.869097367931D0,7.730230353599D0,0D0,         1765P   1621
3.794813223567D0,7.746379213119D0,0D0,3.744279153882D0,             1765P   1622
7.750013051979D0,0D0,3.719D0,7.75D0,0D0,0D0,1D0,0D0,0D0,1D0;        1765P   1623
110,3.719D0,7.75D0,0D0,5.31D-1,7.75D0,0D0;                          1767P   1624
102,8,1753,1755,1757,1759,1761,1763,1765,1767;                      1769P   1625
142,0,1745,1769,1751,1;                                             1771P   1626
102,2,367,371;                                                      1773P   1627
126,11,3,0,0,1,0,0D0,0D0,0D0,0D0,1.111111111111D-1,                 1775P   1628
2.222222222222D-1,3.333333333333D-1,4.444444444444D-1,              1775P   1629
5.555555555556D-1,6.666666666667D-1,7.777777777778D-1,              1775P   1630
8.888888888889D-1,1D0,1D0,1D0,1D0,1D0,1D0,1D0,1D0,1D0,1D0,1D0,      1775P   1631
1D0,1D0,1D0,1D0,1D0,3.013D0,1.3125D0,0D0,3.020290593522D0,          1775P   1632
1.312552182434D0,0D0,3.034805974343D0,1.309911422116D0,0D0,         1775P   1633
3.054000753265D0,1.298866481737D0,0D0,3.068236366231D0,             1775P   1634
1.281889317106D0,0D0,3.075813308230D0,1.261076249840D0,0D0,         1775P   1635
3.075813308230D0,1.238923750160D0,0D0,3.068236366231D0,             1775P   1636
1.218110682894D0,0D0,3.054000753265D0,1.201133518263D0,0D0,         1775P   1637
3.034805974343D0,1.190088577884D0,0D0,3.020290593522D0,             1775P   1638
1.187447817566D0,0D0,3.013D0,1.1875D0,0D0,0D0,1D0,0D0,0D0,1D0;      1775P   1639
126,11,3,0,0,1,0,0D0,0D0,0D0,0D0,1.111111111111D-1,                 1777P   1640
2.222222222222D-1,3.333333333333D-1,4.444444444444D-1,              1777P   1641
5.555555555556D-1,6.666666666667D-1,7.777777777778D-1,              1777P   1642
8.888888888889D-1,1D0,1D0,1D0,1D0,1D0,1D0,1D0,1D0,1D0,1D0,1D0,      1777P   1643
1D0,1D0,1D0,1D0,1D0,3.013D0,1.1875D0,0D0,3.005709406478D0,          1777P   1644
1.187447817566D0,0D0,2.991194025657D0,1.190088577884D0,0D0,         1777P   1645
2.971999246735D0,1.201133518263D0,0D0,2.957763633769D0,             1777P   1646
1.218110682894D0,0D0,2.950186691770D0,1.238923750160D0,0D0,         1777P   1647
2.950186691770D0,1.261076249840D0,0D0,2.957763633769D0,             1777P   1648
1.281889317106D0,0D0,2.971999246735D0,1.298866481737D0,0D0,         1777P   1649
2.991194025657D0,1.309911422116D0,0D0,3.005709406478D0,             1777P   1650
1.312552182434D0,0D0,3.013D0,1.3125D0,0D0,0D0,1D0,0D0,0D0,1D0;      1777P   1651
102,2,1775,1777;                                                    1779P   1652
142,0,1745,1779,1773,1;                                             1781P   1653
102,2,375,379;                                                      1783P   1654
126,11,3,0,0,1,0,0D0,0D0,0D0,0D0,1.111111111111D-1,                 1785P   1655
2.222222222222D-1,3.333333333333D-1,4.444444444444D-1,              1785P   1656
5.555555555556D-1,6.666666666667D-1,7.777777777778D-1,              1785P   1657
8.888888888889D-1,1D0,1D0,1D0,1D0,1D0,1D0,1D0,1D0,1D0,1D0,1D0,      1785P   1658
1D0,1D0,1D0,1D0,1D0,3.013D0,2.8125D0,0D0,3.020290593522D0,          1785P   1659
2.812552182434D0,0D0,3.034805974343D0,2.809911422116D0,0D0,         1785P   1660
3.054000753265D0,2.798866481737D0,0D0,3.068236366231D0,             1785P   1661
2.781889317106D0,0D0,3.075813308230D0,2.761076249840D0,0D0,         1785P   1662
3.075813308230D0,2.738923750160D0,0D0,3.068236366231D0,             1785P   1663
2.718110682894D0,0D0,3.054000753265D0,2.701133518263D0,0D0,         1785P   1664
3.034805974343D0,2.690088577884D0,0D0,3.020290593522D0,             1785P   1665
2.687447817566D0,0D0,3.013D0,2.6875D0,0D0,0D0,1D0,0D0,0D0,1D0;      1785P   1666
126,11,3,0,0,1,0,0D0,0D0,0D0,0D0,1.111111111111D-1,                 1787P   1667
2.222222222222D-1,3.333333333333D-1,4.444444444444D-1,              1787P   1668
5.555555555556D-1,6.666666666667D-1,7.777777777778D-1,              1787P   1669
8.888888888889D-1,1D0,1D0,1D0,1D0,1D0,1D0,1D0,1D0,1D0,1D0,1D0,      1787P   1670
1D0,1D0,1D0,1D0,1D0,3.013D0,2.6875D0,0D0,3.005709406478D0,          1787P   1671
2.687447817566D0,0D0,2.991194025657D0,2.690088577884D0,0D0,         1787P   1672
2.971999246735D0,2.701133518263D0,0D0,2.957763633769D0,             1787P   1673
2.718110682894D0,0D0,2.950186691770D0,2.738923750160D0,0D0,         1787P   1674
2.950186691770D0,2.761076249840D0,0D0,2.957763633769D0,             1787P   1675
2.781889317106D0,0D0,2.971999246735D0,2.798866481737D0,0D0,         1787P   1676
2.991194025657D0,2.809911422116D0,0D0,3.005709406478D0,             1787P   1677
2.812552182434D0,0D0,3.013D0,2.8125D0,0D0,0D0,1D0,0D0,0D0,1D0;      1787P   1678
102,2,1785,1787;                                                    1789P   1679
142,0,1745,1789,1783,1;                                             1791P   1680
102,2,383,387;                                                      1793P   1681
126,11,3,0,0,1,0,0D0,0D0,0D0,0D0,1.111111111111D-1,                 1795P   1682
2.222222222222D-1,3.333333333333D-1,4.444444444444D-1,              1795P   1683
5.555555555556D-1,6.666666666667D-1,7.777777777778D-1,              1795P   1684
8.888888888889D-1,1D0,1D0,1D0,1D0,1D0,1D0,1D0,1D0,1D0,1D0,1D0,      1795P   1685
1D0,1D0,1D0,1D0,1D0,3.013D0,5.0625D0,0D0,3.020290593522D0,          1795P   1686
5.062552182434D0,0D0,3.034805974343D0,5.059911422116D0,0D0,         1795P   1687
3.054000753265D0,5.048866481737D0,0D0,3.068236366231D0,             1795P   1688
5.031889317106D0,0D0,3.075813308230D0,5.011076249840D0,0D0,         1795P   1689
3.075813308230D0,4.988923750160D0,0D0,3.068236366231D0,             1795P   1690
4.968110682894D0,0D0,3.054000753265D0,4.951133518263D0,0D0,         1795P   1691
3.034805974343D0,4.940088577884D0,0D0,3.020290593522D0,             1795P   1692
4.937447817566D0,0D0,3.013D0,4.9375D0,0D0,0D0,1D0,0D0,0D0,1D0;      1795P   1693
126,11,3,0,0,1,0,0D0,0D0,0D0,0D0,1.111111111111D-1,                 1797P   1694
2.222222222222D-1,3.333333333333D-1,4.444444444444D-1,              1797P   1695
5.555555555556D-1,6.666666666667D-1,7.777777777778D-1,              1797P   1696
8.888888888889D-1,1D0,1D0,1D0,1D0,1D0,1D0,1D0,1D0,1D0,1D0,1D0,      1797P   1697
1D0,1D0,1D0,1D0,1D0,3.013D0,4.9375D0,0D0,3.005709406478D0,          1797P   1698
4.937447817566D0,0D0,2.991194025657D0,4.940088577884D0,0D0,         1797P   1699
2.971999246735D0,4.951133518263D0,0D0,2.957763633769D0,             1797P   1700
4.968110682894D0,0D0,2.950186691770D0,4.988923750160D0,0D0,         1797P   1701
2.950186691770D0,5.011076249840D0,0D0,2.957763633769D0,             1797P   1702
5.031889317106D0,0D0,2.971999246735D0,5.048866481737D0,0D0,         1797P   1703
2.991194025657D0,5.059911422116D0,0D0,3.005709406478D0,             1797P   1704
5.062552182434D0,0D0,3.013D0,5.0625D0,0D0,0D0,1D0,0D0,0D0,1D0;      1797P   1705
102,2,1795,1797;                                                    1799P   1706
142,0,1745,1799,1793,1;                                             1801P   1707
102,2,391,395;                                                      1803P   1708
126,11,3,0,0,1,0,0D0,0D0,0D0,0D0,1.111111111111D-1,                 1805P   1709
2.222222222222D-1,3.333333333333D-1,4.444444444444D-1,              1805P   1710
5.555555555556D-1,6.666666666667D-1,7.777777777778D-1,              1805P   1711
8.888888888889D-1,1D0,1D0,1D0,1D0,1D0,1D0,1D0,1D0,1D0,1D0,1D0,      1805P   1712
1D0,1D0,1D0,1D0,1D0,3.013D0,6.5625D0,0D0,3.020290593522D0,          1805P   1713
6.562552182434D0,0D0,3.034805974343D0,6.559911422116D0,0D0,         1805P   1714
3.054000753265D0,6.548866481737D0,0D0,3.068236366231D0,             1805P   1715
6.531889317106D0,0D0,3.075813308230D0,6.511076249840D0,0D0,         1805P   1716
3.075813308230D0,6.488923750160D0,0D0,3.068236366231D0,             1805P   1717
6.468110682894D0,0D0,3.054000753265D0,6.451133518263D0,0D0,         1805P   1718
3.034805974343D0,6.440088577884D0,0D0,3.020290593522D0,             1805P   1719
6.437447817566D0,0D0,3.013D0,6.4375D0,0D0,0D0,1D0,0D0,0D0,1D0;      1805P   1720
126,11,3,0,0,1,0,0D0,0D0,0D0,0D0,1.111111111111D-1,                 1807P   1721
2.222222222222D-1,3.333333333333D-1,4.444444444444D-1,              1807P   1722
5.555555555556D-1,6.666666666667D-1,7.777777777778D-1,              1807P   1723
8.888888888889D-1,1D0,1D0,1D0,1D0,1D0,1D0,1D0,1D0,1D0,1D0,1D0,      1807P   1724
1D0,1D0,1D0,1D0,1D0,3.013D0,6.4375D0,0D0,3.005709406478D0,          1807P   1725
6.437447817566D0,0D0,2.991194025657D0,6.440088577884D0,0D0,         1807P   1726
2.971999246735D0,6.451133518263D0,0D0,2.957763633769D0,             1807P   1727
6.468110682894D0,0D0,2.950186691770D0,6.488923750160D0,0D0,         1807P   1728
2.950186691770D0,6.511076249840D0,0D0,2.957763633769D0,             1807P   1729
6.531889317106D0,0D0,2.971999246735D0,6.548866481737D0,0D0,         1807P   1730
2.991194025657D0,6.559911422116D0,0D0,3.005709406478D0,             1807P   1731
6.562552182434D0,0D0,3.013D0,6.5625D0,0D0,0D0,1D0,0D0,0D0,1D0;      1807P   1732
102,2,1805,1807;                                                    1809P   1733
142,0,1745,1809,1803,1;                                             1811P   1734
102,2,399,403;                                                      1813P   1735
126,11,3,0,0,1,0,0D0,0D0,0D0,0D0,1.111111111111D-1,                 1815P   1736
2.222222222222D-1,3.333333333333D-1,4.444444444444D-1,              1815P   1737
5.555555555556D-1,6.666666666667D-1,7.777777777778D-1,              1815P   1738
8.888888888889D-1,1D0,1D0,1D0,1D0,1D0,1D0,1D0,1D0,1D0,1D0,1D0,      1815P   1739
1D0,1D0,1D0,1D0,1D0,1.237D0,6.5625D0,0D0,1.244290593522D0,          1815P   1740
6.562552182434D0,0D0,1.258805974343D0,6.559911422116D0,0D0,         1815P   1741
1.278000753265D0,6.548866481737D0,0D0,1.292236366231D0,             1815P   1742
6.531889317106D0,0D0,1.299813308230D0,6.511076249840D0,0D0,         1815P   1743
1.299813308230D0,6.488923750160D0,0D0,1.292236366231D0,             1815P   1744
6.468110682894D0,0D0,1.278000753265D0,6.451133518263D0,0D0,         1815P   1745
1.258805974343D0,6.440088577884D0,0D0,1.244290593522D0,             1815P   1746
6.437447817566D0,0D0,1.237D0,6.4375D0,0D0,0D0,1D0,0D0,0D0,1D0;      1815P   1747
126,11,3,0,0,1,0,0D0,0D0,0D0,0D0,1.111111111111D-1,                 1817P   1748
2.222222222222D-1,3.333333333333D-1,4.444444444444D-1,              1817P   1749
5.555555555556D-1,6.666666666667D-1,7.777777777778D-1,              1817P   1750
8.888888888889D-1,1D0,1D0,1D0,1D0,1D0,1D0,1D0,1D0,1D0,1D0,1D0,      1817P   1751
1D0,1D0,1D0,1D0,1D0,1.237D0,6.4375D0,0D0,1.229709406478D0,          1817P   1752
6.437447817566D0,0D0,1.215194025657D0,6.440088577884D0,0D0,         1817P   1753
1.195999246735D0,6.451133518263D0,0D0,1.181763633769D0,             1817P   1754
6.468110682894D0,0D0,1.174186691770D0,6.488923750160D0,0D0,         1817P   1755
1.174186691770D0,6.511076249840D0,0D0,1.181763633769D0,             1817P   1756
6.531889317106D0,0D0,1.195999246735D0,6.548866481737D0,0D0,         1817P   1757
1.215194025657D0,6.559911422116D0,0D0,1.229709406478D0,             1817P   1758
6.562552182434D0,0D0,1.237D0,6.5625D0,0D0,0D0,1D0,0D0,0D0,1D0;      1817P   1759
102,2,1815,1817;                                                    1819P   1760
142,0,1745,1819,1813,1;                                             1821P   1761
102,2,407,411;                                                      1823P   1762
126,11,3,0,0,1,0,0D0,0D0,0D0,0D0,1.111111111111D-1,                 1825P   1763
2.222222222222D-1,3.333333333333D-1,4.444444444444D-1,              1825P   1764
5.555555555556D-1,6.666666666667D-1,7.777777777778D-1,              1825P   1765
8.888888888889D-1,1D0,1D0,1D0,1D0,1D0,1D0,1D0,1D0,1D0,1D0,1D0,      1825P   1766
1D0,1D0,1D0,1D0,1D0,1.237D0,5.0625D0,0D0,1.244290593522D0,          1825P   1767
5.062552182434D0,0D0,1.258805974343D0,5.059911422116D0,0D0,         1825P   1768
1.278000753265D0,5.048866481737D0,0D0,1.292236366231D0,             1825P   1769
5.031889317106D0,0D0,1.299813308230D0,5.011076249840D0,0D0,         1825P   1770
1.299813308230D0,4.988923750160D0,0D0,1.292236366231D0,             1825P   1771
4.968110682894D0,0D0,1.278000753265D0,4.951133518263D0,0D0,         1825P   1772
1.258805974343D0,4.940088577884D0,0D0,1.244290593522D0,             1825P   1773
4.937447817566D0,0D0,1.237D0,4.9375D0,0D0,0D0,1D0,0D0,0D0,1D0;      1825P   1774
126,11,3,0,0,1,0,0D0,0D0,0D0,0D0,1.111111111111D-1,                 1827P   1775
2.222222222222D-1,3.333333333333D-1,4.444444444444D-1,              1827P   1776
5.555555555556D-1,6.666666666667D-1,7.777777777778D-1,              1827P   1777
8.888888888889D-1,1D0,1D0,1D0,1D0,1D0,1D0,1D0,1D0,1D0,1D0,1D0,      1827P   1778
1D0,1D0,1D0,1D0,1D0,1.237D0,4.9375D0,0D0,1.229709406478D0,          1827P   1779
4.937447817566D0,0D0,1.215194025657D0,4.940088577884D0,0D0,         1827P   1780
1.195999246735D0,4.951133518263D0,0D0,1.181763633769D0,             1827P   1781
4.968110682894D0,0D0,1.174186691770D0,4.988923750160D0,0D0,         1827P   1782
1.174186691770D0,5.011076249840D0,0D0,1.181763633769D0,             1827P   1783
5.031889317106D0,0D0,1.195999246735D0,5.048866481737D0,0D0,         1827P   1784
1.215194025657D0,5.059911422116D0,0D0,1.229709406478D0,             1827P   1785
5.062552182434D0,0D0,1.237D0,5.0625D0,0D0,0D0,1D0,0D0,0D0,1D0;      1827P   1786
102,2,1825,1827;                                                    1829P   1787
142,0,1745,1829,1823,1;                                             1831P   1788
102,2,415,419;                                                      1833P   1789
126,11,3,0,0,1,0,0D0,0D0,0D0,0D0,1.111111111111D-1,                 1835P   1790
2.222222222222D-1,3.333333333333D-1,4.444444444444D-1,              1835P   1791
5.555555555556D-1,6.666666666667D-1,7.777777777778D-1,              1835P   1792
8.888888888889D-1,1D0,1D0,1D0,1D0,1D0,1D0,1D0,1D0,1D0,1D0,1D0,      1835P   1793
1D0,1D0,1D0,1D0,1D0,1.237D0,2.8125D0,0D0,1.244290593522D0,          1835P   1794
2.812552182434D0,0D0,1.258805974343D0,2.809911422116D0,0D0,         1835P   1795
1.278000753265D0,2.798866481737D0,0D0,1.292236366231D0,             1835P   1796
2.781889317106D0,0D0,1.299813308230D0,2.761076249840D0,0D0,         1835P   1797
1.299813308230D0,2.738923750160D0,0D0,1.292236366231D0,             1835P   1798
2.718110682894D0,0D0,1.278000753265D0,2.701133518263D0,0D0,         1835P   1799
1.258805974343D0,2.690088577884D0,0D0,1.244290593522D0,             1835P   1800
2.687447817566D0,0D0,1.237D0,2.6875D0,0D0,0D0,1D0,0D0,0D0,1D0;      1835P   1801
126,11,3,0,0,1,0,0D0,0D0,0D0,0D0,1.111111111111D-1,                 1837P   1802
2.222222222222D-1,3.333333333333D-1,4.444444444444D-1,              1837P   1803
5.555555555556D-1,6.666666666667D-1,7.777777777778D-1,              1837P   1804
8.888888888889D-1,1D0,1D0,1D0,1D0,1D0,1D0,1D0,1D0,1D0,1D0,1D0,      1837P   1805
1D0,1D0,1D0,1D0,1D0,1.237D0,2.6875D0,0D0,1.229709406478D0,          1837P   1806
2.687447817566D0,0D0,1.215194025657D0,2.690088577884D0,0D0,         1837P   1807
1.195999246735D0,2.701133518263D0,0D0,1.181763633769D0,             1837P   1808
2.718110682894D0,0D0,1.174186691770D0,2.738923750160D0,0D0,         1837P   1809
1.174186691770D0,2.761076249840D0,0D0,1.181763633769D0,             1837P   1810
2.781889317106D0,0D0,1.195999246735D0,2.798866481737D0,0D0,         1837P   1811
1.215194025657D0,2.809911422116D0,0D0,1.229709406478D0,             1837P   1812
2.812552182434D0,0D0,1.237D0,2.8125D0,0D0,0D0,1D0,0D0,0D0,1D0;      1837P   1813
102,2,1835,1837;                                                    1839P   1814
142,0,1745,1839,1833,1;                                             1841P   1815
102,2,423,427;                                                      1843P   1816
126,11,3,0,0,1,0,0D0,0D0,0D0,0D0,1.111111111111D-1,                 1845P   1817
2.222222222222D-1,3.333333333333D-1,4.444444444444D-1,              1845P   1818
5.555555555556D-1,6.666666666667D-1,7.777777777778D-1,              1845P   1819
8.888888888889D-1,1D0,1D0,1D0,1D0,1D0,1D0,1D0,1D0,1D0,1D0,1D0,      1845P   1820
1D0,1D0,1D0,1D0,1D0,1.237D0,1.3125D0,0D0,1.244290593522D0,          1845P   1821
1.312552182434D0,0D0,1.258805974343D0,1.309911422116D0,0D0,         1845P   1822
1.278000753265D0,1.298866481737D0,0D0,1.292236366231D0,             1845P   1823
1.281889317106D0,0D0,1.299813308230D0,1.261076249840D0,0D0,         1845P   1824
1.299813308230D0,1.238923750160D0,0D0,1.292236366231D0,             1845P   1825
1.218110682894D0,0D0,1.278000753265D0,1.201133518263D0,0D0,         1845P   1826
1.258805974343D0,1.190088577884D0,0D0,1.244290593522D0,             1845P   1827
1.187447817566D0,0D0,1.237D0,1.1875D0,0D0,0D0,1D0,0D0,0D0,1D0;      1845P   1828
126,11,3,0,0,1,0,0D0,0D0,0D0,0D0,1.111111111111D-1,                 1847P   1829
2.222222222222D-1,3.333333333333D-1,4.444444444444D-1,              1847P   1830
5.555555555556D-1,6.666666666667D-1,7.777777777778D-1,              1847P   1831
8.888888888889D-1,1D0,1D0,1D0,1D0,1D0,1D0,1D0,1D0,1D0,1D0,1D0,      1847P   1832
1D0,1D0,1D0,1D0,1D0,1.237D0,1.1875D0,0D0,1.229709406478D0,          1847P   1833
1.187447817566D0,0D0,1.215194025657D0,1.190088577884D0,0D0,         1847P   1834
1.195999246735D0,1.201133518263D0,0D0,1.181763633769D0,             1847P   1835
1.218110682894D0,0D0,1.174186691770D0,1.238923750160D0,0D0,         1847P   1836
1.174186691770D0,1.261076249840D0,0D0,1.181763633769D0,             1847P   1837
1.281889317106D0,0D0,1.195999246735D0,1.298866481737D0,0D0,         1847P   1838
1.215194025657D0,1.309911422116D0,0D0,1.229709406478D0,             1847P   1839
1.312552182434D0,0D0,1.237D0,1.3125D0,0D0,0D0,1D0,0D0,0D0,1D0;      1847P   1840
102,2,1845,1847;                                                    1849P   1841
142,0,1745,1849,1843,1;                                             1851P   1842
144,1745,1,8,1771,1781,1791,1801,1811,1821,1831,1841,1851;          1853P   1843
110,3.344D0,1.563433775056D-2,1.594D0,3.344D0,                      1855P   1844
-9.843656622494D-1,1.594D0;                                         1855P   1845
110,3.875D0,-3.440263104049D-1,1.594D0,3.875D0,                     1857P   1846
-1.585881837051D0,1.594D0;                                          1857P   1847
120,1855,1857,-3.141592653590D-2,1.602212253331D0;                  1859P   1848
124,9.698681732580D-1,2.436303070252D-1,0D0,3.344D0,0D0,0D0,1D0,    1861P   1849
-3.74D-1,2.436303070252D-1,-9.698681732580D-1,0D0,1.594D0;          1861P   1850
100,0D0,0D0,0D0,5.31D-1,0D0,5.15D-1,1.293676930304D-1;              1863P   1851
102,7,337,1863,429,433,435,439,441;                                 1865P   1852
110,1.923076923077D-2,2.461071949310D-1,0D0,2.413621307146D-2,      1867P   1853
2.461071949310D-1,0D0;                                              1867P   1854
110,2.413621307146D-2,2.461071949310D-1,0D0,2.413621307146D-2,      1869P   1855
0D0,0D0;                                                            1869P   1856
110,2.413621307146D-2,0D0,0D0,9.807692307692D-1,0D0,0D0;            1871P   1857
110,9.807692307692D-1,0D0,0D0,9.807692307692D-1,                    1873P   1858
1.570796326795D0,0D0;                                               1873P   1859
110,9.807692307692D-1,1.570796326795D0,0D0,2.413621307146D-2,       1875P   1860
1.570796326795D0,0D0;                                               1875P   1861
110,2.413621307146D-2,1.570796326795D0,0D0,2.413621307146D-2,       1877P   1862
2.492779911124D-1,0D0;                                              1877P   1863
126,4,3,0,0,1,0,0D0,0D0,0D0,0D0,4.998953483398D-1,1D0,1D0,1D0,      1879P   1864
1D0,1D0,1D0,1D0,1D0,1D0,2.413621307146D-2,2.492779911124D-1,0D0,    1879P   1865
2.331883347611D-2,2.487494388944D-1,0D0,2.168370879610D-2,          1879P   1866
2.476923099540D-1,0D0,2.004853759205D-2,2.466355746910D-1,0D0,      1879P   1867
1.923076923077D-2,2.461071949310D-1,0D0,0D0,1D0,0D0,0D0,1D0;        1879P   1868
102,7,1867,1869,1871,1873,1875,1877,1879;                           1881P   1869
142,0,1859,1881,1865,1;                                             1883P   1870
144,1859,1,0,1883;                                                  1885P   1871
128,1,1,1,1,0,0,1,0,0,-1.077095053187D-2,-1.077095053187D-2,        1887P   1872
2.677095053187D-2,2.677095053187D-2,-4.342302400752D0,              1887P   1873
-4.342302400752D0,-7.576975992484D-1,-7.576975992484D-1,1D0,1D0,    1887P   1874
1D0,1D0,3.848229049468D0,-3.74D-1,-1.792302400752D0,                1887P   1875
3.885770950532D0,-3.74D-1,-1.792302400752D0,3.848229049468D0,       1887P   1876
-3.74D-1,1.792302400752D0,3.885770950532D0,-3.74D-1,                1887P   1877
1.792302400752D0,-1.077095053187D-2,2.677095053187D-2,              1887P   1878
-4.342302400752D0,-7.576975992484D-1;                               1887P   1879
102,4,457,445,447,49;                                               1889P   1880
110,1.6D-2,-1.12D0,0D0,1.6D-2,-9.56D-1,0D0;                         1891P   1881
126,4,3,0,0,1,0,0D0,0D0,0D0,0D0,5.010306882244D-1,1D0,1D0,1D0,      1893P   1882
1D0,1D0,1D0,1D0,1D0,1D0,1.6D-2,-9.56D-1,0D0,1.598981696281D-2,      1893P   1883
-9.340646989613D-1,0D0,1.330751215088D-2,-8.906139176229D-1,0D0,    1893P   1884
5.312198184203D-3,-8.478209262271D-1,0D0,0D0,-8.266323069696D-1,    1893P   1885
0D0,0D0,1D0,0D0,0D0,1D0;                                            1893P   1886
110,0D0,-8.266323069696D-1,0D0,0D0,-1.12D0,0D0;                     1895P   1887
110,0D0,-1.12D0,0D0,1.6D-2,-1.12D0,0D0;                             1897P   1888
102,4,1891,1893,1895,1897;                                          1899P   1889
142,0,1887,1899,1889,1;                                             1901P   1890
144,1887,1,0,1901;                                                  1903P   1891
128,1,1,1,1,0,0,1,0,0,-1.077095053187D-2,-1.077095053187D-2,        1905P   1892
2.677095053187D-2,2.677095053187D-2,-4.342302400752D0,              1905P   1893
-4.342302400752D0,-7.576975992484D-1,-7.576975992484D-1,1D0,1D0,    1905P   1894
1D0,1D0,3.848229049468D0,-3.74D-1,-1.792302400752D0,                1905P   1895
3.885770950532D0,-3.74D-1,-1.792302400752D0,3.848229049468D0,       1905P   1896
-3.74D-1,1.792302400752D0,3.885770950532D0,-3.74D-1,                1905P   1897
1.792302400752D0,-1.077095053187D-2,2.677095053187D-2,              1905P   1898
-4.342302400752D0,-7.576975992484D-1;                               1905P   1899
110,3.859D0,-3.74D-1,-3.75D-1,3.875D0,-3.74D-1,-3.75D-1;            1907P   1900
102,4,465,551,449,1907;                                             1909P   1901
110,1.6D-2,-2.925D0,0D0,1.6D-2,-2.175D0,0D0;                        1911P   1902
110,1.6D-2,-2.175D0,0D0,0D0,-2.175D0,0D0;                           1913P   1903
110,0D0,-2.175D0,0D0,0D0,-2.925D0,0D0;                              1915P   1904
110,0D0,-2.925D0,0D0,1.6D-2,-2.925D0,0D0;                           1917P   1905
102,4,1911,1913,1915,1917;                                          1919P   1906
142,0,1905,1919,1909,1;                                             1921P   1907
144,1905,1,0,1921;                                                  1923P   1908
128,1,1,1,1,0,0,1,0,0,-1.077095053187D-2,-1.077095053187D-2,        1925P   1909
2.677095053187D-2,2.677095053187D-2,-4.342302400752D0,              1925P   1910
-4.342302400752D0,-7.576975992484D-1,-7.576975992484D-1,1D0,1D0,    1925P   1911
1D0,1D0,3.848229049468D0,-3.74D-1,-1.792302400752D0,                1925P   1912
3.885770950532D0,-3.74D-1,-1.792302400752D0,3.848229049468D0,       1925P   1913
-3.74D-1,1.792302400752D0,3.885770950532D0,-3.74D-1,                1925P   1914
1.792302400752D0,-1.077095053187D-2,2.677095053187D-2,              1925P   1915
-4.342302400752D0,-7.576975992484D-1;                               1925P   1916
124,9.698681732580D-1,2.436303070252D-1,0D0,3.344D0,0D0,0D0,        1927P   1917
-1D0,-3.74D-1,-2.436303070252D-1,9.698681732580D-1,0D0,-1.594D0;    1927P   1918
100,0D0,0D0,0D0,5.31D-1,0D0,5.15D-1,1.293676930304D-1;              1929P   1919
102,4,473,569,451,1929;                                             1931P   1920
110,1.6D-2,-4.144D0,0D0,1.6D-2,-3.98D0,0D0;                         1933P   1921
110,1.6D-2,-3.98D0,0D0,0D0,-3.98D0,0D0;                             1935P   1922
110,0D0,-3.98D0,0D0,0D0,-4.273367693030D0,0D0;                      1937P   1923
126,4,3,0,0,1,0,0D0,0D0,0D0,0D0,4.989693117755D-1,1D0,1D0,1D0,      1939P   1924
1D0,1D0,1D0,1D0,1D0,1D0,0D0,-4.273367693030D0,0D0,                  1939P   1925
5.312198184203D-3,-4.252179073773D0,0D0,1.330751215088D-2,          1939P   1926
-4.209386082377D0,0D0,1.598981696281D-2,-4.165935301039D0,0D0,      1939P   1927
1.6D-2,-4.144D0,0D0,0D0,1D0,0D0,0D0,1D0;                            1939P   1928
102,4,1933,1935,1937,1939;                                          1941P   1929
142,0,1925,1941,1931,1;                                             1943P   1930
144,1925,1,0,1943;                                                  1945P   1931
128,1,1,1,1,0,0,1,0,0,-1.65776D0,-1.65776D0,1.65776D0,1.65776D0,    1947P   1932
-1.58576D0,-1.58576D0,-3.5024D-1,-3.5024D-1,1D0,1D0,1D0,1D0,        1947P   1933
3.875D0,-1.58576D0,1.65776D0,3.875D0,-1.58576D0,-1.65776D0,         1947P   1934
3.875D0,-3.5024D-1,1.65776D0,3.875D0,-3.5024D-1,-1.65776D0,         1947P   1935
-1.65776D0,1.65776D0,-1.58576D0,-3.5024D-1;                         1947P   1936
110,3.875D0,-1D0,1.43D0,3.875D0,-3.74D-1,1.43D0;                    1949P   1937
102,16,457,429,475,865,473,471,713,469,765,467,465,463,539,461,     1951P   1938
487,1949;                                                           1951P   1939
110,-1.43D0,-3.74D-1,0D0,-1.594D0,-3.74D-1,0D0;                     1953P   1940
110,-1.594D0,-3.74D-1,0D0,-1.594D0,-1.562D0,0D0;                    1955P   1941
110,-1.594D0,-1.562D0,0D0,1.594D0,-1.562D0,0D0;                     1957P   1942
110,1.594D0,-1.562D0,0D0,1.594D0,-3.74D-1,0D0;                      1959P   1943
110,1.594D0,-3.74D-1,0D0,1.43D0,-3.74D-1,0D0;                       1961P   1944
110,1.43D0,-3.74D-1,0D0,1.43D0,-1D0,0D0;                            1963P   1945
126,10,3,0,0,1,0,0D0,0D0,0D0,0D0,1.25D-1,2.5D-1,3.75D-1,5D-1,       1965P   1946
6.25D-1,7.5D-1,8.75D-1,1D0,1D0,1D0,1D0,1D0,1D0,1D0,1D0,1D0,1D0,     1965P   1947
1D0,1D0,1D0,1D0,1D0,1.43D0,-1D0,0D0,1.430005409218D0,               1965P   1948
-1.004058930748D0,0D0,1.429198161344D0,-1.012173071152D0,0D0,       1965P   1949
1.425650445779D0,-1.023879454635D0,0D0,1.419883241636D0,            1965P   1950
-1.034667347149D0,0D0,1.412123283454D0,-1.044123283454D0,0D0,       1965P   1951
1.402667347149D0,-1.051883241636D0,0D0,1.391879454635D0,            1965P   1952
-1.057650445779D0,0D0,1.380173071152D0,-1.061198161344D0,0D0,       1965P   1953
1.372058930748D0,-1.062005409218D0,0D0,1.368D0,-1.062D0,0D0,0D0,    1965P   1954
1D0,0D0,0D0,1D0;                                                    1965P   1955
110,1.368D0,-1.062D0,0D0,4.37D-1,-1.062D0,0D0;                      1967P   1956
126,10,3,0,0,1,0,0D0,0D0,0D0,0D0,1.25D-1,2.5D-1,3.75D-1,5D-1,       1969P   1957
6.25D-1,7.5D-1,8.75D-1,1D0,1D0,1D0,1D0,1D0,1D0,1D0,1D0,1D0,1D0,     1969P   1958
1D0,1D0,1D0,1D0,1D0,4.37D-1,-1.062D0,0D0,4.329410692517D-1,         1969P   1959
-1.062005409218D0,0D0,4.248269288478D-1,-1.061198161344D0,0D0,      1969P   1960
4.131205453652D-1,-1.057650445779D0,0D0,4.023326528514D-1,          1969P   1961
-1.051883241636D0,0D0,3.928767165458D-1,-1.044123283454D0,0D0,      1969P   1962
3.851167583641D-1,-1.034667347149D0,0D0,3.793495542214D-1,          1969P   1963
-1.023879454635D0,0D0,3.758018386559D-1,-1.012173071152D0,0D0,      1969P   1964
3.749945907818D-1,-1.004058930748D0,0D0,3.75D-1,-1D0,0D0,0D0,       1969P   1965
1D0,0D0,0D0,1D0;                                                    1969P   1966
110,3.75D-1,-1D0,0D0,3.75D-1,-3.74D-1,0D0;                          1971P   1967
110,3.75D-1,-3.74D-1,0D0,-3.75D-1,-3.74D-1,0D0;                     1973P   1968
110,-3.75D-1,-3.74D-1,0D0,-3.75D-1,-1D0,0D0;                        1975P   1969
126,10,3,0,0,1,0,0D0,0D0,0D0,0D0,1.25D-1,2.5D-1,3.75D-1,5D-1,       1977P   1970
6.25D-1,7.5D-1,8.75D-1,1D0,1D0,1D0,1D0,1D0,1D0,1D0,1D0,1D0,1D0,     1977P   1971
1D0,1D0,1D0,1D0,1D0,-3.75D-1,-1D0,0D0,-3.749945907818D-1,           1977P   1972
-1.004058930748D0,0D0,-3.758018386559D-1,-1.012173071152D0,0D0,     1977P   1973
-3.793495542214D-1,-1.023879454635D0,0D0,-3.851167583641D-1,        1977P   1974
-1.034667347149D0,0D0,-3.928767165458D-1,-1.044123283454D0,0D0,     1977P   1975
-4.023326528514D-1,-1.051883241636D0,0D0,-4.131205453652D-1,        1977P   1976
-1.057650445779D0,0D0,-4.248269288478D-1,-1.061198161344D0,0D0,     1977P   1977
-4.329410692517D-1,-1.062005409218D0,0D0,-4.37D-1,-1.062D0,0D0,     1977P   1978
0D0,1D0,0D0,0D0,1D0;                                                1977P   1979
110,-4.37D-1,-1.062D0,0D0,-1.368D0,-1.062D0,0D0;                    1979P   1980
126,10,3,0,0,1,0,0D0,0D0,0D0,0D0,1.25D-1,2.5D-1,3.75D-1,5D-1,       1981P   1981
6.25D-1,7.5D-1,8.75D-1,1D0,1D0,1D0,1D0,1D0,1D0,1D0,1D0,1D0,1D0,     1981P   1982
1D0,1D0,1D0,1D0,1D0,-1.368D0,-1.062D0,0D0,-1.372058930748D0,        1981P   1983
-1.062005409218D0,0D0,-1.380173071152D0,-1.061198161344D0,0D0,      1981P   1984
-1.391879454635D0,-1.057650445779D0,0D0,-1.402667347149D0,          1981P   1985
-1.051883241636D0,0D0,-1.412123283454D0,-1.044123283454D0,0D0,      1981P   1986
-1.419883241636D0,-1.034667347149D0,0D0,-1.425650445779D0,          1981P   1987
-1.023879454635D0,0D0,-1.429198161344D0,-1.012173071152D0,0D0,      1981P   1988
-1.430005409218D0,-1.004058930748D0,0D0,-1.43D0,-1D0,0D0,0D0,       1981P   1989
1D0,0D0,0D0,1D0;                                                    1981P   1990
110,-1.43D0,-1D0,0D0,-1.43D0,-3.74D-1,0D0;                          1983P   1991
102,16,1953,1955,1957,1959,1961,1963,1965,1967,1969,1971,1973,      1985P   1992
1975,1977,1979,1981,1983;                                           1985P   1993
142,0,1947,1985,1951,1;                                             1987P   1994
144,1947,1,0,1987;                                                  1989P   1995
110,-3.887000513043D0,-1D0,1.368D0,-2.887000513043D0,-1D0,          1991P   1996
1.368D0;                                                            1991P   1997
110,-4.03D0,-1D0,1.43D0,4.03D0,-1D0,1.43D0;                         1993P   1998
120,1991,1993,-1.737250085786D-1,1.744521335373D0;                  1995P   1999
124,0D0,0D0,1D0,3.875D0,0D0,-1D0,0D0,-1D0,1D0,0D0,0D0,1.368D0;      1997P   2000
100,0D0,0D0,0D0,6.2D-2,0D0,0D0,6.2D-2;                              1999P   2001
110,3.875D0,-1.062D0,1.368D0,-3.875D0,-1.062D0,1.368D0;             2001P   2002
102,4,477,1999,2001,481;                                            2003P   2003
110,1.923076923077D-2,0D0,0D0,9.807692307692D-1,0D0,0D0;            2005P   2004
110,9.807692307692D-1,0D0,0D0,9.807692307692D-1,                    2007P   2005
1.570796326795D0,0D0;                                               2007P   2006
110,9.807692307692D-1,1.570796326795D0,0D0,1.923076923077D-2,       2009P   2007
1.570796326795D0,0D0;                                               2009P   2008
110,1.923076923077D-2,1.570796326795D0,0D0,1.923076923077D-2,       2011P   2009
0D0,0D0;                                                            2011P   2010
102,4,2005,2007,2009,2011;                                          2013P   2011
142,0,1995,2013,2003,1;                                             2015P   2012
144,1995,1,0,2015;                                                  2017P   2013
128,1,1,1,1,0,0,1,0,0,4.338D-2,4.338D-2,1.01162D0,1.01162D0,        2019P   2014
-8.68D0,-8.68D0,-6.2D-1,-6.2D-1,1D0,1D0,1D0,1D0,-4.03D0,            2019P   2015
-1.062D0,4.1838D-1,-4.03D0,-1.062D0,1.38662D0,4.03D0,-1.062D0,      2019P   2016
4.1838D-1,4.03D0,-1.062D0,1.38662D0,4.338D-2,1.01162D0,-8.68D0,     2019P   2017
-6.2D-1;                                                            2019P   2018
110,3.875D0,-1.062D0,4.37D-1,-3.875D0,-1.062D0,4.37D-1;             2021P   2019
110,3.875D0,-1.062D0,1.368D0,3.875D0,-1.062D0,4.37D-1;              2023P   2020
102,4,2021,17,483,2023;                                             2025P   2021
110,6.2D-2,-7.75D-1,0D0,6.2D-2,-8.525D0,0D0;                        2027P   2022
110,6.2D-2,-8.525D0,0D0,9.93D-1,-8.525D0,0D0;                       2029P   2023
110,9.93D-1,-8.525D0,0D0,9.93D-1,-7.75D-1,0D0;                      2031P   2024
110,9.93D-1,-7.75D-1,0D0,6.2D-2,-7.75D-1,0D0;                       2033P   2025
102,4,2027,2029,2031,2033;                                          2035P   2026
142,0,2019,2035,2025,1;                                             2037P   2027
124,-1D0,0D0,0D0,2.625D0,0D0,0D0,-1D0,-1.062D0,0D0,-1D0,0D0,        2039P   2028
8.88D-1;                                                            2039P   2029
100,0D0,0D0,0D0,6.25D-2,0D0,-6.25D-2,0D0;                           2041P   2030
124,1D0,0D0,0D0,2.625D0,0D0,0D0,-1D0,-1.062D0,0D0,1D0,0D0,          2043P   2031
8.88D-1;                                                            2043P   2032
100,0D0,0D0,0D0,6.25D-2,0D0,-6.25D-2,0D0;                           2045P   2033
102,2,2041,2045;                                                    2047P   2034
126,11,3,0,0,1,0,0D0,0D0,0D0,0D0,1.111111111111D-1,                 2049P   2035
2.222222222222D-1,3.333333333333D-1,4.444444444444D-1,              2049P   2036
5.555555555556D-1,6.666666666667D-1,7.777777777778D-1,              2049P   2037
8.888888888889D-1,1D0,1D0,1D0,1D0,1D0,1D0,1D0,1D0,1D0,1D0,1D0,      2049P   2038
1D0,1D0,1D0,1D0,1D0,5.13D-1,-2.0875D0,0D0,5.057094064784D-1,        2049P   2039
-2.087552182434D0,0D0,4.911940256571D-1,-2.084911422116D0,0D0,      2049P   2040
4.719992467354D-1,-2.073866481737D0,0D0,4.577636337688D-1,          2049P   2041
-2.056889317106D0,0D0,4.501866917703D-1,-2.036076249840D0,0D0,      2049P   2042
4.501866917703D-1,-2.013923750160D0,0D0,4.577636337688D-1,          2049P   2043
-1.993110682894D0,0D0,4.719992467354D-1,-1.976133518263D0,0D0,      2049P   2044
4.911940256571D-1,-1.965088577884D0,0D0,5.057094064784D-1,          2049P   2045
-1.962447817566D0,0D0,5.13D-1,-1.9625D0,0D0,0D0,1D0,0D0,0D0,1D0;    2049P   2046
126,11,3,0,0,1,0,0D0,0D0,0D0,0D0,1.111111111111D-1,                 2051P   2047
2.222222222222D-1,3.333333333333D-1,4.444444444444D-1,              2051P   2048
5.555555555556D-1,6.666666666667D-1,7.777777777778D-1,              2051P   2049
8.888888888889D-1,1D0,1D0,1D0,1D0,1D0,1D0,1D0,1D0,1D0,1D0,1D0,      2051P   2050
1D0,1D0,1D0,1D0,1D0,5.13D-1,-1.9625D0,0D0,5.202905935216D-1,        2051P   2051
-1.962447817566D0,0D0,5.348059743429D-1,-1.965088577884D0,0D0,      2051P   2052
5.540007532646D-1,-1.976133518263D0,0D0,5.682363662312D-1,          2051P   2053
-1.993110682894D0,0D0,5.758133082297D-1,-2.013923750160D0,0D0,      2051P   2054
5.758133082297D-1,-2.036076249840D0,0D0,5.682363662312D-1,          2051P   2055
-2.056889317106D0,0D0,5.540007532646D-1,-2.073866481737D0,0D0,      2051P   2056
5.348059743429D-1,-2.084911422116D0,0D0,5.202905935216D-1,          2051P   2057
-2.087552182434D0,0D0,5.13D-1,-2.0875D0,0D0,0D0,1D0,0D0,0D0,1D0;    2051P   2058
102,2,2049,2051;                                                    2053P   2059
142,0,2019,2053,2047,1;                                             2055P   2060
124,-1D0,0D0,0D0,1.125D0,0D0,0D0,-1D0,-1.062D0,0D0,-1D0,0D0,        2057P   2061
8.88D-1;                                                            2057P   2062
100,0D0,0D0,0D0,6.25D-2,0D0,-6.25D-2,0D0;                           2059P   2063
124,1D0,0D0,0D0,1.125D0,0D0,0D0,-1D0,-1.062D0,0D0,1D0,0D0,          2061P   2064
8.88D-1;                                                            2061P   2065
100,0D0,0D0,0D0,6.25D-2,0D0,-6.25D-2,0D0;                           2063P   2066
102,2,2059,2063;                                                    2065P   2067
126,11,3,0,0,1,0,0D0,0D0,0D0,0D0,1.111111111111D-1,                 2067P   2068
2.222222222222D-1,3.333333333333D-1,4.444444444444D-1,              2067P   2069
5.555555555556D-1,6.666666666667D-1,7.777777777778D-1,              2067P   2070
8.888888888889D-1,1D0,1D0,1D0,1D0,1D0,1D0,1D0,1D0,1D0,1D0,1D0,      2067P   2071
1D0,1D0,1D0,1D0,1D0,5.13D-1,-3.5875D0,0D0,5.057094064784D-1,        2067P   2072
-3.587552182434D0,0D0,4.911940256571D-1,-3.584911422116D0,0D0,      2067P   2073
4.719992467354D-1,-3.573866481737D0,0D0,4.577636337688D-1,          2067P   2074
-3.556889317106D0,0D0,4.501866917703D-1,-3.536076249840D0,0D0,      2067P   2075
4.501866917703D-1,-3.513923750160D0,0D0,4.577636337688D-1,          2067P   2076
-3.493110682894D0,0D0,4.719992467354D-1,-3.476133518263D0,0D0,      2067P   2077
4.911940256571D-1,-3.465088577884D0,0D0,5.057094064784D-1,          2067P   2078
-3.462447817566D0,0D0,5.13D-1,-3.4625D0,0D0,0D0,1D0,0D0,0D0,1D0;    2067P   2079
126,11,3,0,0,1,0,0D0,0D0,0D0,0D0,1.111111111111D-1,                 2069P   2080
2.222222222222D-1,3.333333333333D-1,4.444444444444D-1,              2069P   2081
5.555555555556D-1,6.666666666667D-1,7.777777777778D-1,              2069P   2082
8.888888888889D-1,1D0,1D0,1D0,1D0,1D0,1D0,1D0,1D0,1D0,1D0,1D0,      2069P   2083
1D0,1D0,1D0,1D0,1D0,5.13D-1,-3.4625D0,0D0,5.202905935216D-1,        2069P   2084
-3.462447817566D0,0D0,5.348059743429D-1,-3.465088577884D0,0D0,      2069P   2085
5.540007532646D-1,-3.476133518263D0,0D0,5.682363662312D-1,          2069P   2086
-3.493110682894D0,0D0,5.758133082297D-1,-3.513923750160D0,0D0,      2069P   2087
5.758133082297D-1,-3.536076249840D0,0D0,5.682363662312D-1,          2069P   2088
-3.556889317106D0,0D0,5.540007532646D-1,-3.573866481737D0,0D0,      2069P   2089
5.348059743429D-1,-3.584911422116D0,0D0,5.202905935216D-1,          2069P   2090
-3.587552182434D0,0D0,5.13D-1,-3.5875D0,0D0,0D0,1D0,0D0,0D0,1D0;    2069P   2091
102,2,2067,2069;                                                    2071P   2092
142,0,2019,2071,2065,1;                                             2073P   2093
124,-1D0,0D0,0D0,-1.125D0,0D0,0D0,-1D0,-1.062D0,0D0,-1D0,0D0,       2075P   2094
8.88D-1;                                                            2075P   2095
100,0D0,0D0,0D0,6.25D-2,0D0,-6.25D-2,0D0;                           2077P   2096
124,1D0,0D0,0D0,-1.125D0,0D0,0D0,-1D0,-1.062D0,0D0,1D0,0D0,         2079P   2097
8.88D-1;                                                            2079P   2098
100,0D0,0D0,0D0,6.25D-2,0D0,-6.25D-2,0D0;                           2081P   2099
102,2,2077,2081;                                                    2083P   2100
126,11,3,0,0,1,0,0D0,0D0,0D0,0D0,1.111111111111D-1,                 2085P   2101
2.222222222222D-1,3.333333333333D-1,4.444444444444D-1,              2085P   2102
5.555555555556D-1,6.666666666667D-1,7.777777777778D-1,              2085P   2103
8.888888888889D-1,1D0,1D0,1D0,1D0,1D0,1D0,1D0,1D0,1D0,1D0,1D0,      2085P   2104
1D0,1D0,1D0,1D0,1D0,5.13D-1,-5.8375D0,0D0,5.057094064784D-1,        2085P   2105
-5.837552182434D0,0D0,4.911940256571D-1,-5.834911422116D0,0D0,      2085P   2106
4.719992467354D-1,-5.823866481737D0,0D0,4.577636337688D-1,          2085P   2107
-5.806889317106D0,0D0,4.501866917703D-1,-5.786076249840D0,0D0,      2085P   2108
4.501866917703D-1,-5.763923750160D0,0D0,4.577636337688D-1,          2085P   2109
-5.743110682894D0,0D0,4.719992467354D-1,-5.726133518263D0,0D0,      2085P   2110
4.911940256571D-1,-5.715088577884D0,0D0,5.057094064784D-1,          2085P   2111
-5.712447817566D0,0D0,5.13D-1,-5.7125D0,0D0,0D0,1D0,0D0,0D0,1D0;    2085P   2112
126,11,3,0,0,1,0,0D0,0D0,0D0,0D0,1.111111111111D-1,                 2087P   2113
2.222222222222D-1,3.333333333333D-1,4.444444444444D-1,              2087P   2114
5.555555555556D-1,6.666666666667D-1,7.777777777778D-1,              2087P   2115
8.888888888889D-1,1D0,1D0,1D0,1D0,1D0,1D0,1D0,1D0,1D0,1D0,1D0,      2087P   2116
1D0,1D0,1D0,1D0,1D0,5.13D-1,-5.7125D0,0D0,5.202905935216D-1,        2087P   2117
-5.712447817566D0,0D0,5.348059743429D-1,-5.715088577884D0,0D0,      2087P   2118
5.540007532646D-1,-5.726133518263D0,0D0,5.682363662312D-1,          2087P   2119
-5.743110682894D0,0D0,5.758133082297D-1,-5.763923750160D0,0D0,      2087P   2120
5.758133082297D-1,-5.786076249840D0,0D0,5.682363662312D-1,          2087P   2121
-5.806889317106D0,0D0,5.540007532646D-1,-5.823866481737D0,0D0,      2087P   2122
5.348059743429D-1,-5.834911422116D0,0D0,5.202905935216D-1,          2087P   2123
-5.837552182434D0,0D0,5.13D-1,-5.8375D0,0D0,0D0,1D0,0D0,0D0,1D0;    2087P   2124
102,2,2085,2087;                                                    2089P   2125
142,0,2019,2089,2083,1;                                             2091P   2126
124,-1D0,0D0,0D0,-2.625D0,0D0,0D0,-1D0,-1.062D0,0D0,-1D0,0D0,       2093P   2127
8.88D-1;                                                            2093P   2128
100,0D0,0D0,0D0,6.25D-2,0D0,-6.25D-2,0D0;                           2095P   2129
124,1D0,0D0,0D0,-2.625D0,0D0,0D0,-1D0,-1.062D0,0D0,1D0,0D0,         2097P   2130
8.88D-1;                                                            2097P   2131
100,0D0,0D0,0D0,6.25D-2,0D0,-6.25D-2,0D0;                           2099P   2132
102,2,2095,2099;                                                    2101P   2133
126,11,3,0,0,1,0,0D0,0D0,0D0,0D0,1.111111111111D-1,                 2103P   2134
2.222222222222D-1,3.333333333333D-1,4.444444444444D-1,              2103P   2135
5.555555555556D-1,6.666666666667D-1,7.777777777778D-1,              2103P   2136
8.888888888889D-1,1D0,1D0,1D0,1D0,1D0,1D0,1D0,1D0,1D0,1D0,1D0,      2103P   2137
1D0,1D0,1D0,1D0,1D0,5.13D-1,-7.3375D0,0D0,5.057094064784D-1,        2103P   2138
-7.337552182434D0,0D0,4.911940256571D-1,-7.334911422116D0,0D0,      2103P   2139
4.719992467354D-1,-7.323866481737D0,0D0,4.577636337688D-1,          2103P   2140
-7.306889317106D0,0D0,4.501866917703D-1,-7.286076249840D0,0D0,      2103P   2141
4.501866917703D-1,-7.263923750160D0,0D0,4.577636337688D-1,          2103P   2142
-7.243110682894D0,0D0,4.719992467354D-1,-7.226133518263D0,0D0,      2103P   2143
4.911940256571D-1,-7.215088577884D0,0D0,5.057094064784D-1,          2103P   2144
-7.212447817566D0,0D0,5.13D-1,-7.2125D0,0D0,0D0,1D0,0D0,0D0,1D0;    2103P   2145
126,11,3,0,0,1,0,0D0,0D0,0D0,0D0,1.111111111111D-1,                 2105P   2146
2.222222222222D-1,3.333333333333D-1,4.444444444444D-1,              2105P   2147
5.555555555556D-1,6.666666666667D-1,7.777777777778D-1,              2105P   2148
8.888888888889D-1,1D0,1D0,1D0,1D0,1D0,1D0,1D0,1D0,1D0,1D0,1D0,      2105P   2149
1D0,1D0,1D0,1D0,1D0,5.13D-1,-7.2125D0,0D0,5.202905935216D-1,        2105P   2150
-7.212447817566D0,0D0,5.348059743429D-1,-7.215088577884D0,0D0,      2105P   2151
5.540007532646D-1,-7.226133518263D0,0D0,5.682363662312D-1,          2105P   2152
-7.243110682894D0,0D0,5.758133082297D-1,-7.263923750160D0,0D0,      2105P   2153
5.758133082297D-1,-7.286076249840D0,0D0,5.682363662312D-1,          2105P   2154
-7.306889317106D0,0D0,5.540007532646D-1,-7.323866481737D0,0D0,      2105P   2155
5.348059743429D-1,-7.334911422116D0,0D0,5.202905935216D-1,          2105P   2156
-7.337552182434D0,0D0,5.13D-1,-7.3375D0,0D0,0D0,1D0,0D0,0D0,1D0;    2105P   2157
102,2,2103,2105;                                                    2107P   2158
142,0,2019,2107,2101,1;                                             2109P   2159
124,-1D0,0D0,0D0,-3.375D0,0D0,0D0,-1D0,-1.062D0,0D0,-1D0,0D0,       2111P   2160
8.88D-1;                                                            2111P   2161
100,0D0,0D0,0D0,1.715D-1,0D0,-1.715D-1,0D0;                         2113P   2162
124,1D0,0D0,0D0,-3.375D0,0D0,0D0,-1D0,-1.062D0,0D0,1D0,0D0,         2115P   2163
8.88D-1;                                                            2115P   2164
100,0D0,0D0,0D0,1.715D-1,0D0,-1.715D-1,0D0;                         2117P   2165
102,2,2113,2117;                                                    2119P   2166
126,13,3,0,0,1,0,0D0,0D0,0D0,0D0,9.090909090909D-2,                 2121P   2167
1.818181818182D-1,2.727272727273D-1,3.636363636364D-1,              2121P   2168
4.545454545455D-1,5.454545454545D-1,6.363636363636D-1,              2121P   2169
7.272727272727D-1,8.181818181818D-1,9.090909090909D-1,1D0,1D0,      2121P   2170
1D0,1D0,1D0,1D0,1D0,1D0,1D0,1D0,1D0,1D0,1D0,1D0,1D0,1D0,1D0,1D0,    2121P   2171
5.13D-1,-8.1965D0,0D0,4.966546071618D-1,-8.196565525703D0,0D0,      2121P   2172
4.640304720345D-1,-8.191774896486D0,0D0,4.190086361466D-1,          2121P   2173
-8.171257843593D0,0D0,3.816155822171D-1,-8.138843614426D0,0D0,      2121P   2174
3.548627229742D-1,-8.097219393934D0,0D0,3.409222026661D-1,          2121P   2175
-8.049740858216D0,0D0,3.409222026661D-1,-8.000259141784D0,0D0,      2121P   2176
3.548627229743D-1,-7.952780606066D0,0D0,3.816155822171D-1,          2121P   2177
-7.911156385574D0,0D0,4.190086361466D-1,-7.878742156407D0,0D0,      2121P   2178
4.640304720345D-1,-7.858225103514D0,0D0,4.966546071618D-1,          2121P   2179
-7.853434474297D0,0D0,5.13D-1,-7.8535D0,0D0,0D0,1D0,0D0,0D0,1D0;    2121P   2180
126,13,3,0,0,1,0,0D0,0D0,0D0,0D0,9.090909090909D-2,                 2123P   2181
1.818181818182D-1,2.727272727273D-1,3.636363636364D-1,              2123P   2182
4.545454545455D-1,5.454545454545D-1,6.363636363636D-1,              2123P   2183
7.272727272727D-1,8.181818181818D-1,9.090909090909D-1,1D0,1D0,      2123P   2184
1D0,1D0,1D0,1D0,1D0,1D0,1D0,1D0,1D0,1D0,1D0,1D0,1D0,1D0,1D0,1D0,    2123P   2185
5.13D-1,-7.8535D0,0D0,5.293453928382D-1,-7.853434474297D0,0D0,      2123P   2186
5.619695279655D-1,-7.858225103514D0,0D0,6.069913638534D-1,          2123P   2187
-7.878742156407D0,0D0,6.443844177829D-1,-7.911156385574D0,0D0,      2123P   2188
6.711372770257D-1,-7.952780606066D0,0D0,6.850777973339D-1,          2123P   2189
-8.000259141784D0,0D0,6.850777973339D-1,-8.049740858216D0,0D0,      2123P   2190
6.711372770258D-1,-8.097219393934D0,0D0,6.443844177829D-1,          2123P   2191
-8.138843614426D0,0D0,6.069913638534D-1,-8.171257843593D0,0D0,      2123P   2192
5.619695279655D-1,-8.191774896486D0,0D0,5.293453928382D-1,          2123P   2193
-8.196565525703D0,0D0,5.13D-1,-8.1965D0,0D0,0D0,1D0,0D0,0D0,1D0;    2123P   2194
102,2,2121,2123;                                                    2125P   2195
142,0,2019,2125,2119,1;                                             2127P   2196
144,2019,1,5,2037,2055,2073,2091,2109,2127;                         2129P   2197
110,-3.887000513043D0,-1D0,4.37D-1,-2.887000513043D0,-1D0,          2131P   2198
4.37D-1;                                                            2131P   2199
110,-4.03D0,-1.062D0,4.37D-1,4.03D0,-1.062D0,4.37D-1;               2133P   2200
120,2131,2133,-1.737250085786D-1,1.744521335373D0;                  2135P   2201
124,0D0,0D0,1D0,3.875D0,-1D0,0D0,0D0,-1D0,0D0,-1D0,0D0,4.37D-1;     2137P   2202
100,0D0,0D0,0D0,6.2D-2,0D0,0D0,6.2D-2;                              2139P   2203
110,3.875D0,-1D0,3.75D-1,-3.875D0,-1D0,3.75D-1;                     2141P   2204
102,4,529,2139,2141,533;                                            2143P   2205
110,1.923076923077D-2,0D0,0D0,9.807692307692D-1,0D0,0D0;            2145P   2206
110,9.807692307692D-1,0D0,0D0,9.807692307692D-1,                    2147P   2207
1.570796326795D0,0D0;                                               2147P   2208
110,9.807692307692D-1,1.570796326795D0,0D0,1.923076923077D-2,       2149P   2209
1.570796326795D0,0D0;                                               2149P   2210
110,1.923076923077D-2,1.570796326795D0,0D0,1.923076923077D-2,       2151P   2211
0D0,0D0;                                                            2151P   2212
102,4,2145,2147,2149,2151;                                          2153P   2213
142,0,2135,2153,2143,1;                                             2155P   2214
144,2135,1,0,2155;                                                  2157P   2215
128,1,1,1,1,0,0,1,0,0,-2D-2,-2D-2,1.02D0,1.02D0,-8.68D0,-8.68D0,    2159P   2216
-6.2D-1,-6.2D-1,1D0,1D0,1D0,1D0,-4.03D0,2D-2,3.75D-1,-4.03D0,       2159P   2217
-1.02D0,3.75D-1,4.03D0,2D-2,3.75D-1,4.03D0,-1.02D0,3.75D-1,         2159P   2218
-2D-2,1.02D0,-8.68D0,-6.2D-1;                                       2159P   2219
110,-3.859D0,-3.74D-1,3.75D-1,-3.875D0,-3.74D-1,3.75D-1;            2161P   2220
110,3.875D0,-1D0,3.75D-1,3.875D0,-3.74D-1,3.75D-1;                  2163P   2221
110,3.859D0,0D0,3.75D-1,3.500106498985D0,0D0,3.75D-1;               2165P   2222
110,-3.500106498985D0,0D0,3.75D-1,-3.859D0,0D0,3.75D-1;             2167P   2223
102,12,541,2161,15,535,2163,551,549,2165,547,545,543,2167;          2169P   2224
110,0D0,-8.509D0,0D0,3.74D-1,-8.509D0,0D0;                          2171P   2225
110,3.74D-1,-8.509D0,0D0,3.74D-1,-8.525D0,0D0;                      2173P   2226
110,3.74D-1,-8.525D0,0D0,1D0,-8.525D0,0D0;                          2175P   2227
110,1D0,-8.525D0,0D0,1D0,-7.75D-1,0D0;                              2177P   2228
110,1D0,-7.75D-1,0D0,3.74D-1,-7.75D-1,0D0;                          2179P   2229
110,3.74D-1,-7.75D-1,0D0,3.74D-1,-7.91D-1,0D0;                      2181P   2230
110,3.74D-1,-7.91D-1,0D0,0D0,-7.91D-1,0D0;                          2183P   2231
110,0D0,-7.91D-1,0D0,0D0,-1.149893501015D0,0D0;                     2185P   2232
110,0D0,-1.149893501015D0,0D0,1.87D-1,-1.2D0,0D0;                   2187P   2233
110,1.87D-1,-1.2D0,0D0,1.87D-1,-8.1D0,0D0;                          2189P   2234
110,1.87D-1,-8.1D0,0D0,0D0,-8.150106498985D0,0D0;                   2191P   2235
110,0D0,-8.150106498985D0,0D0,0D0,-8.509D0,0D0;                     2193P   2236
102,12,2171,2173,2175,2177,2179,2181,2183,2185,2187,2189,2191,      2195P   2237
2193;                                                               2195P   2238
142,0,2159,2195,2169,1;                                             2197P   2239
144,2159,1,0,2197;                                                  2199P   2240
128,1,1,1,1,0,0,1,0,0,-1.077095053187D-2,-1.077095053187D-2,        2201P   2241
2.043675962686D-1,2.043675962686D-1,-4.291889241056D0,              2201P   2242
-4.291889241056D0,-8.081107589440D-1,-8.081107589440D-1,1D0,1D0,    2201P   2243
1D0,1D0,-3.502894226116D0,1.040393929242D-2,-1.741889241056D0,      2201P   2244
-3.447212272868D0,-1.974039392924D-1,-1.741889241056D0,             2201P   2245
-3.502894226116D0,1.040393929242D-2,1.741889241056D0,               2201P   2246
-3.447212272868D0,-1.974039392924D-1,1.741889241056D0,              2201P   2247
-1.077095053187D-2,2.043675962686D-1,-4.291889241056D0,             2201P   2248
-8.081107589440D-1;                                                 2201P   2249
110,-3.45D0,-1.87D-1,-1.674893501015D0,-3.45D0,-1.87D-1,-1.43D0;    2203P   2250
110,-3.45D0,-1.87D-1,-1.43D0,-3.500106498985D0,0D0,-1.43D0;         2205P   2251
102,4,315,347,2203,2205;                                            2207P   2252
110,0D0,-3.98D0,0D0,0D0,-4.174787002031D0,0D0;                      2209P   2253
110,0D0,-4.174787002031D0,0D0,1.935966457367D-1,                    2211P   2254
-4.224893501015D0,0D0;                                              2211P   2255
110,1.935966457367D-1,-4.224893501015D0,0D0,1.935966457367D-1,      2213P   2256
-3.98D0,0D0;                                                        2213P   2257
110,1.935966457367D-1,-3.98D0,0D0,0D0,-3.98D0,0D0;                  2215P   2258
102,4,2209,2211,2213,2215;                                          2217P   2259
142,0,2201,2217,2207,1;                                             2219P   2260
144,2201,1,0,2219;                                                  2221P   2261
128,1,1,1,1,0,0,1,0,0,-1.077095053187D-2,-1.077095053187D-2,        2223P   2262
2.043675962686D-1,2.043675962686D-1,-4.291889241056D0,              2223P   2263
-4.291889241056D0,-8.081107589440D-1,-8.081107589440D-1,1D0,1D0,    2223P   2264
1D0,1D0,-3.502894226116D0,1.040393929242D-2,-1.741889241056D0,      2223P   2265
-3.447212272868D0,-1.974039392924D-1,-1.741889241056D0,             2223P   2266
-3.502894226116D0,1.040393929242D-2,1.741889241056D0,               2223P   2267
-3.447212272868D0,-1.974039392924D-1,1.741889241056D0,              2223P   2268
-1.077095053187D-2,2.043675962686D-1,-4.291889241056D0,             2223P   2269
-8.081107589440D-1;                                                 2223P   2270
110,-3.45D0,-1.87D-1,-3.75D-1,-3.45D0,-1.87D-1,3.75D-1;             2225P   2271
102,4,323,281,2225,543;                                             2227P   2272
110,0D0,-2.175D0,0D0,0D0,-2.925D0,0D0;                              2229P   2273
110,0D0,-2.925D0,0D0,1.935966457367D-1,-2.925D0,0D0;                2231P   2274
110,1.935966457367D-1,-2.925D0,0D0,1.935966457367D-1,-2.175D0,      2233P   2275
0D0;                                                                2233P   2276
110,1.935966457367D-1,-2.175D0,0D0,0D0,-2.175D0,0D0;                2235P   2277
102,4,2229,2231,2233,2235;                                          2237P   2278
142,0,2223,2237,2227,1;                                             2239P   2279
144,2223,1,0,2239;                                                  2241P   2280
128,1,1,1,1,0,0,1,0,0,-1.077095053187D-2,-1.077095053187D-2,        2243P   2281
2.043675962686D-1,2.043675962686D-1,-4.291889241056D0,              2243P   2282
-4.291889241056D0,-8.081107589440D-1,-8.081107589440D-1,1D0,1D0,    2243P   2283
1D0,1D0,-3.502894226116D0,1.040393929242D-2,-1.741889241056D0,      2243P   2284
-3.447212272868D0,-1.974039392924D-1,-1.741889241056D0,             2243P   2285
-3.502894226116D0,1.040393929242D-2,1.741889241056D0,               2243P   2286
-3.447212272868D0,-1.974039392924D-1,1.741889241056D0,              2243P   2287
-1.077095053187D-2,2.043675962686D-1,-4.291889241056D0,             2243P   2288
-8.081107589440D-1;                                                 2243P   2289
110,-3.45D0,-1.87D-1,1.43D0,-3.45D0,-1.87D-1,1.674893501015D0;      2245P   2290
102,4,331,43,2245,643;                                              2247P   2291
110,0D0,-9.252129979692D-1,0D0,0D0,-1.12D0,0D0;                     2249P   2292
110,0D0,-1.12D0,0D0,1.935966457367D-1,-1.12D0,0D0;                  2251P   2293
110,1.935966457367D-1,-1.12D0,0D0,1.935966457367D-1,                2253P   2294
-8.751064989846D-1,0D0;                                             2253P   2295
110,1.935966457367D-1,-8.751064989846D-1,0D0,0D0,                   2255P   2296
-9.252129979692D-1,0D0;                                             2255P   2297
102,4,2249,2251,2253,2255;                                          2257P   2298
142,0,2243,2257,2247,1;                                             2259P   2299
144,2243,1,0,2259;                                                  2261P   2300
128,1,1,1,1,0,0,1,0,0,4.2D-2,4.2D-2,1.082D0,1.082D0,-8.68D0,        2263P   2301
-8.68D0,-6.2D-1,-6.2D-1,1D0,1D0,1D0,1D0,-4.03D0,-1.02D0,-1.43D0,    2263P   2302
-4.03D0,2D-2,-1.43D0,4.03D0,-1.02D0,-1.43D0,4.03D0,2D-2,-1.43D0,    2263P   2303
4.2D-2,1.082D0,-8.68D0,-6.2D-1;                                     2263P   2304
110,3.859D0,-3.74D-1,-1.43D0,3.875D0,-3.74D-1,-1.43D0;              2265P   2305
110,-3.875D0,-1D0,-1.43D0,-3.875D0,-3.74D-1,-1.43D0;                2267P   2306
102,28,587,555,595,557,603,559,611,561,619,563,565,289,567,2265,    2269P   2307
471,709,2267,571,573,317,575,577,815,579,823,581,831,583;           2269P   2308
126,10,3,0,0,1,0,0D0,0D0,0D0,0D0,1.25D-1,2.5D-1,3.75D-1,5D-1,       2271P   2309
6.25D-1,7.5D-1,8.75D-1,1D0,1D0,1D0,1D0,1D0,1D0,1D0,1D0,1D0,1D0,     2271P   2310
1D0,1D0,1D0,1D0,1D0,8.75D-1,-5.4465D0,0D0,8.688886653165D-1,        2271P   2311
-5.446561171578D0,0D0,8.567537047476D-1,-5.444050453462D0,0D0,      2271P   2312
8.412603577789D-1,-5.433744045089D0,0D0,8.309220721858D-1,          2271P   2313
-5.418256158135D0,0D0,8.272889639071D-1,-5.4D0,0D0,                 2271P   2314
8.309220721858D-1,-5.381743841865D0,0D0,8.412603577789D-1,          2271P   2315
-5.366255954911D0,0D0,8.567537047476D-1,-5.355949546538D0,0D0,      2271P   2316
8.688886653165D-1,-5.353438828422D0,0D0,8.75D-1,-5.3535D0,0D0,      2271P   2317
0D0,1D0,0D0,0D0,1D0;                                                2271P   2318
110,8.75D-1,-5.3535D0,0D0,8.75D-1,-3.9465D0,0D0;                    2273P   2319
126,10,3,0,0,1,0,0D0,0D0,0D0,0D0,1.25D-1,2.5D-1,3.75D-1,5D-1,       2275P   2320
6.25D-1,7.5D-1,8.75D-1,1D0,1D0,1D0,1D0,1D0,1D0,1D0,1D0,1D0,1D0,     2275P   2321
1D0,1D0,1D0,1D0,1D0,8.75D-1,-3.9465D0,0D0,8.688886653165D-1,        2275P   2322
-3.946561171578D0,0D0,8.567537047476D-1,-3.944050453462D0,0D0,      2275P   2323
8.412603577789D-1,-3.933744045089D0,0D0,8.309220721858D-1,          2275P   2324
-3.918256158135D0,0D0,8.272889639071D-1,-3.9D0,0D0,                 2275P   2325
8.309220721858D-1,-3.881743841865D0,0D0,8.412603577789D-1,          2275P   2326
-3.866255954911D0,0D0,8.567537047476D-1,-3.855949546538D0,0D0,      2275P   2327
8.688886653165D-1,-3.853438828422D0,0D0,8.75D-1,-3.8535D0,0D0,      2275P   2328
0D0,1D0,0D0,0D0,1D0;                                                2275P   2329
110,8.75D-1,-3.8535D0,0D0,8.75D-1,-3.1965D0,0D0;                    2277P   2330
126,10,3,0,0,1,0,0D0,0D0,0D0,0D0,1.25D-1,2.5D-1,3.75D-1,5D-1,       2279P   2331
6.25D-1,7.5D-1,8.75D-1,1D0,1D0,1D0,1D0,1D0,1D0,1D0,1D0,1D0,1D0,     2279P   2332
1D0,1D0,1D0,1D0,1D0,8.75D-1,-3.1965D0,0D0,8.688886653165D-1,        2279P   2333
-3.196561171578D0,0D0,8.567537047476D-1,-3.194050453462D0,0D0,      2279P   2334
8.412603577789D-1,-3.183744045089D0,0D0,8.309220721858D-1,          2279P   2335
-3.168256158135D0,0D0,8.272889639071D-1,-3.15D0,0D0,                2279P   2336
8.309220721858D-1,-3.131743841865D0,0D0,8.412603577789D-1,          2279P   2337
-3.116255954911D0,0D0,8.567537047476D-1,-3.105949546538D0,0D0,      2279P   2338
8.688886653165D-1,-3.103438828422D0,0D0,8.75D-1,-3.1035D0,0D0,      2279P   2339
0D0,1D0,0D0,0D0,1D0;                                                2279P   2340
110,8.75D-1,-3.1035D0,0D0,8.75D-1,-2.4465D0,0D0;                    2281P   2341
126,10,3,0,0,1,0,0D0,0D0,0D0,0D0,1.25D-1,2.5D-1,3.75D-1,5D-1,       2283P   2342
6.25D-1,7.5D-1,8.75D-1,1D0,1D0,1D0,1D0,1D0,1D0,1D0,1D0,1D0,1D0,     2283P   2343
1D0,1D0,1D0,1D0,1D0,8.75D-1,-2.4465D0,0D0,8.688886653165D-1,        2283P   2344
-2.446561171578D0,0D0,8.567537047476D-1,-2.444050453462D0,0D0,      2283P   2345
8.412603577789D-1,-2.433744045089D0,0D0,8.309220721858D-1,          2283P   2346
-2.418256158135D0,0D0,8.272889639071D-1,-2.4D0,0D0,                 2283P   2347
8.309220721858D-1,-2.381743841865D0,0D0,8.412603577789D-1,          2283P   2348
-2.366255954911D0,0D0,8.567537047476D-1,-2.355949546538D0,0D0,      2283P   2349
8.688886653165D-1,-2.353438828422D0,0D0,8.75D-1,-2.3535D0,0D0,      2283P   2350
0D0,1D0,0D0,0D0,1D0;                                                2283P   2351
110,8.75D-1,-2.3535D0,0D0,8.75D-1,-1.6965D0,0D0;                    2285P   2352
126,10,3,0,0,1,0,0D0,0D0,0D0,0D0,1.25D-1,2.5D-1,3.75D-1,5D-1,       2287P   2353
6.25D-1,7.5D-1,8.75D-1,1D0,1D0,1D0,1D0,1D0,1D0,1D0,1D0,1D0,1D0,     2287P   2354
1D0,1D0,1D0,1D0,1D0,8.75D-1,-1.6965D0,0D0,8.688886653165D-1,        2287P   2355
-1.696561171578D0,0D0,8.567537047476D-1,-1.694050453462D0,0D0,      2287P   2356
8.412603577789D-1,-1.683744045089D0,0D0,8.309220721858D-1,          2287P   2357
-1.668256158135D0,0D0,8.272889639071D-1,-1.65D0,0D0,                2287P   2358
8.309220721858D-1,-1.631743841865D0,0D0,8.412603577789D-1,          2287P   2359
-1.616255954911D0,0D0,8.567537047476D-1,-1.605949546538D0,0D0,      2287P   2360
8.688886653165D-1,-1.603438828422D0,0D0,8.75D-1,-1.6035D0,0D0,      2287P   2361
0D0,1D0,0D0,0D0,1D0;                                                2287P   2362
110,8.75D-1,-1.6035D0,0D0,8.75D-1,-1.2D0,0D0;                       2289P   2363
110,8.75D-1,-1.2D0,0D0,1.062D0,-1.149893501015D0,0D0;               2291P   2364
110,1.062D0,-1.149893501015D0,0D0,1.062D0,-7.91D-1,0D0;             2293P   2365
110,1.062D0,-7.91D-1,0D0,6.88D-1,-7.91D-1,0D0;                      2295P   2366
110,6.88D-1,-7.91D-1,0D0,6.88D-1,-7.75D-1,0D0;                      2297P   2367
110,6.88D-1,-7.75D-1,0D0,6.2D-2,-7.75D-1,0D0;                       2299P   2368
110,6.2D-2,-7.75D-1,0D0,6.2D-2,-8.525D0,0D0;                        2301P   2369
110,6.2D-2,-8.525D0,0D0,6.88D-1,-8.525D0,0D0;                       2303P   2370
110,6.88D-1,-8.525D0,0D0,6.88D-1,-8.509D0,0D0;                      2305P   2371
110,6.88D-1,-8.509D0,0D0,1.062D0,-8.509D0,0D0;                      2307P   2372
110,1.062D0,-8.509D0,0D0,1.062D0,-8.150106498985D0,0D0;             2309P   2373
110,1.062D0,-8.150106498985D0,0D0,8.75D-1,-8.1D0,0D0;               2311P   2374
110,8.75D-1,-8.1D0,0D0,8.75D-1,-7.6965D0,0D0;                       2313P   2375
126,10,3,0,0,1,0,0D0,0D0,0D0,0D0,1.25D-1,2.5D-1,3.75D-1,5D-1,       2315P   2376
6.25D-1,7.5D-1,8.75D-1,1D0,1D0,1D0,1D0,1D0,1D0,1D0,1D0,1D0,1D0,     2315P   2377
1D0,1D0,1D0,1D0,1D0,8.75D-1,-7.6965D0,0D0,8.688886653165D-1,        2315P   2378
-7.696561171578D0,0D0,8.567537047476D-1,-7.694050453462D0,0D0,      2315P   2379
8.412603577789D-1,-7.683744045089D0,0D0,8.309220721858D-1,          2315P   2380
-7.668256158135D0,0D0,8.272889639071D-1,-7.65D0,0D0,                2315P   2381
8.309220721858D-1,-7.631743841865D0,0D0,8.412603577789D-1,          2315P   2382
-7.616255954911D0,0D0,8.567537047476D-1,-7.605949546538D0,0D0,      2315P   2383
8.688886653165D-1,-7.603438828422D0,0D0,8.75D-1,-7.6035D0,0D0,      2315P   2384
0D0,1D0,0D0,0D0,1D0;                                                2315P   2385
110,8.75D-1,-7.6035D0,0D0,8.75D-1,-6.9465D0,0D0;                    2317P   2386
126,10,3,0,0,1,0,0D0,0D0,0D0,0D0,1.25D-1,2.5D-1,3.75D-1,5D-1,       2319P   2387
6.25D-1,7.5D-1,8.75D-1,1D0,1D0,1D0,1D0,1D0,1D0,1D0,1D0,1D0,1D0,     2319P   2388
1D0,1D0,1D0,1D0,1D0,8.75D-1,-6.9465D0,0D0,8.688886653165D-1,        2319P   2389
-6.946561171578D0,0D0,8.567537047476D-1,-6.944050453462D0,0D0,      2319P   2390
8.412603577789D-1,-6.933744045089D0,0D0,8.309220721858D-1,          2319P   2391
-6.918256158135D0,0D0,8.272889639071D-1,-6.9D0,0D0,                 2319P   2392
8.309220721858D-1,-6.881743841865D0,0D0,8.412603577789D-1,          2319P   2393
-6.866255954911D0,0D0,8.567537047476D-1,-6.855949546538D0,0D0,      2319P   2394
8.688886653165D-1,-6.853438828422D0,0D0,8.75D-1,-6.8535D0,0D0,      2319P   2395
0D0,1D0,0D0,0D0,1D0;                                                2319P   2396
110,8.75D-1,-6.8535D0,0D0,8.75D-1,-6.1965D0,0D0;                    2321P   2397
126,10,3,0,0,1,0,0D0,0D0,0D0,0D0,1.25D-1,2.5D-1,3.75D-1,5D-1,       2323P   2398
6.25D-1,7.5D-1,8.75D-1,1D0,1D0,1D0,1D0,1D0,1D0,1D0,1D0,1D0,1D0,     2323P   2399
1D0,1D0,1D0,1D0,1D0,8.75D-1,-6.1965D0,0D0,8.688886653165D-1,        2323P   2400
-6.196561171578D0,0D0,8.567537047476D-1,-6.194050453462D0,0D0,      2323P   2401
8.412603577789D-1,-6.183744045089D0,0D0,8.309220721858D-1,          2323P   2402
-6.168256158135D0,0D0,8.272889639071D-1,-6.15D0,0D0,                2323P   2403
8.309220721858D-1,-6.131743841865D0,0D0,8.412603577789D-1,          2323P   2404
-6.116255954911D0,0D0,8.567537047476D-1,-6.105949546538D0,0D0,      2323P   2405
8.688886653165D-1,-6.103438828422D0,0D0,8.75D-1,-6.1035D0,0D0,      2323P   2406
0D0,1D0,0D0,0D0,1D0;                                                2323P   2407
110,8.75D-1,-6.1035D0,0D0,8.75D-1,-5.4465D0,0D0;                    2325P   2408
102,28,2271,2273,2275,2277,2279,2281,2283,2285,2287,2289,2291,      2327P   2409
2293,2295,2297,2299,2301,2303,2305,2307,2309,2311,2313,2315,        2327P   2410
2317,2319,2321,2323,2325;                                           2327P   2411
142,0,2263,2327,2269,1;                                             2329P   2412
144,2263,1,0,2329;                                                  2331P   2413
110,-7.5D-1,-1.87D-1,-1.4241D0,-7.5D-1,-1.87D-1,-4.241D-1;          2333P   2414
110,-7.5D-1,-1.405D-1,-1.512270950532D0,-7.5D-1,-1.405D-1,          2335P   2415
-1.419229049468D0;                                                  2335P   2416
120,2333,2335,1.339162982023D0,4.944022325156D0;                    2337P   2417
102,4,591,71,587,159;                                               2339P   2418
110,1.157645147909D-1,4.712388980385D0,0D0,1.157645147909D-1,       2341P   2419
1.570796326795D0,0D0;                                               2341P   2420
110,1.157645147909D-1,1.570796326795D0,0D0,8.842354852091D-1,       2343P   2421
1.570796326795D0,0D0;                                               2343P   2422
110,8.842354852091D-1,1.570796326795D0,0D0,8.842354852091D-1,       2345P   2423
4.712388980385D0,0D0;                                               2345P   2424
110,8.842354852091D-1,4.712388980385D0,0D0,1.157645147909D-1,       2347P   2425
4.712388980385D0,0D0;                                               2347P   2426
102,4,2341,2343,2345,2347;                                          2349P   2427
142,0,2337,2349,2339,1;                                             2351P   2428
144,2337,1,0,2351;                                                  2353P   2429
110,-7.5D-1,-1.87D-1,-1.5015D0,-7.5D-1,-1.87D-1,-5.015D-1;          2355P   2430
124,0D0,0D0,1D0,-7.5D-1,0D0,1D0,0D0,-1.87D-1,-1D0,0D0,0D0,          2357P   2431
-1.5015D0;                                                          2357P   2432
100,0D0,0D0,0D0,4.65D-2,0D0,-1.067489115138D-2,                     2359P   2433
4.525811196798D-2;                                                  2359P   2434
120,2355,2359,1.339162982023D0,4.944022325156D0;                    2361P   2435
124,-1D0,0D0,0D0,-7.5D-1,0D0,-1D0,0D0,-1.87D-1,0D0,0D0,1D0,         2363P   2436
-1.5015D0;                                                          2363P   2437
100,0D0,0D0,0D0,4.65D-2,0D0,-4.65D-2,0D0;                           2365P   2438
102,3,167,2365,163;                                                 2367P   2439
110,0D0,1.570796326795D0,0D0,1.570796326795D0,1.570796326795D0,     2369P   2440
0D0;                                                                2369P   2441
110,1.570796326795D0,1.570796326795D0,0D0,1.570796326795D0,         2371P   2442
4.712388980385D0,0D0;                                               2371P   2443
110,1.570796326795D0,4.712388980385D0,0D0,0D0,4.712388980385D0,     2373P   2444
0D0;                                                                2373P   2445
110,0D0,4.712388980385D0,0D0,0D0,1.570796326795D0,0D0;              2375P   2446
102,4,2369,2371,2373,2375;                                          2377P   2447
142,0,2361,2377,2367,1;                                             2379P   2448
144,2361,1,0,2379;                                                  2381P   2449
110,7.5D-1,-1.87D-1,-1.4241D0,7.5D-1,-1.87D-1,-2.4241D0;            2383P   2450
110,7.5D-1,-1.405D-1,-1.419229049468D0,7.5D-1,-1.405D-1,            2385P   2451
-1.512270950532D0;                                                  2385P   2452
120,2383,2385,1.339162982023D0,4.944022325156D0;                    2387P   2453
102,4,595,147,599,157;                                              2389P   2454
110,1.157645147909D-1,4.712388980385D0,0D0,1.157645147909D-1,       2391P   2455
1.570796326795D0,0D0;                                               2391P   2456
110,1.157645147909D-1,1.570796326795D0,0D0,8.842354852091D-1,       2393P   2457
1.570796326795D0,0D0;                                               2393P   2458
110,8.842354852091D-1,1.570796326795D0,0D0,8.842354852091D-1,       2395P   2459
4.712388980385D0,0D0;                                               2395P   2460
110,8.842354852091D-1,4.712388980385D0,0D0,1.157645147909D-1,       2397P   2461
4.712388980385D0,0D0;                                               2397P   2462
102,4,2391,2393,2395,2397;                                          2399P   2463
142,0,2387,2399,2389,1;                                             2401P   2464
144,2387,1,0,2401;                                                  2403P   2465
110,7.5D-1,-1.87D-1,-1.5015D0,7.5D-1,-1.87D-1,-2.5015D0;            2405P   2466
124,0D0,0D0,-1D0,7.5D-1,9.732927304942D-1,2.295675516426D-1,0D0,    2407P   2467
-1.87D-1,2.295675516426D-1,-9.732927304942D-1,0D0,-1.5015D0;        2407P   2468
100,0D0,0D0,0D0,4.65D-2,0D0,-1.067489115138D-2,                     2409P   2469
4.525811196798D-2;                                                  2409P   2470
120,2405,2409,1.339162982023D0,4.944022325156D0;                    2411P   2471
124,-1D0,0D0,0D0,7.5D-1,0D0,-1D0,0D0,-1.87D-1,0D0,0D0,1D0,          2413P   2472
-1.5015D0;                                                          2413P   2473
100,0D0,0D0,0D0,4.65D-2,0D0,-4.65D-2,0D0;                           2415P   2474
102,3,2415,151,155;                                                 2417P   2475
110,2.316333447714D-1,4.712388980385D0,0D0,2.316333447714D-1,       2419P   2476
1.570796326795D0,0D0;                                               2419P   2477
110,2.316333447714D-1,1.570796326795D0,0D0,1.802429671566D0,        2421P   2478
1.570796326795D0,0D0;                                               2421P   2479
110,1.802429671566D0,1.570796326795D0,0D0,1.802429671566D0,         2423P   2480
4.712388980385D0,0D0;                                               2423P   2481
110,1.802429671566D0,4.712388980385D0,0D0,2.316333447714D-1,        2425P   2482
4.712388980385D0,0D0;                                               2425P   2483
102,4,2419,2421,2423,2425;                                          2427P   2484
142,0,2411,2427,2417,1;                                             2429P   2485
144,2411,1,0,2429;                                                  2431P   2486
110,1.5D0,-1.87D-1,-1.4241D0,1.5D0,-1.87D-1,-2.4241D0;              2433P   2487
110,1.5D0,-1.405D-1,-1.419229049468D0,1.5D0,-1.405D-1,              2435P   2488
-1.512270950532D0;                                                  2435P   2489
120,2433,2435,1.339162982023D0,4.944022325156D0;                    2437P   2490
102,4,603,135,607,145;                                              2439P   2491
110,1.157645147909D-1,4.712388980385D0,0D0,1.157645147909D-1,       2441P   2492
1.570796326795D0,0D0;                                               2441P   2493
110,1.157645147909D-1,1.570796326795D0,0D0,8.842354852091D-1,       2443P   2494
1.570796326795D0,0D0;                                               2443P   2495
110,8.842354852091D-1,1.570796326795D0,0D0,8.842354852091D-1,       2445P   2496
4.712388980385D0,0D0;                                               2445P   2497
110,8.842354852091D-1,4.712388980385D0,0D0,1.157645147909D-1,       2447P   2498
4.712388980385D0,0D0;                                               2447P   2499
102,4,2441,2443,2445,2447;                                          2449P   2500
142,0,2437,2449,2439,1;                                             2451P   2501
144,2437,1,0,2451;                                                  2453P   2502
110,1.5D0,-1.87D-1,-1.5015D0,1.5D0,-1.87D-1,-2.5015D0;              2455P   2503
124,0D0,0D0,-1D0,1.5D0,9.732927304942D-1,2.295675516426D-1,0D0,     2457P   2504
-1.87D-1,2.295675516426D-1,-9.732927304942D-1,0D0,-1.5015D0;        2457P   2505
100,0D0,0D0,0D0,4.65D-2,0D0,-1.067489115138D-2,                     2459P   2506
4.525811196798D-2;                                                  2459P   2507
120,2455,2459,1.339162982023D0,4.944022325156D0;                    2461P   2508
124,-1D0,0D0,0D0,1.5D0,0D0,-1D0,0D0,-1.87D-1,0D0,0D0,1D0,           2463P   2509
-1.5015D0;                                                          2463P   2510
100,0D0,0D0,0D0,4.65D-2,0D0,-4.65D-2,0D0;                           2465P   2511
102,3,2465,139,143;                                                 2467P   2512
110,2.316333447714D-1,4.712388980385D0,0D0,2.316333447714D-1,       2469P   2513
1.570796326795D0,0D0;                                               2469P   2514
110,2.316333447714D-1,1.570796326795D0,0D0,1.802429671566D0,        2471P   2515
1.570796326795D0,0D0;                                               2471P   2516
110,1.802429671566D0,1.570796326795D0,0D0,1.802429671566D0,         2473P   2517
4.712388980385D0,0D0;                                               2473P   2518
110,1.802429671566D0,4.712388980385D0,0D0,2.316333447714D-1,        2475P   2519
4.712388980385D0,0D0;                                               2475P   2520
102,4,2469,2471,2473,2475;                                          2477P   2521
142,0,2461,2477,2467,1;                                             2479P   2522
144,2461,1,0,2479;                                                  2481P   2523
110,2.25D0,-1.87D-1,-1.4241D0,2.25D0,-1.87D-1,-2.4241D0;            2483P   2524
110,2.25D0,-1.405D-1,-1.419229049468D0,2.25D0,-1.405D-1,            2485P   2525
-1.512270950532D0;                                                  2485P   2526
120,2483,2485,1.339162982023D0,4.944022325156D0;                    2487P   2527
102,4,611,123,615,133;                                              2489P   2528
110,1.157645147909D-1,4.712388980385D0,0D0,1.157645147909D-1,       2491P   2529
1.570796326795D0,0D0;                                               2491P   2530
110,1.157645147909D-1,1.570796326795D0,0D0,8.842354852091D-1,       2493P   2531
1.570796326795D0,0D0;                                               2493P   2532
110,8.842354852091D-1,1.570796326795D0,0D0,8.842354852091D-1,       2495P   2533
4.712388980385D0,0D0;                                               2495P   2534
110,8.842354852091D-1,4.712388980385D0,0D0,1.157645147909D-1,       2497P   2535
4.712388980385D0,0D0;                                               2497P   2536
102,4,2491,2493,2495,2497;                                          2499P   2537
142,0,2487,2499,2489,1;                                             2501P   2538
144,2487,1,0,2501;                                                  2503P   2539
110,2.25D0,-1.87D-1,-1.5015D0,2.25D0,-1.87D-1,-2.5015D0;            2505P   2540
124,0D0,0D0,-1D0,2.25D0,9.732927304942D-1,2.295675516426D-1,0D0,    2507P   2541
-1.87D-1,2.295675516426D-1,-9.732927304942D-1,0D0,-1.5015D0;        2507P   2542
100,0D0,0D0,0D0,4.65D-2,0D0,-1.067489115138D-2,                     2509P   2543
4.525811196798D-2;                                                  2509P   2544
120,2505,2509,1.339162982023D0,4.944022325156D0;                    2511P   2545
124,-1D0,0D0,0D0,2.25D0,0D0,-1D0,0D0,-1.87D-1,0D0,0D0,1D0,          2513P   2546
-1.5015D0;                                                          2513P   2547
100,0D0,0D0,0D0,4.65D-2,0D0,-4.65D-2,0D0;                           2515P   2548
102,3,2515,127,131;                                                 2517P   2549
110,2.316333447714D-1,4.712388980385D0,0D0,2.316333447714D-1,       2519P   2550
1.570796326795D0,0D0;                                               2519P   2551
110,2.316333447714D-1,1.570796326795D0,0D0,1.802429671566D0,        2521P   2552
1.570796326795D0,0D0;                                               2521P   2553
110,1.802429671566D0,1.570796326795D0,0D0,1.802429671566D0,         2523P   2554
4.712388980385D0,0D0;                                               2523P   2555
110,1.802429671566D0,4.712388980385D0,0D0,2.316333447714D-1,        2525P   2556
4.712388980385D0,0D0;                                               2525P   2557
102,4,2519,2521,2523,2525;                                          2527P   2558
142,0,2511,2527,2517,1;                                             2529P   2559
144,2511,1,0,2529;                                                  2531P   2560
110,3D0,-1.87D-1,-1.4241D0,3D0,-1.87D-1,-2.4241D0;                  2533P   2561
110,3D0,-1.405D-1,-1.419229049468D0,3D0,-1.405D-1,                  2535P   2562
-1.512270950532D0;                                                  2535P   2563
120,2533,2535,1.339162982023D0,4.944022325156D0;                    2537P   2564
102,4,619,111,623,121;                                              2539P   2565
110,1.157645147909D-1,4.712388980385D0,0D0,1.157645147909D-1,       2541P   2566
1.570796326795D0,0D0;                                               2541P   2567
110,1.157645147909D-1,1.570796326795D0,0D0,8.842354852091D-1,       2543P   2568
1.570796326795D0,0D0;                                               2543P   2569
110,8.842354852091D-1,1.570796326795D0,0D0,8.842354852091D-1,       2545P   2570
4.712388980385D0,0D0;                                               2545P   2571
110,8.842354852091D-1,4.712388980385D0,0D0,1.157645147909D-1,       2547P   2572
4.712388980385D0,0D0;                                               2547P   2573
102,4,2541,2543,2545,2547;                                          2549P   2574
142,0,2537,2549,2539,1;                                             2551P   2575
144,2537,1,0,2551;                                                  2553P   2576
110,3D0,-1.87D-1,-1.5015D0,3D0,-1.87D-1,-2.5015D0;                  2555P   2577
124,0D0,0D0,-1D0,3D0,9.732927304942D-1,2.295675516426D-1,0D0,       2557P   2578
-1.87D-1,2.295675516426D-1,-9.732927304942D-1,0D0,-1.5015D0;        2557P   2579
100,0D0,0D0,0D0,4.65D-2,0D0,-1.067489115138D-2,                     2559P   2580
4.525811196798D-2;                                                  2559P   2581
120,2555,2559,1.339162982023D0,4.944022325156D0;                    2561P   2582
124,-1D0,0D0,0D0,3D0,0D0,-1D0,0D0,-1.87D-1,0D0,0D0,1D0,             2563P   2583
-1.5015D0;                                                          2563P   2584
100,0D0,0D0,0D0,4.65D-2,0D0,-4.65D-2,0D0;                           2565P   2585
102,3,2565,115,119;                                                 2567P   2586
110,2.316333447714D-1,4.712388980385D0,0D0,2.316333447714D-1,       2569P   2587
1.570796326795D0,0D0;                                               2569P   2588
110,2.316333447714D-1,1.570796326795D0,0D0,1.802429671566D0,        2571P   2589
1.570796326795D0,0D0;                                               2571P   2590
110,1.802429671566D0,1.570796326795D0,0D0,1.802429671566D0,         2573P   2591
4.712388980385D0,0D0;                                               2573P   2592
110,1.802429671566D0,4.712388980385D0,0D0,2.316333447714D-1,        2575P   2593
4.712388980385D0,0D0;                                               2575P   2594
102,4,2569,2571,2573,2575;                                          2577P   2595
142,0,2561,2577,2567,1;                                             2579P   2596
144,2561,1,0,2579;                                                  2581P   2597
128,1,1,1,1,0,0,1,0,0,-1.077095053187D-2,-1.077095053187D-2,        2583P   2598
2.043675962686D-1,2.043675962686D-1,-4.291889241056D0,              2583P   2599
-4.291889241056D0,-8.081107589440D-1,-8.081107589440D-1,1D0,1D0,    2583P   2600
1D0,1D0,3.447212272868D0,-1.974039392924D-1,-1.741889241056D0,      2583P   2601
3.502894226116D0,1.040393929242D-2,-1.741889241056D0,               2583P   2602
3.447212272868D0,-1.974039392924D-1,1.741889241056D0,               2583P   2603
3.502894226116D0,1.040393929242D-2,1.741889241056D0,                2583P   2604
-1.077095053187D-2,2.043675962686D-1,-4.291889241056D0,             2583P   2605
-8.081107589440D-1;                                                 2583P   2606
110,3.500106498985D0,0D0,-1.43D0,3.45D0,-1.87D-1,-1.43D0;           2585P   2607
110,3.45D0,-1.87D-1,-1.674893501015D0,3.500106498985D0,0D0,         2587P   2608
-1.624787002031D0;                                                  2587P   2609
102,4,291,2585,625,2587;                                            2589P   2610
110,1.935966457367D-1,-4.174787002031D0,0D0,1.935966457367D-1,      2591P   2611
-3.98D0,0D0;                                                        2591P   2612
110,1.935966457367D-1,-3.98D0,0D0,0D0,-3.98D0,0D0;                  2593P   2613
110,0D0,-3.98D0,0D0,0D0,-4.224893501015D0,0D0;                      2595P   2614
110,0D0,-4.224893501015D0,0D0,1.935966457367D-1,                    2597P   2615
-4.174787002031D0,0D0;                                              2597P   2616
102,4,2591,2593,2595,2597;                                          2599P   2617
142,0,2583,2599,2589,1;                                             2601P   2618
144,2583,1,0,2601;                                                  2603P   2619
128,1,1,1,1,0,0,1,0,0,-1.077095053187D-2,-1.077095053187D-2,        2605P   2620
2.043675962686D-1,2.043675962686D-1,-4.291889241056D0,              2605P   2621
-4.291889241056D0,-8.081107589440D-1,-8.081107589440D-1,1D0,1D0,    2605P   2622
1D0,1D0,3.447212272868D0,-1.974039392924D-1,-1.741889241056D0,      2605P   2623
3.502894226116D0,1.040393929242D-2,-1.741889241056D0,               2605P   2624
3.447212272868D0,-1.974039392924D-1,1.741889241056D0,               2605P   2625
3.502894226116D0,1.040393929242D-2,1.741889241056D0,                2605P   2626
-1.077095053187D-2,2.043675962686D-1,-4.291889241056D0,             2605P   2627
-8.081107589440D-1;                                                 2605P   2628
102,4,299,547,627,277;                                              2607P   2629
110,1.935966457367D-1,-2.925D0,0D0,1.935966457367D-1,-2.175D0,      2609P   2630
0D0;                                                                2609P   2631
110,1.935966457367D-1,-2.175D0,0D0,0D0,-2.175D0,0D0;                2611P   2632
110,0D0,-2.175D0,0D0,0D0,-2.925D0,0D0;                              2613P   2633
110,0D0,-2.925D0,0D0,1.935966457367D-1,-2.925D0,0D0;                2615P   2634
102,4,2609,2611,2613,2615;                                          2617P   2635
142,0,2605,2617,2607,1;                                             2619P   2636
144,2605,1,0,2619;                                                  2621P   2637
128,1,1,1,1,0,0,1,0,0,-1.077095053187D-2,-1.077095053187D-2,        2623P   2638
2.043675962686D-1,2.043675962686D-1,-4.291889241056D0,              2623P   2639
-4.291889241056D0,-8.081107589440D-1,-8.081107589440D-1,1D0,1D0,    2623P   2640
1D0,1D0,3.447212272868D0,-1.974039392924D-1,-1.741889241056D0,      2623P   2641
3.502894226116D0,1.040393929242D-2,-1.741889241056D0,               2623P   2642
3.447212272868D0,-1.974039392924D-1,1.741889241056D0,               2623P   2643
3.502894226116D0,1.040393929242D-2,1.741889241056D0,                2623P   2644
-1.077095053187D-2,2.043675962686D-1,-4.291889241056D0,             2623P   2645
-8.081107589440D-1;                                                 2623P   2646
102,4,307,635,629,53;                                               2625P   2647
110,1.935966457367D-1,-1.12D0,0D0,1.935966457367D-1,                2627P   2648
-9.252129979692D-1,0D0;                                             2627P   2649
110,1.935966457367D-1,-9.252129979692D-1,0D0,0D0,                   2629P   2650
-8.751064989846D-1,0D0;                                             2629P   2651
110,0D0,-8.751064989846D-1,0D0,0D0,-1.12D0,0D0;                     2631P   2652
110,0D0,-1.12D0,0D0,1.935966457367D-1,-1.12D0,0D0;                  2633P   2653
102,4,2627,2629,2631,2633;                                          2635P   2654
142,0,2623,2635,2625,1;                                             2637P   2655
144,2623,1,0,2637;                                                  2639P   2656
128,1,1,1,1,0,0,1,0,0,-1.077095053187D-2,-1.077095053187D-2,        2641P   2657
3.979642420052D-1,3.979642420052D-1,-8.66336D0,-8.66336D0,          2641P   2658
-6.3664D-1,-6.3664D-1,1D0,1D0,1D0,1D0,-4.01336D0,                   2641P   2659
1.040393929242D-2,1.621999274899D0,-4.01336D0,                      2641P   2660
-3.844039392924D-1,1.727787727132D0,4.01336D0,1.040393929242D-2,    2641P   2661
1.621999274899D0,4.01336D0,-3.844039392924D-1,1.727787727132D0,     2641P   2662
-1.077095053187D-2,3.979642420052D-1,-8.66336D0,-6.3664D-1;         2641P   2663
126,13,3,0,0,1,0,0D0,0D0,0D0,0D0,9.090909090909D-2,                 2643P   2664
1.818181818182D-1,2.727272727273D-1,3.636363636364D-1,              2643P   2665
4.545454545455D-1,5.454545454545D-1,6.363636363636D-1,              2643P   2666
7.272727272727D-1,8.181818181818D-1,9.090909090909D-1,1D0,1D0,      2643P   2667
1D0,1D0,1D0,1D0,1D0,1D0,1D0,1D0,1D0,1D0,1D0,1D0,1D0,1D0,1D0,1D0,    2643P   2668
2.190219265246D-1,-1.870085315610D-1,1.674942505980D0,              2643P   2669
2.232093522427D-1,-1.870085315610D-1,1.674942505980D0,              2643P   2670
2.314759909294D-1,-1.891169618996D-1,1.675439056911D0,              2643P   2671
2.439035861725D-1,-1.959493161419D-1,1.677297272813D0,              2643P   2672
2.551129069980D-1,-2.066623475109D-1,1.680160454431D0,              2643P   2673
2.653304380915D-1,-2.200276121445D-1,1.683743640140D0,              2643P   2674
2.747012376187D-1,-2.357140161024D-1,1.687946270522D0,              2643P   2675
2.833938703932D-1,-2.535058036716D-1,1.692713707349D0,              2643P   2676
2.915062118290D-1,-2.733312541404D-1,1.698025882819D0,              2643P   2677
2.991047231744D-1,-2.951842277660D-1,1.703881379630D0,              2643P   2678
3.062297692465D-1,-3.191256104435D-1,1.710296451054D0,              2643P   2679
3.128912419098D-1,-3.452256758884D-1,1.717289943257D0,              2643P   2680
3.170219734812D-1,-3.641572060443D-1,1.722362631308D0,3.19D-1,      2643P   2681
-3.74D-1,1.725D0,0D0,1D0,0D0,0D0,1D0;                               2643P   2682
110,3.19D-1,-3.74D-1,1.725D0,3.858587213211D0,-3.74D-1,1.725D0;     2645P   2683
110,3.859D0,0D0,1.624787002031D0,3.500106498985D0,0D0,              2647P   2684
1.624787002031D0;                                                   2647P   2685
102,7,2643,2645,441,637,2647,635,633;                               2649P   2686
126,13,3,0,0,1,0,0D0,0D0,0D0,0D0,5.581142015719D-2,                 2651P   2687
1.176993685043D-1,1.861968893631D-1,2.613535848665D-1,              2651P   2688
3.433497534276D-1,4.324901240412D-1,5.291143363234D-1,              2651P   2689
6.336397875160D-1,7.465871807763D-1,8.685133208706D-1,1D0,1D0,      2651P   2690
1D0,1D0,1D0,1D0,1D0,1D0,1D0,1D0,1D0,1D0,1D0,1D0,1D0,1D0,1D0,1D0,    2651P   2691
1.936143107805D-1,-4.430956146892D0,0D0,1.938335666819D-1,          2651P   2692
-4.426632067658D0,0D0,1.959536185607D-1,-4.417844133140D0,0D0,      2651P   2693
2.033692218171D-1,-4.405500760559D0,0D0,2.145309423371D-1,          2651P   2694
-4.394397662274D0,0D0,2.284490520398D-1,-4.384246519810D0,0D0,      2651P   2695
2.447549859229D-1,-4.374924242075D0,0D0,2.632344908402D-1,          2651P   2696
-4.366269330830D0,0D0,2.838214586298D-1,-4.358186571457D0,0D0,      2651P   2697
3.065167902340D-1,-4.350610686272D0,0D0,3.313733246179D-1,          2651P   2698
-4.343507929273D0,0D0,3.584733192152D-1,-4.336863917347D0,0D0,      2651P   2699
3.773661418555D-1,-4.332911968995D0,0D0,3.871932914734D-1,          2651P   2700
-4.331D0,0D0,0D0,1D0,0D0,0D0,1D0;                                   2651P   2701
110,3.871932914734D-1,-4.331D0,0D0,3.871932914734D-1,               2653P   2702
-7.914127867893D-1,0D0;                                             2653P   2703
126,4,3,0,0,1,0,0D0,0D0,0D0,0D0,4.998953483398D-1,1D0,1D0,1D0,      2655P   2704
1D0,1D0,1D0,1D0,1D0,1D0,3.871932914734D-1,-7.914127867893D-1,       2655P   2705
0D0,3.861424164059D-1,-7.913435465515D-1,0D0,3.840401963748D-1,     2655P   2706
-7.912054939248D-1,0D0,3.819379165294D-1,-7.910683551674D-1,0D0,    2655P   2707
3.808865416398D-1,-7.91D-1,0D0,0D0,1D0,0D0,0D0,1D0;                 2655P   2708
110,3.808865416398D-1,-7.91D-1,0D0,0D0,-7.91D-1,0D0;                2657P   2709
110,0D0,-7.91D-1,0D0,0D0,-1.149893501015D0,0D0;                     2659P   2710
110,0D0,-1.149893501015D0,0D0,1.935966457367D-1,-1.2D0,0D0;         2661P   2711
110,1.935966457367D-1,-1.2D0,0D0,1.936143107805D-1,                 2663P   2712
-4.430956146892D0,0D0;                                              2663P   2713
102,7,2651,2653,2655,2657,2659,2661,2663;                           2665P   2714
142,0,2641,2665,2649,1;                                             2667P   2715
144,2641,1,0,2667;                                                  2669P   2716
128,1,1,1,1,0,0,1,0,0,-1.077095053187D-2,-1.077095053187D-2,        2671P   2717
3.979642420052D-1,3.979642420052D-1,-8.66336D0,-8.66336D0,          2671P   2718
-6.3664D-1,-6.3664D-1,1D0,1D0,1D0,1D0,-4.01336D0,                   2671P   2719
1.040393929242D-2,1.621999274899D0,-4.01336D0,                      2671P   2720
-3.844039392924D-1,1.727787727132D0,4.01336D0,1.040393929242D-2,    2671P   2721
1.621999274899D0,4.01336D0,-3.844039392924D-1,1.727787727132D0,     2671P   2722
-1.077095053187D-2,3.979642420052D-1,-8.66336D0,-6.3664D-1;         2671P   2723
126,13,3,0,0,1,0,0D0,0D0,0D0,0D0,9.090909090909D-2,                 2673P   2724
1.818181818182D-1,2.727272727273D-1,3.636363636364D-1,              2673P   2725
4.545454545455D-1,5.454545454545D-1,6.363636363636D-1,              2673P   2726
7.272727272727D-1,8.181818181818D-1,9.090909090909D-1,1D0,1D0,      2673P   2727
1D0,1D0,1D0,1D0,1D0,1D0,1D0,1D0,1D0,1D0,1D0,1D0,1D0,1D0,1D0,1D0,    2673P   2728
-3.19D-1,-3.74D-1,1.725D0,-3.170221995094D-1,-3.641583307758D-1,    2673P   2729
1.722362932679D0,-3.128919165977D-1,-3.452286603315D-1,             2673P   2730
1.717290742936D0,-3.062310118422D-1,-3.191301898443D-1,             2673P   2731
1.710297678101D0,-2.991063578923D-1,-2.951893503817D-1,             2673P   2732
1.703882752231D0,-2.915081372424D-1,-2.733363753697D-1,             2673P   2733
1.698027255048D0,-2.833957446986D-1,-2.535099364593D-1,             2673P   2734
1.692714814726D0,-2.747025208532D-1,-2.357163295744D-1,             2673P   2735
1.687946890415D0,-2.653306516043D-1,-2.200276055103D-1,             2673P   2736
1.683743638362D0,-2.551107791729D-1,-2.066600746158D-1,             2673P   2737
1.680159845410D0,-2.439022918029D-1,-1.959476655993D-1,             2673P   2738
1.677296830551D0,-2.314661039610D-1,-1.891129039413D-1,             2673P   2739
1.675437969585D0,-2.232050550256D-1,-1.870085315610D-1,             2673P   2740
1.674942505980D0,-2.190219354952D-1,-1.870085315610D-1,             2673P   2741
1.674942505980D0,0D0,1D0,0D0,0D0,1D0;                               2673P   2742
110,-3.500106498985D0,0D0,1.624787002031D0,-3.859D0,0D0,            2675P   2743
1.624787002031D0;                                                   2675P   2744
110,-3.858587213211D0,-3.74D-1,1.725D0,-3.19D-1,-3.74D-1,           2677P   2745
1.725D0;                                                            2677P   2746
102,7,2673,645,643,2675,641,695,2677;                               2679P   2747
126,13,3,0,0,1,0,0D0,0D0,0D0,0D0,1.314737426146D-1,                 2681P   2748
2.533921849518D-1,3.663363620527D-1,4.708617931455D-1,              2681P   2749
5.674902025308D-1,6.566388937600D-1,7.386464401335D-1,              2681P   2750
8.138138437218D-1,8.823165015079D-1,9.442214248811D-1,1D0,1D0,      2681P   2751
1D0,1D0,1D0,1D0,1D0,1D0,1D0,1D0,1D0,1D0,1D0,1D0,1D0,1D0,1D0,1D0,    2681P   2752
3.871932914734D-1,-4.969D0,0D0,3.773671087403D-1,                   2681P   2753
-4.967088220494D0,0D0,3.584758216508D-1,-4.963136619705D0,0D0,      2681P   2754
3.313775619123D-1,-4.956493171345D0,0D0,3.065217747826D-1,          2681P   2755
-4.949390840131D0,0D0,2.838262946831D-1,-4.941815177039D0,0D0,      2681P   2756
2.632383371832D-1,-4.933732338001D0,0D0,2.447570730088D-1,          2681P   2757
-4.925076891973D0,0D0,2.284490470107D-1,-4.915753589735D0,0D0,      2681P   2758
2.145293306488D-1,-4.905601104719D0,0D0,2.033661440798D-1,          2681P   2759
-4.894495867134D0,0D0,1.959523070789D-1,-4.882152204472D0,0D0,      2681P   2760
1.938334989716D-1,-4.873365280128D0,0D0,1.936143107804D-1,          2681P   2761
-4.869043871033D0,0D0,0D0,1D0,0D0,0D0,1D0;                          2681P   2762
110,1.936143107804D-1,-4.869043871033D0,0D0,1.935966457367D-1,      2683P   2763
-8.1D0,0D0;                                                         2683P   2764
110,1.935966457367D-1,-8.1D0,0D0,0D0,-8.150106498985D0,0D0;         2685P   2765
110,0D0,-8.150106498985D0,0D0,0D0,-8.509D0,0D0;                     2687P   2766
110,0D0,-8.509D0,0D0,3.808865416398D-1,-8.509D0,0D0;                2689P   2767
126,4,3,0,0,1,0,0D0,0D0,0D0,0D0,5.001046516602D-1,1D0,1D0,1D0,      2691P   2768
1D0,1D0,1D0,1D0,1D0,1D0,3.808865416398D-1,-8.509D0,0D0,             2691P   2769
3.819379165294D-1,-8.508931644833D0,0D0,3.840401963748D-1,          2691P   2770
-8.508794506075D0,0D0,3.861424164059D-1,-8.508656453448D0,0D0,      2691P   2771
3.871932914734D-1,-8.508587213211D0,0D0,0D0,1D0,0D0,0D0,1D0;        2691P   2772
110,3.871932914734D-1,-8.508587213211D0,0D0,3.871932914734D-1,      2693P   2773
-4.969D0,0D0;                                                       2693P   2774
102,7,2681,2683,2685,2687,2689,2691,2693;                           2695P   2775
142,0,2671,2695,2679,1;                                             2697P   2776
144,2671,1,0,2697;                                                  2699P   2777
110,2.19D-1,0D0,1.8D0,2.19D-1,1D0,1.8D0;                            2701P   2778
110,3.44D-1,-6.977709505319D-1,1.8D0,3.44D-1,-1.766265090897D-1,    2703P   2779
1.8D0;                                                              2703P   2780
120,2701,2703,-8.616760425496D-2,1.656963931050D0;                  2705P   2781
124,0D0,1D0,0D0,2.19D-1,0D0,0D0,-1D0,-6.87D-1,-1D0,0D0,0D0,         2707P   2782
1.8D0;                                                              2707P   2783
100,0D0,0D0,0D0,1.25D-1,0D0,0D0,1.25D-1;                            2709P   2784
102,5,631,693,2709,647,661;                                         2711P   2785
126,13,3,0,0,1,0,0D0,0D0,0D0,0D0,1.315084573470D-1,                 2713P   2786
2.534547921409D-1,3.664208929458D-1,4.709636567514D-1,              2713P   2787
5.676038729599D-1,6.567590079466D-1,7.387687575823D-1,              2713P   2788
8.139379013342D-1,8.824467674784D-1,9.443449663636D-1,1D0,1D0,      2713P   2789
1D0,1D0,1D0,1D0,1D0,1D0,1D0,1D0,1D0,1D0,1D0,1D0,1D0,1D0,1D0,1D0,    2713P   2790
6.212691238458D-1,6.435011087933D-1,0D0,6.394834475298D-1,          2713P   2791
6.689697904573D-1,0D0,6.745007439657D-1,7.192109592207D-1,0D0,      2713P   2792
7.247297930630D-1,7.964485849065D-1,0D0,7.708006008543D-1,          2713P   2793
8.730567336768D-1,0D0,8.128658778801D-1,9.496915174891D-1,0D0,      2713P   2794
8.510227147602D-1,1.027081541226D0,0D0,8.852755847307D-1,           2713P   2795
1.106128321467D0,0D0,9.154927041270D-1,1.187925844039D0,0D0,        2713P   2796
9.413073516811D-1,1.274009576567D0,0D0,9.619373408736D-1,           2713P   2797
1.365732586734D0,0D0,9.758557564390D-1,1.465295925954D0,0D0,        2713P   2798
9.793700549790D-1,1.535947637281D0,0D0,9.793321204730D-1,           2713P   2799
1.570796326795D0,0D0,0D0,1D0,0D0,0D0,1D0;                           2713P   2800
110,9.793321204730D-1,1.570796326795D0,0D0,2.066787952696D-2,       2715P   2801
1.570796326795D0,0D0;                                               2715P   2802
110,2.066787952696D-2,1.570796326795D0,0D0,2.066787952696D-2,       2717P   2803
0D0,0D0;                                                            2717P   2804
110,2.066787952696D-2,0D0,0D0,6.212691238458D-1,0D0,0D0;            2719P   2805
110,6.212691238458D-1,0D0,0D0,6.212691238458D-1,                    2721P   2806
6.435011087933D-1,0D0;                                              2721P   2807
102,5,2713,2715,2717,2719,2721;                                     2723P   2808
142,0,2705,2723,2711,1;                                             2725P   2809
144,2705,1,0,2725;                                                  2727P   2810
128,1,1,1,1,0,0,1,0,0,-1.077095053187D-2,-1.077095053187D-2,        2729P   2811
4.107709505319D-1,4.107709505319D-1,-8.662930701739D0,              2729P   2812
-8.662930701739D0,-6.370692982608D-1,-6.370692982608D-1,1D0,1D0,    2729P   2813
1D0,1D0,-4.012930701739D0,-3.74D-1,1.714229049468D0,                2729P   2814
-4.012930701739D0,-3.74D-1,2.135770950532D0,4.012930701739D0,       2729P   2815
-3.74D-1,1.714229049468D0,4.012930701739D0,-3.74D-1,                2729P   2816
2.135770950532D0,-1.077095053187D-2,4.107709505319D-1,              2729P   2817
-8.662930701739D0,-6.370692982608D-1;                               2729P   2818
124,-1D0,0D0,0D0,-2.19D-1,0D0,0D0,-1D0,-3.74D-1,0D0,-1D0,0D0,       2731P   2819
1.8D0;                                                              2731P   2820
100,0D0,0D0,0D0,1.25D-1,0D0,1D-1,7.5D-2;                            2733P   2821
102,5,649,2733,651,699,673;                                         2735P   2822
110,4D-1,-4.994D0,0D0,7.5D-2,-4.994D0,0D0;                          2737P   2823
126,5,3,0,0,1,0,0D0,0D0,0D0,0D0,3.341710176071D-1,                  2739P   2824
6.670294501803D-1,1D0,1D0,1D0,1D0,1D0,1D0,1D0,1D0,1D0,1D0,          2739P   2825
7.5D-2,-4.994D0,0D0,6.603420297036D-2,-4.994021299892D0,0D0,        2739P   2826
4.815684013360D-2,-4.992062337293D0,0D0,2.257894630395D-2,          2739P   2827
-4.983525372473D0,0D0,7.134018194879D-3,-4.974376904489D0,0D0,      2739P   2828
0D0,-4.969D0,0D0,0D0,1D0,0D0,0D0,1D0;                               2739P   2829
110,0D0,-4.969D0,0D0,0D0,-8.508587213211D0,0D0;                     2741P   2830
126,9,3,0,0,1,0,0D0,0D0,0D0,0D0,1.427606303777D-1,                  2743P   2831
2.859481089462D-1,4.283310589635D-1,5.716689410365D-1,              2743P   2832
7.140518910538D-1,8.572393696223D-1,1D0,1D0,1D0,1D0,1D0,1D0,1D0,    2743P   2833
1D0,1D0,1D0,1D0,1D0,1D0,1D0,0D0,-8.508587213211D0,0D0,              2743P   2834
3.237718910294D-2,-8.500386136805D0,0D0,9.560905981643D-2,          2743P   2835
-8.477698857019D0,0D0,1.823228707381D-1,-8.426621376298D0,0D0,      2743P   2836
2.579957927073D-1,-8.360076783126D0,0D0,3.197285885025D-1,          2743P   2837
-8.280659514746D0,0D0,3.655475037120D-1,-8.190908743114D0,0D0,      2743P   2838
3.936535474624D-1,-8.094274151243D0,0D0,4.000400051214D-1,          2743P   2839
-8.027399677064D0,0D0,4D-1,-7.994D0,0D0,0D0,1D0,0D0,0D0,1D0;        2743P   2840
110,4D-1,-7.994D0,0D0,4D-1,-4.994D0,0D0;                            2745P   2841
102,5,2737,2739,2741,2743,2745;                                     2747P   2842
142,0,2729,2747,2735,1;                                             2749P   2843
144,2729,1,0,2749;                                                  2751P   2844
128,1,1,1,1,0,0,1,0,0,-1.077095053187D-2,-1.077095053187D-2,        2753P   2845
4.107709505319D-1,4.107709505319D-1,-8.662930701739D0,              2753P   2846
-8.662930701739D0,-6.370692982608D-1,-6.370692982608D-1,1D0,1D0,    2753P   2847
1D0,1D0,-4.012930701739D0,-3.74D-1,1.714229049468D0,                2753P   2848
-4.012930701739D0,-3.74D-1,2.135770950532D0,4.012930701739D0,       2753P   2849
-3.74D-1,1.714229049468D0,4.012930701739D0,-3.74D-1,                2753P   2850
2.135770950532D0,-1.077095053187D-2,4.107709505319D-1,              2753P   2851
-8.662930701739D0,-6.370692982608D-1;                               2753P   2852
124,8D-1,6D-1,0D0,2.19D-1,0D0,0D0,-1D0,-3.74D-1,-6D-1,8D-1,0D0,     2755P   2853
1.8D0;                                                              2755P   2854
100,0D0,0D0,0D0,1.25D-1,0D0,1D-1,7.5D-2;                            2757P   2855
102,5,657,671,439,663,2757;                                         2759P   2856
110,7.5D-2,-4.306D0,0D0,4D-1,-4.306D0,0D0;                          2761P   2857
110,4D-1,-4.306D0,0D0,4D-1,-1.306D0,0D0;                            2763P   2858
126,9,3,0,0,1,0,0D0,0D0,0D0,0D0,1.427606303777D-1,                  2765P   2859
2.859481089462D-1,4.283310589635D-1,5.716689410365D-1,              2765P   2860
7.140518910538D-1,8.572393696223D-1,1D0,1D0,1D0,1D0,1D0,1D0,1D0,    2765P   2861
1D0,1D0,1D0,1D0,1D0,1D0,1D0,4D-1,-1.306D0,0D0,4.000400051214D-1,    2765P   2862
-1.272600322936D0,0D0,3.936535474624D-1,-1.205725848757D0,0D0,      2765P   2863
3.655475037120D-1,-1.109091256886D0,0D0,3.197285885025D-1,          2765P   2864
-1.019340485254D0,0D0,2.579957927073D-1,-9.399232168736D-1,0D0,     2765P   2865
1.823228707381D-1,-8.733786237024D-1,0D0,9.560905981643D-2,         2765P   2866
-8.223011429811D-1,0D0,3.237718910294D-2,-7.996138631951D-1,0D0,    2765P   2867
0D0,-7.914127867893D-1,0D0,0D0,1D0,0D0,0D0,1D0;                     2765P   2868
110,0D0,-7.914127867893D-1,0D0,0D0,-4.331D0,0D0;                    2767P   2869
126,5,3,0,0,1,0,0D0,0D0,0D0,0D0,3.329705498197D-1,                  2769P   2870
6.658289823929D-1,1D0,1D0,1D0,1D0,1D0,1D0,1D0,1D0,1D0,1D0,0D0,      2769P   2871
-4.331D0,0D0,7.134018194879D-3,-4.325623095511D0,0D0,               2769P   2872
2.257894630395D-2,-4.316474627527D0,0D0,4.815684013360D-2,          2769P   2873
-4.307937662707D0,0D0,6.603420297036D-2,-4.305978700108D0,0D0,      2769P   2874
7.5D-2,-4.306D0,0D0,0D0,1D0,0D0,0D0,1D0;                            2769P   2875
102,5,2761,2763,2765,2767,2769;                                     2771P   2876
142,0,2753,2771,2759,1;                                             2773P   2877
144,2753,1,0,2773;                                                  2775P   2878
128,1,1,1,1,0,0,1,0,0,-1.077095053187D-2,-1.077095053187D-2,        2777P   2879
3.357709505319D-1,3.357709505319D-1,-6.977709505319D-1,             2777P   2880
-6.977709505319D-1,-3.632290494681D-1,-3.632290494681D-1,1D0,       2777P   2881
1D0,1D0,1D0,-3.44D-1,-6.977709505319D-1,1.789229049468D0,           2777P   2882
-3.44D-1,-6.977709505319D-1,2.135770950532D0,-3.44D-1,              2777P   2883
-3.632290494681D-1,1.789229049468D0,-3.44D-1,-3.632290494681D-1,    2777P   2884
2.135770950532D0,-1.077095053187D-2,3.357709505319D-1,              2777P   2885
-6.977709505319D-1,-3.632290494681D-1;                              2777P   2886
102,4,675,649,665,677;                                              2779P   2887
110,3.25D-1,-6.87D-1,0D0,3.25D-1,-3.74D-1,0D0;                      2781P   2888
110,3.25D-1,-3.74D-1,0D0,0D0,-3.74D-1,0D0;                          2783P   2889
110,0D0,-3.74D-1,0D0,0D0,-6.87D-1,0D0;                              2785P   2890
110,0D0,-6.87D-1,0D0,3.25D-1,-6.87D-1,0D0;                          2787P   2891
102,4,2781,2783,2785,2787;                                          2789P   2892
142,0,2777,2789,2779,1;                                             2791P   2893
144,2777,1,0,2791;                                                  2793P   2894
128,1,1,1,1,0,0,1,0,0,3.5024D-1,3.5024D-1,1.58576D0,1.58576D0,      2795P   2895
3.9724D-1,3.9724D-1,7.35276D0,7.35276D0,1D0,1D0,1D0,1D0,            2795P   2896
-3.47776D0,-3.5024D-1,2.125D0,-3.47776D0,-1.58576D0,2.125D0,        2795P   2897
3.47776D0,-3.5024D-1,2.125D0,3.47776D0,-1.58576D0,2.125D0,          2795P   2898
3.5024D-1,1.58576D0,3.9724D-1,7.35276D0;                            2795P   2899
110,3.44D-1,-6.87D-1,2.125D0,-3.44D-1,-6.87D-1,2.125D0;             2797P   2900
110,-3.44D-1,-3.74D-1,2.125D0,-3.344D0,-3.74D-1,2.125D0;            2799P   2901
110,3.344D0,-3.74D-1,2.125D0,3.44D-1,-3.74D-1,2.125D0;              2801P   2902
102,8,2797,675,2799,701,363,435,2801,669;                           2803P   2903
110,6.87D-1,4.219D0,0D0,6.87D-1,3.531D0,0D0;                        2805P   2904
110,6.87D-1,3.531D0,0D0,3.74D-1,3.531D0,0D0;                        2807P   2905
110,3.74D-1,3.531D0,0D0,3.74D-1,5.31D-1,0D0;                        2809P   2906
110,3.74D-1,5.31D-1,0D0,1.562D0,5.31D-1,0D0;                        2811P   2907
110,1.562D0,5.31D-1,0D0,1.562D0,7.219D0,0D0;                        2813P   2908
110,1.562D0,7.219D0,0D0,3.74D-1,7.219D0,0D0;                        2815P   2909
110,3.74D-1,7.219D0,0D0,3.74D-1,4.219D0,0D0;                        2817P   2910
110,3.74D-1,4.219D0,0D0,6.87D-1,4.219D0,0D0;                        2819P   2911
102,8,2805,2807,2809,2811,2813,2815,2817,2819;                      2821P   2912
142,0,2795,2821,2803,1;                                             2823P   2913
144,2795,1,0,2823;                                                  2825P   2914
128,1,1,1,1,0,0,1,0,0,-3.5776D-1,-3.5776D-1,3.5776D-1,3.5776D-1,    2827P   2915
-2.135770950532D0,-2.135770950532D0,-1.664229049468D0,              2827P   2916
-1.664229049468D0,1D0,1D0,1D0,1D0,-3.5776D-1,-6.87D-1,              2827P   2917
2.135770950532D0,3.5776D-1,-6.87D-1,2.135770950532D0,-3.5776D-1,    2827P   2918
-6.87D-1,1.664229049468D0,3.5776D-1,-6.87D-1,1.664229049468D0,      2827P   2919
-3.5776D-1,3.5776D-1,-2.135770950532D0,-1.664229049468D0;           2827P   2920
102,6,667,689,687,683,681,677;                                      2829P   2921
110,-3.44D-1,-2.125D0,0D0,3.44D-1,-2.125D0,0D0;                     2831P   2922
110,3.44D-1,-2.125D0,0D0,3.44D-1,-1.8D0,0D0;                        2833P   2923
126,7,3,0,0,1,0,0D0,0D0,0D0,0D0,2D-1,4D-1,6D-1,8D-1,1D0,1D0,1D0,    2835P   2924
1D0,1D0,1D0,1D0,1D0,1D0,1D0,1D0,1D0,3.44D-1,-1.8D0,0D0,             2835P   2925
3.440698017536D-1,-1.786886788692D0,0D0,3.398215653330D-1,          2835P   2926
-1.760742693694D0,0D0,3.218122059253D-1,-1.725307643253D0,0D0,      2835P   2927
2.936923567469D-1,-1.697187794075D0,0D0,2.582573063064D-1,          2835P   2928
-1.679178434667D0,0D0,2.321132113079D-1,-1.674930198246D0,0D0,      2835P   2929
2.19D-1,-1.675D0,0D0,0D0,1D0,0D0,0D0,1D0;                           2835P   2930
110,2.19D-1,-1.675D0,0D0,-2.19D-1,-1.675D0,0D0;                     2837P   2931
126,7,3,0,0,1,0,0D0,0D0,0D0,0D0,2D-1,4D-1,6D-1,8D-1,1D0,1D0,1D0,    2839P   2932
1D0,1D0,1D0,1D0,1D0,1D0,1D0,1D0,1D0,-2.19D-1,-1.675D0,0D0,          2839P   2933
-2.321132113079D-1,-1.674930198246D0,0D0,-2.582573063064D-1,        2839P   2934
-1.679178434667D0,0D0,-2.936923567469D-1,-1.697187794075D0,0D0,     2839P   2935
-3.218122059253D-1,-1.725307643253D0,0D0,-3.398215653330D-1,        2839P   2936
-1.760742693694D0,0D0,-3.440698017536D-1,-1.786886788692D0,0D0,     2839P   2937
-3.44D-1,-1.8D0,0D0,0D0,1D0,0D0,0D0,1D0;                            2839P   2938
110,-3.44D-1,-1.8D0,0D0,-3.44D-1,-2.125D0,0D0;                      2841P   2939
102,6,2831,2833,2835,2837,2839,2841;                                2843P   2940
142,0,2827,2843,2829,1;                                             2845P   2941
144,2827,1,0,2845;                                                  2847P   2942
110,-2.19D-1,0D0,1.8D0,-2.19D-1,1D0,1.8D0;                          2849P   2943
110,-9.4D-2,-6.977709505319D-1,1.8D0,-9.4D-2,-1.766265090897D-1,    2851P   2944
1.8D0;                                                              2851P   2945
120,2849,2851,1.484628722540D0,3.227760257845D0;                    2853P   2946
124,-1D0,0D0,0D0,-2.19D-1,0D0,0D0,-1D0,-6.87D-1,0D0,-1D0,0D0,       2855P   2947
1.8D0;                                                              2855P   2948
100,0D0,0D0,0D0,1.25D-1,0D0,0D0,1.25D-1;                            2857P   2949
102,5,639,655,665,2857,691;                                         2859P   2950
126,13,3,0,0,1,0,0D0,0D0,0D0,0D0,5.562241314757D-2,                 2861P   2951
1.175375747918D-1,1.860515620287D-1,2.612313973301D-1,              2861P   2952
3.432525066876D-1,4.324159419535D-1,5.290603324239D-1,              2861P   2953
6.336030506666D-1,7.465659072688D-1,8.685045133344D-1,1D0,1D0,      2861P   2954
1D0,1D0,1D0,1D0,1D0,1D0,1D0,1D0,1D0,1D0,1D0,1D0,1D0,1D0,1D0,1D0,    2861P   2955
9.793321204730D-1,1.570796326795D0,0D0,9.793701004249D-1,           2861P   2956
1.605623597344D0,0D0,9.758583880866D-1,1.676267347857D0,0D0,        2861P   2957
9.619429838922D-1,1.775832368266D0,0D0,9.413103578294D-1,           2861P   2958
1.867572684546D0,0D0,9.154927075590D-1,1.953667616493D0,0D0,        2861P   2959
8.852717181043D-1,2.035474365849D0,0D0,8.510155851829D-1,           2861P   2960
2.114526640787D0,0D0,8.128569145393D-1,2.191918320630D0,0D0,        2861P   2961
7.707913621001D-1,2.268551892131D0,0D0,7.247219393739D-1,           2861P   2962
2.345156485339D0,0D0,6.744961057753D-1,2.422388413474D0,0D0,        2861P   2963
6.394816554293D-1,2.472625379754D0,0D0,6.212691238458D-1,           2861P   2964
2.498091544797D0,0D0,0D0,1D0,0D0,0D0,1D0;                           2861P   2965
110,6.212691238458D-1,2.498091544797D0,0D0,6.212691238458D-1,       2863P   2966
3.141592653590D0,0D0;                                               2863P   2967
110,6.212691238458D-1,3.141592653590D0,0D0,2.066787952696D-2,       2865P   2968
3.141592653590D0,0D0;                                               2865P   2969
110,2.066787952696D-2,3.141592653590D0,0D0,2.066787952696D-2,       2867P   2970
1.570796326795D0,0D0;                                               2867P   2971
110,2.066787952696D-2,1.570796326795D0,0D0,9.793321204730D-1,       2869P   2972
1.570796326795D0,0D0;                                               2869P   2973
102,5,2861,2863,2865,2867,2869;                                     2871P   2974
142,0,2853,2871,2859,1;                                             2873P   2975
144,2853,1,0,2873;                                                  2875P   2976
128,1,1,1,1,0,0,1,0,0,-1.077095053187D-2,-1.077095053187D-2,        2877P   2977
4.487709505319D-1,4.487709505319D-1,-6.977709505319D-1,             2877P   2978
-6.977709505319D-1,-1.762290494681D-1,-1.762290494681D-1,1D0,       2877P   2979
1D0,1D0,1D0,2.297709505319D-1,-6.977709505319D-1,1.675D0,           2877P   2980
-2.297709505319D-1,-6.977709505319D-1,1.675D0,2.297709505319D-1,    2877P   2981
-1.762290494681D-1,1.675D0,-2.297709505319D-1,                      2877P   2982
-1.762290494681D-1,1.675D0,-1.077095053187D-2,4.487709505319D-1,    2877P   2983
-6.977709505319D-1,-1.762290494681D-1;                              2877P   2984
110,-2.190219354952D-1,-1.870085315610D-1,1.674942505980D0,         2879P   2985
2.190219265246D-1,-1.870085315610D-1,1.674942505980D0;              2879P   2986
102,4,2879,693,683,691;                                             2881P   2987
110,4.38D-1,-1.87D-1,0D0,0D0,-1.87D-1,0D0;                          2883P   2988
110,0D0,-1.87D-1,0D0,0D0,-6.87D-1,0D0;                              2885P   2989
110,0D0,-6.87D-1,0D0,4.38D-1,-6.87D-1,0D0;                          2887P   2990
110,4.38D-1,-6.87D-1,0D0,4.38D-1,-1.87D-1,0D0;                      2889P   2991
102,4,2883,2885,2887,2889;                                          2891P   2992
142,0,2877,2891,2881,1;                                             2893P   2993
144,2877,1,0,2893;                                                  2895P   2994
128,1,1,1,1,0,0,1,0,0,-1.077095053187D-2,-1.077095053187D-2,        2897P   2995
3.357709505319D-1,3.357709505319D-1,-6.977709505319D-1,             2897P   2996
-6.977709505319D-1,-3.632290494681D-1,-3.632290494681D-1,1D0,       2897P   2997
1D0,1D0,1D0,3.44D-1,-6.977709505319D-1,2.135770950532D0,3.44D-1,    2897P   2998
-6.977709505319D-1,1.789229049468D0,3.44D-1,-3.632290494681D-1,     2897P   2999
2.135770950532D0,3.44D-1,-3.632290494681D-1,1.789229049468D0,       2897P   3000
-1.077095053187D-2,3.357709505319D-1,-6.977709505319D-1,            2897P   3001
-3.632290494681D-1;                                                 2897P   3002
102,4,669,689,647,657;                                              2899P   3003
110,0D0,-3.74D-1,0D0,0D0,-6.87D-1,0D0;                              2901P   3004
110,0D0,-6.87D-1,0D0,3.25D-1,-6.87D-1,0D0;                          2903P   3005
110,3.25D-1,-6.87D-1,0D0,3.25D-1,-3.74D-1,0D0;                      2905P   3006
110,3.25D-1,-3.74D-1,0D0,0D0,-3.74D-1,0D0;                          2907P   3007
102,4,2901,2903,2905,2907;                                          2909P   3008
142,0,2897,2909,2899,1;                                             2911P   3009
144,2897,1,0,2911;                                                  2913P   3010
110,-3.344D0,-1.577124892169D0,1.594D0,-3.344D0,                    2915P   3011
-5.771248921690D-1,1.594D0;                                         2915P   3012
110,-3.875D0,-1.585881837051D0,1.594D0,-3.875D0,                    2917P   3013
-3.440263104049D-1,1.594D0;                                         2917P   3014
120,2915,2917,-3.141592653590D-2,1.602212253331D0;                  2919P   3015
102,7,285,695,699,701,705,707,25;                                   2921P   3016
110,9.758637869285D-1,2.461071949310D-1,0D0,9.807692307692D-1,      2923P   3017
2.461071949310D-1,0D0;                                              2923P   3018
126,4,3,0,0,1,0,0D0,0D0,0D0,0D0,5.001046516604D-1,1D0,1D0,1D0,      2925P   3019
1D0,1D0,1D0,1D0,1D0,1D0,9.807692307692D-1,2.461071949310D-1,0D0,    2925P   3020
9.799514624079D-1,2.466355746910D-1,0D0,9.783162912039D-1,          2925P   3021
2.476923099540D-1,0D0,9.766811665239D-1,2.487494388944D-1,0D0,      2925P   3022
9.758637869285D-1,2.492779911124D-1,0D0,0D0,1D0,0D0,0D0,1D0;        2925P   3023
110,9.758637869285D-1,2.492779911124D-1,0D0,9.758637869285D-1,      2927P   3024
1.570796326795D0,0D0;                                               2927P   3025
110,9.758637869285D-1,1.570796326795D0,0D0,1.923076923077D-2,       2929P   3026
1.570796326795D0,0D0;                                               2929P   3027
110,1.923076923077D-2,1.570796326795D0,0D0,1.923076923077D-2,       2931P   3028
0D0,0D0;                                                            2931P   3029
110,1.923076923077D-2,0D0,0D0,9.758637869285D-1,0D0,0D0;            2933P   3030
110,9.758637869285D-1,0D0,0D0,9.758637869285D-1,                    2935P   3031
2.461071949310D-1,0D0;                                              2935P   3032
102,7,2923,2925,2927,2929,2931,2933,2935;                           2937P   3033
142,0,2919,2937,2921,1;                                             2939P   3034
144,2919,1,0,2939;                                                  2941P   3035
110,3.889044757681D0,-1D0,-1.368D0,2.889044757681D0,-1D0,           2943P   3036
-1.368D0;                                                           2943P   3037
110,4.03D0,-1D0,-1.43D0,-4.03D0,-1D0,-1.43D0;                       2945P   3038
120,2943,2945,-1.737250085786D-1,1.744521335373D0;                  2947P   3039
124,0D0,0D0,1D0,3.875D0,-1D0,0D0,0D0,-1D0,0D0,-1D0,0D0,-1.368D0;    2949P   3040
100,0D0,0D0,0D0,6.2D-2,0D0,0D0,6.2D-2;                              2951P   3041
102,4,709,719,715,2951;                                             2953P   3042
110,1.923076923077D-2,0D0,0D0,9.807692307692D-1,0D0,0D0;            2955P   3043
110,9.807692307692D-1,0D0,0D0,9.807692307692D-1,                    2957P   3044
1.570796326795D0,0D0;                                               2957P   3045
110,9.807692307692D-1,1.570796326795D0,0D0,1.923076923077D-2,       2959P   3046
1.570796326795D0,0D0;                                               2959P   3047
110,1.923076923077D-2,1.570796326795D0,0D0,1.923076923077D-2,       2961P   3048
0D0,0D0;                                                            2961P   3049
102,4,2955,2957,2959,2961;                                          2963P   3050
142,0,2947,2963,2953,1;                                             2965P   3051
144,2947,1,0,2965;                                                  2967P   3052
128,1,1,1,1,0,0,1,0,0,4.338D-2,4.338D-2,1.01162D0,1.01162D0,        2969P   3053
-8.68D0,-8.68D0,-6.2D-1,-6.2D-1,1D0,1D0,1D0,1D0,-4.03D0,            2969P   3054
-1.062D0,-4.1838D-1,-4.03D0,-1.062D0,-1.38662D0,4.03D0,-1.062D0,    2969P   3055
-4.1838D-1,4.03D0,-1.062D0,-1.38662D0,4.338D-2,1.01162D0,           2969P   3056
-8.68D0,-6.2D-1;                                                    2969P   3057
102,4,715,469,761,9;                                                2971P   3058
110,9.93D-1,-8.525D0,0D0,9.93D-1,-7.75D-1,0D0;                      2973P   3059
110,9.93D-1,-7.75D-1,0D0,6.2D-2,-7.75D-1,0D0;                       2975P   3060
110,6.2D-2,-7.75D-1,0D0,6.2D-2,-8.525D0,0D0;                        2977P   3061
110,6.2D-2,-8.525D0,0D0,9.93D-1,-8.525D0,0D0;                       2979P   3062
102,4,2973,2975,2977,2979;                                          2981P   3063
142,0,2969,2981,2971,1;                                             2983P   3064
102,2,723,727;                                                      2985P   3065
126,11,3,0,0,1,0,0D0,0D0,0D0,0D0,1.111111111111D-1,                 2987P   3066
2.222222222222D-1,3.333333333333D-1,4.444444444444D-1,              2987P   3067
5.555555555556D-1,6.666666666667D-1,7.777777777778D-1,              2987P   3068
8.888888888889D-1,1D0,1D0,1D0,1D0,1D0,1D0,1D0,1D0,1D0,1D0,1D0,      2987P   3069
1D0,1D0,1D0,1D0,1D0,5.13D-1,-7.2125D0,0D0,5.202905935216D-1,        2987P   3070
-7.212447817566D0,0D0,5.348059743429D-1,-7.215088577884D0,0D0,      2987P   3071
5.540007532646D-1,-7.226133518263D0,0D0,5.682363662312D-1,          2987P   3072
-7.243110682894D0,0D0,5.758133082297D-1,-7.263923750160D0,0D0,      2987P   3073
5.758133082297D-1,-7.286076249840D0,0D0,5.682363662312D-1,          2987P   3074
-7.306889317106D0,0D0,5.540007532646D-1,-7.323866481737D0,0D0,      2987P   3075
5.348059743429D-1,-7.334911422116D0,0D0,5.202905935216D-1,          2987P   3076
-7.337552182434D0,0D0,5.13D-1,-7.3375D0,0D0,0D0,1D0,0D0,0D0,1D0;    2987P   3077
126,11,3,0,0,1,0,0D0,0D0,0D0,0D0,1.111111111111D-1,                 2989P   3078
2.222222222222D-1,3.333333333333D-1,4.444444444444D-1,              2989P   3079
5.555555555556D-1,6.666666666667D-1,7.777777777778D-1,              2989P   3080
8.888888888889D-1,1D0,1D0,1D0,1D0,1D0,1D0,1D0,1D0,1D0,1D0,1D0,      2989P   3081
1D0,1D0,1D0,1D0,1D0,5.13D-1,-7.3375D0,0D0,5.057094064784D-1,        2989P   3082
-7.337552182434D0,0D0,4.911940256571D-1,-7.334911422116D0,0D0,      2989P   3083
4.719992467354D-1,-7.323866481737D0,0D0,4.577636337688D-1,          2989P   3084
-7.306889317106D0,0D0,4.501866917703D-1,-7.286076249840D0,0D0,      2989P   3085
4.501866917703D-1,-7.263923750160D0,0D0,4.577636337688D-1,          2989P   3086
-7.243110682894D0,0D0,4.719992467354D-1,-7.226133518263D0,0D0,      2989P   3087
4.911940256571D-1,-7.215088577884D0,0D0,5.057094064784D-1,          2989P   3088
-7.212447817566D0,0D0,5.13D-1,-7.2125D0,0D0,0D0,1D0,0D0,0D0,1D0;    2989P   3089
102,2,2987,2989;                                                    2991P   3090
142,0,2969,2991,2985,1;                                             2993P   3091
102,2,731,735;                                                      2995P   3092
126,11,3,0,0,1,0,0D0,0D0,0D0,0D0,1.111111111111D-1,                 2997P   3093
2.222222222222D-1,3.333333333333D-1,4.444444444444D-1,              2997P   3094
5.555555555556D-1,6.666666666667D-1,7.777777777778D-1,              2997P   3095
8.888888888889D-1,1D0,1D0,1D0,1D0,1D0,1D0,1D0,1D0,1D0,1D0,1D0,      2997P   3096
1D0,1D0,1D0,1D0,1D0,5.13D-1,-5.7125D0,0D0,5.202905935216D-1,        2997P   3097
-5.712447817566D0,0D0,5.348059743429D-1,-5.715088577884D0,0D0,      2997P   3098
5.540007532646D-1,-5.726133518263D0,0D0,5.682363662312D-1,          2997P   3099
-5.743110682894D0,0D0,5.758133082297D-1,-5.763923750160D0,0D0,      2997P   3100
5.758133082297D-1,-5.786076249840D0,0D0,5.682363662312D-1,          2997P   3101
-5.806889317106D0,0D0,5.540007532646D-1,-5.823866481737D0,0D0,      2997P   3102
5.348059743429D-1,-5.834911422116D0,0D0,5.202905935216D-1,          2997P   3103
-5.837552182434D0,0D0,5.13D-1,-5.8375D0,0D0,0D0,1D0,0D0,0D0,1D0;    2997P   3104
126,11,3,0,0,1,0,0D0,0D0,0D0,0D0,1.111111111111D-1,                 2999P   3105
2.222222222222D-1,3.333333333333D-1,4.444444444444D-1,              2999P   3106
5.555555555556D-1,6.666666666667D-1,7.777777777778D-1,              2999P   3107
8.888888888889D-1,1D0,1D0,1D0,1D0,1D0,1D0,1D0,1D0,1D0,1D0,1D0,      2999P   3108
1D0,1D0,1D0,1D0,1D0,5.13D-1,-5.8375D0,0D0,5.057094064784D-1,        2999P   3109
-5.837552182434D0,0D0,4.911940256571D-1,-5.834911422116D0,0D0,      2999P   3110
4.719992467354D-1,-5.823866481737D0,0D0,4.577636337688D-1,          2999P   3111
-5.806889317106D0,0D0,4.501866917703D-1,-5.786076249840D0,0D0,      2999P   3112
4.501866917703D-1,-5.763923750160D0,0D0,4.577636337688D-1,          2999P   3113
-5.743110682894D0,0D0,4.719992467354D-1,-5.726133518263D0,0D0,      2999P   3114
4.911940256571D-1,-5.715088577884D0,0D0,5.057094064784D-1,          2999P   3115
-5.712447817566D0,0D0,5.13D-1,-5.7125D0,0D0,0D0,1D0,0D0,0D0,1D0;    2999P   3116
102,2,2997,2999;                                                    3001P   3117
142,0,2969,3001,2995,1;                                             3003P   3118
102,2,739,743;                                                      3005P   3119
126,11,3,0,0,1,0,0D0,0D0,0D0,0D0,1.111111111111D-1,                 3007P   3120
2.222222222222D-1,3.333333333333D-1,4.444444444444D-1,              3007P   3121
5.555555555556D-1,6.666666666667D-1,7.777777777778D-1,              3007P   3122
8.888888888889D-1,1D0,1D0,1D0,1D0,1D0,1D0,1D0,1D0,1D0,1D0,1D0,      3007P   3123
1D0,1D0,1D0,1D0,1D0,5.13D-1,-3.4625D0,0D0,5.202905935216D-1,        3007P   3124
-3.462447817566D0,0D0,5.348059743429D-1,-3.465088577884D0,0D0,      3007P   3125
5.540007532646D-1,-3.476133518263D0,0D0,5.682363662312D-1,          3007P   3126
-3.493110682894D0,0D0,5.758133082297D-1,-3.513923750160D0,0D0,      3007P   3127
5.758133082297D-1,-3.536076249840D0,0D0,5.682363662312D-1,          3007P   3128
-3.556889317106D0,0D0,5.540007532646D-1,-3.573866481737D0,0D0,      3007P   3129
5.348059743429D-1,-3.584911422116D0,0D0,5.202905935216D-1,          3007P   3130
-3.587552182434D0,0D0,5.13D-1,-3.5875D0,0D0,0D0,1D0,0D0,0D0,1D0;    3007P   3131
126,11,3,0,0,1,0,0D0,0D0,0D0,0D0,1.111111111111D-1,                 3009P   3132
2.222222222222D-1,3.333333333333D-1,4.444444444444D-1,              3009P   3133
5.555555555556D-1,6.666666666667D-1,7.777777777778D-1,              3009P   3134
8.888888888889D-1,1D0,1D0,1D0,1D0,1D0,1D0,1D0,1D0,1D0,1D0,1D0,      3009P   3135
1D0,1D0,1D0,1D0,1D0,5.13D-1,-3.5875D0,0D0,5.057094064784D-1,        3009P   3136
-3.587552182434D0,0D0,4.911940256571D-1,-3.584911422116D0,0D0,      3009P   3137
4.719992467354D-1,-3.573866481737D0,0D0,4.577636337688D-1,          3009P   3138
-3.556889317106D0,0D0,4.501866917703D-1,-3.536076249840D0,0D0,      3009P   3139
4.501866917703D-1,-3.513923750160D0,0D0,4.577636337688D-1,          3009P   3140
-3.493110682894D0,0D0,4.719992467354D-1,-3.476133518263D0,0D0,      3009P   3141
4.911940256571D-1,-3.465088577884D0,0D0,5.057094064784D-1,          3009P   3142
-3.462447817566D0,0D0,5.13D-1,-3.4625D0,0D0,0D0,1D0,0D0,0D0,1D0;    3009P   3143
102,2,3007,3009;                                                    3011P   3144
142,0,2969,3011,3005,1;                                             3013P   3145
102,2,747,751;                                                      3015P   3146
126,11,3,0,0,1,0,0D0,0D0,0D0,0D0,1.111111111111D-1,                 3017P   3147
2.222222222222D-1,3.333333333333D-1,4.444444444444D-1,              3017P   3148
5.555555555556D-1,6.666666666667D-1,7.777777777778D-1,              3017P   3149
8.888888888889D-1,1D0,1D0,1D0,1D0,1D0,1D0,1D0,1D0,1D0,1D0,1D0,      3017P   3150
1D0,1D0,1D0,1D0,1D0,5.13D-1,-1.9625D0,0D0,5.202905935216D-1,        3017P   3151
-1.962447817566D0,0D0,5.348059743429D-1,-1.965088577884D0,0D0,      3017P   3152
5.540007532646D-1,-1.976133518263D0,0D0,5.682363662312D-1,          3017P   3153
-1.993110682894D0,0D0,5.758133082297D-1,-2.013923750160D0,0D0,      3017P   3154
5.758133082297D-1,-2.036076249840D0,0D0,5.682363662312D-1,          3017P   3155
-2.056889317106D0,0D0,5.540007532646D-1,-2.073866481737D0,0D0,      3017P   3156
5.348059743429D-1,-2.084911422116D0,0D0,5.202905935216D-1,          3017P   3157
-2.087552182434D0,0D0,5.13D-1,-2.0875D0,0D0,0D0,1D0,0D0,0D0,1D0;    3017P   3158
126,11,3,0,0,1,0,0D0,0D0,0D0,0D0,1.111111111111D-1,                 3019P   3159
2.222222222222D-1,3.333333333333D-1,4.444444444444D-1,              3019P   3160
5.555555555556D-1,6.666666666667D-1,7.777777777778D-1,              3019P   3161
8.888888888889D-1,1D0,1D0,1D0,1D0,1D0,1D0,1D0,1D0,1D0,1D0,1D0,      3019P   3162
1D0,1D0,1D0,1D0,1D0,5.13D-1,-2.0875D0,0D0,5.057094064784D-1,        3019P   3163
-2.087552182434D0,0D0,4.911940256571D-1,-2.084911422116D0,0D0,      3019P   3164
4.719992467354D-1,-2.073866481737D0,0D0,4.577636337688D-1,          3019P   3165
-2.056889317106D0,0D0,4.501866917703D-1,-2.036076249840D0,0D0,      3019P   3166
4.501866917703D-1,-2.013923750160D0,0D0,4.577636337688D-1,          3019P   3167
-1.993110682894D0,0D0,4.719992467354D-1,-1.976133518263D0,0D0,      3019P   3168
4.911940256571D-1,-1.965088577884D0,0D0,5.057094064784D-1,          3019P   3169
-1.962447817566D0,0D0,5.13D-1,-1.9625D0,0D0,0D0,1D0,0D0,0D0,1D0;    3019P   3170
102,2,3017,3019;                                                    3021P   3171
142,0,2969,3021,3015,1;                                             3023P   3172
102,2,755,759;                                                      3025P   3173
126,13,3,0,0,1,0,0D0,0D0,0D0,0D0,9.090909090909D-2,                 3027P   3174
1.818181818182D-1,2.727272727273D-1,3.636363636364D-1,              3027P   3175
4.545454545455D-1,5.454545454545D-1,6.363636363636D-1,              3027P   3176
7.272727272727D-1,8.181818181818D-1,9.090909090909D-1,1D0,1D0,      3027P   3177
1D0,1D0,1D0,1D0,1D0,1D0,1D0,1D0,1D0,1D0,1D0,1D0,1D0,1D0,1D0,1D0,    3027P   3178
5.13D-1,-7.8535D0,0D0,5.293453928382D-1,-7.853434474297D0,0D0,      3027P   3179
5.619695279655D-1,-7.858225103514D0,0D0,6.069913638534D-1,          3027P   3180
-7.878742156407D0,0D0,6.443844177829D-1,-7.911156385574D0,0D0,      3027P   3181
6.711372770257D-1,-7.952780606066D0,0D0,6.850777973339D-1,          3027P   3182
-8.000259141784D0,0D0,6.850777973339D-1,-8.049740858216D0,0D0,      3027P   3183
6.711372770258D-1,-8.097219393934D0,0D0,6.443844177829D-1,          3027P   3184
-8.138843614426D0,0D0,6.069913638534D-1,-8.171257843593D0,0D0,      3027P   3185
5.619695279655D-1,-8.191774896486D0,0D0,5.293453928382D-1,          3027P   3186
-8.196565525703D0,0D0,5.13D-1,-8.1965D0,0D0,0D0,1D0,0D0,0D0,1D0;    3027P   3187
126,13,3,0,0,1,0,0D0,0D0,0D0,0D0,9.090909090909D-2,                 3029P   3188
1.818181818182D-1,2.727272727273D-1,3.636363636364D-1,              3029P   3189
4.545454545455D-1,5.454545454545D-1,6.363636363636D-1,              3029P   3190
7.272727272727D-1,8.181818181818D-1,9.090909090909D-1,1D0,1D0,      3029P   3191
1D0,1D0,1D0,1D0,1D0,1D0,1D0,1D0,1D0,1D0,1D0,1D0,1D0,1D0,1D0,1D0,    3029P   3192
5.13D-1,-8.1965D0,0D0,4.966546071618D-1,-8.196565525703D0,0D0,      3029P   3193
4.640304720345D-1,-8.191774896486D0,0D0,4.190086361466D-1,          3029P   3194
-8.171257843593D0,0D0,3.816155822171D-1,-8.138843614426D0,0D0,      3029P   3195
3.548627229742D-1,-8.097219393934D0,0D0,3.409222026661D-1,          3029P   3196
-8.049740858216D0,0D0,3.409222026661D-1,-8.000259141784D0,0D0,      3029P   3197
3.548627229742D-1,-7.952780606066D0,0D0,3.816155822171D-1,          3029P   3198
-7.911156385574D0,0D0,4.190086361466D-1,-7.878742156407D0,0D0,      3029P   3199
4.640304720345D-1,-7.858225103514D0,0D0,4.966546071618D-1,          3029P   3200
-7.853434474297D0,0D0,5.13D-1,-7.8535D0,0D0,0D0,1D0,0D0,0D0,1D0;    3029P   3201
102,2,3027,3029;                                                    3031P   3202
142,0,2969,3031,3025,1;                                             3033P   3203
144,2969,1,5,2983,2993,3003,3013,3023,3033;                         3035P   3204
110,3.889044757681D0,-1D0,-4.37D-1,2.889044757681D0,-1D0,           3037P   3205
-4.37D-1;                                                           3037P   3206
110,4.03D0,-1.062D0,-4.37D-1,-4.03D0,-1.062D0,-4.37D-1;             3039P   3207
120,3037,3039,-1.737250085786D-1,1.744521335373D0;                  3041P   3208
124,0D0,0D0,1D0,3.875D0,0D0,-1D0,0D0,-1D0,1D0,0D0,0D0,-4.37D-1;     3043P   3209
100,0D0,0D0,0D0,6.2D-2,0D0,0D0,6.2D-2;                              3045P   3210
102,4,761,771,767,3045;                                             3047P   3211
110,1.923076923077D-2,0D0,0D0,9.807692307692D-1,0D0,0D0;            3049P   3212
110,9.807692307692D-1,0D0,0D0,9.807692307692D-1,                    3051P   3213
1.570796326795D0,0D0;                                               3051P   3214
110,9.807692307692D-1,1.570796326795D0,0D0,1.923076923077D-2,       3053P   3215
1.570796326795D0,0D0;                                               3053P   3216
110,1.923076923077D-2,1.570796326795D0,0D0,1.923076923077D-2,       3055P   3217
0D0,0D0;                                                            3055P   3218
102,4,3049,3051,3053,3055;                                          3057P   3219
142,0,3041,3057,3047,1;                                             3059P   3220
144,3041,1,0,3059;                                                  3061P   3221
110,-2.625D0,0D0,-8.88D-1,-2.625D0,1D0,-8.88D-1;                    3063P   3222
110,-2.5625D0,-1.572770950532D0,-8.88D-1,-2.5625D0,                 3065P   3223
-1.051229049468D0,-8.88D-1;                                         3065P   3224
120,3063,3065,-1.723352085099D-1,3.313927862100D0;                  3067P   3225
124,-1D0,0D0,0D0,-2.625D0,0D0,0D0,-1D0,-1.562D0,0D0,-1D0,0D0,       3069P   3226
-8.88D-1;                                                           3069P   3227
100,0D0,0D0,0D0,6.25D-2,0D0,-6.25D-2,0D0;                           3071P   3228
110,-2.5625D0,-1.562D0,-8.88D-1,-2.5625D0,-1.062D0,-8.88D-1;        3073P   3229
102,4,3071,3073,723,775;                                            3075P   3230
110,2.065212883165D-2,3.141592653590D0,0D0,2.065212883165D-2,       3077P   3231
0D0,0D0;                                                            3077P   3232
110,2.065212883165D-2,0D0,0D0,9.793478711684D-1,0D0,0D0;            3079P   3233
110,9.793478711684D-1,0D0,0D0,9.793478711684D-1,                    3081P   3234
3.141592653590D0,0D0;                                               3081P   3235
110,9.793478711684D-1,3.141592653590D0,0D0,2.065212883165D-2,       3083P   3236
3.141592653590D0,0D0;                                               3083P   3237
102,4,3077,3079,3081,3083;                                          3085P   3238
142,0,3067,3085,3075,1;                                             3087P   3239
144,3067,1,0,3087;                                                  3089P   3240
110,-2.625D0,0D0,-8.88D-1,-2.625D0,1D0,-8.88D-1;                    3091P   3241
110,-2.5625D0,-1.572770950532D0,-8.88D-1,-2.5625D0,                 3093P   3242
-1.051229049468D0,-8.88D-1;                                         3093P   3243
120,3091,3093,2.969257445080D0,6.455520515690D0;                    3095P   3244
124,1D0,0D0,0D0,-2.625D0,0D0,0D0,-1D0,-1.562D0,0D0,1D0,0D0,         3097P   3245
-8.88D-1;                                                           3097P   3246
100,0D0,0D0,0D0,6.25D-2,0D0,-6.25D-2,0D0;                           3099P   3247
110,-2.6875D0,-1.562D0,-8.88D-1,-2.6875D0,-1.062D0,-8.88D-1;        3101P   3248
102,4,3099,3101,727,773;                                            3103P   3249
110,2.065212883165D-2,6.283185307180D0,0D0,2.065212883165D-2,       3105P   3250
3.141592653590D0,0D0;                                               3105P   3251
110,2.065212883165D-2,3.141592653590D0,0D0,9.793478711684D-1,       3107P   3252
3.141592653590D0,0D0;                                               3107P   3253
110,9.793478711684D-1,3.141592653590D0,0D0,9.793478711684D-1,       3109P   3254
6.283185307180D0,0D0;                                               3109P   3255
110,9.793478711684D-1,6.283185307180D0,0D0,2.065212883165D-2,       3111P   3256
6.283185307180D0,0D0;                                               3111P   3257
102,4,3105,3107,3109,3111;                                          3113P   3258
142,0,3095,3113,3103,1;                                             3115P   3259
144,3095,1,0,3115;                                                  3117P   3260
110,-1.125D0,0D0,-8.88D-1,-1.125D0,1D0,-8.88D-1;                    3119P   3261
110,-1.0625D0,-1.572770950532D0,-8.88D-1,-1.0625D0,                 3121P   3262
-1.051229049468D0,-8.88D-1;                                         3121P   3263
120,3119,3121,-1.723352085099D-1,3.313927862100D0;                  3123P   3264
124,-1D0,0D0,0D0,-1.125D0,0D0,0D0,-1D0,-1.562D0,0D0,-1D0,0D0,       3125P   3265
-8.88D-1;                                                           3125P   3266
100,0D0,0D0,0D0,6.25D-2,0D0,-6.25D-2,0D0;                           3127P   3267
110,-1.0625D0,-1.562D0,-8.88D-1,-1.0625D0,-1.062D0,-8.88D-1;        3129P   3268
102,4,3127,3129,731,779;                                            3131P   3269
110,2.065212883165D-2,3.141592653590D0,0D0,2.065212883165D-2,       3133P   3270
0D0,0D0;                                                            3133P   3271
110,2.065212883165D-2,0D0,0D0,9.793478711684D-1,0D0,0D0;            3135P   3272
110,9.793478711684D-1,0D0,0D0,9.793478711684D-1,                    3137P   3273
3.141592653590D0,0D0;                                               3137P   3274
110,9.793478711684D-1,3.141592653590D0,0D0,2.065212883165D-2,       3139P   3275
3.141592653590D0,0D0;                                               3139P   3276
102,4,3133,3135,3137,3139;                                          3141P   3277
142,0,3123,3141,3131,1;                                             3143P   3278
144,3123,1,0,3143;                                                  3145P   3279
110,-1.125D0,0D0,-8.88D-1,-1.125D0,1D0,-8.88D-1;                    3147P   3280
110,-1.0625D0,-1.572770950532D0,-8.88D-1,-1.0625D0,                 3149P   3281
-1.051229049468D0,-8.88D-1;                                         3149P   3282
120,3147,3149,2.969257445080D0,6.455520515690D0;                    3151P   3283
124,1D0,0D0,0D0,-1.125D0,0D0,0D0,-1D0,-1.562D0,0D0,1D0,0D0,         3153P   3284
-8.88D-1;                                                           3153P   3285
100,0D0,0D0,0D0,6.25D-2,0D0,-6.25D-2,0D0;                           3155P   3286
110,-1.1875D0,-1.562D0,-8.88D-1,-1.1875D0,-1.062D0,-8.88D-1;        3157P   3287
102,4,3155,3157,735,777;                                            3159P   3288
110,2.065212883165D-2,6.283185307180D0,0D0,2.065212883165D-2,       3161P   3289
3.141592653590D0,0D0;                                               3161P   3290
110,2.065212883165D-2,3.141592653590D0,0D0,9.793478711684D-1,       3163P   3291
3.141592653590D0,0D0;                                               3163P   3292
110,9.793478711684D-1,3.141592653590D0,0D0,9.793478711684D-1,       3165P   3293
6.283185307180D0,0D0;                                               3165P   3294
110,9.793478711684D-1,6.283185307180D0,0D0,2.065212883165D-2,       3167P   3295
6.283185307180D0,0D0;                                               3167P   3296
102,4,3161,3163,3165,3167;                                          3169P   3297
142,0,3151,3169,3159,1;                                             3171P   3298
144,3151,1,0,3171;                                                  3173P   3299
110,1.125D0,0D0,-8.88D-1,1.125D0,1D0,-8.88D-1;                      3175P   3300
110,1.1875D0,-1.572770950532D0,-8.88D-1,1.1875D0,                   3177P   3301
-1.051229049468D0,-8.88D-1;                                         3177P   3302
120,3175,3177,-1.723352085099D-1,3.313927862100D0;                  3179P   3303
124,-1D0,0D0,0D0,1.125D0,0D0,0D0,-1D0,-1.562D0,0D0,-1D0,0D0,        3181P   3304
-8.88D-1;                                                           3181P   3305
100,0D0,0D0,0D0,6.25D-2,0D0,-6.25D-2,0D0;                           3183P   3306
110,1.1875D0,-1.562D0,-8.88D-1,1.1875D0,-1.062D0,-8.88D-1;          3185P   3307
102,4,3183,3185,739,783;                                            3187P   3308
110,2.065212883165D-2,3.141592653590D0,0D0,2.065212883165D-2,       3189P   3309
0D0,0D0;                                                            3189P   3310
110,2.065212883165D-2,0D0,0D0,9.793478711684D-1,0D0,0D0;            3191P   3311
110,9.793478711684D-1,0D0,0D0,9.793478711684D-1,                    3193P   3312
3.141592653590D0,0D0;                                               3193P   3313
110,9.793478711684D-1,3.141592653590D0,0D0,2.065212883165D-2,       3195P   3314
3.141592653590D0,0D0;                                               3195P   3315
102,4,3189,3191,3193,3195;                                          3197P   3316
142,0,3179,3197,3187,1;                                             3199P   3317
144,3179,1,0,3199;                                                  3201P   3318
110,1.125D0,0D0,-8.88D-1,1.125D0,1D0,-8.88D-1;                      3203P   3319
110,1.1875D0,-1.572770950532D0,-8.88D-1,1.1875D0,                   3205P   3320
-1.051229049468D0,-8.88D-1;                                         3205P   3321
120,3203,3205,2.969257445080D0,6.455520515690D0;                    3207P   3322
124,1D0,0D0,0D0,1.125D0,0D0,0D0,-1D0,-1.562D0,0D0,1D0,0D0,          3209P   3323
-8.88D-1;                                                           3209P   3324
100,0D0,0D0,0D0,6.25D-2,0D0,-6.25D-2,0D0;                           3211P   3325
110,1.0625D0,-1.562D0,-8.88D-1,1.0625D0,-1.062D0,-8.88D-1;          3213P   3326
102,4,3211,3213,743,781;                                            3215P   3327
110,2.065212883165D-2,6.283185307180D0,0D0,2.065212883165D-2,       3217P   3328
3.141592653590D0,0D0;                                               3217P   3329
110,2.065212883165D-2,3.141592653590D0,0D0,9.793478711684D-1,       3219P   3330
3.141592653590D0,0D0;                                               3219P   3331
110,9.793478711684D-1,3.141592653590D0,0D0,9.793478711684D-1,       3221P   3332
6.283185307180D0,0D0;                                               3221P   3333
110,9.793478711684D-1,6.283185307180D0,0D0,2.065212883165D-2,       3223P   3334
6.283185307180D0,0D0;                                               3223P   3335
102,4,3217,3219,3221,3223;                                          3225P   3336
142,0,3207,3225,3215,1;                                             3227P   3337
144,3207,1,0,3227;                                                  3229P   3338
110,2.625D0,0D0,-8.88D-1,2.625D0,1D0,-8.88D-1;                      3231P   3339
110,2.6875D0,-1.572770950532D0,-8.88D-1,2.6875D0,                   3233P   3340
-1.051229049468D0,-8.88D-1;                                         3233P   3341
120,3231,3233,-1.723352085099D-1,3.313927862100D0;                  3235P   3342
124,-1D0,0D0,0D0,2.625D0,0D0,0D0,-1D0,-1.562D0,0D0,-1D0,0D0,        3237P   3343
-8.88D-1;                                                           3237P   3344
100,0D0,0D0,0D0,6.25D-2,0D0,-6.25D-2,0D0;                           3239P   3345
110,2.6875D0,-1.562D0,-8.88D-1,2.6875D0,-1.062D0,-8.88D-1;          3241P   3346
102,4,3239,3241,747,787;                                            3243P   3347
110,2.065212883165D-2,3.141592653590D0,0D0,2.065212883165D-2,       3245P   3348
0D0,0D0;                                                            3245P   3349
110,2.065212883165D-2,0D0,0D0,9.793478711684D-1,0D0,0D0;            3247P   3350
110,9.793478711684D-1,0D0,0D0,9.793478711684D-1,                    3249P   3351
3.141592653590D0,0D0;                                               3249P   3352
110,9.793478711684D-1,3.141592653590D0,0D0,2.065212883165D-2,       3251P   3353
3.141592653590D0,0D0;                                               3251P   3354
102,4,3245,3247,3249,3251;                                          3253P   3355
142,0,3235,3253,3243,1;                                             3255P   3356
144,3235,1,0,3255;                                                  3257P   3357
110,2.625D0,0D0,-8.88D-1,2.625D0,1D0,-8.88D-1;                      3259P   3358
110,2.6875D0,-1.572770950532D0,-8.88D-1,2.6875D0,                   3261P   3359
-1.051229049468D0,-8.88D-1;                                         3261P   3360
120,3259,3261,2.969257445080D0,6.455520515690D0;                    3263P   3361
124,1D0,0D0,0D0,2.625D0,0D0,0D0,-1D0,-1.562D0,0D0,1D0,0D0,          3265P   3362
-8.88D-1;                                                           3265P   3363
100,0D0,0D0,0D0,6.25D-2,0D0,-6.25D-2,0D0;                           3267P   3364
110,2.5625D0,-1.562D0,-8.88D-1,2.5625D0,-1.062D0,-8.88D-1;          3269P   3365
102,4,3267,3269,751,785;                                            3271P   3366
110,2.065212883165D-2,6.283185307180D0,0D0,2.065212883165D-2,       3273P   3367
3.141592653590D0,0D0;                                               3273P   3368
110,2.065212883165D-2,3.141592653590D0,0D0,9.793478711684D-1,       3275P   3369
3.141592653590D0,0D0;                                               3275P   3370
110,9.793478711684D-1,3.141592653590D0,0D0,9.793478711684D-1,       3277P   3371
6.283185307180D0,0D0;                                               3277P   3372
110,9.793478711684D-1,6.283185307180D0,0D0,2.065212883165D-2,       3279P   3373
6.283185307180D0,0D0;                                               3279P   3374
102,4,3273,3275,3277,3279;                                          3281P   3375
142,0,3263,3281,3271,1;                                             3283P   3376
144,3263,1,0,3283;                                                  3285P   3377
110,-3.375D0,0D0,-8.88D-1,-3.375D0,1D0,-8.88D-1;                    3287P   3378
110,-3.2035D0,-1.322770950532D0,-8.88D-1,-3.2035D0,                 3289P   3379
-1.051229049468D0,-8.88D-1;                                         3289P   3380
120,3287,3289,-6.283185307180D-2,3.204424506662D0;                  3291P   3381
124,-1D0,0D0,0D0,-3.375D0,0D0,0D0,-1D0,-1.312D0,0D0,-1D0,0D0,       3293P   3382
-8.88D-1;                                                           3293P   3383
100,0D0,0D0,0D0,1.715D-1,0D0,-1.715D-1,0D0;                         3295P   3384
110,-3.2035D0,-1.312D0,-8.88D-1,-3.2035D0,-1.062D0,-8.88D-1;        3297P   3385
102,4,755,791,3295,3297;                                            3299P   3386
110,9.603341123794D-1,0D0,0D0,9.603341123794D-1,                    3301P   3387
3.141592653590D0,0D0;                                               3301P   3388
110,9.603341123794D-1,3.141592653590D0,0D0,3.966588762057D-2,       3303P   3389
3.141592653590D0,0D0;                                               3303P   3390
110,3.966588762057D-2,3.141592653590D0,0D0,3.966588762057D-2,       3305P   3391
0D0,0D0;                                                            3305P   3392
110,3.966588762057D-2,0D0,0D0,9.603341123794D-1,0D0,0D0;            3307P   3393
102,4,3301,3303,3305,3307;                                          3309P   3394
142,0,3291,3309,3299,1;                                             3311P   3395
144,3291,1,0,3311;                                                  3313P   3396
110,-3.375D0,0D0,-8.88D-1,-3.375D0,1D0,-8.88D-1;                    3315P   3397
110,-3.2035D0,-1.322770950532D0,-8.88D-1,-3.2035D0,                 3317P   3398
-1.051229049468D0,-8.88D-1;                                         3317P   3399
120,3315,3317,3.078760800518D0,6.346017160251D0;                    3319P   3400
124,1D0,0D0,0D0,-3.375D0,0D0,0D0,-1D0,-1.312D0,0D0,1D0,0D0,         3321P   3401
-8.88D-1;                                                           3321P   3402
100,0D0,0D0,0D0,1.715D-1,0D0,-1.715D-1,0D0;                         3323P   3403
110,-3.5465D0,-1.312D0,-8.88D-1,-3.5465D0,-1.062D0,-8.88D-1;        3325P   3404
102,4,759,789,3323,3325;                                            3327P   3405
110,9.603341123794D-1,3.141592653590D0,0D0,9.603341123794D-1,       3329P   3406
6.283185307180D0,0D0;                                               3329P   3407
110,9.603341123794D-1,6.283185307180D0,0D0,3.966588762057D-2,       3331P   3408
6.283185307180D0,0D0;                                               3331P   3409
110,3.966588762057D-2,6.283185307180D0,0D0,3.966588762057D-2,       3333P   3410
3.141592653590D0,0D0;                                               3333P   3411
110,3.966588762057D-2,3.141592653590D0,0D0,9.603341123794D-1,       3335P   3412
3.141592653590D0,0D0;                                               3335P   3413
102,4,3329,3331,3333,3335;                                          3337P   3414
142,0,3319,3337,3327,1;                                             3339P   3415
144,3319,1,0,3339;                                                  3341P   3416
128,1,1,1,1,0,0,1,0,0,-3.557270950532D0,-3.557270950532D0,          3343P   3417
-3.192729049468D0,-3.192729049468D0,-1.10188D0,-1.10188D0,          3343P   3418
1.10188D0,1.10188D0,1D0,1D0,1D0,1D0,-3.557270950532D0,-1.312D0,     3343P   3419
1.10188D0,-3.192729049468D0,-1.312D0,1.10188D0,                     3343P   3420
-3.557270950532D0,-1.312D0,-1.10188D0,-3.192729049468D0,            3343P   3421
-1.312D0,-1.10188D0,-3.557270950532D0,-3.192729049468D0,            3343P   3422
-1.10188D0,1.10188D0;                                               3343P   3423
102,2,795,799;                                                      3345P   3424
126,12,3,0,0,1,0,0D0,0D0,0D0,0D0,1D-1,2D-1,3D-1,4D-1,5D-1,6D-1,     3347P   3425
7D-1,8D-1,9D-1,1D0,1D0,1D0,1D0,1D0,1D0,1D0,1D0,1D0,1D0,1D0,1D0,     3347P   3426
1D0,1D0,1D0,1D0,1D0,-3.2035D0,8.88D-1,0D0,-3.203404904336D0,        3347P   3427
9.059893513164D-1,0D0,-3.209232812363D0,9.418610242524D-1,0D0,      3347P   3428
-3.233940644957D0,9.904808753539D-1,0D0,-3.272526120596D0,          3347P   3429
1.029046498941D0,0D0,-3.321123848048D0,1.053811616093D0,0D0,        3347P   3430
-3.375D0,1.062344191953D0,0D0,-3.428876151952D0,                    3347P   3431
1.053811616093D0,0D0,-3.477473879404D0,1.029046498941D0,0D0,        3347P   3432
-3.516059355043D0,9.904808753539D-1,0D0,-3.540767187637D0,          3347P   3433
9.418610242524D-1,0D0,-3.546595095664D0,9.059893513164D-1,0D0,      3347P   3434
-3.5465D0,8.88D-1,0D0,0D0,1D0,0D0,0D0,1D0;                          3347P   3435
126,12,3,0,0,1,0,0D0,0D0,0D0,0D0,1D-1,2D-1,3D-1,4D-1,5D-1,6D-1,     3349P   3436
7D-1,8D-1,9D-1,1D0,1D0,1D0,1D0,1D0,1D0,1D0,1D0,1D0,1D0,1D0,1D0,     3349P   3437
1D0,1D0,1D0,1D0,1D0,-3.5465D0,8.88D-1,0D0,-3.546595095664D0,        3349P   3438
8.700106486836D-1,0D0,-3.540767187637D0,8.341389757476D-1,0D0,      3349P   3439
-3.516059355043D0,7.855191246461D-1,0D0,-3.477473879404D0,          3349P   3440
7.469535010588D-1,0D0,-3.428876151952D0,7.221883839067D-1,0D0,      3349P   3441
-3.375D0,7.136558080466D-1,0D0,-3.321123848048D0,                   3349P   3442
7.221883839067D-1,0D0,-3.272526120596D0,7.469535010588D-1,0D0,      3349P   3443
-3.233940644957D0,7.855191246461D-1,0D0,-3.209232812363D0,          3349P   3444
8.341389757476D-1,0D0,-3.203404904336D0,8.700106486836D-1,0D0,      3349P   3445
-3.2035D0,8.88D-1,0D0,0D0,1D0,0D0,0D0,1D0;                          3349P   3446
102,2,3347,3349;                                                    3351P   3447
142,0,3343,3351,3345,1;                                             3353P   3448
144,3343,1,0,3353;                                                  3355P   3449
128,1,1,1,1,0,0,1,0,0,-3.557270950532D0,-3.557270950532D0,          3357P   3450
-3.192729049468D0,-3.192729049468D0,-1.10188D0,-1.10188D0,          3357P   3451
1.10188D0,1.10188D0,1D0,1D0,1D0,1D0,-3.557270950532D0,-1.312D0,     3357P   3452
1.10188D0,-3.192729049468D0,-1.312D0,1.10188D0,                     3357P   3453
-3.557270950532D0,-1.312D0,-1.10188D0,-3.192729049468D0,            3357P   3454
-1.312D0,-1.10188D0,-3.557270950532D0,-3.192729049468D0,            3357P   3455
-1.10188D0,1.10188D0;                                               3357P   3456
102,2,803,807;                                                      3359P   3457
126,12,3,0,0,1,0,0D0,0D0,0D0,0D0,1D-1,2D-1,3D-1,4D-1,5D-1,6D-1,     3361P   3458
7D-1,8D-1,9D-1,1D0,1D0,1D0,1D0,1D0,1D0,1D0,1D0,1D0,1D0,1D0,1D0,     3361P   3459
1D0,1D0,1D0,1D0,1D0,-3.2035D0,-8.88D-1,0D0,-3.203404904336D0,       3361P   3460
-8.700106486836D-1,0D0,-3.209232812363D0,-8.341389757476D-1,0D0,    3361P   3461
-3.233940644957D0,-7.855191246461D-1,0D0,-3.272526120596D0,         3361P   3462
-7.469535010588D-1,0D0,-3.321123848048D0,-7.221883839067D-1,0D0,    3361P   3463
-3.375D0,-7.136558080466D-1,0D0,-3.428876151952D0,                  3361P   3464
-7.221883839067D-1,0D0,-3.477473879404D0,-7.469535010588D-1,0D0,    3361P   3465
-3.516059355043D0,-7.855191246461D-1,0D0,-3.540767187637D0,         3361P   3466
-8.341389757476D-1,0D0,-3.546595095664D0,-8.700106486836D-1,0D0,    3361P   3467
-3.5465D0,-8.88D-1,0D0,0D0,1D0,0D0,0D0,1D0;                         3361P   3468
126,12,3,0,0,1,0,0D0,0D0,0D0,0D0,1D-1,2D-1,3D-1,4D-1,5D-1,6D-1,     3363P   3469
7D-1,8D-1,9D-1,1D0,1D0,1D0,1D0,1D0,1D0,1D0,1D0,1D0,1D0,1D0,1D0,     3363P   3470
1D0,1D0,1D0,1D0,1D0,-3.5465D0,-8.88D-1,0D0,-3.546595095664D0,       3363P   3471
-9.059893513164D-1,0D0,-3.540767187637D0,-9.418610242524D-1,0D0,    3363P   3472
-3.516059355043D0,-9.904808753539D-1,0D0,-3.477473879404D0,         3363P   3473
-1.029046498941D0,0D0,-3.428876151952D0,-1.053811616093D0,0D0,      3363P   3474
-3.375D0,-1.062344191953D0,0D0,-3.321123848048D0,                   3363P   3475
-1.053811616093D0,0D0,-3.272526120596D0,-1.029046498941D0,0D0,      3363P   3476
-3.233940644957D0,-9.904808753539D-1,0D0,-3.209232812363D0,         3363P   3477
-9.418610242524D-1,0D0,-3.203404904336D0,-9.059893513164D-1,0D0,    3363P   3478
-3.2035D0,-8.88D-1,0D0,0D0,1D0,0D0,0D0,1D0;                         3363P   3479
102,2,3361,3363;                                                    3365P   3480
142,0,3357,3365,3359,1;                                             3367P   3481
144,3357,1,0,3367;                                                  3369P   3482
110,-3.375D0,0D0,8.88D-1,-3.375D0,1D0,8.88D-1;                      3371P   3483
110,-3.2035D0,-1.322770950532D0,8.88D-1,-3.2035D0,                  3373P   3484
-1.051229049468D0,8.88D-1;                                          3373P   3485
120,3371,3373,-6.283185307180D-2,3.204424506662D0;                  3375P   3486
124,-1D0,0D0,0D0,-3.375D0,0D0,0D0,-1D0,-1.312D0,0D0,-1D0,0D0,       3377P   3487
8.88D-1;                                                            3377P   3488
100,0D0,0D0,0D0,1.715D-1,0D0,-1.715D-1,0D0;                         3379P   3489
110,-3.2035D0,-1.312D0,8.88D-1,-3.2035D0,-1.062D0,8.88D-1;          3381P   3490
102,4,523,811,3379,3381;                                            3383P   3491
110,9.603341123794D-1,0D0,0D0,9.603341123794D-1,                    3385P   3492
3.141592653590D0,0D0;                                               3385P   3493
110,9.603341123794D-1,3.141592653590D0,0D0,3.966588762057D-2,       3387P   3494
3.141592653590D0,0D0;                                               3387P   3495
110,3.966588762057D-2,3.141592653590D0,0D0,3.966588762057D-2,       3389P   3496
0D0,0D0;                                                            3389P   3497
110,3.966588762057D-2,0D0,0D0,9.603341123794D-1,0D0,0D0;            3391P   3498
102,4,3385,3387,3389,3391;                                          3393P   3499
142,0,3375,3393,3383,1;                                             3395P   3500
144,3375,1,0,3395;                                                  3397P   3501
110,-3.375D0,0D0,8.88D-1,-3.375D0,1D0,8.88D-1;                      3399P   3502
110,-3.2035D0,-1.322770950532D0,8.88D-1,-3.2035D0,                  3401P   3503
-1.051229049468D0,8.88D-1;                                          3401P   3504
120,3399,3401,3.078760800518D0,6.346017160251D0;                    3403P   3505
124,1D0,0D0,0D0,-3.375D0,0D0,0D0,-1D0,-1.312D0,0D0,1D0,0D0,         3405P   3506
8.88D-1;                                                            3405P   3507
100,0D0,0D0,0D0,1.715D-1,0D0,-1.715D-1,0D0;                         3407P   3508
110,-3.5465D0,-1.312D0,8.88D-1,-3.5465D0,-1.062D0,8.88D-1;          3409P   3509
102,4,527,809,3407,3409;                                            3411P   3510
110,9.603341123794D-1,3.141592653590D0,0D0,9.603341123794D-1,       3413P   3511
6.283185307180D0,0D0;                                               3413P   3512
110,9.603341123794D-1,6.283185307180D0,0D0,3.966588762057D-2,       3415P   3513
6.283185307180D0,0D0;                                               3415P   3514
110,3.966588762057D-2,6.283185307180D0,0D0,3.966588762057D-2,       3417P   3515
3.141592653590D0,0D0;                                               3417P   3516
110,3.966588762057D-2,3.141592653590D0,0D0,9.603341123794D-1,       3419P   3517
3.141592653590D0,0D0;                                               3419P   3518
102,4,3413,3415,3417,3419;                                          3421P   3519
142,0,3403,3421,3411,1;                                             3423P   3520
144,3403,1,0,3423;                                                  3425P   3521
110,-3D0,-1.87D-1,-1.4241D0,-3D0,-1.87D-1,-4.241D-1;                3427P   3522
110,-3D0,-1.405D-1,-1.512270950532D0,-3D0,-1.405D-1,                3429P   3523
-1.419229049468D0;                                                  3429P   3524
120,3427,3429,1.339162982023D0,4.944022325156D0;                    3431P   3525
102,4,819,107,815,97;                                               3433P   3526
110,1.157645147909D-1,4.712388980385D0,0D0,1.157645147909D-1,       3435P   3527
1.570796326795D0,0D0;                                               3435P   3528
110,1.157645147909D-1,1.570796326795D0,0D0,8.842354852091D-1,       3437P   3529
1.570796326795D0,0D0;                                               3437P   3530
110,8.842354852091D-1,1.570796326795D0,0D0,8.842354852091D-1,       3439P   3531
4.712388980385D0,0D0;                                               3439P   3532
110,8.842354852091D-1,4.712388980385D0,0D0,1.157645147909D-1,       3441P   3533
4.712388980385D0,0D0;                                               3441P   3534
102,4,3435,3437,3439,3441;                                          3443P   3535
142,0,3431,3443,3433,1;                                             3445P   3536
144,3431,1,0,3445;                                                  3447P   3537
110,-3D0,-1.87D-1,-1.5015D0,-3D0,-1.87D-1,-5.015D-1;                3449P   3538
124,0D0,0D0,1D0,-3D0,0D0,1D0,0D0,-1.87D-1,-1D0,0D0,0D0,             3451P   3539
-1.5015D0;                                                          3451P   3540
100,0D0,0D0,0D0,4.65D-2,0D0,-1.067489115138D-2,                     3453P   3541
4.525811196798D-2;                                                  3453P   3542
120,3449,3453,1.339162982023D0,4.944022325156D0;                    3455P   3543
124,-1D0,0D0,0D0,-3D0,0D0,-1D0,0D0,-1.87D-1,0D0,0D0,1D0,            3457P   3544
-1.5015D0;                                                          3457P   3545
100,0D0,0D0,0D0,4.65D-2,0D0,-4.65D-2,0D0;                           3459P   3546
102,3,105,3459,101;                                                 3461P   3547
110,0D0,1.570796326795D0,0D0,1.570796326795D0,1.570796326795D0,     3463P   3548
0D0;                                                                3463P   3549
110,1.570796326795D0,1.570796326795D0,0D0,1.570796326795D0,         3465P   3550
4.712388980385D0,0D0;                                               3465P   3551
110,1.570796326795D0,4.712388980385D0,0D0,0D0,4.712388980385D0,     3467P   3552
0D0;                                                                3467P   3553
110,0D0,4.712388980385D0,0D0,0D0,1.570796326795D0,0D0;              3469P   3554
102,4,3463,3465,3467,3469;                                          3471P   3555
142,0,3455,3471,3461,1;                                             3473P   3556
144,3455,1,0,3473;                                                  3475P   3557
110,-2.25D0,-1.87D-1,-1.4241D0,-2.25D0,-1.87D-1,-4.241D-1;          3477P   3558
110,-2.25D0,-1.405D-1,-1.512270950532D0,-2.25D0,-1.405D-1,          3479P   3559
-1.419229049468D0;                                                  3479P   3560
120,3477,3479,1.339162982023D0,4.944022325156D0;                    3481P   3561
102,4,827,95,823,85;                                                3483P   3562
110,1.157645147909D-1,4.712388980385D0,0D0,1.157645147909D-1,       3485P   3563
1.570796326795D0,0D0;                                               3485P   3564
110,1.157645147909D-1,1.570796326795D0,0D0,8.842354852091D-1,       3487P   3565
1.570796326795D0,0D0;                                               3487P   3566
110,8.842354852091D-1,1.570796326795D0,0D0,8.842354852091D-1,       3489P   3567
4.712388980385D0,0D0;                                               3489P   3568
110,8.842354852091D-1,4.712388980385D0,0D0,1.157645147909D-1,       3491P   3569
4.712388980385D0,0D0;                                               3491P   3570
102,4,3485,3487,3489,3491;                                          3493P   3571
142,0,3481,3493,3483,1;                                             3495P   3572
144,3481,1,0,3495;                                                  3497P   3573
110,-2.25D0,-1.87D-1,-1.5015D0,-2.25D0,-1.87D-1,-5.015D-1;          3499P   3574
124,0D0,0D0,1D0,-2.25D0,0D0,1D0,0D0,-1.87D-1,-1D0,0D0,0D0,          3501P   3575
-1.5015D0;                                                          3501P   3576
100,0D0,0D0,0D0,4.65D-2,0D0,-1.067489115138D-2,                     3503P   3577
4.525811196798D-2;                                                  3503P   3578
120,3499,3503,1.339162982023D0,4.944022325156D0;                    3505P   3579
124,-1D0,0D0,0D0,-2.25D0,0D0,-1D0,0D0,-1.87D-1,0D0,0D0,1D0,         3507P   3580
-1.5015D0;                                                          3507P   3581
100,0D0,0D0,0D0,4.65D-2,0D0,-4.65D-2,0D0;                           3509P   3582
102,3,93,3509,89;                                                   3511P   3583
110,0D0,1.570796326795D0,0D0,1.570796326795D0,1.570796326795D0,     3513P   3584
0D0;                                                                3513P   3585
110,1.570796326795D0,1.570796326795D0,0D0,1.570796326795D0,         3515P   3586
4.712388980385D0,0D0;                                               3515P   3587
110,1.570796326795D0,4.712388980385D0,0D0,0D0,4.712388980385D0,     3517P   3588
0D0;                                                                3517P   3589
110,0D0,4.712388980385D0,0D0,0D0,1.570796326795D0,0D0;              3519P   3590
102,4,3513,3515,3517,3519;                                          3521P   3591
142,0,3505,3521,3511,1;                                             3523P   3592
144,3505,1,0,3523;                                                  3525P   3593
110,-1.5D0,-1.87D-1,-1.4241D0,-1.5D0,-1.87D-1,-4.241D-1;            3527P   3594
110,-1.5D0,-1.405D-1,-1.512270950532D0,-1.5D0,-1.405D-1,            3529P   3595
-1.419229049468D0;                                                  3529P   3596
120,3527,3529,1.339162982023D0,4.944022325156D0;                    3531P   3597
102,4,835,83,831,73;                                                3533P   3598
110,1.157645147909D-1,4.712388980385D0,0D0,1.157645147909D-1,       3535P   3599
1.570796326795D0,0D0;                                               3535P   3600
110,1.157645147909D-1,1.570796326795D0,0D0,8.842354852091D-1,       3537P   3601
1.570796326795D0,0D0;                                               3537P   3602
110,8.842354852091D-1,1.570796326795D0,0D0,8.842354852091D-1,       3539P   3603
4.712388980385D0,0D0;                                               3539P   3604
110,8.842354852091D-1,4.712388980385D0,0D0,1.157645147909D-1,       3541P   3605
4.712388980385D0,0D0;                                               3541P   3606
102,4,3535,3537,3539,3541;                                          3543P   3607
142,0,3531,3543,3533,1;                                             3545P   3608
144,3531,1,0,3545;                                                  3547P   3609
110,-1.5D0,-1.87D-1,-1.5015D0,-1.5D0,-1.87D-1,-5.015D-1;            3549P   3610
124,0D0,0D0,1D0,-1.5D0,0D0,1D0,0D0,-1.87D-1,-1D0,0D0,0D0,           3551P   3611
-1.5015D0;                                                          3551P   3612
100,0D0,0D0,0D0,4.65D-2,0D0,-1.067489115138D-2,                     3553P   3613
4.525811196798D-2;                                                  3553P   3614
120,3549,3553,1.339162982023D0,4.944022325156D0;                    3555P   3615
124,-1D0,0D0,0D0,-1.5D0,0D0,-1D0,0D0,-1.87D-1,0D0,0D0,1D0,          3557P   3616
-1.5015D0;                                                          3557P   3617
100,0D0,0D0,0D0,4.65D-2,0D0,-4.65D-2,0D0;                           3559P   3618
102,3,81,3559,77;                                                   3561P   3619
110,0D0,1.570796326795D0,0D0,1.570796326795D0,1.570796326795D0,     3563P   3620
0D0;                                                                3563P   3621
110,1.570796326795D0,1.570796326795D0,0D0,1.570796326795D0,         3565P   3622
4.712388980385D0,0D0;                                               3565P   3623
110,1.570796326795D0,4.712388980385D0,0D0,0D0,4.712388980385D0,     3567P   3624
0D0;                                                                3567P   3625
110,0D0,4.712388980385D0,0D0,0D0,1.570796326795D0,0D0;              3569P   3626
102,4,3563,3565,3567,3569;                                          3571P   3627
142,0,3555,3571,3561,1;                                             3573P   3628
144,3555,1,0,3573;                                                  3575P   3629
110,2.625D0,0D0,8.88D-1,2.625D0,1D0,8.88D-1;                        3577P   3630
110,2.6875D0,-1.572770950532D0,8.88D-1,2.6875D0,                    3579P   3631
-1.051229049468D0,8.88D-1;                                          3579P   3632
120,3577,3579,-1.723352085099D-1,3.313927862100D0;                  3581P   3633
124,-1D0,0D0,0D0,2.625D0,0D0,0D0,-1D0,-1.562D0,0D0,-1D0,0D0,        3583P   3634
8.88D-1;                                                            3583P   3635
100,0D0,0D0,0D0,6.25D-2,0D0,-6.25D-2,0D0;                           3585P   3636
110,2.6875D0,-1.562D0,8.88D-1,2.6875D0,-1.062D0,8.88D-1;            3587P   3637
102,4,3585,3587,491,839;                                            3589P   3638
110,2.065212883165D-2,3.141592653590D0,0D0,2.065212883165D-2,       3591P   3639
0D0,0D0;                                                            3591P   3640
110,2.065212883165D-2,0D0,0D0,9.793478711684D-1,0D0,0D0;            3593P   3641
110,9.793478711684D-1,0D0,0D0,9.793478711684D-1,                    3595P   3642
3.141592653590D0,0D0;                                               3595P   3643
110,9.793478711684D-1,3.141592653590D0,0D0,2.065212883165D-2,       3597P   3644
3.141592653590D0,0D0;                                               3597P   3645
102,4,3591,3593,3595,3597;                                          3599P   3646
142,0,3581,3599,3589,1;                                             3601P   3647
144,3581,1,0,3601;                                                  3603P   3648
110,2.625D0,0D0,8.88D-1,2.625D0,1D0,8.88D-1;                        3605P   3649
110,2.6875D0,-1.572770950532D0,8.88D-1,2.6875D0,                    3607P   3650
-1.051229049468D0,8.88D-1;                                          3607P   3651
120,3605,3607,2.969257445080D0,6.455520515690D0;                    3609P   3652
124,1D0,0D0,0D0,2.625D0,0D0,0D0,-1D0,-1.562D0,0D0,1D0,0D0,          3611P   3653
8.88D-1;                                                            3611P   3654
100,0D0,0D0,0D0,6.25D-2,0D0,-6.25D-2,0D0;                           3613P   3655
110,2.5625D0,-1.562D0,8.88D-1,2.5625D0,-1.062D0,8.88D-1;            3615P   3656
102,4,3613,3615,495,837;                                            3617P   3657
110,2.065212883165D-2,6.283185307180D0,0D0,2.065212883165D-2,       3619P   3658
3.141592653590D0,0D0;                                               3619P   3659
110,2.065212883165D-2,3.141592653590D0,0D0,9.793478711684D-1,       3621P   3660
3.141592653590D0,0D0;                                               3621P   3661
110,9.793478711684D-1,3.141592653590D0,0D0,9.793478711684D-1,       3623P   3662
6.283185307180D0,0D0;                                               3623P   3663
110,9.793478711684D-1,6.283185307180D0,0D0,2.065212883165D-2,       3625P   3664
6.283185307180D0,0D0;                                               3625P   3665
102,4,3619,3621,3623,3625;                                          3627P   3666
142,0,3609,3627,3617,1;                                             3629P   3667
144,3609,1,0,3629;                                                  3631P   3668
110,1.125D0,0D0,8.88D-1,1.125D0,1D0,8.88D-1;                        3633P   3669
110,1.1875D0,-1.572770950532D0,8.88D-1,1.1875D0,                    3635P   3670
-1.051229049468D0,8.88D-1;                                          3635P   3671
120,3633,3635,-1.723352085099D-1,3.313927862100D0;                  3637P   3672
124,-1D0,0D0,0D0,1.125D0,0D0,0D0,-1D0,-1.562D0,0D0,-1D0,0D0,        3639P   3673
8.88D-1;                                                            3639P   3674
100,0D0,0D0,0D0,6.25D-2,0D0,-6.25D-2,0D0;                           3641P   3675
110,1.1875D0,-1.562D0,8.88D-1,1.1875D0,-1.062D0,8.88D-1;            3643P   3676
102,4,3641,3643,499,843;                                            3645P   3677
110,2.065212883165D-2,3.141592653590D0,0D0,2.065212883165D-2,       3647P   3678
0D0,0D0;                                                            3647P   3679
110,2.065212883165D-2,0D0,0D0,9.793478711684D-1,0D0,0D0;            3649P   3680
110,9.793478711684D-1,0D0,0D0,9.793478711684D-1,                    3651P   3681
3.141592653590D0,0D0;                                               3651P   3682
110,9.793478711684D-1,3.141592653590D0,0D0,2.065212883165D-2,       3653P   3683
3.141592653590D0,0D0;                                               3653P   3684
102,4,3647,3649,3651,3653;                                          3655P   3685
142,0,3637,3655,3645,1;                                             3657P   3686
144,3637,1,0,3657;                                                  3659P   3687
110,1.125D0,0D0,8.88D-1,1.125D0,1D0,8.88D-1;                        3661P   3688
110,1.1875D0,-1.572770950532D0,8.88D-1,1.1875D0,                    3663P   3689
-1.051229049468D0,8.88D-1;                                          3663P   3690
120,3661,3663,2.969257445080D0,6.455520515690D0;                    3665P   3691
124,1D0,0D0,0D0,1.125D0,0D0,0D0,-1D0,-1.562D0,0D0,1D0,0D0,          3667P   3692
8.88D-1;                                                            3667P   3693
100,0D0,0D0,0D0,6.25D-2,0D0,-6.25D-2,0D0;                           3669P   3694
110,1.0625D0,-1.562D0,8.88D-1,1.0625D0,-1.062D0,8.88D-1;            3671P   3695
102,4,3669,3671,503,841;                                            3673P   3696
110,2.065212883165D-2,6.283185307180D0,0D0,2.065212883165D-2,       3675P   3697
3.141592653590D0,0D0;                                               3675P   3698
110,2.065212883165D-2,3.141592653590D0,0D0,9.793478711684D-1,       3677P   3699
3.141592653590D0,0D0;                                               3677P   3700
110,9.793478711684D-1,3.141592653590D0,0D0,9.793478711684D-1,       3679P   3701
6.283185307180D0,0D0;                                               3679P   3702
110,9.793478711684D-1,6.283185307180D0,0D0,2.065212883165D-2,       3681P   3703
6.283185307180D0,0D0;                                               3681P   3704
102,4,3675,3677,3679,3681;                                          3683P   3705
142,0,3665,3683,3673,1;                                             3685P   3706
144,3665,1,0,3685;                                                  3687P   3707
110,-1.125D0,0D0,8.88D-1,-1.125D0,1D0,8.88D-1;                      3689P   3708
110,-1.0625D0,-1.572770950532D0,8.88D-1,-1.0625D0,                  3691P   3709
-1.051229049468D0,8.88D-1;                                          3691P   3710
120,3689,3691,-1.723352085099D-1,3.313927862100D0;                  3693P   3711
124,-1D0,0D0,0D0,-1.125D0,0D0,0D0,-1D0,-1.562D0,0D0,-1D0,0D0,       3695P   3712
8.88D-1;                                                            3695P   3713
100,0D0,0D0,0D0,6.25D-2,0D0,-6.25D-2,0D0;                           3697P   3714
110,-1.0625D0,-1.562D0,8.88D-1,-1.0625D0,-1.062D0,8.88D-1;          3699P   3715
102,4,3697,3699,507,847;                                            3701P   3716
110,2.065212883165D-2,3.141592653590D0,0D0,2.065212883165D-2,       3703P   3717
0D0,0D0;                                                            3703P   3718
110,2.065212883165D-2,0D0,0D0,9.793478711684D-1,0D0,0D0;            3705P   3719
110,9.793478711684D-1,0D0,0D0,9.793478711684D-1,                    3707P   3720
3.141592653590D0,0D0;                                               3707P   3721
110,9.793478711684D-1,3.141592653590D0,0D0,2.065212883165D-2,       3709P   3722
3.141592653590D0,0D0;                                               3709P   3723
102,4,3703,3705,3707,3709;                                          3711P   3724
142,0,3693,3711,3701,1;                                             3713P   3725
144,3693,1,0,3713;                                                  3715P   3726
110,-1.125D0,0D0,8.88D-1,-1.125D0,1D0,8.88D-1;                      3717P   3727
110,-1.0625D0,-1.572770950532D0,8.88D-1,-1.0625D0,                  3719P   3728
-1.051229049468D0,8.88D-1;                                          3719P   3729
120,3717,3719,2.969257445080D0,6.455520515690D0;                    3721P   3730
124,1D0,0D0,0D0,-1.125D0,0D0,0D0,-1D0,-1.562D0,0D0,1D0,0D0,         3723P   3731
8.88D-1;                                                            3723P   3732
100,0D0,0D0,0D0,6.25D-2,0D0,-6.25D-2,0D0;                           3725P   3733
110,-1.1875D0,-1.562D0,8.88D-1,-1.1875D0,-1.062D0,8.88D-1;          3727P   3734
102,4,3725,3727,511,845;                                            3729P   3735
110,2.065212883165D-2,6.283185307180D0,0D0,2.065212883165D-2,       3731P   3736
3.141592653590D0,0D0;                                               3731P   3737
110,2.065212883165D-2,3.141592653590D0,0D0,9.793478711684D-1,       3733P   3738
3.141592653590D0,0D0;                                               3733P   3739
110,9.793478711684D-1,3.141592653590D0,0D0,9.793478711684D-1,       3735P   3740
6.283185307180D0,0D0;                                               3735P   3741
110,9.793478711684D-1,6.283185307180D0,0D0,2.065212883165D-2,       3737P   3742
6.283185307180D0,0D0;                                               3737P   3743
102,4,3731,3733,3735,3737;                                          3739P   3744
142,0,3721,3739,3729,1;                                             3741P   3745
144,3721,1,0,3741;                                                  3743P   3746
110,-2.625D0,0D0,8.88D-1,-2.625D0,1D0,8.88D-1;                      3745P   3747
110,-2.5625D0,-1.572770950532D0,8.88D-1,-2.5625D0,                  3747P   3748
-1.051229049468D0,8.88D-1;                                          3747P   3749
120,3745,3747,-1.723352085099D-1,3.313927862100D0;                  3749P   3750
124,-1D0,0D0,0D0,-2.625D0,0D0,0D0,-1D0,-1.562D0,0D0,-1D0,0D0,       3751P   3751
8.88D-1;                                                            3751P   3752
100,0D0,0D0,0D0,6.25D-2,0D0,-6.25D-2,0D0;                           3753P   3753
110,-2.5625D0,-1.562D0,8.88D-1,-2.5625D0,-1.062D0,8.88D-1;          3755P   3754
102,4,3753,3755,515,851;                                            3757P   3755
110,2.065212883165D-2,3.141592653590D0,0D0,2.065212883165D-2,       3759P   3756
0D0,0D0;                                                            3759P   3757
110,2.065212883165D-2,0D0,0D0,9.793478711684D-1,0D0,0D0;            3761P   3758
110,9.793478711684D-1,0D0,0D0,9.793478711684D-1,                    3763P   3759
3.141592653590D0,0D0;                                               3763P   3760
110,9.793478711684D-1,3.141592653590D0,0D0,2.065212883165D-2,       3765P   3761
3.141592653590D0,0D0;                                               3765P   3762
102,4,3759,3761,3763,3765;                                          3767P   3763
142,0,3749,3767,3757,1;                                             3769P   3764
144,3749,1,0,3769;                                                  3771P   3765
110,-2.625D0,0D0,8.88D-1,-2.625D0,1D0,8.88D-1;                      3773P   3766
110,-2.5625D0,-1.572770950532D0,8.88D-1,-2.5625D0,                  3775P   3767
-1.051229049468D0,8.88D-1;                                          3775P   3768
120,3773,3775,2.969257445080D0,6.455520515690D0;                    3777P   3769
124,1D0,0D0,0D0,-2.625D0,0D0,0D0,-1D0,-1.562D0,0D0,1D0,0D0,         3779P   3770
8.88D-1;                                                            3779P   3771
100,0D0,0D0,0D0,6.25D-2,0D0,-6.25D-2,0D0;                           3781P   3772
110,-2.6875D0,-1.562D0,8.88D-1,-2.6875D0,-1.062D0,8.88D-1;          3783P   3773
102,4,3781,3783,519,849;                                            3785P   3774
110,2.065212883165D-2,6.283185307180D0,0D0,2.065212883165D-2,       3787P   3775
3.141592653590D0,0D0;                                               3787P   3776
110,2.065212883165D-2,3.141592653590D0,0D0,9.793478711684D-1,       3789P   3777
3.141592653590D0,0D0;                                               3789P   3778
110,9.793478711684D-1,3.141592653590D0,0D0,9.793478711684D-1,       3791P   3779
6.283185307180D0,0D0;                                               3791P   3780
110,9.793478711684D-1,6.283185307180D0,0D0,2.065212883165D-2,       3793P   3781
6.283185307180D0,0D0;                                               3793P   3782
102,4,3787,3789,3791,3793;                                          3795P   3783
142,0,3777,3795,3785,1;                                             3797P   3784
144,3777,1,0,3797;                                                  3799P   3785
110,3.344D0,-1.577124892169D0,-1.594D0,3.344D0,                     3801P   3786
-5.771248921690D-1,-1.594D0;                                        3801P   3787
110,3.875D0,-1.585881837051D0,-1.594D0,3.875D0,                     3803P   3788
-3.440263104049D-1,-1.594D0;                                        3803P   3789
120,3801,3803,-3.141592653590D-2,1.602212253331D0;                  3805P   3790
102,7,335,853,857,859,863,865,455;                                  3807P   3791
110,9.758637869285D-1,2.461071949310D-1,0D0,9.807692307692D-1,      3809P   3792
2.461071949310D-1,0D0;                                              3809P   3793
126,4,3,0,0,1,0,0D0,0D0,0D0,0D0,5.001046516602D-1,1D0,1D0,1D0,      3811P   3794
1D0,1D0,1D0,1D0,1D0,1D0,9.807692307692D-1,2.461071949310D-1,0D0,    3811P   3795
9.799514624079D-1,2.466355746910D-1,0D0,9.783162912039D-1,          3811P   3796
2.476923099540D-1,0D0,9.766811665239D-1,2.487494388944D-1,0D0,      3811P   3797
9.758637869285D-1,2.492779911124D-1,0D0,0D0,1D0,0D0,0D0,1D0;        3811P   3798
110,9.758637869285D-1,2.492779911124D-1,0D0,9.758637869285D-1,      3813P   3799
1.570796326795D0,0D0;                                               3813P   3800
110,9.758637869285D-1,1.570796326795D0,0D0,1.923076923077D-2,       3815P   3801
1.570796326795D0,0D0;                                               3815P   3802
110,1.923076923077D-2,1.570796326795D0,0D0,1.923076923077D-2,       3817P   3803
0D0,0D0;                                                            3817P   3804
110,1.923076923077D-2,0D0,0D0,9.758637869285D-1,0D0,0D0;            3819P   3805
110,9.758637869285D-1,0D0,0D0,9.758637869285D-1,                    3821P   3806
2.461071949310D-1,0D0;                                              3821P   3807
102,7,3809,3811,3813,3815,3817,3819,3821;                           3823P   3808
142,0,3805,3823,3807,1;                                             3825P   3809
144,3805,1,0,3825;                                                  3827P   3810
128,1,1,1,1,0,0,1,0,0,-1.077095053187D-2,-1.077095053187D-2,        3829P   3811
4.107709505319D-1,4.107709505319D-1,-8.662930701739D0,              3829P   3812
-8.662930701739D0,-6.370692982608D-1,-6.370692982608D-1,1D0,1D0,    3829P   3813
1D0,1D0,-4.012930701739D0,-3.74D-1,-1.714229049468D0,               3829P   3814
-4.012930701739D0,-3.74D-1,-2.135770950532D0,4.012930701739D0,      3829P   3815
-3.74D-1,-1.714229049468D0,4.012930701739D0,-3.74D-1,               3829P   3816
-2.135770950532D0,-1.077095053187D-2,4.107709505319D-1,             3829P   3817
-8.662930701739D0,-6.370692982608D-1;                               3829P   3818
124,0D0,1D0,0D0,3.344D0,0D0,0D0,-1D0,-3.74D-1,-1D0,0D0,0D0,         3831P   3819
-1.594D0;                                                           3831P   3820
100,0D0,0D0,0D0,5.31D-1,0D0,1.31D-1,5.145872132107D-1;              3833P   3821
124,-9.690907970071D-1,2.467043314501D-1,0D0,-3.344D0,0D0,0D0,      3835P   3822
-1D0,-3.74D-1,-2.467043314501D-1,-9.690907970071D-1,0D0,            3835P   3823
-1.594D0;                                                           3835P   3824
100,0D0,0D0,0D0,5.31D-1,0D0,1.31D-1,5.145872132107D-1;              3837P   3825
102,4,3833,867,3837,869;                                            3839P   3826
126,9,3,0,0,1,0,0D0,0D0,0D0,0D0,1.427606303777D-1,                  3841P   3827
2.859481089462D-1,4.283310589635D-1,5.716689410365D-1,              3841P   3828
7.140518910538D-1,8.572393696223D-1,1D0,1D0,1D0,1D0,1D0,1D0,1D0,    3841P   3829
1D0,1D0,1D0,1D0,1D0,1D0,1D0,4D-1,-1.306D0,0D0,4.000400051214D-1,    3841P   3830
-1.272600322936D0,0D0,3.936535474624D-1,-1.205725848757D0,0D0,      3841P   3831
3.655475037120D-1,-1.109091256886D0,0D0,3.197285885025D-1,          3841P   3832
-1.019340485254D0,0D0,2.579957927073D-1,-9.399232168736D-1,0D0,     3841P   3833
1.823228707381D-1,-8.733786237024D-1,0D0,9.560905981643D-2,         3841P   3834
-8.223011429811D-1,0D0,3.237718910294D-2,-7.996138631951D-1,0D0,    3841P   3835
0D0,-7.914127867893D-1,0D0,0D0,1D0,0D0,0D0,1D0;                     3841P   3836
110,0D0,-7.914127867893D-1,0D0,0D0,-8.508587213211D0,0D0;           3843P   3837
126,9,3,0,0,1,0,0D0,0D0,0D0,0D0,1.427606303777D-1,                  3845P   3838
2.859481089462D-1,4.283310589635D-1,5.716689410365D-1,              3845P   3839
7.140518910538D-1,8.572393696223D-1,1D0,1D0,1D0,1D0,1D0,1D0,1D0,    3845P   3840
1D0,1D0,1D0,1D0,1D0,1D0,1D0,0D0,-8.508587213211D0,0D0,              3845P   3841
3.237718910294D-2,-8.500386136805D0,0D0,9.560905981643D-2,          3845P   3842
-8.477698857019D0,0D0,1.823228707381D-1,-8.426621376298D0,0D0,      3845P   3843
2.579957927073D-1,-8.360076783126D0,0D0,3.197285885025D-1,          3845P   3844
-8.280659514746D0,0D0,3.655475037120D-1,-8.190908743114D0,0D0,      3845P   3845
3.936535474624D-1,-8.094274151243D0,0D0,4.000400051214D-1,          3845P   3846
-8.027399677064D0,0D0,4D-1,-7.994D0,0D0,0D0,1D0,0D0,0D0,1D0;        3845P   3847
110,4D-1,-7.994D0,0D0,4D-1,-1.306D0,0D0;                            3847P   3848
102,4,3841,3843,3845,3847;                                          3849P   3849
142,0,3829,3849,3839,1;                                             3851P   3850
144,3829,1,0,3851;                                                  3853P   3851
128,1,1,1,1,0,0,1,0,0,-2.376D-2,-2.376D-2,1.21176D0,1.21176D0,      3855P   3852
3.9724D-1,3.9724D-1,7.35276D0,7.35276D0,1D0,1D0,1D0,1D0,            3855P   3853
-3.47776D0,-1.58576D0,-2.125D0,-3.47776D0,-3.5024D-1,-2.125D0,      3855P   3854
3.47776D0,-1.58576D0,-2.125D0,3.47776D0,-3.5024D-1,-2.125D0,        3855P   3855
-2.376D-2,1.21176D0,3.9724D-1,7.35276D0;                            3855P   3856
110,3.344D0,-1.562D0,-2.125D0,-3.344D0,-1.562D0,-2.125D0;           3857P   3857
102,4,859,3857,355,869;                                             3859P   3858
110,1.188D0,7.219D0,0D0,0D0,7.219D0,0D0;                            3861P   3859
110,0D0,7.219D0,0D0,0D0,5.31D-1,0D0;                                3863P   3860
110,0D0,5.31D-1,0D0,1.188D0,5.31D-1,0D0;                            3865P   3861
110,1.188D0,5.31D-1,0D0,1.188D0,7.219D0,0D0;                        3867P   3862
102,4,3861,3863,3865,3867;                                          3869P   3863
142,0,3855,3869,3859,1;                                             3871P   3864
144,3855,1,0,3871;                                                  3873P   3865
110,-7.5D-1,-1.87D-1,1.5015D0,-7.5D-1,-1.87D-1,2.5015D0;            3875P   3866
124,0D0,0D0,1D0,-7.5D-1,9.732927304942D-1,2.295675516426D-1,0D0,    3877P   3867
-1.87D-1,-2.295675516426D-1,9.732927304942D-1,0D0,1.5015D0;         3877P   3868
100,0D0,0D0,0D0,4.65D-2,0D0,-1.067489115138D-2,                     3879P   3869
4.525811196798D-2;                                                  3879P   3870
120,3875,3879,1.339162982023D0,4.944022325156D0;                    3881P   3871
124,1D0,0D0,0D0,-7.5D-1,0D0,-1D0,0D0,-1.87D-1,0D0,0D0,-1D0,         3883P   3872
1.5015D0;                                                           3883P   3873
100,0D0,0D0,0D0,4.65D-2,0D0,-4.65D-2,0D0;                           3885P   3874
102,3,3885,173,177;                                                 3887P   3875
110,2.316333447714D-1,4.712388980385D0,0D0,2.316333447714D-1,       3889P   3876
1.570796326795D0,0D0;                                               3889P   3877
110,2.316333447714D-1,1.570796326795D0,0D0,1.802429671566D0,        3891P   3878
1.570796326795D0,0D0;                                               3891P   3879
110,1.802429671566D0,1.570796326795D0,0D0,1.802429671566D0,         3893P   3880
4.712388980385D0,0D0;                                               3893P   3881
110,1.802429671566D0,4.712388980385D0,0D0,2.316333447714D-1,        3895P   3882
4.712388980385D0,0D0;                                               3895P   3883
102,4,3889,3891,3893,3895;                                          3897P   3884
142,0,3881,3897,3887,1;                                             3899P   3885
144,3881,1,0,3899;                                                  3901P   3886
110,7.5D-1,-1.87D-1,1.4241D0,7.5D-1,-1.87D-1,4.241D-1;              3903P   3887
110,7.5D-1,-1.405D-1,1.512270950532D0,7.5D-1,-1.405D-1,             3905P   3888
1.419229049468D0;                                                   3905P   3889
120,3903,3905,1.339162982023D0,4.944022325156D0;                    3907P   3890
124,1D0,0D0,0D0,7.5D-1,0D0,-1D0,0D0,-1.87D-1,0D0,0D0,-1D0,          3909P   3891
1.43D0;                                                             3909P   3892
100,0D0,0D0,0D0,4.65D-2,0D0,-4.65D-2,0D0;                           3911P   3893
102,4,883,191,3911,181;                                             3913P   3894
110,1.157645147909D-1,4.712388980385D0,0D0,1.157645147909D-1,       3915P   3895
1.570796326795D0,0D0;                                               3915P   3896
110,1.157645147909D-1,1.570796326795D0,0D0,8.842354852091D-1,       3917P   3897
1.570796326795D0,0D0;                                               3917P   3898
110,8.842354852091D-1,1.570796326795D0,0D0,8.842354852091D-1,       3919P   3899
4.712388980385D0,0D0;                                               3919P   3900
110,8.842354852091D-1,4.712388980385D0,0D0,1.157645147909D-1,       3921P   3901
4.712388980385D0,0D0;                                               3921P   3902
102,4,3915,3917,3919,3921;                                          3923P   3903
142,0,3907,3923,3913,1;                                             3925P   3904
144,3907,1,0,3925;                                                  3927P   3905
110,7.5D-1,-1.87D-1,1.5015D0,7.5D-1,-1.87D-1,5.015D-1;              3929P   3906
124,0D0,0D0,-1D0,7.5D-1,0D0,1D0,0D0,-1.87D-1,1D0,0D0,0D0,           3931P   3907
1.5015D0;                                                           3931P   3908
100,0D0,0D0,0D0,4.65D-2,0D0,-1.067489115138D-2,                     3933P   3909
4.525811196798D-2;                                                  3933P   3910
120,3929,3933,1.339162982023D0,4.944022325156D0;                    3935P   3911
124,1D0,0D0,0D0,7.5D-1,0D0,-1D0,0D0,-1.87D-1,0D0,0D0,-1D0,          3937P   3912
1.5015D0;                                                           3937P   3913
100,0D0,0D0,0D0,4.65D-2,0D0,-4.65D-2,0D0;                           3939P   3914
102,3,189,3939,185;                                                 3941P   3915
110,0D0,1.570796326795D0,0D0,1.570796326795D0,1.570796326795D0,     3943P   3916
0D0;                                                                3943P   3917
110,1.570796326795D0,1.570796326795D0,0D0,1.570796326795D0,         3945P   3918
4.712388980385D0,0D0;                                               3945P   3919
110,1.570796326795D0,4.712388980385D0,0D0,0D0,4.712388980385D0,     3947P   3920
0D0;                                                                3947P   3921
110,0D0,4.712388980385D0,0D0,0D0,1.570796326795D0,0D0;              3949P   3922
102,4,3943,3945,3947,3949;                                          3951P   3923
142,0,3935,3951,3941,1;                                             3953P   3924
144,3935,1,0,3953;                                                  3955P   3925
110,1.5D0,-1.87D-1,1.4241D0,1.5D0,-1.87D-1,4.241D-1;                3957P   3926
110,1.5D0,-1.405D-1,1.512270950532D0,1.5D0,-1.405D-1,               3959P   3927
1.419229049468D0;                                                   3959P   3928
120,3957,3959,1.339162982023D0,4.944022325156D0;                    3961P   3929
124,1D0,0D0,0D0,1.5D0,0D0,-1D0,0D0,-1.87D-1,0D0,0D0,-1D0,1.43D0;    3963P   3930
100,0D0,0D0,0D0,4.65D-2,0D0,-4.65D-2,0D0;                           3965P   3931
102,4,891,203,3965,193;                                             3967P   3932
110,1.157645147909D-1,4.712388980385D0,0D0,1.157645147909D-1,       3969P   3933
1.570796326795D0,0D0;                                               3969P   3934
110,1.157645147909D-1,1.570796326795D0,0D0,8.842354852091D-1,       3971P   3935
1.570796326795D0,0D0;                                               3971P   3936
110,8.842354852091D-1,1.570796326795D0,0D0,8.842354852091D-1,       3973P   3937
4.712388980385D0,0D0;                                               3973P   3938
110,8.842354852091D-1,4.712388980385D0,0D0,1.157645147909D-1,       3975P   3939
4.712388980385D0,0D0;                                               3975P   3940
102,4,3969,3971,3973,3975;                                          3977P   3941
142,0,3961,3977,3967,1;                                             3979P   3942
144,3961,1,0,3979;                                                  3981P   3943
110,1.5D0,-1.87D-1,1.5015D0,1.5D0,-1.87D-1,5.015D-1;                3983P   3944
124,0D0,0D0,-1D0,1.5D0,0D0,1D0,0D0,-1.87D-1,1D0,0D0,0D0,            3985P   3945
1.5015D0;                                                           3985P   3946
100,0D0,0D0,0D0,4.65D-2,0D0,-1.067489115138D-2,                     3987P   3947
4.525811196798D-2;                                                  3987P   3948
120,3983,3987,1.339162982023D0,4.944022325156D0;                    3989P   3949
124,1D0,0D0,0D0,1.5D0,0D0,-1D0,0D0,-1.87D-1,0D0,0D0,-1D0,           3991P   3950
1.5015D0;                                                           3991P   3951
100,0D0,0D0,0D0,4.65D-2,0D0,-4.65D-2,0D0;                           3993P   3952
102,3,201,3993,197;                                                 3995P   3953
110,0D0,1.570796326795D0,0D0,1.570796326795D0,1.570796326795D0,     3997P   3954
0D0;                                                                3997P   3955
110,1.570796326795D0,1.570796326795D0,0D0,1.570796326795D0,         3999P   3956
4.712388980385D0,0D0;                                               3999P   3957
110,1.570796326795D0,4.712388980385D0,0D0,0D0,4.712388980385D0,     4001P   3958
0D0;                                                                4001P   3959
110,0D0,4.712388980385D0,0D0,0D0,1.570796326795D0,0D0;              4003P   3960
102,4,3997,3999,4001,4003;                                          4005P   3961
142,0,3989,4005,3995,1;                                             4007P   3962
144,3989,1,0,4007;                                                  4009P   3963
110,2.25D0,-1.87D-1,1.4241D0,2.25D0,-1.87D-1,4.241D-1;              4011P   3964
110,2.25D0,-1.405D-1,1.512270950532D0,2.25D0,-1.405D-1,             4013P   3965
1.419229049468D0;                                                   4013P   3966
120,4011,4013,1.339162982023D0,4.944022325156D0;                    4015P   3967
124,1D0,0D0,0D0,2.25D0,0D0,-1D0,0D0,-1.87D-1,0D0,0D0,-1D0,          4017P   3968
1.43D0;                                                             4017P   3969
100,0D0,0D0,0D0,4.65D-2,0D0,-4.65D-2,0D0;                           4019P   3970
102,4,899,215,4019,205;                                             4021P   3971
110,1.157645147909D-1,4.712388980385D0,0D0,1.157645147909D-1,       4023P   3972
1.570796326795D0,0D0;                                               4023P   3973
110,1.157645147909D-1,1.570796326795D0,0D0,8.842354852091D-1,       4025P   3974
1.570796326795D0,0D0;                                               4025P   3975
110,8.842354852091D-1,1.570796326795D0,0D0,8.842354852091D-1,       4027P   3976
4.712388980385D0,0D0;                                               4027P   3977
110,8.842354852091D-1,4.712388980385D0,0D0,1.157645147909D-1,       4029P   3978
4.712388980385D0,0D0;                                               4029P   3979
102,4,4023,4025,4027,4029;                                          4031P   3980
142,0,4015,4031,4021,1;                                             4033P   3981
144,4015,1,0,4033;                                                  4035P   3982
110,2.25D0,-1.87D-1,1.5015D0,2.25D0,-1.87D-1,5.015D-1;              4037P   3983
124,0D0,0D0,-1D0,2.25D0,0D0,1D0,0D0,-1.87D-1,1D0,0D0,0D0,           4039P   3984
1.5015D0;                                                           4039P   3985
100,0D0,0D0,0D0,4.65D-2,0D0,-1.067489115138D-2,                     4041P   3986
4.525811196798D-2;                                                  4041P   3987
120,4037,4041,1.339162982023D0,4.944022325156D0;                    4043P   3988
124,1D0,0D0,0D0,2.25D0,0D0,-1D0,0D0,-1.87D-1,0D0,0D0,-1D0,          4045P   3989
1.5015D0;                                                           4045P   3990
100,0D0,0D0,0D0,4.65D-2,0D0,-4.65D-2,0D0;                           4047P   3991
102,3,213,4047,209;                                                 4049P   3992
110,0D0,1.570796326795D0,0D0,1.570796326795D0,1.570796326795D0,     4051P   3993
0D0;                                                                4051P   3994
110,1.570796326795D0,1.570796326795D0,0D0,1.570796326795D0,         4053P   3995
4.712388980385D0,0D0;                                               4053P   3996
110,1.570796326795D0,4.712388980385D0,0D0,0D0,4.712388980385D0,     4055P   3997
0D0;                                                                4055P   3998
110,0D0,4.712388980385D0,0D0,0D0,1.570796326795D0,0D0;              4057P   3999
102,4,4051,4053,4055,4057;                                          4059P   4000
142,0,4043,4059,4049,1;                                             4061P   4001
144,4043,1,0,4061;                                                  4063P   4002
110,3D0,-1.87D-1,1.4241D0,3D0,-1.87D-1,4.241D-1;                    4065P   4003
110,3D0,-1.405D-1,1.512270950532D0,3D0,-1.405D-1,                   4067P   4004
1.419229049468D0;                                                   4067P   4005
120,4065,4067,1.339162982023D0,4.944022325156D0;                    4069P   4006
124,1D0,0D0,0D0,3D0,0D0,-1D0,0D0,-1.87D-1,0D0,0D0,-1D0,1.43D0;      4071P   4007
100,0D0,0D0,0D0,4.65D-2,0D0,-4.65D-2,0D0;                           4073P   4008
102,4,907,227,4073,217;                                             4075P   4009
110,1.157645147909D-1,4.712388980385D0,0D0,1.157645147909D-1,       4077P   4010
1.570796326795D0,0D0;                                               4077P   4011
110,1.157645147909D-1,1.570796326795D0,0D0,8.842354852091D-1,       4079P   4012
1.570796326795D0,0D0;                                               4079P   4013
110,8.842354852091D-1,1.570796326795D0,0D0,8.842354852091D-1,       4081P   4014
4.712388980385D0,0D0;                                               4081P   4015
110,8.842354852091D-1,4.712388980385D0,0D0,1.157645147909D-1,       4083P   4016
4.712388980385D0,0D0;                                               4083P   4017
102,4,4077,4079,4081,4083;                                          4085P   4018
142,0,4069,4085,4075,1;                                             4087P   4019
144,4069,1,0,4087;                                                  4089P   4020
110,3D0,-1.87D-1,1.5015D0,3D0,-1.87D-1,5.015D-1;                    4091P   4021
124,0D0,0D0,-1D0,3D0,0D0,1D0,0D0,-1.87D-1,1D0,0D0,0D0,1.5015D0;     4093P   4022
100,0D0,0D0,0D0,4.65D-2,0D0,-1.067489115138D-2,                     4095P   4023
4.525811196798D-2;                                                  4095P   4024
120,4091,4095,1.339162982023D0,4.944022325156D0;                    4097P   4025
124,1D0,0D0,0D0,3D0,0D0,-1D0,0D0,-1.87D-1,0D0,0D0,-1D0,1.5015D0;    4099P   4026
100,0D0,0D0,0D0,4.65D-2,0D0,-4.65D-2,0D0;                           4101P   4027
102,3,225,4101,221;                                                 4103P   4028
110,0D0,1.570796326795D0,0D0,1.570796326795D0,1.570796326795D0,     4105P   4029
0D0;                                                                4105P   4030
110,1.570796326795D0,1.570796326795D0,0D0,1.570796326795D0,         4107P   4031
4.712388980385D0,0D0;                                               4107P   4032
110,1.570796326795D0,4.712388980385D0,0D0,0D0,4.712388980385D0,     4109P   4033
0D0;                                                                4109P   4034
110,0D0,4.712388980385D0,0D0,0D0,1.570796326795D0,0D0;              4111P   4035
102,4,4105,4107,4109,4111;                                          4113P   4036
142,0,4097,4113,4103,1;                                             4115P   4037
144,4097,1,0,4115;                                                  4117P   4038
110,-3D0,-1.87D-1,1.4241D0,-3D0,-1.87D-1,2.4241D0;                  4119P   4039
110,-3D0,-1.405D-1,1.419229049468D0,-3D0,-1.405D-1,                 4121P   4040
1.512270950532D0;                                                   4121P   4041
120,4119,4121,1.339162982023D0,4.944022325156D0;                    4123P   4042
124,1D0,0D0,0D0,-3D0,0D0,-1D0,0D0,-1.87D-1,0D0,0D0,-1D0,1.43D0;     4125P   4043
100,0D0,0D0,0D0,4.65D-2,0D0,-4.65D-2,0D0;                           4127P   4044
102,4,4127,233,915,243;                                             4129P   4045
110,1.157645147909D-1,4.712388980385D0,0D0,1.157645147909D-1,       4131P   4046
1.570796326795D0,0D0;                                               4131P   4047
110,1.157645147909D-1,1.570796326795D0,0D0,8.842354852091D-1,       4133P   4048
1.570796326795D0,0D0;                                               4133P   4049
110,8.842354852091D-1,1.570796326795D0,0D0,8.842354852091D-1,       4135P   4050
4.712388980385D0,0D0;                                               4135P   4051
110,8.842354852091D-1,4.712388980385D0,0D0,1.157645147909D-1,       4137P   4052
4.712388980385D0,0D0;                                               4137P   4053
102,4,4131,4133,4135,4137;                                          4139P   4054
142,0,4123,4139,4129,1;                                             4141P   4055
144,4123,1,0,4141;                                                  4143P   4056
110,-3D0,-1.87D-1,1.5015D0,-3D0,-1.87D-1,2.5015D0;                  4145P   4057
124,0D0,0D0,1D0,-3D0,9.732927304942D-1,2.295675516426D-1,0D0,       4147P   4058
-1.87D-1,-2.295675516426D-1,9.732927304942D-1,0D0,1.5015D0;         4147P   4059
100,0D0,0D0,0D0,4.65D-2,0D0,-1.067489115138D-2,                     4149P   4060
4.525811196798D-2;                                                  4149P   4061
120,4145,4149,1.339162982023D0,4.944022325156D0;                    4151P   4062
124,1D0,0D0,0D0,-3D0,0D0,-1D0,0D0,-1.87D-1,0D0,0D0,-1D0,            4153P   4063
1.5015D0;                                                           4153P   4064
100,0D0,0D0,0D0,4.65D-2,0D0,-4.65D-2,0D0;                           4155P   4065
102,3,4155,237,241;                                                 4157P   4066
110,2.316333447714D-1,4.712388980385D0,0D0,2.316333447714D-1,       4159P   4067
1.570796326795D0,0D0;                                               4159P   4068
110,2.316333447714D-1,1.570796326795D0,0D0,1.802429671566D0,        4161P   4069
1.570796326795D0,0D0;                                               4161P   4070
110,1.802429671566D0,1.570796326795D0,0D0,1.802429671566D0,         4163P   4071
4.712388980385D0,0D0;                                               4163P   4072
110,1.802429671566D0,4.712388980385D0,0D0,2.316333447714D-1,        4165P   4073
4.712388980385D0,0D0;                                               4165P   4074
102,4,4159,4161,4163,4165;                                          4167P   4075
142,0,4151,4167,4157,1;                                             4169P   4076
144,4151,1,0,4169;                                                  4171P   4077
110,-2.25D0,-1.87D-1,1.4241D0,-2.25D0,-1.87D-1,2.4241D0;            4173P   4078
110,-2.25D0,-1.405D-1,1.419229049468D0,-2.25D0,-1.405D-1,           4175P   4079
1.512270950532D0;                                                   4175P   4080
120,4173,4175,1.339162982023D0,4.944022325156D0;                    4177P   4081
124,1D0,0D0,0D0,-2.25D0,0D0,-1D0,0D0,-1.87D-1,0D0,0D0,-1D0,         4179P   4082
1.43D0;                                                             4179P   4083
100,0D0,0D0,0D0,4.65D-2,0D0,-4.65D-2,0D0;                           4181P   4084
102,4,4181,245,923,255;                                             4183P   4085
110,1.157645147909D-1,4.712388980385D0,0D0,1.157645147909D-1,       4185P   4086
1.570796326795D0,0D0;                                               4185P   4087
110,1.157645147909D-1,1.570796326795D0,0D0,8.842354852091D-1,       4187P   4088
1.570796326795D0,0D0;                                               4187P   4089
110,8.842354852091D-1,1.570796326795D0,0D0,8.842354852091D-1,       4189P   4090
4.712388980385D0,0D0;                                               4189P   4091
110,8.842354852091D-1,4.712388980385D0,0D0,1.157645147909D-1,       4191P   4092
4.712388980385D0,0D0;                                               4191P   4093
102,4,4185,4187,4189,4191;                                          4193P   4094
142,0,4177,4193,4183,1;                                             4195P   4095
144,4177,1,0,4195;                                                  4197P   4096
110,-2.25D0,-1.87D-1,1.5015D0,-2.25D0,-1.87D-1,2.5015D0;            4199P   4097
124,0D0,0D0,1D0,-2.25D0,9.732927304942D-1,2.295675516426D-1,0D0,    4201P   4098
-1.87D-1,-2.295675516426D-1,9.732927304942D-1,0D0,1.5015D0;         4201P   4099
100,0D0,0D0,0D0,4.65D-2,0D0,-1.067489115138D-2,                     4203P   4100
4.525811196798D-2;                                                  4203P   4101
120,4199,4203,1.339162982023D0,4.944022325156D0;                    4205P   4102
124,1D0,0D0,0D0,-2.25D0,0D0,-1D0,0D0,-1.87D-1,0D0,0D0,-1D0,         4207P   4103
1.5015D0;                                                           4207P   4104
100,0D0,0D0,0D0,4.65D-2,0D0,-4.65D-2,0D0;                           4209P   4105
102,3,4209,249,253;                                                 4211P   4106
110,2.316333447714D-1,4.712388980385D0,0D0,2.316333447714D-1,       4213P   4107
1.570796326795D0,0D0;                                               4213P   4108
110,2.316333447714D-1,1.570796326795D0,0D0,1.802429671566D0,        4215P   4109
1.570796326795D0,0D0;                                               4215P   4110
110,1.802429671566D0,1.570796326795D0,0D0,1.802429671566D0,         4217P   4111
4.712388980385D0,0D0;                                               4217P   4112
110,1.802429671566D0,4.712388980385D0,0D0,2.316333447714D-1,        4219P   4113
4.712388980385D0,0D0;                                               4219P   4114
102,4,4213,4215,4217,4219;                                          4221P   4115
142,0,4205,4221,4211,1;                                             4223P   4116
144,4205,1,0,4223;                                                  4225P   4117
110,-1.5D0,-1.87D-1,1.4241D0,-1.5D0,-1.87D-1,2.4241D0;              4227P   4118
110,-1.5D0,-1.405D-1,1.419229049468D0,-1.5D0,-1.405D-1,             4229P   4119
1.512270950532D0;                                                   4229P   4120
120,4227,4229,1.339162982023D0,4.944022325156D0;                    4231P   4121
124,1D0,0D0,0D0,-1.5D0,0D0,-1D0,0D0,-1.87D-1,0D0,0D0,-1D0,          4233P   4122
1.43D0;                                                             4233P   4123
100,0D0,0D0,0D0,4.65D-2,0D0,-4.65D-2,0D0;                           4235P   4124
102,4,4235,257,931,267;                                             4237P   4125
110,1.157645147909D-1,4.712388980385D0,0D0,1.157645147909D-1,       4239P   4126
1.570796326795D0,0D0;                                               4239P   4127
110,1.157645147909D-1,1.570796326795D0,0D0,8.842354852091D-1,       4241P   4128
1.570796326795D0,0D0;                                               4241P   4129
110,8.842354852091D-1,1.570796326795D0,0D0,8.842354852091D-1,       4243P   4130
4.712388980385D0,0D0;                                               4243P   4131
110,8.842354852091D-1,4.712388980385D0,0D0,1.157645147909D-1,       4245P   4132
4.712388980385D0,0D0;                                               4245P   4133
102,4,4239,4241,4243,4245;                                          4247P   4134
142,0,4231,4247,4237,1;                                             4249P   4135
144,4231,1,0,4249;                                                  4251P   4136
110,-1.5D0,-1.87D-1,1.5015D0,-1.5D0,-1.87D-1,2.5015D0;              4253P   4137
124,0D0,0D0,1D0,-1.5D0,9.732927304942D-1,2.295675516426D-1,0D0,     4255P   4138
-1.87D-1,-2.295675516426D-1,9.732927304942D-1,0D0,1.5015D0;         4255P   4139
100,0D0,0D0,0D0,4.65D-2,0D0,-1.067489115138D-2,                     4257P   4140
4.525811196798D-2;                                                  4257P   4141
120,4253,4257,1.339162982023D0,4.944022325156D0;                    4259P   4142
124,1D0,0D0,0D0,-1.5D0,0D0,-1D0,0D0,-1.87D-1,0D0,0D0,-1D0,          4261P   4143
1.5015D0;                                                           4261P   4144
100,0D0,0D0,0D0,4.65D-2,0D0,-4.65D-2,0D0;                           4263P   4145
102,3,4263,261,265;                                                 4265P   4146
110,2.316333447714D-1,4.712388980385D0,0D0,2.316333447714D-1,       4267P   4147
1.570796326795D0,0D0;                                               4267P   4148
110,2.316333447714D-1,1.570796326795D0,0D0,1.802429671566D0,        4269P   4149
1.570796326795D0,0D0;                                               4269P   4150
110,1.802429671566D0,1.570796326795D0,0D0,1.802429671566D0,         4271P   4151
4.712388980385D0,0D0;                                               4271P   4152
110,1.802429671566D0,4.712388980385D0,0D0,2.316333447714D-1,        4273P   4153
4.712388980385D0,0D0;                                               4273P   4154
102,4,4267,4269,4271,4273;                                          4275P   4155
142,0,4259,4275,4265,1;                                             4277P   4156
144,4259,1,0,4277;                                                  4279P   4157
S      1G      4D   4280P   4157                                        T      1
