This is the required Start card.                                        S      1
1H,,1H;,,42HD:\users\mcminn\Sales\Demo\Phone\phone.igs,28HFeatureMill VeG      1
rsion 6.0.4.03,16HIGES Version 5.0,16,19,3,38,6,,1,1,2HIN,1,1,9H4/19/199G      2
9,1e-006,1,6Hmcminn,,8,0;                                               G      3
     128       1               1                                 1 1    D      1
     128                       4                                        D      2
     106       5               1                                 1 1    D      3
     106                      67      11                                D      4
     106      72               1                                 1 1    D      5
     106                      69      12                                D      6
     142     141               1                                 1 1    D      7
     142                       1                                        D      8
     144     142               1                                 0      D      9
     144                       1                                        D     10
     128     143               1                                 1 1    D     11
     128                       4                                        D     12
     106     147               1                                 1 1    D     13
     106                      67      11                                D     14
     106     214               1                                 1 1    D     15
     106                      68      12                                D     16
     142     282               1                                 1 1    D     17
     142                       1                                        D     18
     144     283               1                                 0      D     19
     144                       1                                        D     20
     128     284               1                                 0      D     21
     128                     294                        srf4            D     22
     128     578               1                                 0      D     23
     128                     520                        srf7            D     24
     128    1098               1                                 1 1    D     25
     128                      30                        _srf_obj        D     26
     106    1128               1                                 1 1    D     27
     106                      71      11                                D     28
     106    1199               1                                 1 1    D     29
     106                     137      12                                D     30
     142    1336               1                                 1 1    D     31
     142                       1                                        D     32
     106    1337               1                                 1 1    D     33
     106                     140      11                                D     34
     106    1477               1                                 1 1    D     35
     106                     183      12                                D     36
     142    1660               1                                 1 1    D     37
     142                       1                                        D     38
     144    1661               1                                 0      D     39
     144                       1                        _srf_obj        D     40
     128    1662               1                                 1 1    D     41
     128                      13                        _srf_obj        D     42
     106    1675               1                                 1 1    D     43
     106                     284      11                                D     44
     106    1959               1                                 1 1    D     45
     106                     436      12                                D     46
     142    2395               1                                 1 1    D     47
     142                       1                                        D     48
     144    2396               1                                 0      D     49
     144                       1                        _srf_obj        D     50
     128    2397               1                                 1 1    D     51
     128                       5                        _srf_obj        D     52
     106    2402               1                                 1 1    D     53
     106                     169      11                                D     54
     106    2571               1                                 1 1    D     55
     106                     218      12                                D     56
     142    2789               1                                 1 1    D     57
     142                       1                                        D     58
     144    2790               1                                 0      D     59
     144                       1                        _srf_obj        D     60
128,2,2,1,1,0,0,0,0,0,0,0,0.5,1,1,0,0,0.5,1,1,2,2,2,2,2,2,2,2,2,       1P      1
-0.45,0,3.2689124,4.5,0,3.2689124,9.45,0,3.2689124,-0.45,0,            1P      2
-1.6810876,4.5,0,-1.6810876,9.45,0,-1.6810876,-0.45,0,                 1P      3
-6.6310876,4.5,0,-6.6310876,9.45,0,-6.6310876,0,1,0,1,0,0;             1P      4
106,1,171,0,0.045454545,0.58271842,0.19312496,0.55668014,              3P      5
0.34079537,0.53064186,0.34121715,0.53056749,0.34205944,                3P      6
0.53038933,0.3429034,0.53018037,0.34374745,0.52994013,                 3P      7
0.34458992,0.52966821,0.34542912,0.52936434,0.3462633,                 3P      8
0.52902836,0.34709068,0.52866024,0.34790945,0.52826007,                3P      9
0.3487178,0.52782807,0.34951392,0.52736462,0.35029601,0.5268702,       3P     10
0.35106229,0.52634544,0.35181102,0.52579113,0.35254051,                3P     11
0.52520814,0.35324914,0.52459752,0.35393537,0.52396039,                3P     12
0.35459773,0.52329803,0.35523485,0.52261181,0.35584548,                3P     13
0.52190317,0.35642847,0.52117368,0.35698278,0.52042495,                3P     14
0.35750753,0.51965867,0.35800195,0.51887659,0.35846541,                3P     15
0.51808047,0.3588974,0.51727211,0.35929757,0.51645334,0.3596657,       3P     16
0.51562596,0.36000167,0.51479178,0.36030554,0.51395258,                3P     17
0.36057746,0.51311011,0.36081771,0.51226607,0.36102667,                3P     18
0.5114221,0.36120483,0.51057982,0.3612792,0.51015804,0.36739947,       3P     19
0.47544826,0.37351974,0.44073848,0.37358842,0.44034899,                3P     20
0.37375095,0.43957062,0.37393996,0.43878983,0.37415593,                3P     21
0.43800787,0.37439928,0.43722605,0.37467033,0.43644571,                3P     22
0.37496935,0.43566825,0.37529649,0.4348951,0.37565182,                 3P     23
0.43412773,0.37603532,0.4333676,0.37644684,0.43261624,                 3P     24
0.37688615,0.43187513,0.37735292,0.43114578,0.3778467,                 3P     25
0.43042968,0.37836693,0.42972831,0.37891295,0.4290431,0.379484,        3P     26
0.42837544,0.38007923,0.4277267,0.38069766,0.42709815,                 3P     27
0.38133826,0.42649104,0.38199989,0.42590651,0.38268133,                3P     28
0.42534563,0.38338131,0.42480939,0.38409847,0.42429867,                3P     29
0.38483143,0.42381427,0.38557872,0.42335687,0.38633887,                3P     30
0.42292707,0.38711037,0.42252532,0.38789169,0.42215201,                3P     31
0.3886813,0.4218074,0.38947766,0.42149163,0.39027926,0.42120475,       3P     32
0.39108458,0.42094672,0.39189216,0.42071737,0.39270054,                3P     33
0.42051647,0.39350834,0.42034367,0.3943142,0.42019855,                 3P     34
0.39511681,0.42008061,0.39591494,0.41998928,0.39670742,                3P     35
0.41992393,0.3971024,0.41990379,0.40994999,0.41924856,                 3P     36
0.43566291,0.41826531,0.46139148,0.41760954,0.48712945,                3P     37
0.41728158,0.51287055,0.41728158,0.53860852,0.41760954,                3P     38
0.56433709,0.41826531,0.59005001,0.41924856,0.6028976,                 3P     39
0.41990379,0.60329258,0.41992393,0.60408506,0.41998928,                3P     40
0.60488319,0.42008061,0.6056858,0.42019855,0.60649166,                 3P     41
0.42034367,0.60729946,0.42051647,0.60810784,0.42071737,                3P     42
0.60891542,0.42094672,0.60972074,0.42120475,0.61052234,                3P     43
0.42149163,0.6113187,0.4218074,0.61210831,0.42215201,0.61288963,       3P     44
0.42252532,0.61366113,0.42292707,0.61442128,0.42335687,                3P     45
0.61516857,0.42381427,0.61590153,0.42429867,0.61661869,                3P     46
0.42480939,0.61731867,0.42534563,0.61800011,0.42590651,                3P     47
0.61866174,0.42649104,0.61930234,0.42709815,0.61992077,                3P     48
0.4277267,0.620516,0.42837544,0.62108705,0.4290431,0.62163307,         3P     49
0.42972831,0.6221533,0.43042968,0.62264708,0.43114578,                 3P     50
0.62311385,0.43187513,0.62355316,0.43261624,0.62396468,                3P     51
0.4333676,0.62434818,0.43412773,0.62470351,0.4348951,0.62503065,       3P     52
0.43566825,0.62532967,0.43644571,0.62560072,0.43722605,                3P     53
0.62584407,0.43800787,0.62606004,0.43878983,0.62624905,                3P     54
0.43957062,0.62641158,0.44034899,0.62648026,0.44073848,                3P     55
0.63260053,0.47544826,0.6387208,0.51015804,0.63879517,                 3P     56
0.51057982,0.63897333,0.5114221,0.63918229,0.51226607,                 3P     57
0.63942254,0.51311011,0.63969446,0.51395258,0.63999833,                3P     58
0.51479178,0.6403343,0.51562596,0.64070243,0.51645334,0.6411026,       3P     59
0.51727211,0.64153459,0.51808047,0.64199805,0.51887659,                3P     60
0.64249247,0.51965867,0.64301722,0.52042495,0.64357153,                3P     61
0.52117368,0.64415452,0.52190317,0.64476515,0.52261181,                3P     62
0.64540227,0.52329803,0.64606463,0.52396039,0.64675086,                3P     63
0.52459752,0.64745949,0.52520814,0.64818898,0.52579113,                3P     64
0.64893771,0.52634544,0.64970399,0.5268702,0.65048608,                 3P     65
0.52736462,0.6512822,0.52782807,0.65209055,0.52826007,                 3P     66
0.65290932,0.52866024,0.6537367,0.52902836,0.65457088,                 3P     67
0.52936434,0.65541008,0.52966821,0.65625255,0.52994013,                3P     68
0.6570966,0.53018037,0.65794056,0.53038933,0.65878285,                 3P     69
0.53056749,0.65920463,0.53064186,0.80687504,0.55668014,                3P     70
0.95454545,0.58271842,0.045454545,0.58271842,0,0;                      3P     71
106,2,171,-3.3306691e-016,0,-2.5,1.4619371,0,-2.242221,                5P     72
2.9238742,0,-1.9844421,2.9280498,0,-1.9837058,2.9363885,0,             5P     73
-1.981942,2.9447437,0,-1.9798733,2.9530997,0,-1.9774949,               5P     74
2.9614402,0,-1.9748029,2.9697483,0,-1.9717946,2.9780066,0,             5P     75
-1.9684684,2.9861977,0,-1.964824,2.9943035,0,-1.9608623,               5P     76
3.0023063,0,-1.9565855,3.0101879,0,-1.9519973,3.0179305,0,             5P     77
-1.9471026,3.0255166,0,-1.9419075,3.032929,0,-1.9364198,               5P     78
3.040151,0,-1.9306482,3.0471665,0,-1.924603,3.0539602,0,               5P     79
-1.9182955,3.0605175,0,-1.9117382,3.066825,0,-1.9049445,               5P     80
3.0728703,0,-1.897929,3.0786418,0,-1.890707,3.0841295,0,               5P     81
-1.8832946,3.0893246,0,-1.8757085,3.0942194,0,-1.8679658,              5P     82
3.0988076,0,-1.8600842,3.1030843,0,-1.8520815,3.107046,0,              5P     83
-1.8439757,3.1106904,0,-1.8357846,3.1140166,0,-1.8275263,              5P     84
3.1170249,0,-1.8192182,3.1197169,0,-1.8108777,3.1220953,0,             5P     85
-1.8025217,3.124164,0,-1.7941665,3.1259278,0,-1.7858278,               5P     86
3.1266641,0,-1.7816522,3.1872548,0,-1.4380254,3.2478454,0,             5P     87
-1.0943986,3.2485254,0,-1.0905426,3.2501344,0,-1.0828367,              5P     88
3.2520056,0,-1.0751069,3.2541437,0,-1.0673655,3.2565528,0,             5P     89
-1.0596255,3.2592363,0,-1.0519002,3.2621966,0,-1.0442033,              5P     90
3.2654353,0,-1.0365492,3.268953,0,-1.0289521,3.2727496,0,              5P     91
-1.0214269,3.2768237,0,-1.0139884,3.2811729,0,-1.0066514,              5P     92
3.285794,0,-0.99943086,3.2906823,0,-0.99234151,3.2958326,0,            5P     93
-0.9853979,3.3012382,0,-0.97861428,3.3068916,0,-0.9720045,             5P     94
3.3127843,0,-0.96558193,3.3189068,0,-0.95935937,3.3252488,0,           5P     95
-0.95334895,3.3317989,0,-0.94756209,3.3385452,0,-0.9420094,            5P     96
3.345475,0,-0.93670059,3.3525749,0,-0.93164448,3.3598311,0,            5P     97
-0.92684891,3.3672293,0,-0.92232068,3.3747548,0,-0.91806558,           5P     98
3.3823926,0,-0.91408833,3.3901277,0,-0.91039257,3.3979448,0,           5P     99
-0.90698087,3.4058288,0,-0.90385476,3.4137646,0,-0.9010147,            5P    100
3.4217373,0,-0.89846017,3.4297324,0,-0.89618964,3.4377354,0,           5P    101
-0.89420068,3.4457326,0,-0.89248994,3.4537106,0,-0.89105325,           5P    102
3.4616564,0,-0.88988567,3.4695579,0,-0.88898156,3.4774034,0,           5P    103
-0.88833459,3.4813138,0,-0.88813516,3.6085049,0,-0.88164834,           5P    104
3.8630628,0,-0.87191418,4.1177756,0,-0.8654221,4.3725815,0,            5P    105
-0.86217527,4.6274185,0,-0.86217527,4.8822244,0,-0.8654221,            5P    106
5.1369372,0,-0.87191418,5.3914951,0,-0.88164834,5.5186862,0,           5P    107
-0.88813516,5.5225966,0,-0.88833459,5.5304421,0,-0.88898156,           5P    108
5.5383436,0,-0.88988567,5.5462894,0,-0.89105325,5.5542674,0,           5P    109
-0.89248994,5.5622646,0,-0.89420068,5.5702676,0,-0.89618964,           5P    110
5.5782627,0,-0.89846017,5.5862354,0,-0.9010147,5.5941712,0,            5P    111
-0.90385476,5.6020552,0,-0.90698087,5.6098723,0,-0.91039257,           5P    112
5.6176074,0,-0.91408833,5.6252452,0,-0.91806558,5.6327707,0,           5P    113
-0.92232068,5.6401689,0,-0.92684891,5.6474251,0,-0.93164448,           5P    114
5.654525,0,-0.93670059,5.6614548,0,-0.9420094,5.6682011,0,             5P    115
-0.94756209,5.6747512,0,-0.95334895,5.6810932,0,-0.95935937,           5P    116
5.6872157,0,-0.96558193,5.6931084,0,-0.9720045,5.6987618,0,            5P    117
-0.97861428,5.7041674,0,-0.9853979,5.7093177,0,-0.99234151,            5P    118
5.714206,0,-0.99943086,5.7188271,0,-1.0066514,5.7231763,0,             5P    119
-1.0139884,5.7272504,0,-1.0214269,5.731047,0,-1.0289521,               5P    120
5.7345647,0,-1.0365492,5.7378034,0,-1.0442033,5.7407637,0,             5P    121
-1.0519002,5.7434472,0,-1.0596255,5.7458563,0,-1.0673655,              5P    122
5.7479944,0,-1.0751069,5.7498656,0,-1.0828367,5.7514746,0,             5P    123
-1.0905426,5.7521546,0,-1.0943986,5.8127452,0,-1.4380254,              5P    124
5.8733359,0,-1.7816522,5.8740722,0,-1.7858278,5.875836,0,              5P    125
-1.7941665,5.8779047,0,-1.8025217,5.8802831,0,-1.8108777,              5P    126
5.8829751,0,-1.8192182,5.8859834,0,-1.8275263,5.8893096,0,             5P    127
-1.8357846,5.892954,0,-1.8439757,5.8969157,0,-1.8520815,               5P    128
5.9011924,0,-1.8600842,5.9057806,0,-1.8679658,5.9106754,0,             5P    129
-1.8757085,5.9158705,0,-1.8832946,5.9213582,0,-1.890707,               5P    130
5.9271297,0,-1.897929,5.933175,0,-1.9049445,5.9394825,0,               5P    131
-1.9117382,5.9460398,0,-1.9182955,5.9528335,0,-1.924603,               5P    132
5.959849,0,-1.9306482,5.967071,0,-1.9364198,5.9744834,0,               5P    133
-1.9419075,5.9820695,0,-1.9471026,5.9898121,0,-1.9519973,              5P    134
5.9976937,0,-1.9565855,6.0056965,0,-1.9608623,6.0138023,0,             5P    135
-1.964824,6.0219934,0,-1.9684684,6.0302517,0,-1.9717946,               5P    136
6.0385598,0,-1.9748029,6.0469003,0,-1.9774949,6.0552563,0,             5P    137
-1.9798733,6.0636115,0,-1.981942,6.0719502,0,-1.9837058,               5P    138
6.0761258,0,-1.9844421,7.5380629,0,-2.242221,9,0,-2.5,                 5P    139
-3.3306691e-016,0,-2.5,0,0;                                            5P    140
142,0,1,3,5,0,0,0;                                                     7P    141
144,1,1,0,7,0,0;                                                       9P    142
128,2,2,1,1,0,0,0,0,0,0,0,0.5,1,1,0,0,0.5,1,1,2,2,2,2,2,2,2,2,2,      11P    143
-0.45,3,-6.6310876,4.5,3,-6.6310876,9.45,3,-6.6310876,-0.45,3,        11P    144
-1.6810876,4.5,3,-1.6810876,9.45,3,-1.6810876,-0.45,3,3.2689124,      11P    145
4.5,3,3.2689124,9.45,3,3.2689124,0,1,0,1,0,0;                         11P    146
106,1,171,0,0.95454545,0.41728158,0.80687504,0.44331986,              13P    147
0.65920463,0.46935814,0.65878285,0.46943251,0.65794056,               13P    148
0.46961067,0.6570966,0.46981963,0.65625255,0.47005987,                13P    149
0.65541008,0.47033179,0.65457088,0.47063566,0.6537367,                13P    150
0.47097164,0.65290932,0.47133976,0.65209055,0.47173993,               13P    151
0.6512822,0.47217193,0.65048608,0.47263538,0.64970399,0.4731298,      13P    152
0.64893771,0.47365456,0.64818898,0.47420887,0.64745949,               13P    153
0.47479186,0.64675086,0.47540248,0.64606463,0.47603961,               13P    154
0.64540227,0.47670197,0.64476515,0.47738819,0.64415452,               13P    155
0.47809683,0.64357153,0.47882632,0.64301722,0.47957505,               13P    156
0.64249247,0.48034133,0.64199805,0.48112341,0.64153459,               13P    157
0.48191953,0.6411026,0.48272789,0.64070243,0.48354666,0.6403343,      13P    158
0.48437404,0.63999833,0.48520822,0.63969446,0.48604742,               13P    159
0.63942254,0.48688989,0.63918229,0.48773393,0.63897333,               13P    160
0.4885779,0.63879517,0.48942018,0.6387208,0.48984196,0.63260053,      13P    161
0.52455174,0.62648026,0.55926152,0.62641158,0.55965101,               13P    162
0.62624905,0.56042938,0.62606004,0.56121017,0.62584407,               13P    163
0.56199213,0.62560072,0.56277395,0.62532967,0.56355429,               13P    164
0.62503065,0.56433175,0.62470351,0.5651049,0.62434818,                13P    165
0.56587227,0.62396468,0.5666324,0.62355316,0.56738376,                13P    166
0.62311385,0.56812487,0.62264708,0.56885422,0.6221533,                13P    167
0.56957032,0.62163307,0.57027169,0.62108705,0.5709569,0.620516,       13P    168
0.57162456,0.61992077,0.5722733,0.61930234,0.57290185,                13P    169
0.61866174,0.57350896,0.61800011,0.57409349,0.61731867,               13P    170
0.57465437,0.61661869,0.57519061,0.61590153,0.57570133,               13P    171
0.61516857,0.57618573,0.61442128,0.57664313,0.61366113,               13P    172
0.57707293,0.61288963,0.57747468,0.61210831,0.57784799,               13P    173
0.6113187,0.5781926,0.61052234,0.57850837,0.60972074,0.57879525,      13P    174
0.60891542,0.57905328,0.60810784,0.57928263,0.60729946,               13P    175
0.57948353,0.60649166,0.57965633,0.6056858,0.57980145,                13P    176
0.60488319,0.57991939,0.60408506,0.58001072,0.60329258,               13P    177
0.58007607,0.6028976,0.58009621,0.59005001,0.58075144,                13P    178
0.56433709,0.58173469,0.53860852,0.58239046,0.51287055,               13P    179
0.58271842,0.48712945,0.58271842,0.46139148,0.58239046,               13P    180
0.43566291,0.58173469,0.40994999,0.58075144,0.3971024,                13P    181
0.58009621,0.39670742,0.58007607,0.39591494,0.58001072,               13P    182
0.39511681,0.57991939,0.3943142,0.57980145,0.39350834,                13P    183
0.57965633,0.39270054,0.57948353,0.39189216,0.57928263,               13P    184
0.39108458,0.57905328,0.39027926,0.57879525,0.38947766,               13P    185
0.57850837,0.3886813,0.5781926,0.38789169,0.57784799,0.38711037,      13P    186
0.57747468,0.38633887,0.57707293,0.38557872,0.57664313,               13P    187
0.38483143,0.57618573,0.38409847,0.57570133,0.38338131,               13P    188
0.57519061,0.38268133,0.57465437,0.38199989,0.57409349,               13P    189
0.38133826,0.57350896,0.38069766,0.57290185,0.38007923,               13P    190
0.5722733,0.379484,0.57162456,0.37891295,0.5709569,0.37836693,        13P    191
0.57027169,0.3778467,0.56957032,0.37735292,0.56885422,                13P    192
0.37688615,0.56812487,0.37644684,0.56738376,0.37603532,               13P    193
0.5666324,0.37565182,0.56587227,0.37529649,0.5651049,0.37496935,      13P    194
0.56433175,0.37467033,0.56355429,0.37439928,0.56277395,               13P    195
0.37415593,0.56199213,0.37393996,0.56121017,0.37375095,               13P    196
0.56042938,0.37358842,0.55965101,0.37351974,0.55926152,               13P    197
0.36739947,0.52455174,0.3612792,0.48984196,0.36120483,                13P    198
0.48942018,0.36102667,0.4885779,0.36081771,0.48773393,                13P    199
0.36057746,0.48688989,0.36030554,0.48604742,0.36000167,               13P    200
0.48520822,0.3596657,0.48437404,0.35929757,0.48354666,0.3588974,      13P    201
0.48272789,0.35846541,0.48191953,0.35800195,0.48112341,               13P    202
0.35750753,0.48034133,0.35698278,0.47957505,0.35642847,               13P    203
0.47882632,0.35584548,0.47809683,0.35523485,0.47738819,               13P    204
0.35459773,0.47670197,0.35393537,0.47603961,0.35324914,               13P    205
0.47540248,0.35254051,0.47479186,0.35181102,0.47420887,               13P    206
0.35106229,0.47365456,0.35029601,0.4731298,0.34951392,                13P    207
0.47263538,0.3487178,0.47217193,0.34790945,0.47173993,                13P    208
0.34709068,0.47133976,0.3462633,0.47097164,0.34542912,                13P    209
0.47063566,0.34458992,0.47033179,0.34374745,0.47005987,               13P    210
0.3429034,0.46981963,0.34205944,0.46961067,0.34121715,                13P    211
0.46943251,0.34079537,0.46935814,0.19312496,0.44331986,               13P    212
0.045454545,0.41728158,0.95454545,0.41728158,0,0;                     13P    213
106,2,171,9,3,-2.5,7.5380629,3,-2.242221,6.0761258,3,-1.9844421,      15P    214
6.0719502,3,-1.9837058,6.0636115,3,-1.981942,6.0552563,3,             15P    215
-1.9798733,6.0469003,3,-1.9774949,6.0385598,3,-1.9748029,             15P    216
6.0302517,3,-1.9717946,6.0219934,3,-1.9684684,6.0138023,3,            15P    217
-1.964824,6.0056965,3,-1.9608623,5.9976937,3,-1.9565855,              15P    218
5.9898121,3,-1.9519973,5.9820695,3,-1.9471026,5.9744834,3,            15P    219
-1.9419075,5.967071,3,-1.9364198,5.959849,3,-1.9306482,               15P    220
5.9528335,3,-1.924603,5.9460398,3,-1.9182955,5.9394825,3,             15P    221
-1.9117382,5.933175,3,-1.9049445,5.9271297,3,-1.897929,               15P    222
5.9213582,3,-1.890707,5.9158705,3,-1.8832946,5.9106754,3,             15P    223
-1.8757085,5.9057806,3,-1.8679658,5.9011924,3,-1.8600842,             15P    224
5.8969157,3,-1.8520815,5.892954,3,-1.8439757,5.8893096,3,             15P    225
-1.8357846,5.8859834,3,-1.8275263,5.8829751,3,-1.8192182,             15P    226
5.8802831,3,-1.8108777,5.8779047,3,-1.8025217,5.875836,3,             15P    227
-1.7941665,5.8740722,3,-1.7858278,5.8733359,3,-1.7816522,             15P    228
5.8127452,3,-1.4380254,5.7521546,3,-1.0943986,5.7514746,3,            15P    229
-1.0905426,5.7498656,3,-1.0828367,5.7479944,3,-1.0751069,             15P    230
5.7458563,3,-1.0673655,5.7434472,3,-1.0596255,5.7407637,3,            15P    231
-1.0519002,5.7378034,3,-1.0442033,5.7345647,3,-1.0365492,             15P    232
5.731047,3,-1.0289521,5.7272504,3,-1.0214269,5.7231763,3,             15P    233
-1.0139884,5.7188271,3,-1.0066514,5.714206,3,-0.99943086,             15P    234
5.7093177,3,-0.99234151,5.7041674,3,-0.9853979,5.6987618,3,           15P    235
-0.97861428,5.6931084,3,-0.9720045,5.6872157,3,-0.96558193,           15P    236
5.6810932,3,-0.95935937,5.6747512,3,-0.95334895,5.6682011,3,          15P    237
-0.94756209,5.6614548,3,-0.9420094,5.654525,3,-0.93670059,            15P    238
5.6474251,3,-0.93164448,5.6401689,3,-0.92684891,5.6327707,3,          15P    239
-0.92232068,5.6252452,3,-0.91806558,5.6176074,3,-0.91408833,          15P    240
5.6098723,3,-0.91039257,5.6020552,3,-0.90698087,5.5941712,3,          15P    241
-0.90385476,5.5862354,3,-0.9010147,5.5782627,3,-0.89846017,           15P    242
5.5702676,3,-0.89618964,5.5622646,3,-0.89420068,5.5542674,3,          15P    243
-0.89248994,5.5462894,3,-0.89105325,5.5383436,3,-0.88988567,          15P    244
5.5304421,3,-0.88898156,5.5225966,3,-0.88833459,5.5186862,3,          15P    245
-0.88813516,5.3914951,3,-0.88164834,5.1369372,3,-0.87191418,          15P    246
4.8822244,3,-0.8654221,4.6274185,3,-0.86217527,4.3725815,3,           15P    247
-0.86217527,4.1177756,3,-0.8654221,3.8630628,3,-0.87191418,           15P    248
3.6085049,3,-0.88164834,3.4813138,3,-0.88813516,3.4774034,3,          15P    249
-0.88833459,3.4695579,3,-0.88898156,3.4616564,3,-0.88988567,          15P    250
3.4537106,3,-0.89105325,3.4457326,3,-0.89248994,3.4377354,3,          15P    251
-0.89420068,3.4297324,3,-0.89618964,3.4217373,3,-0.89846017,          15P    252
3.4137646,3,-0.9010147,3.4058288,3,-0.90385476,3.3979448,3,           15P    253
-0.90698087,3.3901277,3,-0.91039257,3.3823926,3,-0.91408833,          15P    254
3.3747548,3,-0.91806558,3.3672293,3,-0.92232068,3.3598311,3,          15P    255
-0.92684891,3.3525749,3,-0.93164448,3.345475,3,-0.93670059,           15P    256
3.3385452,3,-0.9420094,3.3317989,3,-0.94756209,3.3252488,3,           15P    257
-0.95334895,3.3189068,3,-0.95935937,3.3127843,3,-0.96558193,          15P    258
3.3068916,3,-0.9720045,3.3012382,3,-0.97861428,3.2958326,3,           15P    259
-0.9853979,3.2906823,3,-0.99234151,3.285794,3,-0.99943086,            15P    260
3.2811729,3,-1.0066514,3.2768237,3,-1.0139884,3.2727496,3,            15P    261
-1.0214269,3.268953,3,-1.0289521,3.2654353,3,-1.0365492,              15P    262
3.2621966,3,-1.0442033,3.2592363,3,-1.0519002,3.2565528,3,            15P    263
-1.0596255,3.2541437,3,-1.0673655,3.2520056,3,-1.0751069,             15P    264
3.2501344,3,-1.0828367,3.2485254,3,-1.0905426,3.2478454,3,            15P    265
-1.0943986,3.1872548,3,-1.4380254,3.1266641,3,-1.7816522,             15P    266
3.1259278,3,-1.7858278,3.124164,3,-1.7941665,3.1220953,3,             15P    267
-1.8025217,3.1197169,3,-1.8108777,3.1170249,3,-1.8192182,             15P    268
3.1140166,3,-1.8275263,3.1106904,3,-1.8357846,3.107046,3,             15P    269
-1.8439757,3.1030843,3,-1.8520815,3.0988076,3,-1.8600842,             15P    270
3.0942194,3,-1.8679658,3.0893246,3,-1.8757085,3.0841295,3,            15P    271
-1.8832946,3.0786418,3,-1.890707,3.0728703,3,-1.897929,3.066825,      15P    272
3,-1.9049445,3.0605175,3,-1.9117382,3.0539602,3,-1.9182955,           15P    273
3.0471665,3,-1.924603,3.040151,3,-1.9306482,3.032929,3,               15P    274
-1.9364198,3.0255166,3,-1.9419075,3.0179305,3,-1.9471026,             15P    275
3.0101879,3,-1.9519973,3.0023063,3,-1.9565855,2.9943035,3,            15P    276
-1.9608623,2.9861977,3,-1.964824,2.9780066,3,-1.9684684,              15P    277
2.9697483,3,-1.9717946,2.9614402,3,-1.9748029,2.9530997,3,            15P    278
-1.9774949,2.9447437,3,-1.9798733,2.9363885,3,-1.981942,              15P    279
2.9280498,3,-1.9837058,2.9238742,3,-1.9844421,1.4619371,3,            15P    280
-2.242221,-3.3306691e-016,3,-2.5,9,3,-2.5,0,0;                        15P    281
142,0,11,13,15,0,0,0;                                                 17P    282
144,11,1,0,17,0,0;                                                    19P    283
128,2,156,2,2,0,0,0,0,0,0,0,0,1,1,1,0,0,0,1,2,3,4,5,6,7,8,9,10,       21P    284
11,12,13,14,15,16,17,18,19,20,21,22,23,24,25,26,27,28,29,30,31,       21P    285
32,33,34,35,36,37,38,39,40,41,42,43,44,45,46,47,48,49,50,51,52,       21P    286
53,54,55,56,57,58,59,60,61,62,63,64,65,66,67,68,69,70,71,72,73,       21P    287
74,75,76,77,78,79,80,81,82,83,84,85,86,87,88,89,90,91,92,93,94,       21P    288
95,96,97,98,99,100,101,102,103,104,105,106,107,108,109,110,111,       21P    289
112,113,114,115,116,117,118,119,120,121,122,123,124,125,126,127,      21P    290
128,129,130,131,132,133,134,135,136,137,138,139,140,141,142,143,      21P    291
144,145,146,147,148,149,150,151,152,153,154,155,155,155,1,            21P    292
0.79192774,1,1,0.79204698,1,1,0.79677591,1,1,0.7999497,1,1,           21P    293
0.80386588,1,1,0.80698119,1,1,0.8103091,1,1,0.81417308,1,1,           21P    294
0.81701903,1,1,0.81973256,1,1,0.82243064,1,1,0.82435328,1,1,          21P    295
0.82686766,1,1,0.82818137,1,1,0.82987015,1,1,0.83177826,1,1,          21P    296
0.83304292,1,1,0.83420136,1,1,0.83526052,1,1,0.83582212,1,1,          21P    297
0.8363534,1,1,0.83649774,1,1,0.83649774,1,1,0.83649774,1,1,           21P    298
0.83649774,1,1,0.83649774,1,1,0.8364489,1,1,0.83610008,1,1,           21P    299
0.83538193,1,1,0.8348935,1,1,0.83402498,1,1,0.83269534,1,1,           21P    300
0.83139248,1,1,0.82983843,1,1,0.82780899,1,1,0.82611822,1,1,          21P    301
0.82354699,1,1,0.82198647,1,1,0.81975109,1,1,0.81665399,1,1,          21P    302
0.81406731,1,1,0.81129579,1,1,0.80797048,1,1,0.80535799,1,1,          21P    303
0.80169713,1,1,0.79959044,1,1,0.79602476,1,1,0.79181095,1,1,          21P    304
0.79181381,1,1,0.79227757,1,1,0.79197846,1,1,0.79256989,1,1,          21P    305
0.79230191,1,1,0.79232659,1,1,0.79292699,1,1,0.79238599,1,1,          21P    306
0.79274198,1,1,0.79274504,1,1,0.7925367,1,1,0.79322787,1,1,           21P    307
0.79262894,1,1,0.79275779,1,1,0.79301709,1,1,0.79258293,1,1,          21P    308
0.79304979,1,1,0.79270427,1,1,0.792608,1,1,0.79312168,1,1,            21P    309
0.79246252,1,1,0.79270191,1,1,0.79261581,1,1,0.79229007,1,1,          21P    310
0.79285925,1,1,0.79217956,1,1,0.79218198,1,1,0.79237428,1,1,          21P    311
0.7919708,1,1,0.79182866,1,1,0.79180657,1,1,0.79320733,1,1,           21P    312
0.79691101,1,1,0.79937752,1,1,0.80253145,1,1,0.80644184,1,1,          21P    313
0.80843997,1,1,0.81123694,1,1,0.81459676,1,1,0.81714793,1,1,          21P    314
0.81979187,1,1,0.82245219,1,1,0.8243614,1,1,0.82686766,1,1,           21P    315
0.82818137,1,1,0.82987015,1,1,0.83177826,1,1,0.83304292,1,1,          21P    316
0.83420136,1,1,0.83526052,1,1,0.83582212,1,1,0.8363534,1,1,           21P    317
0.83649774,1,1,0.83649774,1,1,0.83649774,1,1,0.83649774,1,1,          21P    318
0.83649774,1,1,0.8364489,1,1,0.83610008,1,1,0.83538193,1,1,           21P    319
0.8348935,1,1,0.83402498,1,1,0.83269534,1,1,0.83139248,1,1,           21P    320
0.82983843,1,1,0.82780899,1,1,0.82611822,1,1,0.82354699,1,1,          21P    321
0.82198647,1,1,0.81975109,1,1,0.81665399,1,1,0.81406731,1,1,          21P    322
0.81129579,1,1,0.80797048,1,1,0.80535799,1,1,0.80169713,1,1,          21P    323
0.79959044,1,1,0.79602476,1,1,0.79181095,1,1,0.79181381,1,1,          21P    324
0.79227757,1,1,0.79197846,1,1,0.79256989,1,1,0.79230191,1,1,          21P    325
0.79232659,1,1,0.79292699,1,1,0.79238599,1,1,0.79274198,1,1,          21P    326
0.79274504,1,1,0.7925367,1,1,0.79322787,1,1,0.79262894,1,1,           21P    327
0.79275779,1,1,0.79301709,1,1,0.79258293,1,1,0.79304979,1,1,          21P    328
0.79270427,1,1,0.792608,1,1,0.79312168,1,1,0.79246252,1,1,            21P    329
0.79270191,1,1,0.79261581,1,1,0.79229007,1,1,0.79285925,1,1,          21P    330
0.79217956,1,1,0.79218198,1,1,0.79237428,1,1,0.7918085,1,1,           21P    331
0.79192774,1,1.7597235,2.1544743,-0.57652063,1.7377294,               21P    332
2.1154009,-0.42897348,1.7325134,1.9612813,-0.42957882,1.7474799,      21P    333
2.1549043,-0.57813998,1.7255219,2.115776,-0.43066707,1.720751,        21P    334
1.9617034,-0.43122225,1.7029336,2.1530428,-0.58138505,1.6855625,      21P    335
2.11236,-0.43629895,1.697185,1.9611361,-0.43454342,1.6734284,         21P    336
2.1490799,-0.58354117,1.6593086,2.1076676,-0.44003676,1.6815305,      21P    337
1.9593324,-0.43676543,1.637044,2.1410884,-0.58620786,1.6271613,       21P    338
2.099144,-0.44463347,1.6621736,1.9554485,-0.43953042,1.608506,        21P    339
2.132291,-0.58830498,1.6021249,2.0902554,-0.44824932,1.6469535,       21P    340
1.9510754,-0.44171808,1.578229,2.1203368,-0.59053559,1.5757306,       21P    341
2.0785585,-0.45208653,1.6307675,1.9450434,-0.44405766,1.5435024,      21P    342
2.1029522,-0.59310199,1.5456671,2.0619913,-0.4564987,1.6121485,       21P    343
1.9361801,-0.44676564,1.5177912,2.0872137,-0.5950056,1.5235521,       21P    344
2.04727,-0.45974805,1.5983398,1.9280646,-0.44878554,1.4935876,        21P    345
2.0698143,-0.59680273,1.5028432,2.0312173,-0.4628183,1.5853081,       21P    346
1.9190571,-0.45070082,1.4677452,2.0480502,-0.59895529,1.4807348,      21P    347
2.0114614,-0.46617797,1.5712975,1.9077507,-0.45276975,1.4496405,      21P    348
2.0303911,-0.60046967,1.4653068,1.9955675,-0.46854678,1.5614499,      21P    349
1.8985455,-0.45423,1.4260344,2.0036083,-0.60244771,1.4452691,         21P    350
1.9716366,-0.47163426,1.5485889,1.8845192,-0.45614465,1.4135542,      21P    351
1.987288,-0.60349293,1.4347144,1.9571365,-0.47325469,1.5417936,       21P    352
1.8759339,-0.45715972,1.3976875,1.9637083,-0.60482484,1.4213293,      21P    353
1.9362834,-0.47532315,1.5331354,1.8635053,-0.45845654,1.3801311,      21P    354
1.9325355,-0.60630426,1.406559,1.9088599,-0.47763177,1.5235177,       21P    355
1.8470385,-0.45990162,1.3680439,1.9063838,-0.60731795,1.3964288,      21P    356
1.8859486,-0.47918963,1.516931,1.8331786,-0.46089404,1.3572668,       21P    357
1.8777023,-0.60822583,1.3874104,1.8609071,-0.4805956,1.5110307,       21P    358
1.8179609,-0.46178494,1.3476352,1.8439692,-0.60904089,1.3793606,      21P    359
1.8315405,-0.48186568,1.5057341,1.8000356,-0.46258623,1.342341,       21P    360
1.8181197,-0.60948582,1.3749474,1.8090829,-0.48255024,1.5028401,      21P    361
1.7862858,-0.46302466,1.3377467,1.7809912,-0.60987879,1.3711101,      21P    362
1.7768691,-0.48317181,1.5002884,1.7665127,-0.46341158,1.3365559,      21P    363
1.7406965,-0.6099818,1.3701143,1.7406965,-0.48333717,1.4996211,       21P    364
1.7406965,-0.46351282,1.3365559,1.5406916,-0.6099818,1.3701143,       21P    365
1.5406916,-0.48333717,1.4996211,1.5406916,-0.46351282,1.3365559,      21P    366
1.4072883,-0.60998172,1.3701144,1.4072883,-0.4833371,1.4996212,       21P    367
1.4072883,-0.46351281,1.3365559,1.3272956,-0.60998172,1.3701144,      21P    368
1.3272956,-0.4833371,1.4996212,1.3272956,-0.46351281,1.3365559,       21P    369
1.2768579,-0.60998172,1.3701144,1.2768579,-0.4833371,1.4996212,       21P    370
1.2768579,-0.46351281,1.3367041,1.2391009,-0.60996497,1.3702453,      21P    371
1.2405489,-0.48329771,1.4997304,1.2441834,-0.46349624,1.3398003,      21P    372
1.1989107,-0.60970131,1.3728285,1.2056974,-0.4828845,1.5014426,       21P    373
1.2227791,-0.46323652,1.3468233,1.1594883,-0.60911394,1.3786751,      21P    374
1.1714652,-0.48199251,1.5052593,1.2018044,-0.46265813,1.3511552,      21P    375
1.142366,-0.60874566,1.3822961,1.1565724,-0.48141401,1.5076526,       21P    376
1.1926995,-0.46229583,1.3589988,1.1172105,-0.60808038,1.3888568,      21P    377
1.1346564,-0.48037509,1.5119716,1.1793371,-0.46164276,1.3713638,      21P    378
1.0859286,-0.60703948,1.3992089,1.1073247,-0.47876182,1.5187407,      21P    379
1.1627447,-0.46062115,1.3832803,1.0613758,-0.60603365,1.4092135,      21P    380
1.0857988,-0.47719175,1.5252782,1.1497523,-0.45963675,1.3979455,      21P    381
1.0358788,-0.60480184,1.4215479,1.0633532,-0.4752863,1.5332801,       21P    382
1.1362787,-0.45843483,1.4169674,1.0080759,-0.60320568,1.4376004,      21P    383
1.0387523,-0.47280406,1.5436611,1.1216313,-0.45688053,1.4327716,      21P    384
0.98825247,-0.60187965,1.4509833,1.0211153,-0.47073512,               21P    385
1.5522821,1.1112253,-0.45559395,1.4572709,0.96189557,-0.5998314,      21P    386
1.4718024,0.99750195,-0.46755103,1.5656,1.0974262,-0.453614,          21P    387
1.4724495,0.94770582,-0.59856589,1.4847475,0.98469351,                21P    388
-0.46559262,1.5738259,1.0900125,-0.45239564,1.4934141,                21P    389
0.93032055,-0.59681534,1.5026952,0.96890671,-0.46283959,              21P    390
1.5852151,1.0810137,-0.45071452,1.5210942,0.91061466,                 21P    391
-0.59476091,1.5263863,0.95071092,-0.45933139,1.600115,1.0708116,      21P    392
-0.44852532,1.5443846,0.89655333,-0.59303677,1.546428,                21P    393
0.93754379,-0.45638307,1.612624,1.0635711,-0.44669625,1.5698391,      21P    394
0.88348599,-0.59115651,1.5684476,0.92511098,-0.45318134,              21P    395
1.6262626,1.0568585,-0.44471122,1.6000172,0.8707786,-0.5889308,       21P    396
1.5947096,0.91277094,-0.44935483,1.642412,1.0504253,-0.44237315,      21P    397
1.6233449,0.8628473,-0.5872139,1.6151239,0.90487348,-0.44636872,      21P    398
1.654872,1.0464987,-0.44057843,1.6571635,0.8540596,-0.58473217,       21P    399
1.6449066,0.89576314,-0.4420919,1.6728841,1.0421741,-0.43799812,      21P    400
1.6769571,0.85032957,-0.58328293,1.6624414,0.89166501,                21P    401
-0.43960022,1.6834061,1.0403758,-0.43649855,1.7099228,                21P    402
0.84633957,-0.58087532,1.6918058,0.88681358,-0.43541254,              21P    403
1.7008866,1.0386075,-0.43401986,1.751576,0.84519595,-0.57773657,      21P    404
1.7293863,0.88421738,-0.43014117,1.7236809,1.0383811,                 21P    405
-0.43081134,1.7793306,0.84623,-0.57387744,1.7573636,0.8852508,        21P    406
-0.42625012,1.751714,1.0394152,-0.42690207,1.8884428,0.85029519,      21P    407
-0.55870597,1.8674056,0.88954959,-0.41125816,1.8620001,               21P    408
1.0434804,-0.4119147,2.0851806,0.85694875,-0.53387452,2.0656913,      21P    409
0.89603327,-0.3860062,2.0606687,1.0501339,-0.38649108,2.2820786,      21P    410
0.86327718,-0.51025651,2.2642329,0.90265729,-0.36258096,              21P    411
2.2596379,1.0564623,-0.36305195,2.4793035,0.86888503,                 21P    412
-0.48932773,2.4630135,0.90811362,-0.34128663,2.4588083,               21P    413
1.0620702,-0.34160952,2.6767136,0.87403158,-0.47012056,               21P    414
2.6620161,0.91326233,-0.32192685,2.6582174,1.0672167,-0.3221599,      21P    415
2.8742752,0.87878099,-0.4523955,2.8612093,0.91831541,                 21P    416
-0.30445531,2.8578368,1.0719662,-0.30470678,3.0720961,                21P    417
0.88274241,-0.43761127,3.0605833,0.92198605,-0.28917177,              21P    418
3.0576019,1.0759276,-0.28925589,3.2700079,0.88637866,                 21P    419
-0.42404063,3.2601108,0.92580063,-0.2757246,3.2575493,1.0795638,      21P    420
-0.27580467,3.4680743,0.88940512,-0.41274572,3.459767,                21P    421
0.92882239,-0.26433257,3.4576152,1.0825903,-0.26435789,               21P    422
3.6662585,0.89185337,-0.40360872,3.6595401,0.93115669,                21P    423
-0.25497233,3.6577973,1.0850385,-0.25491577,3.8645015,0.8939768,      21P    424
-0.39568398,3.8593996,0.93363675,-0.24745175,3.8580794,1.087162,      21P    425
-0.24747948,4.062851,0.89527484,-0.3908396,4.0593281,0.93461919,      21P    426
-0.24215384,4.0584138,1.08846,-0.24205082,4.2612277,0.89620852,       21P    427
-0.38735509,4.2593069,0.93561823,-0.23872691,4.2588086,               21P    428
1.0893937,-0.23862965,4.4596324,0.89664126,-0.38574006,               21P    429
4.4593064,0.93618554,-0.23727566,4.4592219,1.0898264,                 21P    430
-0.23721684,4.6580406,0.8963846,-0.38669792,4.6593143,                21P    431
0.93570259,-0.23794407,4.659645,1.0895698,-0.23781244,4.8564392,      21P    432
0.89580303,-0.38886839,4.8593054,0.93536614,-0.24045399,              21P    433
4.860048,1.0889882,-0.2404164,5.0547875,0.89450499,-0.39371274,       21P    434
5.0592535,0.9338903,-0.24510387,5.0604119,1.0876902,-0.24502835,      21P    435
5.2530789,0.8927334,-0.40032441,5.2591471,0.93207212,                 21P    436
-0.25170796,5.2607211,1.0859186,-0.25164792,5.4513154,                21P    437
0.89057064,-0.40839592,5.458956,0.93018222,-0.26020245,               21P    438
5.4609324,1.0837558,-0.26027338,5.6493973,0.88761015,                 21P    439
-0.41944464,5.6586618,0.92688358,-0.27089716,5.6610632,               21P    440
1.0807953,-0.27090541,5.8474011,0.88432479,-0.43170575,               21P    441
5.8582476,0.92373013,-0.28343002,5.8610539,1.07751,-0.28354071,       21P    442
6.0452424,0.88043599,-0.44621897,6.0576817,0.91980444,                21P    443
-0.29801189,6.0608981,1.0736212,-0.29817838,6.2428983,                21P    444
0.87596412,-0.4629082,6.2569538,0.9151718,-0.31462631,6.2605889,      21P    445
1.0691493,-0.31481781,6.4404431,0.87116694,-0.48081154,               21P    446
6.4560384,0.91068178,-0.33307452,6.460057,1.0643521,-0.33345259,      21P    447
6.6376683,0.86555908,-0.50174035,6.6549075,0.90473069,                21P    448
-0.35372517,6.6593563,1.0587442,-0.35408747,6.8347276,                21P    449
0.85957887,-0.5240588,6.8535533,0.89876418,-0.37624197,6.858404,      21P    450
1.052764,-0.37671378,7.0315605,0.85311512,-0.54818183,7.0519423,      21P    451
0.89241415,-0.4007066,7.057181,1.0463003,-0.4013283,7.1626374,        21P    452
0.8483921,-0.56580839,7.1841206,0.88749035,-0.41821604,               21P    453
7.1896451,1.0415773,-0.41885523,7.2091955,0.84665749,                 21P    454
-0.57228205,7.2310688,0.88568514,-0.42465074,7.2366945,               21P    455
1.0398427,-0.42529744,7.2382558,0.84557479,-0.57632273,               21P    456
7.2603646,0.88459316,-0.42871199,7.2660498,1.03876,-0.42937457,       21P    457
7.2633327,0.84509669,-0.57892601,7.2842109,0.88464689,                21P    458
-0.43204201,7.2849577,1.0381867,-0.43202415,7.298422,0.84709105,      21P    459
-0.58148422,7.3156485,0.88781419,-0.43646581,7.3035349,               21P    460
1.0389281,-0.43464533,7.3212599,0.85004325,-0.58315274,               21P    461
7.3359775,0.89134293,-0.43936433,7.3156489,1.0402561,                 21P    462
-0.43636415,7.3505409,0.85578929,-0.58529711,7.3618976,               21P    463
0.89760031,-0.44306774,7.3312158,1.043013,-0.43858398,7.3861913,      21P    464
0.86589869,-0.58791536,7.3932326,0.90793385,-0.44759802,              21P    465
7.3502191,1.0479903,-0.44131077,7.4047154,0.87258398,                 21P    466
-0.58927848,7.4094218,0.91455346,-0.44992911,7.3601108,               21P    467
1.0513692,-0.44273751,7.4296958,0.88326804,-0.59112196,7.431149,      21P    468
0.92490312,-0.45311852,7.3734868,1.0567527,-0.44467483,               21P    469
7.4599839,0.89902967,-0.59336142,7.4573391,0.93986806,                21P    470
-0.45695972,7.3897335,1.0648132,-0.44704035,7.4833181,                21P    471
0.91352594,-0.59508836,7.4773997,0.95341558,-0.45989155,              21P    472
7.402259,1.0723141,-0.44887335,7.5069961,0.93063852,-0.59684935,      21P    473
7.4976564,0.96919718,-0.46289185,7.4150062,1.0811796,                 21P    474
-0.45074712,7.5324726,0.95214955,-0.59897337,7.5194509,               21P    475
0.98871926,-0.46620559,7.42882,1.0923541,-0.45278715,7.5504277,       21P    476
0.96967973,-0.60047546,7.5347513,1.0044959,-0.46855621,               21P    477
7.4385877,1.1014911,-0.45423559,7.5739656,0.99639171,                 21P    478
-0.60244771,7.5547309,1.0283634,-0.47163426,7.4514111,1.1154808,      21P    479
-0.45614465,7.5864458,1.012712,-0.60349293,7.5652856,1.0428635,       21P    480
-0.47325469,7.4582064,1.1240661,-0.45715972,7.6023125,1.0362917,      21P    481
-0.60482484,7.5786707,1.0637166,-0.47532315,7.4668646,1.1364947,      21P    482
-0.45845654,7.6198689,1.0674645,-0.60630426,7.593441,1.0911401,       21P    483
-0.47763177,7.4764823,1.1529615,-0.45990162,7.6319561,1.0936162,      21P    484
-0.60731795,7.6035712,1.1140514,-0.47918963,7.483069,1.1668214,       21P    485
-0.46089404,7.6427332,1.1222977,-0.60822583,7.6125896,1.1390929,      21P    486
-0.4805956,7.4889693,1.1820391,-0.46178494,7.6523648,1.1560308,       21P    487
-0.60904089,7.6206394,1.1684595,-0.48186568,7.4942659,1.1999644,      21P    488
-0.46258623,7.657659,1.1818803,-0.60948582,7.6250526,1.1909171,       21P    489
-0.48255024,7.4971599,1.2137142,-0.46302466,7.6622533,1.2190088,      21P    490
-0.60987879,7.6288899,1.2231309,-0.48317181,7.4997116,1.2334873,      21P    491
-0.46341158,7.6634441,1.2593035,-0.6099818,7.6298857,1.2593035,       21P    492
-0.48333717,7.5003789,1.2593035,-0.46351282,7.6634441,1.4593084,      21P    493
-0.6099818,7.6298857,1.4593084,-0.48333717,7.5003789,1.4593084,       21P    494
-0.46351282,7.6634441,1.5927117,-0.60998172,7.6298856,1.5927117,      21P    495
-0.4833371,7.5003788,1.5927117,-0.46351281,7.6634441,1.6727044,       21P    496
-0.60998172,7.6298856,1.6727044,-0.4833371,7.5003788,1.6727044,       21P    497
-0.46351281,7.6634441,1.7231421,-0.60998172,7.6298856,1.7231421,      21P    498
-0.4833371,7.5003788,1.7231421,-0.46351281,7.6632959,1.7608991,       21P    499
-0.60996497,7.6297547,1.7594511,-0.48329771,7.5002696,1.7558166,      21P    500
-0.46349624,7.6601997,1.8010893,-0.60970131,7.6271715,1.7943026,      21P    501
-0.4828845,7.4985574,1.7772209,-0.46323652,7.6531767,1.8405117,       21P    502
-0.60911394,7.6213249,1.8285348,-0.48199251,7.4947407,1.7981956,      21P    503
-0.46265813,7.6488448,1.857634,-0.60874566,7.6177039,1.8434276,       21P    504
-0.48141401,7.4923474,1.8073005,-0.46229583,7.6410012,1.8827895,      21P    505
-0.60808038,7.6111432,1.8653436,-0.48037509,7.4880284,1.8206629,      21P    506
-0.46164276,7.6286362,1.9140714,-0.60703948,7.6007911,1.8926753,      21P    507
-0.47876182,7.4812593,1.8372553,-0.46062115,7.6167197,1.9386242,      21P    508
-0.60603365,7.5907865,1.9142012,-0.47719175,7.4747218,1.8502477,      21P    509
-0.45963675,7.6020545,1.9641212,-0.60480184,7.5784521,1.9366468,      21P    510
-0.4752863,7.4667199,1.8637213,-0.45843483,7.5830326,1.9919241,       21P    511
-0.60320568,7.5623996,1.9612477,-0.47280406,7.4563389,1.8783687,      21P    512
-0.45688053,7.5672284,2.0117475,-0.60187965,7.5490167,1.9788847,      21P    513
-0.47073512,7.4477179,1.8887747,-0.45559395,7.5427291,2.0381044,      21P    514
-0.5998314,7.5281976,2.0024981,-0.46755103,7.4344,1.9025738,          21P    515
-0.453614,7.5275505,2.0522942,-0.59856589,7.5152525,2.0153065,        21P    516
-0.46559262,7.4261741,1.9099875,-0.45239564,7.5065859,2.0696794,      21P    517
-0.59681534,7.4973048,2.0310933,-0.46283959,7.4147849,1.9189863,      21P    518
-0.45071452,7.4789058,2.0893853,-0.59476091,7.4736137,2.0492891,      21P    519
-0.45933139,7.399885,1.9291884,-0.44852532,7.4556154,2.1034467,       21P    520
-0.59303677,7.453572,2.0624562,-0.45638307,7.387376,1.9364289,        21P    521
-0.44669625,7.4301609,2.116514,-0.59115651,7.4315524,2.074889,        21P    522
-0.45318134,7.3737374,1.9431415,-0.44471122,7.3999828,2.1292214,      21P    523
-0.5889308,7.4052904,2.0872291,-0.44935483,7.357588,1.9495747,        21P    524
-0.44237315,7.3766551,2.1371527,-0.5872139,7.3848761,2.0951265,       21P    525
-0.44636872,7.345128,1.9535013,-0.44057843,7.3428365,2.1459404,       21P    526
-0.58473217,7.3550934,2.1042369,-0.4420919,7.3271159,1.9578259,       21P    527
-0.43799812,7.3230429,2.1496704,-0.58328293,7.3375586,2.108335,       21P    528
-0.43960022,7.3165939,1.9596242,-0.43649855,7.2900772,2.1536604,      21P    529
-0.58087532,7.3081942,2.1131864,-0.43541254,7.2991134,1.9613925,      21P    530
-0.43401986,7.248424,2.154804,-0.57773657,7.2706137,2.1157826,        21P    531
-0.43014117,7.2763191,1.9616189,-0.43081134,7.2206694,2.15377,        21P    532
-0.57387744,7.2426364,2.1147492,-0.42625012,7.248286,1.9605848,       21P    533
-0.42690207,7.1115572,2.1497048,-0.55870597,7.1325944,2.1104504,      21P    534
-0.41125816,7.1379999,1.9565196,-0.4119147,6.9148194,2.1430512,       21P    535
-0.53387452,6.9343087,2.1039667,-0.3860062,6.9393313,1.9498661,       21P    536
-0.38649108,6.7179214,2.1367228,-0.51025651,6.7357671,2.0973427,      21P    537
-0.36258096,6.7403621,1.9435377,-0.36305195,6.5206965,2.131115,       21P    538
-0.48932773,6.5369865,2.0918864,-0.34128663,6.5411917,1.9379298,      21P    539
-0.34160952,6.3232864,2.1259684,-0.47012056,6.3379839,2.0867377,      21P    540
-0.32192685,6.3417826,1.9327833,-0.3221599,6.1257248,2.121219,        21P    541
-0.4523955,6.1387907,2.0816846,-0.30445531,6.1421632,1.9280338,       21P    542
-0.30470678,5.9279039,2.1172576,-0.43761127,5.9394167,2.078014,       21P    543
-0.28917177,5.9423981,1.9240724,-0.28925589,5.7299921,2.1136213,      21P    544
-0.42404063,5.7398892,2.0741994,-0.2757246,5.7424507,1.9204362,       21P    545
-0.27580467,5.5319257,2.1105949,-0.41274572,5.540233,2.0711776,       21P    546
-0.26433257,5.5423848,1.9174097,-0.26435789,5.3337415,2.1081466,      21P    547
-0.40360872,5.3404599,2.0688433,-0.25497233,5.3422027,1.9149615,      21P    548
-0.25491577,5.1354985,2.1060232,-0.39568398,5.1406004,2.0663632,      21P    549
-0.24745175,5.1419206,1.912838,-0.24747948,4.937149,2.1047252,        21P    550
-0.3908396,4.9406719,2.0653808,-0.24215384,4.9415862,1.91154,         21P    551
-0.24205082,4.7387723,2.1037915,-0.38735509,4.7406931,2.0643818,      21P    552
-0.23872691,4.7411914,1.9106063,-0.23862965,4.5403676,2.1033587,      21P    553
-0.38574006,4.5406936,2.0638145,-0.23727566,4.5407781,1.9101736,      21P    554
-0.23721684,4.3419594,2.1036154,-0.38669792,4.3406857,2.0642974,      21P    555
-0.23794407,4.340355,1.9104302,-0.23781244,4.1435608,2.104197,        21P    556
-0.38886839,4.1406946,2.0646339,-0.24045399,4.139952,1.9110118,       21P    557
-0.2404164,3.9452125,2.105495,-0.39371274,3.9407465,2.0661097,        21P    558
-0.24510387,3.9395881,1.9123098,-0.24502835,3.7469211,2.1072666,      21P    559
-0.40032441,3.7408529,2.0679279,-0.25170796,3.7392789,1.9140814,      21P    560
-0.25164792,3.5486846,2.1094294,-0.40839592,3.541044,2.0698178,       21P    561
-0.26020245,3.5390676,1.9162442,-0.26027338,3.3506027,2.1123899,      21P    562
-0.41944464,3.3413382,2.0731164,-0.27089716,3.3389368,1.9192047,      21P    563
-0.27090541,3.1525989,2.1156752,-0.43170575,3.1417524,2.0762699,      21P    564
-0.28343002,3.1389461,1.92249,-0.28354071,2.9547576,2.119564,         21P    565
-0.44621897,2.9423183,2.0801956,-0.29801189,2.9391019,1.9263788,      21P    566
-0.29817838,2.7571017,2.1240359,-0.4629082,2.7430462,2.0848282,       21P    567
-0.31462631,2.7394111,1.9308507,-0.31481781,2.5595569,2.1288331,      21P    568
-0.48081154,2.5439616,2.0893182,-0.33307452,2.539943,1.9356479,       21P    569
-0.33345259,2.3623317,2.1344409,-0.50174035,2.3450925,2.0952693,      21P    570
-0.35372517,2.3406437,1.9412558,-0.35408747,2.1652724,2.1404211,      21P    571
-0.5240588,2.1464467,2.1012358,-0.37624197,2.141596,1.947236,         21P    572
-0.37671378,1.9684395,2.1468849,-0.54818183,1.9480577,2.1075858,      21P    573
-0.4007066,1.942819,1.9536997,-0.4013283,1.7719671,2.1540443,         21P    574
-0.57490129,1.7499405,2.1150258,-0.42727937,1.7442759,1.9608592,      21P    575
-0.42793539,1.7597235,2.1544743,-0.57652063,1.7377294,2.1154009,      21P    576
-0.42897348,1.7325134,1.9612813,-0.42957882,0,1,0,155,0,0;            21P    577
128,2,281,2,2,0,0,0,0,0,0,0,0,1,1,1,0,0,0,1,2,3,4,5,6,7,8,9,10,       23P    578
11,12,13,14,15,16,17,18,19,20,21,22,23,24,25,26,27,28,29,30,31,       23P    579
32,33,34,35,36,37,38,39,40,41,42,43,44,45,46,47,48,49,50,51,52,       23P    580
53,54,55,56,57,58,59,60,61,62,63,64,65,66,67,68,69,70,71,72,73,       23P    581
74,75,76,77,78,79,80,81,82,83,84,85,86,87,88,89,90,91,92,93,94,       23P    582
95,96,97,98,99,100,101,102,103,104,105,106,107,108,109,110,111,       23P    583
112,113,114,115,116,117,118,119,120,121,122,123,124,125,126,127,      23P    584
128,129,130,131,132,133,134,135,136,137,138,139,140,141,142,143,      23P    585
144,145,146,147,148,149,150,151,152,153,154,155,156,157,158,159,      23P    586
160,161,162,163,164,165,166,167,168,169,170,171,172,173,174,175,      23P    587
176,177,178,179,180,181,182,183,184,185,186,187,188,189,190,191,      23P    588
192,193,194,195,196,197,198,199,200,201,202,203,204,205,206,207,      23P    589
208,209,210,211,212,213,214,215,216,217,218,219,220,221,222,223,      23P    590
224,225,226,227,228,229,230,231,232,233,234,235,236,237,238,239,      23P    591
240,241,242,243,244,245,246,247,248,249,250,251,252,253,254,255,      23P    592
256,257,258,259,260,261,262,263,264,265,266,267,268,269,270,271,      23P    593
272,273,274,275,276,277,278,279,280,280,280,1,0.79294644,1,1,         23P    594
0.79211331,1,1,0.79211331,1,1,0.79211331,1,1,0.79211331,1,1,          23P    595
0.79211331,1,1,0.79211331,1,1,0.79211331,1,1,0.79211331,1,1,          23P    596
0.79211331,1,1,0.79211331,1,1,0.79071992,1,1,0.78717836,1,1,          23P    597
0.78223033,1,1,0.77779974,1,1,0.77160394,1,1,0.76286954,1,1,          23P    598
0.75487085,1,1,0.7430581,1,1,0.7255792,1,1,0.72282206,1,1,            23P    599
0.72282206,1,1,0.72282206,1,1,0.72282206,1,1,0.72282206,1,1,          23P    600
0.72282206,1,1,0.72282206,1,1,0.73006061,1,1,0.7395661,1,1,           23P    601
0.74615413,1,1,0.75309806,1,1,0.76134857,1,1,0.76656787,1,1,          23P    602
0.77479394,1,1,0.78027531,1,1,0.78563442,1,1,0.78806116,1,1,          23P    603
0.79138665,1,1,0.7939253,1,1,0.79476929,1,1,0.79738569,1,1,           23P    604
0.79855394,1,1,0.79831082,1,1,0.79664855,1,1,0.79351455,1,1,          23P    605
0.79644976,1,1,0.79825608,1,1,0.79864063,1,1,0.79761556,1,1,          23P    606
0.79514855,1,1,0.79512324,1,1,0.79758045,1,1,0.79859543,1,1,          23P    607
0.79820026,1,1,0.7963826,1,1,0.79430682,1,1,0.79383081,1,1,           23P    608
0.79271364,1,1,0.79068862,1,1,0.78764436,1,1,0.78386441,1,1,          23P    609
0.77849815,1,1,0.77248662,1,1,0.7653026,1,1,0.75873396,1,1,           23P    610
0.74967342,1,1,0.73861633,1,1,0.72282206,1,1,0.72282206,1,1,          23P    611
0.72282206,1,1,0.72282206,1,1,0.72282206,1,1,0.72282206,1,1,          23P    612
0.72282206,1,1,0.72282206,1,1,0.73678481,1,1,0.74650691,1,1,          23P    613
0.75728289,1,1,0.76487276,1,1,0.7750792,1,1,0.78208085,1,1,           23P    614
0.78757962,1,1,0.79185866,1,1,0.79211331,1,1,0.79211331,1,1,          23P    615
0.79211331,1,1,0.79211331,1,1,0.79211331,1,1,0.79211331,1,1,          23P    616
0.79211331,1,1,0.79211331,1,1,0.79211331,1,1,0.79464996,1,1,          23P    617
0.79978705,1,1,0.80270658,1,1,0.80724592,1,1,0.81041044,1,1,          23P    618
0.81355807,1,1,0.81685617,1,1,0.82066624,1,1,0.82322428,1,1,          23P    619
0.82590861,1,1,0.82850268,1,1,0.83155153,1,1,0.83349943,1,1,          23P    620
0.83512129,1,1,0.83703669,1,1,0.83924453,1,1,0.8404208,1,1,           23P    621
0.84126221,1,1,0.8423856,1,1,0.84321566,1,1,0.84329286,1,1,           23P    622
0.84391866,1,1,0.84339145,1,1,0.84339145,1,1,0.84339145,1,1,          23P    623
0.84339145,1,1,0.8439264,1,1,0.84352683,1,1,0.84324812,1,1,           23P    624
0.84197179,1,1,0.84118874,1,1,0.8403075,1,1,0.83898858,1,1,           23P    625
0.83660565,1,1,0.8351996,1,1,0.83328065,1,1,0.83121413,1,1,           23P    626
0.8277599,1,1,0.82556614,1,1,0.82297236,1,1,0.82027587,1,1,           23P    627
0.81600372,1,1,0.81336152,1,1,0.80996719,1,1,0.80658593,1,1,          23P    628
0.80257237,1,1,0.7993727,1,1,0.79472186,1,1,0.79211331,1,1,           23P    629
0.79211331,1,1,0.79211331,1,1,0.79211331,1,1,0.79211331,1,1,          23P    630
0.79211331,1,1,0.79211331,1,1,0.79211331,1,1,0.79211331,1,1,          23P    631
0.79211331,1,1,0.79211331,1,1,0.78928357,1,1,0.78500437,1,1,          23P    632
0.77959866,1,1,0.77348185,1,1,0.76342115,1,1,0.75383761,1,1,          23P    633
0.7422996,1,1,0.7330585,1,1,0.72282206,1,1,0.72282206,1,1,            23P    634
0.72282206,1,1,0.72282206,1,1,0.72282206,1,1,0.72282206,1,1,          23P    635
0.72282206,1,1,0.72576821,1,1,0.73589504,1,1,0.74572254,1,1,          23P    636
0.75122825,1,1,0.76093375,1,1,0.7679923,1,1,0.77528284,1,1,           23P    637
0.77912011,1,1,0.7852579,1,1,0.78891889,1,1,0.79209553,1,1,           23P    638
0.79392996,1,1,0.79626256,1,1,0.79814749,1,1,0.79860825,1,1,          23P    639
0.79765929,1,1,0.79527059,1,1,0.79499747,1,1,0.79753314,1,1,          23P    640
0.79862428,1,1,0.79830528,1,1,0.79656605,1,1,0.79335183,1,1,          23P    641
0.7965359,1,1,0.79826516,1,1,0.79857384,1,1,0.79747177,1,1,           23P    642
0.79593707,1,1,0.79438186,1,1,0.79363516,1,1,0.79274802,1,1,          23P    643
0.79064795,1,1,0.78765885,1,1,0.7836145,1,1,0.77838434,1,1,           23P    644
0.77304734,1,1,0.76548353,1,1,0.75783078,1,1,0.74908499,1,1,          23P    645
0.74109716,1,1,0.72894287,1,1,0.72282206,1,1,0.72282206,1,1,          23P    646
0.72282206,1,1,0.72282206,1,1,0.72282206,1,1,0.72282206,1,1,          23P    647
0.72282206,1,1,0.72282206,1,1,0.73551082,1,1,0.74451107,1,1,          23P    648
0.75667256,1,1,0.76614393,1,1,0.7754661,1,1,0.78092458,1,1,           23P    649
0.78660623,1,1,0.79066292,1,1,0.79211331,1,1,0.79211331,1,1,          23P    650
0.79211331,1,1,0.79211331,1,1,0.79211331,1,1,0.79211331,1,1,          23P    651
0.79211331,1,1,0.79211331,1,1,0.79211331,1,1,0.79211331,1,1,          23P    652
0.79211331,1,1,0.79584626,1,1,0.79945272,1,1,0.8029769,1,1,           23P    653
0.8066921,1,1,0.81064014,1,1,0.8133635,1,1,0.81744097,1,1,            23P    654
0.82034275,1,1,0.823304,1,1,0.82555285,1,1,0.82900554,1,1,            23P    655
0.83127265,1,1,0.8335603,1,1,0.83518492,1,1,0.83747675,1,1,           23P    656
0.8390347,1,1,0.8403967,1,1,0.84115513,1,1,0.84261921,1,1,            23P    657
0.84325275,1,1,0.84332701,1,1,0.84349728,1,1,0.84339145,1,1,          23P    658
0.84339145,1,1,0.84339145,1,1,0.84339145,1,1,0.84356686,1,1,          23P    659
0.84315609,1,1,0.84233567,1,1,0.84132356,1,1,0.84041387,1,1,          23P    660
0.8386466,1,1,0.83695138,1,1,0.83521992,1,1,0.83347775,1,1,           23P    661
0.83079636,1,1,0.82840659,1,1,0.82557334,1,1,0.82319859,1,1,          23P    662
0.81980182,1,1,0.81674508,1,1,0.81327073,1,1,0.81035799,1,1,          23P    663
0.80586369,1,1,0.80269956,1,1,0.79885532,1,1,0.79377957,1,1,          23P    664
0.79294644,1,1.7951687,2.5597015,-2.0890925,1.8121238,2.5843228,      23P    665
-2.1803701,1.815711,2.680298,-2.1798412,1.8553267,2.5568734,          23P    666
-2.0782799,1.8726239,2.5813977,-2.1698059,1.8770328,2.6776141,        23P    667
-2.1690285,1.9779507,2.5510798,-2.056658,1.9952479,2.5756042,         23P    668
-2.148184,1.9996567,2.6718206,-2.1474066,2.1005746,2.5452863,         23P    669
-2.0350361,2.1178718,2.5698106,-2.1265621,2.1222807,2.666027,         23P    670
-2.1257847,2.2231986,2.5394927,-2.0134142,2.2404958,2.564017,         23P    671
-2.1049401,2.2449046,2.6602334,-2.1041628,2.3458225,2.5336991,        23P    672
-1.9917923,2.3631197,2.5582234,-2.0833182,2.3675285,2.6544399,        23P    673
-2.0825408,2.4684465,2.5279056,-1.9701703,2.4857437,2.5524299,        23P    674
-2.0616963,2.4901525,2.6486463,-2.0609189,2.5910704,2.522112,         23P    675
-1.9485484,2.6083676,2.5466363,-2.0400744,2.6127764,2.6428527,        23P    676
-2.039297,2.7136943,2.5163184,-1.9269265,2.7309915,2.5408427,         23P    677
-2.0184525,2.7354004,2.6370591,-2.0176751,2.8363183,2.5105248,        23P    678
-1.9053046,2.8536155,2.5350491,-1.9968306,2.8580243,2.6312656,        23P    679
-1.9960532,2.8816332,2.5083839,-1.8973144,2.8989304,2.5329082,        23P    680
-1.9888404,2.9033392,2.6291246,-1.988063,2.9095474,2.5069447,         23P    681
-1.8919433,2.9327603,2.5310966,-1.982736,2.938614,2.6276854,          23P    682
-1.9813828,2.9268528,2.5054809,-1.8864804,2.9642865,2.5287691,        23P    683
-1.9739289,2.9732958,2.6262216,-1.9703649,2.94284,2.5034289,          23P    684
-1.8788222,2.9938301,2.5254946,-1.9614296,3.0052733,2.6241694,        23P    685
-1.9548554,2.9525248,2.5017233,-1.8724569,3.0121768,2.5226424,        23P    686
-1.9512392,3.0248068,2.6224635,-1.9423593,2.9639775,2.4992632,        23P    687
-1.8632757,3.0342601,2.5185733,-1.9361217,3.0478014,2.6200039,        23P    688
-1.9239754,2.9765274,2.4957785,-1.8502705,3.05921,2.5127622,          23P    689
-1.9142909,3.0728917,2.6165192,-1.8978361,2.9850266,2.4926738,        23P    690
-1.8386836,3.0769762,2.5074469,-1.8945628,3.0899795,2.6134143,        23P    691
-1.874631,2.9947898,2.48795,-1.8210542,3.0983533,2.4993483,           23P    692
-1.8637027,3.1091778,2.6086907,-1.8391814,3.0024722,2.4814772,        23P    693
-1.7968974,3.1185509,2.4875379,-1.8202011,3.1248683,2.6022178,        23P    694
-1.7908294,3.0080857,2.4733724,-1.76665,3.125892,2.4785655,           23P    695
-1.7860309,3.1311866,2.5941132,-1.7560036,3.0284027,2.4424983,        23P    696
-1.6514261,3.1462091,2.4476914,-1.6708071,3.1515037,2.563239,         23P    697
-1.6407798,3.0493316,2.4106944,-1.5327324,3.167138,2.4158875,         23P    698
-1.5521134,3.1724326,2.5314351,-1.5220861,3.0702605,2.3788905,        23P    699
-1.4140387,3.1880669,2.3840836,-1.4334197,3.1933615,2.4996313,        23P    700
-1.4033923,3.0911895,2.3470866,-1.295345,3.2089958,2.3522798,         23P    701
-1.3147259,3.2142904,2.4678274,-1.2846986,3.1121184,2.3152828,        23P    702
-1.1766513,3.2299247,2.3204759,-1.1960322,3.2352193,2.4360235,        23P    703
-1.1660049,3.1220277,2.3002243,-1.1204523,3.2398341,2.3054174,        23P    704
-1.1398333,3.2451287,2.420965,-1.109806,3.1304937,2.2894376,          23P    705
-1.0801959,3.2442724,2.2969369,-1.1064448,3.2513425,2.4101784,        23P    706
-1.0778578,3.1430813,2.2785076,-1.0394044,3.2500977,2.2889084,        23P    707
-1.0765718,3.2597485,2.3992483,-1.0506094,3.1546408,2.2711775,        23P    708
-1.0120481,3.2563234,2.2835338,-1.0561822,3.2673994,2.3919184,        23P    709
-1.0323086,3.1710237,2.2627544,-0.98061287,3.2660066,2.2770981,       23P    710
-1.0325476,3.2784079,2.3834953,-1.0113211,3.1951315,2.2530906,        23P    711
-0.94454714,3.2811324,2.2697384,-1.0050248,3.2944915,2.3738316,       23P    712
-0.98722036,3.2168435,2.2459352,-0.91784268,3.2954839,2.2639593,      23P    713
-0.98459478,3.3091673,2.3666762,-0.96952708,3.25278,2.2367661,        23P    714
-0.88362298,3.3198095,2.2569962,-0.95779304,3.3330348,2.357507,       23P    715
-0.94656491,3.2864497,2.2299801,-0.85829723,3.3433218,2.2516133,      23P    716
-0.93789974,3.355538,2.3507209,-0.92968772,3.3269696,2.2237266,       23P    717
-0.83495903,3.3721451,2.2467261,-0.91934065,3.3825683,2.3444673,      23P    718
-0.91404199,3.3583241,2.219915,-0.82073408,3.3947691,2.2434683,       23P    719
-0.90820634,3.4035515,2.3406558,-0.90476453,3.4018334,2.2162297,      23P    720
-0.8069803,3.4264234,2.2406227,-0.89711191,3.4325768,2.3369705,       23P    721
-0.89548575,3.4580464,2.2136654,-0.79741021,3.4676562,2.2387092,      23P    722
-0.88930449,3.4701215,2.3344062,-0.88895819,3.5266891,2.2127225,      23P    723
-0.7938913,3.5314618,2.2380173,-0.88580905,3.5326876,2.3334633,       23P    724
-0.8855813,3.6518813,2.2115825,-0.78963657,3.6559854,2.237729,        23P    725
-0.88046018,3.6570272,2.3323232,-0.87994824,3.7770572,2.2104426,      23P    726
-0.78538239,3.7805242,2.2369687,-0.87572566,3.7813997,2.3311833,      23P    727
-0.8750891,3.9022324,2.2093027,-0.78112823,3.9050905,2.2357481,       23P    728
-0.87159901,3.9058133,2.3300434,-0.87100367,4.0274122,2.2081627,      23P    729
-0.77687392,4.0296862,2.2340645,-0.86808158,4.030266,2.3289035,       23P    730
-0.86769228,4.152612,2.2070226,-0.77261893,4.1543232,2.2319011,       23P    731
-0.86518189,4.1547657,2.3277633,-0.86515516,4.2778855,2.2069725,      23P    732
-0.77243179,4.2789772,2.232808,-0.86374738,4.2792558,2.3277132,       23P    733
-0.86339351,4.4031461,2.2069725,-0.77243179,4.4036211,2.2333971,      23P    734
-0.86297108,4.4037413,2.3277132,-0.86240691,4.5283967,2.2069725,      23P    735
-0.77243179,4.5282575,2.2335226,-0.86280499,4.5282224,2.3277132,      23P    736
-0.86219518,4.6536516,2.2069725,-0.77243179,4.6528974,2.2331882,      23P    737
-0.86324708,4.652706,2.3277132,-0.86275826,4.7789174,2.2069725,       23P    738
-0.77243179,4.7775442,2.2323837,-0.86430274,4.7771917,2.3277132,      23P    739
-0.86409624,4.9041625,2.2075396,-0.77454844,4.9021985,2.2329433,      23P    740
-0.86641932,4.9016943,2.3282804,-0.86620963,5.0293512,2.2086796,      23P    741
-0.77880306,5.0268152,2.234886,-0.86960068,5.0261715,2.3294204,       23P    742
-0.86909788,5.1545283,2.2098196,-0.78305728,5.1513974,2.2363584,      23P    743
-0.87339499,5.1506068,2.3305603,-0.8727603,5.279702,2.2109594,        23P    744
-0.78731138,5.2759497,2.2373709,-0.87779696,5.2750007,2.3317002,      23P    745
-0.87719656,5.4048845,2.2120994,-0.79156579,5.4004813,2.2379195,      23P    746
-0.88280884,5.3993585,2.3328401,-0.88240664,5.4900162,2.2128747,      23P    747
-0.79445904,5.4851516,2.2380189,-0.88656982,5.4838999,2.3336154,      23P    748
-0.8863914,5.5346963,2.2134629,-0.79665427,5.5270287,2.2384641,       23P    749
-0.88877456,5.5250563,2.3342036,-0.88854163,5.580482,2.2152141,       23P    750
-0.80319001,5.5606324,2.2399677,-0.89392695,5.5556202,2.3359548,      23P    751
-0.89279406,5.6116097,2.2172312,-0.81071799,5.5833995,2.2414621,      23P    752
-0.90007408,5.5764148,2.337972,-0.89794595,5.6508588,2.2209693,       23P    753
-0.82466855,5.6118927,2.244451,-0.91122074,5.6026194,2.34171,         23P    754
-0.90725581,5.6819793,2.2248395,-0.83911258,5.634224,2.247337,        23P    755
-0.92288495,5.6233165,2.3455803,-0.91707162,5.7243148,2.2319493,      23P    756
-0.86564643,5.6642426,2.2531181,-0.94374583,5.6516364,2.35269,        23P    757
-0.93464513,5.7572213,2.2390354,-0.89209237,5.6870263,2.2586374,      23P    758
-0.9645323,5.6735697,2.3597762,-0.95232608,5.7896511,2.2479751,       23P    759
-0.92545584,5.7088924,2.2656813,-0.99039855,5.6952751,2.3687159,      23P    760
-0.97454096,5.8108847,2.2551131,-0.95209491,5.7225883,2.2709985,      23P    761
-1.0109875,5.7093068,2.375854,-0.99239039,5.8354789,2.2656281,        23P    762
-0.99133756,5.7377479,2.2789576,-1.0408143,5.7256886,2.3863688,       23P    763
-1.0185793,5.8586456,2.2798385,-1.0443714,5.7508104,2.2899604,        23P    764
-1.0802145,5.7414565,2.4005797,-1.0539185,5.8764429,2.2979002,        23P    765
-1.1117788,5.7586365,2.3030933,-1.1311598,5.7533419,2.418641,         23P    766
-1.1011325,5.8973718,2.3297041,-1.2304725,5.7795654,2.3348972,        23P    767
-1.2498535,5.7742708,2.4504448,-1.2198262,5.9183007,2.361508,         23P    768
-1.3491662,5.8004943,2.3667011,-1.3685472,5.7951997,2.4822487,        23P    769
-1.3385199,5.9392296,2.3933119,-1.46786,5.8214232,2.398505,           23P    770
-1.4872409,5.8161286,2.5140526,-1.4572136,5.9601585,2.4251158,        23P    771
-1.5865537,5.8423522,2.4303089,-1.6059346,5.8370575,2.5458565,        23P    772
-1.5759073,5.9810874,2.4569197,-1.7052474,5.8632811,2.4621128,        23P    773
-1.7246283,5.8579864,2.5776604,-1.694601,5.9918583,2.4732873,         23P    774
-1.7663321,5.8740519,2.4784804,-1.785713,5.8687573,2.594028,          23P    775
-1.7556857,5.996071,2.4796889,-1.7902233,5.8782646,2.484882,          23P    776
-1.8096043,5.87297,2.6004296,-1.779577,6.0021128,2.485735,            23P    777
-1.8127877,5.8937176,2.4952497,-1.8490939,5.8842336,2.6064752,        23P    778
-1.8226908,6.0080848,2.489455,-1.8266709,5.9078504,2.5018426,         23P    779
-1.8737131,5.8961814,2.6101953,-1.850543,6.017385,2.4936244,          23P    780
-1.8422314,5.9281113,2.5090692,-1.9006499,5.9148271,2.6143649,        23P    781
-1.8817446,6.0262007,2.4966078,-1.8533657,5.9462391,2.5141268,        23P    782
-1.9195643,5.9324826,2.6173485,-1.9041025,6.041548,2.5005681,         23P    783
-1.8681455,5.9765753,2.5208026,-1.9439964,5.9634295,2.6213087,        23P    784
-1.9335097,6.0565911,2.5033509,-1.878531,6.0051238,2.5253836,         23P    785
-1.96091,5.9936113,2.6240912,-1.9542089,6.0750281,2.5056656,          23P    786
-1.8871699,6.0391494,2.5290465,-1.9750972,6.0304567,2.6264064,        23P    787
-1.9718307,6.0966741,2.50734,-1.8934187,6.0784571,2.5317924,          23P    788
-1.984873,6.0738192,2.6280806,-1.9840242,6.2192851,2.5131519,         23P    789
-1.915109,6.2019879,2.5376762,-2.006635,6.1975791,2.6338926,          23P    790
-2.0058576,6.3419091,2.5189455,-1.9367309,6.3246119,2.5434698,        23P    791
-2.0282569,6.320203,2.6396862,-2.0274795,6.464533,2.5247391,          23P    792
-1.9583528,6.4472358,2.5492634,-2.0498788,6.442827,2.6454798,         23P    793
-2.0491014,6.5871569,2.5305326,-1.9799747,6.5698597,2.5550569,        23P    794
-2.0715007,6.5654509,2.6512734,-2.0707233,6.7097809,2.5363262,        23P    795
-2.0015966,6.6924837,2.5608505,-2.0931226,6.6880749,2.6570669,        23P    796
-2.0923452,6.8324048,2.5421198,-2.0232185,6.8151076,2.5666441,        23P    797
-2.1147445,6.8106988,2.6628605,-2.1139671,6.9550288,2.5479133,        23P    798
-2.0448405,6.9377316,2.5724377,-2.1363664,6.9333227,2.6686541,        23P    799
-2.135589,7.0776527,2.5537069,-2.0664624,7.0603555,2.5782312,         23P    800
-2.1579883,7.0559467,2.6744476,-2.1572109,7.2002766,2.5595005,        23P    801
-2.0880843,7.1829795,2.5840248,-2.1796103,7.1785706,2.6802412,        23P    802
-2.1788329,7.2814583,2.5629515,-2.1032344,7.2652589,2.5879192,        23P    803
-2.1939708,7.2644912,2.6834091,-2.193983,7.3582712,2.5605238,         23P    804
-2.1187722,7.3447945,2.586434,-2.20793,7.3526107,2.6799136,           23P    805
-2.2095208,7.4107841,2.5546583,-2.1293766,7.3992339,2.5810893,        23P    806
-2.2176528,7.4127509,2.6729364,-2.2201252,7.475464,2.5426191,         23P    807
-2.1424305,7.4664552,2.5693934,-2.2293483,7.4867833,2.658415,         23P    808
-2.2331791,7.5265067,2.5292142,-2.1527203,7.5195595,2.5561209,        23P    809
-2.2387064,7.5451396,2.6426589,-2.2434689,7.5888243,2.5078959,        23P    810
-2.165282,7.584465,2.5348139,-2.2503616,7.6163815,2.6180684,          23P    811
-2.2560307,7.6373745,2.4872244,-2.1750457,7.6351207,2.5138608,        23P    812
-2.2591724,7.6717538,2.5938985,-2.2657944,7.6959237,2.4570859,        23P    813
-2.1868086,7.6962698,2.4831474,-2.2698484,7.738464,2.5588783,         23P    814
-2.2775572,7.741022,2.4295455,-2.195872,7.7434201,2.4549998,          23P    815
-2.2781964,7.7898651,2.5271308,-2.2866206,7.7946576,2.3911616,        23P    816
-2.2066605,7.7995662,2.4156644,-2.2882502,7.8510502,2.483095,         23P    817
-2.2974091,7.8353188,2.3573044,-2.2148051,7.8421481,2.3807881,        23P    818
-2.2956755,7.8972405,2.4440763,-2.3055537,7.8828574,2.3114386,        23P    819
-2.2243149,7.8919608,2.3334311,-2.304346,7.951173,2.3913154,          23P    820
-2.3150635,7.9182125,2.2719485,-2.2314016,7.9290527,2.2926158,        23P    821
-2.3109088,7.9913637,2.3460668,-2.3221502,7.9586162,2.2195802,        23P    822
-2.2395431,7.9715315,2.2384515,-2.3186369,8.0375367,2.2862662,        23P    823
-2.3302917,7.9878771,2.1752534,-2.245378,8.0022369,2.1924617,         23P    824
-2.3239529,8.0706279,2.2354829,-2.3361266,8.0202495,2.117371,         23P    825
-2.2518192,8.0362044,2.1323444,-2.3297961,8.1071576,2.1692455,        23P    826
-2.3425678,8.0427359,2.0691806,-2.2563222,8.0598523,2.082275,         23P    827
-2.3339925,8.1326953,2.1142119,-2.3470708,8.0663044,2.0071634,        23P    828
-2.2610776,8.0847046,2.0177977,-2.3385452,8.1596647,2.043439,         23P    829
-2.3518262,8.0815027,1.9560836,-2.2640879,8.1006503,1.9646394,        23P    830
-2.3412514,8.1767369,1.9851405,-2.3548365,8.0957224,1.8911528,        23P    831
-2.2669255,8.1156061,1.8970424,-2.3438713,8.1928296,1.9110674,        23P    832
-2.3576741,8.1032619,1.838444,-2.2684651,8.1235931,1.8421418,         23P    833
-2.3454043,8.2015614,1.8509127,-2.3592137,8.1077356,1.7737154,        23P    834
-2.2693234,8.1282459,1.7747384,-2.3460853,8.2064291,1.7771616,        23P    835
-2.360072,8.1080966,1.6898769,-2.2694473,8.1287073,1.6898769,         23P    836
-2.3463676,8.2071313,1.6898769,-2.3601959,8.1080966,1.5652266,        23P    837
-2.2694473,8.1287073,1.5652266,-2.3463676,8.2071313,1.5652266,        23P    838
-2.3601959,8.1080966,1.4405763,-2.2694473,8.1287073,1.4405763,        23P    839
-2.3463676,8.2071313,1.4405763,-2.3601959,8.1080966,1.315926,         23P    840
-2.2694473,8.1287073,1.315926,-2.3463676,8.2071313,1.315926,          23P    841
-2.3601959,8.1078757,1.2316977,-2.2693516,8.1283937,1.2309006,        23P    842
-2.3461114,8.2065887,1.2290124,-2.3601002,8.1023839,1.153945,         23P    843
-2.2682623,8.1226258,1.149922,-2.3451296,8.2004112,1.1403711,         23P    844
-2.3590109,8.0943472,1.1012816,-2.26664,8.1141419,1.0950779,          23P    845
-2.343573,8.1912103,1.0802932,-2.3573886,8.0795083,1.0364259,         23P    846
-2.2637189,8.0985983,1.0275624,-2.3410021,8.1746444,1.0063173,        23P    847
-2.3544675,8.0638323,0.98555029,-2.2605777,8.0820956,0.97462489,      23P    848
-2.338062,8.1568294,0.94824971,-2.3513263,8.0396826,0.92377037,       23P    849
-2.2557063,8.0566338,0.91040012,-2.3334042,8.1292023,0.87774175,      23P    850
-2.3464549,8.0167423,0.87578929,-2.251123,8.0325258,0.86054756,       23P    851
-2.3291696,8.1032092,0.82292822,-2.3418716,7.9838165,0.81819725,      23P    852
-2.2445831,7.9979958,0.80072842,-2.3232795,8.0661196,0.75698798,      23P    853
-2.3353317,7.9541544,0.77419501,-2.238624,7.9668122,0.75512837,       23P    854
-2.317686,8.0323237,0.70669059,-2.3293726,7.9132615,0.72220299,       23P    855
-2.2304051,7.9238516,0.70134032,-2.3099692,7.9857124,0.64724784,      23P    856
-2.3211537,7.8775423,0.68305162,-2.2232517,7.8863891,0.66087451,      23P    857
-2.3033753,7.9451434,0.60235173,-2.3140003,7.8295673,0.63762088,      23P    858
-2.2136758,7.8361448,0.61393551,-2.2947606,7.8908364,0.54994756,      23P    859
-2.3044245,7.7886015,0.60416663,-2.2054453,7.7932258,0.57953542,      23P    860
-2.2871293,7.8441578,0.51153444,-2.2961938,7.7346119,0.56629314,      23P    861
-2.194579,7.7367126,0.54075415,-2.2769711,7.7825324,0.46811928,       23P    862
-2.2853276,7.6892702,0.5391829,-2.1854709,7.6893166,0.51304619,       23P    863
-2.2686207,7.7308775,0.43680983,-2.2762195,7.6304457,0.50959274,      23P    864
-2.1736631,7.6278846,0.48285931,-2.2580407,7.6639132,0.40222325,      23P    865
-2.2644118,7.5816891,0.48937538,-2.1638418,7.577033,0.46246404,       23P    866
-2.2489748,7.608213,0.37885901,-2.2545904,7.519184,0.46864426,        23P    867
-2.1512441,7.5119366,0.44174776,-2.23736,7.5367677,0.35483488,        23P    868
-2.2419927,7.4680423,0.45572321,-2.1409335,7.4587286,0.42896148,      23P    869
-2.2280487,7.4782933,0.339541,-2.2316821,7.403188,0.44427875,         23P    870
-2.1278453,7.3913725,0.41794013,-2.21616,7.4040668,0.32593066,        23P    871
-2.2185939,7.3506586,0.43891108,-2.1172337,7.3369101,0.41308924,      23P    872
-2.2065176,7.3438886,0.31940601,-2.2079829,7.2868334,0.4369843,       23P    873
-2.1043155,7.2707945,0.41192163,-2.1950296,7.2706225,0.31645226,      23P    874
-2.1950641,7.2059852,0.4402298,-2.0890908,7.188688,0.41570548,        23P    875
-2.1806168,7.1842792,0.31948907,-2.1798394,7.0833613,0.44602337,      23P    876
-2.0674689,7.0660641,0.42149905,-2.1589949,7.0616553,0.32528264,      23P    877
-2.1582175,6.9607373,0.45181694,-2.045847,6.9434401,0.42729263,       23P    878
-2.137373,6.9390313,0.33107621,-2.1365956,6.8381134,0.45761051,       23P    879
-2.0242251,6.8208162,0.4330862,-2.1157511,6.8164074,0.33686979,       23P    880
-2.1149737,6.7154895,0.46340409,-2.0026032,6.6981923,0.43887977,      23P    881
-2.0941292,6.6937834,0.34266336,-2.0933518,6.5928655,0.46919766,      23P    882
-1.9809813,6.5755683,0.44467335,-2.0725073,6.5711595,0.34845693,      23P    883
-2.0717299,6.4702416,0.47499123,-1.9593594,6.4529444,0.45046692,      23P    884
-2.0508854,6.4485355,0.35425051,-2.050108,6.3476176,0.48078481,       23P    885
-1.9377375,6.3303204,0.45626049,-2.0292635,6.3259116,0.36004408,      23P    886
-2.0284861,6.2249937,0.48657838,-1.9161156,6.2076965,0.46205407,      23P    887
-2.0076416,6.2032877,0.36583765,-2.0068642,6.1432035,0.49044269,      23P    888
-1.9016938,6.1259063,0.46591838,-1.9932197,6.1214975,0.36970197,      23P    889
-1.9924423,6.098797,0.49254076,-1.8938637,6.0814998,0.46801644,       23P    890
-1.9853897,6.0770909,0.37180003,-1.9846123,6.0815962,0.49368926,      23P    891
-1.8895774,6.0511451,0.46987328,-1.9788078,6.0436288,0.37294853,      23P    892
-1.9764372,6.0657728,0.4953901,-1.8832298,6.02211,0.47264433,         23P    893
-1.9687102,6.011894,0.37464939,-1.9638788,6.051444,0.49755371,        23P    894
-1.8751551,5.9953345,0.47617446,-1.9556424,5.9831415,0.37681316,      23P    895
-1.947754,6.0391354,0.50000163,-1.8660193,5.9718098,0.4801973,        23P    896
-1.9406306,5.9584602,0.37926093,-1.9294311,6.0242572,0.5039831,       23P    897
-1.8511603,5.9423439,0.48685356,-1.9158245,5.9286316,0.38324272,      23P    898
-1.8996552,6.0138406,0.50777298,-1.8370162,5.9206932,0.49328461,      23P    899
-1.8916452,5.9078524,0.38703272,-1.8712411,6.0047533,0.51233478,      23P    900
-1.8199914,5.9005546,0.50116095,-1.8618227,5.8898936,0.39159463,      23P    901
-1.8370507,5.9999017,0.5158812,-1.806756,5.8885678,0.50748511,        23P    902
-1.8381538,5.88023,0.39514091,-1.8105711,5.9925586,0.52564859,        23P    903
-1.7703036,5.8747522,0.52045548,-1.7896845,5.8694576,0.40490786,      23P    904
-1.7596572,5.9820617,0.54159976,-1.710773,5.8642554,0.53640665,       23P    905
-1.7301539,5.8589607,0.42085903,-1.7001266,5.9611328,0.57340364,      23P    906
-1.5920793,5.8433265,0.56821053,-1.6114602,5.8380318,0.45266292,      23P    907
-1.5814329,5.9402039,0.60520753,-1.4733856,5.8223976,0.60001442,      23P    908
-1.4927665,5.8171029,0.4844668,-1.4627392,5.919275,0.63701141,        23P    909
-1.3546919,5.8014687,0.6318183,-1.3740728,5.796174,0.51627068,        23P    910
-1.3440455,5.8983461,0.6688153,-1.2359981,5.7805398,0.66362219,       23P    911
-1.2553791,5.7752451,0.54807457,-1.2253518,5.8843865,0.69002849,      23P    912
-1.1568294,5.7665802,0.68483538,-1.1762104,5.7612855,0.56928776,      23P    913
-1.1461831,5.873351,0.70610963,-1.0968138,5.7570227,0.69996425,       23P    914
-1.1184605,5.7511284,0.58536878,-1.088935,5.8623699,0.71729241,       23P    915
-1.0550791,5.7525954,0.70799905,-1.0881094,5.7438819,0.59655139,      23P    916
-1.0610666,5.8461399,0.72838417,-1.0136841,5.7441071,0.71615577,      23P    917
-1.057412,5.7331071,0.60764329,-1.0334036,5.8324629,0.73574913,       23P    918
-0.98619766,5.7360045,0.72196031,-1.0368696,5.7237692,                23P    919
0.61500821,-1.0151081,5.8059236,0.74655459,-0.94587113,               23P    920
5.7195295,0.73002602,-1.0060634,5.7061851,0.62581353,                 23P    921
-0.98812112,5.779231,0.75510914,-0.91394513,5.7019667,0.7366745,      23P    922
-0.98144979,5.6883324,0.63436821,-0.96682061,5.7453586,               23P    923
0.76362544,-0.88216185,5.678923,0.74325852,-0.95660709,               23P    924
5.6657534,0.64288463,-0.94555115,5.7181703,0.76926198,                23P    925
-0.86112601,5.6598894,0.74795762,-0.94027532,5.6474667,               23P    926
0.64852109,-0.931719,5.6751917,0.77600458,-0.83596229,5.6293973,      23P    927
0.75310984,-0.92018254,5.6188585,0.65526375,-0.9147585,5.636457,      23P    928
0.78055083,-0.81899544,5.6014552,0.75675151,-0.90667772,              23P    929
5.5929899,0.65981007,-0.90345086,5.5915375,0.78415099,                23P    930
-0.80555948,5.5687225,0.75955536,-0.89585505,5.5629972,               23P    931
0.66341026,-0.89440583,5.5405364,0.78637413,-0.79726259,              23P    932
5.5313045,0.7613313,-0.88919429,5.5289351,0.6656334,-0.88886928,      23P    933
5.4107126,0.78784751,-0.79176386,5.4062783,0.76206654,                23P    934
-0.88305715,5.405147,0.66710679,-0.88266804,5.2855293,                23P    935
0.78898749,-0.78750943,5.2817474,0.76259322,-0.87801669,              23P    936
5.2807907,0.66824676,-0.87742193,5.1603557,0.79012737,                23P    937
-0.78325532,5.1571964,0.76358424,-0.87358645,5.1563987,               23P    938
0.66938664,-0.87294965,5.0351787,0.79126728,-0.77900111,              23P    939
5.0326155,0.76503513,-0.86976378,5.0319652,0.67052655,                23P    940
-0.8692512,4.909991,0.79240729,-0.77474653,4.9080009,0.76695555,      23P    941
-0.86655367,4.9074902,0.67166657,-0.86632691,4.7847494,               23P    942
0.79302753,-0.77243179,4.7833473,0.7676656,-0.86436702,4.782987,      23P    943
0.6722868,-0.86417741,4.6594829,0.79302753,-0.77243179,               23P    944
4.6587001,0.76683868,-0.86328253,4.6585012,0.6722868,                 23P    945
-0.86280335,4.5342275,0.79302753,-0.77243179,4.5340598,               23P    946
0.76648274,-0.86281206,4.5340174,0.6722868,-0.8622042,4.4089772,      23P    947
0.79302753,-0.77243179,4.4094235,0.76658681,-0.86294984,              23P    948
4.4095365,0.6722868,-0.86237986,4.283717,0.79302753,-0.77243179,      23P    949
4.2847799,0.76715409,-0.86369759,4.2850511,0.6722868,                 23P    950
-0.86333038,4.1584412,0.79302752,-0.77243182,4.1601266,               23P    951
0.76820214,-0.86506447,4.1605627,0.67228677,-0.86505592,              23P    952
4.0332402,0.79189033,-0.77667585,4.0354875,0.76602534,                23P    953
-0.86793278,4.0360608,0.6711496,-0.86755698,3.9080598,                23P    954
0.79075039,-0.78093018,3.9108902,0.76431997,-0.87142171,              23P    955
3.9116061,0.67000966,-0.87083233,3.7828844,0.78961049,                23P    956
-0.78518434,3.7863225,0.76307794,-0.87552008,3.7871907,               23P    957
0.66886976,-0.87488173,3.657709,0.78847059,-0.78943851,               23P    958
3.6617828,0.76229607,-0.88022621,3.6628165,0.66772986,                23P    959
-0.87970486,3.5742077,0.78771019,-0.79227635,3.5787228,               23P    960
0.76203518,-0.88370586,3.5798764,0.66696946,-0.88335217,              23P    961
3.5126289,0.78714943,-0.79436915,3.5174788,0.76198077,                23P    962
-0.88644862,3.5187264,0.6664087,-0.88626222,3.4696108,                23P    963
0.78665734,-0.79620563,3.4761173,0.76172574,-0.88850031,              23P    964
3.4777944,0.66591662,-0.88833953,3.4260103,0.78515873,                23P    965
-0.80179855,3.4441137,0.76041706,-0.89289134,3.4487059,0.664418,      23P    966
-0.89195675,3.396606,0.78347009,-0.80810064,3.4225949,                23P    967
0.75929429,-0.89815698,3.4290872,0.66272934,-0.89639779,              23P    968
3.350647,0.77921799,-0.82396966,3.3891997,0.75574254,                 23P    969
-0.91070311,3.3983968,0.65847727,-0.9068324,3.3129308,                23P    970
0.77436443,-0.84208341,3.3621116,0.75190245,-0.92513426,              23P    971
3.3732326,0.6536237,-0.91894131,3.2738336,0.76766136,                 23P    972
-0.86709963,3.3344409,0.74650865,-0.94483732,3.3470922,               23P    973
0.64692063,-0.93556289,3.2469607,0.76201023,-0.88818992,              23P    974
3.3158813,0.74227904,-0.96155053,3.3292876,0.64126933,                23P    975
-0.94978346,3.2117978,0.7525119,-0.92363815,3.2920978,                23P    976
0.73476861,-0.98904078,3.3057447,0.63177117,-0.97336582,              23P    977
3.1858168,0.74359453,-0.95691823,3.2752842,0.7279513,-1.0146466,      23P    978
3.2884414,0.6228538,-0.99559189,3.1618871,0.73289252,-0.9968587,      23P    979
3.2605857,0.71970697,-1.0448734,3.2723783,0.61215176,-1.0222131,      23P    980
3.1471926,0.72463923,-1.0276604,3.2524506,0.71381628,-1.0680063,      23P    981
3.2628023,0.60389809,-1.0428069,3.1292816,0.7091584,-1.0854356,       23P    982
3.2438022,0.70200556,-1.1102283,3.2505051,0.58841749,-1.0813558,      23P    983
3.1130927,0.68619782,-1.1711257,3.230899,0.68100471,-1.1905066,       23P    984
3.2361936,0.56545709,-1.1604793,3.0921638,0.65439394,-1.2898194,      23P    985
3.2099701,0.64920083,-1.3092003,3.2152647,0.53365321,-1.279173,       23P    986
3.0712349,0.62259005,-1.4085131,3.1890412,0.61739694,-1.427894,       23P    987
3.1943358,0.50184932,-1.3978667,3.050306,0.59078617,-1.5272068,       23P    988
3.1681123,0.58559306,-1.5465878,3.1734069,0.47004544,-1.5165605,      23P    989
3.0293771,0.55898228,-1.6459005,3.1471834,0.55378917,-1.6652815,      23P    990
3.152478,0.43824156,-1.6352542,3.015538,0.53795222,-1.7243858,        23P    991
3.1333443,0.53275911,-1.7437667,3.138639,0.4172115,-1.7137394,        23P    992
3.0082756,0.52691625,-1.7655726,3.126082,0.52172314,-1.7849535,       23P    993
3.1313766,0.40617552,-1.7549262,3.0040859,0.52054941,-1.7893339,      23P    994
3.1218922,0.5153563,-1.8087149,3.1271868,0.39980868,-1.7786876,       23P    995
2.9985894,0.51477824,-1.8108723,3.1079757,0.50564647,-1.845646,       23P    996
3.1171101,0.39403804,-1.8188487,2.9935041,0.51137705,-1.8235657,      23P    997
3.0956349,0.49956403,-1.8682157,3.1068577,0.39063677,-1.844283,       23P    998
2.9831992,0.50660576,-1.8413724,3.0731365,0.49133159,-1.8991912,      23P    999
3.0863608,0.38586506,-1.8800349,2.9722147,0.50291046,-1.8551634,      23P   1000
3.0505383,0.48504622,-1.9225485,3.064299,0.38216997,-1.9076627,       23P   1001
2.9578936,0.49930001,-1.8686378,3.0223146,0.47896002,-1.9447597,      23P   1002
3.0354064,0.37855931,-1.9344347,2.9459348,0.49707628,-1.8769369,      23P   1003
2.9996623,0.47534553,-1.9584075,3.0115157,0.37633558,-1.9511368,      23P   1004
2.9299207,0.49482048,-1.8853556,2.9698876,0.47165323,-1.9719205,      23P   1005
2.9793903,0.37407993,-1.9678338,2.909927,0.49307946,-1.8918532,       23P   1006
2.9334473,0.46894115,-1.9825904,2.939374,0.37233873,-1.9811998,       23P   1007
2.8863229,0.49183772,-1.8964875,2.9036201,0.46731341,-1.9880134,      23P   1008
2.9080289,0.37109699,-1.987236,2.8420269,0.48974488,-1.904298,        23P   1009
2.8593241,0.46522056,-1.995824,2.8637329,0.36900415,-1.9950466,       23P   1010
2.7194029,0.48395131,-1.9259199,2.7367001,0.45942699,-2.0174459,      23P   1011
2.7411089,0.36321058,-2.0166685,2.596779,0.47815773,-1.9475419,       23P   1012
2.6140762,0.45363342,-2.0390678,2.618485,0.357417,-2.0382904,         23P   1013
2.474155,0.47236416,-1.9691638,2.4914522,0.44783985,-2.0606898,       23P   1014
2.4958611,0.35162343,-2.0599124,2.3515311,0.46657059,-1.9907857,      23P   1015
2.3688283,0.44204627,-2.0823117,2.3732371,0.34582986,-2.0815343,      23P   1016
2.2289072,0.46077701,-2.0124076,2.2462043,0.4362527,-2.1039336,       23P   1017
2.2506132,0.34003628,-2.1031562,2.1062832,0.45498344,-2.0340295,      23P   1018
2.1235804,0.43045913,-2.1255555,2.1279892,0.33424271,-2.1247781,      23P   1019
1.9836593,0.44918987,-2.0556514,2.0009565,0.42466555,-2.1471774,      23P   1020
2.0053653,0.32844914,-2.1464,1.8610353,0.44339629,-2.0772733,         23P   1021
1.8783325,0.41887198,-2.1687993,1.8827413,0.32265556,-2.1680219,      23P   1022
1.7792432,0.43953189,-2.0916955,1.7965404,0.41500757,-2.1832215,      23P   1023
1.8009492,0.31879116,-2.1824441,1.7006386,0.43696647,-2.1068568,      23P   1024
1.7162215,0.41175351,-2.197223,1.7149648,0.31665961,-2.1976054,       23P   1025
1.6481235,0.4389965,-2.1174806,1.6618275,0.41316106,-2.2067399,       23P   1026
1.6547146,0.31951445,-2.2082292,1.582746,0.44630447,-2.1306814,       23P   1027
1.5940593,0.41981136,-2.2188772,1.5798483,0.32816036,-2.2214301,      23P   1028
1.5308969,0.45595569,-2.1411474,1.5401665,0.42919313,-2.2282308,      23P   1029
1.5204933,0.33983314,-2.231896,1.4672422,0.47267266,-2.1539817,       23P   1030
1.4739378,0.44574387,-2.2399024,1.4477067,0.3594827,-2.2447303,       23P   1031
1.417288,0.48976172,-2.1640488,1.4219022,0.46284618,-2.2491821,       23P   1032
1.3906132,0.3792826,-2.2547974,1.3567231,0.5155483,-2.176227,         23P   1033
1.358716,0.48898095,-2.2601828,1.3215471,0.40941518,-2.2669756,       23P   1034
1.3097712,0.53971557,-2.1856632,1.3096818,0.51359081,-2.268794,       23P   1035
1.2680316,0.43742997,-2.2764118,1.253522,0.57406263,-2.1969782,       23P   1036
1.2508668,0.54866687,-2.2792857,1.2038612,0.47693308,-2.2877268,      23P   1037
1.2105262,0.60483284,-2.2056235,1.2058584,0.58021222,-2.2873128,      23P   1038
1.154831,0.51227664,-2.2963721,1.1598034,0.64707295,-2.2157702,       23P   1039
1.1527534,0.62374902,-2.296497,1.0972867,0.56103098,-2.3065187,       23P   1040
1.1216893,0.68384208,-2.2234048,1.1128061,0.66169245,-2.3035121,      23P   1041
1.0539885,0.60326349,-2.3141534,1.0775967,0.73308656,-2.2322541,      23P   1042
1.0665332,0.71257592,-2.3117504,1.0038015,0.65965269,-2.3230027,      23P   1043
1.0452031,0.77508372,-2.2387566,1.0325078,0.75604454,-2.3178242,      23P   1044
0.96692392,0.70769528,-2.3295052,1.0087006,0.8303798,-2.2460415,      23P   1045
0.9941975,0.81340215,-2.3244911,0.92560921,0.77100766,                23P   1046
-2.3367901,0.98275063,0.87676895,-2.2512228,0.96694348,               23P   1047
0.86156618,-2.3292566,0.89622453,0.8240506,-2.3419714,                23P   1048
0.95470327,0.93686865,-2.2568498,0.93743147,0.92400636,               23P   1049
-2.3345326,0.86431231,0.89268148,-2.3475984,0.93580878,               23P   1050
0.98659052,-2.2606545,0.91751907,0.97570551,-2.3381497,               23P   1051
0.84273483,0.94943461,-2.3514031,0.91684838,1.0503238,                23P   1052
-2.2644036,0.89763668,1.0420306,-2.3415006,0.82147278,1.0221681,      23P   1053
-2.3551522,0.90545027,1.1023721,-2.2666811,0.88564395,1.0962136,      23P   1054
-2.3436132,0.80855638,1.0815378,-2.3574297,0.89604541,1.1681252,      23P   1055
-2.2686039,0.8756773,1.1646996,-2.3455344,0.79765181,1.1565768,       23P   1056
-2.3593525,0.89190894,1.2479044,-2.2694363,0.871314,1.2478104,        23P   1057
-2.3463249,0.7929311,1.2475878,-2.3601849,0.89190344,1.3724482,       23P   1058
-2.2694473,0.8712927,1.3724482,-2.3463676,0.79286873,1.3724482,       23P   1059
-2.3601959,0.89190344,1.4970985,-2.2694473,0.8712927,1.4970985,       23P   1060
-2.3463676,0.79286873,1.4970985,-2.3601959,0.89190344,1.6217489,      23P   1061
-2.2694473,0.8712927,1.6217489,-2.3463676,0.79286873,1.6217489,       23P   1062
-2.3601959,0.89190344,1.7463992,-2.2694473,0.8712927,1.7463992,       23P   1063
-2.3463676,0.79286873,1.7463992,-2.3601959,0.89551404,1.8263881,      23P   1064
-2.2686897,0.87515021,1.829594,-2.3455496,0.79716492,1.8371969,       23P   1065
-2.3594383,0.90688646,1.9051988,-2.2663957,0.88715283,1.9116695,      23P   1066
-2.3433536,0.81017513,1.9270985,-2.3571443,0.91877839,1.9571561,      23P   1067
-2.2640351,0.89964028,1.965756,-2.3412129,0.82356272,1.9863637,       23P   1068
-2.3547837,0.93833615,2.0206446,-2.2601199,0.92022266,2.0318119,      23P   1069
-2.3375592,0.84576708,2.0588098,-2.3508684,0.95769991,2.0701974,      23P   1070
-2.2562334,0.94060841,2.0833312,-2.3339049,0.86780818,2.1153716,      23P   1071
-2.346982,0.98632007,2.1300622,-2.2505257,0.97067046,2.1455404,       23P   1072
-2.3286687,0.90017798,2.1837858,-2.3412743,1.0127036,2.1761996,       23P   1073
-2.2452663,0.99836681,2.1934475,-2.3238657,0.93000553,2.2365754,      23P   1074
-2.3360149,1.0497125,2.231103,-2.2378309,1.0372728,2.2503387,         23P   1075
-2.3168797,0.97217375,2.2993153,-2.3285795,1.0824966,2.2727928,       23P   1076
-2.2312582,1.0716931,2.2934873,-2.3107706,1.0094497,2.347029,         23P   1077
-2.3220068,1.1270535,2.3216333,-2.2223407,1.1184188,2.3439802,        23P   1078
-2.3025821,1.060023,2.4030747,-2.3130893,1.1655016,2.358034,          23P   1079
-2.2146435,1.1587088,2.3815456,-2.2955415,1.1036763,2.4449318,        23P   1080
-2.3053921,1.2166237,2.3997865,-2.2043809,1.2122564,2.4244881,        23P   1081
-2.2860554,1.1618783,2.4928963,-2.2951295,1.2598978,2.4301477,        23P   1082
-2.195686,1.2575426,2.4556131,-2.278017,1.2111895,2.527814,           23P   1083
-2.2864346,1.3164593,2.4639664,-2.1843235,1.3166694,2.4901816,        23P   1084
-2.2676099,1.2756292,2.5668882,-2.2750722,1.3636179,2.487685,         23P   1085
-2.1748475,1.3659156,2.5143343,-2.2590067,1.3293707,2.5944548,        23P   1086
-2.2655961,1.4244595,2.5129143,-2.1625989,1.4293685,2.5398081,        23P   1087
-2.2477543,1.3988357,2.6236845,-2.2533475,1.474552,2.5295284,         23P   1088
-2.1525068,1.4815422,2.5564325,-2.2385081,1.4560713,2.6430214,        23P   1089
-2.2432554,1.5383364,2.5456436,-2.1396466,1.5479191,2.572407,         23P   1090
-2.2269791,1.5290038,2.6622157,-2.2303954,1.5903066,2.5548154,        23P   1091
-2.1291568,1.6018943,2.5812323,-2.2174348,1.5884955,2.673099,         23P   1092
-2.2199054,1.6558542,2.5615152,-2.1159159,1.6698455,2.587273,         23P   1093
-2.2053579,1.6635879,2.6811783,-2.2066646,1.7350107,2.5625296,        23P   1094
-2.099905,1.7517506,2.5872418,-2.1909121,1.7543893,2.6829819,         23P   1095
-2.1906538,1.7951687,2.5597015,-2.0890925,1.8121238,2.5843228,        23P   1096
-2.1803701,1.815711,2.680298,-2.1798412,0,1,0,280,0,0;                23P   1097
128,18,2,2,2,0,0,0,0,0,0,0,0,0.11111111,0.11111111,0.22222222,        25P   1098
0.22222222,0.33333333,0.33333333,0.44444444,0.44444444,               25P   1099
0.55555556,0.55555556,0.66666667,0.66666667,0.77777778,               25P   1100
0.77777778,0.88888889,0.88888889,1,1,1,0,0,0,1,1,1,1,1,1,             25P   1101
0.81915204,1,1,1,0.78217111,1,0.99870201,1,0.78217111,1,1,1,          25P   1102
0.81915204,1,1,1,1,1,1,0.81915204,1,1,1,0.78217111,1,0.99870201,      25P   1103
1,0.78217111,1,1,1,0.81915204,1,1,1,1,1,1,0.81915204,1,1,1,           25P   1104
0.78217111,1,0.99870201,1,0.78217111,1,1,1,0.81915204,1,1,1,          25P   1105
-2.5415033e-016,0,-2.5,1.4619371,0,-2.242221,2.9238742,0,             25P   1106
-1.9844421,3.0962667,0,-1.9540446,3.1266641,0,-1.7816522,             25P   1107
3.1872548,0,-1.4380254,3.2478454,0,-1.0943986,3.2824267,0,            25P   1108
-0.8982785,3.4813138,0,-0.88813516,4.5,0,-0.83618164,5.5186862,       25P   1109
0,-0.88813516,5.7175733,0,-0.8982785,5.7521546,0,-1.0943986,          25P   1110
5.8127452,0,-1.4380254,5.8733359,0,-1.7816522,5.9037333,0,            25P   1111
-1.9540446,6.0761258,0,-1.9844421,7.5380629,0,-2.242221,9,0,          25P   1112
-2.5,-2.5415033e-016,1.5,-2.5,1.4619371,1.5,-2.242221,2.9238742,      25P   1113
1.5,-1.9844421,3.0962667,1.5,-1.9540446,3.1266641,1.5,                25P   1114
-1.7816522,3.1872548,1.5,-1.4380254,3.2478454,1.5,-1.0943986,         25P   1115
3.2824267,1.5,-0.8982785,3.4813138,1.5,-0.88813516,4.5,1.5,           25P   1116
-0.83618164,5.5186862,1.5,-0.88813516,5.7175733,1.5,-0.8982785,       25P   1117
5.7521546,1.5,-1.0943986,5.8127452,1.5,-1.4380254,5.8733359,1.5,      25P   1118
-1.7816522,5.9037333,1.5,-1.9540446,6.0761258,1.5,-1.9844421,         25P   1119
7.5380629,1.5,-2.242221,9,1.5,-2.5,-2.5415033e-016,3,-2.5,            25P   1120
1.4619371,3,-2.242221,2.9238742,3,-1.9844421,3.0962667,3,             25P   1121
-1.9540446,3.1266641,3,-1.7816522,3.1872548,3,-1.4380254,             25P   1122
3.2478454,3,-1.0943986,3.2824267,3,-0.8982785,3.4813138,3,            25P   1123
-0.88813516,4.5,3,-0.83618164,5.5186862,3,-0.88813516,5.7175733,      25P   1124
3,-0.8982785,5.7521546,3,-1.0943986,5.8127452,3,-1.4380254,           25P   1125
5.8733359,3,-1.7816522,5.9037333,3,-1.9540446,6.0761258,3,            25P   1126
-1.9844421,7.5380629,3,-2.242221,9,3,-2.5,0,1,0,1,0,0;                25P   1127
106,1,343,0,0,0,0.055555556,0,0.11111111,0,0.1127451,0,               27P   1128
0.11601307,0,0.11928105,0,0.12254902,0,0.12581699,0,0.12908497,       27P   1129
0,0.13235294,0,0.13562092,0,0.13888889,0,0.14215686,0,                27P   1130
0.14542484,0,0.14869281,0,0.15196078,0,0.15522876,0,0.15849673,       27P   1131
0,0.16176471,0,0.16503268,0,0.16830065,0,0.17156863,0,0.1748366,      27P   1132
0,0.17810458,0,0.18137255,0,0.18464052,0,0.1879085,0,0.19117647,      27P   1133
0,0.19444444,0,0.19771242,0,0.20098039,0,0.20424837,0,                27P   1134
0.20751634,0,0.21078431,0,0.21405229,0,0.21732026,0,0.22058824,       27P   1135
0,0.22222222,0,0.27777778,0,0.33333333,0,0.33472222,0,0.3375,0,       27P   1136
0.34027778,0,0.34305556,0,0.34583333,0,0.34861111,0,0.35138889,       27P   1137
0,0.35416667,0,0.35694444,0,0.35972222,0,0.3625,0,0.36527778,0,       27P   1138
0.36805556,0,0.37083333,0,0.37361111,0,0.37638889,0,0.37916667,       27P   1139
0,0.38194444,0,0.38472222,0,0.3875,0,0.39027778,0,0.39305556,0,       27P   1140
0.39583333,0,0.39861111,0,0.40138889,0,0.40416667,0,0.40694444,       27P   1141
0,0.40972222,0,0.4125,0,0.41527778,0,0.41805556,0,0.42083333,0,       27P   1142
0.42361111,0,0.42638889,0,0.42916667,0,0.43194444,0,0.43472222,       27P   1143
0,0.4375,0,0.44027778,0,0.44305556,0,0.44444444,0,0.45138889,0,       27P   1144
0.46527778,0,0.47916667,0,0.49305556,0,0.50694444,0,0.52083333,       27P   1145
0,0.53472222,0,0.54861111,0,0.55555556,0,0.55694444,0,                27P   1146
0.55972222,0,0.5625,0,0.56527778,0,0.56805556,0,0.57083333,0,         27P   1147
0.57361111,0,0.57638889,0,0.57916667,0,0.58194444,0,0.58472222,       27P   1148
0,0.5875,0,0.59027778,0,0.59305556,0,0.59583333,0,0.59861111,0,       27P   1149
0.60138889,0,0.60416667,0,0.60694444,0,0.60972222,0,0.6125,0,         27P   1150
0.61527778,0,0.61805556,0,0.62083333,0,0.62361111,0,0.62638889,       27P   1151
0,0.62916667,0,0.63194444,0,0.63472222,0,0.6375,0,0.64027778,0,       27P   1152
0.64305556,0,0.64583333,0,0.64861111,0,0.65138889,0,0.65416667,       27P   1153
0,0.65694444,0,0.65972222,0,0.6625,0,0.66527778,0,0.66666667,0,       27P   1154
0.72222222,0,0.77777778,0,0.77941176,0,0.78267974,0,0.78594771,       27P   1155
0,0.78921569,0,0.79248366,0,0.79575163,0,0.79901961,0,                27P   1156
0.80228758,0,0.80555556,0,0.80882353,0,0.8120915,0,0.81535948,0,      27P   1157
0.81862745,0,0.82189542,0,0.8251634,0,0.82843137,0,0.83169935,0,      27P   1158
0.83496732,0,0.83823529,0,0.84150327,0,0.84477124,0,0.84803922,       27P   1159
0,0.85130719,0,0.85457516,0,0.85784314,0,0.86111111,0,                27P   1160
0.86437908,0,0.86764706,0,0.87091503,0,0.87418301,0,0.87745098,       27P   1161
0,0.88071895,0,0.88398693,0,0.8872549,0,0.88888889,0,0.94444444,      27P   1162
0,1,0,1,0.5,1,1,0.94444444,1,0.88888889,1,0.8872549,1,                27P   1163
0.88398693,1,0.88071895,1,0.87745098,1,0.87418301,1,0.87091503,       27P   1164
1,0.86764706,1,0.86437908,1,0.86111111,1,0.85784314,1,                27P   1165
0.85457516,1,0.85130719,1,0.84803922,1,0.84477124,1,0.84150327,       27P   1166
1,0.83823529,1,0.83496732,1,0.83169935,1,0.82843137,1,0.8251634,      27P   1167
1,0.82189542,1,0.81862745,1,0.81535948,1,0.8120915,1,0.80882353,      27P   1168
1,0.80555556,1,0.80228758,1,0.79901961,1,0.79575163,1,                27P   1169
0.79248366,1,0.78921569,1,0.78594771,1,0.78267974,1,0.77941176,       27P   1170
1,0.77777778,1,0.72222222,1,0.66666667,1,0.66527778,1,0.6625,1,       27P   1171
0.65972222,1,0.65694444,1,0.65416667,1,0.65138889,1,0.64861111,       27P   1172
1,0.64583333,1,0.64305556,1,0.64027778,1,0.6375,1,0.63472222,1,       27P   1173
0.63194444,1,0.62916667,1,0.62638889,1,0.62361111,1,0.62083333,       27P   1174
1,0.61805556,1,0.61527778,1,0.6125,1,0.60972222,1,0.60694444,1,       27P   1175
0.60416667,1,0.60138889,1,0.59861111,1,0.59583333,1,0.59305556,       27P   1176
1,0.59027778,1,0.5875,1,0.58472222,1,0.58194444,1,0.57916667,1,       27P   1177
0.57638889,1,0.57361111,1,0.57083333,1,0.56805556,1,0.56527778,       27P   1178
1,0.5625,1,0.55972222,1,0.55694444,1,0.55555556,1,0.54861111,1,       27P   1179
0.53472222,1,0.52083333,1,0.50694444,1,0.49305556,1,0.47916667,       27P   1180
1,0.46527778,1,0.45138889,1,0.44444444,1,0.44305556,1,                27P   1181
0.44027778,1,0.4375,1,0.43472222,1,0.43194444,1,0.42916667,1,         27P   1182
0.42638889,1,0.42361111,1,0.42083333,1,0.41805556,1,0.41527778,       27P   1183
1,0.4125,1,0.40972222,1,0.40694444,1,0.40416667,1,0.40138889,1,       27P   1184
0.39861111,1,0.39583333,1,0.39305556,1,0.39027778,1,0.3875,1,         27P   1185
0.38472222,1,0.38194444,1,0.37916667,1,0.37638889,1,0.37361111,       27P   1186
1,0.37083333,1,0.36805556,1,0.36527778,1,0.3625,1,0.35972222,1,       27P   1187
0.35694444,1,0.35416667,1,0.35138889,1,0.34861111,1,0.34583333,       27P   1188
1,0.34305556,1,0.34027778,1,0.3375,1,0.33472222,1,0.33333333,1,       27P   1189
0.27777778,1,0.22222222,1,0.22058824,1,0.21732026,1,0.21405229,       27P   1190
1,0.21078431,1,0.20751634,1,0.20424837,1,0.20098039,1,                27P   1191
0.19771242,1,0.19444444,1,0.19117647,1,0.1879085,1,0.18464052,1,      27P   1192
0.18137255,1,0.17810458,1,0.1748366,1,0.17156863,1,0.16830065,1,      27P   1193
0.16503268,1,0.16176471,1,0.15849673,1,0.15522876,1,0.15196078,       27P   1194
1,0.14869281,1,0.14542484,1,0.14215686,1,0.13888889,1,                27P   1195
0.13562092,1,0.13235294,1,0.12908497,1,0.12581699,1,0.12254902,       27P   1196
1,0.11928105,1,0.11601307,1,0.1127451,1,0.11111111,1,                 27P   1197
0.055555556,1,0,1,0,0.5,0,0,0,0;                                      27P   1198
106,2,343,-2.5415033e-016,0,-2.5,1.4619371,0,-2.242221,               29P   1199
2.9238742,0,-1.9844421,2.9280498,0,-1.9837058,2.9363885,0,            29P   1200
-1.981942,2.9447437,0,-1.9798733,2.9530997,0,-1.9774949,              29P   1201
2.9614402,0,-1.9748029,2.9697483,0,-1.9717946,2.9780066,0,            29P   1202
-1.9684684,2.9861977,0,-1.964824,2.9943035,0,-1.9608623,              29P   1203
3.0023063,0,-1.9565855,3.0101879,0,-1.9519973,3.0179305,0,            29P   1204
-1.9471026,3.0255166,0,-1.9419075,3.032929,0,-1.9364198,              29P   1205
3.040151,0,-1.9306482,3.0471665,0,-1.924603,3.0539602,0,              29P   1206
-1.9182955,3.0605175,0,-1.9117382,3.066825,0,-1.9049445,              29P   1207
3.0728703,0,-1.897929,3.0786418,0,-1.890707,3.0841295,0,              29P   1208
-1.8832946,3.0893246,0,-1.8757085,3.0942194,0,-1.8679658,             29P   1209
3.0988076,0,-1.8600842,3.1030843,0,-1.8520815,3.107046,0,             29P   1210
-1.8439757,3.1106904,0,-1.8357846,3.1140166,0,-1.8275263,             29P   1211
3.1170249,0,-1.8192182,3.1197169,0,-1.8108777,3.1220953,0,            29P   1212
-1.8025217,3.124164,0,-1.7941665,3.1259278,0,-1.7858278,              29P   1213
3.1266641,0,-1.7816522,3.1872548,0,-1.4380254,3.2478454,0,            29P   1214
-1.0943986,3.2485254,0,-1.0905426,3.2501344,0,-1.0828367,             29P   1215
3.2520056,0,-1.0751069,3.2541437,0,-1.0673655,3.2565528,0,            29P   1216
-1.0596255,3.2592363,0,-1.0519002,3.2621966,0,-1.0442033,             29P   1217
3.2654353,0,-1.0365492,3.268953,0,-1.0289521,3.2727496,0,             29P   1218
-1.0214269,3.2768237,0,-1.0139884,3.2811729,0,-1.0066514,             29P   1219
3.285794,0,-0.99943086,3.2906823,0,-0.99234151,3.2958326,0,           29P   1220
-0.9853979,3.3012382,0,-0.97861428,3.3068916,0,-0.9720045,            29P   1221
3.3127843,0,-0.96558193,3.3189068,0,-0.95935937,3.3252488,0,          29P   1222
-0.95334895,3.3317989,0,-0.94756209,3.3385452,0,-0.9420094,           29P   1223
3.345475,0,-0.93670059,3.3525749,0,-0.93164448,3.3598311,0,           29P   1224
-0.92684891,3.3672293,0,-0.92232068,3.3747548,0,-0.91806558,          29P   1225
3.3823926,0,-0.91408833,3.3901277,0,-0.91039257,3.3979448,0,          29P   1226
-0.90698087,3.4058288,0,-0.90385476,3.4137646,0,-0.9010147,           29P   1227
3.4217373,0,-0.89846017,3.4297324,0,-0.89618964,3.4377354,0,          29P   1228
-0.89420068,3.4457326,0,-0.89248994,3.4537106,0,-0.89105325,          29P   1229
3.4616564,0,-0.88988567,3.4695579,0,-0.88898156,3.4774034,0,          29P   1230
-0.88833459,3.4813138,0,-0.88813516,3.6085049,0,-0.88164834,          29P   1231
3.8630628,0,-0.87191418,4.1177756,0,-0.8654221,4.3725815,0,           29P   1232
-0.86217527,4.6274185,0,-0.86217527,4.8822244,0,-0.8654221,           29P   1233
5.1369372,0,-0.87191418,5.3914951,0,-0.88164834,5.5186862,0,          29P   1234
-0.88813516,5.5225966,0,-0.88833459,5.5304421,0,-0.88898156,          29P   1235
5.5383436,0,-0.88988567,5.5462894,0,-0.89105325,5.5542674,0,          29P   1236
-0.89248994,5.5622646,0,-0.89420068,5.5702676,0,-0.89618964,          29P   1237
5.5782627,0,-0.89846017,5.5862354,0,-0.9010147,5.5941712,0,           29P   1238
-0.90385476,5.6020552,0,-0.90698087,5.6098723,0,-0.91039257,          29P   1239
5.6176074,0,-0.91408833,5.6252452,0,-0.91806558,5.6327707,0,          29P   1240
-0.92232068,5.6401689,0,-0.92684891,5.6474251,0,-0.93164448,          29P   1241
5.654525,0,-0.93670059,5.6614548,0,-0.9420094,5.6682011,0,            29P   1242
-0.94756209,5.6747512,0,-0.95334895,5.6810932,0,-0.95935937,          29P   1243
5.6872157,0,-0.96558193,5.6931084,0,-0.9720045,5.6987618,0,           29P   1244
-0.97861428,5.7041674,0,-0.9853979,5.7093177,0,-0.99234151,           29P   1245
5.714206,0,-0.99943086,5.7188271,0,-1.0066514,5.7231763,0,            29P   1246
-1.0139884,5.7272504,0,-1.0214269,5.731047,0,-1.0289521,              29P   1247
5.7345647,0,-1.0365492,5.7378034,0,-1.0442033,5.7407637,0,            29P   1248
-1.0519002,5.7434472,0,-1.0596255,5.7458563,0,-1.0673655,             29P   1249
5.7479944,0,-1.0751069,5.7498656,0,-1.0828367,5.7514746,0,            29P   1250
-1.0905426,5.7521546,0,-1.0943986,5.8127452,0,-1.4380254,             29P   1251
5.8733359,0,-1.7816522,5.8740722,0,-1.7858278,5.875836,0,             29P   1252
-1.7941665,5.8779047,0,-1.8025217,5.8802831,0,-1.8108777,             29P   1253
5.8829751,0,-1.8192182,5.8859834,0,-1.8275263,5.8893096,0,            29P   1254
-1.8357846,5.892954,0,-1.8439757,5.8969157,0,-1.8520815,              29P   1255
5.9011924,0,-1.8600842,5.9057806,0,-1.8679658,5.9106754,0,            29P   1256
-1.8757085,5.9158705,0,-1.8832946,5.9213582,0,-1.890707,              29P   1257
5.9271297,0,-1.897929,5.933175,0,-1.9049445,5.9394825,0,              29P   1258
-1.9117382,5.9460398,0,-1.9182955,5.9528335,0,-1.924603,              29P   1259
5.959849,0,-1.9306482,5.967071,0,-1.9364198,5.9744834,0,              29P   1260
-1.9419075,5.9820695,0,-1.9471026,5.9898121,0,-1.9519973,             29P   1261
5.9976937,0,-1.9565855,6.0056965,0,-1.9608623,6.0138023,0,            29P   1262
-1.964824,6.0219934,0,-1.9684684,6.0302517,0,-1.9717946,              29P   1263
6.0385598,0,-1.9748029,6.0469003,0,-1.9774949,6.0552563,0,            29P   1264
-1.9798733,6.0636115,0,-1.981942,6.0719502,0,-1.9837058,              29P   1265
6.0761258,0,-1.9844421,7.5380629,0,-2.242221,9,0,-2.5,9,1.5,          29P   1266
-2.5,9,3,-2.5,7.5380629,3,-2.242221,6.0761258,3,-1.9844421,           29P   1267
6.0719502,3,-1.9837058,6.0636115,3,-1.981942,6.0552563,3,             29P   1268
-1.9798733,6.0469003,3,-1.9774949,6.0385598,3,-1.9748029,             29P   1269
6.0302517,3,-1.9717946,6.0219934,3,-1.9684684,6.0138023,3,            29P   1270
-1.964824,6.0056965,3,-1.9608623,5.9976937,3,-1.9565855,              29P   1271
5.9898121,3,-1.9519973,5.9820695,3,-1.9471026,5.9744834,3,            29P   1272
-1.9419075,5.967071,3,-1.9364198,5.959849,3,-1.9306482,               29P   1273
5.9528335,3,-1.924603,5.9460398,3,-1.9182955,5.9394825,3,             29P   1274
-1.9117382,5.933175,3,-1.9049445,5.9271297,3,-1.897929,               29P   1275
5.9213582,3,-1.890707,5.9158705,3,-1.8832946,5.9106754,3,             29P   1276
-1.8757085,5.9057806,3,-1.8679658,5.9011924,3,-1.8600842,             29P   1277
5.8969157,3,-1.8520815,5.892954,3,-1.8439757,5.8893096,3,             29P   1278
-1.8357846,5.8859834,3,-1.8275263,5.8829751,3,-1.8192182,             29P   1279
5.8802831,3,-1.8108777,5.8779047,3,-1.8025217,5.875836,3,             29P   1280
-1.7941665,5.8740722,3,-1.7858278,5.8733359,3,-1.7816522,             29P   1281
5.8127452,3,-1.4380254,5.7521546,3,-1.0943986,5.7514746,3,            29P   1282
-1.0905426,5.7498656,3,-1.0828367,5.7479944,3,-1.0751069,             29P   1283
5.7458563,3,-1.0673655,5.7434472,3,-1.0596255,5.7407637,3,            29P   1284
-1.0519002,5.7378034,3,-1.0442033,5.7345647,3,-1.0365492,             29P   1285
5.731047,3,-1.0289521,5.7272504,3,-1.0214269,5.7231763,3,             29P   1286
-1.0139884,5.7188271,3,-1.0066514,5.714206,3,-0.99943086,             29P   1287
5.7093177,3,-0.99234151,5.7041674,3,-0.9853979,5.6987618,3,           29P   1288
-0.97861428,5.6931084,3,-0.9720045,5.6872157,3,-0.96558193,           29P   1289
5.6810932,3,-0.95935937,5.6747512,3,-0.95334895,5.6682011,3,          29P   1290
-0.94756209,5.6614548,3,-0.9420094,5.654525,3,-0.93670059,            29P   1291
5.6474251,3,-0.93164448,5.6401689,3,-0.92684891,5.6327707,3,          29P   1292
-0.92232068,5.6252452,3,-0.91806558,5.6176074,3,-0.91408833,          29P   1293
5.6098723,3,-0.91039257,5.6020552,3,-0.90698087,5.5941712,3,          29P   1294
-0.90385476,5.5862354,3,-0.9010147,5.5782627,3,-0.89846017,           29P   1295
5.5702676,3,-0.89618964,5.5622646,3,-0.89420068,5.5542674,3,          29P   1296
-0.89248994,5.5462894,3,-0.89105325,5.5383436,3,-0.88988567,          29P   1297
5.5304421,3,-0.88898156,5.5225966,3,-0.88833459,5.5186862,3,          29P   1298
-0.88813516,5.3914951,3,-0.88164834,5.1369372,3,-0.87191418,          29P   1299
4.8822244,3,-0.8654221,4.6274185,3,-0.86217527,4.3725815,3,           29P   1300
-0.86217527,4.1177756,3,-0.8654221,3.8630628,3,-0.87191418,           29P   1301
3.6085049,3,-0.88164834,3.4813138,3,-0.88813516,3.4774034,3,          29P   1302
-0.88833459,3.4695579,3,-0.88898156,3.4616564,3,-0.88988567,          29P   1303
3.4537106,3,-0.89105325,3.4457326,3,-0.89248994,3.4377354,3,          29P   1304
-0.89420068,3.4297324,3,-0.89618964,3.4217373,3,-0.89846017,          29P   1305
3.4137646,3,-0.9010147,3.4058288,3,-0.90385476,3.3979448,3,           29P   1306
-0.90698087,3.3901277,3,-0.91039257,3.3823926,3,-0.91408833,          29P   1307
3.3747548,3,-0.91806558,3.3672293,3,-0.92232068,3.3598311,3,          29P   1308
-0.92684891,3.3525749,3,-0.93164448,3.345475,3,-0.93670059,           29P   1309
3.3385452,3,-0.9420094,3.3317989,3,-0.94756209,3.3252488,3,           29P   1310
-0.95334895,3.3189068,3,-0.95935937,3.3127843,3,-0.96558193,          29P   1311
3.3068916,3,-0.9720045,3.3012382,3,-0.97861428,3.2958326,3,           29P   1312
-0.9853979,3.2906823,3,-0.99234151,3.285794,3,-0.99943086,            29P   1313
3.2811729,3,-1.0066514,3.2768237,3,-1.0139884,3.2727496,3,            29P   1314
-1.0214269,3.268953,3,-1.0289521,3.2654353,3,-1.0365492,              29P   1315
3.2621966,3,-1.0442033,3.2592363,3,-1.0519002,3.2565528,3,            29P   1316
-1.0596255,3.2541437,3,-1.0673655,3.2520056,3,-1.0751069,             29P   1317
3.2501344,3,-1.0828367,3.2485254,3,-1.0905426,3.2478454,3,            29P   1318
-1.0943986,3.1872548,3,-1.4380254,3.1266641,3,-1.7816522,             29P   1319
3.1259278,3,-1.7858278,3.124164,3,-1.7941665,3.1220953,3,             29P   1320
-1.8025217,3.1197169,3,-1.8108777,3.1170249,3,-1.8192182,             29P   1321
3.1140166,3,-1.8275263,3.1106904,3,-1.8357846,3.107046,3,             29P   1322
-1.8439757,3.1030843,3,-1.8520815,3.0988076,3,-1.8600842,             29P   1323
3.0942194,3,-1.8679658,3.0893246,3,-1.8757085,3.0841295,3,            29P   1324
-1.8832946,3.0786418,3,-1.890707,3.0728703,3,-1.897929,3.066825,      29P   1325
3,-1.9049445,3.0605175,3,-1.9117382,3.0539602,3,-1.9182955,           29P   1326
3.0471665,3,-1.924603,3.040151,3,-1.9306482,3.032929,3,               29P   1327
-1.9364198,3.0255166,3,-1.9419075,3.0179305,3,-1.9471026,             29P   1328
3.0101879,3,-1.9519973,3.0023063,3,-1.9565855,2.9943035,3,            29P   1329
-1.9608623,2.9861977,3,-1.964824,2.9780066,3,-1.9684684,              29P   1330
2.9697483,3,-1.9717946,2.9614402,3,-1.9748029,2.9530997,3,            29P   1331
-1.9774949,2.9447437,3,-1.9798733,2.9363885,3,-1.981942,              29P   1332
2.9280498,3,-1.9837058,2.9238742,3,-1.9844421,1.4619371,3,            29P   1333
-2.242221,-2.5415033e-016,3,-2.5,-2.5415033e-016,1.5,-2.5,            29P   1334
-2.5415033e-016,0,-2.5,0,0;                                           29P   1335
142,0,25,27,29,0,0,0;                                                 31P   1336
106,1,358,0,0.068999436,0.89343267,0.071329743,0.89253805,            33P   1337
0.075989616,0.89060686,0.080649489,0.88867567,0.085309362,            33P   1338
0.88674448,0.089969235,0.88481328,0.094629108,0.88288209,             33P   1339
0.099288981,0.8809509,0.10394885,0.87901971,0.10686128,               33P   1340
0.87781272,0.10784263,0.87740601,0.10864037,0.87707541,               33P   1341
0.10925449,0.8768209,0.11033075,0.87637486,0.11684549,                33P   1342
0.87589513,0.1304685,0.8754072,0.14017243,0.87489414,0.14546319,      33P   1343
0.87458097,0.15165034,0.8741545,0.16207514,0.87333463,0.1748723,      33P   1344
0.87217306,0.18510409,0.87113812,0.19962383,0.86956356,               33P   1345
0.21383445,0.86794533,0.22202866,0.86673054,0.2241148,0.865785,       33P   1346
0.2257616,0.8649411,0.22792814,0.86379361,0.23061441,0.86234252,      33P   1347
0.23382042,0.86058784,0.24499765,0.85441301,0.26418735,               33P   1348
0.84381171,0.28337705,0.83321042,0.30256675,0.82260912,               33P   1349
0.31456031,0.81598332,0.31872625,0.81368185,0.3222607,                33P   1350
0.81172926,0.32516367,0.81012552,0.32857089,0.80824321,               33P   1351
0.33213767,0.80608945,0.33926093,0.80339279,0.34905654,               33P   1352
0.79974944,0.35569585,0.79730614,0.36349777,0.79449842,               33P   1353
0.37287568,0.79127719,0.38023816,0.78889206,0.39078328,               33P   1354
0.78583568,0.39974873,0.78357363,0.40979145,0.78148911,               33P   1355
0.41725412,0.78021861,0.42738679,0.77899016,0.43717771,               33P   1356
0.77834908,0.44468692,0.77805681,0.44611002,0.77792585,               33P   1357
0.44762296,0.77781378,0.44951036,0.77769441,0.4540341,                33P   1358
0.77744107,0.46082007,0.7770611,0.46760684,0.77668114,                33P   1359
0.47439431,0.77630116,0.48118291,0.77592112,0.48796834,               33P   1360
0.7759044,0.49475342,0.7759044,0.50153826,0.7759044,0.50832324,       33P   1361
0.7759044,0.51510834,0.7759044,0.5218955,0.77609345,0.52868353,       33P   1362
0.77647346,0.5354707,0.77685343,0.54225705,0.77723339,                33P   1363
0.54734641,0.77751838,0.55019636,0.77767798,0.55211885,               33P   1364
0.77778566,0.5533938,0.77786487,0.5544057,0.77793715,0.55779215,      33P   1365
0.77806787,0.5684987,0.77865161,0.57573537,0.77932399,                33P   1366
0.58491642,0.78057,0.59235668,0.78186012,0.60303502,0.78423,          33P   1367
0.61200363,0.78659205,0.62190209,0.78957196,0.6291789,                33P   1368
0.79195135,0.63921316,0.79545628,0.65214035,0.80019323,               33P   1369
0.66265983,0.803956,0.66750501,0.80574741,0.67087019,0.80782512,      33P   1370
0.67495149,0.81018914,0.68694506,0.81681495,0.70613476,               33P   1371
0.82741624,0.72532446,0.83801754,0.74451416,0.84861883,               33P   1372
0.75730729,0.85568636,0.76266898,0.85864841,0.7669958,                33P   1373
0.86103875,0.77028773,0.86285737,0.77291154,0.86430689,               33P   1374
0.77486721,0.86538729,0.77647662,0.86627641,0.7812203,                33P   1375
0.86731367,0.78971745,0.86832126,0.79661755,0.86913507,               33P   1376
0.8049149,0.87006512,0.81795136,0.87145495,0.82553127,                33P   1377
0.87220085,0.83179618,0.8727795,0.84312587,0.87376955,                33P   1378
0.85615103,0.87469708,0.87102125,0.87546879,0.88156539,               33P   1379
0.87581759,0.88776919,0.87604332,0.88957816,0.87635524,               33P   1380
0.89056483,0.87675338,0.89350428,0.87796421,0.89816415,               33P   1381
0.8798954,0.90282402,0.88182659,0.90748389,0.88375779,                33P   1382
0.91214377,0.88568898,0.91680364,0.88762017,0.92146351,               33P   1383
0.88955136,0.92612339,0.89148255,0.92961829,0.89293094,               33P   1384
0.93159953,0.89367773,0.93404835,0.89446969,0.93655985,               33P   1385
0.89359583,0.93796836,0.89272311,0.93968242,0.89097879,               33P   1386
0.94249575,0.88613833,0.94471337,0.88088629,0.94742066,               33P   1387
0.87268946,0.94952488,0.86463284,0.95205995,0.85295943,               33P   1388
0.95401326,0.84237693,0.95633838,0.82769832,0.95809367,               33P   1389
0.81469209,0.96014318,0.79710512,0.96167048,0.78202228,               33P   1390
0.96342511,0.76208872,0.96468262,0.74516097,0.9660708,                33P   1391
0.72308184,0.96704127,0.70473729,0.96806614,0.68114634,               33P   1392
0.96871491,0.66171349,0.96932645,0.63702246,0.96965827,               33P   1393
0.6169709,0.96984325,0.5923872,0.96986326,0.57056604,0.96986993,      33P   1394
0.55290479,0.96986993,0.52174221,0.96986993,0.4801921,                33P   1395
0.96986993,0.44902952,0.96986478,0.43139919,0.96984931,               33P   1396
0.40967081,0.96967325,0.38751047,0.96952715,0.3751172,                33P   1397
0.96926492,0.36009772,0.96863539,0.33543911,0.96795839,               33P   1398
0.31608324,0.96690853,0.29258058,0.96592076,0.27430941,               33P   1399
0.9645113,0.25232933,0.96322701,0.23556353,0.96145572,                33P   1400
0.21574928,0.95991405,0.20078391,0.95785031,0.18331585,               33P   1401
0.95607646,0.17051148,0.95373461,0.15603976,0.95177166,               33P   1402
0.14560328,0.94922692,0.13407442,0.94711024,0.12628634,               33P   1403
0.94439523,0.11827829,0.94217312,0.11318033,0.93935241,               33P   1404
0.10864355,0.93706556,0.10646867,0.93428135,0.10548409,               33P   1405
0.93182048,0.10624329,0.92983522,0.10697915,0.92634032,               33P   1406
0.10842755,0.92168045,0.11035874,0.91702057,0.11228993,               33P   1407
0.9123607,0.11422112,0.90770083,0.11615231,0.90304096,0.1180835,      33P   1408
0.89838108,0.12001469,0.89488618,0.12146309,0.89294418,               33P   1409
0.12226791,0.89164912,0.12280462,0.89077092,0.12316857,               33P   1410
0.89005057,0.12346711,0.88892557,0.12393334,0.87618217,               33P   1411
0.12431618,0.86362686,0.12488313,0.85176845,0.12560439,               33P   1412
0.84085729,0.12642031,0.82596525,0.12774757,0.81346436,               33P   1413
0.12901091,0.79952668,0.13053154,0.79170703,0.13141811,               33P   1414
0.78415046,0.13252755,0.77422176,0.13496929,0.76780539,               33P   1415
0.13851399,0.76353441,0.14087348,0.75820064,0.14382011,               33P   1416
0.7454075,0.15088764,0.7262178,0.16148893,0.7070281,0.17209023,       33P   1417
0.69263583,0.1800412,0.68463852,0.18445929,0.67823876,                33P   1418
0.18799482,0.67272456,0.19110267,0.66809593,0.19378284,               33P   1419
0.6621954,0.19605481,0.65470596,0.19885046,0.64470381,                33P   1420
0.20254776,0.63960205,0.20438899,0.63530501,0.20590318,               33P   1421
0.62748524,0.20860451,0.61858993,0.21145607,0.60871397,               33P   1422
0.21429488,0.60141253,0.2161737,0.59072692,0.21842125,                33P   1423
0.58152129,0.21993669,0.57106529,0.22113675,0.56398957,               33P   1424
0.22158138,0.56032046,0.2217196,0.55552853,0.22184781,                33P   1425
0.55456843,0.22196603,0.55341273,0.22207425,0.54935876,               33P   1426
0.22236893,0.54257296,0.22274892,0.53578665,0.22312888,               33P   1427
0.52899951,0.22350885,0.52221154,0.22388886,0.51542421,               33P   1428
0.2240956,0.50863911,0.2240956,0.50185412,0.2240956,0.49506929,       33P   1429
0.2240956,0.48828421,0.2240956,0.48149896,0.22409559,0.47471032,      33P   1430
0.22371653,0.46792281,0.22333655,0.461136,0.22295659,0.45604651,      33P   1431
0.22267161,0.45321848,0.22251325,0.45095543,0.22238652,               33P   1432
0.44898956,0.22227642,0.44732085,0.22218296,0.44592795,               33P   1433
0.22209523,0.4432095,0.22197221,0.43299872,0.22147267,                33P   1434
0.42787122,0.2210505,0.42347138,0.22055544,0.41544086,                33P   1435
0.21949242,0.40638394,0.21787457,0.39646619,0.21564021,               33P   1436
0.38921227,0.21375644,0.37859617,0.21059039,0.36955759,               33P   1437
0.20761793,0.35942461,0.20405059,0.35378201,0.20198717,               33P   1438
0.34846524,0.20000931,0.34273661,0.19785923,0.33644171,               33P   1439
0.19586213,0.33118458,0.19358801,0.32585034,0.19039906,               33P   1440
0.31785237,0.18583537,0.30346009,0.1778844,0.28427039,                33P   1441
0.16728311,0.26508069,0.15668181,0.25068842,0.14873084,               33P   1442
0.24271874,0.14432801,0.23743164,0.14140717,0.23387198,               33P   1443
0.13944065,0.23098235,0.13784428,0.22820783,0.1363115,                33P   1444
0.22558272,0.13486127,0.22366192,0.13380013,0.21942307,               33P   1445
0.13278867,0.21153435,0.1318269,0.2051517,0.13106257,0.20008264,      33P   1446
0.1304957,0.19387994,0.12981462,0.18278953,0.12862169,                33P   1447
0.17026309,0.12738999,0.15634981,0.12618644,0.14598218,               33P   1448
0.12544519,0.13290727,0.12469331,0.11714338,0.12411291,               33P   1449
0.11050897,0.123699,0.1094569,0.12326299,0.10885004,0.12301149,       33P   1450
0.10805714,0.12268289,0.10707821,0.12227719,0.10416579,               33P   1451
0.12107019,0.099505915,0.119139,0.094846042,0.11720781,               33P   1452
0.090186169,0.11527662,0.085526296,0.11334543,0.080866423,            33P   1453
0.11141424,0.07620655,0.10948305,0.072711645,0.10803465,              33P   1454
0.070769625,0.10722982,0.068438467,0.10626372,0.065987827,            33P   1455
0.10573083,0.064598549,0.10579111,0.062881356,0.10650482,             33P   1456
0.060036339,0.10938679,0.057780768,0.11327771,0.05501478,             33P   1457
0.11982757,0.052845151,0.12642753,0.05022055,0.13647173,              33P   1458
0.048186888,0.14580999,0.045748327,0.15897769,0.043885116,            33P   1459
0.17075888,0.041698357,0.18701033,0.040052965,0.20108783,             33P   1460
0.038145792,0.21988423,0.036744396,0.23589843,0.035174382,            33P   1461
0.25700255,0.034057725,0.27468353,0.032845018,0.29756049,             33P   1462
0.032025045,0.3164782,0.031217059,0.34072271,0.030726219,             33P   1463
0.36051261,0.03031183,0.3855256,0.030177285,0.40827836,               33P   1464
0.030131844,0.42626764,0.030130067,0.45748274,0.030130067,            33P   1465
0.49903285,0.030130067,0.54058296,0.030130067,0.57174554,             33P   1466
0.030170882,0.58969954,0.030293328,0.61239895,0.030664132,            33P   1467
0.63487437,0.03091492,0.64730494,0.031296479,0.66212123,              33P   1468
0.032140275,0.68626993,0.032977866,0.70512386,0.034207961,            33P   1469
0.7279286,0.035341448,0.74552514,0.036943896,0.76643842,              33P   1470
0.038360432,0.78234301,0.040282287,0.80102489,0.041941168,            33P   1471
0.81497727,0.044152923,0.83096542,0.046026813,0.84260465,             33P   1472
0.048475606,0.85562941,0.050517855,0.86481826,0.053157617,            33P   1473
0.8745615,0.055332646,0.88100712,0.05810418,0.88740523,               33P   1474
0.060364945,0.891033,0.063218554,0.8937261,0.065806485,0.894177,      33P   1475
0.067834283,0.89387999,0.068999436,0.89343267,0,0;                    33P   1476
106,2,358,1.815711,2.680298,-2.1798412,1.8770328,2.6776141,           35P   1477
-2.1690285,1.9996567,2.6718206,-2.1474066,2.1222807,2.666027,         35P   1478
-2.1257847,2.2449046,2.6602334,-2.1041628,2.3675285,2.6544399,        35P   1479
-2.0825408,2.4901525,2.6486463,-2.0609189,2.6127764,2.6428527,        35P   1480
-2.039297,2.7354004,2.6370591,-2.0176751,2.8120403,2.6334382,         35P   1481
-2.0041614,2.8378645,2.632218,-1.9996079,2.8588569,2.6312262,         35P   1482
-1.9959064,2.8750174,2.6304627,-1.9930569,2.9033392,2.6291246,        35P   1483
-1.988063,2.9384971,2.6276854,-1.9814108,2.9732294,2.6262216,         35P   1484
-1.9703915,2.9974353,2.6246824,-1.9591865,3.0102536,2.6237429,        35P   1485
-1.9519086,3.0247758,2.6224635,-1.9423812,3.0477921,2.6200039,        35P   1486
-1.9239838,3.0729031,2.6165192,-1.8978224,3.0900045,2.6134143,        35P   1487
-1.8745927,3.1091825,2.6086907,-1.8391709,3.1219129,2.603836,         35P   1488
-1.8030595,3.1265768,2.6001916,-1.7821443,3.1287282,2.597355,         35P   1489
-1.7699461,3.1305243,2.5948233,-1.7597601,3.1328872,2.5913808,        35P   1490
-1.7463595,3.1358169,2.5870276,-1.7297441,3.1393135,2.5817635,        35P   1491
-1.7099141,3.1515037,2.563239,-1.6407798,3.1724326,2.5314351,         35P   1492
-1.5220861,3.1933615,2.4996313,-1.4033923,3.2142904,2.4678274,        35P   1493
-1.2846986,3.227371,2.4479499,-1.2105151,3.2319145,2.4410456,         35P   1494
-1.1847476,3.2357693,2.4351878,-1.162886,3.2389353,2.4303766,         35P   1495
-1.1449303,3.2426514,2.4247296,-1.1238557,3.2465414,2.4182684,        35P   1496
-1.1017941,3.2513183,2.4101784,-1.0779557,3.259721,2.3992483,         35P   1497
-1.0506834,3.267366,2.3919184,-1.0323804,3.2783828,2.3834953,         35P   1498
-1.0113639,3.2944715,2.3738316,-0.98724683,3.3091635,2.3666762,       35P   1499
-0.96953127,3.3330373,2.357507,-0.9465628,3.3555517,2.3507209,        35P   1500
-0.92967865,3.3826051,2.3444673,-0.91402367,3.4035671,2.3406558,      35P   1501
-0.90475846,3.4326236,2.3369705,-0.89547388,3.4607505,2.3350472,      35P   1502
-0.89003795,3.4857541,2.3341704,-0.88790919,3.5118164,2.3337776,      35P   1503
-0.88660286,3.5395269,2.3334414,-0.8852513,3.5740997,2.3330832,       35P   1504
-0.88361905,3.6569806,2.3323232,-0.87995021,3.7813486,2.3311833,      35P   1505
-0.87509094,3.9057731,2.3300434,-0.87100486,4.030245,2.3289035,       35P   1506
-0.86769278,4.1547649,2.3277633,-0.86515517,4.2792466,2.3277132,      35P   1507
-0.86339361,4.4037349,2.3277132,-0.86240695,4.5282244,2.3277132,      35P   1508
-0.86219519,4.6527148,2.3277132,-0.86275832,4.7771984,2.3277132,      35P   1509
-0.86409634,4.9017039,2.3282804,-0.86620983,5.0262017,2.3294204,      35P   1510
-0.86909868,5.1506534,2.3305603,-0.87276182,5.2750522,2.3317002,      35P   1511
-0.87719856,5.3683147,2.3325552,-0.88103342,5.4205278,2.333034,       35P   1512
-0.88337079,5.4557439,2.333357,-0.88502448,5.4790959,2.3335946,       35P   1513
-0.88615537,5.4976286,2.3338115,-0.88707233,5.5249715,2.3342036,      35P   1514
-0.88853515,5.555527,2.3359548,-0.89277518,5.576366,2.337972,         35P   1515
-0.89793161,5.6025845,2.34171,-0.9072412,5.6233122,2.3455803,         35P   1516
-0.91706936,5.6516286,2.35269,-0.93463955,5.6735703,2.3597762,        35P   1517
-0.95232664,5.6952854,2.3687159,-0.97455287,5.7093119,2.375854,       35P   1518
-0.99239752,5.7256931,2.3863688,-1.0185877,5.7414882,2.4005797,       35P   1519
-1.0540073,5.7499369,2.411868,-1.0832976,5.7530689,2.4172422,         35P   1520
-1.099584,5.7567391,2.4234754,-1.1203986,5.7611902,2.4305674,         35P   1521
-1.1456426,5.7742708,2.4504448,-1.2198262,5.7951997,2.4822487,        35P   1522
-1.3385199,5.8161286,2.5140526,-1.4572136,5.8370575,2.5458565,        35P   1523
-1.5759073,5.8510101,2.5670591,-1.6550365,5.8568578,2.5759452,        35P   1524
-1.6882,5.8615767,2.5831163,-1.7149626,5.865167,2.5885721,            35P   1525
-1.7353242,5.8680286,2.5929207,-1.7515531,5.8701615,2.5961619,        35P   1526
-1.7636495,5.8719168,2.5988292,-1.7736042,5.8750443,2.601941,         35P   1527
-1.7904214,5.8807097,2.6049638,-1.8121394,5.8868675,2.6074052,        35P   1528
-1.8296979,5.8961477,2.6101953,-1.8504758,5.914804,2.6143649,         35P   1529
-1.8817115,5.9278284,2.6166026,-1.8987004,5.9397039,2.6183385,        35P   1530
-1.9119058,5.9634385,2.6213087,-1.9335169,5.9936221,2.6240912,        35P   1531
-1.9542152,6.0305429,2.6264064,-1.9718636,6.0574402,2.6274528,        35P   1532
-1.9804051,6.0732775,2.6281299,-1.9839228,6.0942639,2.6290657,        35P   1533
-1.9876403,6.120228,2.6302601,-1.9922185,6.1975791,2.6338926,         35P   1534
-2.0058576,6.320203,2.6396862,-2.0274795,6.442827,2.6454798,          35P   1535
-2.0491014,6.5654509,2.6512734,-2.0707233,6.6880749,2.6570669,        35P   1536
-2.0923452,6.8106988,2.6628605,-2.1139671,6.9333227,2.6686541,        35P   1537
-2.135589,7.0559467,2.6744476,-2.1572109,7.1479146,2.6787928,         35P   1538
-2.1734274,7.2000508,2.6810332,-2.1826204,7.2644912,2.6834091,        35P   1539
-2.193983,7.3305808,2.6807875,-2.2056364,7.3676457,2.6781693,         35P   1540
-2.2121719,7.4127509,2.6729364,-2.2201252,7.4867833,2.658415,         35P   1541
-2.2331791,7.5451396,2.6426589,-2.2434689,7.6163815,2.6180684,        35P   1542
-2.2560307,7.6717538,2.5938985,-2.2657944,7.738464,2.5588783,         35P   1543
-2.2775572,7.7898651,2.5271308,-2.2866206,7.8510502,2.483095,         35P   1544
-2.2974091,7.8972405,2.4440763,-2.3055537,7.951173,2.3913154,         35P   1545
-2.3150635,7.9913637,2.3460668,-2.3221502,8.0375367,2.2862662,        35P   1546
-2.3302917,8.0706279,2.2354829,-2.3361266,8.1071576,2.1692455,        35P   1547
-2.3425678,8.1326953,2.1142119,-2.3470708,8.1596647,2.043439,         35P   1548
-2.3518262,8.1767369,1.9851405,-2.3548365,8.1928296,1.9110674,        35P   1549
-2.3576741,8.2015614,1.8509127,-2.3592137,8.2064291,1.7771616,        35P   1550
-2.360072,8.2069557,1.7116981,-2.3601649,8.2071313,1.6587144,         35P   1551
-2.3601959,8.2071313,1.5652266,-2.3601959,8.2071313,1.4405763,        35P   1552
-2.3601959,8.2071313,1.3470885,-2.3601959,8.2069956,1.2941976,        35P   1553
-2.3601719,8.2065887,1.2290124,-2.3601002,8.2019556,1.1625314,        35P   1554
-2.3592832,8.198111,1.1253516,-2.3586053,8.1912103,1.0802932,         35P   1555
-2.3573886,8.1746444,1.0063173,-2.3544675,8.1568294,0.94824971,       35P   1556
-2.3513263,8.1292023,0.87774175,-2.3464549,8.1032092,0.82292822,      35P   1557
-2.3418716,8.0661196,0.75698798,-2.3353317,8.0323237,0.70669059,      35P   1558
-2.3293726,7.9857124,0.64724784,-2.3211537,7.9451434,0.60235173,      35P   1559
-2.3140003,7.8908364,0.54994756,-2.3044245,7.8441578,0.51153444,      35P   1560
-2.2961938,7.7825324,0.46811928,-2.2853276,7.7308775,0.43680983,      35P   1561
-2.2762195,7.6639132,0.40222325,-2.2644118,7.608213,0.37885901,       35P   1562
-2.2545904,7.5367677,0.35483488,-2.2419927,7.4782933,0.339541,        35P   1563
-2.2316821,7.4040668,0.32593066,-2.2185939,7.3438886,0.31940601,      35P   1564
-2.2079829,7.2706225,0.31645226,-2.1950641,7.205865,0.31872987,       35P   1565
-2.1836456,7.1536232,0.32093746,-2.174434,7.0616553,0.32528264,       35P   1566
-2.1582175,6.9390313,0.33107621,-2.1365956,6.8164074,0.33686979,      35P   1567
-2.1149737,6.6937834,0.34266336,-2.0933518,6.5711595,0.34845693,      35P   1568
-2.0717299,6.4485355,0.35425051,-2.050108,6.3259116,0.36004408,       35P   1569
-2.0284861,6.2339436,0.36438926,-2.0122696,6.1828401,0.36680373,      35P   1570
-2.0032587,6.1487609,0.36841386,-1.9972496,6.1256512,0.36950572,      35P   1571
-1.9931748,6.1066953,0.37040132,-1.9898323,6.0770909,0.37180003,      35P   1572
-1.9846123,6.0436798,0.37294853,-1.9764534,6.011952,0.37464939,       35P   1573
-1.9639065,5.9831799,0.37681316,-1.9477789,5.9584743,0.37926093,      35P   1574
-1.9294431,5.9286197,0.38324272,-1.8996411,5.9078329,0.38703272,      35P   1575
-1.8712101,5.889888,0.39159463,-1.8370376,5.8823405,0.39425434,       35P   1576
-1.8172175,5.8767624,0.39758265,-1.7979067,5.8694576,0.40490786,      35P   1577
-1.7596572,5.8624597,0.41554198,-1.7199702,5.8578016,0.42262044,      35P   1578
-1.6935529,5.8519844,0.43146033,-1.6605621,5.8380318,0.45266292,      35P   1579
-1.5814329,5.8171029,0.4844668,-1.4627392,5.796174,0.51627068,        35P   1580
-1.3440455,5.7804774,0.5401236,-1.2550252,5.7717552,0.55337787,       35P   1581
-1.2055596,5.7647754,0.56398446,-1.1659752,5.7587615,0.57330801,      35P   1582
-1.1318684,5.7537133,0.58134852,-1.103239,5.7496449,0.58816443,       35P   1583
-1.0820069,5.7439076,0.59655139,-1.0611462,5.7331393,0.60764329,      35P   1584
-1.0334736,5.7262562,0.61316698,-1.0196315,5.7197339,0.61770954,      35P   1585
-1.0082052,5.7062034,0.62581353,-0.98814559,5.6883409,                35P   1586
0.63436821,-0.96682964,5.6657496,0.64288463,-0.94554802,              35P   1587
5.6474629,0.64852109,-0.93171638,5.6188284,0.65526375,                35P   1588
-0.91474327,5.5929466,0.65981007,-0.90343479,5.5629169,               35P   1589
0.66341026,-0.89438701,5.5425856,0.66474415,-0.89050917,              35P   1590
5.5321261,0.66515879,-0.88918454,5.5181913,0.66554343,                35P   1591
-0.88810992,5.5006088,0.66589809,-0.8872214,5.4794426,                35P   1592
0.66622276,-0.88617236,5.4051833,0.66710679,-0.88266969,              35P   1593
5.2808419,0.66824676,-0.87742394,5.1564458,0.66938664,                35P   1594
-0.8729512,5.0319964,0.67052655,-0.86925203,4.9075008,                35P   1595
0.67166657,-0.86632712,4.7829933,0.6722868,-0.8641775,4.6585102,      35P   1596
0.6722868,-0.86280342,4.5340198,0.6722868,-0.8622042,4.4095304,       35P   1597
0.6722868,-0.86237989,4.2850418,0.6722868,-0.86333048,4.1605626,      35P   1598
0.67228677,-0.86505592,4.0360408,0.6711496,-0.86755745,               35P   1599
3.9115667,0.67000966,-0.87083349,3.7871398,0.66886976,                35P   1600
-0.87488355,3.6938576,0.66801484,-0.87842851,3.6420357,               35P   1601
0.66753976,-0.88058631,3.6005728,0.66715956,-0.88240974,              35P   1602
3.5645593,0.66682927,-0.88406348,3.5339934,0.66654889,                35P   1603
-0.88551811,3.508482,0.66628568,-0.88676809,3.4778488,                35P   1604
0.66591662,-0.888336,3.4487785,0.664418,-0.89194337,3.4340192,        35P   1605
0.66315151,-0.89512439,3.421353,0.66166632,-0.89861298,               35P   1606
3.3984254,0.65847727,-0.90682052,3.3732484,0.6536237,                 35P   1607
-0.91893261,3.3471019,0.64692063,-0.93555584,3.3292877,               35P   1608
0.64126933,-0.94978338,3.3057376,0.63177117,-0.97337394,              35P   1609
3.2884323,0.6228538,-0.99560501,3.2723582,0.61215176,-1.0222517,      35P   1610
3.2649989,0.60596151,-1.037627,3.2591172,0.60002794,-1.0523248,       35P   1611
3.2539131,0.59357769,-1.0682727,3.249519,0.5875864,-1.0857925,        35P   1612
3.245502,0.58076402,-1.1076893,3.2396843,0.57119719,-1.140683,        35P   1613
3.2309614,0.55750612,-1.1901527,3.2152647,0.53365321,-1.279173,       35P   1614
3.1943358,0.50184932,-1.3978667,3.1734069,0.47004544,-1.5165605,      35P   1615
3.1577102,0.44619253,-1.6055807,3.1490183,0.43298404,-1.6548755,      35P   1616
3.143252,0.42422152,-1.6875777,3.1393697,0.41832195,-1.7095951,       35P   1617
3.1362182,0.41353284,-1.7274684,3.1331922,0.40893451,-1.7446295,      35P   1618
3.1303292,0.40458381,-1.7608666,3.1282343,0.40140039,-1.7727473,      35P   1619
3.1253003,0.39836602,-1.7887801,3.1202567,0.3954807,-1.8089407,       35P   1620
3.1148461,0.39318772,-1.8252123,3.1096872,0.39148709,-1.8380193,      35P   1621
3.1023345,0.38944385,-1.8534472,3.0863859,0.38586506,-1.8799985,      35P   1622
3.064305,0.38216997,-1.9076562,3.0354003,0.37855931,-1.9344394,       35P   1623
3.0114926,0.37633558,-1.951151,2.9793784,0.37407993,-1.9678389,       35P   1624
2.9392585,0.37233873,-1.9812278,2.9080289,0.37109699,-1.987236,       35P   1625
2.8803439,0.36978897,-1.9921177,2.8643744,0.36903446,-1.9949335,      35P   1626
2.8435094,0.36804866,-1.9986126,2.8177489,0.36683156,-2.0031548,      35P   1627
2.7411089,0.36321058,-2.0166685,2.618485,0.357417,-2.0382904,         35P   1628
2.4958611,0.35162343,-2.0599124,2.3732371,0.34582986,-2.0815343,      35P   1629
2.2506132,0.34003628,-2.1031562,2.1279892,0.33424271,-2.1247781,      35P   1630
2.0053653,0.32844914,-2.1464,1.9133973,0.32410396,-2.1626164,         35P   1631
1.8622933,0.32168946,-2.1716274,1.8009492,0.31879116,-2.1824441,      35P   1632
1.7364609,0.3171925,-2.1938151,1.6999023,0.31737332,-2.2002614,       35P   1633
1.6547146,0.31951445,-2.2082292,1.5798483,0.32816036,-2.2214301,      35P   1634
1.5204933,0.33983314,-2.231896,1.4477067,0.3594827,-2.2447303,        35P   1635
1.3906132,0.3792826,-2.2547974,1.3215471,0.40941518,-2.2669756,       35P   1636
1.2680316,0.43742997,-2.2764118,1.2038612,0.47693308,-2.2877268,      35P   1637
1.154831,0.51227664,-2.2963721,1.0972867,0.56103098,-2.3065187,       35P   1638
1.0539885,0.60326349,-2.3141534,1.0038015,0.65965269,-2.3230027,      35P   1639
0.96692392,0.70769528,-2.3295052,0.92560921,0.77100766,               35P   1640
-2.3367901,0.89622453,0.8240506,-2.3419714,0.86431231,                35P   1641
0.89268148,-2.3475984,0.84273483,0.94943461,-2.3514031,               35P   1642
0.82147278,1.0221681,-2.3551522,0.80855638,1.0815378,-2.3574297,      35P   1643
0.79765181,1.1565768,-2.3593525,0.79411127,1.2248351,-2.3599768,      35P   1644
0.7929155,1.2788029,-2.3601876,0.79286873,1.3724482,-2.3601959,       35P   1645
0.79286873,1.4970985,-2.3601959,0.79286873,1.6217489,-2.3601959,      35P   1646
0.79286873,1.7152366,-2.3601959,0.79394278,1.7690986,-2.3600065,      35P   1647
0.79716492,1.8371969,-2.3594383,0.80692258,1.9046231,-2.3577178,      35P   1648
0.81352203,1.9419148,-2.3565541,0.82356272,1.9863637,-2.3547837,      35P   1649
0.84576708,2.0588098,-2.3508684,0.86780818,2.1153716,-2.346982,       35P   1650
0.90017798,2.1837858,-2.3412743,0.93000553,2.2365754,-2.3360149,      35P   1651
0.97217375,2.2993153,-2.3285795,1.0094497,2.347029,-2.3220068,        35P   1652
1.060023,2.4030747,-2.3130893,1.1036763,2.4449318,-2.3053921,         35P   1653
1.1618783,2.4928963,-2.2951295,1.2111895,2.527814,-2.2864346,         35P   1654
1.2756292,2.5668882,-2.2750722,1.3293707,2.5944548,-2.2655961,        35P   1655
1.3988357,2.6236845,-2.2533475,1.4560713,2.6430214,-2.2432554,        35P   1656
1.5290038,2.6622157,-2.2303954,1.5884955,2.673099,-2.2199054,         35P   1657
1.6635879,2.6811783,-2.2066646,1.731689,2.682531,-2.1946565,          35P   1658
1.7850502,2.68164,-2.1852475,1.815711,2.680298,-2.1798412,0,0;        35P   1659
142,0,25,33,35,0,0,0;                                                 37P   1660
144,25,1,1,31,37,0,0;                                                 39P   1661
128,16,1,2,1,0,0,0,0,0,0,0,0,1,1,2,2,3,3,4,4,5,5,6,6,7,7,8,8,8,       41P   1662
0,0,1,1,1,0.70710678,1,1,1,0.70710678,1,1,1,0.70710678,1,1,1,         41P   1663
0.70710678,1,1,1,1,0.70710678,1,1,1,0.70710678,1,1,1,0.70710678,      41P   1664
1,1,1,0.70710678,1,1,1,1.75,2,0,1.5,2,0,1.5,1.75,0,1.5,1.5,0,         41P   1665
1.5,1.25,0,1.5,1,0,1.75,1,0,4.5,1,0,7.25,1,0,7.5,1,0,7.5,1.25,0,      41P   1666
7.5,1.5,0,7.5,1.75,0,7.5,2,0,7.25,2,0,4.5,2,0,1.75,2,0,1.75,          41P   1667
2.7368603,-2.75,0.76313972,2.7368603,-2.75,0.76313972,1.75,           41P   1668
-2.75,0.76313972,1.5,-2.75,0.76313972,1.25,-2.75,0.76313972,          41P   1669
0.26313972,-2.75,1.75,0.26313972,-2.75,4.5,0.26313972,-2.75,          41P   1670
7.25,0.26313972,-2.75,8.2368603,0.26313972,-2.75,8.2368603,1.25,      41P   1671
-2.75,8.2368603,1.5,-2.75,8.2368603,1.75,-2.75,8.2368603,             41P   1672
2.7368603,-2.75,7.25,2.7368603,-2.75,4.5,2.7368603,-2.75,1.75,        41P   1673
2.7368603,-2.75,0,8,0,1,0,0;                                          41P   1674
106,1,837,0,8,0.76331432,7.9972564,0.76162649,7.9917875,              43P   1675
0.75966371,7.9808497,0.75573814,7.9585544,0.74787563,7.9362592,       43P   1676
0.74001312,7.9139639,0.7321506,7.8916686,0.72428809,7.8693734,        43P   1677
0.71642558,7.8470781,0.70856307,7.8247828,0.70070055,7.8108483,       43P   1678
0.69578648,7.806153,0.69413067,7.8023362,0.69278466,7.7993979,        43P   1679
0.69174846,7.7963083,0.69065889,7.7929797,0.68944422,7.7891732,       43P   1680
0.68797937,7.7860268,0.68599287,7.78312,0.68320808,7.7813591,         43P   1681
0.68089343,7.7792768,0.67755479,7.776995,0.67282565,7.7754497,        43P   1682
0.66861222,7.7736746,0.66220152,7.7722778,0.65341725,7.7716654,       43P   1683
0.64681781,7.7713543,0.64338197,7.7709363,0.63871012,7.7704114,       43P   1684
0.63280224,7.7697795,0.62565834,7.7675631,0.60051859,7.7637579,       43P   1685
0.55735724,7.7599526,0.51419589,7.7561474,0.47103454,7.7537691,       43P   1686
0.4440587,7.752943,0.4346887,7.7522421,0.42673903,7.7516665,          43P   1687
0.4202097,7.7509908,0.4125462,7.7501556,0.40377753,7.7490011,         43P   1688
0.3927985,7.7472846,0.38167355,7.7461871,0.37547829,7.7446108,        43P   1689
0.36801748,7.7416321,0.3565865,7.7372488,0.34347169,7.7342881,        43P   1690
0.33618865,7.7316677,0.33065009,7.7267673,0.32131745,7.7206455,       43P   1691
0.31210809,7.7132783,0.30362147,7.7075774,0.29844876,7.6996667,       43P   1692
0.29344738,7.6894461,0.28996735,7.6811258,0.28911428,7.6758232,       43P   1693
0.28865802,7.6693782,0.28817202,7.6542034,0.28714057,7.6314442,       43P   1694
0.2855936,7.608685,0.28404663,7.5859251,0.28249961,7.5631615,         43P   1695
0.28095234,7.5403845,0.28088429,7.5176098,0.28088429,7.494837,        43P   1696
0.28088429,7.4720634,0.28088429,7.4492877,0.28088429,7.4265159,       43P   1697
0.28165398,7.4037543,0.28320111,7.3809948,0.2847481,7.358236,         43P   1698
0.28629505,7.3411657,0.28745534,7.3316059,0.28810513,7.3251566,       43P   1699
0.2885435,7.3208143,0.28886599,7.3172892,0.28916028,7.3118734,        43P   1700
0.28969246,7.3056299,0.29147494,7.3021338,0.29275346,7.2978892,       43P   1701
0.29480654,7.2907529,0.29987947,7.2865092,0.30381875,7.2831703,       43P   1702
0.30754401,7.2773973,0.31478052,7.2714143,0.32439723,7.265518,        43P   1703
0.3365294,7.2616573,0.34621633,7.2571856,0.36048639,7.2529735,        43P   1704
0.37977142,7.2508163,0.39611261,7.2496744,0.40635538,7.2484692,       43P   1705
0.41867032,7.2459324,0.44744456,7.2421271,0.49060591,7.2383219,       43P   1706
0.53376726,7.2345166,0.57692861,7.2319798,0.60570284,7.2309166,       43P   1707
0.61776232,7.2300586,0.62749416,7.2294058,0.63489837,7.2288855,       43P   1708
0.64079981,7.2284977,0.64519849,7.2279871,0.65099031,7.2268886,       43P   1709
0.65919553,7.2258028,0.66424395,7.2241118,0.66990232,7.222509,        43P   1710
0.67395116,7.2197185,0.67932564,7.2169834,0.68310217,7.2136312,       43P   1711
0.68624358,7.2113355,0.6875691,7.2101696,0.6881038,7.2084938,         43P   1712
0.68879446,7.2063081,0.68964111,7.2036125,0.69064372,7.2004069,       43P   1713
0.69180231,7.1874027,0.69640327,7.1651074,0.70426578,7.1428122,       43P   1714
0.7121283,7.1205169,0.71999081,7.0982217,0.72785332,7.0759264,        43P   1715
0.73571583,7.0536311,0.74357835,7.0313359,0.75144086,7.0146144,       43P   1716
0.75733774,7.0053505,0.76066683,6.9729213,0.76482762,6.9243437,       43P   1717
0.76900379,6.8976668,0.7714007,6.8656239,0.77432807,6.8136011,        43P   1718
0.77909155,6.7727776,0.78283417,6.7227778,0.78737969,6.6834448,       43P   1719
0.79094324,6.6350243,0.79523246,6.5965985,0.7985247,6.5490399,        43P   1720
0.80243094,6.5111265,0.80540193,6.4639325,0.80887283,6.426091,        43P   1721
0.81144743,6.3787826,0.81438117,6.3405928,0.81651417,6.2925275,       43P   1722
0.81887317,6.2536133,0.82050762,6.2044536,0.8222174,6.1642857,        43P   1723
0.82332426,6.1132586,0.82435799,6.0715448,0.82490347,6.032577,        43P   1724
0.82509361,6.0022527,0.82520361,5.9216731,0.82523484,5.8174287,       43P   1725
0.82525355,5.6304532,0.82525355,5.3811526,0.82525355,5.1941771,       43P   1726
0.82525355,5.0897378,0.82524042,4.985066,0.82524198,4.9378818,        43P   1727
0.82487695,4.9119611,0.82467216,4.8807935,0.82425885,4.8298075,       43P   1728
0.82317707,4.7898061,0.82203816,4.7407443,0.82028608,4.7018767,       43P   1729
0.8186175,4.6538461,0.81621659,4.6157393,0.81406035,4.5684382,        43P   1730
0.81108761,4.5306033,0.80848489,4.4833883,0.80497526,4.4454658,       43P   1731
0.80198937,4.397863,0.79805917,4.3594001,0.79474614,4.3109221,        43P   1732
0.79042489,4.271467,0.78686422,4.2213679,0.78229753,4.1804672,        43P   1733
0.77854049,4.1281845,0.77378237,4.0851609,0.76992735,4.0316968,       43P   1734
0.7652123,3.9956722,0.7610345,3.9864235,0.75770377,3.9697021,         43P   1735
0.75180689,3.9474068,0.74394437,3.9251115,0.73608186,3.9028163,       43P   1736
0.72821935,3.880521,0.72035684,3.8582257,0.71249432,3.8359305,        43P   1737
0.70463181,3.819209,0.69873493,3.8099175,0.69545822,3.8037213,        43P   1738
0.6932731,3.7995195,0.69179133,3.796073,0.6905759,3.7933817,          43P   1739
0.6896268,3.79124,0.68882089,3.7896479,0.68815815,3.7875629,          43P   1740
0.68711905,3.784686,0.68481083,3.7820807,0.68187457,3.7798428,        43P   1741
0.67855248,3.7771377,0.67314919,3.7752437,0.66800591,3.7735915,       43P   1742
0.66181505,3.7730034,0.65860646,3.7726591,0.6560641,3.7722644,        43P   1743
0.65258369,3.7717081,0.6470606,3.7708972,0.63833488,3.7701019,        43P   1744
0.62931509,3.769255,0.61970884,3.7681973,0.60771215,3.7656605,        43P   1745
0.57893792,3.7618553,0.53577657,3.75805,0.49261522,3.7551961,         43P   1746
0.46024421,3.7536102,0.44225671,3.7523412,0.4278624,3.751205,         43P   1747
0.41520928,3.7502018,0.40429735,3.749201,0.39504732,3.7477036,        43P   1748
0.38366513,3.7454904,0.37237558,3.744131,0.36611363,3.7428877,        43P   1749
0.3611161,3.7410597,0.35495128,3.7374407,0.34395314,3.7325875,        43P   1750
0.33234368,3.7264288,0.32078613,3.7227213,0.31504908,3.7195319,       43P   1751
0.31084912,3.7136712,0.30398629,3.7066285,0.29781653,3.6984614,       43P   1752
0.29293072,3.6926658,0.29104506,3.6894518,0.29035439,3.6853422,       43P   1753
0.28972732,3.6803368,0.28916384,3.6655841,0.28791413,3.6428235,       43P   1754
0.28636706,3.6200647,0.28482012,3.5973052,0.28327313,3.5745438,       43P   1755
0.28172601,3.5517726,0.28088429,3.5289969,0.28088429,3.5062232,       43P   1756
0.28088429,3.4834504,0.28088429,3.4606758,0.28088429,3.4378984,       43P   1757
0.2808843,3.4151346,0.28242758,3.3923745,0.28397461,3.3696154,        43P   1758
0.28552158,3.352546,0.28668181,3.3430607,0.28732653,3.3354696,        43P   1759
0.28784251,3.3288751,0.28829075,3.323277,0.28867125,3.3185226,        43P   1760
0.28902846,3.3126565,0.28952932,3.306711,0.29105466,3.3033926,        43P   1761
0.29213603,3.3007195,0.29328186,3.2972939,0.29529742,3.2910267,       43P   1762
0.29962533,3.2841692,0.30621215,3.2770606,0.31530896,3.2733962,       43P   1763
0.32106085,3.2705764,0.32620072,3.2657814,0.33586842,3.2610576,       43P   1764
0.34797027,3.2567067,0.36249407,3.254703,0.37089454,3.2532209,        43P   1765
0.37894698,3.2515926,0.38945157,3.2500426,0.40249387,3.2485709,       43P   1766
0.41807388,3.2468837,0.43665422,3.2440298,0.46902523,3.2402245,       43P   1767
0.51218658,3.2364193,0.55534793,3.2335653,0.58771894,3.231985,        43P   1768
0.6056443,3.2309365,0.61753601,3.2302307,0.62554237,3.2296577,        43P   1769
0.63204171,3.2291075,0.63828214,3.2285869,0.64418652,3.2280156,       43P   1770
0.65066689,3.2270162,0.65849901,3.2260917,0.66311479,3.224218,        43P   1771
0.66958995,3.2222209,0.67460488,3.219617,0.67950466,3.2174427,        43P   1772
0.6825225,3.214531,0.68558386,3.2108958,0.68794663,3.2076771,         43P   1773
0.68921051,3.2045907,0.69034185,3.2015705,0.69140693,3.198667,        43P   1774
0.69243088,3.1948733,0.69376872,3.1901896,0.69542046,3.1762551,       43P   1775
0.70033453,3.1539598,0.70819704,3.1316646,0.71605955,3.1093693,       43P   1776
0.72392206,3.087074,0.73178458,3.0647788,0.73964709,3.0424835,        43P   1777
0.7475096,3.0257621,0.75340649,3.0164704,0.75668322,3.0053169,        43P   1778
0.76061654,2.9744126,0.76471592,2.9466278,0.76708989,2.9138329,       43P   1779
0.77001721,2.8603737,0.77479811,2.8186856,0.77861964,2.7677693,       43P   1780
0.78328766,2.727707,0.78693739,2.6786284,0.79138108,2.6397982,        43P   1781
0.79481643,2.5918603,0.79891797,2.5537446,0.80205176,2.5064406,       43P   1782
0.80576152,2.4686097,0.80854113,2.4214157,0.81175029,2.3834766,       43P   1783
0.81410652,2.3358284,0.81676578,2.2973202,0.81865456,2.2487894,       43P   1784
0.82069244,2.2093774,0.82206384,2.1592442,0.82344513,2.1183485,       43P   1785
0.82427352,2.0663041,0.82495386,2.0179997,0.82513408,1.9419193,       43P   1786
0.82525038,1.7551036,0.82525355,1.5058029,0.82525355,1.2565023,       43P   1787
0.82525355,1.0695268,0.82525355,0.98660737,0.82514398,                43P   1788
0.93810883,0.82499411,0.8910814,0.82430346,0.86539029,0.8239102,      43P   1789
0.83486937,0.82330358,0.78493545,0.82188248,0.74557426,               43P   1790
0.82047607,0.69706785,0.81839315,0.65860461,0.81647136,               43P   1791
0.6110484,0.81378172,0.57312194,0.81139603,0.52591788,                43P   1792
0.80814748,0.48808843,0.80534125,0.4407516,0.80161419,                43P   1793
0.40260495,0.79845813,0.35461978,0.79432401,0.31574704,               43P   1794
0.7908693,0.26650913,0.7864221,0.22637517,0.78275695,0.17537701,      43P   1795
0.77806176,0.13348673,0.77425015,0.079780993,0.76944487,0,            43P   1796
0.76331432,0,0.21009868,0.00855156,0.21021056,0.02121605,             43P   1797
0.21042836,0.035156043,0.210657,0.052286161,0.21092004,               43P   1798
0.069478373,0.21120152,0.084991072,0.21146046,0.098870012,            43P   1799
0.2116846,0.11719581,0.21198778,0.1444086,0.21241476,0.1742885,       43P   1800
0.21289576,0.20083571,0.2133394,0.23579471,0.21393619,                43P   1801
0.27344774,0.21451702,0.30066683,0.21494284,0.32517238,               43P   1802
0.2153253,0.34316309,0.21562305,0.35966075,0.21588913,                43P   1803
0.38962015,0.21637329,0.42277818,0.21683988,0.44625116,               43P   1804
0.21719519,0.46700824,0.21751985,0.48219614,0.21776089,               43P   1805
0.49596814,0.21797408,0.50836733,0.21816045,0.52244408,               43P   1806
0.21835091,0.5382431,0.21856902,0.55225712,0.21875298,                43P   1807
0.56186732,0.21889339,0.57058232,0.21901371,0.57842235,               43P   1808
0.21912263,0.58536903,0.21922045,0.59344553,0.21932107,               43P   1809
0.60484822,0.21945349,0.61755802,0.2196002,0.63511446,                43P   1810
0.21980605,0.65897082,0.22005146,0.68571606,0.22032083,               43P   1811
0.70997467,0.22055654,0.74269696,0.22084906,0.77786639,               43P   1812
0.22107404,0.80327027,0.22122494,0.8260918,0.22134168,                43P   1813
0.84297884,0.22143661,0.85844631,0.22151239,0.87245156,               43P   1814
0.22156274,0.88856378,0.22161024,0.90676959,0.22164973,               43P   1815
0.93230333,0.22171472,0.96458341,0.2217583,0.98320107,                43P   1816
0.22175938,0.98707556,0.22176218,0.99156485,0.22176408,               43P   1817
0.99666894,0.22176506,1.0028246,0.2217674,1.0102837,0.2217726,        43P   1818
1.0184672,0.22177747,1.0273749,0.22178201,1.037007,0.22178624,        43P   1819
1.0473634,0.22179013,1.058444,0.2217937,1.070249,0.22179695,          43P   1820
1.0827783,0.22179987,1.0960319,0.22180247,1.1100099,0.22180475,       43P   1821
1.1247121,0.22180669,1.1401386,0.22180832,1.1562895,0.22180962,       43P   1822
1.1731646,0.22181059,1.1907641,0.22181124,1.2090879,0.22181157,       43P   1823
1.2436125,0.22181157,1.2915325,0.22181156,1.3373711,0.22181156,       43P   1824
1.3811284,0.22181156,1.4228044,0.22181156,1.4623992,0.22181156,       43P   1825
1.4999126,0.22181156,1.5353447,0.22181155,1.5686955,0.22181155,       43P   1826
1.6003773,0.22181154,1.6303899,0.22181154,1.6587335,0.22181154,       43P   1827
1.685408,0.22181154,1.7104134,0.22181154,1.7337498,0.22181154,        43P   1828
1.755417,0.22181153,1.7787483,0.22181153,1.8037706,0.22181153,        43P   1829
1.8271509,0.22181153,1.8488893,0.22181153,1.8689857,0.22181153,       43P   1830
1.8874402,0.22181153,1.912659,0.22181153,1.9434662,0.22180941,        43P   1831
1.9714555,0.22180515,2.0185086,0.22181002,2.0854928,0.22171586,       43P   1832
2.1233002,0.22154377,2.1329799,0.22151996,2.1416237,0.22149718,       43P   1833
2.1492779,0.22147182,2.1558858,0.22145685,2.1614977,0.22143872,       43P   1834
2.1684527,0.22140443,2.1792042,0.22134182,2.1913897,0.22127082,       43P   1835
2.2084377,0.22117274,2.2315399,0.22100782,2.2572508,0.22081903,       43P   1836
2.2803491,0.22063989,2.3111604,0.22038345,2.3441267,0.22002761,       43P   1837
2.3675578,0.2197659,2.3883528,0.21952101,2.4035836,0.21934063,        43P   1838
2.4173989,0.21917773,2.4298571,0.21901527,2.4440169,0.21881832,       43P   1839
2.4599208,0.21859289,2.4740247,0.21838525,2.4837228,0.21825858,       43P   1840
2.4925074,0.21813883,2.5004097,0.21802457,2.5074082,0.21793164,       43P   1841
2.5181015,0.2177728,2.5357631,0.2174936,2.5558401,0.21717318,         43P   1842
2.5784381,0.21681673,2.6036287,0.21644333,2.6263776,0.21610616,       43P   1843
2.6569129,0.21565589,2.6892608,0.2151273,2.7125541,0.21474877,        43P   1844
2.7334317,0.21440649,2.7488161,0.21415784,2.7629386,0.21394074,       43P   1845
2.7756902,0.21372615,2.7903267,0.21348566,2.8068453,0.21320676,       43P   1846
2.8215862,0.21296141,2.831797,0.21280266,2.8410791,0.21265974,        43P   1847
2.8494166,0.2125251,2.8568923,0.21241352,2.8642277,0.21229641,        43P   1848
2.8736939,0.21213241,2.8846076,0.21195462,2.8968701,0.21174849,       43P   1849
2.9129291,0.21149812,2.9329763,0.21116802,2.9548494,0.21080752,       43P   1850
2.9756428,0.21046913,2.9921887,0.21018579,3.0007594,0.20988296,       43P   1851
3.0021789,0.20955978,3.0029899,0.20933425,3.0034258,0.20921302,       43P   1852
3.0039372,0.20907081,3.0045241,0.20890761,3.0051864,0.20872342,       43P   1853
3.0059242,0.20851825,3.0067375,0.20829208,3.0076262,0.20804493,       43P   1854
3.0085905,0.20777679,3.0096301,0.20748767,3.0107453,0.20717755,       43P   1855
3.0119359,0.20684645,3.013202,0.20649436,3.0145436,0.20612129,        43P   1856
3.0161539,0.20567349,3.0180891,0.20514292,3.0201559,0.20458332,       43P   1857
3.0223544,0.2039947,3.0246846,0.20337704,3.0271465,0.20273035,        43P   1858
3.02974,0.20205463,3.0324652,0.20134987,3.035322,0.20061609,          43P   1859
3.0383105,0.19985328,3.0414307,0.19906144,3.0609419,0.19413619,       43P   1860
3.0967416,0.18554782,3.1326006,0.17793736,3.1684934,0.17095293,       43P   1861
3.2044137,0.16450745,3.2403811,0.15913137,3.2763651,0.15419659,       43P   1862
3.3123772,0.15008935,3.3484106,0.14676681,3.3844548,0.14388508,       43P   1863
3.4205184,0.14212349,3.4565868,0.14085639,3.4926604,0.14026911,       43P   1864
3.5287347,0.14061743,3.5648071,0.14140669,3.6008705,0.14316827,       43P   1865
3.6369234,0.14557251,3.6729664,0.14850761,3.7089813,0.15252532,       43P   1866
3.744982,0.15698391,3.7809532,0.16226145,3.8168906,0.16833026,        43P   1867
3.8528078,0.17484056,3.888667,0.18245104,3.9244959,0.19056684,        43P   1868
3.9446266,0.19550109,3.9489132,0.19656068,3.9530131,0.19758336,       43P   1869
3.9569261,0.19856912,3.9606524,0.19951798,3.9641918,0.20042992,       43P   1870
3.9675445,0.20130495,3.9707103,0.20214307,3.9731164,0.2027902,        43P   1871
3.9748587,0.20325926,3.9765101,0.20370431,3.9780706,0.20412537,       43P   1872
3.9795401,0.20452243,3.9809187,0.20489549,3.9822064,0.20524456,       43P   1873
3.9834031,0.20556962,3.9845089,0.20587069,3.9855238,0.20614776,       43P   1874
3.9864477,0.20640084,3.9872808,0.20662992,3.9880229,0.20683499,       43P   1875
3.9891949,0.20716094,3.9907607,0.20759636,3.9921992,0.2079964,        43P   1876
3.9935105,0.20836104,3.9946945,0.2086903,3.9965438,0.20920457,        43P   1877
3.9990046,0.20980358,4.0086271,0.21019776,4.0250568,0.21049541,       43P   1878
4.0431482,0.21080264,4.0605229,0.21107354,4.074031,0.21128654,        43P   1879
4.0861255,0.21149143,4.0969336,0.21166515,4.1111345,0.21189916,       43P   1880
4.1327006,0.2122375,4.1567825,0.21262711,4.1834389,0.21305082,        43P   1881
4.2039392,0.21337356,4.2144506,0.2135545,4.2238701,0.21371078,        43P   1882
4.2321463,0.21385887,4.2393241,0.21398239,4.2474646,0.21411089,       43P   1883
4.2588549,0.21429538,4.2714907,0.21449182,4.2887838,0.21477785,       43P   1884
4.3120549,0.21514029,4.3378145,0.21554759,4.3608958,0.21591671,       43P   1885
4.3916025,0.21640276,4.424091,0.21685939,4.4471774,0.2172093,         43P   1886
4.4676602,0.21753029,4.4826703,0.21776885,4.4963058,0.21797911,       43P   1887
4.5086082,0.21816439,4.5226046,0.21835332,4.5383394,0.21857059,       43P   1888
4.5523148,0.21875407,4.5619019,0.21889404,4.5705996,0.21901403,       43P   1889
4.5784281,0.21912276,4.585369,0.21922045,4.5934455,0.21932107,        43P   1890
4.6048482,0.21945349,4.617558,0.2196002,4.6351145,0.21980605,         43P   1891
4.6589708,0.22005146,4.6857161,0.22032083,4.7099747,0.22055654,       43P   1892
4.742697,0.22084906,4.7778664,0.22107404,4.8032703,0.22122494,        43P   1893
4.8260918,0.22134168,4.8429788,0.22143661,4.8584463,0.22151239,       43P   1894
4.8724516,0.22156274,4.8885638,0.22161024,4.9067696,0.22164973,       43P   1895
4.9323033,0.22171472,4.9645834,0.2217583,4.9832011,0.22175938,        43P   1896
4.9870756,0.22176218,4.9915649,0.22176408,4.9966689,0.22176506,       43P   1897
5.0028246,0.2217674,5.0102837,0.2217726,5.0184672,0.22177747,         43P   1898
5.0273749,0.22178201,5.037007,0.22178624,5.0473634,0.22179013,        43P   1899
5.058444,0.2217937,5.070249,0.22179695,5.0827783,0.22179987,          43P   1900
5.0960319,0.22180247,5.1100099,0.22180475,5.1247121,0.22180669,       43P   1901
5.1401386,0.22180832,5.1562895,0.22180962,5.1731646,0.22181059,       43P   1902
5.1907641,0.22181124,5.2090879,0.22181157,5.2436125,0.22181157,       43P   1903
5.2915325,0.22181156,5.3373711,0.22181156,5.3811284,0.22181156,       43P   1904
5.4228044,0.22181156,5.4623992,0.22181156,5.4999126,0.22181156,       43P   1905
5.5353447,0.22181155,5.5686955,0.22181155,5.6003773,0.22181154,       43P   1906
5.6303899,0.22181154,5.6587335,0.22181154,5.685408,0.22181154,        43P   1907
5.7104134,0.22181154,5.7337498,0.22181154,5.755417,0.22181153,        43P   1908
5.7787483,0.22181153,5.8037706,0.22181153,5.8271509,0.22181153,       43P   1909
5.8488893,0.22181153,5.8689857,0.22181153,5.8874402,0.22181153,       43P   1910
5.912659,0.22181153,5.9434662,0.22180941,5.9714555,0.22180515,        43P   1911
6.0185086,0.22181002,6.0854928,0.22171586,6.1233002,0.22154377,       43P   1912
6.1329799,0.22151996,6.1416237,0.22149718,6.1492779,0.22147182,       43P   1913
6.1558858,0.22145685,6.1614977,0.22143872,6.1684527,0.22140443,       43P   1914
6.1792042,0.22134182,6.1913897,0.22127082,6.2084377,0.22117274,       43P   1915
6.2315399,0.22100782,6.2572508,0.22081903,6.2803491,0.22063989,       43P   1916
6.3111604,0.22038345,6.3441267,0.22002761,6.3675578,0.2197659,        43P   1917
6.3883528,0.21952101,6.4035836,0.21934063,6.4173989,0.21917773,       43P   1918
6.4298571,0.21901527,6.4440169,0.21881832,6.4599208,0.21859289,       43P   1919
6.4740247,0.21838525,6.4837228,0.21825858,6.4925074,0.21813883,       43P   1920
6.5004097,0.21802457,6.5074082,0.21793164,6.5181015,0.2177728,        43P   1921
6.5357631,0.2174936,6.5558401,0.21717318,6.5784381,0.21681673,        43P   1922
6.6036287,0.21644333,6.6263776,0.21610616,6.6569129,0.21565589,       43P   1923
6.6892608,0.2151273,6.7125541,0.21474877,6.7334317,0.21440649,        43P   1924
6.7488161,0.21415784,6.7629386,0.21394074,6.7756902,0.21372615,       43P   1925
6.7903267,0.21348566,6.8068453,0.21320676,6.8215862,0.21296141,       43P   1926
6.831797,0.21280266,6.8410791,0.21265974,6.8494166,0.2125251,         43P   1927
6.8568923,0.21241352,6.8642277,0.21229641,6.8736939,0.21213241,       43P   1928
6.8846076,0.21195462,6.8968701,0.21174849,6.9129291,0.21149812,       43P   1929
6.9329763,0.21116802,6.9548494,0.21080752,6.9756428,0.21046913,       43P   1930
6.9921887,0.21018579,7.0007594,0.20988296,7.0021789,0.20955978,       43P   1931
7.0029899,0.20933425,7.0034258,0.20921302,7.0039372,0.20907081,       43P   1932
7.0045241,0.20890761,7.0051864,0.20872342,7.0059242,0.20851825,       43P   1933
7.0067375,0.20829208,7.0076262,0.20804493,7.0085905,0.20777679,       43P   1934
7.0096301,0.20748767,7.0107453,0.20717755,7.0119359,0.20684645,       43P   1935
7.013202,0.20649436,7.0145436,0.20612129,7.0161539,0.20567349,        43P   1936
7.0180891,0.20514292,7.0201559,0.20458332,7.0223544,0.2039947,        43P   1937
7.0246846,0.20337704,7.0271465,0.20273035,7.02974,0.20205463,         43P   1938
7.0324652,0.20134987,7.035322,0.20061609,7.0383105,0.19985328,        43P   1939
7.0414307,0.19906144,7.0609419,0.19413619,7.0967416,0.18554782,       43P   1940
7.1326006,0.17793736,7.1684934,0.17095293,7.2044137,0.16450745,       43P   1941
7.2403811,0.15913137,7.2763651,0.15419659,7.3123772,0.15008935,       43P   1942
7.3484106,0.14676681,7.3844548,0.14388508,7.4205184,0.14212349,       43P   1943
7.4565868,0.14085639,7.4926604,0.14026911,7.5287347,0.14061743,       43P   1944
7.5648071,0.14140669,7.6008705,0.14316827,7.6369234,0.14557251,       43P   1945
7.6729664,0.14850761,7.7089813,0.15252532,7.744982,0.15698391,        43P   1946
7.7809532,0.16226145,7.8168906,0.16833026,7.8528078,0.17484056,       43P   1947
7.888667,0.18245104,7.9244959,0.19056684,7.9602837,0.19933885,        43P   1948
7.9788891,0.20439935,7.9803232,0.20478937,7.9817031,0.20516456,       43P   1949
7.9830286,0.20552492,7.9842999,0.20587046,7.9855169,0.20620118,       43P   1950
7.9866796,0.20651707,7.987788,0.20681813,7.9888421,0.20710437,        43P   1951
7.9898419,0.20737579,7.9907875,0.20763238,7.9916787,0.20787415,       43P   1952
7.9925157,0.20810109,7.9932984,0.2083132,7.9940268,0.20851049,        43P   1953
7.9947009,0.20869296,7.9953207,0.2088606,7.9958862,0.20901342,        43P   1954
7.9963975,0.20915141,7.9968544,0.20927457,7.9972571,0.20938292,       43P   1955
7.9976054,0.20947643,7.9978995,0.20955512,7.9981393,0.20961899,       43P   1956
7.9982321,0.20964351,7.9986773,0.20976121,8,0.21009868,8,             43P   1957
0.76331432,0,0;                                                       43P   1958
106,2,837,1.75,2.562456,-2.0991144,1.7650897,2.5612123,               45P   1959
-2.0944728,1.7951687,2.559766,-2.0890752,1.8553267,2.5568734,         45P   1960
-2.0782799,1.9779507,2.5510798,-2.056658,2.1005746,2.5452863,         45P   1961
-2.0350361,2.2231986,2.5394927,-2.0134142,2.3458225,2.5336991,        45P   1962
-1.9917923,2.4684465,2.5279056,-1.9701703,2.5910704,2.522112,         45P   1963
-1.9485484,2.7136943,2.5163184,-1.9269265,2.7903343,2.5126974,        45P   1964
-1.9134128,2.8161585,2.5114773,-1.9088593,2.8371508,2.5104855,        45P   1965
-1.9051578,2.8533114,2.509722,-1.9023083,2.8703044,2.5089191,         45P   1966
-1.8993119,2.8886117,2.5080241,-1.8959716,2.9095474,2.5069447,        45P   1967
-1.8919433,2.9268528,2.5054809,-1.8864804,2.94284,2.5034289,          45P   1968
-1.8788222,2.9525248,2.5017233,-1.8724569,2.9639775,2.4992632,        45P   1969
-1.8632757,2.9765274,2.4957785,-1.8502705,2.9850266,2.4926738,        45P   1970
-1.8386836,2.9947898,2.48795,-1.8210542,3.0024722,2.4814772,          45P   1971
-1.7968974,3.0058403,2.4766144,-1.778749,3.0075511,2.4740826,         45P   1972
-1.7693004,3.0098501,2.4706401,-1.7564528,3.0127372,2.4662868,        45P   1973
-1.7402062,3.0162125,2.4610228,-1.7205604,3.0284027,2.4424983,        45P   1974
-1.6514261,3.0493316,2.4106944,-1.5327324,3.0702605,2.3788905,        45P   1975
-1.4140387,3.0911895,2.3470866,-1.295345,3.10427,2.3272092,           45P   1976
-1.2211614,3.1088135,2.3203048,-1.1953939,3.1126683,2.314447,         45P   1977
-1.1735323,3.1158344,2.3096358,-1.1555767,3.1195504,2.3039889,        45P   1978
-1.1345021,3.1241442,2.2975276,-1.1103882,3.1304937,2.2894376,        45P   1979
-1.0801959,3.1399344,2.2812401,-1.0496023,3.1459712,2.276675,         45P   1980
-1.0325653,3.1546408,2.2711775,-1.0120481,3.1710237,2.2627544,        45P   1981
-0.98061287,3.1951315,2.2530906,-0.94454714,3.2114155,2.2477241,      45P   1982
-0.92451879,3.2258276,2.2436429,-0.90928775,3.25278,2.2367661,        45P   1983
-0.88362298,3.2864497,2.2299801,-0.85829723,3.3269696,2.2237266,      45P   1984
-0.83495903,3.3583241,2.219915,-0.82073408,3.4018334,2.2162297,       45P   1985
-0.8069803,3.4580464,2.2136654,-0.79741021,3.5038082,2.2130368,       45P   1986
-0.79506427,3.5329724,2.2127006,-0.79380954,3.5684198,2.2123425,      45P   1987
-0.79247306,3.6518813,2.2115825,-0.78963657,3.7770572,2.2104426,      45P   1988
-0.78538239,3.9022324,2.2093027,-0.78112823,4.0274122,2.2081627,      45P   1989
-0.77687392,4.152612,2.2070226,-0.77261893,4.2778855,2.2069725,       45P   1990
-0.77243179,4.4031461,2.2069725,-0.77243179,4.5283967,2.2069725,      45P   1991
-0.77243179,4.6536516,2.2069725,-0.77243179,4.7789174,2.2069725,      45P   1992
-0.77243179,4.9041625,2.2075396,-0.77454844,5.0293512,2.2086796,      45P   1993
-0.77880306,5.1545283,2.2098196,-0.78305728,5.279702,2.2109594,       45P   1994
-0.78731138,5.3735889,2.2118144,-0.79050219,5.4261674,2.2122932,      45P   1995
-0.7922891,5.4616389,2.2126162,-0.79349462,5.4855215,2.2128539,       45P   1996
-0.79438148,5.5049096,2.2130707,-0.79519078,5.5346963,2.2134629,      45P   1997
-0.79665427,5.5690356,2.2147763,-0.80155608,5.5882639,2.2157184,      45P   1998
-0.80507201,5.6116097,2.2172312,-0.81071799,5.6508588,2.2209693,      45P   1999
-0.82466855,5.6741992,2.223872,-0.83550157,5.6925632,2.226617,        45P   2000
-0.84574604,5.7243148,2.2319493,-0.86564643,5.7572213,2.2390354,      45P   2001
-0.89209237,5.7896511,2.2479751,-0.92545584,5.8108847,2.2551131,      45P   2002
-0.95209491,5.8354789,2.2656281,-0.99133756,5.8586456,2.2798385,      45P   2003
-1.0443714,5.8705105,2.2918796,-1.0893097,5.8767908,2.2994271,        45P   2004
-1.1174773,5.8834192,2.3085015,-1.1513434,5.8973718,2.3297041,        45P   2005
-1.2304725,5.9183007,2.361508,-1.3491662,5.9392296,2.3933119,         45P   2006
-1.46786,5.9601585,2.4251158,-1.5865537,5.9741111,2.4463184,          45P   2007
-1.6656828,5.9799587,2.4552045,-1.6988464,5.9846777,2.4623755,        45P   2008
-1.7256089,5.988268,2.4678314,-1.7459705,5.9911296,2.4721799,         45P   2009
-1.7621995,5.9932625,2.4754211,-1.7742958,5.996071,2.4796889,         45P   2010
-1.7902233,6.0021128,2.485735,-1.8127877,6.0080848,2.489455,          45P   2011
-1.8266709,6.017385,2.4936244,-1.8422314,6.0262007,2.4966078,         45P   2012
-1.8533657,6.041548,2.5005681,-1.8681455,6.0565911,2.5033509,         45P   2013
-1.878531,6.0750281,2.5056656,-1.8871699,6.0876549,2.5066424,         45P   2014
-1.890815,6.0940672,2.5070364,-1.8922854,6.103284,2.5075453,          45P   2015
-1.8941848,6.1153054,2.5081691,-1.896513,6.1301314,2.5089079,         45P   2016
-1.8992702,6.147762,2.5097616,-1.9024563,6.2192851,2.5131519,         45P   2017
-1.915109,6.3419091,2.5189455,-1.9367309,6.464533,2.5247391,          45P   2018
-1.9583528,6.5871569,2.5305326,-1.9799747,6.7097809,2.5363262,        45P   2019
-2.0015966,6.8324048,2.5421198,-2.0232185,6.9550288,2.5479133,        45P   2020
-2.0448405,7.0776527,2.5537069,-2.0664624,7.1696207,2.5580521,        45P   2021
-2.0826788,7.2205721,2.5605052,-2.0918338,7.2813931,2.5629652,        45P   2022
-2.103276,7.3390901,2.5617743,-2.1147604,7.3714258,2.5593566,         45P   2023
-2.1213519,7.4107547,2.5546712,-2.1294022,7.4753982,2.5426577,        45P   2024
-2.1425018,7.5264503,2.5292552,-2.152794,7.5888175,2.5079025,         45P   2025
-2.1652941,7.6373548,2.4872493,-2.1750939,7.6959046,2.4571235,        45P   2026
-2.1868893,7.7410145,2.4295743,-2.1959429,7.794659,2.3911691,         45P   2027
-2.2066851,7.835327,2.3573152,-2.2148553,7.8828812,2.3114462,         45P   2028
-2.2244003,7.9182409,2.2719465,-2.2314804,7.9586184,2.2195792,        45P   2029
-2.2395482,7.987895,2.1752415,-2.245414,8.0202936,2.1173296,          45P   2030
-2.2519012,8.0427766,2.0691324,-2.2563959,8.0663156,2.0071459,        45P   2031
-2.2610978,8.0815313,1.9560285,-2.2641417,8.0957504,1.8910813,        45P   2032
-2.2669845,8.1032698,1.8384175,-2.2684845,8.107051,1.789887,          45P   2033
-2.2690074,8.1080554,1.7527355,-2.2693099,8.1080828,1.7108366,        45P   2034
-2.2693958,8.1080966,1.6587144,-2.2694473,8.1080966,1.5652266,        45P   2035
-2.2694473,8.1080966,1.4405763,-2.2694473,8.1080966,1.3470885,        45P   2036
-2.2694473,8.1080869,1.2948689,-2.2694111,8.107895,1.2317998,         45P   2037
-2.2694155,8.1043921,1.1733988,-2.2684116,8.1006924,1.1408346,        45P   2038
-2.2678484,8.0943819,1.1013675,-2.2667118,8.0795179,1.036444,         45P   2039
-2.2637369,8.0638472,0.98557267,-2.2606049,8.0397271,0.9238215,       45P   2040
-2.2557867,8.0167825,0.87582585,-2.2511981,7.9838226,0.81820096,      45P   2041
-2.2445956,7.9541726,0.77420185,-2.238666,7.9132916,0.72220392,       45P   2042
-2.2304909,7.8775642,0.68304319,-2.2233335,7.8295682,0.63761948,      45P   2043
-2.213682,7.7886022,0.60415832,-2.2054708,7.7346017,0.56625842,       45P   2044
-2.1946627,7.6892496,0.53914464,-2.1855519,7.6304434,0.50958994,      45P   2045
-2.1736684,7.5816684,0.48935618,-2.1638766,7.5191259,0.46860323,      45P   2046
-2.1513182,7.4679924,0.45569481,-2.1409864,7.4031224,0.44425096,      45P   2047
-2.1279015,7.3505701,0.43888216,-2.1173002,7.2868049,0.43697809,      45P   2048
-2.1043338,7.2261973,0.4392239,-2.0928449,7.1753292,0.44167819,       45P   2049
-2.0836854,7.0833613,0.44602337,-2.0674689,6.9607373,0.45181694,      45P   2050
-2.045847,6.8381134,0.45761051,-2.0242251,6.7154895,0.46340409,       45P   2051
-2.0026032,6.5928655,0.46919766,-1.9809813,6.4702416,0.47499123,      45P   2052
-1.9593594,6.3476176,0.48078481,-1.9377375,6.2556497,0.48512999,      45P   2053
-1.921521,6.2045461,0.48754446,-1.9125101,6.1704669,0.48915459,       45P   2054
-1.906501,6.1473573,0.49024644,-1.9024262,6.1284013,0.49114205,       45P   2055
-1.8990837,6.1135992,0.4918414,-1.8964737,6.1018198,0.49243525,       45P   2056
-1.8942574,6.0930634,0.49292359,-1.8924349,6.0815962,0.49368926,      45P   2057
-1.8895774,6.0657728,0.4953901,-1.8832298,6.051444,0.49755371,        45P   2058
-1.8751551,6.0391354,0.50000163,-1.8660193,6.0242572,0.5039831,       45P   2059
-1.8511603,6.0138406,0.50777298,-1.8370162,6.0047533,0.51233478,      45P   2060
-1.8199914,6.0015189,0.51469906,-1.8111678,5.9996248,0.51657242,      45P   2061
-1.8041763,5.997454,0.519137,-1.7946052,5.9943943,0.52320675,         45P   2062
-1.7794167,5.9899343,0.52963638,-1.7554209,5.9855607,0.5362827,       45P   2063
-1.7306165,5.9809026,0.54336117,-1.7041993,5.9750854,0.55220105,      45P   2064
-1.6712084,5.9611328,0.57340364,-1.5920793,5.9402039,0.60520753,      45P   2065
-1.4733856,5.919275,0.63701141,-1.3546919,5.9035783,0.66086433,       45P   2066
-1.2656716,5.8948562,0.67411859,-1.216206,5.8878764,0.68472519,       45P   2067
-1.1766216,5.8816276,0.69404877,-1.1418255,5.8761099,0.70208934,      45P   2068
-1.1118177,5.8706057,0.70890532,-1.0863801,5.8623699,0.71729241,      45P   2069
-1.0550791,5.8501974,0.72561123,-1.0240328,5.8427206,0.73022541,      45P   2070
-1.0068125,5.8358822,0.73390789,-0.99306927,5.8258281,0.7384505,      45P   2071
-0.97611603,5.8059236,0.74655459,-0.94587113,5.779231,                45P   2072
0.75510914,-0.91394513,5.7453586,0.76362544,-0.88216185,              45P   2073
5.7249674,0.76785285,-0.86638497,5.7074257,0.77094763,                45P   2074
-0.85483508,5.6751917,0.77600458,-0.83596229,5.636457,                45P   2075
0.78055083,-0.81899544,5.5915375,0.78415099,-0.80555948,              45P   2076
5.5596618,0.78554045,-0.80037392,5.5419851,0.78604938,                45P   2077
-0.79847459,5.519382,0.78651145,-0.79675013,5.4918525,                45P   2078
0.78692665,-0.79520057,5.4107126,0.78784751,-0.79176386,              45P   2079
5.2855293,0.78898749,-0.78750943,5.1603557,0.79012737,                45P   2080
-0.78325532,5.0351787,0.79126728,-0.77900111,4.909991,                45P   2081
0.79240729,-0.77474653,4.7847494,0.79302753,-0.77243179,              45P   2082
4.6594829,0.79302753,-0.77243179,4.5342275,0.79302753,                45P   2083
-0.77243179,4.4089772,0.79302753,-0.77243179,4.283717,                45P   2084
0.79302753,-0.77243179,4.1584412,0.79302752,-0.77243182,              45P   2085
4.0332402,0.79189033,-0.77667585,3.9080598,0.79075039,                45P   2086
-0.78093018,3.7828844,0.78961049,-0.78518434,3.6890028,               45P   2087
0.78875556,-0.78837497,3.6368337,0.78828049,-0.79014797,              45P   2088
3.5950831,0.78790029,-0.79156689,3.558813,0.78757,-0.79279955,        45P   2089
3.5280236,0.78728962,-0.79384595,3.5018743,0.78702641,                45P   2090
-0.79482827,3.4696108,0.78665734,-0.79620563,3.4369104,               45P   2091
0.78553338,-0.80040032,3.4186592,0.78473657,-0.80337408,              45P   2092
3.4039571,0.78389225,-0.80652512,3.3851163,0.78240706,                45P   2093
-0.8120679,3.350647,0.77921799,-0.82396966,3.3129308,0.77436443,      45P   2094
-0.84208341,3.2738336,0.76766136,-0.86709963,3.2536789,               45P   2095
0.76342301,-0.88291735,3.2381699,0.75963565,-0.89705198,              45P   2096
3.2117978,0.7525119,-0.92363815,3.1858168,0.74359453,                 45P   2097
-0.95691823,3.1618871,0.73289252,-0.9968587,3.1508662,                45P   2098
0.72670255,-1.01996,3.1427149,0.72076902,-1.0421042,3.1337594,        45P   2099
0.71302861,-1.0709918,3.1252344,0.70341826,-1.1068581,3.1171399,      45P   2100
0.69193797,-1.1497032,3.1078604,0.67824685,-1.2007991,3.0921638,      45P   2101
0.65439394,-1.2898194,3.0712349,0.62259005,-1.4085131,3.050306,       45P   2102
0.59078617,-1.5272068,3.0346093,0.56693325,-1.6162271,3.0259173,      45P   2103
0.55372477,-1.6655218,3.020151,0.54496224,-1.698224,3.0162687,        45P   2104
0.53906268,-1.7202415,3.0131172,0.53427357,-1.7381147,3.0100912,      45P   2105
0.52967524,-1.7552759,3.0072282,0.52532454,-1.7715129,3.0040859,      45P   2106
0.52054941,-1.7893339,2.9985894,0.51477824,-1.8108723,2.9935041,      45P   2107
0.51137705,-1.8235657,2.9831992,0.50660576,-1.8413724,2.9722147,      45P   2108
0.50291046,-1.8551634,2.9578936,0.49930001,-1.8686378,2.9459348,      45P   2109
0.49707628,-1.8769369,2.9299207,0.49482048,-1.8853556,2.909927,       45P   2110
0.49307946,-1.8918532,2.8922239,0.49214815,-1.8953289,2.8752489,      45P   2111
0.49131451,-1.8984401,2.8586379,0.49052969,-1.9013691,2.8426684,      45P   2112
0.48977519,-1.9041849,2.8218034,0.48878939,-1.907864,2.7960429,       45P   2113
0.48757229,-1.9124063,2.7194029,0.48395131,-1.9259199,2.596779,       45P   2114
0.47815773,-1.9475419,2.474155,0.47236416,-1.9691638,2.3515311,       45P   2115
0.46657059,-1.9907857,2.2289072,0.46077701,-2.0124076,2.1062832,      45P   2116
0.45498344,-2.0340295,1.9836593,0.44918987,-2.0556514,1.8916913,      45P   2117
0.44484469,-2.0718678,1.8405873,0.44243019,-2.0808789,1.7792432,      45P   2118
0.43953189,-2.0916955,1.7203507,0.43705171,-2.1029688,1.6875806,      45P   2119
0.43715504,-2.1094972,1.6482121,0.43896735,-2.1175473,1.5827608,      45P   2120
0.44629775,-2.1306948,1.5309501,0.45592527,-2.141204,1.4672866,       45P   2121
0.47263957,-2.1540411,1.4173052,0.4897457,-2.1640778,1.3567509,       45P   2122
0.51551181,-2.176298,1.3097919,0.5396769,-2.1857452,1.2535263,        45P   2123
0.57404417,-2.1970244,1.2105256,0.60482675,-2.2056423,1.1597905,      45P   2124
0.64705782,-2.2158442,1.1216668,0.68383367,-2.2234881,1.0775749,      45P   2125
0.7330889,-2.2323133,1.0451873,0.77508971,-2.2387929,1.0086682,       45P   2126
0.83040204,-2.2461059,0.98270926,0.87680672,-2.2513,0.95467326,       45P   2127
0.9369051,-2.2569042,0.93579725,0.98660785,-2.2606756,                45P   2128
0.91681139,1.0503971,-2.2644741,0.90541606,1.1024573,-2.2667522,      45P   2129
0.89603761,1.1681526,-2.2686231,0.89227236,1.2280468,-2.2691187,      45P   2130
0.89190578,1.2790404,-2.2694385,0.89190344,1.3724482,-2.2694473,      45P   2131
0.89190344,1.4970985,-2.2694473,0.89190344,1.6217489,-2.2694473,      45P   2132
0.89190344,1.7152366,-2.2694473,0.89213928,1.7663134,-2.2691459,      45P   2133
0.89549654,1.8263249,-2.2687338,0.90338819,1.8855624,-2.2668345,      45P   2134
0.90956127,1.9182101,-2.2657531,0.918752,1.9571053,-2.2640848,        45P   2135
0.93830477,2.0205988,-2.2601768,0.95765805,2.070148,-2.2563092,       45P   2136
0.98629051,2.1300361,-2.2505811,1.0126887,2.1761898,-2.2452962,       45P   2137
1.0496831,2.2310928,-2.2378997,1.0824675,2.2727908,-2.2313391,        45P   2138
1.1270367,2.3216407,-2.2224056,1.1654944,2.3580437,-2.2146884,        45P   2139
1.2166229,2.3998059,-2.204439,1.2599058,2.4301778,-2.1957599,         45P   2140
1.3164775,2.4639986,-2.184391,1.3636356,2.4877073,-2.1748906,         45P   2141
1.4244973,2.5129485,-2.1626608,1.4746095,2.52957,-2.1525816,          45P   2142
1.5383587,2.545656,-2.1396699,1.5903425,2.554831,-2.1291879,          45P   2143
1.6559315,2.5615396,-2.1159734,1.75,2.562456,-2.0991144,1.75,         45P   2144
2.1548134,-0.57777137,1.7450912,2.1548661,-0.57807904,1.7377735,      45P   2145
2.1548717,-0.57867799,1.7296562,2.1547138,-0.57930676,1.7195984,      45P   2146
2.1542771,-0.58003012,1.7094185,2.1535909,-0.58080417,1.7001667,      45P   2147
2.1527455,-0.58151625,1.6918428,2.1517949,-0.58213266,1.6807921,      45P   2148
2.1502663,-0.58296639,1.6642865,2.147381,-0.58414058,1.6460712,       45P   2149
2.1433772,-0.58546333,1.6298518,2.1390724,-0.58668334,1.6085202,      45P   2150
2.1323019,-0.58832453,1.5857132,2.1235374,-0.58992181,1.5693999,      45P   2151
2.1162788,-0.5910928,1.5548887,2.1090799,-0.59214457,1.5443584,       45P   2152
2.1034087,-0.59296338,1.5348151,2.0979109,-0.59369509,1.5177944,      45P   2153
2.0872227,-0.59502655,1.4995255,2.0743189,-0.59630967,1.4869732,      45P   2154
2.064566,-0.59728678,1.4761666,2.0555264,-0.59817959,1.4684474,       45P   2155
2.0486721,-0.59884245,1.4615964,2.0422828,-0.59942873,1.4555547,      45P   2156
2.0363925,-0.59994124,1.4488541,2.0295445,-0.600465,1.4415246,        45P   2157
2.0216781,-0.6010648,1.4352051,2.0145405,-0.6015707,1.4309619,        45P   2158
2.0095714,-0.60195682,1.4271887,2.0050067,-0.6022877,1.4238523,       45P   2159
2.0008571,-0.60258724,1.4209421,1.9971474,-0.60285623,1.4176223,      45P   2160
1.9927901,-0.60313294,1.4130451,1.9865664,-0.6034971,1.4080894,       45P   2161
1.9795397,-0.60390056,1.401499,1.9696892,-0.60446665,1.3930526,       45P   2162
1.9560432,-0.60514152,1.3842682,1.9404447,-0.60588229,1.376939,       45P   2163
1.9260618,-0.60653048,1.3680346,1.906373,-0.60733491,1.3597677,       45P   2164
1.8849285,-0.60795362,1.3546034,1.8693329,-0.60836859,1.3505439,      45P   2165
1.8552839,-0.60868961,1.3478753,1.8448864,-0.60895068,1.3456908,      45P   2166
1.8353692,-0.60915907,1.3439312,1.8267634,-0.60929753,1.3421526,      45P   2167
1.816887,-0.60942816,1.3404549,1.8057696,-0.60953675,1.3385944,       45P   2168
1.7902798,-0.60971549,1.3371243,1.7709097,-0.60983532,1.3367121,      45P   2169
1.7598686,-0.6098383,1.3366618,1.7575843,-0.60984601,1.3366204,       45P   2170
1.7549436,-0.60985121,1.3365947,1.7519494,-0.6098539,1.3365884,       45P   2171
1.7485877,-0.60986035,1.3365846,1.7448581,-0.60987464,1.336581,       45P   2172
1.7407664,-0.60988804,1.3365776,1.7363125,-0.60990054,1.3365745,      45P   2173
1.7314965,-0.60991215,1.3365717,1.7263183,-0.60992286,1.336569,       45P   2174
1.720778,-0.60993269,1.3365666,1.7148755,-0.60994162,1.3365645,       45P   2175
1.7086108,-0.60994966,1.3365626,1.701984,-0.6099568,1.3365609,        45P   2176
1.6949951,-0.60996305,1.3365595,1.687644,-0.60996841,1.3365583,       45P   2177
1.6799307,-0.60997287,1.3365573,1.6718553,-0.60997645,1.3365566,      45P   2178
1.6634177,-0.60997913,1.3365561,1.654618,-0.60998091,1.3365559,       45P   2179
1.6454561,-0.6099818,1.3365559,1.6281937,-0.6099818,1.3365559,        45P   2180
1.6042338,-0.6099818,1.3365559,1.5813145,-0.6099818,1.3365559,        45P   2181
1.5594358,-0.6099818,1.3365559,1.5385978,-0.60998179,1.3365559,       45P   2182
1.5188004,-0.60998178,1.3365559,1.5000437,-0.60998178,1.3365559,      45P   2183
1.4823276,-0.60998177,1.3365559,1.4656522,-0.60998176,1.3365559,      45P   2184
1.4498114,-0.60998175,1.3365559,1.434805,-0.60998174,1.3365559,       45P   2185
1.4206332,-0.60998173,1.3365559,1.407296,-0.60998173,1.3365559,       45P   2186
1.3947933,-0.60998172,1.3365559,1.3831251,-0.60998172,1.3365559,      45P   2187
1.3722915,-0.60998172,1.3365559,1.3606259,-0.60998172,1.3365559,      45P   2188
1.3481147,-0.60998172,1.3365559,1.3364246,-0.60998172,1.3365559,      45P   2189
1.3255554,-0.60998172,1.3365559,1.3155071,-0.60998172,1.3365559,      45P   2190
1.3062799,-0.60998172,1.3365559,1.2936705,-0.60998172,1.3365575,      45P   2191
1.2782669,-0.60997587,1.3365606,1.2642723,-0.60996416,1.3367002,      45P   2192
1.239121,-0.60997757,1.3397928,1.1989337,-0.60971861,1.3434605,       45P   2193
1.1758478,-0.60924536,1.3446074,1.1699045,-0.60917989,1.3457109,      45P   2194
1.16459,-0.60911724,1.3467538,1.1598801,-0.6090475,1.3476963,         45P   2195
1.1558101,-0.60900635,1.3485351,1.1523531,-0.60895649,1.3496273,      45P   2196
1.1480696,-0.60886218,1.3514191,1.1414493,-0.60869,1.3535925,         45P   2197
1.1339489,-0.60849477,1.3568884,1.1234682,-0.60822502,1.3618568,      45P   2198
1.1093177,-0.60777151,1.368042,1.0936672,-0.60725234,1.3741923,       45P   2199
1.0797313,-0.60675971,1.3832694,1.0613849,-0.60605448,1.394112,       45P   2200
1.042167,-0.60507592,1.4024882,1.0288045,-0.60435623,1.4103815,       45P   2201
1.0171856,-0.60368277,1.4164269,1.0088304,-0.60318672,1.4220986,      45P   2202
1.0013724,-0.60273877,1.4273729,0.99475837,-0.602292,1.4335442,       45P   2203
0.9873732,-0.60175038,1.4406871,0.97924904,-0.60113046,               45P   2204
1.4472058,0.97220436,-0.60055945,1.4517747,0.96744071,                45P   2205
-0.6002111,1.4559815,0.96319226,-0.59988179,1.4598212,                45P   2206
0.95942696,-0.59956756,1.4632578,0.95613086,-0.59931201,              45P   2207
1.4685887,0.95118276,-0.5988752,1.4775841,0.94323495,                 45P   2208
-0.59810741,1.4880728,0.93453892,-0.59722624,1.5001873,               45P   2209
0.92519263,-0.59624601,1.5140364,0.91533302,-0.59521915,              45P   2210
1.5268339,0.90696314,-0.59429194,1.5443899,0.89654496,                45P   2211
-0.59305369,1.5634038,0.8865864,-0.59160008,1.5772972,                45P   2212
0.88008987,-0.59055913,1.5898635,0.87475314,-0.58961784,              45P   2213
1.5991763,0.8711113,-0.58893407,1.6077535,0.86797916,                 45P   2214
-0.58833704,1.6155224,0.86534318,-0.58774692,1.6244538,               45P   2215
0.86252244,-0.58708557,1.634546,0.85961082,-0.5863186,1.6435522,      45P   2216
0.85724684,-0.58564389,1.649785,0.85573112,-0.58520732,               45P   2217
1.6554459,0.85444363,-0.58481429,1.6605264,0.85336529,                45P   2218
-0.58444403,1.6650747,0.85245067,-0.58413719,1.6695329,               45P   2219
0.85161242,-0.58381514,1.6752776,0.85061802,-0.58336412,              45P   2220
1.6818827,0.84957149,-0.58287521,1.6892805,0.84853676,                45P   2221
-0.58230836,1.6989216,0.84738255,-0.58161982,1.7108764,               45P   2222
0.84628999,-0.58071204,1.7237989,0.84551203,-0.57972067,              45P   2223
1.7359502,0.84515738,-0.5787901,1.7455172,0.84514726,                 45P   2224
-0.57801091,1.7541766,0.84534558,-0.57717815,1.7619839,               45P   2225
0.84558372,-0.5762894,1.7664445,0.84574991,-0.57566918,               45P   2226
1.7688421,0.84583923,-0.57533581,1.7716547,0.84594402,                45P   2227
-0.57494473,1.7748825,0.84606428,-0.57449593,1.7785253,0.8462,        45P   2228
-0.57398941,1.7825832,0.84635119,-0.57342518,1.7870562,               45P   2229
0.84651784,-0.57280323,1.7919443,0.84669995,-0.57212356,              45P   2230
1.7972475,0.84689753,-0.57138618,1.8029658,0.84711058,                45P   2231
-0.57059109,1.8090992,0.84733909,-0.56973828,1.8156477,               45P   2232
0.84758306,-0.56882775,1.8226112,0.8478425,-0.5678595,1.8299898,      45P   2233
0.84811741,-0.56683354,1.8388463,0.84844738,-0.56560209,              45P   2234
1.8494898,0.84883833,-0.56414303,1.8608575,0.84925067,                45P   2235
-0.56260414,1.8729493,0.84968441,-0.56098541,1.8857653,               45P   2236
0.85013954,-0.55928685,1.8993055,0.85061606,-0.55750845,              45P   2237
1.9135698,0.85111397,-0.55565022,1.9285584,0.85163328,                45P   2238
-0.55371215,1.9442711,0.85217397,-0.55169425,1.960708,                45P   2239
0.85273606,-0.54959652,1.9778691,0.85331954,-0.54741895,              45P   2240
2.0851806,0.85694875,-0.53387452,2.2820786,0.86327718,                45P   2241
-0.51025651,2.4793035,0.86888503,-0.48932773,2.6767136,               45P   2242
0.87403158,-0.47012056,2.8742752,0.87878099,-0.4523955,               45P   2243
3.0720961,0.88274241,-0.43761127,3.2700079,0.88637866,                45P   2244
-0.42404063,3.4680743,0.88940512,-0.41274572,3.6662585,               45P   2245
0.89185337,-0.40360872,3.8645015,0.8939768,-0.39568398,4.062851,      45P   2246
0.89527484,-0.3908396,4.2612277,0.89620852,-0.38735509,               45P   2247
4.4596324,0.89664126,-0.38574006,4.6580406,0.8963846,                 45P   2248
-0.38669792,4.8564392,0.89580303,-0.38886839,5.0547875,               45P   2249
0.89450499,-0.39371274,5.2530789,0.8927334,-0.40032441,               45P   2250
5.4513154,0.89057064,-0.40839592,5.6493973,0.88761015,                45P   2251
-0.41944464,5.8474011,0.88432479,-0.43170575,6.0452424,               45P   2252
0.88043599,-0.44621897,6.2428983,0.87596412,-0.4629082,               45P   2253
6.4404431,0.87116694,-0.48081154,6.6376683,0.86555908,                45P   2254
-0.50174035,6.8347276,0.85957887,-0.5240588,6.9454461,                45P   2255
0.85594301,-0.537628,6.9690228,0.85516224,-0.54054187,6.991572,       45P   2256
0.85440867,-0.54335424,7.0130938,0.8536823,-0.54606509,               45P   2257
7.0335882,0.85298313,-0.54867444,7.0530551,0.85231115,                45P   2258
-0.55118229,7.0714946,0.85166638,-0.55358862,7.0889066,               45P   2259
0.8510488,-0.55589345,7.1021403,0.85057196,-0.55767306,               45P   2260
7.1117231,0.85022633,-0.55896295,7.1208057,0.84989838,                45P   2261
-0.56018685,7.1293882,0.84958812,-0.56134476,7.1374706,               45P   2262
0.84929555,-0.56243668,7.1450529,0.84902065,-0.5634626,7.152135,      45P   2263
0.84876344,-0.56442253,7.1587171,0.84852391,-0.56531646,              45P   2264
7.164799,0.84830206,-0.56614441,7.1703809,0.8480979,-0.56690635,      45P   2265
7.1754626,0.84791142,-0.56760231,7.1800442,0.84774262,                45P   2266
-0.56823227,7.1841257,0.84759151,-0.56879623,7.1905722,               45P   2267
0.84735133,-0.56969259,7.1991839,0.84703049,-0.57089,7.2070957,       45P   2268
0.84673572,-0.57199009,7.2143076,0.84646702,-0.57299287,              45P   2269
7.2208196,0.84622441,-0.57389832,7.2309907,0.84584546,                45P   2270
-0.57531256,7.244525,0.84540408,-0.57695984,7.2549522,                45P   2271
0.84514391,-0.57804383,7.2644567,0.84515233,-0.57886239,              45P   2272
7.2750263,0.84544124,-0.57970726,7.2852699,0.84600495,                45P   2273
-0.58045223,7.2932913,0.84662777,-0.58103799,7.3005132,               45P   2274
0.84731623,-0.58160143,7.3069946,0.84805305,-0.58207917,              45P   2275
7.3155474,0.84918421,-0.5827227,7.3286008,0.85128426,                 45P   2276
-0.58365312,7.3432508,0.85415907,-0.58472455,7.3595187,               45P   2277
0.85802367,-0.58588975,7.3720403,0.86149056,-0.58677729,              45P   2278
7.3784606,0.86342541,-0.58727488,7.3842075,0.86526086,                45P   2279
-0.58770465,7.389254,0.8669424,-0.5881119,7.3936242,0.8684622,        45P   2280
-0.58845158,7.3985702,0.87025914,-0.58880496,7.405476,                45P   2281
0.87288687,-0.58931228,7.4131089,0.87596699,-0.58985251,              45P   2282
7.423507,0.88044274,-0.59063909,7.4373735,0.88697581,-0.5916358,      45P   2283
7.4525283,0.89486199,-0.59275586,7.4658977,0.90250704,                45P   2284
-0.59377095,7.4833153,0.91351774,-0.5951076,7.5011854,                45P   2285
0.92621318,-0.59636333,7.513515,0.93582933,-0.59732557,               45P   2286
7.5241682,0.94476364,-0.59820831,7.5317912,0.95154491,                45P   2287
-0.59886434,7.5385697,0.95787598,-0.59944256,7.5445616,               45P   2288
0.96372303,-0.59995207,7.5512215,0.97053432,-0.60047164,              45P   2289
7.5585196,0.97837031,-0.60106911,7.5648208,0.98548904,                45P   2290
-0.60157369,7.5690533,0.99044651,-0.60195861,7.5728188,               45P   2291
0.99500232,-0.6022886,7.5761501,0.99914592,-0.60258758,               45P   2292
7.5790579,1.0028526,-0.60285623,7.5823777,1.0072099,-0.60313294,      45P   2293
7.5869549,1.0134336,-0.6034971,7.5919106,1.0204603,-0.60390056,       45P   2294
7.598501,1.0303108,-0.60446665,7.6069474,1.0439568,-0.60514152,       45P   2295
7.6157318,1.0595553,-0.60588229,7.623061,1.0739382,-0.60653048,       45P   2296
7.6319654,1.093627,-0.60733491,7.6402323,1.1150715,-0.60795362,       45P   2297
7.6453966,1.1306671,-0.60836859,7.6494561,1.1447161,-0.60868961,      45P   2298
7.6521247,1.1551136,-0.60895068,7.6543092,1.1646308,-0.60915907,      45P   2299
7.6560688,1.1732366,-0.60929753,7.6578474,1.183113,-0.60942816,       45P   2300
7.6595451,1.1942304,-0.60953675,7.6614056,1.2097202,-0.60971549,      45P   2301
7.6628757,1.2290903,-0.60983532,7.6632879,1.2401314,-0.6098383,       45P   2302
7.6633382,1.2424157,-0.60984601,7.6633796,1.2450564,-0.60985121,      45P   2303
7.6634053,1.2480506,-0.6098539,7.6634116,1.2514123,-0.60986035,       45P   2304
7.6634154,1.2551419,-0.60987464,7.663419,1.2592336,-0.60988804,       45P   2305
7.6634224,1.2636875,-0.60990054,7.6634255,1.2685035,-0.60991215,      45P   2306
7.6634283,1.2736817,-0.60992286,7.663431,1.279222,-0.60993269,        45P   2307
7.6634334,1.2851245,-0.60994162,7.6634355,1.2913892,-0.60994966,      45P   2308
7.6634374,1.298016,-0.6099568,7.6634391,1.3050049,-0.60996305,        45P   2309
7.6634405,1.312356,-0.60996841,7.6634417,1.3200693,-0.60997287,       45P   2310
7.6634427,1.3281447,-0.60997645,7.6634434,1.3365823,-0.60997913,      45P   2311
7.6634439,1.345382,-0.60998091,7.6634441,1.3545439,-0.6099818,        45P   2312
7.6634441,1.3718063,-0.6099818,7.6634441,1.3957662,-0.6099818,        45P   2313
7.6634441,1.4186855,-0.6099818,7.6634441,1.4405642,-0.6099818,        45P   2314
7.6634441,1.4614022,-0.60998179,7.6634441,1.4811996,-0.60998178,      45P   2315
7.6634441,1.4999563,-0.60998178,7.6634441,1.5176724,-0.60998177,      45P   2316
7.6634441,1.5343478,-0.60998176,7.6634441,1.5501886,-0.60998175,      45P   2317
7.6634441,1.565195,-0.60998174,7.6634441,1.5793668,-0.60998173,       45P   2318
7.6634441,1.592704,-0.60998173,7.6634441,1.6052067,-0.60998172,       45P   2319
7.6634441,1.6168749,-0.60998172,7.6634441,1.6277085,-0.60998172,      45P   2320
7.6634441,1.6393741,-0.60998172,7.6634441,1.6518853,-0.60998172,      45P   2321
7.6634441,1.6635754,-0.60998172,7.6634441,1.6744446,-0.60998172,      45P   2322
7.6634441,1.6844929,-0.60998172,7.6634441,1.6937201,-0.60998172,      45P   2323
7.6634441,1.7063295,-0.60998172,7.6634425,1.7217331,-0.60997587,      45P   2324
7.6634394,1.7357277,-0.60996416,7.6632998,1.760879,-0.60997757,       45P   2325
7.6602072,1.8010663,-0.60971861,7.6565395,1.8241522,-0.60924536,      45P   2326
7.6553926,1.8300955,-0.60917989,7.6542891,1.83541,-0.60911724,        45P   2327
7.6532462,1.8401199,-0.6090475,7.6523037,1.8441899,-0.60900635,       45P   2328
7.6514649,1.8476469,-0.60895649,7.6503727,1.8519304,-0.60886218,      45P   2329
7.6485809,1.8585507,-0.60869,7.6464075,1.8660511,-0.60849477,         45P   2330
7.6431116,1.8765318,-0.60822502,7.6381432,1.8906823,-0.60777151,      45P   2331
7.631958,1.9063328,-0.60725234,7.6258077,1.9202687,-0.60675971,       45P   2332
7.6167306,1.9386151,-0.60605448,7.605888,1.957833,-0.60507592,        45P   2333
7.5975118,1.9711955,-0.60435623,7.5896185,1.9828144,-0.60368277,      45P   2334
7.5835731,1.9911696,-0.60318672,7.5779014,1.9986276,-0.60273877,      45P   2335
7.5726271,2.0052416,-0.602292,7.5664558,2.0126268,-0.60175038,        45P   2336
7.5593129,2.020751,-0.60113046,7.5527942,2.0277956,-0.60055945,       45P   2337
7.5482253,2.0325593,-0.6002111,7.5440185,2.0368077,-0.59988179,       45P   2338
7.5401788,2.040573,-0.59956756,7.5367422,2.0438691,-0.59931201,       45P   2339
7.5314113,2.0488172,-0.5988752,7.5224159,2.0567651,-0.59810741,       45P   2340
7.5119272,2.0654611,-0.59722624,7.4998127,2.0748074,-0.59624601,      45P   2341
7.4859636,2.084667,-0.59521915,7.4731661,2.0930369,-0.59429194,       45P   2342
7.4556101,2.103455,-0.59305369,7.4365962,2.1134136,-0.59160008,       45P   2343
7.4227028,2.1199101,-0.59055913,7.4101365,2.1252469,-0.58961784,      45P   2344
7.4008237,2.1288887,-0.58893407,7.3922465,2.1320208,-0.58833704,      45P   2345
7.3844776,2.1346568,-0.58774692,7.3755462,2.1374776,-0.58708557,      45P   2346
7.365454,2.1403892,-0.5863186,7.3564478,2.1427532,-0.58564389,        45P   2347
7.350215,2.1442689,-0.58520732,7.3445541,2.1455564,-0.58481429,       45P   2348
7.3394736,2.1466347,-0.58444403,7.3349253,2.1475493,-0.58413719,      45P   2349
7.3304671,2.1483876,-0.58381514,7.3247224,2.149382,-0.58336412,       45P   2350
7.3181173,2.1504285,-0.58287521,7.3107195,2.1514632,-0.58230836,      45P   2351
7.3010784,2.1526174,-0.58161982,7.2891236,2.15371,-0.58071204,        45P   2352
7.2762011,2.154488,-0.57972067,7.2640498,2.1548426,-0.5787901,        45P   2353
7.2544828,2.1548527,-0.57801091,7.2458234,2.1546544,-0.57717815,      45P   2354
7.2380161,2.1544163,-0.5762894,7.2335555,2.1542501,-0.57566918,       45P   2355
7.2311579,2.1541608,-0.57533581,7.2283453,2.154056,-0.57494473,       45P   2356
7.2251175,2.1539357,-0.57449593,7.2214747,2.1538,-0.57398941,         45P   2357
7.2174168,2.1536488,-0.57342518,7.2129438,2.1534822,-0.57280323,      45P   2358
7.2080557,2.1533,-0.57212356,7.2027525,2.1531025,-0.57138618,         45P   2359
7.1970342,2.1528894,-0.57059109,7.1909008,2.1526609,-0.56973828,      45P   2360
7.1843523,2.1524169,-0.56882775,7.1773888,2.1521575,-0.5678595,       45P   2361
7.1700102,2.1518826,-0.56683354,7.1611537,2.1515526,-0.56560209,      45P   2362
7.1505102,2.1511617,-0.56414303,7.1391425,2.1507493,-0.56260414,      45P   2363
7.1270507,2.1503156,-0.56098541,7.1142347,2.1498605,-0.55928685,      45P   2364
7.1006945,2.1493839,-0.55750845,7.0864302,2.148886,-0.55565022,       45P   2365
7.0714416,2.1483667,-0.55371215,7.0557289,2.147826,-0.55169425,       45P   2366
7.039292,2.1472639,-0.54959652,7.0221309,2.1466805,-0.54741895,       45P   2367
6.9148194,2.1430512,-0.53387452,6.7179214,2.1367228,-0.51025651,      45P   2368
6.5206965,2.131115,-0.48932773,6.3232864,2.1259684,-0.47012056,       45P   2369
6.1257248,2.121219,-0.4523955,5.9279039,2.1172576,-0.43761127,        45P   2370
5.7299921,2.1136213,-0.42404063,5.5319257,2.1105949,-0.41274572,      45P   2371
5.3337415,2.1081466,-0.40360872,5.1354985,2.1060232,-0.39568398,      45P   2372
4.937149,2.1047252,-0.3908396,4.7387723,2.1037915,-0.38735509,        45P   2373
4.5403676,2.1033587,-0.38574006,4.3419594,2.1036154,-0.38669792,      45P   2374
4.1435608,2.104197,-0.38886839,3.9452125,2.105495,-0.39371274,        45P   2375
3.7469211,2.1072666,-0.40032441,3.5486846,2.1094294,-0.40839592,      45P   2376
3.3506027,2.1123899,-0.41944464,3.1525989,2.1156752,-0.43170575,      45P   2377
2.9547576,2.119564,-0.44621897,2.7571017,2.1240359,-0.4629082,        45P   2378
2.5595569,2.1288331,-0.48081154,2.3623317,2.1344409,-0.50174035,      45P   2379
2.1652724,2.1404211,-0.5240588,1.9684395,2.1468849,-0.54818183,       45P   2380
1.8661101,2.1506138,-0.56209821,1.8582224,2.1509011,-0.56317075,      45P   2381
1.8506332,2.1511776,-0.56420253,1.8433426,2.1514432,-0.56519353,      45P   2382
1.8363506,2.1516978,-0.56614377,1.8296572,2.1519415,-0.56705324,      45P   2383
1.8232623,2.1521742,-0.56792194,1.8171661,2.1523961,-0.56874987,      45P   2384
1.8113684,2.152607,-0.56953703,1.8058694,2.152807,-0.57028342,        45P   2385
1.8006689,2.1529961,-0.57098905,1.7957669,2.1531742,-0.5716539,       45P   2386
1.7911636,2.1533414,-0.57227799,1.7868589,2.1534977,-0.57286131,      45P   2387
1.7828527,2.1536431,-0.57340386,1.7791452,2.1537776,-0.57390564,      45P   2388
1.7757362,2.1539011,-0.57436665,1.7726258,2.1540137,-0.5747869,       45P   2389
1.769814,2.1541154,-0.57516637,1.7673007,2.1542061,-0.57550508,       45P   2390
1.7650861,2.154286,-0.57580302,1.76317,2.1543549,-0.57606019,         45P   2391
1.7615526,2.1544128,-0.57627659,1.7602337,2.1544599,-0.57645222,      45P   2392
1.7597235,2.154478,-0.57651965,1.7572748,2.1545647,-0.57684332,       45P   2393
1.75,2.1548134,-0.57777137,1.75,2.562456,-2.0991144,0,0;              45P   2394
142,0,41,43,45,0,0,0;                                                 47P   2395
144,41,1,0,47,0,0;                                                    49P   2396
128,2,2,2,2,0,0,0,0,0,0,0,0,1,1,1,0,0,0,1,1,1,1,0.97435876,1,1,       51P   2397
0.97435876,1,1,0.97435876,1,9,0,-0.75,4.5,0,0.28914496,               51P   2398
-1.5307579e-016,0,-0.75,9,1.5,-0.75,4.5,1.5,0.28914496,               51P   2399
-1.5307579e-016,1.5,-0.75,9,3,-0.75,4.5,3,0.28914496,                 51P   2400
-1.5307579e-016,3,-0.75,0,1,0,1,0,0;                                  51P   2401
106,1,435,0,0.8050284,0.65376042,0.80497386,0.65375456,               53P   2402
0.80483099,0.65373918,0.80465434,0.65372015,0.80444391,               53P   2403
0.65369746,0.80419969,0.65367111,0.80392169,0.65364112,               53P   2404
0.80360991,0.65360746,0.80326434,0.65357016,0.80288499,               53P   2405
0.65352919,0.80247185,0.65348458,0.80202493,0.6534363,                53P   2406
0.80154423,0.65338438,0.80102974,0.6533288,0.80048147,                53P   2407
0.65326956,0.79989941,0.65320667,0.79928357,0.65314013,               53P   2408
0.79863395,0.65306993,0.79795054,0.65299607,0.79723335,               53P   2409
0.65291856,0.79648237,0.6528374,0.79569762,0.65275258,                53P   2410
0.79487907,0.65266411,0.79402675,0.65257198,0.79314063,               53P   2411
0.6524762,0.78164618,0.65123324,0.75959425,0.64907866,                53P   2412
0.73755031,0.64708525,0.71551118,0.64521597,0.69349169,               53P   2413
0.6436169,0.67147292,0.64212628,0.64946411,0.64083001,                53P   2414
0.62746262,0.6397349,0.60546261,0.63874806,0.58347234,                53P   2415
0.63802715,0.56148256,0.63743662,0.53949589,0.63700394,               53P   2416
0.51751149,0.63681008,0.49552716,0.63672452,0.47354324,               53P   2417
0.63686877,0.45155727,0.63718,0.42957164,0.63761268,0.40757917,       53P   2418
0.63832049,0.38558538,0.63913657,0.36358673,0.64014539,               53P   2419
0.34157942,0.64135747,0.3195715,0.64267795,0.29754804,                53P   2420
0.64426109,0.27551953,0.6459766,0.25348511,0.64784588,0.2314311,      53P   2421
0.64995536,0.21940333,0.6511651,0.21747968,0.65135959,0.215637,       53P   2422
0.65154695,0.2138745,0.65172719,0.21219203,0.65190029,0.2105906,      53P   2423
0.65206626,0.20907022,0.6522251,0.20763088,0.65237681,                53P   2424
0.20627259,0.65252139,0.20499535,0.65265884,0.20379915,               53P   2425
0.65278915,0.20283268,0.65289592,0.20205556,0.65298176,               53P   2426
0.20131909,0.65306312,0.20062327,0.65313998,0.19996811,               53P   2427
0.65321236,0.1993536,0.65328024,0.19877975,0.65334364,                53P   2428
0.19824654,0.65340254,0.197754,0.65345695,0.19730211,0.65350688,      53P   2429
0.19689087,0.65355231,0.19652028,0.65359325,0.19619035,               53P   2430
0.6536297,0.19590108,0.65366166,0.19565245,0.65368913,                53P   2431
0.19476859,0.65378679,0.19335446,0.6538541,0.19208596,                53P   2432
0.65381637,0.19096524,0.65365014,0.19015447,0.65340454,               53P   2433
0.1895919,0.65320695,0.18911539,0.65300825,0.18872494,                53P   2434
0.65280845,0.1882418,0.65251507,0.187666,0.65212812,0.1868304,        53P   2435
0.65152748,0.18598219,0.65083988,0.18528849,0.65018546,               53P   2436
0.18449203,0.64932214,0.18314322,0.64771383,0.18162426,               53P   2437
0.6454763,0.18057929,0.64366617,0.17981603,0.64221262,                53P   2438
0.17898616,0.64051227,0.17825364,0.6389122,0.17761849,                53P   2439
0.63741239,0.17707152,0.63604468,0.1766892,0.63501501,                53P   2440
0.17632022,0.63395477,0.17588812,0.63265804,0.1753929,0.6311248,      53P   2441
0.17495589,0.62971724,0.17457708,0.62843535,0.17417633,               53P   2442
0.62699007,0.17364632,0.62490229,0.17277765,0.62124044,               53P   2443
0.17188479,0.61674923,0.17133766,0.61350114,0.17096644,               53P   2444
0.61103574,0.17058875,0.60827033,0.17027941,0.60577409,               53P   2445
0.17003841,0.60354703,0.16985114,0.60167476,0.16975766,               53P   2446
0.60061252,0.16969789,0.59984726,0.16963176,0.59892374,               53P   2447
0.16955928,0.59784196,0.16948044,0.59660191,0.16922487,               53P   2448
0.59240698,0.16910544,0.58794774,0.16906885,0.58592925,               53P   2449
0.16904344,0.58367596,0.16902921,0.58118788,0.16902616,0.578465,      53P   2450
0.16902388,0.57537206,0.16902235,0.57190906,0.16902159,               53P   2451
0.56807598,0.16902159,0.56457337,0.16902159,0.56149762,               53P   2452
0.16902159,0.55814822,0.16902159,0.55452515,0.16902159,               53P   2453
0.55062843,0.16902159,0.54645804,0.16902159,0.54256951,               53P   2454
0.16902159,0.5389583,0.16902159,0.53506891,0.16902159,                53P   2455
0.53090133,0.16902159,0.52645558,0.16902159,0.52173165,               53P   2456
0.16902159,0.51672954,0.16902159,0.51144925,0.16902159,               53P   2457
0.50589078,0.16902159,0.49998543,0.16902158,0.49373319,               53P   2458
0.16902158,0.48713407,0.16902158,0.48018807,0.16902158,               53P   2459
0.47289518,0.16902158,0.46525541,0.16902158,0.45726876,               53P   2460
0.16902158,0.45171306,0.16902171,0.44903602,0.16902197,               53P   2461
0.44645978,0.16902236,0.44398435,0.16902288,0.44160972,               53P   2462
0.16902352,0.43933589,0.1690243,0.43716286,0.1690252,0.43509064,      53P   2463
0.16902624,0.43311923,0.1690274,0.43124861,0.16902869,0.4294788,      53P   2464
0.16903012,0.4278098,0.16903167,0.4262416,0.16903335,0.4247742,       53P   2465
0.16903516,0.4234076,0.1690371,0.42214181,0.16903917,0.42097682,      53P   2466
0.16904136,0.41991264,0.16904369,0.41894926,0.16904615,               53P   2467
0.41808668,0.16904873,0.41732491,0.16905145,0.41666394,               53P   2468
0.16905429,0.41610378,0.16905727,0.41564441,0.16907744,               53P   2469
0.41331379,0.16916725,0.40951468,0.16928591,0.40676841,               53P   2470
0.16938507,0.40479448,0.16948849,0.40304364,0.16962306,               53P   2471
0.40113395,0.16985158,0.39849436,0.17029491,0.39401303,               53P   2472
0.17095334,0.38894048,0.1715046,0.38547549,0.17195664,                53P   2473
0.38294827,0.17249322,0.38020381,0.17300301,0.37779586,               53P   2474
0.17348603,0.37572442,0.17391706,0.37397326,0.17423295,               53P   2475
0.37278085,0.17456037,0.37162676,0.1749625,0.37027252,                53P   2476
0.17543936,0.36871811,0.17587832,0.36734342,0.1762794,                53P   2477
0.36614847,0.17673338,0.36487944,0.17739096,0.36318682,               53P   2478
0.17854654,0.36039319,0.17996654,0.35743803,0.18101289,               53P   2479
0.3555628,0.18181404,0.35426602,0.18271877,0.3529226,0.18354352,      53P   2480
0.35180227,0.18428831,0.35090502,0.18493607,0.35017482,               53P   2481
0.18534912,0.34975245,0.18568789,0.34943758,0.18609005,               53P   2482
0.34908941,0.18655561,0.34870793,0.18734906,0.34808578,               53P   2483
0.18831128,0.34744126,0.18917779,0.34698177,0.18994817,               53P   2484
0.34664136,0.19051005,0.34645692,0.19103946,0.34633109,               53P   2485
0.19164879,0.34622699,0.19302728,0.34606223,0.19434245,               53P   2486
0.34618166,0.19494115,0.34624004,0.19561248,0.34630904,               53P   2487
0.19635645,0.34638866,0.19709139,0.34646986,0.19782337,               53P   2488
0.34655073,0.19863405,0.34664029,0.19952342,0.34673855,               53P   2489
0.20049149,0.3468455,0.20121618,0.34692556,0.20167495,                53P   2490
0.34697593,0.20218989,0.3470322,0.202761,0.34709436,0.20338827,       53P   2491
0.34716241,0.20407172,0.34723636,0.20481133,0.3473162,                53P   2492
0.20560711,0.34740194,0.20645906,0.34749357,0.20736717,               53P   2493
0.3475911,0.20833146,0.34769452,0.20935191,0.34780383,                53P   2494
0.21042853,0.34791904,0.21191532,0.34807799,0.21387089,               53P   2495
0.34828385,0.21593976,0.34849877,0.21812269,0.34872276,               53P   2496
0.22042034,0.34895582,0.22283269,0.34919795,0.22535976,               53P   2497
0.34944914,0.22800154,0.34970939,0.24040575,0.35092134,               53P   2498
0.26244969,0.35291475,0.28448882,0.35478403,0.30650831,               53P   2499
0.3563831,0.32852708,0.35787372,0.35053589,0.35916999,                53P   2500
0.37253738,0.3602651,0.39453739,0.36125194,0.41652766,                53P   2501
0.36197285,0.43851744,0.36256338,0.46050411,0.36299606,               53P   2502
0.48248851,0.36318992,0.50447284,0.36327548,0.52645676,               53P   2503
0.36313123,0.54844273,0.36282,0.57042836,0.36238732,0.59242083,       53P   2504
0.36167951,0.61441462,0.36086343,0.63641327,0.35985461,               53P   2505
0.65842058,0.35864253,0.6804285,0.35732205,0.70245196,                53P   2506
0.35573891,0.72448047,0.3540234,0.74651489,0.35215412,0.7685689,      53P   2507
0.35004464,0.78059667,0.3488349,0.78252032,0.34864041,0.784363,       53P   2508
0.34845305,0.7861255,0.34827281,0.78780797,0.34809971,0.7894094,      53P   2509
0.34793374,0.79092978,0.3477749,0.79236912,0.34762319,                53P   2510
0.79372741,0.34747861,0.79500465,0.34734116,0.79620085,               53P   2511
0.34721085,0.79716732,0.34710408,0.79794444,0.34701824,               53P   2512
0.79868091,0.34693688,0.79937673,0.34686002,0.80003189,               53P   2513
0.34678764,0.8006464,0.34671976,0.80122025,0.34665636,                53P   2514
0.80175346,0.34659746,0.802246,0.34654305,0.80269789,0.34649312,      53P   2515
0.80310913,0.34644769,0.80347972,0.34640675,0.80380965,               53P   2516
0.3463703,0.80409892,0.34633834,0.80434755,0.34631087,                53P   2517
0.80523141,0.34621321,0.80664554,0.3461459,0.80791404,                53P   2518
0.34618363,0.80903476,0.34634986,0.80984553,0.34659546,               53P   2519
0.8104081,0.34679305,0.81088461,0.34699175,0.81127506,                53P   2520
0.34719155,0.8117582,0.34748493,0.812334,0.34787188,0.8131696,        53P   2521
0.34847252,0.81401781,0.34916012,0.81471151,0.34981454,               53P   2522
0.81550797,0.35067786,0.81685678,0.35228617,0.81837574,               53P   2523
0.3545237,0.81942071,0.35633383,0.82018397,0.35778738,                53P   2524
0.82101384,0.35948773,0.82174636,0.3610878,0.82238151,                53P   2525
0.36258761,0.82292848,0.36395532,0.8233108,0.36498499,                53P   2526
0.82367978,0.36604523,0.82411188,0.36734196,0.8246071,0.3688752,      53P   2527
0.82504411,0.37028276,0.82542292,0.37156465,0.82582367,               53P   2528
0.37300993,0.82635368,0.37509771,0.82722235,0.37875956,               53P   2529
0.82811521,0.38325077,0.82866234,0.38649886,0.82903356,               53P   2530
0.38896426,0.82941125,0.39172967,0.82972059,0.39422591,               53P   2531
0.82996159,0.39645297,0.83014886,0.39832524,0.83024234,               53P   2532
0.39938748,0.83030211,0.40015274,0.83036824,0.40107626,               53P   2533
0.83044072,0.40215804,0.83051956,0.40339809,0.83077513,               53P   2534
0.40759302,0.83089456,0.41205226,0.83093115,0.41407075,               53P   2535
0.83095656,0.41632404,0.83097079,0.41881212,0.83097384,0.421535,      53P   2536
0.83097612,0.42462794,0.83097765,0.42809094,0.83097841,               53P   2537
0.43192402,0.83097841,0.43542663,0.83097841,0.43850238,               53P   2538
0.83097841,0.44185178,0.83097841,0.44547485,0.83097841,               53P   2539
0.44937157,0.83097841,0.45354196,0.83097841,0.45743049,               53P   2540
0.83097841,0.4610417,0.83097841,0.46493109,0.83097841,                53P   2541
0.46909867,0.83097841,0.47354442,0.83097841,0.47826835,               53P   2542
0.83097841,0.48327046,0.83097841,0.48855075,0.83097841,               53P   2543
0.49410922,0.83097841,0.50001457,0.83097842,0.50626681,               53P   2544
0.83097842,0.51286593,0.83097842,0.51981193,0.83097842,               53P   2545
0.52710482,0.83097842,0.53474459,0.83097842,0.54273124,               53P   2546
0.83097842,0.54828694,0.83097829,0.55096398,0.83097803,               53P   2547
0.55354022,0.83097764,0.55601565,0.83097712,0.55839028,               53P   2548
0.83097648,0.56066411,0.8309757,0.56283714,0.8309748,0.56490936,      53P   2549
0.83097376,0.56688077,0.8309726,0.56875139,0.83097131,0.5705212,      53P   2550
0.83096988,0.5721902,0.83096833,0.5737584,0.83096665,0.5752258,       53P   2551
0.83096484,0.5765924,0.8309629,0.57785819,0.83096083,0.57902318,      53P   2552
0.83095864,0.58008736,0.83095631,0.58105074,0.83095385,               53P   2553
0.58191332,0.83095127,0.58267509,0.83094855,0.58333606,               53P   2554
0.83094571,0.58389622,0.83094273,0.58435559,0.83092256,               53P   2555
0.58668621,0.83083275,0.59048532,0.83071409,0.59323159,               53P   2556
0.83061493,0.59520552,0.83051151,0.59695636,0.83037694,               53P   2557
0.59886605,0.83014842,0.60150564,0.82970509,0.60598697,               53P   2558
0.82904666,0.61105952,0.8284954,0.61452451,0.82804336,                53P   2559
0.61705173,0.82750678,0.61979619,0.82699699,0.62220414,               53P   2560
0.82651397,0.62427558,0.82608294,0.62602674,0.82576705,               53P   2561
0.62721915,0.82543917,0.62837459,0.8250361,0.62973154,                53P   2562
0.82443828,0.63167963,0.82380497,0.63361559,0.82325573,               53P   2563
0.6351498,0.82259044,0.6368591,0.82141842,0.63968569,0.81996677,      53P   2564
0.64268821,0.81881322,0.64471708,0.8179103,0.64613197,0.8168735,      53P   2565
0.64760918,0.81590448,0.64885046,0.81455266,0.65035848,               53P   2566
0.81328165,0.65145174,0.81231922,0.65213982,0.8112417,                53P   2567
0.65278713,0.81026729,0.6532611,0.80954119,0.65351161,0.8088625,      53P   2568
0.65366623,0.808086,0.65377506,0.80633737,0.65390112,0.8050284,       53P   2569
0.65376042,0,0;                                                       53P   2570
106,2,435,1.7324681,1.9612813,-0.4295816,1.7329582,1.9612637,         55P   2571
-0.42951313,1.7342419,1.9612175,-0.42933384,1.7358293,1.9611604,      55P   2572
-0.42911226,1.7377203,1.9610924,-0.42884847,1.7399149,1.9610133,      55P   2573
-0.42854255,1.7424131,1.9609233,-0.42819461,1.7452151,1.9608224,      55P   2574
-0.42780476,1.7483208,1.9607105,-0.42737312,1.7517301,1.9605876,      55P   2575
-0.42689983,1.7554433,1.9604537,-0.42638506,1.7594603,1.9603089,      55P   2576
-0.42582897,1.7637811,1.9601531,-0.42523175,1.7684058,1.9599864,      55P   2577
-0.42459359,1.7733344,1.9598087,-0.42391469,1.778567,1.95962,         55P   2578
-0.4231953,1.7841036,1.9594204,-0.42243564,1.7899443,1.9592098,       55P   2579
-0.42163597,1.7960891,1.9589882,-0.42079655,1.8025381,1.9587557,      55P   2580
-0.41991766,1.8092913,1.9585122,-0.4189996,1.8163489,1.9582577,       55P   2581
-0.41804268,1.8237108,1.9579923,-0.41704722,1.8313771,1.9577159,      55P   2582
-0.41601355,1.839348,1.9574286,-0.41494202,1.9428021,1.9536997,       55P   2583
-0.40133047,2.1415657,1.947236,-0.37671738,2.3406115,1.9412558,       55P   2584
-0.35409097,2.5399387,1.9356479,-0.33345301,2.7393829,1.9308507,      55P   2585
-0.3148203,2.9390855,1.9263788,-0.29817966,3.1389326,1.92249,         55P   2586
-0.28354163,3.338918,1.9192047,-0.2709065,3.5390648,1.9162442,        55P   2587
-0.26027352,3.7392677,1.9140814,-0.25164835,3.9395806,1.9123098,      55P   2588
-0.24502856,4.1399498,1.9110118,-0.24041644,4.3403524,1.9104302,      55P   2589
-0.23781246,4.5407784,1.9101736,-0.23721684,4.7411945,1.9106063,      55P   2590
-0.23862969,4.941593,1.91154,-0.24205097,5.1419218,1.912838,          55P   2591
-0.24747951,5.3422163,1.9149615,-0.25491634,5.5423959,1.9174097,      55P   2592
-0.26435848,5.7424629,1.9204362,-0.27580543,5.9424215,1.9240724,      55P   2593
-0.28925758,6.1421685,1.9280338,-0.30470722,6.3418094,1.9327833,      55P   2594
-0.32216239,6.541219,1.9379298,-0.34161232,6.740375,1.9435377,        55P   2595
-0.36305341,6.9393712,1.9498661,-0.38649598,7.0477467,1.9534953,      55P   2596
-0.40011433,7.0650692,1.9540788,-0.40234681,7.0816598,1.9546409,      55P   2597
-0.40449939,7.097526,1.9551816,-0.40657117,7.1126694,1.9557009,       55P   2598
-0.40856063,7.1270813,1.9561988,-0.4104649,7.1407619,1.9566753,       55P   2599
-0.41228241,7.1537114,1.9571304,-0.41401166,7.1659303,1.9575642,      55P   2600
-0.41565122,7.1774187,1.9579765,-0.41719976,7.1881769,1.9583675,      55P   2601
-0.41865603,7.1968681,1.9586877,-0.41983684,7.2038561,1.9589453,      55P   2602
-0.42078906,7.210478,1.9591894,-0.42169372,7.2167339,1.95942,         55P   2603
-0.42255045,7.222624,1.9596371,-0.42335892,7.2281483,1.9598407,       55P   2604
-0.42411879,7.2333068,1.9600309,-0.42482977,7.2380996,1.9602076,      55P   2605
-0.42549158,7.2425267,1.9603709,-0.42610394,7.2465883,1.9605206,      55P   2606
-0.42666663,7.2502843,1.9606569,-0.42717941,7.2536149,1.9607797,      55P   2607
-0.42764208,7.2565799,1.9608891,-0.42805446,7.2591796,1.960985,       55P   2608
-0.4284164,7.2614138,1.9610674,-0.42872773,7.2693562,1.9613604,       55P   2609
-0.42983657,7.2820621,1.9615623,-0.4316172,7.2934581,1.9614491,       55P   2610
-0.43322132,7.3035252,1.9609504,-0.43464396,7.3108075,1.9602136,      55P   2611
-0.43567631,7.3158601,1.9596209,-0.43639418,7.3201396,1.9590248,      55P   2612
-0.43700324,7.3236461,1.9584253,-0.43750299,7.3279847,1.9575452,      55P   2613
-0.4381222,7.3331553,1.9563844,-0.43886142,7.3406582,1.9545824,       55P   2614
-0.43993655,7.3482737,1.9525196,-0.44103077,7.3545015,1.9505564,      55P   2615
-0.44192784,7.3616513,1.9479664,-0.44296017,7.3737584,1.9431415,      55P   2616
-0.44471426,7.3873907,1.9364289,-0.4466984,7.3967679,1.9309985,       55P   2617
-0.44806878,7.4036165,1.9266379,-0.4490725,7.4110622,1.9215368,       55P   2618
-0.45016648,7.4176339,1.9167366,-0.45113443,7.4233318,1.9122372,      55P   2619
-0.45197547,7.4282383,1.908134,-0.45270105,7.4316677,1.905045,        55P   2620
-0.45320891,7.4349772,1.9018643,-0.45369962,7.4388528,1.8979741,      55P   2621
-0.45427497,7.4432943,1.8933744,-0.45493529,7.4472136,1.8891517,      55P   2622
-0.45551881,7.4506107,1.885306,-0.45602524,7.4542045,1.8809702,       55P   2623
-0.45656163,7.4589572,1.8747069,-0.45727202,7.4667461,1.8637213,      55P   2624
-0.45843877,7.4747513,1.8502477,-0.45964118,7.4796563,1.8405034,      55P   2625
-0.46037957,7.4829842,1.8331072,-0.46088125,7.48637,1.824811,         55P   2626
-0.46139224,7.4891429,1.8173223,-0.46181118,7.4913031,1.8106411,      55P   2627
-0.46213783,7.4929817,1.8050243,-0.46239182,7.4938196,1.8018376,      55P   2628
-0.46251866,7.4943554,1.7995418,-0.46259978,7.4949481,1.7967712,      55P   2629
-0.46268954,7.4955978,1.7935259,-0.46278795,7.4963044,1.7898057,      55P   2630
-0.46289501,7.4985951,1.7772209,-0.46324224,7.4996656,1.7638432,      55P   2631
-0.4634046,7.4999935,1.7577877,-0.46345435,7.5002213,1.7510279,       55P   2632
-0.46348891,7.5003488,1.7435636,-0.46350826,7.5003761,1.735395,       55P   2633
-0.4635124,7.5003966,1.7261162,-0.46351551,7.5004102,1.7157272,       55P   2634
-0.46351758,7.5004171,1.704228,-0.46351862,7.5004171,1.6937201,       55P   2635
-0.46351862,7.5004171,1.6844929,-0.46351862,7.5004171,1.6744446,      55P   2636
-0.46351862,7.5004171,1.6635754,-0.46351862,7.5004171,1.6518853,      55P   2637
-0.46351862,7.5004171,1.6393741,-0.46351862,7.5004171,1.6277085,      55P   2638
-0.46351862,7.5004171,1.6168749,-0.46351862,7.5004171,1.6052067,      55P   2639
-0.46351862,7.5004171,1.592704,-0.46351862,7.5004171,1.5793668,       55P   2640
-0.46351862,7.5004171,1.565195,-0.46351862,7.5004171,1.5501886,       55P   2641
-0.46351862,7.5004171,1.5343478,-0.46351862,7.5004171,1.5176724,      55P   2642
-0.46351862,7.5004171,1.4999563,-0.46351862,7.5004171,1.4811996,      55P   2643
-0.46351863,7.5004171,1.4614022,-0.46351863,7.5004171,1.4405642,      55P   2644
-0.46351863,7.5004171,1.4186855,-0.46351863,7.5004171,1.3957662,      55P   2645
-0.46351863,7.5004171,1.3718063,-0.46351863,7.5004171,1.3551392,      55P   2646
-0.46351863,7.500416,1.3471081,-0.46351845,7.5004137,1.3393793,       55P   2647
-0.4635181,7.5004102,1.331953,-0.46351757,7.5004056,1.3248291,        55P   2648
-0.46351687,7.5003998,1.3180077,-0.46351599,7.5003928,1.3114886,      55P   2649
-0.46351494,7.5003847,1.3052719,-0.4635137,7.5003754,1.2993577,       55P   2650
-0.4635123,7.500365,1.2937458,-0.46351072,7.5003534,1.2884364,        55P   2651
-0.46350896,7.5003407,1.2834294,-0.46350702,7.5003268,1.2787248,      55P   2652
-0.46350491,7.5003117,1.2743226,-0.46350263,7.5002955,1.2702228,      55P   2653
-0.46350017,7.5002781,1.2664254,-0.46349753,7.5002595,1.2629305,      55P   2654
-0.46349471,7.5002398,1.2597379,-0.46349173,7.500219,1.2568478,       55P   2655
-0.46348856,7.500197,1.2542601,-0.46348522,7.5001738,1.2519747,       55P   2656
-0.4634817,7.5001495,1.2499918,-0.46347801,7.500124,1.2483113,        55P   2657
-0.46347414,7.5000973,1.2469332,-0.4634701,7.4999165,1.2399414,       55P   2658
-0.46344267,7.4991116,1.228544,-0.46332057,7.4980481,1.2203052,       55P   2659
-0.46315929,7.4971592,1.2143835,-0.46302455,7.4962323,1.2091309,      55P   2660
-0.46288408,7.4950261,1.2034018,-0.46270135,7.4929778,1.1954831,      55P   2661
-0.46239122,7.489004,1.1820391,-0.46179018,7.4831016,1.1668214,       55P   2662
-0.46089896,7.4781598,1.1564265,-0.46015415,7.4741072,1.1488448,      55P   2663
-0.4595443,7.4692964,1.1406114,-0.45882147,7.4647255,1.1333876,       55P   2664
-0.45813579,7.4603945,1.1271733,-0.45748709,7.4565294,1.1219198,      55P   2665
-0.456909,7.4536968,1.1183426,-0.45648581,7.4507606,1.1148803,        55P   2666
-0.4560476,7.4471542,1.1108175,-0.45550997,7.4428777,1.1061543,       55P   2667
-0.4548733,7.4389407,1.1020303,-0.45428803,7.4353434,1.0984454,       55P   2668
-0.45375395,7.4312713,1.0946383,-0.45315019,7.4253728,1.0895604,      55P   2669
-0.45227714,7.4150063,1.0811796,-0.45074714,7.4022661,1.0723141,      55P   2670
-0.44887439,7.392877,1.0666884,-0.44749961,7.3856876,1.0627981,       55P   2671
-0.44644998,7.3775679,1.0587678,-0.44526776,7.3701654,1.0554068,      55P   2672
-0.44419291,7.3634801,1.0527151,-0.44322463,7.3576653,1.0505244,      55P   2673
-0.44238431,7.3539572,1.0492574,-0.44184935,7.3509159,1.0483127,      55P   2674
-0.44141112,7.3473053,1.0472682,-0.44089147,7.3431254,1.0461238,      55P   2675
-0.44029071,7.3360012,1.0442573,-0.43926888,7.3273609,1.0423238,      55P   2676
-0.4380331,7.3195793,1.0409453,-0.43692343,7.3126604,1.0399241,       55P   2677
-0.43593941,7.3076138,1.0393708,-0.43522323,7.3028585,1.0389933,      55P   2678
-0.43454959,7.2973851,1.038681,-0.43377565,7.2850015,1.0381867,       55P   2679
-0.43203031,7.2731852,1.038545,-0.4303723,7.2678056,1.0387201,        55P   2680
-0.42961984,7.261773,1.0389271,-0.42877781,7.2550872,1.039166,        55P   2681
-0.4278468,7.2484822,1.0394096,-0.42692929,7.2419032,1.0396522,       55P   2682
-0.42601764,7.2346165,1.0399209,-0.4250105,7.2266217,1.0402157,       55P   2683
-0.42390865,7.2179187,1.0405365,-0.42271293,7.2114033,1.0407767,      55P   2684
-0.4218203,7.2072783,1.0409278,-0.42125632,7.2026482,1.0410966,       55P   2685
-0.42062429,7.1975128,1.0412831,-0.41992458,7.1918719,1.0414872,      55P   2686
-0.41915757,7.1857256,1.0417091,-0.41832369,7.1790738,1.0419486,      55P   2687
-0.41742341,7.1719163,1.0422058,-0.41645724,7.164253,1.0424807,       55P   2688
-0.4154257,7.1560838,1.0427733,-0.41432939,7.1474086,1.0430836,       55P   2689
-0.41316893,7.1382273,1.0434115,-0.41194496,7.1285397,1.0437571,      55P   2690
-0.4106582,7.1151598,1.044234,-0.40888893,7.0975585,1.0448515,        55P   2691
-0.40657543,7.0789341,1.0454963,-0.40414476,7.0592792,1.0461683,      55P   2692
-0.4015989,7.0385874,1.0468675,-0.39894011,7.016858,1.0475938,        55P   2693
-0.39617162,6.9940906,1.0483474,-0.39329681,6.9702844,1.0491282,      55P   2694
-0.39031922,6.8584343,1.052764,-0.37671738,6.6593885,1.0587442,       55P   2695
-0.35409097,6.4600613,1.0643521,-0.33345301,6.2606171,1.0691493,      55P   2696
-0.3148203,6.0609145,1.0736212,-0.29817966,5.8610674,1.07751,         55P   2697
-0.28354163,5.661082,1.0807953,-0.2709065,5.4609352,1.0837558,        55P   2698
-0.26027352,5.2607323,1.0859186,-0.25164835,5.0604194,1.0876902,      55P   2699
-0.24502856,4.8600502,1.0889882,-0.24041644,4.6596476,1.0895698,      55P   2700
-0.23781246,4.4592216,1.0898264,-0.23721684,4.2588055,1.0893937,      55P   2701
-0.23862969,4.058407,1.08846,-0.24205097,3.8580782,1.087162,          55P   2702
-0.24747951,3.6577837,1.0850385,-0.25491634,3.4576041,1.0825903,      55P   2703
-0.26435848,3.2575371,1.0795638,-0.27580543,3.0575785,1.0759276,      55P   2704
-0.28925758,2.8578315,1.0719662,-0.30470722,2.6581906,1.0672167,      55P   2705
-0.32216239,2.458781,1.0620702,-0.34161232,2.259625,1.0564623,        55P   2706
-0.36305341,2.0606288,1.0501339,-0.38649598,1.9522533,1.0465047,      55P   2707
-0.40011433,1.9349308,1.0459212,-0.40234681,1.9183402,1.0453591,      55P   2708
-0.40449939,1.902474,1.0448184,-0.40657117,1.8873306,1.0442991,       55P   2709
-0.40856063,1.8729187,1.0438012,-0.4104649,1.8592381,1.0433247,       55P   2710
-0.41228241,1.8462886,1.0428696,-0.41401166,1.8340697,1.0424358,      55P   2711
-0.41565122,1.8225813,1.0420235,-0.41719976,1.8118231,1.0416325,      55P   2712
-0.41865603,1.8031319,1.0413123,-0.41983684,1.7961439,1.0410547,      55P   2713
-0.42078906,1.789522,1.0408106,-0.42169372,1.7832661,1.04058,         55P   2714
-0.42255045,1.777376,1.0403629,-0.42335892,1.7718517,1.0401593,       55P   2715
-0.42411879,1.7666932,1.0399691,-0.42482977,1.7619004,1.0397924,      55P   2716
-0.42549158,1.7574733,1.0396291,-0.42610394,1.7534117,1.0394794,      55P   2717
-0.42666663,1.7497157,1.0393431,-0.42717941,1.7463851,1.0392203,      55P   2718
-0.42764208,1.7434201,1.0391109,-0.42805446,1.7408204,1.039015,       55P   2719
-0.4284164,1.7385862,1.0389326,-0.42872773,1.7306438,1.0386396,       55P   2720
-0.42983657,1.7179379,1.0384377,-0.4316172,1.7065419,1.0385509,       55P   2721
-0.43322132,1.6964748,1.0390496,-0.43464396,1.6891925,1.0397864,      55P   2722
-0.43567631,1.6841399,1.0403791,-0.43639418,1.6798604,1.0409752,      55P   2723
-0.43700324,1.6763539,1.0415747,-0.43750299,1.6720153,1.0424548,      55P   2724
-0.4381222,1.6668447,1.0436156,-0.43886142,1.6593418,1.0454176,       55P   2725
-0.43993655,1.6517263,1.0474804,-0.44103077,1.6454985,1.0494436,      55P   2726
-0.44192784,1.6383487,1.0520336,-0.44296017,1.6262416,1.0568585,      55P   2727
-0.44471426,1.6126093,1.0635711,-0.4466984,1.6032321,1.0690015,       55P   2728
-0.44806878,1.5963835,1.0733621,-0.4490725,1.5889378,1.0784632,       55P   2729
-0.45016648,1.5823661,1.0832634,-0.45113443,1.5766682,1.0877628,      55P   2730
-0.45197547,1.5717617,1.091866,-0.45270105,1.5683323,1.094955,        55P   2731
-0.45320891,1.5650228,1.0981357,-0.45369962,1.5611472,1.1020259,      55P   2732
-0.45427497,1.5567057,1.1066256,-0.45493529,1.5527864,1.1108483,      55P   2733
-0.45551881,1.5493893,1.114694,-0.45602524,1.5457955,1.1190298,       55P   2734
-0.45656163,1.5410428,1.1252931,-0.45727202,1.5332539,1.1362787,      55P   2735
-0.45843877,1.5252487,1.1497523,-0.45964118,1.5203437,1.1594966,      55P   2736
-0.46037957,1.5170158,1.1668928,-0.46088125,1.51363,1.175189,         55P   2737
-0.46139224,1.5108571,1.1826777,-0.46181118,1.5086969,1.1893589,      55P   2738
-0.46213783,1.5070183,1.1949757,-0.46239182,1.5061804,1.1981624,      55P   2739
-0.46251866,1.5056446,1.2004582,-0.46259978,1.5050519,1.2032288,      55P   2740
-0.46268954,1.5044022,1.2064741,-0.46278795,1.5036956,1.2101943,      55P   2741
-0.46289501,1.5014049,1.2227791,-0.46324224,1.5003344,1.2361568,      55P   2742
-0.4634046,1.5000065,1.2422123,-0.46345435,1.4997787,1.2489721,       55P   2743
-0.46348891,1.4996512,1.2564364,-0.46350826,1.4996239,1.264605,       55P   2744
-0.4635124,1.4996034,1.2738838,-0.46351551,1.4995898,1.2842728,       55P   2745
-0.46351758,1.4995829,1.295772,-0.46351862,1.4995829,1.3062799,       55P   2746
-0.46351862,1.4995829,1.3155071,-0.46351862,1.4995829,1.3255554,      55P   2747
-0.46351862,1.4995829,1.3364246,-0.46351862,1.4995829,1.3481147,      55P   2748
-0.46351862,1.4995829,1.3606259,-0.46351862,1.4995829,1.3722915,      55P   2749
-0.46351862,1.4995829,1.3831251,-0.46351862,1.4995829,1.3947933,      55P   2750
-0.46351862,1.4995829,1.407296,-0.46351862,1.4995829,1.4206332,       55P   2751
-0.46351862,1.4995829,1.434805,-0.46351862,1.4995829,1.4498114,       55P   2752
-0.46351862,1.4995829,1.4656522,-0.46351862,1.4995829,1.4823276,      55P   2753
-0.46351862,1.4995829,1.5000437,-0.46351862,1.4995829,1.5188004,      55P   2754
-0.46351863,1.4995829,1.5385978,-0.46351863,1.4995829,1.5594358,      55P   2755
-0.46351863,1.4995829,1.5813145,-0.46351863,1.4995829,1.6042338,      55P   2756
-0.46351863,1.4995829,1.6281937,-0.46351863,1.4995829,1.6448608,      55P   2757
-0.46351863,1.499584,1.6528919,-0.46351845,1.4995863,1.6606207,       55P   2758
-0.4635181,1.4995898,1.668047,-0.46351757,1.4995944,1.6751709,        55P   2759
-0.46351687,1.4996002,1.6819923,-0.46351599,1.4996072,1.6885114,      55P   2760
-0.46351494,1.4996153,1.6947281,-0.4635137,1.4996246,1.7006423,       55P   2761
-0.4635123,1.499635,1.7062542,-0.46351072,1.4996466,1.7115636,        55P   2762
-0.46350896,1.4996593,1.7165706,-0.46350702,1.4996732,1.7212752,      55P   2763
-0.46350491,1.4996883,1.7256774,-0.46350263,1.4997045,1.7297772,      55P   2764
-0.46350017,1.4997219,1.7335746,-0.46349753,1.4997405,1.7370695,      55P   2765
-0.46349471,1.4997602,1.7402621,-0.46349173,1.499781,1.7431522,       55P   2766
-0.46348856,1.499803,1.7457399,-0.46348522,1.4998262,1.7480253,       55P   2767
-0.4634817,1.4998505,1.7500082,-0.46347801,1.499876,1.7516887,        55P   2768
-0.46347414,1.4999027,1.7530668,-0.4634701,1.5000835,1.7600586,       55P   2769
-0.46344267,1.5008884,1.771456,-0.46332057,1.5019519,1.7796948,       55P   2770
-0.46315929,1.5028408,1.7856165,-0.46302455,1.5037677,1.7908691,      55P   2771
-0.46288408,1.5049739,1.7965982,-0.46270135,1.5070222,1.8045169,      55P   2772
-0.46239122,1.510996,1.8179609,-0.46179018,1.5168984,1.8331786,       55P   2773
-0.46089896,1.5218402,1.8435735,-0.46015415,1.5258928,1.8511552,      55P   2774
-0.4595443,1.5307036,1.8593886,-0.45882147,1.5352745,1.8666124,       55P   2775
-0.45813579,1.5396055,1.8728267,-0.45748709,1.5434706,1.8780802,      55P   2776
-0.456909,1.5463032,1.8816574,-0.45648581,1.5492436,1.8851238,        55P   2777
-0.45604697,1.5528583,1.8891946,-0.4555081,1.5582198,1.8950389,       55P   2778
-0.45471008,1.5638999,1.9008468,-0.45386624,1.5688263,1.9054494,      55P   2779
-0.45313572,1.574794,1.9105773,-0.45225247,1.5853081,1.9190571,       55P   2780
-0.45070083,1.5983323,1.9280646,-0.44878663,1.6086834,1.9341512,      55P   2781
-0.44727158,1.6167863,1.9383959,-0.44608943,1.6260916,1.9428275,      55P   2782
-0.44473604,1.6347894,1.9465514,-0.44347506,1.6469245,1.9510754,      55P   2783
-0.44172225,1.6583358,1.9543552,-0.44008093,1.6669775,1.9564195,      55P   2784
-0.43884243,1.6766535,1.9583614,-0.43746026,1.6854045,1.9597833,      55P   2785
-0.43621438,1.691926,1.9605348,-0.43528849,1.6980221,1.9609987,       55P   2786
-0.43442497,1.7049972,1.9613252,-0.43343927,1.7207067,1.9617034,      55P   2787
-0.43122847,1.7324681,1.9612813,-0.4295816,0,0;                       55P   2788
142,0,51,53,55,0,0,0;                                                 57P   2789
144,51,1,0,57,0,0;                                                    59P   2790
S      1G      3D     60P   2790                                        T      1
