PS-Exchange4.5.0603                                                     S      1
1H,,1H;,11HPS-Exchange,19Hc:\temp\cowling.igs,34HPS-Exchange 4.5.0603 byG      1
 Delcam plc,16HVersion 4.5.0603,32,38,6,308,15,11HPS-Exchange,1.,2,2HMM,G      2
1,0.,15H20051108.124815,0.001,100000.,9HCUTTHROAT,15HDelcam USA, Inc,11,G      3
0,15H20051108.124815;                                                   G      4
     143       1       0       1       0       0       0       000000000D      1
     143       0       7       1       0                       6       0D      2
     128       2       0       1       0       0       0       001010000D      3
     128       0       7     304       0                       6       0D      4
     141     306       0       1       0       0       0       000010000D      5
     141       0       7       1       0                       6       0D      6
     106     307       0       1       0       0       0       000010500D      7
     106       0       7       1      11                       6       0D      8
     126     308       0       1       0       0       0       000010000D      9
     126       0       7     183       0                       6       0D     10
     141     491       0       1       0       0       0       000010000D     11
     141       0       7       1       0                       6       0D     12
     106     492       0       1       0       0       0       000010500D     13
     106       0       7      39      11                       6       0D     14
     126     531       0       1       0       0       0       000010000D     15
     126       0       7      65       0                       6       0D     16
     143     596       0       1       0       0       0       000000000D     17
     143       0       2       1       0                       7       0D     18
     128     597       0       1       0       0       0       001010000D     19
     128       0       2     111       0                       7       0D     20
     141     708       0       1       0       0       0       000010000D     21
     141       0       2       1       0                       7       0D     22
     106     709       0       1       0       0       0       000010500D     23
     106       0       2      13      11                       7       0D     24
     126     722       0       1       0       0       0       000010000D     25
     126       0       2      28       0                       7       0D     26
     106     750       0       1       0       0       0       000010500D     27
     106       0       2      16      11                       7       0D     28
     126     766       0       1       0       0       0       000010000D     29
     126       0       2      38       0                       7       0D     30
     106     804       0       1       0       0       0       000010500D     31
     106       0       2       1      11                       7       0D     32
     126     805       0       1       0       0       0       000010000D     33
     126       0       2      42       0                       7       0D     34
     143     847       0       1       0       0       0       000000000D     35
     143       0       3       1       0                      10       0D     36
     128     848       0       1       0       0       0       001010000D     37
     128       0       3      98       0                      10       0D     38
     141     946       0       1       0       0       0       000010000D     39
     141       0       3       1       0                      10       0D     40
     106     947       0       1       0       0       0       000010500D     41
     106       0       3      16      11                      10       0D     42
     126     963       0       1       0       0       0       000010000D     43
     126       0       3      31       0                      10       0D     44
     106     994       0       1       0       0       0       000010500D     45
     106       0       3       1      11                      10       0D     46
     126     995       0       1       0       0       0       000010000D     47
     126       0       3      29       0                      10       0D     48
     143    1024       0       1       0       0       0       000000000D     49
     143       0       7       1       0                      D3       0D     50
     128    1025       0       1       0       0       0       001010000D     51
     128       0       7      78       0                      D3       0D     52
     141    1103       0       1       0       0       0       000010000D     53
     141       0       7       1       0                      D3       0D     54
     106    1104       0       1       0       0       0       000010500D     55
     106       0       7      28      11                      D3       0D     56
     126    1132       0       1       0       0       0       000010000D     57
     126       0       7      80       0                      D3       0D     58
     106    1212       0       1       0       0       0       000010500D     59
     106       0       7       1      11                      D3       0D     60
     126    1213       0       1       0       0       0       000010000D     61
     126       0       7      69       0                      D3       0D     62
     314    1282       0       1       0       0       0       000000200D     63
     314       0       8       1       0                               0D     64
     143    1283       0       1       0       0       0       000000000D     65
     143       0     -63       1       0                      D4       0D     66
     128    1284       0       1       0       0       0       001010000D     67
     128       0     -63      34       0                      D4       0D     68
     141    1318       0       1       0       0       0       000010000D     69
     141       0     -63       1       0                      D4       0D     70
     106    1319       0       1       0       0       0       000010500D     71
     106       0     -63      18      11                      D4       0D     72
     126    1337       0       1       0       0       0       000010000D     73
     126       0     -63      22       0                      D4       0D     74
     143    1359       0       1       0       0       0       000000000D     75
     143       0       2       1       0                       9       0D     76
     128    1360       0       1       0       0       0       001010000D     77
     128       0       2      87       0                       9       0D     78
     141    1447       0       1       0       0       0       000010000D     79
     141       0       2       1       0                       9       0D     80
     106    1448       0       1       0       0       0       000010500D     81
     106       0       2      12      11                       9       0D     82
     126    1460       0       1       0       0       0       000010000D     83
     126       0       2      18       0                       9       0D     84
     106    1478       0       1       0       0       0       000010500D     85
     106       0       2      13      11                       9       0D     86
     126    1491       0       1       0       0       0       000010000D     87
     126       0       2      20       0                       9       0D     88
     106    1511       0       1       0       0       0       000010500D     89
     106       0       2       1      11                       9       0D     90
     126    1512       0       1       0       0       0       000010000D     91
     126       0       2      37       0                       9       0D     92
     143    1549       0       1       0       0       0       000000000D     93
     143       0       6       1       0                       5       0D     94
     128    1550       0       1       0       0       0       001010000D     95
     128       0       6     717       0                       5       0D     96
     141    2267       0       1       0       0       0       000010000D     97
     141       0       6       1       0                       5       0D     98
     106    2268       0       1       0       0       0       000010500D     99
     106       0       6       1      11                       5       0D    100
     126    2269       0       1       0       0       0       000010000D    101
     126       0       6     194       0                       5       0D    102
     143    2463       0       1       0       0       0       000000000D    103
     143       0       2       1       0                      11       0D    104
     128    2464       0       1       0       0       0       001010000D    105
     128       0       2     106       0                      11       0D    106
     141    2570       0       1       0       0       0       000010000D    107
     141       0       2       1       0                      11       0D    108
     106    2571       0       1       0       0       0       000010500D    109
     106       0       2      13      11                      11       0D    110
     126    2584       0       1       0       0       0       000010000D    111
     126       0       2      29       0                      11       0D    112
     106    2613       0       1       0       0       0       000010500D    113
     106       0       2       1      11                      11       0D    114
     126    2614       0       1       0       0       0       000010000D    115
     126       0       2      40       0                      11       0D    116
     106    2654       0       1       0       0       0       000010500D    117
     106       0       2      16      11                      11       0D    118
     126    2670       0       1       0       0       0       000010000D    119
     126       0       2      37       0                      11       0D    120
     143    2707       0       1       0       0       0       000000000D    121
     143       0       3       1       0                      12       0D    122
     128    2708       0       1       0       0       0       001010000D    123
     128       0       3      97       0                      12       0D    124
     141    2805       0       1       0       0       0       000010000D    125
     141       0       3       1       0                      12       0D    126
     106    2806       0       1       0       0       0       000010500D    127
     106       0       3      16      11                      12       0D    128
     126    2822       0       1       0       0       0       000010000D    129
     126       0       3      30       0                      12       0D    130
     106    2852       0       1       0       0       0       000010500D    131
     106       0       3       1      11                      12       0D    132
     126    2853       0       1       0       0       0       000010000D    133
     126       0       3      29       0                      12       0D    134
     143    2882       0       1       0       0       0       000000000D    135
     143       0       2       1       0                      13       0D    136
     128    2883       0       1       0       0       0       001010000D    137
     128       0       2      82       0                      13       0D    138
     141    2965       0       1       0       0       0       000010000D    139
     141       0       2       1       0                      13       0D    140
     106    2966       0       1       0       0       0       000010500D    141
     106       0       2      12      11                      13       0D    142
     126    2978       0       1       0       0       0       000010000D    143
     126       0       2      16       0                      13       0D    144
     106    2994       0       1       0       0       0       000010500D    145
     106       0       2       1      11                      13       0D    146
     126    2995       0       1       0       0       0       000010000D    147
     126       0       2      37       0                      13       0D    148
     106    3032       0       1       0       0       0       000010500D    149
     106       0       2      13      11                      13       0D    150
     126    3045       0       1       0       0       0       000010000D    151
     126       0       2      19       0                      13       0D    152
143,1,3,2,5,11;                                                        1P      1
128,24,24,6,6,0,0,1,0,0,1.,1.,1.,1.,1.,1.,1.,2.,2.,2.,2.,2.,2.,        3P      2
3.,3.,3.,3.,3.,3.,4.,4.,4.,4.,4.,4.,5.,5.,5.,5.,5.,5.,5.,1.,1.,        3P      3
1.,1.,1.,1.,1.,2.,2.,2.,2.,2.,2.,3.,3.,3.,3.,3.,3.,4.,4.,4.,4.,        3P      4
4.,4.,5.,5.,5.,5.,5.,5.,5.,1.,1.,1.,1.,1.,1.,1.,1.,1.,1.,1.,1.,        3P      5
1.,1.,1.,1.,1.,1.,1.,1.,1.,1.,1.,1.,1.,1.,1.,1.,1.,1.,1.,1.,1.,        3P      6
1.,1.,1.,1.,1.,1.,1.,1.,1.,1.,1.,1.,1.,1.,1.,1.,1.,1.,1.,1.,1.,        3P      7
1.,1.,1.,1.,1.,1.,1.,1.,1.,1.,1.,1.,1.,1.,1.,1.,1.,1.,1.,1.,1.,        3P      8
1.,1.,1.,1.,1.,1.,1.,1.,1.,1.,1.,1.,1.,1.,1.,1.,1.,1.,1.,1.,1.,        3P      9
1.,1.,1.,1.,1.,1.,1.,1.,1.,1.,1.,1.,1.,1.,1.,1.,1.,1.,1.,1.,1.,        3P     10
1.,1.,1.,1.,1.,1.,1.,1.,1.,1.,1.,1.,1.,1.,1.,1.,1.,1.,1.,1.,1.,        3P     11
1.,1.,1.,1.,1.,1.,1.,1.,1.,1.,1.,1.,1.,1.,1.,1.,1.,1.,1.,1.,1.,        3P     12
1.,1.,1.,1.,1.,1.,1.,1.,1.,1.,1.,1.,1.,1.,1.,1.,1.,1.,1.,1.,1.,        3P     13
1.,1.,1.,1.,1.,1.,1.,1.,1.,1.,1.,1.,1.,1.,1.,1.,1.,1.,1.,1.,1.,        3P     14
1.,1.,1.,1.,1.,1.,1.,1.,1.,1.,1.,1.,1.,1.,1.,1.,1.,1.,1.,1.,1.,        3P     15
1.,1.,1.,1.,1.,1.,1.,1.,1.,1.,1.,1.,1.,1.,1.,1.,1.,1.,1.,1.,1.,        3P     16
1.,1.,1.,1.,1.,1.,1.,1.,1.,1.,1.,1.,1.,1.,1.,1.,1.,1.,1.,1.,1.,        3P     17
1.,1.,1.,1.,1.,1.,1.,1.,1.,1.,1.,1.,1.,1.,1.,1.,1.,1.,1.,1.,1.,        3P     18
1.,1.,1.,1.,1.,1.,1.,1.,1.,1.,1.,1.,1.,1.,1.,1.,1.,1.,1.,1.,1.,        3P     19
1.,1.,1.,1.,1.,1.,1.,1.,1.,1.,1.,1.,1.,1.,1.,1.,1.,1.,1.,1.,1.,        3P     20
1.,1.,1.,1.,1.,1.,1.,1.,1.,1.,1.,1.,1.,1.,1.,1.,1.,1.,1.,1.,1.,        3P     21
1.,1.,1.,1.,1.,1.,1.,1.,1.,1.,1.,1.,1.,1.,1.,1.,1.,1.,1.,1.,1.,        3P     22
1.,1.,1.,1.,1.,1.,1.,1.,1.,1.,1.,1.,1.,1.,1.,1.,1.,1.,1.,1.,1.,        3P     23
1.,1.,1.,1.,1.,1.,1.,1.,1.,1.,1.,1.,1.,1.,1.,1.,1.,1.,1.,1.,1.,        3P     24
1.,1.,1.,1.,1.,1.,1.,1.,1.,1.,1.,1.,1.,1.,1.,1.,1.,1.,1.,1.,1.,        3P     25
1.,1.,1.,1.,1.,1.,1.,1.,1.,1.,1.,1.,1.,1.,1.,1.,1.,1.,1.,1.,1.,        3P     26
1.,1.,1.,1.,1.,1.,1.,1.,1.,1.,1.,1.,1.,1.,1.,1.,1.,1.,1.,1.,1.,        3P     27
1.,1.,1.,1.,1.,1.,1.,1.,1.,1.,1.,1.,1.,1.,1.,1.,1.,1.,1.,1.,1.,        3P     28
1.,1.,1.,1.,1.,1.,1.,1.,1.,1.,1.,1.,1.,1.,1.,1.,1.,1.,1.,1.,1.,        3P     29
1.,1.,1.,1.,1.,1.,1.,1.,1.,1.,1.,1.,1.,1.,1.,1.,1.,1.,1.,1.,1.,        3P     30
1.,1.,1.,1.,1.,1.,1.,1.,1.,1.,1.,1.,1.,1.,1.,1.,1.,1.,1.,1.,1.,        3P     31
1.,1.,1.,1.,1.,1.,1.,1.,1.,1.,1.,1.,1.,1.,1.,1.,1.,1.,1.,1.,1.,        3P     32
1.,1.,1.,1.,1.,1.,1.,1.,1.,1.,1.,1.,1.,1.,1.,1.,1.,1.,1.,1.,1.,        3P     33
1.,1.,1.,1.,1.,1.,1.,1.,1.,1.,1.,1.,1.,1.,1.,1.,1.,1.,1.,1.,1.,        3P     34
1.,1.,1.,1.,0.,-30.,0.,0.,-30.,0.,0.,-30.,0.,0.,-30.,0.,0.,-30.,       3P     35
0.,0.,-30.,0.,0.,-30.,0.,0.,-30.,0.,0.,-30.,0.,0.,-30.,0.,0.,          3P     36
-30.,0.,0.,-30.,0.,0.,-30.,0.,18.28469,-30.,1.119577D-015,             3P     37
37.07088,-28.,-0.1292572,55.49705,-25.,-1.540829,72.70165,-22.,        3P     38
-5.387772,87.82314,-20.,-12.82314,100.,-20.,-25.,100.,-20.,-25.,       3P     39
100.,-20.,-25.,100.,-20.,-25.,100.,-20.,-25.,100.,-20.,-25.,           3P     40
100.,-20.,-25.,-4.142136,-30.,0.,-4.142136,-30.,0.5402451,             3P     41
-4.043214,-30.,1.076278,-3.8553,-30.,1.587345,-3.592689,-30.,          3P     42
2.060366,-3.26626,-30.,2.491693,-2.877621,-30.,2.880332,               3P     43
-2.489459,-30.,3.268494,-2.045477,-30.,3.582179,-1.563991,-30.,        3P     44
3.821433,-1.059421,-30.,3.991753,-0.5378461,-30.,4.098906,0.,          3P     45
-30.,4.142136,18.64172,-30.,4.142136,37.843,-28.,3.736199,             3P     46
56.631,-25.,1.849082,74.07001,-22.,-2.593921,89.37226,-20.,            3P     47
-10.46702,101.9526,-20.,-23.04738,102.2116,-20.,-23.30631,             3P     48
102.4251,-20.,-23.60215,102.5901,-20.,-23.92716,102.7032,-20.,         3P     49
-24.27362,102.7614,-20.,-24.63381,102.7614,-20.,-25.,-8.127417,        3P     50
-29.32843,0.,-8.127417,-29.32843,1.078027,-7.931959,-29.33877,         3P     51
2.132313,-7.562297,-29.35426,3.133252,-7.045274,-29.36975,             3P     52
4.060007,-6.404225,-29.38007,4.902767,-5.651869,-29.38007,             3P     53
5.655123,-4.900087,-29.38007,6.406905,-4.041588,-29.36975,             3P     54
7.018891,-3.103983,-29.35426,7.49067,-2.110427,-29.33877,              3P     55
7.828891,-1.073767,-29.32843,8.041112,0.,-29.32843,8.127417,           3P     56
19.03087,-29.32843,8.127417,38.5444,-27.3732,7.434371,57.60656,        3P     57
-24.44036,5.084294,75.31823,-21.50751,0.1124607,90.91647,              3P     58
-19.55228,-8.253873,103.8313,-19.55228,-21.1687,104.341,               3P     59
-19.55228,-21.67842,104.7608,-19.55228,-22.26036,105.0839,             3P     60
-19.55228,-22.89834,105.3048,-19.55228,-23.57678,105.4183,             3P     61
-19.55228,-24.28161,105.4183,-19.55228,-25.,-11.8915,-28.04962,        3P     62
0.,-11.872,-28.06913,1.596484,-11.57981,-28.09976,3.141883,            3P     63
-11.04281,-28.13398,4.604744,-10.29357,-28.16427,5.959534,             3P     64
-9.362922,-28.18317,7.188548,-8.274515,-28.18317,8.276956,             3P     65
-7.186538,-28.18317,9.364933,-5.945331,-28.16426,10.26407,             3P     66
-4.581916,-28.13396,10.96725,-3.1243,-28.09974,11.47339,               3P     67
-1.592315,-28.06911,11.783,0.,-28.04962,11.8915,19.42404,              3P     68
-28.04962,11.8915,39.18446,-26.17965,10.91536,58.4647,-23.37468,       3P     69
8.124617,76.4599,-20.56972,2.67819,92.40537,-18.69975,-6.193948,       3P     70
105.6057,-18.69975,-19.39429,106.3534,-18.69975,-20.14195,             3P     71
106.9736,-18.69446,-20.99489,107.4523,-18.68785,-21.92868,             3P     72
107.7782,-18.68388,-22.92014,107.9409,-18.68652,-23.94956,             3P     73
107.9277,-18.69975,-25.,-15.37006,-26.22792,0.,-15.30966,              3P     74
-26.28832,2.079461,-14.9215,-26.3453,4.079615,-14.23452,               3P     75
-26.39448,5.969482,-13.28043,-26.43156,7.719843,-12.09138,             3P     76
-26.45225,9.304361,-10.69733,-26.45225,10.69841,-9.303467,             3P     77
-26.45225,12.09227,-7.713424,-26.43155,13.26467,-5.959097,             3P     78
-26.39447,14.19497,-4.071481,-26.34528,14.86625,-2.077342,             3P     79
-26.28831,15.26348,0.,-26.22792,15.37006,19.79315,-26.22792,           3P     80
15.37006,39.77257,-24.47939,14.12927,59.24639,-21.8566,10.92986,       3P     81
77.50864,-19.23381,5.050084,93.78851,-17.48528,-4.297478,              3P     82
107.2455,-17.48528,-17.75449,108.2135,-17.48528,-18.72251,             3P     83
109.0245,-17.4695,-19.8258,109.6539,-17.44977,-21.03282,110.081,       3P     84
-17.43793,-22.31373,110.2862,-17.44583,-23.6433,110.2467,              3P     85
-17.48528,-25.,-18.49874,-23.92767,0.,-18.39779,-24.02861,             3P     86
2.511751,-17.92009,-24.10935,4.921273,-17.09635,-24.16986,             3P     87
7.195983,-15.95817,-24.21015,9.302207,-14.53863,-24.23028,             3P     88
11.20553,-12.87208,-24.23028,12.87208,-11.20553,-24.23028,             3P     89
14.53863,-9.302207,-24.21015,15.95817,-7.195983,-24.16986,             3P     90
17.09635,-4.921273,-24.10935,17.92009,-2.511751,-24.02861,             3P     91
18.39779,0.,-23.92767,18.49874,20.1101,-23.92767,18.49874,             3P     92
40.31812,-22.33249,17.02619,59.99262,-19.93972,13.45983,               3P     93
78.47805,-17.54696,7.17496,95.01547,-15.95178,-2.574696,               3P     94
108.7204,-15.95178,-16.27961,109.8865,-15.95178,-17.44573,             3P     95
110.8695,-15.92554,-18.77293,111.6359,-15.89275,-20.22494,             3P     96
112.1552,-15.87307,-21.76695,112.3981,-15.88619,-23.36793,             3P     97
112.3325,-15.95178,-25.,-21.2132,-21.2132,0.,-21.09753,                3P     98
-21.32888,2.878298,-20.54313,-21.42142,5.642802,-19.59061,             3P     99
-21.49082,8.252895,-18.28059,-21.53709,10.66796,-16.6537,              3P    100
-21.56022,12.84738,-14.75054,-21.56022,14.75054,-12.84738,             3P    101
-21.56022,16.6537,-10.66796,-21.53709,18.28059,-8.252895,              3P    102
-21.49082,19.59061,-5.642802,-21.42142,20.54313,-2.878298,             3P    103
-21.32888,21.09753,0.,-21.2132,21.2132,20.34679,-21.2132,              3P    104
21.2132,40.83048,-19.79899,19.55623,60.74436,-17.67767,15.67435,       3P    105
79.38172,-15.55635,8.999635,96.03584,-14.14214,-1.035838,110.,         3P    106
-14.14214,-15.,111.3372,-14.14214,-16.33724,112.4632,-14.11205,        3P    107
-17.85606,113.3423,-14.07444,-19.51911,113.9389,-14.05188,             3P    108
-21.28903,114.2173,-14.06692,-23.12845,114.1421,-14.14214,-25.,        3P    109
-23.92767,-18.49874,0.,-23.82739,-18.59902,3.244844,-23.21789,         3P    110
-18.68175,6.374093,-22.14776,-18.74564,9.333582,-20.66837,             3P    111
-18.78949,12.07109,-18.83064,-18.81205,14.53727,-16.68395,             3P    112
-18.81205,16.68395,-14.53727,-18.81205,18.83064,-12.06585,             3P    113
-18.79694,20.66313,-9.32476,-18.76241,22.133,-6.368073,                3P    114
-18.70404,23.1956,-3.244844,-18.6176,23.80881,0.,-18.49874,            3P    115
23.92767,20.58348,-18.49874,23.92767,41.34285,-17.26549,               3P    116
22.08627,61.4961,-15.41561,17.88886,80.28539,-13.56574,10.82431,       3P    117
97.0562,-12.33249,0.5030201,111.2796,-12.33249,-13.72039,              3P    118
112.788,-12.33249,-15.22874,114.0514,-12.30627,-16.94465,              3P    119
115.0331,-12.2735,-18.82228,115.6993,-12.25383,-20.81724,              3P    120
116.0173,-12.26694,-22.88896,115.9518,-12.33249,-25.,-26.22792,        3P    121
-15.37006,0.,-26.15287,-15.4514,3.571248,-25.50872,-15.52054,          3P    122
7.017667,-24.35011,-15.5754,10.27774,-22.735,-15.61401,13.29226,       3P    123
-20.72083,-15.63432,16.00551,-18.36317,-15.63432,18.36317,             3P    124
-16.00551,-15.63432,20.72083,-13.28579,-15.62267,22.72647,             3P    125
-10.26674,-15.5949,24.32734,-7.009901,-15.54647,25.47524,              3P    126
-3.570798,-15.47301,26.12497,0.,-15.37006,26.22792,20.79663,           3P    127
-15.37006,26.22792,41.75239,-14.34539,24.22144,62.08032,               3P    128
-12.80838,19.75423,81.02242,-11.27138,12.37623,97.94473,               3P    129
-10.24671,1.783196,112.364,-10.24671,-12.63603,114.0142,               3P    130
-10.24671,-14.28623,115.3894,-10.22546,-16.16623,116.4549,             3P    131
-10.19891,-18.22485,117.1798,-10.18298,-20.41263,117.5342,             3P    132
-10.1936,-22.68471,117.4853,-10.24671,-24.99999,-28.04962,             3P    133
-11.8915,0.,-28.00535,-11.9535,3.840572,-27.34272,-12.00675,           3P    134
7.543828,-26.12129,-12.04938,11.04523,-24.40315,-12.07963,             3P    135
14.28201,-22.24993,-12.09566,17.19396,-19.72194,-12.09566,             3P    136
19.72194,-17.19396,-12.09566,22.24993,-14.27706,-12.08213,             3P    137
24.39554,-11.03677,-12.05501,26.1015,-7.53771,-12.01421,               3P    138
27.31399,-3.839989,-11.95972,27.98141,0.,-11.8915,28.04962,            3P    139
20.97434,-11.8915,28.04962,42.05928,-11.09874,25.90617,62.5056,        3P    140
-9.909587,21.22359,81.58577,-8.720436,13.6093,98.66529,-7.92767,       3P    141
2.780143,113.2227,-7.92767,-11.77727,114.983,-7.92767,-13.53757,       3P    142
116.443,-7.911492,-15.54556,117.5722,-7.89127,-17.74703,               3P    143
118.3429,-7.879137,-20.08909,118.7285,-7.887226,-22.52229,             3P    144
118.6997,-7.92767,-24.99998,-29.32843,-8.127417,0.,-29.31244,          3P    145
-8.170503,4.036238,-28.64247,-8.206572,7.923312,-27.38158,             3P    146
-8.23481,11.59628,-25.59397,-8.254436,14.99099,-23.34365,              3P    147
-8.264649,18.04442,-20.69404,-8.264649,20.69404,-18.04442,             3P    148
-8.264649,23.34365,-14.98879,-8.247859,25.59059,-11.59252,             3P    149
-8.220012,27.37278,-7.920593,-8.186819,28.6297,-4.035979,              3P    150
-8.154042,29.3018,0.,-8.127417,29.32843,21.10471,-8.127417,            3P    151
29.32843,42.26371,-7.585589,27.08489,62.78053,-6.772847,               3P    152
22.25003,81.96838,-5.960106,14.47744,99.18179,-5.418278,               3P    153
3.469317,113.8255,-5.418278,-11.17443,115.6617,-5.418278,              3P    154
-13.01061,117.1789,-5.407068,-15.10726,118.3512,-5.393055,             3P    155
-17.40878,119.1539,-5.384647,-19.86017,119.5627,-5.390252,             3P    156
-22.40798,119.5523,-5.418278,-24.99998,-30.,-4.142136,0.,-30.,         3P    157
-4.164722,4.142136,-29.32843,-4.182792,8.127417,-28.04962,             3P    158
-4.196344,11.8915,-26.22792,-4.205378,15.37006,-23.92767,              3P    159
-4.209896,18.49874,-21.2132,-4.209896,21.2132,-18.49874,               3P    160
-4.209896,23.92767,-15.37006,-4.196344,26.22792,-11.8915,              3P    161
-4.176016,28.04962,-8.127417,-4.155688,29.32843,-4.142136,             3P    162
-4.142136,30.,0.,-4.142136,30.,21.17585,-4.142136,30.,42.36583,        3P    163
-3.865993,27.70204,62.9137,-3.45178,22.7867,82.16321,-3.037566,        3P    164
14.93455,99.4581,-2.761424,3.826171,114.1421,-2.761424,                3P    165
-10.85785,116.0175,-2.761424,-12.73321,117.5641,-2.755549,             3P    166
-14.87585,118.7589,-2.748206,-17.2298,119.5786,-2.7438,-19.7391,       3P    167
120.,-2.746737,-22.34782,120.,-2.761424,-24.99998,-30.,0.,0.,          3P    168
-30.,0.,4.142136,-29.32843,0.,8.127417,-28.04962,0.,11.8915,           3P    169
-26.22792,0.,15.37006,-23.92767,0.,18.49874,-21.2132,0.,21.2132,       3P    170
-18.49874,0.,23.92767,-15.37006,0.,26.22792,-11.8915,0.,               3P    171
28.04962,-8.127417,0.,29.32843,-4.142136,0.,30.,0.,0.,30.,             3P    172
21.17585,0.,30.,42.36584,0.,27.70204,62.91371,0.,22.78669,             3P    173
82.16322,0.,14.93454,99.45811,0.,3.826161,114.1421,0.,-10.85786,       3P    174
116.0175,0.,-12.73323,117.5641,0.,-14.87586,118.7589,0.,               3P    175
-17.22981,119.5786,0.,-19.73912,120.,0.,-22.34784,120.,0.,-25.,        3P    176
-30.,4.142136,0.,-30.,4.164722,4.142136,-29.32843,4.182792,            3P    177
8.127417,-28.04962,4.196344,11.8915,-26.22792,4.205378,15.37006,       3P    178
-23.92767,4.209896,18.49874,-21.2132,4.209896,21.2132,-18.49874,       3P    179
4.209896,23.92767,-15.37006,4.196344,26.22792,-11.8915,4.176016,       3P    180
28.04962,-8.127417,4.155688,29.32843,-4.142136,4.142136,30.,0.,        3P    181
4.142136,30.,21.17585,4.142136,30.,42.36584,3.865993,27.70204,         3P    182
62.91372,3.45178,22.78669,82.16323,3.037566,14.93453,99.45812,         3P    183
2.761424,3.826151,114.1421,2.761424,-10.85788,116.0175,2.761424,       3P    184
-12.73324,117.5642,2.755549,-14.87588,118.7589,2.748205,               3P    185
-17.22983,119.5786,2.743799,-19.73914,120.,2.746736,-22.34785,         3P    186
120.,2.761424,-25.00002,-29.32843,8.127417,0.,-29.31244,               3P    187
8.170503,4.036238,-28.64247,8.206572,7.923312,-27.38158,8.23481,       3P    188
11.59628,-25.59397,8.254436,14.99099,-23.34365,8.264648,               3P    189
18.04442,-20.69404,8.264648,20.69404,-18.04442,8.264648,               3P    190
23.34365,-14.98879,8.247859,25.59059,-11.59252,8.220012,               3P    191
27.37278,-7.920593,8.186819,28.6297,-4.035979,8.154042,29.3018,        3P    192
0.,8.127417,29.32843,21.10472,8.127417,29.32843,42.26372,              3P    193
7.585589,27.08489,62.78055,6.772848,22.25002,81.96841,5.960106,        3P    194
14.47741,99.18182,5.418278,3.469283,113.8256,5.418278,-11.17447,       3P    195
115.6618,5.418278,-13.01066,117.179,5.407067,-15.1073,118.3512,        3P    196
5.393053,-17.40883,119.1539,5.384645,-19.86023,119.5627,               3P    197
5.390251,-22.40804,119.5523,5.418278,-25.00004,-28.04962,              3P    198
11.8915,0.,-28.00535,11.9535,3.840572,-27.34272,12.00675,              3P    199
7.543828,-26.12129,12.04938,11.04523,-24.40315,12.07963,               3P    200
14.28201,-22.24993,12.09566,17.19396,-19.72194,12.09566,               3P    201
19.72194,-17.19396,12.09566,22.24993,-14.27706,12.08213,               3P    202
24.39554,-11.03677,12.05501,26.1015,-7.53771,12.01421,27.31399,        3P    203
-3.839989,11.95972,27.98141,0.,11.8915,28.04962,20.97435,              3P    204
11.8915,28.04962,42.0593,11.09874,25.90616,62.50562,9.909587,          3P    205
21.22357,81.5858,8.720436,13.60927,98.66533,7.92767,2.780102,          3P    206
113.2228,7.92767,-11.77732,114.9831,7.92767,-13.53763,116.443,         3P    207
7.911492,-15.54562,117.5722,7.891269,-17.74709,118.343,7.879135,       3P    208
-20.08916,118.7285,7.887224,-22.52236,118.6997,7.92767,                3P    209
-25.00006,-26.22792,15.37006,0.,-26.15287,15.4514,3.571248,            3P    210
-25.50872,15.52054,7.017667,-24.35011,15.5754,10.27774,-22.735,        3P    211
15.61401,13.29226,-20.72083,15.63432,16.00551,-18.36317,               3P    212
15.63432,18.36317,-16.00551,15.63432,20.72083,-13.28579,               3P    213
15.62267,22.72647,-10.26674,15.5949,24.32734,-7.009901,15.54647,       3P    214
25.47524,-3.570798,15.47301,26.12497,0.,15.37006,26.22792,             3P    215
20.79664,15.37006,26.22792,41.75241,14.34539,24.22143,62.08035,        3P    216
12.80838,19.75421,81.02246,11.27138,12.3762,97.94477,10.24671,         3P    217
1.78315,112.364,10.24671,-12.63609,114.0142,10.24671,-14.28629,        3P    218
115.3894,10.22546,-16.16629,116.455,10.19891,-18.22491,117.1799,       3P    219
10.18298,-20.4127,117.5342,10.1936,-22.68479,117.4853,10.24671,        3P    220
-25.00007,-23.92767,18.49874,0.,-23.82739,18.59902,3.244845,           3P    221
-23.21789,18.68175,6.374094,-22.14776,18.74564,9.333582,               3P    222
-20.66837,18.78949,12.07109,-18.83064,18.81205,14.53727,               3P    223
-16.68395,18.81205,16.68395,-14.53727,18.81205,18.83064,               3P    224
-12.06585,18.79694,20.66313,-9.32476,18.76241,22.133,-6.368073,        3P    225
18.70404,23.1956,-3.244845,18.6176,23.80881,0.,18.49874,               3P    226
23.92767,20.58349,18.49874,23.92767,41.34287,17.26549,22.08626,        3P    227
61.49614,15.41561,17.88884,80.28543,13.56574,10.82428,97.05625,        3P    228
12.33249,0.5029724,111.2797,12.33249,-13.72045,112.788,12.33249,       3P    229
-15.2288,114.0515,12.30627,-16.94471,115.0332,12.27349,                3P    230
-18.82235,115.6994,12.25383,-20.81732,116.0173,12.26694,               3P    231
-22.88904,115.9518,12.33249,-25.00008,-21.2132,21.2132,0.,             3P    232
-21.09753,21.32888,2.878298,-20.54313,21.42142,5.642802,               3P    233
-19.59061,21.49082,8.252895,-18.28059,21.53709,10.66796,               3P    234
-16.6537,21.56022,12.84738,-14.75054,21.56022,14.75054,                3P    235
-12.84738,21.56022,16.6537,-10.66796,21.53709,18.28059,                3P    236
-8.252895,21.49082,19.59061,-5.642802,21.42142,20.54313,               3P    237
-2.878298,21.32888,21.09753,0.,21.2132,21.2132,20.3468,21.2132,        3P    238
21.2132,40.8305,19.79899,19.55622,60.7444,17.67767,15.67433,           3P    239
79.38176,15.55635,8.9996,96.03589,14.14214,-1.035887,110.0001,         3P    240
14.14214,-15.00006,111.3373,14.14214,-16.3373,112.4633,14.11205,       3P    241
-17.85613,113.3423,14.07444,-19.51919,113.9389,14.05187,               3P    242
-21.28911,114.2174,14.06692,-23.12853,114.1421,14.14214,               3P    243
-25.00008,-18.49874,23.92767,0.,-18.39779,24.02861,2.511751,           3P    244
-17.92009,24.10935,4.921273,-17.09635,24.16986,7.195983,               3P    245
-15.95817,24.21015,9.302207,-14.53863,24.23028,11.20553,               3P    246
-12.87208,24.23028,12.87208,-11.20553,24.23028,14.53863,               3P    247
-9.302207,24.21015,15.95817,-7.195983,24.16986,17.09635,               3P    248
-4.921273,24.10935,17.92009,-2.511751,24.02861,18.39779,0.,            3P    249
23.92767,18.49874,20.11011,23.92767,18.49874,40.31814,22.33249,        3P    250
17.02618,59.99266,19.93972,13.45981,78.47809,17.54696,7.174924,        3P    251
95.01552,15.95178,-2.574747,108.7205,15.95178,-16.27967,               3P    252
109.8866,15.95178,-17.4458,110.8696,15.92554,-18.773,111.6359,         3P    253
15.89274,-20.22502,112.1553,15.87307,-21.76703,112.3981,               3P    254
15.88618,-23.36802,112.3325,15.95178,-25.00009,-15.3045,               3P    255
26.22792,0.,-15.24445,26.28798,2.070925,-14.85792,26.34488,            3P    256
4.062598,-14.17381,26.39417,5.944373,-13.22371,26.43142,               3P    257
7.687241,-12.03969,26.45225,9.264926,-10.65179,26.45225,               3P    258
10.65283,-9.264068,26.45225,12.04055,-7.681046,26.43142,               3P    259
13.20784,-5.934333,26.39416,14.13418,-4.054698,26.34487,               3P    260
14.80266,-2.068816,26.28797,15.19826,0.,26.22792,15.3045,              3P    261
19.78751,26.22792,15.3045,39.76038,24.47939,14.06808,59.22848,         3P    262
21.8566,10.87619,77.48703,19.23381,5.005833,93.76404,17.48528,         3P    263
-4.334814,107.2147,17.48528,-17.78545,108.1786,17.48528,               3P    264
-18.74937,108.9861,17.46959,-19.84799,109.6128,17.44998,               3P    265
-21.04986,110.038,17.43821,-22.3253,110.2422,17.44605,-23.64917,       3P    266
110.203,17.48528,-25.00008,-11.744,28.04962,0.,-11.72527,              3P    267
28.06836,1.577277,-11.43676,28.09884,3.103594,-10.90622,               3P    268
28.13329,4.548247,-10.16594,28.16396,5.886178,-9.246612,               3P    269
28.18317,7.099821,-8.172044,28.18317,8.174389,-7.09789,28.18317,       3P    270
9.248543,-5.87248,28.16395,10.13621,-4.526195,28.13326,10.83048,       3P    271
-3.086538,28.09881,11.33033,-1.573132,28.06834,11.63628,0.,            3P    272
28.04962,11.744,19.41134,28.04962,11.744,39.15699,26.17965,            3P    273
10.77771,58.42435,23.37468,8.003887,76.41121,20.56972,2.578672,        3P    274
92.35024,18.69975,-6.277888,105.5362,18.69975,-19.46387,               3P    275
106.2747,18.69975,-20.20231,106.8871,18.69467,-21.04472,               3P    276
107.3596,18.68832,-21.96693,107.6813,18.68451,-22.94605,107.842,       3P    277
18.68705,-23.96265,107.8293,18.69975,-25.00007,-7.930751,              3P    278
29.32843,0.,-7.930751,29.32843,1.052377,-7.73999,29.33877,             3P    279
2.081212,-7.37925,29.35426,3.057886,-6.874696,29.36975,3.962182,       3P    280
-6.249145,29.38007,4.784463,-5.515241,29.38007,5.518367,               3P    281
-4.781889,29.38007,6.251719,-3.94447,29.36975,6.848812,                3P    282
-3.029726,29.35426,7.309231,-2.060126,29.33877,7.639365,               3P    283
-1.048231,29.32843,7.846498,0.,29.32843,7.930751,19.01392,             3P    284
29.32843,7.930751,38.50776,27.3732,7.250837,57.55274,24.44036,         3P    285
4.923331,75.25328,21.50751,-0.02021269,90.84295,19.55228,              3P    286
-8.365768,103.7386,19.55228,-21.26145,104.2361,19.55228,               3P    287
-21.75887,104.6457,19.55228,-22.32677,104.9609,19.55228,               3P    288
-22.94933,105.1764,19.55228,-23.61132,105.2872,19.55228,               3P    289
-24.29905,105.2872,19.55228,-25.00005,-3.978247,30.,0.,                3P    290
-3.978247,30.,0.5188697,-3.883239,30.,1.033694,-3.70276,30.,           3P    291
1.52454,-3.45054,30.,1.978845,-3.137027,30.,2.393106,-2.763764,        3P    292
30.,2.766369,-2.390961,30.,3.139172,-1.964546,30.,3.440446,            3P    293
-1.50211,30.,3.670233,-1.017504,30.,3.833815,-0.5165656,30.,           3P    294
3.936728,0.,30.,3.978247,18.6276,30.,3.978247,37.81246,28.,            3P    295
3.583256,56.58615,25.,1.71495,74.01588,22.,-2.704476,89.31098,         3P    296
20.,-10.56025,101.8754,20.,-23.12466,102.1241,20.,-23.37335,           3P    297
102.3292,20.,-23.65748,102.4876,20.,-23.96964,102.5963,20.,            3P    298
-24.3024,102.6522,20.,-24.64833,102.6522,20.,-25.00003,0.,30.,         3P    299
0.,0.,30.,0.,0.,30.,0.,0.,30.,0.,0.,30.,0.,0.,30.,0.,0.,30.,0.,        3P    300
0.,30.,0.,0.,30.,0.,0.,30.,0.,0.,30.,0.,0.,30.,0.,0.,30.,0.,           3P    301
18.28469,30.,1.119577D-015,37.07088,28.,-0.1292572,55.49705,25.,       3P    302
-1.540829,72.70165,22.,-5.387772,87.82314,20.,-12.82314,100.,          3P    303
20.,-25.,100.,20.,-25.,100.,20.,-25.,100.,20.,-25.,100.,20.,           3P    304
-25.,100.,20.,-25.,100.,20.,-25.,1.,5.,1.,5.;                          3P    305
141,1,2,3,1,9,1,1,7;                                                   5P    306
106,1,5,0.,1.,1.,5.,1.,5.,5.,1.,5.,1.,1.;                              7P    307
126,298,1,0,1,1,0,0.,0.,0.01785714286,0.03571428571,                   9P    308
0.05357142857,0.07142857143,0.08928571429,0.1071428571,0.125,          9P    309
0.1428571429,0.1607142857,0.1785714286,0.1964285714,                   9P    310
0.2142857143,0.2321428571,0.25,0.2678571429,0.2857142857,              9P    311
0.3035714286,0.3214285714,0.3392857143,0.3571428571,0.375,             9P    312
0.3928571429,0.4107142857,0.4285714286,0.4464285714,                   9P    313
0.4642857143,0.4821428571,0.5,0.5052083333,0.5104166667,               9P    314
0.515625,0.5208333333,0.5260416667,0.53125,0.5364583333,               9P    315
0.5416666667,0.546875,0.5520833333,0.5572916667,0.5625,                9P    316
0.5677083333,0.5729166667,0.578125,0.5833333333,0.5885416667,          9P    317
0.59375,0.5989583333,0.6041666667,0.609375,0.6145833333,               9P    318
0.6197916667,0.625,0.6302083333,0.6354166667,0.640625,                 9P    319
0.6458333333,0.6510416667,0.65625,0.6614583333,0.6666666667,           9P    320
0.671875,0.6770833333,0.6822916667,0.6875,0.6927083333,                9P    321
0.6979166667,0.703125,0.7083333333,0.7135416667,0.71875,               9P    322
0.7239583333,0.7291666667,0.734375,0.7395833333,0.7447916667,          9P    323
0.75,0.7708333333,0.7916666667,0.8125,0.8333333333,0.8541666667,       9P    324
0.875,0.8958333333,0.9166666667,0.9375,0.9583333333,                   9P    325
0.9791666667,1.,1.017857143,1.035714286,1.053571429,1.071428571,       9P    326
1.089285714,1.107142857,1.125,1.142857143,1.160714286,                 9P    327
1.178571429,1.196428571,1.214285714,1.232142857,1.25,                  9P    328
1.267857143,1.285714286,1.303571429,1.321428571,1.339285714,           9P    329
1.357142857,1.375,1.392857143,1.410714286,1.428571429,                 9P    330
1.446428571,1.464285714,1.482142857,1.5,1.517857143,1.535714286,       9P    331
1.553571429,1.571428571,1.589285714,1.607142857,1.625,                 9P    332
1.642857143,1.660714286,1.678571429,1.696428571,1.714285714,           9P    333
1.732142857,1.75,1.769230769,1.788461538,1.807692308,                  9P    334
1.826923077,1.846153846,1.865384615,1.884615385,1.903846154,           9P    335
1.923076923,1.942307692,1.961538462,1.980769231,2.,2.020833333,        9P    336
2.041666667,2.0625,2.083333333,2.104166667,2.125,2.145833333,          9P    337
2.166666667,2.1875,2.208333333,2.229166667,2.25,2.255208333,           9P    338
2.260416667,2.265625,2.270833333,2.276041667,2.28125,                  9P    339
2.286458333,2.291666667,2.296875,2.302083333,2.307291667,2.3125,       9P    340
2.317708333,2.322916667,2.328125,2.333333333,2.338541667,              9P    341
2.34375,2.348958333,2.354166667,2.359375,2.364583333,                  9P    342
2.369791667,2.375,2.380208333,2.385416667,2.390625,2.395833333,        9P    343
2.401041667,2.40625,2.411458333,2.416666667,2.421875,                  9P    344
2.427083333,2.432291667,2.4375,2.442708333,2.447916667,2.453125,       9P    345
2.458333333,2.463541667,2.46875,2.473958333,2.479166667,               9P    346
2.484375,2.489583333,2.494791667,2.5,2.517857143,2.535714286,          9P    347
2.553571429,2.571428571,2.589285714,2.607142857,2.625,                 9P    348
2.642857143,2.660714286,2.678571429,2.696428571,2.714285714,           9P    349
2.732142857,2.75,2.767857143,2.785714286,2.803571429,                  9P    350
2.821428571,2.839285714,2.857142857,2.875,2.892857143,                 9P    351
2.910714286,2.928571429,2.946428571,2.964285714,2.982142857,3.,        9P    352
3.015625,3.03125,3.046875,3.0625,3.078125,3.09375,3.109375,            9P    353
3.125,3.140625,3.15625,3.171875,3.1875,3.203125,3.21875,               9P    354
3.234375,3.25,3.264705882,3.279411765,3.294117647,3.308823529,         9P    355
3.323529412,3.338235294,3.352941176,3.367647059,3.382352941,           9P    356
3.397058824,3.411764706,3.426470588,3.441176471,3.455882353,           9P    357
3.470588235,3.485294118,3.5,3.514705882,3.529411765,3.544117647,       9P    358
3.558823529,3.573529412,3.588235294,3.602941176,3.617647059,           9P    359
3.632352941,3.647058824,3.661764706,3.676470588,3.691176471,           9P    360
3.705882353,3.720588235,3.735294118,3.75,3.764705882,                  9P    361
3.779411765,3.794117647,3.808823529,3.823529412,3.838235294,           9P    362
3.852941176,3.867647059,3.882352941,3.897058824,3.911764706,           9P    363
3.926470588,3.941176471,3.955882353,3.970588235,3.985294118,4.,        9P    364
4.,1.,1.,1.,1.,1.,1.,1.,1.,1.,1.,1.,1.,1.,1.,1.,1.,1.,1.,1.,1.,        9P    365
1.,1.,1.,1.,1.,1.,1.,1.,1.,1.,1.,1.,1.,1.,1.,1.,1.,1.,1.,1.,1.,        9P    366
1.,1.,1.,1.,1.,1.,1.,1.,1.,1.,1.,1.,1.,1.,1.,1.,1.,1.,1.,1.,1.,        9P    367
1.,1.,1.,1.,1.,1.,1.,1.,1.,1.,1.,1.,1.,1.,1.,1.,1.,1.,1.,1.,1.,        9P    368
1.,1.,1.,1.,1.,1.,1.,1.,1.,1.,1.,1.,1.,1.,1.,1.,1.,1.,1.,1.,1.,        9P    369
1.,1.,1.,1.,1.,1.,1.,1.,1.,1.,1.,1.,1.,1.,1.,1.,1.,1.,1.,1.,1.,        9P    370
1.,1.,1.,1.,1.,1.,1.,1.,1.,1.,1.,1.,1.,1.,1.,1.,1.,1.,1.,1.,1.,        9P    371
1.,1.,1.,1.,1.,1.,1.,1.,1.,1.,1.,1.,1.,1.,1.,1.,1.,1.,1.,1.,1.,        9P    372
1.,1.,1.,1.,1.,1.,1.,1.,1.,1.,1.,1.,1.,1.,1.,1.,1.,1.,1.,1.,1.,        9P    373
1.,1.,1.,1.,1.,1.,1.,1.,1.,1.,1.,1.,1.,1.,1.,1.,1.,1.,1.,1.,1.,        9P    374
1.,1.,1.,1.,1.,1.,1.,1.,1.,1.,1.,1.,1.,1.,1.,1.,1.,1.,1.,1.,1.,        9P    375
1.,1.,1.,1.,1.,1.,1.,1.,1.,1.,1.,1.,1.,1.,1.,1.,1.,1.,1.,1.,1.,        9P    376
1.,1.,1.,1.,1.,1.,1.,1.,1.,1.,1.,1.,1.,1.,1.,1.,1.,1.,1.,1.,1.,        9P    377
1.,1.,1.,1.,1.,1.,1.,1.,1.,1.,1.,1.,1.,1.,1.,1.,1.,1.,1.,1.,1.,        9P    378
1.,1.,1.,1.,1.,1.,0.,-30.,0.,0.,-30.,0.,0.,-30.,0.,0.,-30.,0.,         9P    379
0.,-30.,0.,0.,-30.,0.,0.,-30.,0.,0.,-30.,0.,0.,-30.,0.,0.,-30.,        9P    380
0.,0.,-30.,0.,0.,-30.,0.,0.,-30.,0.,0.,-30.,0.,0.,-30.,0.,0.,          9P    381
-30.,0.,0.,-30.,0.,0.,-30.,0.,0.,-30.,0.,0.,-30.,0.,0.,-30.,0.,        9P    382
0.,-30.,0.,0.,-30.,0.,0.,-30.,0.,0.,-30.,0.,0.,-30.,0.,0.,-30.,        9P    383
0.,0.,-30.,0.,0.,-30.,0.,2.288695,-29.98716,-0.001050043,              9P    384
4.582986,-29.94936,-0.005034268,6.881937,-29.8877,-0.01320382,         9P    385
9.184613,-29.80324,-0.02680986,11.49008,-29.69708,-0.04710351,         9P    386
13.7974,-29.57031,-0.07533594,16.10565,-29.42401,-0.1127583,           9P    387
18.41388,-29.25926,-0.1606217,20.72116,-29.07715,-0.2201773,           9P    388
23.02656,-28.87876,-0.2926763,25.32914,-28.66518,-0.3793698,           9P    389
27.62796,-28.4375,-0.4815089,29.9221,-28.1968,-0.6003449,              9P    390
32.21062,-27.94416,-0.7371288,34.49258,-27.68066,-0.8931118,           9P    391
36.76705,-27.40741,-1.069545,39.03309,-27.12547,-1.26768,              9P    392
41.28976,-26.83594,-1.488767,43.53614,-26.53989,-1.734058,             9P    393
45.77129,-26.23843,-2.004803,47.99427,-25.93262,-2.302255,             9P    394
50.20415,-25.62355,-2.627664,52.4,-25.31232,-2.982281,54.58087,        9P    395
-25.,-3.367357,56.74584,-24.68768,-3.784144,58.89397,-24.37645,        9P    396
-4.233893,61.02432,-24.06738,-4.717855,63.13596,-23.76157,             9P    397
-5.23728,65.22796,-23.46011,-5.793421,67.29938,-23.16406,              9P    398
-6.387528,69.34928,-22.87453,-7.020852,71.37673,-22.59259,             9P    399
-7.694646,73.3808,-22.31934,-8.410158,75.36055,-22.05584,              9P    400
-9.168642,77.31504,-21.8032,-9.971348,79.24335,-21.5625,               9P    401
-10.81953,81.14453,-21.33482,-11.71443,83.01765,-21.12124,             9P    402
-12.65731,84.86178,-20.92285,-13.64941,86.67598,-20.74074,             9P    403
-14.692,88.45932,-20.57599,-15.78631,90.21086,-20.42969,               9P    404
-16.9336,91.92967,-20.30292,-18.13512,93.61481,-20.19676,              9P    405
-19.39213,95.26535,-20.1123,-20.70587,96.88035,-20.05064,              9P    406
-22.07759,98.45888,-20.01284,-23.50855,100.,-20.,-25.,100.,-20.,       9P    407
-25.,100.,-20.,-25.,100.,-20.,-25.,100.,-20.,-25.,100.,-20.,           9P    408
-25.,100.,-20.,-25.,100.,-20.,-25.,100.,-20.,-25.,100.,-20.,           9P    409
-25.,100.,-20.,-25.,100.,-20.,-25.,100.,-20.,-25.,101.1752,            9P    410
-19.96605,-25.,102.3324,-19.86545,-25.,103.4699,-19.70007,-25.,        9P    411
104.5858,-19.47179,-25.,105.6782,-19.18248,-25.,106.7452,              9P    412
-18.83403,-25.,107.7849,-18.4283,-25.,108.7955,-17.96718,-25.,         9P    413
109.7751,-17.45253,-25.,110.7218,-16.88624,-25.,111.6337,              9P    414
-16.27018,-25.,112.509,-15.60622,-25.,113.3458,-14.89625,-25.,         9P    415
114.1421,-14.14214,-25.,114.8963,-13.34575,-25.,115.6062,              9P    416
-12.50898,-25.,116.2702,-11.63369,-25.,116.8862,-10.72176,             9P    417
-24.99999,117.4525,-9.775072,-24.99999,117.9672,-8.795493,             9P    418
-24.99999,118.4283,-7.784903,-24.99999,118.834,-6.745176,              9P    419
-24.99998,119.1825,-5.678188,-24.99998,119.4718,-4.585817,             9P    420
-24.99998,119.7001,-3.469936,-24.99998,119.8654,-2.332423,             9P    421
-24.99999,119.966,-1.175152,-24.99999,120.,0.,-25.,119.966,            9P    422
1.175152,-25.00001,119.8654,2.332423,-25.00002,119.7001,               9P    423
3.469936,-25.00003,119.4718,4.585817,-25.00003,119.1825,               9P    424
5.678188,-25.00004,118.834,6.745176,-25.00005,118.4283,7.784903,       9P    425
-25.00005,117.9672,8.795493,-25.00006,117.4525,9.775072,               9P    426
-25.00007,116.8862,10.72176,-25.00007,116.2702,11.63369,               9P    427
-25.00008,115.6062,12.50898,-25.00008,114.8963,13.34575,               9P    428
-25.00008,114.1421,14.14214,-25.00008,113.2792,14.95246,               9P    429
-25.00009,112.3637,15.71141,-25.00008,111.3996,16.41667,               9P    430
-25.00008,110.3911,17.06587,-25.00008,109.3424,17.65669,               9P    431
-25.00008,108.2576,18.18677,-25.00007,107.1408,18.65377,               9P    432
-25.00006,105.9962,19.05536,-25.00006,104.8278,19.38918,               9P    433
-25.00005,103.6399,19.6529,-25.00004,102.4365,19.84417,                9P    434
-25.00003,101.2219,19.96065,-25.00001,100.,20.,-25.,100.,20.,          9P    435
-25.,100.,20.,-25.,100.,20.,-25.,100.,20.,-25.,100.,20.,-25.,          9P    436
100.,20.,-25.,100.,20.,-25.,100.,20.,-25.,100.,20.,-25.,100.,          9P    437
20.,-25.,100.,20.,-25.,100.,20.,-25.,98.45888,20.01284,                9P    438
-23.50855,96.88035,20.05064,-22.07759,95.26535,20.1123,                9P    439
-20.70587,93.61481,20.19676,-19.39213,91.92967,20.30292,               9P    440
-18.13512,90.21086,20.42969,-16.9336,88.45932,20.57599,                9P    441
-15.78631,86.67598,20.74074,-14.692,84.86178,20.92285,-13.64941,       9P    442
83.01765,21.12124,-12.65731,81.14453,21.33482,-11.71443,               9P    443
79.24335,21.5625,-10.81953,77.31504,21.8032,-9.971348,75.36055,        9P    444
22.05584,-9.168642,73.3808,22.31934,-8.410158,71.37673,22.59259,       9P    445
-7.694646,69.34928,22.87453,-7.020852,67.29938,23.16406,               9P    446
-6.387528,65.22796,23.46011,-5.793421,63.13596,23.76157,               9P    447
-5.23728,61.02432,24.06738,-4.717855,58.89397,24.37645,                9P    448
-4.233893,56.74584,24.68768,-3.784144,54.58087,25.,-3.367357,          9P    449
52.4,25.31232,-2.982281,50.20415,25.62355,-2.627664,47.99427,          9P    450
25.93262,-2.302255,45.77129,26.23843,-2.004803,43.53614,               9P    451
26.53989,-1.734058,41.28976,26.83594,-1.488767,39.03309,               9P    452
27.12547,-1.26768,36.76705,27.40741,-1.069545,34.49258,27.68066,       9P    453
-0.8931118,32.21062,27.94416,-0.7371288,29.9221,28.1968,               9P    454
-0.6003449,27.62796,28.4375,-0.4815089,25.32914,28.66518,              9P    455
-0.3793698,23.02656,28.87876,-0.2926763,20.72116,29.07715,             9P    456
-0.2201773,18.41388,29.25926,-0.1606217,16.10565,29.42401,             9P    457
-0.1127583,13.7974,29.57031,-0.07533594,11.49008,29.69708,             9P    458
-0.04710351,9.184613,29.80324,-0.02680986,6.881937,29.8877,            9P    459
-0.01320382,4.582986,29.94936,-0.005034268,2.288695,29.98716,          9P    460
-0.001050043,0.,30.,0.,0.,30.,0.,0.,30.,0.,0.,30.,0.,0.,30.,0.,        9P    461
0.,30.,0.,0.,30.,0.,0.,30.,0.,0.,30.,0.,0.,30.,0.,0.,30.,0.,0.,        9P    462
30.,0.,0.,30.,0.,0.,30.,0.,0.,30.,0.,0.,30.,0.,0.,30.,0.,0.,30.,       9P    463
0.,0.,30.,0.,0.,30.,0.,0.,30.,0.,0.,30.,0.,0.,30.,0.,0.,30.,0.,        9P    464
0.,30.,0.,0.,30.,0.,0.,30.,0.,0.,30.,0.,0.,30.,0.,-1.48978,            9P    465
29.96096,0.,-2.973218,29.84511,0.,-4.446988,29.65433,0.,               9P    466
-5.907766,29.39051,0.,-7.352225,29.05552,0.,-8.77704,28.65126,         9P    467
0.,-10.17889,28.17961,0.,-11.55444,27.64245,0.,-12.90037,              9P    468
27.04167,0.,-14.21336,26.37916,0.,-15.49007,25.6568,0.,                9P    469
-16.72719,24.87647,0.,-17.92139,24.04006,0.,-19.06934,23.14946,        9P    470
0.,-20.16772,22.20654,0.,-21.2132,21.2132,0.,-22.14949,20.23392,       9P    471
0.,-23.04121,19.21321,0.,-23.88678,18.15264,0.,-24.68464,              9P    472
17.0538,0.,-25.43322,15.91823,0.,-26.13095,14.74753,0.,                9P    473
-26.77624,13.54326,0.,-27.36754,12.307,0.,-27.90327,11.0403,0.,        9P    474
-28.38186,9.744754,0.,-28.80173,8.421923,0.,-29.16132,7.073381,        9P    475
0.,-29.45906,5.700699,0.,-29.69336,4.305448,0.,-29.86267,2.8892,       9P    476
0.,-29.96541,1.453527,0.,-30.,0.,0.,-29.96541,-1.453527,0.,            9P    477
-29.86267,-2.8892,0.,-29.69336,-4.305448,0.,-29.45906,-5.700699,       9P    478
0.,-29.16132,-7.073381,0.,-28.80173,-8.421923,0.,-28.38186,            9P    479
-9.744754,0.,-27.90327,-11.0403,0.,-27.36754,-12.307,0.,               9P    480
-26.77624,-13.54326,0.,-26.13095,-14.74753,0.,-25.43322,               9P    481
-15.91823,0.,-24.68464,-17.0538,0.,-23.88678,-18.15264,0.,             9P    482
-23.04121,-19.21321,0.,-22.14949,-20.23392,0.,-21.2132,-21.2132,       9P    483
0.,-20.23392,-22.14949,0.,-19.21321,-23.04121,0.,-18.15264,            9P    484
-23.88678,0.,-17.0538,-24.68464,0.,-15.91823,-25.43322,0.,             9P    485
-14.74753,-26.13095,0.,-13.54326,-26.77624,0.,-12.307,-27.36754,       9P    486
0.,-11.0403,-27.90327,0.,-9.744754,-28.38186,0.,-8.421923,             9P    487
-28.80173,0.,-7.073381,-29.16132,0.,-5.700699,-29.45906,0.,            9P    488
-4.305448,-29.69336,0.,-2.8892,-29.86267,0.,-1.453527,-29.96541,       9P    489
0.,0.,-30.,0.,0.,4.,0.,0.,0.;                                          9P    490
141,1,2,3,1,15,1,1,13;                                                11P    491
106,1,96,0.,3.251568905,2.017504715,3.237259055,2.027543287,          13P    492
3.223040113,2.047598596,3.209030931,2.077164278,3.195323937,          13P    493
2.115295849,3.182033399,2.161264721,3.169263517,2.214301922,          13P    494
3.157123052,2.273727411,3.151423198,2.306326008,3.145724416,          13P    495
2.338927097,3.140454751,2.374131199,3.135185549,2.40933707,           13P    496
3.130404264,2.446863193,3.125622909,2.484390486,3.121406929,          13P    497
2.524019933,3.117190479,2.563650058,3.11359548,2.605054197,           13P    498
3.109999765,2.646458653,3.107093397,2.689335236,3.1041862,            13P    499
2.732211906,3.101853858,2.776017394,3.099920582,2.820291059,          13P    500
3.098373286,2.864912819,3.097252143,2.909821455,3.096577271,          13P    501
2.954869481,3.096361275,3.,3.096612711,3.045136193,3.097308533,       13P    502
3.090156875,3.098410774,3.135031988,3.099908248,3.179721459,          13P    503
3.101811958,3.224130223,3.104132316,3.267988694,3.107035045,          13P    504
3.31085404,3.109936946,3.353719297,3.11354548,3.395043373,            13P    505
3.1171533,3.436367131,3.121392181,3.475972191,3.125630592,            13P    506
3.515576572,3.130408073,3.55312032,3.135185483,3.590662898,           13P    507
3.140454681,3.625868764,3.145724342,3.661072861,3.151423119,          13P    508
3.693673944,3.15712298,3.72627261,3.169263427,3.785698021,            13P    509
3.182033299,3.838735202,3.195328771,3.884647291,3.209028323,          13P    510
3.922860023,3.223039983,3.95240126,3.237259067,3.972441789,           13P    511
3.251568755,3.982495096,3.265642962,3.981683376,3.279161125,          13P    512
3.969934057,3.292076467,3.947975885,3.304332667,3.915857018,          13P    513
3.315885955,3.874117447,3.326703836,3.824164239,3.336792403,          13P    514
3.766418814,3.346169449,3.701227707,3.350449879,3.665270141,          13P    515
3.354732782,3.629307356,3.358533637,3.590384024,3.362337236,          13P    516
3.551455695,3.365638254,3.509767388,3.368941958,3.468074994,          13P    517
3.371719405,3.423870363,3.374499103,3.379663094,3.376741768,          13P    518
3.333764986,3.378985833,3.287865909,3.380659742,3.240606301,          13P    519
3.382333903,3.193347059,3.383358934,3.145172631,3.384382844,          13P    520
3.096999161,3.38473324,3.048499236,3.385081042,3.,3.384795277,        13P    521
2.938549935,3.383958374,2.877168831,3.38258363,2.815707486,           13P    522
3.380660897,2.754273863,3.3781713,2.692868176,3.375115702,            13P    523
2.631406684,3.371459337,2.569916467,3.367143437,2.508545112,          13P    524
3.362085554,2.447135409,3.356222993,2.385729704,3.349365852,          13P    525
2.324337344,3.341238414,2.262909163,3.331521607,2.201826213,          13P    526
3.319356536,2.140757639,3.306142733,2.090312781,3.297425272,          13P    527
2.064716772,3.285533637,2.03936875,3.27703156,2.02745164,             13P    528
3.268555746,2.019975909,3.260064949,2.016641636,3.251568905,          13P    529
2.017504715;                                                          13P    530
126,113,1,0,1,1,0,0.,0.,1.,2.,3.,4.,5.,5.5,6.,6.5,7.,8.,9.,10.,       15P    531
11.,12.,13.,14.,15.,16.,17.,18.,19.,20.,21.,22.,23.,24.,25.,26.,      15P    532
27.,28.,29.,30.,31.,32.,33.,34.,35.,36.,37.,38.,39.,40.,41.,42.,      15P    533
43.,43.5,44.,44.5,45.,46.,47.,48.,49.,50.,51.,52.,53.,54.,55.,        15P    534
56.,56.5,57.,57.5,58.,59.,60.,61.,62.,63.,64.,65.,66.,67.,68.,        15P    535
69.,70.,71.,72.,73.,74.,75.,76.,77.,77.5,78.,78.5,79.,79.5,80.,       15P    536
80.5,81.,81.5,82.,82.5,83.,83.5,84.,84.5,85.,85.5,86.,86.5,87.,       15P    537
87.5,88.,88.5,89.,90.,91.,92.,93.,94.,95.,95.,1.,1.,1.,1.,1.,1.,      15P    538
1.,1.,1.,1.,1.,1.,1.,1.,1.,1.,1.,1.,1.,1.,1.,1.,1.,1.,1.,1.,1.,       15P    539
1.,1.,1.,1.,1.,1.,1.,1.,1.,1.,1.,1.,1.,1.,1.,1.,1.,1.,1.,1.,1.,       15P    540
1.,1.,1.,1.,1.,1.,1.,1.,1.,1.,1.,1.,1.,1.,1.,1.,1.,1.,1.,1.,1.,       15P    541
1.,1.,1.,1.,1.,1.,1.,1.,1.,1.,1.,1.,1.,1.,1.,1.,1.,1.,1.,1.,1.,       15P    542
1.,1.,1.,1.,1.,1.,1.,1.,1.,1.,1.,1.,1.,1.,1.,1.,1.,1.,1.,1.,1.,       15P    543
1.,1.,1.,30.65543,-19.82397,19.72615,28.94891,-19.77615,              15P    544
20.08316,27.26656,-19.55908,20.57649,25.61774,-19.17095,21.1926,      15P    545
24.00832,-18.61584,21.90871,22.44809,-17.89393,22.70262,              15P    546
21.69923,-17.45545,23.13161,20.94648,-17.0067,23.54993,20.23249,      15P    547
-16.48691,23.99473,19.51454,-15.95531,24.42618,18.84155,              15P    548
-15.35491,24.87466,18.16476,-14.74139,25.30689,17.53982,              15P    549
-14.0615,25.74695,16.91115,-13.36757,26.16763,16.34146,               15P    550
-12.61047,26.58706,15.7682,-11.83876,26.98385,15.26364,               15P    551
-11.00649,27.37099,14.75573,-10.15936,27.73211,14.32368,              15P    552
-9.257501,28.07476,13.88853,-8.340968,28.38808,13.53801,              15P    553
-7.375836,28.67496,13.18468,-6.396586,28.92932,12.90167,              15P    554
-5.381556,29.1504,12.66679,-4.341976,29.33516,12.47848,               15P    555
-3.281247,29.48165,12.34192,-2.201468,29.588,12.25969,-1.106965,      15P    556
29.65256,12.23342,0.,29.67422,12.26418,1.107096,29.65231,             15P    557
12.34906,2.200922,29.58765,12.48324,3.279904,29.48154,12.66523,       15P    558
4.342282,29.33521,12.89634,5.385048,29.15007,13.17782,6.40128,        15P    559
28.9287,13.53058,7.380229,28.67429,13.88055,8.345067,28.38739,        15P    560
14.31735,9.259754,28.07444,14.75106,10.15982,27.73227,15.26181,       15P    561
11.00635,27.37117,15.76919,11.83805,26.98409,16.34196,12.61012,       15P    562
26.58718,16.91115,13.36757,26.16763,17.53982,14.0615,25.74695,        15P    563
18.16476,14.74139,25.30689,18.84155,15.35491,24.87466,19.51454,       15P    564
15.95531,24.42618,20.23249,16.48691,23.99473,20.94648,17.0067,        15P    565
23.54993,21.69923,17.45545,23.13161,22.44809,17.89393,22.70262,       15P    566
24.00901,18.61484,21.90946,25.61739,19.17137,21.19227,27.26656,       15P    567
19.55908,20.57649,28.94896,19.77592,20.08338,30.65543,19.82396,       15P    568
19.72615,32.35266,19.69842,19.52357,34.00608,19.40386,19.47903,       15P    569
35.61112,18.95132,19.57641,37.16228,18.33782,19.80669,38.65291,       15P    570
17.56517,20.15071,40.0742,16.64779,20.57604,40.74929,16.11867,        15P    571
20.82644,41.4233,15.58339,21.06216,42.06156,14.97948,21.33375,        15P    572
42.69797,14.36797,21.58762,43.29016,13.69112,21.86858,43.87991,       15P    573
13.00527,22.12868,44.41416,12.25865,22.40762,44.94502,11.50197,       15P    574
22.66259,45.41586,10.68545,22.92915,45.88229,9.857992,23.1684,        15P    575
46.28367,8.972898,23.41172,46.67955,8.076275,23.62423,47.00633,       15P    576
7.136354,23.82996,47.32667,6.184887,24.00209,47.57223,5.195691,       15P    577
24.16203,47.81047,4.195172,24.28571,47.96294,3.165557,24.39378,       15P    578
48.10739,2.125044,24.46329,48.16217,1.067634,24.51366,48.20848,       15P    579
0.,24.52382,48.16722,-1.350914,24.49956,48.04603,-2.684129,           15P    580
24.42722,47.84664,-4.002401,24.30729,47.70893,-4.655001,              15P    581
24.23195,47.5681,-5.302904,24.14122,47.3898,-5.946501,24.04338,       15P    582
47.20845,-6.585176,23.93036,46.98976,-7.220359,23.8101,46.76811,      15P    583
-7.850365,23.6748,46.50716,-8.476595,23.53278,46.24335,               15P    584
-9.097393,23.37583,45.93695,-9.713032,23.21341,45.62784,              15P    585
-10.32301,23.03619,45.27123,-10.92957,22.85387,44.91208,              15P    586
-11.5302,22.65674,44.50188,-12.12714,22.45517,44.08935,-12.7179,      15P    587
22.23873,43.61459,-13.30546,22.01981,43.13772,-13.88661,              15P    588
21.78584,42.58228,-14.46597,21.5517,42.02504,-15.03868,21.3021,       15P    589
41.37085,-15.60754,21.05705,40.71525,-16.1696,20.79606,39.91122,      15P    590
-16.73426,20.54529,39.10627,-17.29194,20.27728,38.25069,              15P    591
-17.7602,20.07441,37.3949,-18.2236,19.85801,36.28473,-18.70561,       15P    592
19.66166,34.79426,-19.20514,19.50741,33.74385,-19.46236,              15P    593
19.47584,32.70696,-19.64877,19.50231,31.67731,-19.76972,              15P    594
19.58509,30.65543,-19.82397,19.72615,0.,95.,0.,0.,0.;                 15P    595
143,1,19,1,21;                                                        17P    596
128,24,6,6,6,0,0,1,0,0,1.,1.,1.,1.,1.,1.,1.,2.,2.,2.,2.,2.,2.,        19P    597
3.,3.,3.,3.,3.,3.,4.,4.,4.,4.,4.,4.,5.,5.,5.,5.,5.,5.,5.,1.,1.,       19P    598
1.,1.,1.,1.,1.,2.,2.,2.,2.,2.,2.,2.,1.,1.,1.,1.,1.,1.,1.,1.,1.,       19P    599
1.,1.,1.,1.,1.,1.,1.,1.,1.,1.,1.,1.,1.,1.,1.,1.,1.,1.,1.,1.,1.,       19P    600
1.,1.,1.,1.,1.,1.,1.,1.,1.,1.,1.,1.,1.,1.,1.,1.,1.,1.,1.,1.,1.,       19P    601
1.,1.,1.,1.,1.,1.,1.,1.,1.,1.,1.,1.,1.,1.,1.,1.,1.,1.,1.,1.,1.,       19P    602
1.,1.,1.,1.,1.,1.,1.,1.,1.,1.,1.,1.,1.,1.,1.,1.,1.,1.,1.,1.,1.,       19P    603
1.,1.,1.,1.,1.,1.,1.,1.,1.,1.,1.,1.,1.,1.,1.,1.,1.,1.,1.,1.,1.,       19P    604
1.,1.,1.,1.,1.,1.,1.,1.,1.,1.,1.,1.,1.,1.,1.,1.,1.,1.,1.,1.,1.,       19P    605
1.,1.,1.,1.,1.,1.,1.,1.,1.,1.,1.,1.,1.,1.,1.,1.,1.,1.,1.,1.,1.,       19P    606
1.,1.,1.,1.,1.,1.,1.,1.,1.,1.,1.,1.,1.,1.,1.,1.,1.,1.,1.,             19P    607
-90.00142,0.006269806,3.673819D-015,-90.00205,-5.999211,              19P    608
3.673819D-015,-89.51779,-12.00297,3.673819D-015,-88.55683,            19P    609
-17.95849,3.673819D-015,-87.12734,-23.81924,3.673819D-015,            19P    610
-85.23752,-29.53869,3.673819D-015,-82.89554,-35.07033,                19P    611
3.673819D-015,-80.64189,-40.39335,3.673819D-015,-77.97427,            19P    612
-45.53803,3.673819D-015,-74.91629,-50.46991,3.673819D-015,            19P    613
-71.49158,-55.1545,3.673819D-015,-67.72376,-59.55733,                 19P    614
3.673819D-015,-63.63644,-63.64392,3.673819D-015,-59.5477,             19P    615
-67.73195,3.673819D-015,-55.14257,-71.50077,3.673819D-015,            19P    616
-50.45555,-74.92641,3.673819D-015,-45.52114,-77.9849,                 19P    617
3.673819D-015,-40.37384,-80.65227,3.673819D-015,-35.04815,            19P    618
-82.90455,3.673819D-015,-29.51082,-85.24633,3.673819D-015,            19P    619
-23.78528,-87.13832,7.7593D-005,-17.91812,-88.57012,                  19P    620
0.0001939825,-11.95598,-89.53132,0.000310372,-5.945474,               19P    621
-90.01153,0.000387965,0.06678096,-90.00034,0.000387965,               19P    622
-80.00142,0.005224863,3.061516D-015,-80.00198,-5.33257,               19P    623
3.061516D-015,-79.57181,-10.66887,3.061516D-015,-78.71805,            19P    624
-15.96229,3.061516D-015,-77.44788,-21.17147,3.061516D-015,            19P    625
-75.76843,-26.25502,3.061516D-015,-73.68687,-31.17157,                19P    626
3.061516D-015,-71.68346,-35.90352,3.061516D-015,-69.312,              19P    627
-40.47691,3.061516D-015,-66.5935,-44.86111,3.061516D-015,             19P    628
-63.54898,-49.02548,3.061516D-015,-60.19948,-52.9394,                 19P    629
3.061516D-015,-56.566,-56.57223,3.061516D-015,-52.93133,              19P    630
-60.20626,3.061516D-015,-49.01549,-63.55663,3.061516D-015,            19P    631
-44.84912,-66.60198,3.061516D-015,-40.46283,-69.32095,                19P    632
3.061516D-015,-35.88727,-71.69219,3.061516D-015,-31.15307,            19P    633
-73.69432,3.061516D-015,-26.23173,-75.77559,3.061516D-015,            19P    634
-21.14301,-77.45705,7.7593D-005,-15.92846,-78.72944,                  19P    635
0.0001939825,-10.62957,-79.58358,0.000310372,-5.287734,               19P    636
-80.01029,0.000387965,0.05572587,-80.00035,0.000387965,               19P    637
-70.00142,0.004179921,2.449213D-015,-70.00191,-4.665842,              19P    638
2.449213D-015,-69.62584,-9.334627,2.449213D-015,-68.87931,            19P    639
-13.96595,2.449213D-015,-67.76845,-18.52357,2.449213D-015,            19P    640
-66.29937,-22.97127,2.449213D-015,-64.47819,-27.27282,                19P    641
2.449213D-015,-62.72502,-31.41372,2.449213D-015,-60.64971,            19P    642
-35.41582,2.449213D-015,-58.27068,-39.25234,2.449213D-015,            19P    643
-55.60636,-42.89648,2.449213D-015,-52.67518,-46.32148,                19P    644
2.449213D-015,-49.49555,-49.50054,2.449213D-015,-46.315,              19P    645
-52.68054,2.449213D-015,-42.88847,-55.61245,2.449213D-015,            19P    646
-39.24275,-58.27751,2.449213D-015,-35.40458,-60.65697,                19P    647
2.449213D-015,-31.40074,-62.73209,2.449213D-015,-27.25798,            19P    648
-64.48409,2.449213D-015,-22.95262,-66.30487,2.449213D-015,            19P    649
-18.5008,-67.77577,7.7593D-005,-13.9389,-68.88876,0.0001939825,       19P    650
-9.303211,-69.63585,0.000310372,-4.629965,-70.00905,0.000387965,      19P    651
0.04467078,-70.00035,0.000387965,-60.00142,0.003134978,               19P    652
1.83691D-015,-60.00184,-3.999079,1.83691D-015,-59.67987,              19P    653
-8.000332,1.83691D-015,-59.04058,-11.96954,1.83691D-015,              19P    654
-58.08904,-15.87562,1.83691D-015,-56.83033,-19.68749,                 19P    655
1.83691D-015,-55.26952,-23.37406,1.83691D-015,-53.76658,              19P    656
-26.92392,1.83691D-015,-51.98742,-30.35474,1.83691D-015,              19P    657
-49.94785,-33.64358,1.83691D-015,-47.66373,-36.7675,                  19P    658
1.83691D-015,-45.15087,-39.70357,1.83691D-015,-42.42511,              19P    659
-42.42885,1.83691D-015,-39.69867,-45.15481,1.83691D-015,              19P    660
-36.76147,-47.66825,1.83691D-015,-33.6364,-49.95302,                  19P    661
1.83691D-015,-30.34635,-51.99298,1.83691D-015,-26.91422,              19P    662
-53.77198,1.83691D-015,-23.3629,-55.27386,1.83691D-015,               19P    663
-19.67349,-56.83414,1.83691D-015,-15.85862,-58.09448,                 19P    664
7.7593D-005,-11.94939,-59.04807,0.0001939825,-7.976881,               19P    665
-59.68811,0.000310372,-3.972184,-60.00781,0.000387965,0.0336157,      19P    666
-60.00035,0.000387965,-50.00142,0.002090035,1.224606D-015,            19P    667
-50.00177,-3.332334,1.224606D-015,-49.7339,-6.666064,                 19P    668
1.224606D-015,-49.20185,-9.973163,1.224606D-015,-48.40963,            19P    669
-13.22769,1.224606D-015,-47.36128,-16.40372,1.224606D-015,            19P    670
-46.06084,-19.4753,1.224606D-015,-44.80814,-22.43412,                 19P    671
1.224606D-015,-43.32513,-25.29366,1.224606D-015,-41.62503,            19P    672
-28.03482,1.224606D-015,-39.7211,-30.63851,1.224606D-015,             19P    673
-37.62657,-33.08566,1.224606D-015,-35.35467,-35.35716,                19P    674
1.224606D-015,-33.08234,-37.62908,1.224606D-015,-30.63446,            19P    675
-39.72406,1.224606D-015,-28.03004,-41.62854,1.224606D-015,            19P    676
-25.28812,-43.329,1.224606D-015,-22.4277,-44.81187,                   19P    677
1.224606D-015,-19.46782,-46.06363,1.224606D-015,-16.39437,            19P    678
-47.36342,1.224606D-015,-13.21645,-48.41319,7.7593D-005,              19P    679
-9.95989,-49.20738,0.0001939825,-6.650561,-49.74038,0.000310372,      19P    680
-3.314408,-50.00657,0.000387965,0.02256061,-50.00035,                 19P    681
0.000387965,-40.00142,0.001045092,6.123032D-016,-40.0017,             19P    682
-2.665657,6.123032D-016,-39.78792,-5.331904,6.123032D-016,            19P    683
-39.36308,-7.976906,6.123032D-016,-38.73018,-10.57987,                19P    684
6.123032D-016,-37.89221,-13.12002,6.123032D-016,-36.85217,            19P    685
-15.57655,6.123032D-016,-35.84971,-17.94431,6.123032D-016,            19P    686
-34.66285,-20.23255,6.123032D-016,-33.30223,-22.42603,                19P    687
6.123032D-016,-31.77849,-24.50951,6.123032D-016,-30.10228,            19P    688
-26.46773,6.123032D-016,-28.28422,-28.28547,6.123032D-016,            19P    689
-26.46599,-30.10338,6.123032D-016,-24.50741,-31.7799,                 19P    690
6.123032D-016,-22.42364,-33.3041,6.123032D-016,-20.22983,             19P    691
-34.66504,6.123032D-016,-17.94115,-35.85178,6.123032D-016,            19P    692
-15.57274,-36.8534,6.123032D-016,-13.11526,-37.89269,                 19P    693
6.123032D-016,-10.57426,-38.73191,7.7593D-005,-7.970357,              19P    694
-39.36669,0.0001939825,-5.324229,-39.79264,0.000310372,               19P    695
-2.656657,-40.00532,0.000387965,0.01150552,-40.00036,                 19P    696
0.000387965,-30.00142,1.488597D-007,0.,-30.00163,-1.999102,0.,        19P    697
-29.84193,-3.997934,0.,-29.52428,-5.980858,0.,-29.05068,              19P    698
-7.932235,0.,-28.42309,-9.836426,0.,-27.64349,-11.67779,0.,           19P    699
-26.89129,-13.45447,0.,-26.00059,-15.1714,0.,-24.97946,-16.8172,      19P    700
0.,-23.83591,-18.38046,0.,-22.57801,-19.84979,0.,-21.21378,           19P    701
-21.21378,0.,-19.84959,-22.57772,0.,-18.38029,-23.8358,0.,            19P    702
-16.81715,-24.97971,0.,-15.17146,-26.00112,0.,-13.45454,              19P    703
-26.89171,0.,-11.67766,-27.64317,0.,-9.836201,-28.42194,0.,           19P    704
-7.932047,-29.05062,7.7593D-005,-5.98075,-29.52601,0.0001939825,      19P    705
-3.997865,-29.8449,0.000310372,-1.998946,-30.00408,0.000387965,       19P    706
0.0004504344,-30.00036,0.000387965,1.,5.,1.,2.;                       19P    707
141,1,2,19,3,25,1,1,23,29,1,1,27,33,1,1,31;                           21P    708
106,1,32,0.,1.,1.50002374,1.065108194,1.49968551,1.130216389,         23P    709
1.498665148,1.195324583,1.496961262,1.260432777,1.494569659,          23P    710
1.325540972,1.491483315,1.390649166,1.487692319,1.45575736,           23P    711
1.483183783,1.520865555,1.477941721,1.58075736,1.472454756,           23P    712
1.640649166,1.466313303,1.700540972,1.459497209,1.760432777,          23P    713
1.451983526,1.820324583,1.443746307,1.880216389,1.434756363,          23P    714
1.940108194,1.424980979,2.,1.414383592,2.,1.414383592,                23P    715
2.070809563,1.401275891,2.141619126,1.387004818,2.212428689,          23P    716
1.371505908,2.283238252,1.354706269,2.354047815,1.336523577,          23P    717
2.424857378,1.316864894,2.46026216,1.306449772,2.495666941,           23P    718
1.29562527,2.531071723,1.284376122,2.566476504,1.272686088,           23P    719
2.620666941,1.253900673,2.674857378,1.233974492,2.729047815,          23P    720
1.21283352,2.764406866,1.198193147;                                   23P    721
126,37,1,1,0,1,0,0.,0.,1.,2.,3.,4.,5.,6.,7.,8.,9.,10.,11.,12.,        25P    722
13.,14.,15.,16.,17.,17.5,18.,18.5,19.,19.5,20.,20.5,21.,21.5,         25P    723
22.,22.5,23.,24.,25.,26.,27.,28.,29.,30.,31.,31.,1.,1.,1.,1.,1.,      25P    724
1.,1.,1.,1.,1.,1.,1.,1.,1.,1.,1.,1.,1.,1.,1.,1.,1.,1.,1.,1.,1.,       25P    725
1.,1.,1.,1.,1.,1.,1.,1.,1.,1.,1.,1.,-60.,0.003134829,                 25P    726
1.836822D-015,-59.99998,-1.560589,1.838065D-015,-59.99996,            25P    727
-3.126348,1.841814D-015,-59.99994,-4.696312,1.848073D-015,            25P    728
-59.99992,-6.272663,1.85686D-015,-59.99989,-7.857609,                 25P    729
1.868198D-015,-59.99987,-9.4534,1.882126D-015,-59.99985,              25P    730
-11.06234,1.898689D-015,-59.99983,-12.68682,1.917948D-015,            25P    731
-59.99985,-14.19699,1.938106D-015,-59.99987,-15.7244,                 25P    732
1.960668D-015,-59.99989,-17.27115,1.985709D-015,-59.99991,            25P    733
-18.83945,2.013313D-015,-59.99993,-20.43162,2.043575D-015,            25P    734
-59.99996,-22.05012,2.076603D-015,-59.99998,-23.6976,                 25P    735
2.112516D-015,-60.,-25.37684,2.151449D-015,-60.,-25.37684,            25P    736
2.151449D-015,-60.00779,-26.35122,2.175526D-015,-60.00002,            25P    737
-27.33038,2.199604D-015,-60.00813,-28.32903,2.225819D-015,            25P    738
-60.00004,-29.33287,2.252033D-015,-60.0085,-30.35831,                 25P    739
2.280503D-015,-60.00007,-31.38935,2.308974D-015,-60.00892,            25P    740
-32.44431,2.339833D-015,-60.00009,-33.50529,2.370692D-015,            25P    741
-60.00938,-34.59275,2.404092D-015,-60.00012,-35.68665,                25P    742
2.437492D-015,-60.00988,-36.80986,2.473604D-015,-60.00014,            25P    743
-37.93993,2.509715D-015,-60.00015,-39.09576,2.547978D-015,            25P    744
-60.00017,-40.2723,2.587745D-015,-60.00018,-41.47059,                 25P    745
2.629073D-015,-60.00019,-42.69167,2.67202D-015,-60.00017,             25P    746
-44.60738,2.741034D-015,-60.00015,-46.58349,2.814239D-015,            25P    747
-60.00013,-48.62472,2.891907D-015,-60.00714,-50.00001,                25P    748
2.945693D-015,0.,31.,-6.989662D-014,-1.798964D-017,-1.;               25P    749
106,1,43,0.,2.764406866,1.198193147,2.776926408,1.205671179,          27P    750
2.808794064,1.22419188,2.84066172,1.242004081,2.872529376,            27P    751
1.259142093,2.904397032,1.275637934,2.936264688,1.291521516,          27P    752
2.968132344,1.306820808,3.,1.32156199,3.,1.32156199,3.03125,          27P    753
1.335502586,3.0625,1.348950793,3.125,1.374453246,3.1875,              27P    754
1.398223475,3.25,1.420397848,3.3125,1.441097367,3.375,                27P    755
1.460429676,3.4375,1.47849076,3.5,1.495366379,3.5625,                 27P    756
1.511133292,3.625,1.525860298,3.6875,1.539609128,3.75,                27P    757
1.552435216,3.8125,1.564388353,3.875,1.575513264,3.9375,              27P    758
1.585850094,4.,1.595434835,4.070312495,1.605724175,4.140624989,       27P    759
1.615080792,4.210937484,1.623551447,4.281249979,1.631177078,          27P    760
4.351562474,1.63799334,4.421874968,1.644031071,4.492187463,           27P    761
1.649316678,4.562499958,1.653872457,4.617187463,1.656922991,          27P    762
4.671874968,1.659550412,4.726562474,1.66176059,4.781249979,           27P    763
1.663558149,4.835937484,1.664946503,4.890624989,1.665927869,          27P    764
4.945312495,1.666503279,5.,1.666672587;                               27P    765
126,55,1,1,0,1,0,0.,0.,1.,2.,3.,4.,5.,6.,7.,8.,9.,10.,11.,11.5,       29P    766
12.,12.5,13.,13.5,14.,14.5,15.,15.5,16.,17.,18.,19.,20.,21.,22.,      29P    767
23.,24.,25.,26.,26.5,27.,27.5,28.,28.5,29.,29.5,30.,30.5,31.,         29P    768
31.5,32.,32.5,33.,33.5,34.,35.,36.,37.,38.,39.,40.,41.,42.,42.,       29P    769
1.,1.,1.,1.,1.,1.,1.,1.,1.,1.,1.,1.,1.,1.,1.,1.,1.,1.,1.,1.,1.,       29P    770
1.,1.,1.,1.,1.,1.,1.,1.,1.,1.,1.,1.,1.,1.,1.,1.,1.,1.,1.,1.,1.,       29P    771
1.,1.,1.,1.,1.,1.,1.,1.,1.,1.,1.,1.,1.,1.,-60.00714,-50.00001,        29P    772
2.945693D-015,-59.42206,-50.,2.91822D-015,-57.96255,-50.,             29P    773
2.850179D-015,-56.54393,-50.,2.78474D-015,-55.16409,-50.,             29P    774
2.721778D-015,-53.82107,-50.,2.661175D-015,-52.51301,-50.,            29P    775
2.602822D-015,-51.23817,-50.,2.546615D-015,-49.99493,-50.,            29P    776
2.492458D-015,-49.99493,-50.,2.492458D-015,-48.8047,-50.,             29P    777
2.441243D-015,-47.64218,-50.,2.391837D-015,-46.51529,-50.00992,       29P    778
2.344991D-015,-45.39515,-50.,2.298146D-015,-44.31654,-50.00932,       29P    779
2.254482D-015,-43.24437,-50.,2.210818D-015,-42.20983,-50.00878,       29P    780
2.170086D-015,-41.18143,-50.,2.129353D-015,-40.18717,-50.00829,       29P    781
2.09133D-015,-39.19877,-50.,2.053307D-015,-38.2414,-50.00785,         29P    782
2.017795D-015,-37.28962,-50.,1.982284D-015,-35.44786,-50.,            29P    783
1.915931D-015,-33.66796,-50.,1.853933D-015,-31.94488,-50.,            29P    784
1.796008D-015,-30.27405,-50.,1.741903D-015,-28.65125,-50.,            29P    785
1.691393D-015,-27.07263,-50.,1.644272D-015,-25.53463,-50.,            29P    786
1.600358D-015,-24.03396,-50.,1.559487D-015,-22.56755,-50.,            29P    787
1.521512D-015,-21.13254,-50.,1.486299D-015,-20.31042,-50.00665,       29P    788
1.404814D-006,-19.49232,-49.99999,5.484395D-006,-18.68827,            29P    789
-50.00637,1.203645D-005,-17.88794,-49.99998,2.085868D-005,            29P    790
-17.10012,-50.00611,3.17488D-005,-16.3157,-49.99998,                  29P    791
4.450451D-005,-15.54239,-50.00589,5.892353D-005,-14.77218,            29P    792
-49.99997,7.480355D-005,-14.0118,-50.00569,9.194228D-005,             29P    793
-13.25421,-49.99996,0.0001101374,-12.50524,-50.00552,                 29P    794
0.0001291867,-11.75877,-49.99995,0.0001488878,-11.0198,               29P    795
-50.00537,0.0001690385,-10.28304,-49.99995,0.0001894364,              29P    796
-9.552727,-50.00525,0.0002098792,-8.824321,-49.99994,                 29P    797
0.0002301648,-7.699876,-49.99995,0.0002609307,-6.582989,              29P    798
-49.99996,0.000290065,-5.472515,-49.99996,0.0003168062,               29P    799
-4.367328,-49.99997,0.0003403929,-3.266321,-49.99998,                 29P    800
0.0003600635,-2.168399,-49.99999,0.0003750567,-1.072468,              29P    801
-49.99999,0.000384611,0.02256022,-50.,0.000387965,0.,42.,             29P    802
-7.829552D-006,-0.0938572,0.9955857;                                  29P    803
106,1,4,0.,5.,1.666672587,5.,2.,1.,2.,1.,1.50002374;                  31P    804
126,58,1,1,0,1,0,0.,0.,1.,1.017857143,1.035714286,1.053571429,        33P    805
1.071428571,1.089285714,1.107142857,1.125,1.142857143,                33P    806
1.160714286,1.178571429,1.196428571,1.214285714,1.232142857,          33P    807
1.25,1.267857143,1.285714286,1.303571429,1.321428571,                 33P    808
1.339285714,1.357142857,1.375,1.392857143,1.410714286,                33P    809
1.428571429,1.446428571,1.464285714,1.482142857,1.5,1.517857143,      33P    810
1.535714286,1.553571429,1.571428571,1.589285714,1.607142857,          33P    811
1.625,1.642857143,1.660714286,1.678571429,1.696428571,                33P    812
1.714285714,1.732142857,1.75,1.767857143,1.785714286,                 33P    813
1.803571429,1.821428571,1.839285714,1.857142857,1.875,                33P    814
1.892857143,1.910714286,1.928571429,1.946428571,1.964285714,          33P    815
1.982142857,2.,3.,3.,1.,1.,1.,1.,1.,1.,1.,1.,1.,1.,1.,1.,1.,1.,       33P    816
1.,1.,1.,1.,1.,1.,1.,1.,1.,1.,1.,1.,1.,1.,1.,1.,1.,1.,1.,1.,1.,       33P    817
1.,1.,1.,1.,1.,1.,1.,1.,1.,1.,1.,1.,1.,1.,1.,1.,1.,1.,1.,1.,1.,       33P    818
1.,1.,1.,0.02256022,-50.,0.000387965,0.0004504344,-30.00036,          33P    819
0.000387965,-0.856284,-29.98951,0.0003823095,-1.712265,               33P    820
-29.95387,0.0003664742,-2.566812,-29.89357,0.0003421557,              33P    821
-3.419245,-29.80876,0.0003110507,-4.268884,-29.69957,                 33P    822
0.0002748557,-5.115049,-29.56615,0.0002352674,-5.957059,              33P    823
-29.40863,0.0001939825,-6.794234,-29.22716,0.0001526976,              33P    824
-7.625894,-29.02188,0.0001131093,-8.451358,-28.79292,                 33P    825
7.691435D-005,-9.269947,-28.54044,4.580928D-005,-10.08098,            33P    826
-28.26455,2.149077D-005,-10.88378,-27.96542,5.655467D-006,            33P    827
-11.67766,-27.64317,0.,-12.43451,-27.31053,0.,-13.18169,              33P    828
-26.95696,0.,-13.9187,-26.58281,0.,-14.64506,-26.18847,0.,            33P    829
-15.36026,-25.77428,0.,-16.06382,-25.34062,0.,-16.75524,              33P    830
-24.88784,0.,-17.43403,-24.41631,0.,-18.09968,-23.9264,0.,            33P    831
-18.75172,-23.41846,0.,-19.38964,-22.89287,0.,-20.01295,              33P    832
-22.34998,0.,-20.62116,-21.79016,0.,-21.21378,-21.21378,0.,           33P    833
-21.79025,-20.62123,0.,-22.3501,-20.01306,0.,-22.89297,               33P    834
-19.38977,0.,-23.41851,-18.75184,0.,-23.92638,-18.09979,0.,           33P    835
-24.41621,-17.43411,0.,-24.88765,-16.7553,0.,-25.34036,               33P    836
-16.06385,0.,-25.77399,-15.36027,0.,-26.18817,-14.64505,0.,           33P    837
-26.58257,-13.9187,0.,-26.95682,-13.1817,0.,-27.31058,-12.43457,      33P    838
0.,-27.64349,-11.67779,0.,-27.96596,-10.88394,0.,-28.26507,           33P    839
-10.08116,0.,-28.54074,-9.270127,0.,-28.79289,-8.451532,0.,           33P    840
-29.02142,-7.626055,0.,-29.22626,-6.794383,0.,-29.40731,              33P    841
-5.957198,0.,-29.56449,-5.115184,0.,-29.69771,-4.269026,0.,           33P    842
-29.80689,-3.419407,0.,-29.89194,-2.567011,0.,-29.95277,              33P    843
-1.712522,0.,-29.98929,-0.8566233,0.,-30.00142,1.488597D-007,0.,      33P    844
-60.,0.003134829,1.836822D-015,0.,3.,2.099194D-006,1.17744D-005,      33P    845
1.;                                                                   33P    846
143,1,37,1,39;                                                        35P    847
128,6,24,6,6,0,0,1,0,0,1.,1.,1.,1.,1.,1.,1.,2.,2.,2.,2.,2.,2.,        37P    848
2.,1.,1.,1.,1.,1.,1.,1.,2.,2.,2.,2.,2.,2.,3.,3.,3.,3.,3.,3.,4.,       37P    849
4.,4.,4.,4.,4.,5.,5.,5.,5.,5.,5.,5.,1.,1.,1.,1.,1.,1.,1.,1.,1.,       37P    850
1.,1.,1.,1.,1.,1.,1.,1.,1.,1.,1.,1.,1.,1.,1.,1.,1.,1.,1.,1.,1.,       37P    851
1.,1.,1.,1.,1.,1.,1.,1.,1.,1.,1.,1.,1.,1.,1.,1.,1.,1.,1.,1.,1.,       37P    852
1.,1.,1.,1.,1.,1.,1.,1.,1.,1.,1.,1.,1.,1.,1.,1.,1.,1.,1.,1.,1.,       37P    853
1.,1.,1.,1.,1.,1.,1.,1.,1.,1.,1.,1.,1.,1.,1.,1.,1.,1.,1.,1.,1.,       37P    854
1.,1.,1.,1.,1.,1.,1.,1.,1.,1.,1.,1.,1.,1.,1.,1.,1.,1.,1.,1.,1.,       37P    855
1.,1.,1.,1.,1.,1.,1.,1.,1.,1.,1.,1.,1.,1.,1.,1.,1.,1.,1.,1.,1.,       37P    856
1.,1.,1.,1.,1.,1.,1.,1.,1.,1.,1.,1.,1.,1.,1.,1.,1.,1.,1.,1.,1.,       37P    857
1.,1.,1.,1.,1.,1.,1.,1.,1.,1.,1.,1.,1.,1.,1.,1.,1.,1.,1.,             37P    858
0.0004504344,-30.00036,0.,0.0004504344,-40.00036,1.83691D-015,        37P    859
0.0004504344,-50.00036,3.673819D-015,0.0004504344,-60.00036,          37P    860
5.510729D-015,0.0004504344,-70.00036,7.347638D-015,0.0004504344,      37P    861
-80.00036,9.184548D-015,0.0004504344,-90.00036,1.102146D-014,         37P    862
4.903423,-29.99865,-0.001107774,4.903423,-39.99865,-0.001107774,      37P    863
4.903423,-49.99865,-0.001107774,4.903423,-59.99865,-0.001107774,      37P    864
4.903423,-69.99865,-0.001107774,4.903423,-79.99865,-0.001107774,      37P    865
4.903423,-89.99865,-0.001107774,9.806682,-29.85657,-0.01028761,       37P    866
9.806682,-39.85657,-0.01028761,9.806682,-49.85657,-0.01028761,        37P    867
9.806682,-59.85657,-0.01028761,9.806682,-69.85657,-0.01028761,        37P    868
9.806682,-79.85657,-0.01028761,9.806682,-89.85657,-0.01028761,        37P    869
14.70655,-29.5928,-0.04963688,14.70655,-39.5928,-0.04963688,          37P    870
14.70655,-49.5928,-0.04963688,14.70655,-59.5928,-0.04963688,          37P    871
14.70655,-69.5928,-0.04963688,14.70655,-79.5928,-0.04963688,          37P    872
14.70655,-89.5928,-0.04963688,19.59935,-29.22601,-0.141253,           37P    873
19.59935,-39.22601,-0.141253,19.59935,-49.22601,-0.141253,            37P    874
19.59935,-59.22601,-0.141253,19.59935,-69.22601,-0.141253,            37P    875
19.59935,-79.22601,-0.141253,19.59935,-89.22601,-0.141253,            37P    876
24.48139,-28.77488,-0.3072332,24.48139,-38.77488,-0.3072332,          37P    877
24.48139,-48.77488,-0.3072332,24.48139,-58.77488,-0.3072332,          37P    878
24.48139,-68.77488,-0.3072332,24.48139,-78.77488,-0.3072332,          37P    879
24.48139,-88.77488,-0.3072332,29.34902,-28.25807,-0.569675,           37P    880
29.34902,-38.25807,-0.569675,29.34902,-48.25807,-0.569675,            37P    881
29.34902,-58.25807,-0.569675,29.34902,-68.25807,-0.569675,            37P    882
29.34902,-78.25807,-0.569675,29.34902,-88.25807,-0.569675,            37P    883
34.13738,-27.74967,-0.8278435,34.13738,-37.74967,-0.8278435,          37P    884
34.13738,-47.74967,-0.8278435,34.13738,-57.74967,-0.8278435,          37P    885
34.13738,-67.74967,-0.8278435,34.13738,-77.74967,-0.8278435,          37P    886
34.13738,-87.74967,-0.8278435,38.91946,-27.17374,-1.175946,           37P    887
38.91946,-37.17374,-1.175946,38.91946,-47.17374,-1.175946,            37P    888
38.91946,-57.17374,-1.175946,38.91946,-67.17374,-1.175946,            37P    889
38.91946,-77.17374,-1.175946,38.91946,-87.17374,-1.175946,            37P    890
43.68711,-26.54716,-1.640874,43.68711,-36.54716,-1.640874,            37P    891
43.68711,-46.54716,-1.640874,43.68711,-56.54716,-1.640874,            37P    892
43.68711,-66.54716,-1.640874,43.68711,-76.54716,-1.640874,            37P    893
43.68711,-86.54716,-1.640874,48.43218,-25.88679,-2.249519,            37P    894
48.43218,-35.88679,-2.249519,48.43218,-45.88679,-2.249519,            37P    895
48.43218,-55.88679,-2.249519,48.43218,-65.88679,-2.249519,            37P    896
48.43218,-75.88679,-2.249519,48.43218,-85.88679,-2.249519,            37P    897
53.14652,-25.20952,-3.028771,53.14652,-35.20952,-3.028771,            37P    898
53.14652,-45.20952,-3.028771,53.14652,-55.20952,-3.028771,            37P    899
53.14652,-65.20952,-3.028771,53.14652,-75.20952,-3.028771,            37P    900
53.14652,-85.20952,-3.028771,57.82197,-24.53222,-4.005521,            37P    901
57.82197,-34.53222,-4.005521,57.82197,-44.53222,-4.005521,            37P    902
57.82197,-54.53222,-4.005521,57.82197,-64.53222,-4.005521,            37P    903
57.82197,-74.53222,-4.005521,57.82197,-84.53222,-4.005521,            37P    904
62.25577,-23.88993,-4.931788,62.25577,-33.88993,-4.931788,            37P    905
62.25577,-43.88993,-4.931788,62.25577,-53.88993,-4.931788,            37P    906
62.25577,-63.88993,-4.931788,62.25577,-73.88993,-4.931788,            37P    907
62.25577,-83.88993,-4.931788,66.66091,-23.24587,-6.043521,            37P    908
66.66091,-33.24587,-6.043521,66.66091,-43.24587,-6.043521,            37P    909
66.66091,-53.24587,-6.043521,66.66091,-63.24587,-6.043521,            37P    910
66.66091,-73.24587,-6.043521,66.66091,-83.24587,-6.043521,            37P    911
71.01173,-22.62095,-7.368462,71.01173,-32.62095,-7.368462,            37P    912
71.01173,-42.62095,-7.368462,71.01173,-52.62095,-7.368462,            37P    913
71.01173,-62.62095,-7.368462,71.01173,-72.62095,-7.368462,            37P    914
71.01173,-82.62095,-7.368462,75.28259,-22.03608,-8.934354,            37P    915
75.28259,-32.03608,-8.934354,75.28259,-42.03608,-8.934354,            37P    916
75.28259,-52.03608,-8.934354,75.28259,-62.03608,-8.934354,            37P    917
75.28259,-72.03608,-8.934354,75.28259,-82.03608,-8.934354,            37P    918
79.44783,-21.51214,-10.76894,79.44783,-31.51214,-10.76894,            37P    919
79.44783,-41.51214,-10.76894,79.44783,-51.51214,-10.76894,            37P    920
79.44783,-61.51214,-10.76894,79.44783,-71.51214,-10.76894,            37P    921
79.44783,-81.51214,-10.76894,83.4818,-21.07005,-12.89995,             37P    922
83.4818,-31.07005,-12.89995,83.4818,-41.07005,-12.89995,83.4818,      37P    923
-51.07005,-12.89995,83.4818,-61.07005,-12.89995,83.4818,              37P    924
-71.07005,-12.89995,83.4818,-81.07005,-12.89995,86.50394,             37P    925
-20.73885,-14.49644,86.50394,-30.73885,-14.49644,86.50394,            37P    926
-40.73885,-14.49644,86.50394,-50.73885,-14.49644,86.50394,            37P    927
-60.73885,-14.49644,86.50394,-70.73885,-14.49644,86.50394,            37P    928
-80.73885,-14.49644,89.44122,-20.45792,-16.26255,89.44122,            37P    929
-30.45792,-16.26255,89.44122,-40.45792,-16.26255,89.44122,            37P    930
-50.45792,-16.26255,89.44122,-60.45792,-16.26255,89.44122,            37P    931
-70.45792,-16.26255,89.44122,-80.45792,-16.26255,92.27655,            37P    932
-20.23539,-18.19712,92.27655,-30.23539,-18.19712,92.27655,            37P    933
-40.23539,-18.19712,92.27655,-50.23539,-18.19712,92.27655,            37P    934
-60.23539,-18.19712,92.27655,-70.23539,-18.19712,92.27655,            37P    935
-80.23539,-18.19712,94.99285,-20.07937,-20.29899,94.99285,            37P    936
-30.07937,-20.29899,94.99285,-40.07937,-20.29899,94.99285,            37P    937
-50.07937,-20.29899,94.99285,-60.07937,-20.29899,94.99285,            37P    938
-70.07937,-20.29899,94.99285,-80.07937,-20.29899,97.57303,            37P    939
-19.99799,-22.567,97.57303,-29.99799,-22.567,97.57303,-39.99799,      37P    940
-22.567,97.57303,-49.99799,-22.567,97.57303,-59.99799,-22.567,        37P    941
97.57303,-69.99799,-22.567,97.57303,-79.99799,-22.567,100.,           37P    942
-19.99936,-25.,100.,-29.99936,-25.,100.,-39.99936,-25.,100.,          37P    943
-49.99936,-25.,100.,-59.99936,-25.,100.,-69.99936,-25.,100.,          37P    944
-79.99936,-25.,1.,2.,1.,5.;                                           37P    945
141,1,2,37,2,43,1,1,41,47,1,1,45;                                     39P    946
106,1,40,0.,1.333327309,1.,1.333515496,1.071265623,1.334046604,       41P    947
1.142531246,1.336085086,1.285146626,1.339337059,1.427860629,          41P    948
1.34369688,1.570687963,1.349058854,1.713643561,1.355317126,           41P    949
1.856742524,1.362365566,2.,1.368200394,2.110840271,1.374409398,       41P    950
2.22177274,1.380946751,2.332787174,1.387766298,2.443873267,           41P    951
1.394821591,2.55502053,1.402065922,2.666218192,1.40945236,            41P    952
2.777455111,1.416933793,2.888719722,1.424462968,3.,1.430311318,       41P    953
3.091079211,1.436134493,3.182144233,1.441900583,3.273189336,          41P    954
1.447577702,3.364208333,1.453134015,3.455194569,1.458537764,          41P    955
3.546140925,1.463757296,3.637039849,1.468761094,3.727883425,          41P    956
1.473517821,3.818663482,1.477996351,3.909371741,1.480121148,          41P    957
3.95468587,1.482165807,4.,1.48535697,4.1002473,1.48827719,            41P    958
4.200423616,1.490910893,4.300535641,1.493242485,4.40058971,           41P    959
1.495256346,4.500591777,1.496936823,4.600547389,1.498268231,          41P    960
4.700461654,1.499234849,4.800339201,1.499820922,4.900184138,          41P    961
1.500010664,5.;                                                       41P    962
126,55,1,0,0,1,0,0.,0.,1.,2.,2.5,3.,3.5,4.,4.5,5.,5.5,6.,6.5,7.,      43P    963
7.5,8.,9.,10.,11.,12.,13.,14.,15.,16.,17.,17.5,18.,18.5,19.,          43P    964
19.5,20.,20.5,21.,21.5,22.,22.5,23.,23.5,24.,24.5,25.,25.5,26.,       43P    965
26.5,27.,28.,29.,30.,31.,32.,33.,34.,35.,36.,37.,38.,39.,39.,1.,      43P    966
1.,1.,1.,1.,1.,1.,1.,1.,1.,1.,1.,1.,1.,1.,1.,1.,1.,1.,1.,1.,1.,       43P    967
1.,1.,1.,1.,1.,1.,1.,1.,1.,1.,1.,1.,1.,1.,1.,1.,1.,1.,1.,1.,1.,       43P    968
1.,1.,1.,1.,1.,1.,1.,1.,1.,1.,1.,1.,1.,0.0004504344,-50.,             43P    969
3.673753D-015,2.096926,-50.,-0.001248581,4.193286,-50.,               43P    970
-0.004686811,6.290606,-50.00949,-0.01127945,8.387491,-50.,            43P    971
-0.02198668,10.48523,-50.00869,-0.03778285,12.58221,-50.,             43P    972
-0.05962554,14.67993,-50.00788,-0.08850417,16.77658,-50.,             43P    973
-0.1253697,18.87387,-50.00708,-0.1712332,20.96975,-50.,               43P    974
-0.2270339,23.06617,-50.00628,-0.2938126,25.16085,-50.,-0.37249,      43P    975
27.25596,-50.00547,-0.4641461,29.34902,-50.,-0.569675,32.5321,        43P    976
-50.,-0.7586736,35.71417,-50.,-0.9854185,38.89361,-50.,               43P    977
-1.254387,42.06876,-50.,-1.570061,45.23796,-50.,-1.936922,            43P    978
48.39957,-50.,-2.359443,51.55189,-50.,-2.842089,54.69326,-50.,        43P    979
-3.389307,57.82197,-50.,-4.005521,59.03252,-49.99994,-4.264434,       43P    980
60.24098,-50.,-4.5352,61.4469,-49.9997,-4.818089,62.65016,-50.,       43P    981
-5.113456,63.85021,-49.99946,-5.421546,65.04703,-50.,-5.742738,       43P    982
66.23998,-49.99923,-6.077246,67.42912,-50.,-6.425476,68.61373,        43P    983
-49.99899,-6.787607,69.79395,-50.,-7.164076,70.96898,-49.99876,       43P    984
-7.555023,72.13904,-50.,-7.960921,73.30324,-49.99852,-8.38186,        43P    985
74.46191,-50.,-8.818361,75.61404,-49.99829,-9.270455,76.76007,        43P    986
-50.,-9.738715,77.89891,-49.99806,-10.22311,79.03108,-50.,            43P    987
-10.72427,80.15539,-49.99783,-11.24209,81.27246,-50.,-11.77728,       43P    988
82.38103,-50.,-12.32964,83.4818,-50.,-12.89995,85.28643,-50.,         43P    989
-13.88576,87.06217,-50.,-14.92181,88.80712,-50.,-16.00794,            43P    990
90.51939,-50.,-17.14397,92.1971,-50.,-18.32976,93.83833,-50.,         43P    991
-19.56515,95.44117,-50.,-20.85001,97.00368,-50.,-22.18419,            43P    992
98.52394,-50.,-23.56757,100.,-50.,-25.,0.,39.,0.,0.,0.;               43P    993
106,1,4,0.,1.500010664,5.,1.,5.,1.,1.,1.333327309,1.;                 45P    994
126,41,1,0,0,1,0,0.,0.,1.,1.025,1.05,1.075,1.1,1.125,1.15,1.175,      47P    995
1.2,1.225,1.25,1.270833333,1.291666667,1.3125,1.333333333,            47P    996
1.354166667,1.375,1.395833333,1.416666667,1.4375,1.458333333,         47P    997
1.479166667,1.5,1.527777778,1.555555556,1.583333333,1.611111111,      47P    998
1.638888889,1.666666667,1.694444444,1.722222222,1.75,1.78125,         47P    999
1.8125,1.84375,1.875,1.90625,1.9375,1.96875,2.,3.,3.,1.,1.,1.,        47P   1000
1.,1.,1.,1.,1.,1.,1.,1.,1.,1.,1.,1.,1.,1.,1.,1.,1.,1.,1.,1.,1.,       47P   1001
1.,1.,1.,1.,1.,1.,1.,1.,1.,1.,1.,1.,1.,1.,1.,1.,1.,1.,100.,-50.,      47P   1002
-25.,100.,-19.99936,-25.,98.52118,-20.01079,-23.56497,96.99845,       47P   1003
-20.04607,-22.17958,95.43385,-20.10423,-20.84396,93.82944,            47P   1004
-20.18429,-19.55825,92.18728,-20.28528,-18.32259,90.5094,             47P   1005
-20.40622,-17.13713,88.79786,-20.54614,-16.00199,87.05472,            47P   1006
-20.70407,-14.91733,85.28201,-20.87903,-13.88326,83.4818,             47P   1007
-21.07005,-12.89995,81.45144,-21.29938,-11.865,79.39551,              47P   1008
-21.54431,-10.88988,77.3158,-21.80338,-9.972665,75.21408,             47P   1009
-22.07516,-9.111426,73.09214,-22.35817,-8.304238,70.95176,            47P   1010
-22.65098,-7.549175,68.79472,-22.95214,-6.844309,66.6228,             47P   1011
-23.26018,-6.187715,64.43779,-23.57366,-5.577465,62.24146,            47P   1012
-23.89113,-5.011634,60.03559,-24.21113,-4.488295,57.82197,            47P   1013
-24.53222,-4.005521,54.69803,-24.98329,-3.39019,51.56102,             47P   1014
-25.43156,-2.843581,48.4123,-25.87427,-2.361265,45.2532,              47P   1015
-26.30864,-1.938818,42.08506,-26.73188,-1.571812,38.90924,            47P   1016
-27.14122,-1.255822,35.72706,-27.53389,-0.9864197,32.53987,           47P   1017
-27.90709,-0.7591796,29.34902,-28.25807,-0.569675,25.69506,           47P   1018
-28.62955,-0.3945887,22.03521,-28.96588,-0.2595396,18.37032,          47P   1019
-29.26266,-0.1593487,14.70125,-29.51554,-0.08883699,11.02886,         47P   1020
-29.72012,-0.04282532,7.354029,-29.87203,-0.01613465,3.677603,        47P   1021
-29.96691,-0.003585899,0.0004504344,-30.00036,0.,0.0004504344,        47P   1022
-50.,3.673753D-015,0.,3.,0.,0.,0.;                                    47P   1023
143,1,51,1,53;                                                        49P   1024
128,6,24,6,6,0,1,1,0,0,1.,1.,1.,1.,1.,1.,1.,2.,2.,2.,2.,2.,2.,        51P   1025
2.,1.,1.,1.,1.,1.,1.,1.,2.,2.,2.,2.,2.,2.,3.,3.,3.,3.,3.,3.,4.,       51P   1026
4.,4.,4.,4.,4.,5.,5.,5.,5.,5.,5.,5.,1.,1.,1.,1.,1.,1.,1.,1.,1.,       51P   1027
1.,1.,1.,1.,1.,1.,1.,1.,1.,1.,1.,1.,1.,1.,1.,1.,1.,1.,1.,1.,1.,       51P   1028
1.,1.,1.,1.,1.,1.,1.,1.,1.,1.,1.,1.,1.,1.,1.,1.,1.,1.,1.,1.,1.,       51P   1029
1.,1.,1.,1.,1.,1.,1.,1.,1.,1.,1.,1.,1.,1.,1.,1.,1.,1.,1.,1.,1.,       51P   1030
1.,1.,1.,1.,1.,1.,1.,1.,1.,1.,1.,1.,1.,1.,1.,1.,1.,1.,1.,1.,1.,       51P   1031
1.,1.,1.,1.,1.,1.,1.,1.,1.,1.,1.,1.,1.,1.,1.,1.,1.,1.,1.,1.,1.,       51P   1032
1.,1.,1.,1.,1.,1.,1.,1.,1.,1.,1.,1.,1.,1.,1.,1.,1.,1.,1.,1.,1.,       51P   1033
1.,1.,1.,1.,1.,1.,1.,1.,1.,1.,1.,1.,1.,1.,1.,1.,1.,1.,1.,1.,1.,       51P   1034
1.,1.,1.,1.,1.,1.,1.,1.,1.,1.,1.,1.,1.,1.,1.,1.,1.,1.,1.,30.,         51P   1035
-10.,10.,30.,-11.66667,18.33333,30.,-13.33333,26.66667,30.,-15.,      51P   1036
35.,30.,-16.66667,43.33333,30.,-18.33333,51.66667,30.,-20.,60.,       51P   1037
32.76142,-10.,10.,33.22166,-11.66667,18.33333,33.6819,-13.33333,      51P   1038
26.66667,34.14214,-15.,35.,34.60237,-16.66667,43.33333,35.06261,      51P   1039
-18.33333,51.66667,35.52285,-20.,60.,35.31371,-9.104569,10.,          51P   1040
36.19933,-10.622,18.33333,37.08494,-12.13943,26.66667,37.97056,       51P   1041
-13.65685,35.,38.85618,-15.17428,43.33333,39.7418,-16.69171,          51P   1042
51.66667,40.62742,-18.20914,60.,37.48528,-7.485281,10.,38.73283,      51P   1043
-8.732828,18.33333,39.98038,-9.980375,26.66667,41.22792,              51P   1044
-11.22792,35.,42.47547,-12.47547,43.33333,43.72302,-13.72302,         51P   1045
51.66667,44.97056,-14.97056,60.,39.10457,-5.313708,10.,40.622,        51P   1046
-6.199327,18.33333,42.13943,-7.084945,26.66667,43.65685,              51P   1047
-7.970563,35.,45.17428,-8.856181,43.33333,46.69171,-9.741799,         51P   1048
51.66667,48.20914,-10.62742,60.,40.,-2.761424,10.,41.66667,           51P   1049
-3.221661,18.33333,43.33333,-3.681898,26.66667,45.,-4.142136,         51P   1050
35.,46.66667,-4.602373,43.33333,48.33333,-5.06261,51.66667,50.,       51P   1051
-5.522847,60.,40.,0.,10.,41.66667,0.,18.33333,43.33333,0.,            51P   1052
26.66667,45.,0.,35.,46.66667,0.,43.33333,48.33333,0.,51.66667,        51P   1053
50.,0.,60.,40.,2.761424,10.,41.66667,3.221661,18.33333,43.33333,      51P   1054
3.681898,26.66667,45.,4.142136,35.,46.66667,4.602373,43.33333,        51P   1055
48.33333,5.06261,51.66667,50.,5.522847,60.,39.10457,5.313708,         51P   1056
10.,40.622,6.199327,18.33333,42.13943,7.084945,26.66667,              51P   1057
43.65685,7.970563,35.,45.17428,8.856181,43.33333,46.69171,            51P   1058
9.741799,51.66667,48.20914,10.62742,60.,37.48528,7.485281,10.,        51P   1059
38.73283,8.732828,18.33333,39.98038,9.980375,26.66667,41.22792,       51P   1060
11.22792,35.,42.47547,12.47547,43.33333,43.72302,13.72302,            51P   1061
51.66667,44.97056,14.97056,60.,35.31371,9.104569,10.,36.19933,        51P   1062
10.622,18.33333,37.08494,12.13943,26.66667,37.97056,13.65685,         51P   1063
35.,38.85618,15.17428,43.33333,39.7418,16.69171,51.66667,             51P   1064
40.62742,18.20914,60.,32.76142,10.,10.,33.22166,11.66667,             51P   1065
18.33333,33.6819,13.33333,26.66667,34.14214,15.,35.,34.60237,         51P   1066
16.66667,43.33333,35.06261,18.33333,51.66667,35.52285,20.,60.,        51P   1067
30.,10.,10.,30.,11.66667,18.33333,30.,13.33333,26.66667,30.,15.,      51P   1068
35.,30.,16.66667,43.33333,30.,18.33333,51.66667,30.,20.,60.,          51P   1069
27.23858,10.,10.,26.77834,11.66667,18.33333,26.3181,13.33333,         51P   1070
26.66667,25.85786,15.,35.,25.39763,16.66667,43.33333,24.93739,        51P   1071
18.33333,51.66667,24.47715,20.,60.,24.68629,9.104569,10.,             51P   1072
23.80067,10.622,18.33333,22.91506,12.13943,26.66667,22.02944,         51P   1073
13.65685,35.,21.14382,15.17428,43.33333,20.2582,16.69171,             51P   1074
51.66667,19.37258,18.20914,60.,22.51472,7.485281,10.,21.26717,        51P   1075
8.732828,18.33333,20.01962,9.980375,26.66667,18.77208,11.22792,       51P   1076
35.,17.52453,12.47547,43.33333,16.27698,13.72302,51.66667,            51P   1077
15.02944,14.97056,60.,20.89543,5.313708,10.,19.378,6.199327,          51P   1078
18.33333,17.86057,7.084945,26.66667,16.34315,7.970563,35.,            51P   1079
14.82572,8.856181,43.33333,13.30829,9.741799,51.66667,11.79086,       51P   1080
10.62742,60.,20.,2.761424,10.,18.33333,3.221661,18.33333,             51P   1081
16.66667,3.681898,26.66667,15.,4.142136,35.,13.33333,4.602373,        51P   1082
43.33333,11.66667,5.06261,51.66667,10.,5.522847,60.,20.,0.,10.,       51P   1083
18.33333,0.,18.33333,16.66667,0.,26.66667,15.,0.,35.,13.33333,        51P   1084
0.,43.33333,11.66667,0.,51.66667,10.,0.,60.,20.,-2.761424,10.,        51P   1085
18.33333,-3.221661,18.33333,16.66667,-3.681898,26.66667,15.,          51P   1086
-4.142136,35.,13.33333,-4.602373,43.33333,11.66667,-5.06261,          51P   1087
51.66667,10.,-5.522847,60.,20.89543,-5.313708,10.,19.378,             51P   1088
-6.199327,18.33333,17.86057,-7.084945,26.66667,16.34315,              51P   1089
-7.970563,35.,14.82572,-8.856181,43.33333,13.30829,-9.741799,         51P   1090
51.66667,11.79086,-10.62742,60.,22.51472,-7.485281,10.,21.26717,      51P   1091
-8.732828,18.33333,20.01962,-9.980375,26.66667,18.77208,              51P   1092
-11.22792,35.,17.52453,-12.47547,43.33333,16.27698,-13.72302,         51P   1093
51.66667,15.02944,-14.97056,60.,24.68629,-9.104569,10.,23.80067,      51P   1094
-10.622,18.33333,22.91506,-12.13943,26.66667,22.02944,-13.65685,      51P   1095
35.,21.14382,-15.17428,43.33333,20.2582,-16.69171,51.66667,           51P   1096
19.37258,-18.20914,60.,27.23858,-10.,10.,26.77834,-11.66667,          51P   1097
18.33333,26.3181,-13.33333,26.66667,25.85786,-15.,35.,25.39763,       51P   1098
-16.66667,43.33333,24.93739,-18.33333,51.66667,24.47715,-20.,         51P   1099
60.,30.,-10.,10.,30.,-11.66667,18.33333,30.,-13.33333,26.66667,       51P   1100
30.,-15.,35.,30.,-16.66667,43.33333,30.,-18.33333,51.66667,30.,       51P   1101
-20.,60.,1.,2.,1.,5.;                                                 51P   1102
141,1,2,51,2,57,1,1,55,61,1,1,59;                                     53P   1103
106,1,76,0.,1.143843826,1.,1.141144983,1.037450773,1.13941842,        55P   1104
1.075747797,1.138542544,1.114960604,1.138584304,1.155448983,          55P   1105
1.140564038,1.214364248,1.143443197,1.259740122,1.149533957,          55P   1106
1.332075421,1.157065546,1.403841056,1.16447769,1.466119217,           55P   1107
1.171668127,1.522823775,1.178462049,1.574823592,1.184735014,          55P   1108
1.623633568,1.190428921,1.670155777,1.19552835,1.714572205,           55P   1109
1.200057461,1.757674403,1.203919396,1.799602262,1.207088225,          55P   1110
1.840592015,1.209608899,1.880912128,1.211439303,1.920787825,          55P   1111
1.212533374,1.960450631,1.212896306,2.,1.211975124,2.0625,            55P   1112
1.20928234,2.125,1.205014251,2.187487615,1.199298278,2.25,            55P   1113
1.192340142,2.31271037,1.184722512,2.374844942,1.176745449,           55P   1114
2.43707068,1.168701529,2.5,1.16097299,2.562893617,1.153879199,        55P   1115
2.625214496,1.147656862,2.687437933,1.142540731,2.75,                 55P   1116
1.139378178,2.812499936,1.138535964,2.875,1.139888957,                55P   1117
2.937479751,1.143843826,3.,1.150322476,3.062428722,1.158968274,       55P   1118
3.125,1.169620846,3.1875,1.181936582,3.249961202,1.195455297,         55P   1119
3.3125,1.209846873,3.375015462,1.224715448,3.4375,1.239618466,        55P   1120
3.5,1.254152855,3.562529312,1.267935997,3.625,1.280562865,            55P   1121
3.687827537,1.291461918,3.750243896,1.300505471,3.812550671,          55P   1122
1.304280958,3.843742536,1.307529397,3.875,1.310099662,                55P   1123
3.906206508,1.311896916,3.937500997,1.312939693,3.968804082,          55P   1124
1.313240507,4.,1.312845861,4.031228229,1.311772756,4.062502603,       55P   1125
1.309994903,4.09375,1.307542566,4.124995084,1.304418234,4.15625,      55P   1126
1.300663754,4.187499556,1.291588004,4.25,1.280542232,4.3125,          55P   1127
1.267919635,4.374957955,1.254160353,4.4375,1.239622162,               55P   1128
4.499985643,1.224715448,4.5625,1.209858756,4.625,1.195463356,         55P   1129
4.687511317,1.181910431,4.75,1.169641232,4.812547214,                 55P   1130
1.158968274,4.875,1.150313483,4.937567009,1.143843826,5.;             55P   1131
126,137,1,0,1,1,0,0.,0.,1.,1.5,2.,2.5,3.,3.5,4.,4.5,5.,5.5,6.,        57P   1132
6.5,7.,7.5,8.,8.5,9.,9.5,10.,10.5,11.,11.5,12.,12.5,13.,13.5,         57P   1133
14.,14.5,15.,15.5,16.,16.5,17.,17.5,18.,18.5,19.,19.5,20.,20.5,       57P   1134
21.,21.5,22.,22.5,23.,23.5,24.,24.5,25.,25.5,26.,26.5,27.,27.5,       57P   1135
28.,28.5,29.,29.5,30.,30.5,31.,31.5,32.,32.5,33.,33.5,34.,34.5,       57P   1136
35.,35.5,36.,36.5,37.,37.5,38.,38.5,39.,39.5,40.,40.5,41.,41.5,       57P   1137
42.,42.5,43.,43.5,44.,44.5,45.,45.5,46.,46.5,47.,47.5,48.,48.5,       57P   1138
49.,49.5,50.,51.,52.,53.,54.,55.,56.,57.,58.,59.,60.,61.,62.,         57P   1139
62.5,63.,63.5,64.,64.5,65.,65.5,66.,66.5,67.,67.5,68.,68.5,69.,       57P   1140
69.5,70.,70.5,71.,71.5,72.,72.5,73.,73.5,74.,74.5,75.,75.,1.,1.,      57P   1141
1.,1.,1.,1.,1.,1.,1.,1.,1.,1.,1.,1.,1.,1.,1.,1.,1.,1.,1.,1.,1.,       57P   1142
1.,1.,1.,1.,1.,1.,1.,1.,1.,1.,1.,1.,1.,1.,1.,1.,1.,1.,1.,1.,1.,       57P   1143
1.,1.,1.,1.,1.,1.,1.,1.,1.,1.,1.,1.,1.,1.,1.,1.,1.,1.,1.,1.,1.,       57P   1144
1.,1.,1.,1.,1.,1.,1.,1.,1.,1.,1.,1.,1.,1.,1.,1.,1.,1.,1.,1.,1.,       57P   1145
1.,1.,1.,1.,1.,1.,1.,1.,1.,1.,1.,1.,1.,1.,1.,1.,1.,1.,1.,1.,1.,       57P   1146
1.,1.,1.,1.,1.,1.,1.,1.,1.,1.,1.,1.,1.,1.,1.,1.,1.,1.,1.,1.,1.,       57P   1147
1.,1.,1.,1.,1.,1.,1.,1.,1.,1.,30.,-11.43844,17.19219,30.70286,        57P   1148
-11.39016,17.05725,31.05715,-11.35446,17.01409,31.4078,               57P   1149
-11.30807,16.97092,31.76358,-11.2541,16.94902,32.11548,               57P   1150
-11.18926,16.92713,32.4756,-11.11574,16.92817,32.83151,               57P   1151
-11.03098,16.92922,33.34429,-10.89714,16.97871,33.84797,              57P   1152
-10.74023,17.0282,34.23183,-10.61029,17.10018,34.61007,               57P   1153
-10.46705,17.17216,35.2041,-10.21846,17.32443,35.78263,               57P   1154
-9.937165,17.4767,36.34412,-9.632848,17.66499,36.88852,               57P   1155
-9.297596,17.85328,37.34886,-8.985625,18.03858,37.7948,               57P   1156
-8.651251,18.22388,38.18911,-8.329343,18.40365,38.5702,               57P   1157
-7.989576,18.58341,38.90822,-7.663303,18.75325,39.23405,              57P   1158
-7.322611,18.9231,39.52789,-6.989676,19.07993,39.81002,-6.64462,      57P   1159
19.23675,40.06641,-6.303951,19.3791,40.3113,-5.952847,19.52145,       57P   1160
40.53251,-5.607335,19.64893,40.74247,-5.252857,19.77642,              57P   1161
40.93322,-4.899649,19.88965,41.11267,-4.538543,20.00287,              57P   1162
41.27353,-4.178952,20.09942,41.42305,-3.812451,20.19597,              57P   1163
41.55508,-3.446796,20.27519,41.67567,-3.075108,20.35441,              57P   1164
41.77998,-2.703127,20.41743,41.87269,-2.325869,20.48044,              57P   1165
41.94945,-1.947233,20.52621,42.01436,-1.564018,20.57197,              57P   1166
42.06333,-1.178139,20.59932,42.10012,-0.7883361,20.62667,             57P   1167
42.12081,-0.3958113,20.63574,42.12896,0.,20.64482,42.10858,           57P   1168
0.6239178,20.62179,42.05718,1.239174,20.59876,41.9668,1.843668,       57P   1169
20.53144,41.84714,2.437126,20.46412,41.69147,3.016737,20.35741,       57P   1170
41.50846,3.583119,20.25071,41.29214,4.133307,20.10781,41.05051,       57P   1171
4.66821,19.96491,40.77814,5.18613,19.79096,40.48246,5.686813,         57P   1172
19.61701,40.16437,6.163401,19.42657,39.82549,6.621551,19.23613,       57P   1173
39.46482,7.060268,19.0367,39.08528,7.479204,18.83727,38.68331,        57P   1174
7.882266,18.63617,38.26397,8.263968,18.43508,37.8295,8.624704,        57P   1175
18.24186,37.37945,8.963101,18.04865,36.92073,9.278107,17.8713,        57P   1176
36.44829,9.570282,17.69396,35.96599,9.842378,17.5384,35.47138,        57P   1177
10.09088,17.38284,34.96497,10.32156,17.25494,34.44728,10.52754,       57P   1178
17.12704,33.923,10.71726,17.04797,33.38816,10.88154,16.96891,         57P   1179
32.84643,11.031,16.94785,32.29455,11.15405,16.9268,31.73509,          57P   1180
11.26083,16.96062,31.16584,11.34,16.99445,30.58779,11.4038,           57P   1181
17.09332,30.,11.43844,17.19219,29.41038,11.45594,17.35416,            57P   1182
28.82519,11.44397,17.51612,28.24224,11.41351,17.73227,27.66427,       57P   1183
11.35422,17.94841,27.09025,11.27639,18.21473,26.52191,11.17037,       57P   1184
18.48104,25.95761,11.04445,18.78894,25.40003,10.89082,19.09683,       57P   1185
24.84683,10.71493,19.4348,24.30175,10.5117,19.77276,23.76369,         57P   1186
10.28532,20.13255,23.23539,10.03208,20.49234,22.7167,9.754418,        57P   1187
20.86406,22.20967,9.4505,21.23577,21.71519,9.120723,21.60835,         57P   1188
21.23457,8.765426,21.98092,20.77014,8.38357,22.34428,20.32199,        57P   1189
7.977141,22.70764,19.89463,7.544802,23.05222,19.48608,7.089151,       57P   1190
23.3968,19.10061,6.604693,23.71247,18.73684,6.098217,24.02814,        57P   1191
18.40555,5.570255,24.30062,18.09836,5.02243,24.5731,17.82554,         57P   1192
4.45322,24.79918,17.57932,3.866315,25.02527,17.36785,3.259751,        57P   1193
25.21405,17.19035,2.635128,25.37647,17.05009,1.996058,25.50498,       57P   1194
16.94876,1.341317,25.59485,16.88763,0.6744752,25.64698,16.86759,      57P   1195
0.,25.66203,16.8886,-0.6751211,25.64229,16.95,-1.341267,              57P   1196
25.58864,17.05099,-1.994993,25.49975,17.1902,-2.635054,25.37713,      57P   1197
17.36648,-3.259944,25.22091,17.57811,-3.867767,25.03319,              57P   1198
17.82523,-4.456511,24.80629,18.09911,-5.027443,24.5794,18.40755,      57P   1199
-5.575624,24.30326,18.74012,-6.103825,24.02711,19.10222,              57P   1200
-6.606997,23.71155,19.48575,-7.088379,23.39598,19.8946,               57P   1201
-7.544677,23.052,20.32229,-7.977624,22.70802,20.77019,-8.383713,      57P   1202
22.34456,21.23435,-8.765259,21.98111,21.71507,-9.120645,              57P   1203
21.60844,22.20967,-9.4505,21.23577,22.71678,-9.754553,20.86436,       57P   1204
23.23556,-10.03234,20.49294,23.76385,-10.28553,20.13305,24.3019,      57P   1205
-10.51187,19.77317,24.84664,-10.71474,19.43434,25.39947,              57P   1206
-10.8903,19.09552,25.9577,-11.04445,18.78879,26.52267,-11.17082,      57P   1207
18.48206,27.09064,-11.2766,18.21524,27.66427,-11.35422,17.94841,      57P   1208
28.24221,-11.41346,17.73204,28.82512,-11.44387,17.51567,              57P   1209
29.41034,-11.45589,17.35393,30.,-11.43844,17.19219,0.,75.,0.,0.,      57P   1210
0.;                                                                   57P   1211
106,1,4,0.,1.143843826,5.,1.,5.,1.,1.,1.143843826,1.;                 59P   1212
126,110,1,0,1,1,0,0.,0.,1.,1.009259259,1.018518519,1.027777778,       61P   1213
1.037037037,1.046296296,1.055555556,1.064814815,1.074074074,          61P   1214
1.083333333,1.092592593,1.101851852,1.111111111,1.12037037,           61P   1215
1.12962963,1.138888889,1.148148148,1.157407407,1.166666667,           61P   1216
1.175925926,1.185185185,1.194444444,1.203703704,1.212962963,          61P   1217
1.222222222,1.231481481,1.240740741,1.25,1.259259259,                 61P   1218
1.268518519,1.277777778,1.287037037,1.296296296,1.305555556,          61P   1219
1.314814815,1.324074074,1.333333333,1.342592593,1.351851852,          61P   1220
1.361111111,1.37037037,1.37962963,1.388888889,1.398148148,            61P   1221
1.407407407,1.416666667,1.425925926,1.435185185,1.444444444,          61P   1222
1.453703704,1.462962963,1.472222222,1.481481481,1.490740741,1.5,      61P   1223
1.509259259,1.518518519,1.527777778,1.537037037,1.546296296,          61P   1224
1.555555556,1.564814815,1.574074074,1.583333333,1.592592593,          61P   1225
1.601851852,1.611111111,1.62037037,1.62962963,1.638888889,            61P   1226
1.648148148,1.657407407,1.666666667,1.675925926,1.685185185,          61P   1227
1.694444444,1.703703704,1.712962963,1.722222222,1.731481481,          61P   1228
1.740740741,1.75,1.759259259,1.768518519,1.777777778,                 61P   1229
1.787037037,1.796296296,1.805555556,1.814814815,1.824074074,          61P   1230
1.833333333,1.842592593,1.851851852,1.861111111,1.87037037,           61P   1231
1.87962963,1.888888889,1.898148148,1.907407407,1.916666667,           61P   1232
1.925925926,1.935185185,1.944444444,1.953703704,1.962962963,          61P   1233
1.972222222,1.981481481,1.990740741,2.,3.,3.,1.,1.,1.,1.,1.,1.,       61P   1234
1.,1.,1.,1.,1.,1.,1.,1.,1.,1.,1.,1.,1.,1.,1.,1.,1.,1.,1.,1.,1.,       61P   1235
1.,1.,1.,1.,1.,1.,1.,1.,1.,1.,1.,1.,1.,1.,1.,1.,1.,1.,1.,1.,1.,       61P   1236
1.,1.,1.,1.,1.,1.,1.,1.,1.,1.,1.,1.,1.,1.,1.,1.,1.,1.,1.,1.,1.,       61P   1237
1.,1.,1.,1.,1.,1.,1.,1.,1.,1.,1.,1.,1.,1.,1.,1.,1.,1.,1.,1.,1.,       61P   1238
1.,1.,1.,1.,1.,1.,1.,1.,1.,1.,1.,1.,1.,1.,1.,1.,1.,1.,1.,1.,1.,       61P   1239
30.,-11.43844,17.19219,30.,-10.,10.,29.39083,-9.98175,10.,            61P   1240
28.79131,-9.927697,10.,28.20249,-9.838887,10.,27.62541,               61P   1241
-9.716366,10.,27.06113,-9.56118,10.,26.51068,-9.374375,10.,           61P   1242
25.97511,-9.156997,10.,25.45547,-8.910092,10.,24.95281,               61P   1243
-8.634707,10.,24.46817,-8.331887,10.,24.00259,-8.002677,10.,          61P   1244
23.55713,-7.648125,10.,23.13282,-7.269277,10.,22.73072,               61P   1245
-6.867177,10.,22.35187,-6.442873,10.,21.99732,-5.99741,10.,           61P   1246
21.66811,-5.531834,10.,21.36529,-5.047191,10.,21.08991,               61P   1247
-4.544528,10.,20.843,-4.02489,10.,20.62563,-3.489324,10.,             61P   1248
20.43882,-2.938875,10.,20.28363,-2.374589,10.,20.16111,               61P   1249
-1.797513,10.,20.0723,-1.208692,10.,20.01825,-0.6091721,10.,20.,      61P   1250
0.,10.,20.01825,0.6091721,10.,20.0723,1.208692,10.,20.16111,          61P   1251
1.797513,10.,20.28363,2.374589,10.,20.43882,2.938875,10.,             61P   1252
20.62563,3.489324,10.,20.843,4.02489,10.,21.08991,4.544528,10.,       61P   1253
21.36529,5.047191,10.,21.66811,5.531834,10.,21.99732,5.99741,         61P   1254
10.,22.35187,6.442873,10.,22.73072,6.867177,10.,23.13282,             61P   1255
7.269277,10.,23.55713,7.648125,10.,24.00259,8.002677,10.,             61P   1256
24.46817,8.331887,10.,24.95281,8.634707,10.,25.45547,8.910092,        61P   1257
10.,25.97511,9.156997,10.,26.51068,9.374375,10.,27.06113,             61P   1258
9.56118,10.,27.62541,9.716366,10.,28.20249,9.838887,10.,              61P   1259
28.79131,9.927697,10.,29.39083,9.98175,10.,30.,10.,10.,30.60917,      61P   1260
9.98175,10.,31.20869,9.927697,10.,31.79751,9.838887,10.,              61P   1261
32.37459,9.716366,10.,32.93887,9.56118,10.,33.48932,9.374375,         61P   1262
10.,34.02489,9.156997,10.,34.54453,8.910092,10.,35.04719,             61P   1263
8.634707,10.,35.53183,8.331887,10.,35.99741,8.002677,10.,             61P   1264
36.44287,7.648125,10.,36.86718,7.269277,10.,37.26928,6.867177,        61P   1265
10.,37.64813,6.442873,10.,38.00268,5.99741,10.,38.33189,              61P   1266
5.531834,10.,38.63471,5.047191,10.,38.91009,4.544528,10.,39.157,      61P   1267
4.02489,10.,39.37437,3.489324,10.,39.56118,2.938875,10.,              61P   1268
39.71637,2.374589,10.,39.83889,1.797513,10.,39.9277,1.208692,         61P   1269
10.,39.98175,0.6091721,10.,40.,0.,10.,39.98175,-0.6091721,10.,        61P   1270
39.9277,-1.208692,10.,39.83889,-1.797513,10.,39.71637,-2.374589,      61P   1271
10.,39.56118,-2.938875,10.,39.37437,-3.489324,10.,39.157,             61P   1272
-4.02489,10.,38.91009,-4.544528,10.,38.63471,-5.047191,10.,           61P   1273
38.33189,-5.531834,10.,38.00268,-5.99741,10.,37.64813,-6.442873,      61P   1274
10.,37.26928,-6.867177,10.,36.86718,-7.269277,10.,36.44287,           61P   1275
-7.648125,10.,35.99741,-8.002677,10.,35.53183,-8.331887,10.,          61P   1276
35.04719,-8.634707,10.,34.54453,-8.910092,10.,34.02489,               61P   1277
-9.156997,10.,33.48932,-9.374375,10.,32.93887,-9.56118,10.,           61P   1278
32.37459,-9.716366,10.,31.79751,-9.838887,10.,31.20869,               61P   1279
-9.927697,10.,30.60917,-9.98175,10.,30.,-10.,10.,30.,-11.43844,       61P   1280
17.19219,0.,3.,0.,0.,0.;                                              61P   1281
314,100.,100.,50.,4Hnone;                                             63P   1282
143,1,67,1,69;                                                        65P   1283
128,6,12,6,6,0,0,1,0,0,1.,1.,1.,1.,1.,1.,1.,2.,2.,2.,2.,2.,2.,        67P   1284
2.,1.,1.,1.,1.,1.,1.,1.,2.,2.,2.,2.,2.,2.,3.,3.,3.,3.,3.,3.,3.,       67P   1285
1.,1.,1.,1.,1.,1.,1.,1.,1.,1.,1.,1.,1.,1.,1.,1.,1.,1.,1.,1.,1.,       67P   1286
1.,1.,1.,1.,1.,1.,1.,1.,1.,1.,1.,1.,1.,1.,1.,1.,1.,1.,1.,1.,1.,       67P   1287
1.,1.,1.,1.,1.,1.,1.,1.,1.,1.,1.,1.,1.,1.,1.,1.,1.,1.,1.,1.,1.,       67P   1288
1.,1.,1.,1.,1.,1.,1.,1.,1.,1.,1.,1.,1.,1.,1.,1.,1.,1.,1.,1.,1.,       67P   1289
1.,1.,1.,1.,1.,1.,1.,19.,11.,10.,19.,7.333333,10.,19.,3.666667,       67P   1290
10.,19.,0.,10.,19.,-3.666667,10.,19.,-7.333333,10.,19.,-11.,10.,      67P   1291
20.83333,11.,10.,20.83333,7.333333,10.,20.83333,3.666667,10.,         67P   1292
20.83333,0.,10.,20.83333,-3.666667,10.,20.83333,-7.333333,10.,        67P   1293
20.83333,-11.,10.,22.66667,11.,10.,22.66667,7.333333,10.,             67P   1294
22.66667,3.666667,10.,22.66667,0.,10.,22.66667,-3.666667,10.,         67P   1295
22.66667,-7.333333,10.,22.66667,-11.,10.,24.5,11.,10.,24.5,           67P   1296
7.333333,10.,24.5,3.666667,10.,24.5,0.,10.,24.5,-3.666667,10.,        67P   1297
24.5,-7.333333,10.,24.5,-11.,10.,26.33333,11.,10.,26.33333,           67P   1298
7.333333,10.,26.33333,3.666667,10.,26.33333,0.,10.,26.33333,          67P   1299
-3.666667,10.,26.33333,-7.333333,10.,26.33333,-11.,10.,28.16667,      67P   1300
11.,10.,28.16667,7.333333,10.,28.16667,3.666667,10.,28.16667,0.,      67P   1301
10.,28.16667,-3.666667,10.,28.16667,-7.333333,10.,28.16667,-11.,      67P   1302
10.,30.,11.,10.,30.,7.333333,10.,30.,3.666667,10.,30.,0.,10.,         67P   1303
30.,-3.666667,10.,30.,-7.333333,10.,30.,-11.,10.,31.83333,11.,        67P   1304
10.,31.83333,7.333333,10.,31.83333,3.666667,10.,31.83333,0.,10.,      67P   1305
31.83333,-3.666667,10.,31.83333,-7.333333,10.,31.83333,-11.,10.,      67P   1306
33.66667,11.,10.,33.66667,7.333333,10.,33.66667,3.666667,10.,         67P   1307
33.66667,0.,10.,33.66667,-3.666667,10.,33.66667,-7.333333,10.,        67P   1308
33.66667,-11.,10.,35.5,11.,10.,35.5,7.333333,10.,35.5,3.666667,       67P   1309
10.,35.5,0.,10.,35.5,-3.666667,10.,35.5,-7.333333,10.,35.5,-11.,      67P   1310
10.,37.33333,11.,10.,37.33333,7.333333,10.,37.33333,3.666667,         67P   1311
10.,37.33333,0.,10.,37.33333,-3.666667,10.,37.33333,-7.333333,        67P   1312
10.,37.33333,-11.,10.,39.16667,11.,10.,39.16667,7.333333,10.,         67P   1313
39.16667,3.666667,10.,39.16667,0.,10.,39.16667,-3.666667,10.,         67P   1314
39.16667,-7.333333,10.,39.16667,-11.,10.,41.,11.,10.,41.,             67P   1315
7.333333,10.,41.,3.666667,10.,41.,0.,10.,41.,-3.666667,10.,41.,       67P   1316
-7.333333,10.,41.,-11.,10.,1.,2.,1.,3.;                               67P   1317
141,1,2,67,1,73,1,1,71;                                               69P   1318
106,1,45,0.,1.954545455,2.,1.949617015,2.134338792,1.935300442,       71P   1319
2.262557468,1.912298855,2.383249789,1.881315373,2.495009516,          71P   1320
1.843053117,2.596430411,1.798215206,2.686106234,1.747504758,          71P   1321
2.762630746,1.691624894,2.824597709,1.631278734,2.870600883,          71P   1322
1.567169396,2.899234029,1.5,2.909090909,1.432830604,2.899234029,      71P   1323
1.368721266,2.870600883,1.308375106,2.824597709,1.252495242,          71P   1324
2.762630746,1.201784794,2.686106234,1.156946883,2.596430411,          71P   1325
1.118684627,2.495009516,1.087701145,2.383249789,1.064699558,          71P   1326
2.262557468,1.050382985,2.134338792,1.045454545,2.,1.050382985,       71P   1327
1.865661208,1.064699558,1.737442532,1.087701145,1.616750211,          71P   1328
1.118684627,1.504990484,1.156946883,1.403569589,1.201784794,          71P   1329
1.313893766,1.252495242,1.237369254,1.308375106,1.175402291,          71P   1330
1.368721266,1.129399117,1.432830604,1.100765971,1.5,1.090909091,      71P   1331
1.567169396,1.100765971,1.631278734,1.129399117,1.691624894,          71P   1332
1.175402291,1.747504758,1.237369254,1.798215206,1.313893766,          71P   1333
1.843053117,1.403569589,1.881315373,1.504990484,1.912298855,          71P   1334
1.616750211,1.935300442,1.737442532,1.949617015,1.865661208,          71P   1335
1.954545455,2.;                                                       71P   1336
126,44,1,1,1,1,0,0.,0.,1.,2.,3.,4.,5.,6.,7.,8.,9.,10.,11.,12.,        73P   1337
13.,14.,15.,16.,17.,18.,19.,20.,21.,22.,23.,24.,25.,26.,27.,28.,      73P   1338
29.,30.,31.,32.,33.,34.,35.,36.,37.,38.,39.,40.,41.,42.,43.,44.,      73P   1339
44.,1.,1.,1.,1.,1.,1.,1.,1.,1.,1.,1.,1.,1.,1.,1.,1.,1.,1.,1.,1.,      73P   1340
1.,1.,1.,1.,1.,1.,1.,1.,1.,1.,1.,1.,1.,1.,1.,1.,1.,1.,1.,1.,1.,       73P   1341
1.,1.,1.,1.,30.,-10.,10.,31.47773,-9.891574,10.,32.88813,             73P   1342
-9.57661,10.,34.21575,-9.070575,10.,35.4451,-8.388938,10.,            73P   1343
36.56073,-7.547169,10.,37.54717,-6.560735,10.,38.38894,               73P   1344
-5.445105,10.,39.07057,-4.215748,10.,39.57661,-2.888132,10.,          73P   1345
39.89157,-1.477727,10.,40.,0.,10.,39.89157,1.477727,10.,              73P   1346
39.57661,2.888132,10.,39.07057,4.215748,10.,38.38894,5.445105,        73P   1347
10.,37.54717,6.560735,10.,36.56073,7.547169,10.,35.4451,              73P   1348
8.388938,10.,34.21575,9.070575,10.,32.88813,9.57661,10.,              73P   1349
31.47773,9.891574,10.,30.,10.,10.,28.52227,9.891574,10.,              73P   1350
27.11187,9.57661,10.,25.78425,9.070575,10.,24.5549,8.388938,10.,      73P   1351
23.43927,7.547169,10.,22.45283,6.560735,10.,21.61106,5.445105,        73P   1352
10.,20.92943,4.215748,10.,20.42339,2.888132,10.,20.10843,             73P   1353
1.477727,10.,20.,0.,10.,20.10843,-1.477727,10.,20.42339,              73P   1354
-2.888132,10.,20.92943,-4.215748,10.,21.61106,-5.445105,10.,          73P   1355
22.45283,-6.560735,10.,23.43927,-7.547169,10.,24.5549,-8.388938,      73P   1356
10.,25.78425,-9.070575,10.,27.11187,-9.57661,10.,28.52227,            73P   1357
-9.891574,10.,30.,-10.,10.,0.,44.,0.,0.,1.;                           73P   1358
143,1,77,1,79;                                                        75P   1359
128,24,6,6,6,0,0,1,0,0,1.,1.,1.,1.,1.,1.,1.,2.,2.,2.,2.,2.,2.,        77P   1360
3.,3.,3.,3.,3.,3.,4.,4.,4.,4.,4.,4.,5.,5.,5.,5.,5.,5.,5.,1.,1.,       77P   1361
1.,1.,1.,1.,1.,2.,2.,2.,2.,2.,2.,2.,1.,1.,1.,1.,1.,1.,1.,1.,1.,       77P   1362
1.,1.,1.,1.,1.,1.,1.,1.,1.,1.,1.,1.,1.,1.,1.,1.,1.,1.,1.,1.,1.,       77P   1363
1.,1.,1.,1.,1.,1.,1.,1.,1.,1.,1.,1.,1.,1.,1.,1.,1.,1.,1.,1.,1.,       77P   1364
1.,1.,1.,1.,1.,1.,1.,1.,1.,1.,1.,1.,1.,1.,1.,1.,1.,1.,1.,1.,1.,       77P   1365
1.,1.,1.,1.,1.,1.,1.,1.,1.,1.,1.,1.,1.,1.,1.,1.,1.,1.,1.,1.,1.,       77P   1366
1.,1.,1.,1.,1.,1.,1.,1.,1.,1.,1.,1.,1.,1.,1.,1.,1.,1.,1.,1.,1.,       77P   1367
1.,1.,1.,1.,1.,1.,1.,1.,1.,1.,1.,1.,1.,1.,1.,1.,1.,1.,1.,1.,1.,       77P   1368
1.,1.,1.,1.,1.,1.,1.,1.,1.,1.,1.,1.,1.,1.,1.,1.,1.,1.,1.,1.,1.,       77P   1369
1.,1.,1.,1.,1.,1.,1.,1.,1.,1.,1.,1.,1.,1.,1.,1.,1.,1.,1.,             77P   1370
99.92051,-79.99932,-25.,105.2687,-80.00927,-25.,110.6151,             77P   1371
-79.58268,-25.,115.9183,-78.72851,-25.,121.137,-77.45573,-25.,        77P   1372
126.2299,-75.77329,-25.,131.1556,-73.69016,-25.,135.889,              77P   1373
-71.68837,-25.,140.464,-69.31786,-25.,144.8498,-66.59984,-25.,        77P   1374
149.0158,-63.5555,-25.,152.9312,-60.20604,-25.,156.5652,              77P   1375
-56.57266,-25.,160.1978,-52.94073,-25.,163.5463,-49.02768,-25.,       77P   1376
166.5898,-44.86417,-25.,169.3074,-40.4809,-25.,171.6781,              77P   1377
-35.90853,-25.,173.681,-31.17773,-24.99999,175.7632,-26.25988,        77P   1378
-24.99997,177.4438,-21.17516,-24.99996,178.7154,-15.96487,            77P   1379
-24.99995,179.5705,-10.67033,-24.99995,180.0015,-5.332844,            77P   1380
-24.99996,180.0009,0.006269757,-25.,99.93376,-69.99933,-25.,          77P   1381
104.6128,-70.00804,-25.,109.2901,-69.63488,-25.,113.9297,             77P   1382
-68.88769,-25.,118.4955,-67.77426,-25.,122.9512,-66.30239,-25.,       77P   1383
127.2605,-64.47993,-25.,131.4024,-62.72828,-25.,135.4057,             77P   1384
-60.65391,-25.,139.2434,-58.2754,-25.,142.8887,-55.61135,-25.,        77P   1385
146.3148,-52.68035,-25.,149.4947,-49.50097,-25.,152.6735,             77P   1386
-46.3228,-25.,155.6037,-42.89866,-25.,158.267,-39.25538,-25.,         77P   1387
160.6451,-35.41978,-25.,162.7197,-31.41871,-24.99999,164.4724,        77P   1388
-27.27897,-24.99999,166.2941,-22.9762,-24.99998,167.7643,             77P   1389
-18.52738,-24.99996,168.8766,-13.96866,-24.99995,169.6245,            77P   1390
-9.336207,-24.99995,170.0014,-4.666192,-24.99997,170.0009,            77P   1391
0.005224814,-25.,99.94701,-59.99933,-25.,103.9568,-60.0068,-25.,      77P   1392
107.9652,-59.68709,-25.,111.9412,-59.04687,-25.,115.854,              77P   1393
-58.0928,-25.,119.6724,-56.83151,-25.,123.3654,-55.2697,-25.,         77P   1394
126.9159,-53.76818,-25.,130.3474,-51.98993,-25.,133.637,              77P   1395
-49.95093,-25.,136.7617,-47.66717,-25.,139.6985,-45.15463,-25.,       77P   1396
142.4243,-42.42928,-25.,145.1492,-39.70489,-25.,147.6611,             77P   1397
-36.76967,-25.,149.9442,-33.64661,-25.,151.9828,-30.35869,-25.,       77P   1398
153.7613,-26.9289,-24.99999,155.2637,-23.38022,-24.99999,             77P   1399
156.825,-19.69245,-24.99998,158.0849,-15.87947,-24.99997,             77P   1400
159.0379,-11.97231,-24.99996,159.6785,-8.001962,-24.99996,            77P   1401
160.0014,-3.999461,-24.99997,160.0009,0.004179871,-25.,99.96026,      77P   1402
-49.99934,-25.,103.3008,-50.00556,-25.,106.6402,-49.73929,-25.,       77P   1403
109.9527,-49.20605,-25.,113.2125,-48.41133,-25.,116.3936,             77P   1404
-47.36063,-25.,119.4704,-46.05947,-25.,122.4294,-44.80807,-25.,       77P   1405
125.2892,-43.32594,-25.,128.0307,-41.62645,-25.,130.6347,             77P   1406
-39.72297,-25.,133.0821,-37.6289,-25.,135.3539,-35.35759,-25.,        77P   1407
137.6249,-33.08698,-25.,139.7184,-30.64068,-25.,141.6214,             77P   1408
-28.03785,-25.,143.3206,-25.29761,-25.,144.8028,-22.4391,             77P   1409
-24.99999,146.055,-19.48146,-24.99999,147.356,-16.40867,              77P   1410
-24.99998,148.4055,-13.23153,-24.99997,149.1992,-9.975904,            77P   1411
-24.99996,149.7326,-6.667672,-24.99997,150.0013,-3.332702,            77P   1412
-24.99998,150.0009,0.003134928,-25.,99.9735,-39.99935,-25.,           77P   1413
102.6448,-40.00432,-25.,105.3153,-39.7915,-25.,107.9643,              77P   1414
-39.36522,-25.,110.571,-38.72986,-25.,113.1149,-37.88975,-25.,        77P   1415
115.5753,-36.84924,-25.,117.9429,-35.84797,-25.,120.231,              77P   1416
-34.66195,-25.,122.4243,-33.30197,-25.,124.5077,-31.77879,-25.,       77P   1417
126.4658,-30.10317,-25.,128.2834,-28.2859,-25.,130.1006,              77P   1418
-26.46906,-25.,131.7758,-24.51169,-25.,133.2985,-22.42909,-25.,       77P   1419
134.6583,-20.23653,-24.99999,135.8444,-17.9493,-24.99999,             77P   1420
136.8463,-15.58271,-24.99999,137.8869,-13.12491,-24.99998,            77P   1421
138.7261,-10.58361,-24.99997,139.3604,-7.979536,-24.99997,            77P   1422
139.7866,-5.333412,-24.99997,140.0012,-2.665962,-24.99998,            77P   1423
140.0009,0.002089985,-25.,99.98675,-29.99935,-25.,101.9889,           77P   1424
-30.00308,-25.,103.9904,-29.8437,-25.,105.9758,-29.52439,-25.,        77P   1425
107.9296,-29.04838,-25.,109.8362,-28.41886,-25.,111.6802,             77P   1426
-27.63901,-25.,113.4563,-26.88788,-25.,115.1727,-25.998,-25.,         77P   1427
116.8179,-24.97753,-25.,118.3806,-23.83463,-25.,119.8495,             77P   1428
-22.57747,-25.,121.213,-21.21421,-25.,122.5763,-19.85114,-25.,        77P   1429
123.8332,-18.38268,-25.,124.9757,-16.8203,-25.,125.996,               77P   1430
-15.17542,-24.99999,126.8859,-13.45949,-24.99999,127.6377,            77P   1431
-11.68395,-24.99999,128.4178,-9.841209,-24.99998,129.0466,            77P   1432
-7.935795,-24.99998,129.5217,-5.983286,-24.99998,129.8406,            77P   1433
-3.999259,-24.99998,130.0012,-1.99929,-24.99999,130.0009,             77P   1434
0.001045042,-25.,100.,-19.99936,-25.,101.3329,-20.00184,-25.,         77P   1435
102.6655,-19.89589,-25.,103.9873,-19.68356,-25.,105.2881,             77P   1436
-19.3669,-25.,106.5575,-18.94796,-25.,107.7851,-18.42878,-25.,        77P   1437
108.9697,-17.92781,-25.,110.1143,-17.33408,-25.,111.2114,             77P   1438
-16.65314,-25.,112.2535,-15.89053,-25.,113.2331,-15.05181,-25.,       77P   1439
114.1425,-14.14252,-25.,115.052,-13.23319,-25.,115.8906,              77P   1440
-12.25364,-25.,116.653,-11.21147,-24.99999,117.3337,-10.11427,        77P   1441
-24.99999,117.9275,-8.969644,-24.99999,118.429,-7.785196,             77P   1442
-24.99999,118.9487,-6.557618,-24.99998,119.3671,-5.288157,            77P   1443
-24.99998,119.6829,-3.987239,-24.99998,119.8946,-2.66529,             77P   1444
-24.99998,120.0011,-1.332735,-24.99999,120.0009,9.924004D-008,        77P   1445
-25.,1.,5.,1.,2.;                                                     77P   1446
141,1,2,77,3,83,1,1,81,87,1,1,85,91,1,1,89;                           79P   1447
106,1,35,0.,1.,1.499989002,1.0625,1.499762147,1.125,1.499004738,      81P   1448
1.1875,1.497716569,1.25,1.495895422,1.3125,1.493537049,1.375,         81P   1449
1.490635143,1.4375,1.487181286,1.5,1.483164881,1.5625,                81P   1450
1.478573054,1.625,1.473390542,1.6875,1.467599548,1.75,                81P   1451
1.461179569,1.8125,1.454107201,1.875,1.446355898,1.9375,              81P   1452
1.437895695,2.,1.428692889,2.,1.428692889,2.0625,1.419110184,         81P   1453
2.125,1.40877614,2.1875,1.397654704,2.25,1.38570567,2.3125,           81P   1454
1.372884252,2.375,1.359140594,2.4375,1.344419198,2.5,                 81P   1455
1.328658263,2.5625,1.311788919,2.625,1.293734334,2.6875,              81P   1456
1.274408668,2.75,1.253715851,2.8125,1.23154815,2.875,                 81P   1457
1.207784467,2.9375,1.182288332,2.96875,1.168843165,3.,                81P   1458
1.154831022;                                                          81P   1459
126,36,1,1,0,1,0,0.,0.,1.,2.,3.,4.,5.,6.,7.,8.,9.,10.,11.,12.,        83P   1460
13.,14.,15.,16.,17.,18.,19.,20.,21.,22.,23.,24.,25.,26.,27.,28.,      83P   1461
29.,30.,30.5,31.,31.5,32.,33.,34.,34.,1.,1.,1.,1.,1.,1.,1.,1.,        83P   1462
1.,1.,1.,1.,1.,1.,1.,1.,1.,1.,1.,1.,1.,1.,1.,1.,1.,1.,1.,1.,1.,       83P   1463
1.,1.,1.,1.,1.,1.,1.,1.,99.96026,-50.,-25.,101.2131,-50.,-25.,        83P   1464
102.4673,-50.,-25.,103.7245,-50.,-25.,104.9863,-50.,-25.,             83P   1465
106.2544,-50.,-25.,107.5304,-50.,-25.,108.8161,-50.,-25.,             83P   1466
110.1132,-50.,-25.,111.4236,-50.,-25.,112.749,-50.,-25.,              83P   1467
114.0915,-50.,-25.,115.4532,-50.,-25.,116.8362,-50.,-25.,             83P   1468
118.2427,-50.,-25.,119.6754,-50.,-25.,121.1368,-50.,-25.,             83P   1469
121.1368,-50.,-25.,122.5716,-50.,-25.,124.0377,-50.,-25.,             83P   1470
125.5382,-50.,-25.,127.0759,-50.,-25.,128.6542,-50.,-25.,             83P   1471
130.2768,-50.,-25.,131.9473,-50.,-25.,133.67,-50.,-25.,135.4496,      83P   1472
-50.,-25.,137.291,-50.,-25.,139.1998,-50.,-25.,141.182,-50.,          83P   1473
-25.,143.2445,-50.,-25.,144.3165,-50.00932,-25.,145.3949,-50.,        83P   1474
-25.,146.5148,-50.00992,-25.,147.6414,-50.,-25.,148.8037,-50.,        83P   1475
-25.,149.9968,-50.00316,-25.,0.,34.,-1.833799D-009,                   83P   1476
-1.201694D-005,-1.;                                                   83P   1477
106,1,36,0.,3.,1.154831022,3.031249985,1.168695542,3.062499969,       85P   1478
1.182141951,3.124999938,1.207640303,3.179687442,1.22852518,           85P   1479
3.234374946,1.248175874,3.28906245,1.266675367,3.343749954,           85P   1480
1.284098535,3.398437458,1.300513065,3.453124962,1.315980248,          85P   1481
3.507812465,1.33055566,3.562499969,1.344289767,3.617187473,           85P   1482
1.357228433,3.671874977,1.369413385,3.726562481,1.380882601,          85P   1483
3.781249985,1.391670664,3.835937488,1.401809068,3.890624992,          85P   1484
1.411326482,3.945312496,1.420248994,4.,1.428600314,4.0625,            85P   1485
1.437802593,4.125,1.446260894,4.1875,1.454009492,4.25,                85P   1486
1.461078894,4.3125,1.467496168,4.375,1.473285224,4.4375,              85P   1487
1.478467055,4.5,1.483059947,4.5625,1.48707965,4.625,1.490539528,      85P   1488
4.6875,1.493450678,4.75,1.495822029,4.8125,1.497660418,4.875,         85P   1489
1.498970644,4.9375,1.499755508,5.,1.500015826;                        85P   1490
126,36,1,1,0,1,0,0.,0.,1.,2.,2.5,3.,4.,5.,6.,7.,8.,9.,10.,11.,        87P   1491
12.,13.,14.,15.,16.,17.,18.,19.,20.,21.,22.,23.,24.,25.,26.,27.,      87P   1492
28.,29.,30.,31.,32.,33.,34.,35.,35.,1.,1.,1.,1.,1.,1.,1.,1.,1.,       87P   1493
1.,1.,1.,1.,1.,1.,1.,1.,1.,1.,1.,1.,1.,1.,1.,1.,1.,1.,1.,1.,1.,       87P   1494
1.,1.,1.,1.,1.,1.,1.,149.9968,-50.00316,-25.,150.,-48.81644,          87P   1495
-25.,150.,-47.65425,-25.,150.0099,-46.5277,-25.,150.,-45.40789,       87P   1496
-25.,150.,-43.52156,-25.,150.,-41.70322,-25.,150.,-39.9477,-25.,      87P   1497
150.,-38.2503,-25.,150.,-36.60675,-25.,150.,-35.01312,-25.,150.,      87P   1498
-33.46582,-25.,150.,-31.96154,-25.,150.,-30.49722,-25.,150.,          87P   1499
-29.07004,-25.,150.,-27.67737,-24.99999,150.,-26.31678,               87P   1500
-24.99999,150.,-24.98598,-24.99999,150.,-23.68285,-24.99999,          87P   1501
150.,-22.40538,-24.99999,150.,-21.15168,-24.99999,150.,               87P   1502
-19.69162,-24.99998,150.,-18.26029,-24.99998,150.,-16.85503,          87P   1503
-24.99998,150.,-15.47339,-24.99997,150.,-14.11304,-24.99997,          87P   1504
150.,-12.77182,-24.99997,150.,-11.44765,-24.99997,150.,               87P   1505
-10.13857,-24.99997,150.,-8.842721,-24.99997,150.,-7.55829,           87P   1506
-24.99997,150.,-6.283539,-24.99997,150.,-5.016776,-24.99998,          87P   1507
150.,-3.756346,-24.99998,150.,-2.500624,-24.99998,150.,               87P   1508
-1.247998,-24.99999,150.,0.003134829,-25.,0.,35.,-0.006578782,        87P   1509
4.536816D-010,0.9999784;                                              87P   1510
106,1,4,0.,5.,1.500015826,5.,2.,1.,2.,1.,1.499989002;                 89P   1511
126,54,1,1,0,1,0,0.,0.,1.,1.019230769,1.038461538,1.057692308,        91P   1512
1.076923077,1.096153846,1.115384615,1.134615385,1.153846154,          91P   1513
1.173076923,1.192307692,1.211538462,1.230769231,1.25,                 91P   1514
1.269230769,1.288461538,1.307692308,1.326923077,1.346153846,          91P   1515
1.365384615,1.384615385,1.403846154,1.423076923,1.442307692,          91P   1516
1.461538462,1.480769231,1.5,1.519230769,1.538461538,1.557692308,      91P   1517
1.576923077,1.596153846,1.615384615,1.634615385,1.653846154,          91P   1518
1.673076923,1.692307692,1.711538462,1.730769231,1.75,                 91P   1519
1.769230769,1.788461538,1.807692308,1.826923077,1.846153846,          91P   1520
1.865384615,1.884615385,1.903846154,1.923076923,1.942307692,          91P   1521
1.961538462,1.980769231,2.,3.,3.,1.,1.,1.,1.,1.,1.,1.,1.,1.,1.,       91P   1522
1.,1.,1.,1.,1.,1.,1.,1.,1.,1.,1.,1.,1.,1.,1.,1.,1.,1.,1.,1.,1.,       91P   1523
1.,1.,1.,1.,1.,1.,1.,1.,1.,1.,1.,1.,1.,1.,1.,1.,1.,1.,1.,1.,1.,       91P   1524
1.,1.,1.,150.,0.003134829,-25.,120.0009,9.924004D-008,-25.,           91P   1525
119.9916,-0.6149974,-25.,119.9633,-1.229393,-24.99999,119.9163,       91P   1526
-1.842619,-24.99999,119.8506,-2.454104,-24.99999,119.7662,            91P   1527
-3.063279,-24.99999,119.6633,-3.669575,-24.99998,119.5419,            91P   1528
-4.272422,-24.99998,119.402,-4.871252,-24.99998,119.2438,             91P   1529
-5.465493,-24.99998,119.0673,-6.054578,-24.99998,118.8727,            91P   1530
-6.637936,-24.99998,118.6599,-7.214999,-24.99998,118.429,             91P   1531
-7.785196,-24.99999,118.1894,-8.32826,-24.99999,117.9337,             91P   1532
-8.86384,-24.99999,117.6622,-9.391521,-24.99999,117.3752,             91P   1533
-9.910886,-24.99999,117.073,-10.42152,-24.99999,116.7558,             91P   1534
-10.92301,-24.99999,116.4241,-11.41494,-25.,116.0779,-11.8969,        91P   1535
-25.,115.7178,-12.36846,-25.,115.3439,-12.82922,-25.,114.9565,        91P   1536
-13.27876,-25.,114.5559,-13.71666,-25.,114.1425,-14.14252,-25.,       91P   1537
113.7166,-14.55588,-25.,113.2787,-14.95641,-25.,112.8291,             91P   1538
-15.3438,-25.,112.3684,-15.71776,-25.,111.8968,-16.07798,-25.,        91P   1539
111.4149,-16.42416,-25.,110.923,-16.756,-25.,110.4215,-17.07318,      91P   1540
-25.,109.9109,-17.37541,-25.,109.3915,-17.66239,-25.,108.8638,        91P   1541
-17.93382,-25.,108.3282,-18.18938,-25.,107.7851,-18.42878,-25.,       91P   1542
107.2149,-18.65949,-25.,106.6378,-18.87229,-25.,106.0545,             91P   1543
-19.06707,-25.,105.4654,-19.24372,-25.,104.8712,-19.40214,-25.,       91P   1544
104.2725,-19.5422,-25.,103.6697,-19.6638,-25.,103.0634,               91P   1545
-19.76682,-25.,102.4542,-19.85115,-25.,101.8428,-19.91668,-25.,       91P   1546
101.2295,-19.9633,-25.,100.6151,-19.9909,-25.,100.,-19.99936,         91P   1547
-25.,99.96026,-50.,-25.,0.,3.,1.562093D-007,-5.175991D-008,1.;        91P   1548
143,1,95,1,97;                                                        93P   1549
128,108,12,6,6,1,0,1,0,0,1.,1.,1.,1.,1.,1.,1.,2.,2.,2.,2.,2.,2.,      95P   1550
3.,3.,3.,3.,3.,3.,4.,4.,4.,4.,4.,4.,5.,5.,5.,5.,5.,5.,6.,6.,6.,       95P   1551
6.,6.,6.,7.,7.,7.,7.,7.,7.,8.,8.,8.,8.,8.,8.,9.,9.,9.,9.,9.,9.,       95P   1552
10.,10.,10.,10.,10.,10.,11.,11.,11.,11.,11.,11.,12.,12.,12.,12.,      95P   1553
12.,12.,13.,13.,13.,13.,13.,13.,14.,14.,14.,14.,14.,14.,15.,15.,      95P   1554
15.,15.,15.,15.,16.,16.,16.,16.,16.,16.,17.,17.,17.,17.,17.,17.,      95P   1555
18.,18.,18.,18.,18.,18.,19.,19.,19.,19.,19.,19.,19.,1.,1.,1.,1.,      95P   1556
1.,1.,1.,2.,2.,2.,2.,2.,2.,3.,3.,3.,3.,3.,3.,3.,1.,1.,1.,1.,1.,       95P   1557
1.,1.,1.,1.,1.,1.,1.,1.,1.,1.,1.,1.,1.,1.,1.,1.,1.,1.,1.,1.,1.,       95P   1558
1.,1.,1.,1.,1.,1.,1.,1.,1.,1.,1.,1.,1.,1.,1.,1.,1.,1.,1.,1.,1.,       95P   1559
1.,1.,1.,1.,1.,1.,1.,1.,1.,1.,1.,1.,1.,1.,1.,1.,1.,1.,1.,1.,1.,       95P   1560
1.,1.,1.,1.,1.,1.,1.,1.,1.,1.,1.,1.,1.,1.,1.,1.,1.,1.,1.,1.,1.,       95P   1561
1.,1.,1.,1.,1.,1.,1.,1.,1.,1.,1.,1.,1.,1.,1.,1.,1.,1.,1.,1.,1.,       95P   1562
1.,1.,1.,1.,1.,1.,1.,1.,1.,1.,1.,1.,1.,1.,1.,1.,1.,1.,1.,1.,1.,       95P   1563
1.,1.,1.,1.,1.,1.,1.,1.,1.,1.,1.,1.,1.,1.,1.,1.,1.,1.,1.,1.,1.,       95P   1564
1.,1.,1.,1.,1.,1.,1.,1.,1.,1.,1.,1.,1.,1.,1.,1.,1.,1.,1.,1.,1.,       95P   1565
1.,1.,1.,1.,1.,1.,1.,1.,1.,1.,1.,1.,1.,1.,1.,1.,1.,1.,1.,1.,1.,       95P   1566
1.,1.,1.,1.,1.,1.,1.,1.,1.,1.,1.,1.,1.,1.,1.,1.,1.,1.,1.,1.,1.,       95P   1567
1.,1.,1.,1.,1.,1.,1.,1.,1.,1.,1.,1.,1.,1.,1.,1.,1.,1.,1.,1.,1.,       95P   1568
1.,1.,1.,1.,1.,1.,1.,1.,1.,1.,1.,1.,1.,1.,1.,1.,1.,1.,1.,1.,1.,       95P   1569
1.,1.,1.,1.,1.,1.,1.,1.,1.,1.,1.,1.,1.,1.,1.,1.,1.,1.,1.,1.,1.,       95P   1570
1.,1.,1.,1.,1.,1.,1.,1.,1.,1.,1.,1.,1.,1.,1.,1.,1.,1.,1.,1.,1.,       95P   1571
1.,1.,1.,1.,1.,1.,1.,1.,1.,1.,1.,1.,1.,1.,1.,1.,1.,1.,1.,1.,1.,       95P   1572
1.,1.,1.,1.,1.,1.,1.,1.,1.,1.,1.,1.,1.,1.,1.,1.,1.,1.,1.,1.,1.,       95P   1573
1.,1.,1.,1.,1.,1.,1.,1.,1.,1.,1.,1.,1.,1.,1.,1.,1.,1.,1.,1.,1.,       95P   1574
1.,1.,1.,1.,1.,1.,1.,1.,1.,1.,1.,1.,1.,1.,1.,1.,1.,1.,1.,1.,1.,       95P   1575
1.,1.,1.,1.,1.,1.,1.,1.,1.,1.,1.,1.,1.,1.,1.,1.,1.,1.,1.,1.,1.,       95P   1576
1.,1.,1.,1.,1.,1.,1.,1.,1.,1.,1.,1.,1.,1.,1.,1.,1.,1.,1.,1.,1.,       95P   1577
1.,1.,1.,1.,1.,1.,1.,1.,1.,1.,1.,1.,1.,1.,1.,1.,1.,1.,1.,1.,1.,       95P   1578
1.,1.,1.,1.,1.,1.,1.,1.,1.,1.,1.,1.,1.,1.,1.,1.,1.,1.,1.,1.,1.,       95P   1579
1.,1.,1.,1.,1.,1.,1.,1.,1.,1.,1.,1.,1.,1.,1.,1.,1.,1.,1.,1.,1.,       95P   1580
1.,1.,1.,1.,1.,1.,1.,1.,1.,1.,1.,1.,1.,1.,1.,1.,1.,1.,1.,1.,1.,       95P   1581
1.,1.,1.,1.,1.,1.,1.,1.,1.,1.,1.,1.,1.,1.,1.,1.,1.,1.,1.,1.,1.,       95P   1582
1.,1.,1.,1.,1.,1.,1.,1.,1.,1.,1.,1.,1.,1.,1.,1.,1.,1.,1.,1.,1.,       95P   1583
1.,1.,1.,1.,1.,1.,1.,1.,1.,1.,1.,1.,1.,1.,1.,1.,1.,1.,1.,1.,1.,       95P   1584
1.,1.,1.,1.,1.,1.,1.,1.,1.,1.,1.,1.,1.,1.,1.,1.,1.,1.,1.,1.,1.,       95P   1585
1.,1.,1.,1.,1.,1.,1.,1.,1.,1.,1.,1.,1.,1.,1.,1.,1.,1.,1.,1.,1.,       95P   1586
1.,1.,1.,1.,1.,1.,1.,1.,1.,1.,1.,1.,1.,1.,1.,1.,1.,1.,1.,1.,1.,       95P   1587
1.,1.,1.,1.,1.,1.,1.,1.,1.,1.,1.,1.,1.,1.,1.,1.,1.,1.,1.,1.,1.,       95P   1588
1.,1.,1.,1.,1.,1.,1.,1.,1.,1.,1.,1.,1.,1.,1.,1.,1.,1.,1.,1.,1.,       95P   1589
1.,1.,1.,1.,1.,1.,1.,1.,1.,1.,1.,1.,1.,1.,1.,1.,1.,1.,1.,1.,1.,       95P   1590
1.,1.,1.,1.,1.,1.,1.,1.,1.,1.,1.,1.,1.,1.,1.,1.,1.,1.,1.,1.,1.,       95P   1591
1.,1.,1.,1.,1.,1.,1.,1.,1.,1.,1.,1.,1.,1.,1.,1.,1.,1.,1.,1.,1.,       95P   1592
1.,1.,1.,1.,1.,1.,1.,1.,1.,1.,1.,1.,1.,1.,1.,1.,1.,1.,1.,1.,1.,       95P   1593
1.,1.,1.,1.,1.,1.,1.,1.,1.,1.,1.,1.,1.,1.,1.,1.,1.,1.,1.,1.,1.,       95P   1594
1.,1.,1.,1.,1.,1.,1.,1.,1.,1.,1.,1.,1.,1.,1.,1.,1.,1.,1.,1.,1.,       95P   1595
1.,1.,1.,1.,1.,1.,1.,1.,1.,1.,1.,1.,1.,1.,1.,1.,1.,1.,1.,1.,1.,       95P   1596
1.,1.,1.,1.,1.,1.,1.,1.,1.,1.,1.,1.,1.,1.,1.,1.,1.,1.,1.,1.,1.,       95P   1597
1.,1.,1.,1.,1.,1.,1.,1.,1.,1.,1.,1.,1.,1.,1.,1.,1.,1.,1.,1.,1.,       95P   1598
1.,1.,1.,1.,1.,1.,1.,1.,1.,1.,1.,1.,1.,1.,1.,1.,1.,1.,1.,1.,1.,       95P   1599
1.,1.,1.,1.,1.,1.,1.,1.,1.,1.,1.,1.,1.,1.,1.,1.,1.,1.,1.,1.,1.,       95P   1600
1.,1.,1.,1.,1.,1.,1.,1.,1.,1.,1.,1.,1.,1.,1.,1.,1.,1.,1.,1.,1.,       95P   1601
1.,1.,1.,1.,1.,1.,1.,1.,1.,1.,1.,1.,1.,1.,1.,1.,1.,1.,1.,1.,1.,       95P   1602
1.,1.,1.,1.,1.,1.,1.,1.,1.,1.,1.,1.,1.,1.,1.,1.,1.,1.,1.,1.,1.,       95P   1603
1.,1.,1.,1.,1.,1.,1.,1.,1.,1.,1.,1.,1.,1.,1.,1.,1.,1.,1.,1.,1.,       95P   1604
1.,1.,1.,1.,1.,1.,1.,1.,1.,1.,1.,1.,1.,1.,1.,1.,1.,1.,1.,1.,1.,       95P   1605
1.,1.,1.,1.,1.,1.,1.,1.,1.,1.,1.,1.,1.,1.,1.,1.,1.,1.,1.,1.,1.,       95P   1606
1.,1.,1.,1.,1.,1.,1.,1.,1.,1.,1.,1.,1.,1.,1.,1.,1.,1.,1.,1.,1.,       95P   1607
1.,1.,1.,1.,1.,1.,1.,1.,1.,1.,1.,1.,1.,1.,1.,1.,1.,1.,1.,1.,1.,       95P   1608
1.,1.,1.,1.,1.,1.,1.,1.,1.,1.,1.,1.,1.,1.,1.,1.,1.,1.,1.,1.,1.,       95P   1609
1.,1.,1.,1.,1.,1.,1.,1.,1.,1.,1.,1.,1.,1.,1.,1.,1.,1.,1.,1.,1.,       95P   1610
1.,1.,1.,1.,1.,1.,1.,1.,1.,1.,1.,1.,1.,1.,1.,1.,1.,1.,1.,1.,1.,       95P   1611
1.,1.,1.,1.,1.,1.,1.,1.,1.,1.,1.,1.,1.,1.,1.,1.,1.,1.,1.,1.,1.,       95P   1612
1.,1.,1.,1.,1.,1.,1.,1.,1.,1.,1.,1.,1.,1.,1.,1.,1.,1.,1.,1.,1.,       95P   1613
1.,1.,1.,1.,1.,1.,1.,1.,1.,1.,1.,1.,1.,1.,1.,1.,1.,1.,1.,1.,1.,       95P   1614
1.,1.,1.,1.,1.,1.,1.,1.,1.,1.,1.,1.,1.,1.,1.,1.,1.,1.,1.,1.,1.,       95P   1615
1.,1.,1.,1.,1.,1.,1.,1.,1.,1.,1.,1.,1.,1.,1.,1.,1.,1.,1.,1.,1.,       95P   1616
1.,1.,1.,1.,1.,1.,1.,1.,1.,1.,1.,1.,1.,1.,1.,1.,1.,1.,1.,1.,1.,       95P   1617
1.,1.,1.,1.,1.,1.,1.,1.,1.,1.,1.,1.,1.,1.,1.,1.,1.,1.,1.,1.,1.,       95P   1618
1.,1.,1.,1.,1.,1.,1.,1.,1.,1.,1.,1.,1.,1.,1.,1.,1.,1.,1.,1.,1.,       95P   1619
1.,1.,1.,1.,1.,1.,1.,1.,1.,1.,1.,1.,1.,1.,1.,1.,1.,1.,1.,1.,1.,       95P   1620
1.,1.,1.,1.,1.,1.,1.,1.,1.,1.,1.,1.,1.,1.,1.,1.,1.,1.,1.,1.,1.,       95P   1621
1.,1.,1.,1.,1.,1.,1.,1.,1.,1.,1.,1.,1.,1.,1.,1.,1.,1.,1.,1.,1.,       95P   1622
1.,1.,1.,1.,1.,1.,1.,1.,1.,1.,1.,1.,1.,1.,1.,1.,1.,1.,1.,1.,1.,       95P   1623
1.,1.,1.,1.,1.,1.,1.,1.,1.,1.,1.,1.,1.,1.,1.,1.,1.,1.,1.,1.,1.,       95P   1624
1.,1.,1.,1.,1.,30.,-11.43844,17.19219,29.17983,-11.47622,             95P   1625
17.38109,28.37866,-11.45798,17.63447,27.59826,-11.38699,              95P   1626
17.94245,26.84041,-11.26653,18.2952,26.10689,-11.09987,18.68284,      95P   1627
25.39947,-10.8903,19.09552,24.42958,-10.60297,19.66132,23.50914,      95P   1628
-10.23962,20.26307,22.63816,-9.797829,20.8847,21.81668,               95P   1629
-9.275179,21.51012,21.04471,-8.669251,22.12326,20.32229,              95P   1630
-7.977624,22.70802,20.03207,-7.699778,22.94293,19.75146,              95P   1631
-7.408488,23.17318,19.48122,-7.103501,23.39774,19.22208,              95P   1632
-6.784564,23.61559,18.9748,-6.451423,23.82572,18.74012,               95P   1633
-6.103825,24.02711,18.62491,-5.933169,24.12598,18.51285,              95P   1634
-5.759003,24.22231,18.4041,-5.581337,24.31595,18.2988,-5.400181,      95P   1635
24.40677,18.19709,-5.215546,24.49464,18.09911,-5.027443,24.5794,      95P   1636
17.71179,-4.283801,24.9145,17.38836,-3.489475,25.19635,17.13553,      95P   1637
-2.654199,25.41847,16.95999,-1.787706,25.57443,16.86845,              95P   1638
-0.8997286,25.65776,16.86759,0.,25.66203,16.8663,1.361953,            95P   1639
25.66848,17.07507,2.68072,25.4807,17.46766,3.934561,25.12917,         95P   1640
18.01785,5.101738,24.64436,18.6994,6.160514,24.05675,19.48608,        95P   1641
7.089151,23.3968,19.88578,7.560981,23.06149,20.30905,8.000327,        95P   1642
22.71228,20.75448,8.408071,22.35214,21.22066,8.785093,21.98403,       95P   1643
21.70619,9.132276,21.61092,22.20967,9.4505,21.23577,22.53978,         95P   1644
9.659144,20.9898,22.87705,9.85479,20.74298,23.22169,10.03765,         95P   1645
20.49659,23.57389,10.20795,20.2519,23.93384,10.36589,20.0102,         95P   1646
24.30175,10.5117,19.77276,24.65476,10.65161,19.54494,25.01427,        95P   1647
10.7797,19.32039,25.38052,10.8958,19.10041,25.75372,10.99973,         95P   1648
18.88632,26.13411,11.09132,18.67943,26.52191,11.17037,18.48104,       95P   1649
27.06894,11.28189,18.2012,27.63106,11.36896,17.94325,28.20674,        95P   1650
11.42987,17.71028,28.79447,11.4629,17.50539,29.39273,11.46633,        95P   1651
17.33166,30.,11.43844,17.19219,30.7497,11.404,17.02001,31.50653,      95P   1652
11.32134,16.91216,32.26259,11.1914,16.86877,33.01,11.01514,           95P   1653
16.89002,33.74086,10.79354,16.97606,34.44728,10.52754,17.12704,       95P   1654
35.16048,10.259,17.27946,35.84466,9.94532,17.46888,36.49848,          95P   1655
9.587747,17.68723,37.12054,9.18751,17.92643,37.7095,8.745839,         95P   1656
18.1784,38.26397,8.263968,18.43508,39.13619,7.505946,18.83884,        95P   1657
39.9171,6.656721,19.25461,40.59267,5.720759,19.65369,41.14888,        95P   1658
4.702528,20.00743,41.57171,3.606495,20.28713,41.84714,2.437126,       95P   1659
20.46412,42.03047,1.658774,20.58192,42.14235,0.8627482,20.65435,      95P   1660
42.18265,0.05766012,20.6809,42.15123,-0.7478795,20.6611,              95P   1661
42.04796,-1.545259,20.59444,41.87269,-2.325869,20.48044,              95P   1662
41.69172,-3.131852,20.36274,41.43834,-3.907596,20.19895,              95P   1663
41.11802,-4.649923,19.99677,40.73621,-5.355655,19.76387,              95P   1664
40.29839,-6.021613,19.50797,39.81002,-6.64462,19.23675,39.62083,      95P   1665
-6.885969,19.13168,39.42449,-7.12012,19.02367,39.22112,               95P   1666
-7.347314,18.91379,39.01086,-7.567793,18.80307,38.79385,-7.7818,      95P   1667
18.69259,38.5702,-7.989576,18.58341,37.6048,-8.886477,18.11208,       95P   1668
36.5232,-9.652561,17.64586,35.34406,-10.2828,17.24168,34.08601,       95P   1669
-10.77215,16.9565,32.76771,-11.11558,16.84727,31.4078,-11.30807,      95P   1670
16.97092,31.17218,-11.34142,16.99235,30.93652,-11.36988,              95P   1671
17.01946,30.70115,-11.39363,17.05263,30.46639,-11.41285,              95P   1672
17.09223,30.23257,-11.42773,17.13863,30.,-11.43844,17.19219,          95P   1673
30.1556,-11.63069,18.15345,29.35228,-11.66532,18.32659,28.56513,      95P   1674
-11.66479,18.55963,27.79783,-11.62147,18.84358,27.05369,              95P   1675
-11.52886,19.16931,26.33578,-11.38022,19.52779,25.64622,              95P   1676
-11.17151,19.9097,24.65796,-10.87268,20.45831,23.70026,-10.5201,      95P   1677
21.03078,22.78624,-10.09749,21.6171,21.9284,-9.58869,22.20736,        95P   1678
21.13264,-8.985252,22.78983,20.40423,-8.279445,23.35258,              95P   1679
20.10511,-7.989689,23.5839,19.80774,-7.690879,23.80679,19.51758,      95P   1680
-7.380242,24.02207,19.23989,-7.055018,24.23059,18.97871,              95P   1681
-6.713118,24.43299,18.73793,-6.352387,24.6299,18.61897,               95P   1682
-6.174191,24.72721,18.4999,-5.993871,24.8207,18.38268,-5.810701,      95P   1683
24.91088,18.26921,-5.623963,24.99827,18.16119,-5.433005,              95P   1684
25.08337,18.06026,-5.237164,25.16665,17.65874,-4.458059,              95P   1685
25.49808,17.31723,-3.629298,25.77382,17.04659,-2.760242,              95P   1686
25.98902,16.85668,-1.859988,26.1388,16.75638,-0.9372609,              95P   1687
26.21808,16.75567,0.,26.22165,16.75459,1.41565,26.22703,              95P   1688
16.98042,2.779666,26.0486,17.40018,4.077468,25.71286,17.98742,        95P   1689
5.289029,25.24565,18.70813,6.393354,24.67225,19.52479,7.368647,       95P   1690
24.01866,19.93268,7.855865,23.69248,20.37624,8.301778,23.35758,       95P   1691
20.84968,8.710772,23.0144,21.34681,9.087302,22.66337,21.85874,        95P   1692
9.437985,22.30434,22.37604,9.769677,21.93715,22.70966,9.983648,       95P   1693
21.70053,23.05778,10.17546,21.46657,23.41751,10.34931,21.2348,        95P   1694
23.78577,10.50967,21.0047,24.15864,10.66222,20.77546,24.53202,        95P   1695
10.81287,20.54622,24.88333,10.95466,20.33074,25.24612,11.07402,       95P   1696
20.12094,25.61849,11.17552,19.91686,25.99834,11.26424,19.71841,       95P   1697
26.38325,11.34603,19.52534,26.77062,11.42712,19.33732,27.30131,       95P   1698
11.53831,19.08014,27.84772,11.61194,18.84262,28.40845,11.65228,       95P   1699
18.62802,28.9815,11.66527,18.43943,29.56471,11.65604,18.28019,        95P   1700
30.1556,11.63069,18.15345,30.87467,11.59987,17.99937,31.59765,        95P   1701
11.51982,17.89742,32.31912,11.39273,17.85042,33.03288,11.22068,       95P   1702
17.86156,33.73174,11.00553,17.93427,34.40764,10.74952,18.0718,        95P   1703
35.11627,10.48117,18.21625,35.80313,10.17694,18.38469,36.46295,       95P   1704
9.833359,18.57505,37.08943,9.445522,18.7856,37.67887,9.012702,        95P   1705
19.01361,38.2265,8.533736,19.25638,39.12424,7.748764,19.65507,        95P   1706
39.94369,6.873703,20.04875,40.65946,5.912623,20.41681,41.24583,       95P   1707
4.867602,20.73992,41.68866,3.743524,20.99718,41.96988,2.540079,       95P   1708
21.16842,42.15972,1.727807,21.2841,42.27552,0.8982781,21.35492,       95P   1709
42.3173,0.05996475,21.38063,42.28497,-0.778756,21.36097,              95P   1710
42.17832,-1.609573,21.29557,41.99692,-2.424192,21.18401,              95P   1711
41.81113,-3.258609,21.06979,41.54292,-4.059204,20.91775,              95P   1712
41.20121,-4.825207,20.73154,40.79373,-5.554219,20.51504,40.3319,      95P   1713
-6.24425,20.27163,39.82741,-6.892658,20.00503,39.63512,               95P   1714
-7.139833,19.9035,39.43093,-7.3772,19.80359,39.21704,-7.606241,       95P   1715
19.704,38.99554,-7.828201,19.60347,38.76941,-8.044933,19.5006,        95P   1716
38.54151,-8.258039,19.39402,37.598,-9.140529,18.95361,36.53476,       95P   1717
-9.891846,18.53127,35.37373,-10.50521,18.17399,34.13392,              95P   1718
-10.97599,17.92765,32.83572,-11.3067,17.83717,31.49619,-11.4943,      95P   1719
17.94902,31.27146,-11.52576,17.96772,31.04705,-11.55552,              95P   1720
17.99327,30.82319,-11.5822,18.02513,30.6,-11.60455,18.06277,          95P   1721
30.3775,-11.62114,18.10571,30.1556,-11.63069,18.15345,30.29879,       95P   1722
-12.02356,18.99483,29.49956,-12.05601,19.15601,28.71458,              95P   1723
-12.06364,19.37181,27.94857,-12.03339,19.635,27.20589,-11.95352,      95P   1724
19.93808,26.49091,-11.8119,20.27395,25.80704,-11.59973,20.6351,       95P   1725
24.79184,-11.28521,21.17254,23.79834,-10.92582,21.72232,              95P   1726
22.84568,-10.49982,22.27998,21.95265,-9.985571,22.84105,              95P   1727
21.13093,-9.370589,23.39912,20.39191,-8.643929,23.94719,              95P   1728
20.08252,-8.339852,24.17691,19.77046,-8.028805,24.39425,              95P   1729
19.46382,-7.706826,24.60189,19.17045,-7.369999,24.80255,              95P   1730
18.89688,-7.015254,24.99869,18.64943,-6.639517,25.19278,              95P   1731
18.52635,-6.452642,25.28937,18.4012,-6.264352,25.38069,18.27704,      95P   1732
-6.073553,25.46797,18.15685,-5.879164,25.55245,18.04336,              95P   1733
-5.680203,25.63531,17.93928,-5.475686,25.71776,17.52227,              95P   1734
-4.656366,26.04825,17.16472,-3.787829,26.31988,16.87942,              95P   1735
-2.879123,26.52945,16.67811,-1.939185,26.67366,16.57133,              95P   1736
-0.9767708,26.74899,16.57078,0.,26.75189,16.56996,1.470186,           95P   1737
26.75626,16.80892,2.890326,26.5866,17.25174,4.243978,26.26453,        95P   1738
17.86904,5.510311,25.81161,18.62313,6.66865,25.24844,19.47301,        95P   1739
7.697964,24.596,19.89045,8.203735,24.27588,20.35304,8.663569,         95P   1740
23.95264,20.85104,9.08369,23.62379,21.37436,9.470622,23.28677,        95P   1741
21.90991,9.833542,22.93834,22.44411,10.18195,22.57523,22.78369,       95P   1742
10.40351,22.34462,23.14334,10.59785,22.12086,23.51765,10.77143,       95P   1743
21.90136,23.90103,10.93114,21.68339,24.28697,11.08533,21.46395,       95P   1744
24.66884,11.24259,21.23994,25.02261,11.38837,21.03262,25.39181,       95P   1745
11.50568,20.83446,25.77271,11.60192,20.64369,26.1614,11.68511,        95P   1746
20.45836,26.55367,11.76421,20.2764,26.94518,11.84862,20.09563,        95P   1747
27.46963,11.96182,19.85388,28.01092,12.02955,19.63233,28.56715,       95P   1748
12.05984,19.43334,29.13571,12.06273,19.2591,29.71394,12.04724,        95P   1749
19.11215,30.29879,12.02356,18.99483,31.00388,11.99505,18.85351,       95P   1750
31.71035,11.91502,18.75554,32.41419,11.78694,18.70582,33.11029,       95P   1751
11.61399,18.70998,33.79213,11.39914,18.77381,34.45196,11.14587,       95P   1752
18.9028,35.16645,10.87186,19.04274,35.86191,10.56458,19.19459,        95P   1753
36.53156,10.21903,19.36208,37.16692,9.828444,19.54943,37.76227,       95P   1754
9.391336,19.75933,38.31028,8.906163,19.99435,39.24014,8.083556,       95P   1755
20.39377,40.09348,7.1693,20.77102,40.84187,6.167086,21.11407,         95P   1756
41.45534,5.078538,21.41207,41.91682,3.909699,21.6514,42.20479,        95P   1757
2.662746,21.81946,42.4016,1.810756,21.93441,42.52173,0.9412778,       95P   1758
22.00461,42.56511,0.06286658,22.02991,42.53163,-0.8159843,            95P   1759
22.01014,42.42109,-1.686831,21.94509,42.23315,-2.541254,21.8345,      95P   1760
42.04207,-3.410148,21.72211,41.76098,-4.2451,21.57972,41.40122,       95P   1761
-5.044879,21.407,40.97273,-5.806933,21.20387,40.48968,-6.52962,       95P   1762
20.96952,39.96627,-7.210739,20.70341,39.76964,-7.466704,              95P   1763
20.60351,39.55786,-7.711929,20.50982,39.33462,-7.94824,20.4187,       95P   1764
39.10337,-8.177256,20.32657,38.86864,-8.401384,20.22958,38.6347,      95P   1765
-8.622775,20.12397,37.69895,-9.509041,19.70224,36.63994,              95P   1766
-10.26715,19.31157,35.48202,-10.88661,18.99058,34.24472,              95P   1767
-11.36155,18.77578,32.94747,-11.69499,18.70127,31.60418,              95P   1768
-11.8825,18.80424,31.38522,-11.91307,18.82095,31.16679,               95P   1769
-11.94389,18.845,30.949,-11.97263,18.8754,30.73186,-11.99707,         95P   1770
18.91114,30.51522,-12.01479,18.95126,30.29879,-12.02356,              95P   1771
18.99483,30.42665,-12.57986,19.70506,29.61995,-12.61035,              95P   1772
19.85784,28.82645,-12.61859,20.06018,28.05124,-12.58997,20.3069,      95P   1773
27.29938,-12.5108,20.59263,26.57629,-12.36699,20.91256,25.88695,      95P   1774
-12.14702,21.26154,24.83851,-11.81286,21.79291,23.81025,              95P   1775
-11.43316,22.32691,22.82253,-10.98647,22.86365,21.89597,              95P   1776
-10.45129,23.403,21.0472,-9.812871,23.9438,20.29323,-9.058628,        95P   1777
24.48387,19.97276,-8.738193,24.71356,19.64786,-8.411238,              95P   1778
24.92727,19.32766,-8.07354,25.12936,19.02123,-7.720955,25.32416,      95P   1779
18.73673,-7.350037,25.51588,18.48227,-6.957457,25.70866,              95P   1780
18.35488,-6.760955,25.8052,18.22451,-6.563271,25.89509,18.09473,      95P   1781
-6.363194,25.98024,17.96907,-6.159545,26.06254,17.85089,              95P   1782
-5.951233,26.14386,17.74357,-5.737188,26.22605,17.31064,              95P   1783
-4.873969,26.55767,16.93894,-3.96157,26.82719,16.64169,               95P   1784
-3.008819,27.0328,16.43148,-2.024765,27.1726,16.32006,-1.018727,      95P   1785
27.24459,16.31972,0.,27.24689,16.31922,1.527791,27.25033,             95P   1786
16.56801,3.01204,27.08785,17.02982,4.430006,26.7763,17.6713,          95P   1787
5.75888,26.33358,18.45407,6.977948,25.77648,19.33855,8.067137,        95P   1788
25.1213,19.7667,8.594624,24.80436,20.24685,9.074427,24.4895,          95P   1789
20.76612,9.513457,24.17143,21.31154,9.919174,23.84462,21.86831,       95P   1790
10.30112,23.50319,22.42143,10.66913,23.14108,22.76911,10.90054,       95P   1791
22.91359,23.14071,11.10262,22.69709,23.52895,11.28287,22.48685,       95P   1792
23.92652,11.44919,22.27797,24.32562,11.61058,22.06544,24.7184,        95P   1793
11.77624,21.84414,25.0784,11.92814,21.6414,25.45664,12.04894,         95P   1794
21.45154,25.84801,12.14736,21.27089,26.24737,12.23265,21.09558,       95P   1795
26.64948,12.31473,20.92176,27.0491,12.40386,20.74546,27.57653,        95P   1796
12.5216,20.51294,28.12204,12.5897,20.30279,28.68292,12.61824,         95P   1797
20.11595,29.25606,12.61878,19.95325,29.8384,12.60211,19.81593,        95P   1798
30.42665,12.57986,19.70506,31.13273,12.55316,19.57199,31.83817,       95P   1799
12.47109,19.47666,32.53961,12.33856,19.42541,33.2326,12.16007,        95P   1800
19.42556,33.9113,11.94004,19.48432,34.56871,11.68342,19.60864,        95P   1801
35.29805,11.39894,19.7467,36.00758,11.07861,19.88687,36.69067,        95P   1802
10.71826,20.03774,37.33879,10.31248,20.20838,37.94494,9.860102,       95P   1803
20.40622,38.50036,9.36068,20.63836,39.46707,8.492067,21.04267,        95P   1804
40.3512,7.5279,21.40967,41.12645,6.471965,21.73498,41.76376,          95P   1805
5.326981,22.01462,42.2422,4.100573,22.24117,42.53787,2.800999,        95P   1806
22.40827,42.74189,1.904506,22.52361,42.86652,0.9899991,22.59397,      95P   1807
42.91153,0.06621248,22.61919,42.87675,-0.8580844,22.59915,            95P   1808
42.76206,-1.774116,22.53376,42.5674,-2.67313,22.42298,42.37064,       95P   1809
-3.582062,22.31101,42.07847,-4.458776,22.17561,41.70362,              95P   1810
-5.300087,22.01292,41.25788,-6.102773,21.81934,40.75582,              95P   1811
-6.864917,21.59045,40.21165,-7.584527,21.32184,40.00954,              95P   1812
-7.851882,21.22211,39.79046,-8.10871,21.13262,39.5589,-8.356582,      95P   1813
21.04769,39.31915,-8.597034,20.96167,39.0762,-8.832281,20.86865,      95P   1814
38.83477,-9.064412,20.76275,37.8927,-9.970849,20.34984,36.82493,      95P   1815
-10.75412,19.97946,35.65653,-11.39882,19.68358,34.40707,              95P   1816
-11.89616,19.49153,33.09339,-12.24441,19.42879,31.72591,              95P   1817
-12.43515,19.52517,31.50801,-12.46555,19.54049,31.29075,              95P   1818
-12.49732,19.56321,31.07414,-12.52752,19.59219,30.85809,              95P   1819
-12.55332,19.62624,30.64237,-12.57172,19.66423,30.42665,              95P   1820
-12.57986,19.70506,30.53628,-13.26237,20.27288,29.71183,              95P   1821
-13.29061,20.42058,28.9001,-13.294,20.61382,28.10636,-13.25871,       95P   1822
20.84939,27.3361,-13.17122,21.12391,26.59554,-13.01767,21.43471,      95P   1823
25.89099,-12.78548,21.77885,24.80574,-12.42796,22.30892,              95P   1824
23.74328,-12.01852,22.83435,22.72287,-11.53904,23.35865,              95P   1825
21.76464,-10.97123,23.88488,20.88868,-10.29963,24.41621,              95P   1826
20.11605,-9.511094,24.95461,19.78445,-9.172738,25.1857,19.44832,      95P   1827
-8.827249,25.39785,19.11695,-8.470714,25.59675,18.79969,              95P   1828
-8.099317,25.78808,18.50566,-7.709633,25.97746,18.24406,              95P   1829
-7.298446,26.17045,18.11244,-7.091607,26.26754,17.97762,              95P   1830
-6.883493,26.35682,17.8433,-6.672951,26.44075,17.71322,               95P   1831
-6.458861,26.52176,17.59106,-6.240166,26.6023,17.48051,               95P   1832
-6.015851,26.68482,17.03219,-5.106263,27.01947,16.64813,              95P   1833
-4.147198,27.28891,16.34116,-3.147436,27.49247,16.12407,              95P   1834
-2.116255,27.62941,16.00935,-1.063598,27.69899,16.00928,0.,           95P   1835
27.70075,16.00918,1.590696,27.70338,16.2653,3.144288,27.54584,        95P   1836
16.74222,4.631785,27.24107,17.40323,6.028459,26.80399,18.21094,       95P   1837
7.313152,26.24843,19.12919,8.4662,25.58703,19.56889,9.0185,           95P   1838
25.27036,20.06502,9.523052,24.96012,20.60262,9.986759,24.64859,       95P   1839
21.16691,10.4172,24.32775,21.74283,10.82301,23.98956,22.31554,        95P   1840
11.21301,23.62579,22.67299,11.45647,23.39875,23.05668,11.67042,       95P   1841
23.1863,23.45821,11.8625,22.98184,23.86927,12.04067,22.77862,         95P   1842
24.28155,12.21335,22.56995,24.68689,12.38914,22.34903,25.0563,        95P   1843
12.54936,22.1477,25.44572,12.67806,21.96262,25.84919,12.78422,        95P   1844
21.78841,26.26083,12.87716,21.61956,26.67493,12.96645,21.45067,       95P   1845
27.08587,13.06182,21.27629,27.62442,13.18684,21.04775,28.18219,       95P   1846
13.26039,20.84432,28.75572,13.29333,20.66549,29.34148,13.29718,       95P   1847
20.51076,29.93612,13.28304,20.37996,30.53628,13.26237,20.27288,       95P   1848
31.2565,13.23756,20.14435,31.97466,13.1521,20.05075,32.6874,          95P   1849
13.01245,19.99927,33.39055,12.82462,19.99808,34.0789,12.59463,        95P   1850
20.05509,34.74634,12.32897,20.17792,35.49787,12.02992,20.31625,       95P   1851
36.22663,11.68903,20.45003,36.92694,11.30451,20.59132,37.59144,       95P   1852
10.87404,20.75245,38.21269,10.39767,20.94442,38.78181,9.876714,       95P   1853
21.17777,39.78782,8.956042,21.5903,40.70109,7.93388,21.95378,         95P   1854
41.49946,6.815053,22.26952,42.15738,5.604554,22.53833,42.65086,       95P   1855
4.311676,22.75768,42.95512,2.95071,22.92588,43.16635,2.00597,         95P   1856
23.04265,43.29543,1.042714,23.11385,43.34201,0.06985,23.13928,        95P   1857
43.30588,-0.9035961,23.11883,43.18704,-1.868535,23.05252,             95P   1858
42.98569,-2.815898,22.94048,42.78295,-3.769929,22.82766,              95P   1859
42.48126,-4.693749,22.6962,42.09383,-5.582065,22.53948,41.63357,      95P   1860
-6.430841,22.35108,41.11417,-7.23745,22.12383,40.54855,               95P   1861
-7.999687,21.8503,40.34009,-8.280655,21.7495,40.11397,-8.551918,      95P   1862
21.66204,39.87494,-8.814503,21.58071,39.62756,-9.069577,21.4982,      95P   1863
39.37664,-9.318728,21.40707,39.12672,-9.563574,21.29983,              95P   1864
38.16555,-10.50543,20.88743,37.07729,-11.32895,20.5265,35.8858,       95P   1865
-12.01384,20.24415,34.60992,-12.54684,20.06485,33.26376,              95P   1866
-12.91846,20.00873,31.85554,-13.11471,20.10041,31.6344,               95P   1867
-13.14552,20.1148,31.41396,-13.17822,20.13646,31.19413,               95P   1868
-13.20951,20.16425,30.97474,-13.23616,20.19701,30.75556,              95P   1869
-13.25486,20.23359,30.53628,-13.26237,20.27288,30.62476,              95P   1870
-14.03389,20.68704,29.77369,-14.0588,20.83344,28.93484,               95P   1871
-14.05393,21.02227,28.11402,-14.0069,21.25221,27.31737,               95P   1872
-13.90521,21.52189,26.55168,-13.73615,21.83043,25.82417,              95P   1873
-13.48719,22.17687,24.70181,-13.10296,22.7113,23.6052,-12.65839,      95P   1874
23.23567,22.55299,-12.13912,23.75604,21.56476,-11.53065,              95P   1875
24.27805,20.66226,-10.81825,24.80805,19.86826,-9.988876,              95P   1876
25.35144,19.52627,-9.631617,25.58549,19.18029,-9.266029,              95P   1877
25.79827,18.83951,-8.888761,25.99651,18.51323,-8.496537,26.1869,      95P   1878
18.21099,-8.086185,26.3762,17.94242,-7.654728,26.57106,17.80694,      95P   1879
-7.437096,26.66936,17.66833,-7.217911,26.75889,17.53031,              95P   1880
-6.996163,26.84257,17.39664,-6.770867,26.92328,17.27111,              95P   1881
-6.541069,27.00392,17.15752,-6.305854,27.08738,16.69527,              95P   1882
-5.348687,27.42703,16.30049,-4.341447,27.69854,15.98556,              95P   1883
-3.293122,27.90214,15.76313,-2.213201,28.03798,15.64597,              95P   1884
-1.111852,28.10629,15.64626,0.,28.10759,15.64669,1.661131,            95P   1885
28.10954,15.90843,3.286673,27.95436,16.39683,4.845819,27.6525,        95P   1886
17.07394,6.313129,27.21624,17.90384,7.666463,26.65718,18.85274,       95P   1887
8.885187,25.98566,19.30437,9.46526,25.66604,19.81484,9.998117,        95P   1888
25.35632,20.3683,10.49035,25.04679,20.94919,10.94911,24.7275,         95P   1889
21.54259,11.38167,24.38869,22.13397,11.79542,24.02043,22.50219,       95P   1890
12.05302,23.79112,22.89794,12.28184,23.57935,23.31228,12.48915,       95P   1891
23.377,23.73644,12.68241,23.17585,24.16195,12.86908,22.96784,         95P   1892
24.5805,13.05664,22.74483,24.96166,13.22743,22.54173,25.36396,        95P   1893
13.36725,22.3578,25.78099,13.48481,22.18624,26.20649,13.58887,        95P   1894
22.02016,26.63446,13.68818,21.85286,27.059,13.7915,21.67761,          95P   1895
27.6153,13.92684,21.44795,28.19206,14.00968,21.24649,28.78523,        95P   1896
14.05092,21.07137,29.39086,14.06148,20.92081,30.00524,14.05221,       95P   1897
20.79323,30.62476,14.03389,20.68704,31.37031,14.01182,20.55925,       95P   1898
32.11318,13.92243,20.46657,32.84948,13.77373,20.41635,33.57492,       95P   1899
13.57342,20.41659,34.28464,13.32928,20.47503,34.97334,13.04935,       95P   1900
20.59922,35.75273,12.73252,20.73976,36.50558,12.36604,20.87277,       95P   1901
37.22704,11.9512,21.01198,37.91123,11.48937,21.17126,38.55134,        95P   1902
10.98249,21.36369,39.13967,10.43369,21.60196,40.18568,9.457921,       95P   1903
22.02556,41.12797,8.372442,22.39287,41.94752,7.184746,22.70796,       95P   1904
42.62257,5.903123,22.974,43.12881,4.538514,23.19199,43.44254,         95P   1905
3.107754,23.36331,43.66087,2.112082,23.48253,43.79418,1.097717,       95P   1906
23.55515,43.84219,0.07363084,23.58102,43.80475,-0.9510728,            95P   1907
23.56007,43.68193,-1.967216,23.49235,43.47403,-2.965633,              95P   1908
23.37805,43.26504,-3.969307,23.26314,42.9553,-4.943637,23.13228,      95P   1909
42.55754,-5.882312,22.977,42.08465,-6.780606,22.78892,41.54895,       95P   1910
-7.634835,22.55922,40.96202,-8.441883,22.27875,40.74651,              95P   1911
-8.738227,22.17576,40.5136,-9.025887,22.08812,40.26777,               95P   1912
-9.305289,22.00756,40.01335,-9.577057,21.92574,39.75458,              95P   1913
-9.841962,21.83427,39.49553,-10.10089,21.72468,38.50389,              95P   1914
-11.09196,21.30514,37.38477,-11.96765,20.94295,36.15852,              95P   1915
-12.70367,20.66205,34.84232,-13.28091,20.48458,33.44889,              95P   1916
-13.68099,20.42939,31.98722,-13.88363,20.51853,31.75897,              95P   1917
-13.91528,20.53245,31.53143,-13.94901,20.55335,31.30444,              95P   1918
-13.98127,20.58024,31.07781,-14.00853,20.61215,30.85133,              95P   1919
-14.02725,20.64807,30.62476,-14.03389,20.68704,30.68918,              95P   1920
-14.85722,20.93627,29.80416,-14.87663,21.08646,28.92992,              95P   1921
-14.86205,21.2756,28.074,-14.80149,21.50489,27.24393,-14.68299,       95P   1922
21.77549,26.44725,-14.49456,22.08861,25.69152,-14.22422,              95P   1923
22.44541,24.53515,-13.81057,22.99136,23.40385,-13.32948,              95P   1924
23.52231,22.31903,-12.76838,24.04676,21.30212,-12.11473,              95P   1925
24.57324,20.37455,-11.35596,25.11027,19.55774,-10.47953,              95P   1926
25.66636,19.20687,-10.10305,25.90523,18.85217,-9.716874,              95P   1927
26.12094,18.50313,-9.318164,26.32106,18.16925,-8.904091,              95P   1928
26.51313,17.86004,-8.471827,26.70473,17.58497,-8.018543,              95P   1929
26.90342,17.44625,-7.789935,27.00362,17.30444,-7.559433,              95P   1930
27.09433,17.16332,-7.326182,27.1788,17.02668,-7.089325,27.26025,      95P   1931
16.89831,-6.848009,27.34192,16.78198,-6.601376,27.42705,              95P   1932
16.30813,-5.596703,27.77383,15.90414,-4.541077,28.04971,              95P   1933
15.58254,-3.444045,28.25554,15.35587,-2.315156,28.39221,              95P   1934
15.23665,-1.163959,28.46059,15.23744,0.,28.46154,15.23861,            95P   1935
1.741325,28.46297,15.50501,3.438878,28.30739,16.00134,5.068797,       95P   1936
28.00454,16.69232,6.60722,27.56416,17.54263,8.030287,26.99595,        95P   1937
18.51699,9.314136,26.30967,18.9804,9.92474,25.98327,19.5035,          95P   1938
10.48828,25.66965,20.07087,11.01108,25.35746,20.66706,11.49945,       95P   1939
25.03537,21.27667,11.9597,24.69202,21.88425,12.39815,24.31608,        95P   1940
22.2635,12.67183,24.08141,22.67106,12.91741,23.86682,23.09797,        95P   1941
13.14165,23.66293,23.53529,13.35133,23.46037,23.97409,13.55322,       95P   1942
23.24977,24.40542,13.75411,23.02174,24.79966,13.93772,22.81333,       95P   1943
25.2161,14.09073,22.6269,25.64815,14.22139,22.45436,26.08921,         95P   1944
14.33796,22.28758,26.53269,14.4487,22.11846,26.97199,14.56188,        95P   1945
21.93889,27.55079,14.71098,21.7023,28.15192,14.80559,21.49809,        95P   1946
28.77086,14.85662,21.32282,29.40307,14.87496,21.17305,30.04402,       95P   1947
14.87152,21.04534,30.68918,14.85722,20.93627,31.46913,14.83993,       95P   1948
20.80441,32.24692,14.74677,20.71167,33.01763,14.58752,20.66451,       95P   1949
33.77635,14.37201,20.6694,34.51817,14.11002,20.73279,35.23816,        95P   1950
13.81136,20.86114,36.04955,13.47479,21.00579,36.83096,13.08005,       95P   1951
21.14385,37.57749,12.63171,21.28882,38.28427,12.13438,21.45422,       95P   1952
38.9464,11.59263,21.65354,39.55902,11.01105,21.90029,40.64441,        95P   1953
9.980666,22.33747,41.61719,8.829403,22.71657,42.45757,7.569885,       95P   1954
23.04056,43.14573,6.214732,23.31241,43.66185,4.776565,23.53511,       95P   1955
43.98613,3.268003,23.71161,44.21146,2.219797,23.83425,44.34872,       95P   1956
1.153317,23.90878,44.39798,0.07741084,23.93525,44.35932,              95P   1957
-0.9990769,23.91371,44.23278,-2.0673,23.84418,44.01845,               95P   1958
-3.118413,23.72673,43.80285,-4.175744,23.60858,43.48654,              95P   1959
-5.202139,23.47466,43.08066,-6.192519,23.31576,42.59636,              95P   1960
-7.141805,23.12268,42.04478,-8.044919,22.88621,41.43709,              95P   1961
-8.896781,22.59716,41.21385,-9.209714,22.49097,40.97445,              95P   1962
-9.514893,22.40085,40.72242,-9.812263,22.31808,40.46134,              95P   1963
-10.10177,22.23395,40.19475,-10.38336,22.13975,39.92621,              95P   1964
-10.65697,22.02677,38.89376,-11.70892,21.59242,37.73466,              95P   1965
-12.64551,21.218,36.46308,-13.44004,20.92594,35.09317,-14.06582,      95P   1966
20.73865,33.63912,-14.49617,20.67858,32.11509,-14.7044,20.76812,      95P   1967
31.8763,-14.73703,20.78215,31.63816,-14.77204,20.8025,31.40053,       95P   1968
-14.8055,20.82862,31.16326,-14.83347,20.85999,30.92619,               95P   1969
-14.85203,20.89605,30.68918,-14.85722,20.93627,30.7536,               95P   1970
-15.68055,21.1855,29.83507,-15.70004,21.34117,28.92484,               95P   1971
-15.67517,21.53054,28.0335,-15.59727,21.75794,27.17058,               95P   1972
-15.45785,22.02828,26.34357,-15.24884,22.34529,25.55887,              95P   1973
-14.96125,22.71396,24.36737,-14.52448,23.27373,23.20055,              95P   1974
-14.00691,23.81171,22.08338,-13.40074,24.33912,21.03937,              95P   1975
-12.69822,24.86846,20.08805,-11.89176,25.41126,19.24721,              95P   1976
-10.97018,25.98128,18.88696,-10.57531,26.2255,18.52354,               95P   1977
-10.16839,26.44412,18.16661,-9.747658,26.64573,17.8256,               95P   1978
-9.311212,26.83905,17.5096,-8.856939,27.03278,17.22753,               95P   1979
-8.382358,27.23577,17.08529,-8.143041,27.33813,16.9403,               95P   1980
-7.901172,27.43,16.79627,-7.65623,27.51507,16.65688,-7.407638,        95P   1981
27.59707,16.52574,-7.154763,27.67971,16.40645,-6.896898,              95P   1982
27.76672,15.92003,-5.845472,28.1215,15.50654,-4.741339,28.40198,      95P   1983
15.17856,-3.595198,28.60978,14.94823,-2.417092,28.74677,              95P   1984
14.82741,-1.216065,28.81483,14.82861,0.,28.81549,14.83042,            95P   1985
1.821519,28.81648,15.10061,3.59113,28.66126,15.60387,5.292589,        95P   1986
28.35832,16.30847,6.903109,27.91411,17.17993,8.396021,27.33617,       95P   1987
18.18125,9.743084,26.63367,18.65715,10.38331,26.2998,19.19238,        95P   1988
10.97794,25.98273,19.77282,11.53257,25.66869,20.38388,12.0518,        95P   1989
25.3444,21.00985,12.53989,24.99641,21.63454,13.00088,24.61172,        95P   1990
22.02538,13.28929,24.37103,22.44445,13.5521,24.15393,22.88338,        95P   1991
13.7947,23.94914,23.33355,14.02217,23.74573,23.7857,14.2395,          95P   1992
23.53254,24.23034,14.45157,23.29866,24.63814,14.64606,23.08415,       95P   1993
25.06846,14.81285,22.89554,25.51509,14.95854,22.7227,25.97152,        95P   1994
15.08946,22.55587,26.43061,15.21194,22.38496,26.88499,15.33225,       95P   1995
22.20016,27.48668,15.49156,21.95544,28.11181,15.59881,21.7489,        95P   1996
28.75625,15.66281,21.5744,29.41525,15.69199,21.42641,30.08313,        95P   1997
15.695,21.29872,30.7536,15.68055,21.1855,31.56755,15.66301,           95P   1998
21.04805,32.37971,15.56545,20.95514,33.18479,15.39774,20.91152,       95P   1999
33.9774,15.16979,20.9219,34.752,14.89163,20.99085,35.50299,           95P   2000
14.57337,21.12307,36.34603,14.21607,21.27149,37.15591,13.79318,       95P   2001
21.4146,37.92773,13.312,21.56553,38.65748,12.77978,21.73732,          95P   2002
39.34188,12.20332,21.94367,39.97837,11.58841,22.19862,41.10241,       95P   2003
10.50242,22.64886,42.10528,9.285259,23.03951,42.96651,7.954277,       95P   2004
23.37244,43.66815,6.526029,23.65035,44.19464,5.014536,23.87805,       95P   2005
44.52973,3.428251,24.0599,44.76223,2.327566,24.18608,44.90356,        95P   2006
1.208966,24.26261,44.95414,0.08119532,24.28972,44.91422,              95P   2007
-1.047125,24.26756,44.78385,-2.167442,24.19615,44.56287,              95P   2008
-3.271192,24.07541,44.34045,-4.382122,23.95389,44.01745,              95P   2009
-5.460499,23.81683,43.60343,-6.50252,23.6543,43.10778,-7.502785,      95P   2010
23.45625,42.54045,-8.454847,23.21309,41.91216,-9.351679,              95P   2011
22.91556,41.68126,-9.681258,22.80622,41.43531,-10.00392,              95P   2012
22.71359,41.17702,-10.31918,22.62856,40.90921,-10.62635,              95P   2013
22.54208,40.63481,-10.92462,22.44515,40.35689,-11.21306,              95P   2014
22.32887,39.28405,-12.32642,21.87998,38.08321,-13.3219,21.49214,      95P   2015
36.76484,-14.17113,21.18768,35.34141,-14.84253,20.99021,              95P   2016
33.82823,-15.30414,20.92557,32.24297,-15.52517,21.01771,31.9938,      95P   2017
-15.55991,21.0322,31.74498,-15.59584,21.05188,31.49656,               95P   2018
-15.62941,21.07691,31.24856,-15.65708,21.10743,31.00094,              95P   2019
-15.6753,21.14358,30.7536,-15.68055,21.1855,30.79396,-16.55569,       95P   2020
21.2698,29.83386,-16.57548,21.432,28.88326,-16.53809,21.6265,         95P   2021
27.95165,-16.43926,21.8594,27.04852,-16.27544,22.13844,26.18202,      95P   2022
-16.04179,22.46785,25.36039,-15.7336,22.85303,24.1286,-15.27134,      95P   2023
23.43046,22.92962,-14.71316,23.98219,21.78483,-14.05675,              95P   2024
24.52212,20.71553,-13.30157,25.06808,19.73946,-12.44241,              95P   2025
25.62823,18.87395,-11.4737,26.21429,18.50377,-11.05936,26.46495,      95P   2026
18.1331,-10.63067,26.68887,17.77048,-10.18679,26.89523,17.42439,      95P   2027
-9.726886,27.0935,17.10297,-9.249664,27.29213,16.81428,               95P   2028
-8.753706,27.49986,16.6685,-8.503264,27.60476,16.52097,               95P   2029
-8.249647,27.69878,16.37496,-7.992608,27.78581,16.23374,              95P   2030
-7.731882,27.86977,16.10048,-7.467119,27.9544,15.97836,-7.19794,      95P   2031
28.04349,15.47928,-6.097868,28.40764,15.05781,-4.944045,              95P   2032
28.69467,14.72543,-3.74733,28.90696,14.4933,-2.518117,29.0469,        95P   2033
14.37235,-1.26605,29.11617,14.374,0.,29.11655,14.37647,1.895099,      95P   2034
29.11712,14.64744,3.741638,28.95838,15.1545,5.519634,28.64824,        95P   2035
15.86817,7.204461,28.1952,16.7566,8.76825,27.60461,17.78622,          95P   2036
10.18199,26.88306,18.27428,10.85221,26.54103,18.82012,11.47995,       95P   2037
26.2153,19.41078,12.06848,25.89255,20.03322,12.62086,25.5605,         95P   2038
20.67327,13.13871,25.20387,21.31668,13.62394,24.80837,21.72004,       95P   2039
13.92811,24.56044,22.15062,14.21003,24.3367,22.60061,14.47299,        95P   2040
24.12582,23.06221,14.72038,23.91699,23.527,14.95479,23.69787,         95P   2041
23.98656,15.179,23.45669,24.41025,15.38566,23.23434,24.85619,         95P   2042
15.56839,23.03918,25.31824,15.73142,22.86076,25.7903,15.87909,        95P   2043
22.68914,26.26571,16.0151,22.51295,26.73784,16.14333,22.32141,        95P   2044
27.36922,16.31475,22.06524,28.02556,16.4373,21.85069,28.70161,        95P   2045
16.51688,21.67083,29.39221,16.55944,21.5193,30.09158,16.57047,        95P   2046
21.38804,30.79396,16.55569,21.2698,31.65332,16.53761,21.12513,        95P   2047
32.51132,16.43501,21.03142,33.36167,16.25773,20.99169,34.19819,       95P   2048
16.01569,21.00883,35.01485,15.71891,21.08581,35.80564,15.37702,       95P   2049
21.22561,36.68631,14.99616,21.38129,37.52807,14.54195,21.53438,       95P   2050
38.32833,14.02434,21.69744,39.08508,13.45365,21.88353,39.79598,       95P   2051
12.83822,22.10409,40.4592,12.18614,22.3711,41.6245,11.04024,          95P   2052
22.84027,42.65452,9.754903,23.24769,43.53368,8.349761,23.59627,       95P   2053
44.2483,6.844259,23.89043,44.78472,5.25414,24.13061,45.12949,         95P   2054
3.591705,24.31905,45.36873,2.438136,24.44981,45.51405,1.266327,       95P   2055
24.52915,45.56593,0.08515047,24.55728,45.52469,-1.096618,             95P   2056
24.53433,45.3905,-2.270252,24.46033,45.16336,-3.427015,24.33521,      95P   2057
44.93483,-4.590869,24.20933,44.60611,-5.723373,24.06543,              95P   2058
44.18514,-6.819276,23.89421,43.67989,-7.872306,23.68692,              95P   2059
43.09831,-8.87494,23.43343,42.44881,-9.819277,23.12393,42.21018,      95P   2060
-10.16625,23.01021,41.95773,-10.50748,22.91267,41.69342,              95P   2061
-10.84171,22.82251,41.41927,-11.16764,22.73108,41.13725,              95P   2062
-11.4836,22.62929,40.84943,-11.78793,22.50821,39.73014,               95P   2063
-12.97113,22.03737,38.47547,-14.03346,21.62272,37.09811,              95P   2064
-14.94269,21.29296,35.61176,-15.66501,21.07755,34.02972,              95P   2065
-16.16202,21.00357,32.36704,-16.39777,21.09877,32.10421,              95P   2066
-16.43503,21.11383,31.84149,-16.47192,21.13339,31.579,-16.50543,      95P   2067
21.1581,31.31685,-16.53255,21.18866,31.05513,-16.5503,21.22568,       95P   2068
30.79396,-16.55569,21.2698,30.80736,-17.44543,21.17791,29.79895,      95P   2069
-17.46574,21.34757,28.80345,-17.41544,21.55297,27.82722,              95P   2070
-17.29485,21.79996,26.87847,-17.10542,22.097,25.96608,-16.84499,      95P   2071
22.44679,25.1011,-16.51337,22.85246,23.82604,-16.02417,23.45048,      95P   2072
22.5972,-15.42447,24.02474,21.42858,-14.71704,24.58944,20.33645,      95P   2073
-13.90856,25.16533,19.33629,-12.99489,25.75306,18.44583,              95P   2074
-11.97764,26.35741,18.06571,-11.54336,26.61539,17.68908,              95P   2075
-11.09274,26.84737,17.32265,-10.62567,27.06223,16.97328,              95P   2076
-10.14229,27.26929,16.64772,-9.642051,27.47559,16.35285,              95P   2077
-9.124829,27.68859,16.20364,-8.863121,27.79638,16.05416,              95P   2078
-8.597724,27.89367,15.90697,-8.3286,27.98415,15.76469,-8.055757,      95P   2079
28.07157,15.62988,-7.77912,28.15928,15.50513,-7.498682,28.25068,      95P   2080
14.99384,-6.34935,28.62533,14.56581,-5.145666,28.9212,14.23069,       95P   2081
-3.898157,29.14086,13.99827,-2.617473,29.28652,13.87826,              95P   2082
-1.314381,29.35869,13.88038,0.,29.35883,13.88355,1.964295,            95P   2083
29.35904,14.15299,3.889063,29.19287,14.66099,5.745091,28.86895,       95P   2084
15.37995,7.504491,28.40088,16.28196,9.139069,27.79319,17.33969,       95P   2085
10.6209,27.05029,17.8395,11.32118,26.69924,18.39425,11.98245,         95P   2086
26.35985,18.99249,12.60506,26.02153,19.62335,13.1908,25.67512,        95P   2087
20.27549,13.73879,25.30502,20.93822,14.24913,24.89711,21.35467,       95P   2088
14.56979,24.64079,21.79634,14.87142,24.40638,22.25631,15.15515,       95P   2089
24.18404,22.72806,15.42286,23.96457,23.20482,15.67476,23.73571,       95P   2090
23.68028,15.91172,23.48605,24.12161,16.13161,23.25432,24.58416,       95P   2091
16.33118,23.04833,25.06201,16.51222,22.85882,25.54982,16.67727,       95P   2092
22.67705,26.04214,16.82735,22.49166,26.53405,16.9641,22.2921,         95P   2093
27.20069,17.1493,22.02166,27.89357,17.28855,21.79361,28.60596,        95P   2094
17.38468,21.60195,29.33231,17.44134,21.44087,30.06747,17.46071,       95P   2095
21.30195,30.80736,17.44543,21.17791,31.72158,17.42656,21.02462,       95P   2096
32.63508,17.31904,20.92969,33.54013,17.13222,20.89429,34.4295,        95P   2097
16.87547,20.91952,35.29647,16.55831,21.0068,36.13459,16.18912,        95P   2098
21.15736,37.05716,15.78254,21.32317,37.93431,15.29622,21.49202,       95P   2099
38.76649,14.74184,21.67473,39.55387,14.1321,21.88324,40.29459,        95P   2100
13.47596,22.12477,40.98657,12.78368,22.4071,42.19362,11.57578,        95P   2101
22.89969,43.24919,10.22233,23.33096,44.14489,8.743517,23.70412,       95P   2102
44.87212,7.160551,24.02429,45.41802,5.490884,24.28386,45.77142,       95P   2103
3.754237,24.48009,46.01681,2.548412,24.61633,46.16586,1.323667,       95P   2104
24.69915,46.21895,0.08912237,24.72861,46.17644,-1.14609,              95P   2105
24.70476,46.03865,-2.37283,24.6276,45.80594,-3.581959,24.49717,       95P   2106
45.572,-4.797554,24.36604,45.23822,-5.984119,24.21152,44.81099,       95P   2107
-7.133796,24.02633,44.29715,-8.239314,23.80457,43.70235,              95P   2108
-9.292466,23.53643,43.0321,-10.28524,23.21221,42.78585,               95P   2109
-10.64998,23.0931,42.52695,-11.0099,22.98821,42.25666,-11.36305,      95P   2110
22.88981,41.97625,-11.70765,22.79039,41.68666,-12.04141,              95P   2111
22.68134,41.38883,-12.36219,22.55427,40.21841,-13.6223,22.05511,      95P   2112
38.90078,-14.7557,21.60204,37.45399,-15.72616,21.23442,35.89477,      95P   2113
-16.49967,20.99108,34.23381,-17.0326,20.90144,32.48147,               95P   2114
-17.28468,20.99989,32.20211,-17.32486,21.01559,31.9227,               95P   2115
-17.36279,21.03561,31.64332,-17.39617,21.06091,31.36411,              95P   2116
-17.42263,21.09244,31.08534,-17.43983,21.13113,30.80736,              95P   2117
-17.44543,21.17791,30.79087,-18.31258,20.89856,29.72873,              95P   2118
-18.33359,21.07652,28.68369,-18.27185,21.29939,27.65898,              95P   2119
-18.13128,21.57013,26.66114,-17.9172,21.89473,25.69922,               95P   2120
-17.62981,22.27244,24.78603,-17.27262,22.70207,23.4668,               95P   2121
-16.75628,23.32285,22.20947,-16.11737,23.9305,21.01986,               95P   2122
-15.36235,24.53483,19.90802,-14.5029,25.15335,18.88612,               95P   2123
-13.53609,25.77754,17.97074,-12.46955,26.40263,17.58111,              95P   2124
-12.01552,26.66871,17.19971,-11.54373,26.91187,16.83103,              95P   2125
-11.05448,27.13946,16.47996,-10.54861,27.35924,16.15147,              95P   2126
-10.02614,27.57596,15.85087,-9.487967,27.79489,15.69847,              95P   2127
-9.215149,27.90588,15.54756,-8.938299,28.00765,15.39986,              95P   2128
-8.657506,28.10325,15.25717,-8.372963,28.19572,15.12132,              95P   2129
-8.084802,28.28763,14.99415,-7.793302,28.3816,14.47156,               95P   2130
-6.595445,28.76776,14.03824,-5.342761,29.07511,13.70177,              95P   2131
-4.045457,29.30537,13.47026,-2.714431,29.45958,13.35194,              95P   2132
-1.361529,29.53651,13.35455,0.,29.53646,13.35844,2.031336,            95P   2133
29.53638,13.62467,4.032166,29.35897,14.13094,5.964338,29.01537,       95P   2134
14.85221,7.796704,28.52492,15.7652,9.500815,27.89411,16.84947,        95P   2135
11.04983,27.12785,17.36053,11.77996,26.76667,17.92232,12.4736,        95P   2136
26.40887,18.52568,13.12871,26.04818,19.1625,13.74601,25.67985,        95P   2137
19.82503,14.3229,25.29065,20.50669,14.85826,24.86901,20.93644,        95P   2138
15.19573,24.6032,21.38843,15.51647,24.35416,21.85713,15.81988,        95P   2139
24.11487,22.33783,16.10662,23.87896,22.82595,16.3752,23.63612,        95P   2140
23.31769,16.6251,23.37695,23.77786,16.8589,23.13445,24.25727,         95P   2141
17.07495,22.91342,24.7508,17.27312,22.70714,25.25433,17.45446,        95P   2142
22.50931,25.76406,17.61797,22.3104,26.27713,17.76355,22.10172,        95P   2143
26.98333,17.96382,21.81453,27.71625,18.11986,21.56765,28.4683,        95P   2144
18.23194,21.35749,29.23391,18.30165,21.18023,30.00889,18.32851,       95P   2145
21.02911,30.79087,18.31258,20.89856,31.76751,18.29267,20.73551,       95P   2146
32.74434,18.18105,20.639,33.71204,17.9857,20.6084,34.66205,           95P   2147
17.71469,20.64301,35.5866,17.37609,20.74269,36.47829,16.97648,        95P   2148
20.90692,37.44542,16.54288,21.08519,38.36155,16.026,21.2765,          95P   2149
39.22939,15.43769,21.4876,40.05058,14.79115,21.72683,40.82347,        95P   2150
14.09503,21.99563,41.54554,13.36046,22.29598,42.79301,12.09098,       95P   2151
22.8151,43.87384,10.67188,23.27921,44.7861,9.122975,23.6882,          95P   2152
45.52555,7.466156,24.04379,46.08036,5.720285,24.3291,46.44153,        95P   2153
3.91172,24.53404,46.69243,2.655302,24.67642,46.84482,1.379251,        95P   2154
24.76317,46.89898,0.09295792,24.79419,46.85529,-1.194076,             95P   2155
24.7694,46.71427,-2.472281,24.68875,46.47664,-3.7321,24.55233,        95P   2156
46.23791,-4.99775,24.41528,45.89946,-6.23614,24.24634,45.46632,       95P   2157
-7.437191,24.04158,44.94419,-8.592888,23.79906,44.33679,              95P   2158
-9.694802,23.51121,43.64703,-10.73524,23.17039,43.39348,              95P   2159
-11.11769,23.04511,43.12817,-11.49551,22.93039,42.85178,              95P   2160
-11.86641,22.82037,42.56494,-12.22848,22.70942,42.26772,              95P   2161
-12.57924,22.59044,41.96008,-12.91649,22.45653,40.735,-14.25892,      95P   2162
21.92359,39.34823,-15.46386,21.4222,37.82344,-16.49288,21.00457,      95P   2163
36.18094,-17.313,20.72115,34.43071,-17.8788,20.60809,32.5804,         95P   2164
-18.14835,20.70966,32.2821,-18.1918,20.72604,31.98362,-18.23096,      95P   2165
20.74716,31.68496,-18.26425,20.774,31.38634,-18.29004,20.80754,       95P   2166
31.08812,-18.30669,20.84875,30.79087,-18.31258,20.89856,              95P   2167
30.74159,-19.11992,20.4205,29.62162,-19.14188,20.6076,28.52231,       95P   2168
-19.0718,20.85527,27.44579,-18.91549,21.16044,26.39734,               95P   2169
-18.67983,21.52234,25.38496,-18.36729,21.93502,24.42021,              95P   2170
-17.98345,22.3917,23.05794,-17.44126,23.03669,21.77245,-16.7687,      95P   2171
23.69061,20.56384,-15.97365,24.35194,19.43616,-15.06834,              95P   2172
25.02515,18.39659,-14.05278,25.69334,17.45655,-12.93698,              95P   2173
26.34198,17.05825,-12.46415,26.61683,16.67312,-11.97283,26.8747,      95P   2174
16.30349,-11.46348,27.11967,15.95209,-10.93706,27.35615,              95P   2175
15.62183,-10.39395,27.58606,15.31594,-9.835363,27.81167,              95P   2176
15.16072,-9.551903,27.92615,15.00885,-9.26428,28.03375,14.86118,      95P   2177
-8.972634,28.13625,14.71863,-8.677204,28.23546,14.58218,              95P   2178
-8.378201,28.33274,14.45281,-8.075981,28.42955,13.92021,              95P   2179
-6.83172,28.8281,13.48273,-5.531935,29.14994,13.14603,-4.187047,      95P   2180
29.39438,12.91637,-2.808276,29.56004,12.80018,-1.407961,              95P   2181
29.64371,12.80329,0.,29.64355,12.80793,2.098454,29.6433,              95P   2182
13.06986,4.169772,29.45098,13.57183,6.172902,29.08252,14.29309,       95P   2183
8.074806,28.56132,15.21531,9.845991,27.89971,16.32337,11.45883,       95P   2184
27.1082,16.84511,12.21823,26.73551,17.41189,12.94156,26.35482,        95P   2185
18.01801,13.62591,25.96508,18.65882,14.27103,25.56633,19.33031,       95P   2186
14.87397,25.15159,20.02963,15.43314,24.71514,20.47258,15.78728,       95P   2187
24.43872,20.93369,16.12531,24.17117,21.40973,16.44586,23.90938,       95P   2188
21.89826,16.74875,23.65067,22.39714,17.03199,23.38915,22.90496,       95P   2189
17.29448,23.11961,23.38467,17.54239,22.86503,23.88047,17.77336,       95P   2190
22.62482,24.38907,17.9863,22.39594,24.90807,18.18118,22.17562,        95P   2191
25.43559,18.35629,21.95847,25.97058,18.51066,21.73975,26.71945,       95P   2192
18.7267,21.43363,27.49404,18.89832,21.16278,28.28765,19.02421,        95P   2193
20.92721,29.09542,19.1043,20.72656,29.91395,19.13669,20.55823,        95P   2194
30.74159,19.11992,20.4205,31.78625,19.09875,20.24665,32.83235,        95P   2195
18.98441,20.14843,33.86909,18.7825,20.12331,34.88636,18.49859,        95P   2196
20.16877,35.87477,18.1383,20.28276,36.82523,17.70593,20.46288,        95P   2197
37.8381,17.24506,20.65494,38.79678,16.70152,20.87637,39.70409,        95P   2198
16.08511,21.12623,40.56166,15.40677,21.40495,41.36813,14.6738,        95P   2199
21.70699,42.12116,13.89589,22.02713,43.40641,12.56794,22.57368,       95P   2200
44.51363,11.08805,23.08147,45.44369,9.47572,23.54019,46.19465,        95P   2201
7.7524,23.94072,46.75752,5.937873,24.2578,47.1258,4.060027,           95P   2202
24.47195,47.3816,2.75571,24.62069,47.53685,1.431345,24.71153,         95P   2203
47.59189,0.09650463,24.74422,47.5472,-1.239106,24.71854,              95P   2204
47.40343,-2.565703,24.63438,47.16146,-3.873514,24.49175,              95P   2205
46.91844,-5.18704,24.34849,46.5756,-6.472862,24.16107,46.13667,       95P   2206
-7.720604,23.93057,45.606,-8.922142,23.65971,44.98612,-10.06935,      95P   2207
23.34641,44.27864,-11.15493,22.98842,44.01814,-11.55463,              95P   2208
22.85661,43.74651,-11.94865,22.7295,43.46387,-12.33504,22.60406,      95P   2209
43.17026,-12.71225,22.47745,42.86522,-13.07829,22.34556,              95P   2210
42.54818,-13.43143,22.20446,41.26555,-14.85975,21.63385,              95P   2211
39.80629,-16.13294,21.07609,38.19694,-17.21396,20.59646,              95P   2212
36.46055,-18.07138,20.25831,34.61064,-18.66354,20.11234,              95P   2213
32.65799,-18.95126,20.21665,32.33879,-18.99829,20.23371,              95P   2214
32.01922,-19.03891,20.2566,31.69937,-19.07227,20.28603,31.3795,       95P   2215
-19.09749,20.3227,31.06004,-19.11367,20.3673,30.74159,-19.11992,      95P   2216
20.4205,30.65661,-19.83025,19.73246,29.47608,-19.85343,19.92966,      95P   2217
28.3177,-19.77974,20.21026,27.18663,-19.61426,20.5615,26.088,         95P   2218
-19.36208,20.97059,25.02696,-19.02828,21.42474,24.00866,              95P   2219
-18.61792,21.91116,22.60637,-18.05283,22.58101,21.29212,              95P   2220
-17.3554,23.29608,20.06571,-16.53189,24.03432,18.92689,               95P   2221
-15.58856,24.77366,17.87544,-14.53167,25.49206,16.91113,              95P   2222
-13.36748,26.16745,16.50534,-12.87758,26.45166,16.11739,              95P   2223
-12.36926,26.72812,15.74787,-11.8429,26.9956,15.39736,-11.29886,      95P   2224
27.25286,15.06644,-10.73752,27.49868,14.75571,-10.15926,              95P   2225
27.73183,14.5981,-9.865937,27.85009,14.44567,-9.568582,27.96497,      95P   2226
14.29847,-9.267295,28.07633,14.15652,-8.962183,28.18403,              95P   2227
14.01986,-8.653349,28.28791,13.88852,-8.340898,28.38784,              95P   2228
13.34745,-7.053748,28.79951,12.90676,-5.709796,29.13919,              95P   2229
12.57074,-4.320745,29.4017,12.34365,-2.898295,29.58184,12.22979,      95P   2230
-1.454146,29.67441,12.23342,0.,29.67422,12.23883,2.167878,            95P   2231
29.67393,12.49586,4.30072,29.46317,12.99096,6.366336,29.06537,        95P   2232
13.71058,8.332536,28.50393,14.64116,10.16713,27.80227,15.76917,       95P   2233
11.83792,26.98381,16.301,12.62568,26.59792,16.87049,13.37452,         95P   2234
26.19011,17.47711,14.08318,25.76473,18.12035,14.75042,25.32612,       95P   2235
18.79968,15.37497,24.87863,19.51458,15.95557,24.42658,19.97035,       95P   2236
16.32573,24.1384,20.43897,16.67803,23.84854,20.92076,17.01179,        95P   2237
23.5586,21.41604,17.32636,23.27017,21.92511,17.62105,22.98485,        95P   2238
22.4483,17.8952,22.70424,22.94772,18.1569,22.43637,23.45871,          95P   2239
18.4,22.17289,23.98124,18.62389,21.91545,24.5153,18.82799,            95P   2240
21.66567,25.06086,19.01171,21.4252,25.61791,19.17443,21.19568,        95P   2241
26.41137,19.40622,20.86873,27.22747,19.59087,20.56898,28.06312,       95P   2242
19.72698,20.30094,28.91525,19.81317,20.06916,29.78077,19.84805,       95P   2243
19.87816,30.65661,19.83025,19.73246,31.77293,19.80755,19.54677,       95P   2244
32.89224,19.69244,19.44709,34.00278,19.48674,19.4287,35.09275,        95P   2245
19.19226,19.48685,36.15037,18.81083,19.61681,37.16386,18.34428,       95P   2246
19.81384,38.22233,17.85702,20.01961,39.22708,17.29307,20.27984,       95P   2247
40.17759,16.65739,20.58075,41.07335,15.95492,20.90858,41.91382,       95P   2248
15.19061,21.24955,42.6985,14.36942,21.5899,44.01779,12.98875,         95P   2249
22.16213,45.15397,11.4554,22.72627,46.10418,9.78936,23.25148,         95P   2250
46.86555,8.010626,23.70688,47.43519,6.139187,24.06162,47.81025,       95P   2251
4.195031,24.28483,48.0704,2.846534,24.43965,48.22798,1.478208,        95P   2252
24.53435,48.28368,0.09961008,24.56865,48.2382,-1.279707,              95P   2253
24.54229,48.09222,-2.650188,24.45498,47.84644,-4.002278,              95P   2254
24.30646,47.59945,-5.361011,24.15721,47.25238,-6.687715,              95P   2255
23.94697,46.80766,-7.975175,23.68374,46.26773,-9.21618,23.37554,      95P   2256
45.63502,-10.40352,23.03038,44.91197,-11.52998,22.65627,              95P   2257
44.64489,-11.94606,22.51809,44.36708,-12.35366,22.37591,              95P   2258
44.07801,-12.7522,22.23075,43.77718,-13.1411,22.08362,43.46405,       95P   2259
-13.51977,21.93555,43.13812,-13.88765,21.78754,41.79518,              95P   2260
-15.40343,21.1777,40.26281,-16.73775,20.55751,38.56449,               95P   2261
-17.86039,20.00378,36.72367,-18.74112,19.59332,34.76382,              95P   2262
-19.34968,19.40294,32.70839,-19.65587,19.50945,32.36677,              95P   2263
-19.70676,19.52716,32.0245,-19.74913,19.55251,31.68197,               95P   2264
-19.78283,19.58562,31.33956,-19.80769,19.62658,30.99765,              95P   2265
-19.82355,19.6755,30.65661,-19.83025,19.73246,1.,19.,1.,3.;           95P   2266
141,1,2,95,1,101,1,1,99;                                              97P   2267
106,1,5,0.,1.,1.,19.,1.,19.,3.,1.,3.,1.,1.;                           99P   2268
126,278,1,0,1,1,0,0.,0.,0.007936507937,0.01587301587,                101P   2269
0.02380952381,0.03174603175,0.03968253968,0.04761904762,             101P   2270
0.05555555556,0.0625,0.06944444444,0.07638888889,0.08333333333,      101P   2271
0.09027777778,0.09722222222,0.1041666667,0.1111111111,0.125,         101P   2272
0.1388888889,0.1527777778,0.1666666667,0.1851851852,                 101P   2273
0.2037037037,0.2222222222,0.2291666667,0.2361111111,                 101P   2274
0.2430555556,0.25,0.2569444444,0.2638888889,0.2708333333,            101P   2275
0.2777777778,0.2828282828,0.2878787879,0.2929292929,0.297979798,     101P   2276
0.303030303,0.3080808081,0.3131313131,0.3181818182,0.3232323232,     101P   2277
0.3282828283,0.3333333333,0.3425925926,0.3518518519,                 101P   2278
0.3611111111,0.3703703704,0.3796296296,0.3888888889,0.4,             101P   2279
0.4111111111,0.4222222222,0.4333333333,0.4444444444,                 101P   2280
0.4555555556,0.4666666667,0.4777777778,0.4888888889,0.5,             101P   2281
0.5092592593,0.5185185185,0.5277777778,0.537037037,0.5462962963,     101P   2282
0.5555555556,0.5648148148,0.5740740741,0.5833333333,                 101P   2283
0.5925925926,0.6018518519,0.6111111111,0.6203703704,                 101P   2284
0.6296296296,0.6388888889,0.6481481481,0.6574074074,                 101P   2285
0.6666666667,0.6728395062,0.6790123457,0.6851851852,                 101P   2286
0.6913580247,0.6975308642,0.7037037037,0.7098765432,                 101P   2287
0.7160493827,0.7222222222,0.7301587302,0.7380952381,0.746031746,     101P   2288
0.753968254,0.7619047619,0.7698412698,0.7777777778,0.7857142857,     101P   2289
0.7936507937,0.8015873016,0.8095238095,0.8174603175,                 101P   2290
0.8253968254,0.8333333333,0.8472222222,0.8611111111,0.875,           101P   2291
0.8888888889,0.8939393939,0.898989899,0.904040404,0.9090909091,      101P   2292
0.9141414141,0.9191919192,0.9242424242,0.9292929293,                 101P   2293
0.9343434343,0.9393939394,0.9444444444,0.962962963,0.9814814815,     101P   2294
1.,1.05,1.1,1.15,1.2,1.25,1.3,1.35,1.4,1.45,1.5,1.55,1.6,1.65,       101P   2295
1.7,1.75,1.8,1.85,1.9,1.95,2.,2.018518519,2.037037037,               101P   2296
2.055555556,2.05982906,2.064102564,2.068376068,2.072649573,          101P   2297
2.076923077,2.081196581,2.085470085,2.08974359,2.094017094,          101P   2298
2.098290598,2.102564103,2.106837607,2.111111111,2.125,               101P   2299
2.138888889,2.152777778,2.166666667,2.174603175,2.182539683,         101P   2300
2.19047619,2.198412698,2.206349206,2.214285714,2.222222222,          101P   2301
2.23015873,2.238095238,2.246031746,2.253968254,2.261904762,          101P   2302
2.26984127,2.277777778,2.283333333,2.288888889,2.294444444,2.3,      101P   2303
2.305555556,2.311111111,2.316666667,2.322222222,2.327777778,         101P   2304
2.333333333,2.341269841,2.349206349,2.357142857,2.365079365,         101P   2305
2.373015873,2.380952381,2.388888889,2.396825397,2.404761905,         101P   2306
2.412698413,2.420634921,2.428571429,2.436507937,2.444444444,         101P   2307
2.453703704,2.462962963,2.472222222,2.481481481,2.490740741,2.5,     101P   2308
2.511111111,2.522222222,2.533333333,2.544444444,2.555555556,         101P   2309
2.566666667,2.577777778,2.588888889,2.6,2.611111111,2.62037037,      101P   2310
2.62962963,2.638888889,2.648148148,2.657407407,2.666666667,          101P   2311
2.671296296,2.675925926,2.680555556,2.685185185,2.689814815,         101P   2312
2.694444444,2.699074074,2.703703704,2.708333333,2.712962963,         101P   2313
2.717592593,2.722222222,2.729166667,2.736111111,2.743055556,         101P   2314
2.75,2.756944444,2.763888889,2.770833333,2.777777778,                101P   2315
2.796296296,2.814814815,2.833333333,2.847222222,2.861111111,         101P   2316
2.875,2.888888889,2.895833333,2.902777778,2.909722222,               101P   2317
2.916666667,2.923611111,2.930555556,2.9375,2.944444444,              101P   2318
2.952380952,2.96031746,2.968253968,2.976190476,2.984126984,          101P   2319
2.992063492,3.,3.05,3.1,3.15,3.2,3.25,3.3,3.35,3.4,3.45,3.5,         101P   2320
3.55,3.6,3.65,3.7,3.75,3.8,3.85,3.9,3.95,4.,4.,1.,1.,1.,1.,1.,       101P   2321
1.,1.,1.,1.,1.,1.,1.,1.,1.,1.,1.,1.,1.,1.,1.,1.,1.,1.,1.,1.,1.,      101P   2322
1.,1.,1.,1.,1.,1.,1.,1.,1.,1.,1.,1.,1.,1.,1.,1.,1.,1.,1.,1.,1.,      101P   2323
1.,1.,1.,1.,1.,1.,1.,1.,1.,1.,1.,1.,1.,1.,1.,1.,1.,1.,1.,1.,1.,      101P   2324
1.,1.,1.,1.,1.,1.,1.,1.,1.,1.,1.,1.,1.,1.,1.,1.,1.,1.,1.,1.,1.,      101P   2325
1.,1.,1.,1.,1.,1.,1.,1.,1.,1.,1.,1.,1.,1.,1.,1.,1.,1.,1.,1.,1.,      101P   2326
1.,1.,1.,1.,1.,1.,1.,1.,1.,1.,1.,1.,1.,1.,1.,1.,1.,1.,1.,1.,1.,      101P   2327
1.,1.,1.,1.,1.,1.,1.,1.,1.,1.,1.,1.,1.,1.,1.,1.,1.,1.,1.,1.,1.,      101P   2328
1.,1.,1.,1.,1.,1.,1.,1.,1.,1.,1.,1.,1.,1.,1.,1.,1.,1.,1.,1.,1.,      101P   2329
1.,1.,1.,1.,1.,1.,1.,1.,1.,1.,1.,1.,1.,1.,1.,1.,1.,1.,1.,1.,1.,      101P   2330
1.,1.,1.,1.,1.,1.,1.,1.,1.,1.,1.,1.,1.,1.,1.,1.,1.,1.,1.,1.,1.,      101P   2331
1.,1.,1.,1.,1.,1.,1.,1.,1.,1.,1.,1.,1.,1.,1.,1.,1.,1.,1.,1.,1.,      101P   2332
1.,1.,1.,1.,1.,1.,1.,1.,1.,1.,1.,1.,1.,1.,1.,1.,1.,1.,1.,1.,1.,      101P   2333
1.,1.,1.,1.,1.,1.,1.,1.,1.,1.,1.,1.,1.,1.,1.,1.,1.,1.,1.,1.,1.,      101P   2334
1.,30.,-11.43844,17.19219,29.30292,-11.45386,17.37327,28.61809,      101P   2335
-11.43613,17.59037,27.94613,-11.3864,17.84004,27.28767,-11.3058,     101P   2336
18.11885,26.64332,-11.19549,18.42333,26.01372,-11.05661,             101P   2337
18.75003,25.39947,-10.8903,19.09552,24.68364,-10.65689,19.52767,     101P   2338
23.991,-10.38728,19.9729,23.32154,-10.0809,20.42745,22.67528,        101P   2339
-9.737184,20.88754,22.05222,-9.355566,21.34942,21.45236,             101P   2340
-8.935478,21.8093,20.87572,-8.476353,22.26342,20.32229,              101P   2341
-7.977624,22.70802,19.89621,-7.548172,23.0557,19.48955,              101P   2342
-7.093039,23.39271,19.10372,-6.611748,23.71715,18.74012,             101P   2343
-6.103825,24.02711,18.51507,-5.75667,24.22051,18.30118,              101P   2344
-5.397861,24.40481,18.09911,-5.027443,24.5794,17.82386,              101P   2345
-4.458213,24.81799,17.58013,-3.867506,25.03011,17.36948,             101P   2346
-3.257603,25.21423,17.1935,-2.630786,25.36885,17.05375,              101P   2347
-1.989336,25.49245,16.9518,-1.335535,25.58352,16.88923,              101P   2348
-0.6716621,25.64055,16.86759,0.,25.66203,16.89254,0.7372032,         101P   2349
25.64192,16.96719,1.461739,25.57641,17.0892,2.171648,25.46824,       101P   2350
17.2562,2.864969,25.32016,17.46581,3.539743,25.13491,17.71568,       101P   2351
4.194011,24.91525,18.00344,4.825812,24.66391,18.32672,5.433186,      101P   2352
24.38365,18.68317,6.014174,24.07721,19.07041,6.566815,23.74735,      101P   2353
19.48608,7.089151,23.3968,19.89547,7.547527,23.05597,20.32372,       101P   2354
7.979324,22.70521,20.77004,8.38503,22.34617,21.23366,8.765135,       101P   2355
21.98048,21.7138,9.120128,21.6098,22.20967,9.4505,21.23577,          101P   2356
22.61013,9.693108,20.9403,23.01938,9.920326,20.64504,23.43761,       101P   2357
10.13236,20.35121,23.865,10.32942,20.06004,24.30175,10.5117,         101P   2358
19.77276,24.7293,10.67247,19.50155,25.16487,10.81889,19.23551,       101P   2359
25.60869,10.9508,18.97591,26.06096,11.06802,18.724,26.52191,         101P   2360
11.17037,18.48104,27.07509,11.27154,18.21061,27.63999,11.35139,      101P   2361
17.96013,28.21578,11.40896,17.73133,28.8016,11.4433,17.52593,        101P   2362
29.39663,11.45344,17.34565,30.,11.43844,17.19219,30.75194,           101P   2363
11.38399,17.04683,31.50543,11.28989,16.95515,32.2561,11.15666,       101P   2364
16.91725,32.99955,10.98484,16.9332,33.73141,10.77495,17.0031,        101P   2365
34.44728,10.52754,17.12704,35.14826,10.24031,17.29413,35.82431,      101P   2366
9.916146,17.48757,36.47467,9.555749,17.70287,37.09857,9.159797,      101P   2367
17.93555,37.69526,8.728975,18.18111,38.26397,8.263968,18.43508,      101P   2368
38.82816,7.741853,18.70569,39.35621,7.186694,18.97602,39.84584,      101P   2369
6.599227,19.24136,40.29471,5.980187,19.49699,40.70054,5.330309,      101P   2370
19.73817,41.061,4.650329,19.9602,41.37379,3.940981,20.15834,         101P   2371
41.63661,3.203002,20.32789,41.84714,2.437126,20.46412,41.9824,       101P   2372
1.765059,20.55117,42.07387,1.085184,20.61027,42.1215,0.4005135,      101P   2373
20.64125,42.12525,-0.2859396,20.64392,42.08506,-0.9711627,           101P   2374
20.61813,42.00089,-1.652143,20.56369,41.87269,-2.325869,             101P   2375
20.48044,41.69573,-3.007269,20.3659,41.47634,-3.669044,20.22582,     101P   2376
41.21645,-4.310082,20.06291,40.91796,-4.92927,19.87986,40.58278,     101P   2377
-5.525497,19.67936,40.21283,-6.097651,19.46409,39.81002,             101P   2378
-6.64462,19.23675,39.51957,-6.999971,19.07672,39.21595,              101P   2379
-7.342278,18.91317,38.89941,-7.671995,18.74807,38.5702,              101P   2380
-7.989576,18.58341,38.02949,-8.462502,18.32781,37.46166,             101P   2381
-8.902541,18.07861,36.86838,-9.309238,17.84094,36.25133,             101P   2382
-9.682139,17.61994,35.6122,-10.02079,17.42075,34.95267,              101P   2383
-10.32474,17.24849,34.27441,-10.59354,17.1083,33.57912,              101P   2384
-10.82672,17.00531,32.86846,-11.02384,16.94466,32.14413,             101P   2385
-11.18444,16.93149,31.4078,-11.30807,16.97092,30.93674,              101P   2386
-11.36675,17.02352,30.46699,-11.40994,17.09673,30.,-11.43844,        101P   2387
17.19219,30.09144,-11.58314,17.75074,30.17881,-11.78356,             101P   2388
18.27197,30.26175,-12.03524,18.75453,30.33992,-12.33372,             101P   2389
19.19708,30.41297,-12.67452,19.59825,30.48055,-13.05319,             101P   2390
19.95671,30.54231,-13.46526,20.27109,30.5979,-13.90626,20.54004,     101P   2391
30.64697,-14.37174,20.76222,30.68918,-14.85722,20.93627,             101P   2392
30.72416,-15.35825,21.06084,30.75158,-15.87035,21.13459,             101P   2393
30.77108,-16.38907,21.15615,30.78232,-16.90993,21.12418,             101P   2394
30.78495,-17.42848,21.03732,30.7786,-17.94025,20.89422,30.76295,     101P   2395
-18.44078,20.69354,30.73763,-18.9256,20.43392,30.7023,-19.39024,     101P   2396
20.11401,30.65661,-19.83025,19.73246,31.33986,-19.8017,19.63188,     101P   2397
32.02435,-19.74334,19.55769,32.70839,-19.65587,19.50945,             101P   2398
33.64835,-19.48799,19.48594,34.57007,-19.26808,19.51094,             101P   2399
35.47226,-18.9978,19.58026,36.35363,-18.6788,19.68968,37.21292,      101P   2400
-18.31272,19.83503,38.04883,-17.90122,20.01211,38.86009,             101P   2401
-17.44595,20.21672,39.64541,-16.94857,20.44466,40.40351,             101P   2402
-16.41071,20.69174,41.13311,-15.83404,20.95376,41.83294,             101P   2403
-15.22021,21.22653,42.5017,-14.57086,21.50586,43.13812,              101P   2404
-13.88765,21.78754,43.61517,-13.32589,22.0093,44.06919,              101P   2405
-12.74497,22.22927,44.50113,-12.14597,22.44557,44.91197,             101P   2406
-11.52998,22.65627,45.50393,-10.54622,22.96761,46.03973,             101P   2407
-9.527723,23.25841,46.51851,-8.476994,23.52589,46.93942,             101P   2408
-7.396563,23.76724,47.30161,-6.28895,23.97965,47.60424,              101P   2409
-5.156681,24.16033,47.84644,-4.002278,24.30646,48.02652,             101P   2410
-2.838271,24.41504,48.14525,-1.666347,24.48624,48.20239,             101P   2411
-0.4898486,24.52015,48.19771,0.687881,24.51687,48.13095,             101P   2412
1.863499,24.47649,48.00188,3.033664,24.39911,47.81025,4.195031,      101P   2413
24.28483,47.55609,5.350217,24.13179,47.24389,6.48119,23.943,         101P   2414
46.874,7.58555,23.72215,46.44678,8.660899,23.47296,45.96255,         101P   2415
9.704838,23.19913,45.42167,10.71497,22.90435,44.82448,11.68889,      101P   2416
22.59233,44.17133,12.62421,22.26678,43.46255,13.51852,21.9314,       101P   2417
42.6985,14.36942,21.5899,42.00887,15.0556,21.29878,41.28526,         101P   2418
15.70521,21.0121,40.52785,16.31654,20.73468,39.73682,16.88784,       101P   2419
20.47132,38.91236,17.41738,20.22685,38.05464,17.90344,20.00608,      101P   2420
37.16386,18.34428,19.81384,36.28233,18.71802,19.66576,35.37791,      101P   2421
19.039,19.56041,34.45471,19.30658,19.49943,33.51685,19.52014,        101P   2422
19.48449,32.56847,19.67903,19.51725,31.61369,19.78261,19.59935,      101P   2423
30.65661,19.83025,19.73246,29.78536,19.82623,19.89662,28.92441,      101P   2424
19.77907,20.09601,28.07548,19.68954,20.32813,27.24028,19.55841,      101P   2425
20.59046,26.42052,19.38645,20.88048,25.61791,19.17443,21.19568,      101P   2426
24.95635,18.96667,21.47741,24.30859,18.73429,21.77071,23.67464,      101P   2427
18.47787,22.07399,23.05454,18.19798,22.38569,22.4483,17.8952,        101P   2428
22.70424,21.82889,17.55401,23.04354,21.22612,17.1888,23.38696,       101P   2429
20.63968,16.80023,23.73296,20.06927,16.38894,24.08001,19.51458,      101P   2430
15.95557,24.42658,18.81455,15.35677,24.87633,18.14445,14.72205,      101P   2431
25.31988,17.50457,14.05211,25.75481,16.89521,13.34764,26.17872,      101P   2432
16.31664,12.60935,26.58919,15.76917,11.83792,26.98381,15.22588,      101P   2433
10.98584,27.3806,14.72467,10.10186,27.75143,14.26647,9.188231,       101P   2434
28.09468,13.85223,8.247183,28.40871,13.48287,7.280952,28.69191,      101P   2435
13.15935,6.291774,28.94264,12.8826,5.281884,29.15928,12.65357,       101P   2436
4.253518,29.34021,12.47319,3.208911,29.48379,12.34242,2.150299,      101P   2437
29.5884,12.26218,1.079917,29.65242,12.23342,0.,29.67422,             101P   2438
12.25807,-1.087809,29.65283,12.33679,-2.16819,29.58917,12.46858,     101P   2439
-3.2384,29.48446,12.65244,-4.295696,29.33992,12.88737,-5.337336,     101P   2440
29.15678,13.17236,-6.360578,28.93624,13.50641,-7.36268,28.67952,     101P   2441
13.88852,-8.340898,28.38784,14.16004,-8.959694,28.1815,14.44915,     101P   2442
-9.565969,27.96261,14.75571,-10.15926,27.73183,15.24055,             101P   2443
-11.01067,27.37061,15.76213,-11.82964,26.98794,16.31936,             101P   2444
-12.61548,26.58612,16.91113,-13.36748,26.16745,17.6548,              101P   2445
-14.21523,25.65169,18.43936,-15.01122,25.12094,19.26488,             101P   2446
-15.75397,24.58037,20.13141,-16.44202,24.03515,21.03899,             101P   2447
-17.07391,23.49045,21.9877,-17.64817,22.95144,22.97757,              101P   2448
-18.16333,22.42328,24.00866,-18.61792,21.91116,24.89427,             101P   2449
-18.94592,21.50485,25.80425,-19.22529,21.12278,26.73679,             101P   2450
-19.45423,20.76941,27.6901,-19.63097,20.44922,28.66237,              101P   2451
-19.75374,20.16669,29.65181,-19.82076,19.92627,30.65661,             101P   2452
-19.83025,19.73246,30.7023,-19.39024,20.11401,30.73763,-18.9256,     101P   2453
20.43392,30.76295,-18.44078,20.69354,30.7786,-17.94025,20.89422,     101P   2454
30.78495,-17.42848,21.03732,30.78232,-16.90993,21.12418,             101P   2455
30.77108,-16.38907,21.15615,30.75158,-15.87035,21.13459,             101P   2456
30.72416,-15.35825,21.06084,30.68918,-14.85722,20.93627,             101P   2457
30.64697,-14.37174,20.76222,30.5979,-13.90626,20.54004,30.54231,     101P   2458
-13.46526,20.27109,30.48055,-13.05319,19.95671,30.41297,             101P   2459
-12.67452,19.59825,30.33992,-12.33372,19.19708,30.26175,             101P   2460
-12.03524,18.75453,30.17881,-11.78356,18.27197,30.09144,             101P   2461
-11.58314,17.75074,30.,-11.43844,17.19219,0.,4.,0.,0.,0.;            101P   2462
143,1,105,1,107;                                                     103P   2463
128,24,6,6,6,0,0,1,0,0,1.,1.,1.,1.,1.,1.,1.,2.,2.,2.,2.,2.,2.,       105P   2464
3.,3.,3.,3.,3.,3.,4.,4.,4.,4.,4.,4.,5.,5.,5.,5.,5.,5.,5.,1.,1.,      105P   2465
1.,1.,1.,1.,1.,2.,2.,2.,2.,2.,2.,2.,1.,1.,1.,1.,1.,1.,1.,1.,1.,      105P   2466
1.,1.,1.,1.,1.,1.,1.,1.,1.,1.,1.,1.,1.,1.,1.,1.,1.,1.,1.,1.,1.,      105P   2467
1.,1.,1.,1.,1.,1.,1.,1.,1.,1.,1.,1.,1.,1.,1.,1.,1.,1.,1.,1.,1.,      105P   2468
1.,1.,1.,1.,1.,1.,1.,1.,1.,1.,1.,1.,1.,1.,1.,1.,1.,1.,1.,1.,1.,      105P   2469
1.,1.,1.,1.,1.,1.,1.,1.,1.,1.,1.,1.,1.,1.,1.,1.,1.,1.,1.,1.,1.,      105P   2470
1.,1.,1.,1.,1.,1.,1.,1.,1.,1.,1.,1.,1.,1.,1.,1.,1.,1.,1.,1.,1.,      105P   2471
1.,1.,1.,1.,1.,1.,1.,1.,1.,1.,1.,1.,1.,1.,1.,1.,1.,1.,1.,1.,1.,      105P   2472
1.,1.,1.,1.,1.,1.,1.,1.,1.,1.,1.,1.,1.,1.,1.,1.,1.,1.,1.,1.,1.,      105P   2473
1.,1.,1.,1.,1.,1.,1.,1.,1.,1.,1.,1.,1.,1.,1.,1.,1.,1.,1.,            105P   2474
-30.00142,-1.488597D-007,0.,-30.00163,1.999102,0.,-29.84193,         105P   2475
3.997934,0.,-29.52428,5.980858,0.,-29.05068,7.932235,0.,             105P   2476
-28.42309,9.836426,0.,-27.64349,11.67779,0.,-26.89129,13.45447,      105P   2477
0.,-26.00059,15.1714,0.,-24.97946,16.8172,0.,-23.83591,18.38046,     105P   2478
0.,-22.57801,19.84979,0.,-21.21378,21.21378,0.,-19.84959,            105P   2479
22.57772,0.,-18.38029,23.8358,0.,-16.81715,24.97971,0.,              105P   2480
-15.17146,26.00112,0.,-13.45454,26.89171,0.,-11.67766,27.64317,      105P   2481
0.,-9.836201,28.42194,0.,-7.932047,29.05062,7.7593D-005,             105P   2482
-5.98075,29.52601,0.0001939825,-3.997865,29.8449,0.000310372,        105P   2483
-1.998946,30.00408,0.000387965,0.0004504344,30.00036,                105P   2484
0.000387965,-40.00142,-0.001045092,6.123032D-016,-40.0017,           105P   2485
2.665657,6.123032D-016,-39.78792,5.331904,6.123032D-016,             105P   2486
-39.36308,7.976906,6.123032D-016,-38.73018,10.57987,                 105P   2487
6.123032D-016,-37.89221,13.12002,6.123032D-016,-36.85217,            105P   2488
15.57655,6.123032D-016,-35.84971,17.94431,6.123032D-016,             105P   2489
-34.66285,20.23255,6.123032D-016,-33.30223,22.42603,                 105P   2490
6.123032D-016,-31.77849,24.50951,6.123032D-016,-30.10228,            105P   2491
26.46773,6.123032D-016,-28.28422,28.28547,6.123032D-016,             105P   2492
-26.46599,30.10338,6.123032D-016,-24.50741,31.7799,                  105P   2493
6.123032D-016,-22.42364,33.3041,6.123032D-016,-20.22983,             105P   2494
34.66504,6.123032D-016,-17.94115,35.85178,6.123032D-016,             105P   2495
-15.57274,36.8534,6.123032D-016,-13.11526,37.89269,                  105P   2496
6.123032D-016,-10.57426,38.73191,7.7593D-005,-7.970357,39.36669,     105P   2497
0.0001939825,-5.324229,39.79264,0.000310372,-2.656657,40.00532,      105P   2498
0.000387965,0.01150552,40.00036,0.000387965,-50.00142,               105P   2499
-0.002090035,1.224606D-015,-50.00177,3.332334,1.224606D-015,         105P   2500
-49.7339,6.666064,1.224606D-015,-49.20185,9.973163,                  105P   2501
1.224606D-015,-48.40963,13.22769,1.224606D-015,-47.36128,            105P   2502
16.40372,1.224606D-015,-46.06084,19.4753,1.224606D-015,              105P   2503
-44.80814,22.43412,1.224606D-015,-43.32513,25.29366,                 105P   2504
1.224606D-015,-41.62503,28.03482,1.224606D-015,-39.7211,             105P   2505
30.63851,1.224606D-015,-37.62657,33.08566,1.224606D-015,             105P   2506
-35.35467,35.35716,1.224606D-015,-33.08234,37.62908,                 105P   2507
1.224606D-015,-30.63446,39.72406,1.224606D-015,-28.03004,            105P   2508
41.62854,1.224606D-015,-25.28812,43.329,1.224606D-015,-22.4277,      105P   2509
44.81187,1.224606D-015,-19.46782,46.06363,1.224606D-015,             105P   2510
-16.39437,47.36342,1.224606D-015,-13.21645,48.41319,7.7593D-005,     105P   2511
-9.95989,49.20738,0.0001939825,-6.650561,49.74038,0.000310372,       105P   2512
-3.314408,50.00657,0.000387965,0.02256061,50.00035,0.000387965,      105P   2513
-60.00142,-0.003134978,1.83691D-015,-60.00184,3.999079,              105P   2514
1.83691D-015,-59.67987,8.000332,1.83691D-015,-59.04058,11.96954,     105P   2515
1.83691D-015,-58.08904,15.87562,1.83691D-015,-56.83033,19.68749,     105P   2516
1.83691D-015,-55.26952,23.37406,1.83691D-015,-53.76658,26.92392,     105P   2517
1.83691D-015,-51.98742,30.35474,1.83691D-015,-49.94785,33.64358,     105P   2518
1.83691D-015,-47.66373,36.7675,1.83691D-015,-45.15087,39.70357,      105P   2519
1.83691D-015,-42.42511,42.42885,1.83691D-015,-39.69867,45.15481,     105P   2520
1.83691D-015,-36.76147,47.66825,1.83691D-015,-33.6364,49.95302,      105P   2521
1.83691D-015,-30.34635,51.99298,1.83691D-015,-26.91422,53.77198,     105P   2522
1.83691D-015,-23.3629,55.27386,1.83691D-015,-19.67349,56.83414,      105P   2523
1.83691D-015,-15.85862,58.09448,7.7593D-005,-11.94939,59.04807,      105P   2524
0.0001939825,-7.976881,59.68811,0.000310372,-3.972184,60.00781,      105P   2525
0.000387965,0.0336157,60.00035,0.000387965,-70.00142,                105P   2526
-0.004179921,2.449213D-015,-70.00191,4.665842,2.449213D-015,         105P   2527
-69.62584,9.334627,2.449213D-015,-68.87931,13.96595,                 105P   2528
2.449213D-015,-67.76845,18.52357,2.449213D-015,-66.29937,            105P   2529
22.97127,2.449213D-015,-64.47819,27.27282,2.449213D-015,             105P   2530
-62.72502,31.41372,2.449213D-015,-60.64971,35.41582,                 105P   2531
2.449213D-015,-58.27068,39.25234,2.449213D-015,-55.60636,            105P   2532
42.89648,2.449213D-015,-52.67518,46.32148,2.449213D-015,             105P   2533
-49.49555,49.50054,2.449213D-015,-46.315,52.68054,2.449213D-015,     105P   2534
-42.88847,55.61245,2.449213D-015,-39.24275,58.27751,                 105P   2535
2.449213D-015,-35.40458,60.65697,2.449213D-015,-31.40074,            105P   2536
62.73209,2.449213D-015,-27.25798,64.48409,2.449213D-015,             105P   2537
-22.95262,66.30487,2.449213D-015,-18.5008,67.77577,7.7593D-005,      105P   2538
-13.9389,68.88876,0.0001939825,-9.303211,69.63585,0.000310372,       105P   2539
-4.629965,70.00905,0.000387965,0.04467078,70.00035,0.000387965,      105P   2540
-80.00142,-0.005224863,3.061516D-015,-80.00198,5.33257,              105P   2541
3.061516D-015,-79.57181,10.66887,3.061516D-015,-78.71805,            105P   2542
15.96229,3.061516D-015,-77.44788,21.17147,3.061516D-015,             105P   2543
-75.76843,26.25502,3.061516D-015,-73.68687,31.17157,                 105P   2544
3.061516D-015,-71.68346,35.90352,3.061516D-015,-69.312,40.47691,     105P   2545
3.061516D-015,-66.5935,44.86111,3.061516D-015,-63.54898,             105P   2546
49.02548,3.061516D-015,-60.19948,52.9394,3.061516D-015,-56.566,      105P   2547
56.57223,3.061516D-015,-52.93133,60.20626,3.061516D-015,             105P   2548
-49.01549,63.55663,3.061516D-015,-44.84912,66.60198,                 105P   2549
3.061516D-015,-40.46283,69.32095,3.061516D-015,-35.88727,            105P   2550
71.69219,3.061516D-015,-31.15307,73.69432,3.061516D-015,             105P   2551
-26.23173,75.77559,3.061516D-015,-21.14301,77.45705,7.7593D-005,     105P   2552
-15.92846,78.72944,0.0001939825,-10.62957,79.58358,0.000310372,      105P   2553
-5.287734,80.01029,0.000387965,0.05572587,80.00035,0.000387965,      105P   2554
-90.00142,-0.006269806,3.673819D-015,-90.00205,5.999211,             105P   2555
3.673819D-015,-89.51779,12.00297,3.673819D-015,-88.55683,            105P   2556
17.95849,3.673819D-015,-87.12734,23.81924,3.673819D-015,             105P   2557
-85.23752,29.53869,3.673819D-015,-82.89554,35.07033,                 105P   2558
3.673819D-015,-80.64189,40.39335,3.673819D-015,-77.97427,            105P   2559
45.53803,3.673819D-015,-74.91629,50.46991,3.673819D-015,             105P   2560
-71.49158,55.1545,3.673819D-015,-67.72376,59.55733,                  105P   2561
3.673819D-015,-63.63644,63.64392,3.673819D-015,-59.5477,             105P   2562
67.73195,3.673819D-015,-55.14257,71.50077,3.673819D-015,             105P   2563
-50.45555,74.92641,3.673819D-015,-45.52114,77.9849,                  105P   2564
3.673819D-015,-40.37384,80.65227,3.673819D-015,-35.04815,            105P   2565
82.90455,3.673819D-015,-29.51082,85.24633,3.673819D-015,             105P   2566
-23.78528,87.13832,7.7593D-005,-17.91812,88.57012,0.0001939825,      105P   2567
-11.95598,89.53132,0.000310372,-5.945474,90.01153,0.000387965,       105P   2568
0.06678096,90.00034,0.000387965,1.,5.,1.,2.;                         105P   2569
141,1,2,105,3,111,1,1,109,115,1,1,113,119,1,1,117;                   107P   2570
106,1,32,0.,2.764406866,1.801806853,2.729047815,1.78716648,          109P   2571
2.674857378,1.766025508,2.620666941,1.746099327,2.566476504,         109P   2572
1.727313912,2.531071723,1.715623878,2.495666941,1.70437473,          109P   2573
2.46026216,1.693550228,2.424857378,1.683135106,2.354047815,          109P   2574
1.663476423,2.283238252,1.645293731,2.212428689,1.628494092,         109P   2575
2.141619126,1.612995182,2.070809563,1.598724109,2.,1.585616408,      109P   2576
2.,1.585616408,1.940108194,1.575019021,1.880216389,1.565243637,      109P   2577
1.820324583,1.556253693,1.760432777,1.548016474,1.700540972,         109P   2578
1.540502791,1.640649166,1.533686697,1.58075736,1.527545244,          109P   2579
1.520865555,1.522058279,1.45575736,1.516816217,1.390649166,          109P   2580
1.512307681,1.325540972,1.508516685,1.260432777,1.505430341,         109P   2581
1.195324583,1.503038738,1.130216389,1.501334852,1.065108194,         109P   2582
1.50031449,1.,1.49997626;                                            109P   2583
126,38,1,1,0,1,0,0.,0.,1.,2.,3.,4.,5.,6.,7.,8.,8.5,9.,9.5,10.,       111P   2584
10.5,11.,11.5,12.,12.5,13.,13.5,14.,14.99999923,15.,16.,17.,18.,     111P   2585
19.,20.,21.,22.,23.,24.,25.,26.,27.,28.,29.,30.,31.,31.,1.,1.,       111P   2586
1.,1.,1.,1.,1.,1.,1.,1.,1.,1.,1.,1.,1.,1.,1.,1.,1.,1.,1.,1.,1.,      111P   2587
1.,1.,1.,1.,1.,1.,1.,1.,1.,1.,1.,1.,1.,1.,1.,1.,-60.00714,           111P   2588
50.00001,2.945693D-015,-60.00013,48.62472,2.891907D-015,             111P   2589
-60.00015,46.58349,2.814239D-015,-60.00017,44.60738,                 111P   2590
2.741034D-015,-60.00019,42.69167,2.67202D-015,-60.00018,             111P   2591
41.47059,2.629073D-015,-60.00017,40.2723,2.587745D-015,              111P   2592
-60.00015,39.09576,2.547978D-015,-60.00014,37.93993,                 111P   2593
2.509715D-015,-60.00988,36.80986,2.473604D-015,-60.00012,            111P   2594
35.68665,2.437492D-015,-60.00938,34.59275,2.404092D-015,             111P   2595
-60.00009,33.50529,2.370692D-015,-60.00892,32.44431,                 111P   2596
2.339833D-015,-60.00007,31.38935,2.308974D-015,-60.0085,             111P   2597
30.35831,2.280503D-015,-60.00004,29.33287,2.252033D-015,             111P   2598
-60.00813,28.32903,2.225819D-015,-60.00002,27.33038,                 111P   2599
2.199604D-015,-60.00779,26.35122,2.175526D-015,-60.,25.37684,        111P   2600
2.151449D-015,-60.,25.37684,2.151449D-015,-60.,25.37684,             111P   2601
2.151449D-015,-59.99998,23.6976,2.112516D-015,-59.99996,             111P   2602
22.05012,2.076603D-015,-59.99993,20.43162,2.043575D-015,             111P   2603
-59.99991,18.83945,2.013313D-015,-59.99989,17.27115,                 111P   2604
1.985709D-015,-59.99987,15.7244,1.960668D-015,-59.99985,             111P   2605
14.19699,1.938106D-015,-59.99983,12.68682,1.917948D-015,             111P   2606
-59.99985,11.06234,1.898689D-015,-59.99987,9.4534,1.882126D-015,     111P   2607
-59.99989,7.857609,1.868198D-015,-59.99992,6.272663,                 111P   2608
1.85686D-015,-59.99994,4.696312,1.848073D-015,-59.99996,             111P   2609
3.126348,1.841814D-015,-59.99998,1.560589,1.838065D-015,-60.,        111P   2610
-0.003134829,1.836822D-015,0.,31.,-6.989662D-014,1.798964D-017,      111P   2611
-1.;                                                                 111P   2612
106,1,4,0.,1.,1.49997626,1.,1.,5.,1.,5.,1.333327413;                 113P   2613
126,58,1,1,0,1,0,0.,0.,1.,1.017857143,1.035714286,1.053571429,       115P   2614
1.071428571,1.089285714,1.107142857,1.125,1.142857143,               115P   2615
1.160714286,1.178571429,1.196428571,1.214285714,1.232142857,         115P   2616
1.25,1.267857143,1.285714286,1.303571429,1.321428571,                115P   2617
1.339285714,1.357142857,1.375,1.392857143,1.410714286,               115P   2618
1.428571429,1.446428571,1.464285714,1.482142857,1.5,1.517857143,     115P   2619
1.535714286,1.553571429,1.571428571,1.589285714,1.607142857,         115P   2620
1.625,1.642857143,1.660714286,1.678571429,1.696428571,               115P   2621
1.714285714,1.732142857,1.75,1.767857143,1.785714286,                115P   2622
1.803571429,1.821428571,1.839285714,1.857142857,1.875,               115P   2623
1.892857143,1.910714286,1.928571429,1.946428571,1.964285714,         115P   2624
1.982142857,2.,3.,3.,1.,1.,1.,1.,1.,1.,1.,1.,1.,1.,1.,1.,1.,1.,      115P   2625
1.,1.,1.,1.,1.,1.,1.,1.,1.,1.,1.,1.,1.,1.,1.,1.,1.,1.,1.,1.,1.,      115P   2626
1.,1.,1.,1.,1.,1.,1.,1.,1.,1.,1.,1.,1.,1.,1.,1.,1.,1.,1.,1.,1.,      115P   2627
1.,1.,1.,-60.,-0.003134829,1.836822D-015,-30.00142,                  115P   2628
-1.488597D-007,0.,-29.98929,0.8566233,0.,-29.95277,1.712522,0.,      115P   2629
-29.89194,2.567011,0.,-29.80689,3.419407,0.,-29.69771,4.269026,      115P   2630
0.,-29.56449,5.115184,0.,-29.40731,5.957198,0.,-29.22626,            115P   2631
6.794383,0.,-29.02142,7.626055,0.,-28.79289,8.451532,0.,             115P   2632
-28.54074,9.270127,0.,-28.26507,10.08116,0.,-27.96596,10.88394,      115P   2633
0.,-27.64349,11.67779,0.,-27.31058,12.43457,0.,-26.95682,            115P   2634
13.1817,0.,-26.58257,13.9187,0.,-26.18817,14.64505,0.,-25.77399,     115P   2635
15.36027,0.,-25.34036,16.06385,0.,-24.88765,16.7553,0.,              115P   2636
-24.41621,17.43411,0.,-23.92638,18.09979,0.,-23.41851,18.75184,      115P   2637
0.,-22.89297,19.38977,0.,-22.3501,20.01306,0.,-21.79025,             115P   2638
20.62123,0.,-21.21378,21.21378,0.,-20.62116,21.79016,0.,             115P   2639
-20.01295,22.34998,0.,-19.38964,22.89287,0.,-18.75172,23.41846,      115P   2640
0.,-18.09968,23.9264,0.,-17.43403,24.41631,0.,-16.75524,             115P   2641
24.88784,0.,-16.06382,25.34062,0.,-15.36026,25.77428,0.,             115P   2642
-14.64506,26.18847,0.,-13.9187,26.58281,0.,-13.18169,26.95696,       115P   2643
0.,-12.43451,27.31053,0.,-11.67766,27.64317,0.,-10.88378,            115P   2644
27.96542,5.655467D-006,-10.08098,28.26455,2.149077D-005,             115P   2645
-9.269947,28.54044,4.580928D-005,-8.451358,28.79292,                 115P   2646
7.691435D-005,-7.625894,29.02188,0.0001131093,-6.794234,             115P   2647
29.22716,0.0001526976,-5.957059,29.40863,0.0001939825,-5.115049,     115P   2648
29.56615,0.0002352674,-4.268884,29.69957,0.0002748557,-3.419245,     115P   2649
29.80876,0.0003110507,-2.566812,29.89357,0.0003421557,-1.712265,     115P   2650
29.95387,0.0003664742,-0.856284,29.98951,0.0003823095,               115P   2651
0.0004504344,30.00036,0.000387965,0.02256022,50.,0.000387965,0.,     115P   2652
3.,2.099194D-006,-1.17744D-005,1.;                                   115P   2653
106,1,43,0.,5.,1.333327413,4.945312495,1.333496721,4.890624989,      117P   2654
1.334072131,4.835937484,1.335053497,4.781249979,1.336441851,         117P   2655
4.726562474,1.33823941,4.671874968,1.340449588,4.617187463,          117P   2656
1.343077009,4.562499958,1.346127543,4.492187463,1.350683322,         117P   2657
4.421874968,1.355968929,4.351562474,1.36200666,4.281249979,          117P   2658
1.368822922,4.210937484,1.376448553,4.140624989,1.384919208,         117P   2659
4.070312495,1.394275825,4.,1.404565165,3.9375,1.414149906,3.875,     117P   2660
1.424486736,3.8125,1.435611647,3.75,1.447564784,3.6875,              117P   2661
1.460390872,3.625,1.474139702,3.5625,1.488866708,3.5,                117P   2662
1.504633621,3.4375,1.52150924,3.375,1.539570324,3.3125,              117P   2663
1.558902633,3.25,1.579602152,3.1875,1.601776525,3.125,               117P   2664
1.625546754,3.0625,1.651049207,3.03125,1.664497414,3.,               117P   2665
1.67843801,3.,1.67843801,2.968132344,1.693179192,2.936264688,        117P   2666
1.708478484,2.904397032,1.724362066,2.872529376,1.740857907,         117P   2667
2.84066172,1.757995919,2.808794064,1.77580812,2.776926408,           117P   2668
1.794328821,2.764406866,1.801806853;                                 117P   2669
126,56,1,1,0,1,0,0.,0.,1.,2.,3.,4.,5.,6.,7.,8.,8.5,9.,9.5,10.,       119P   2670
10.5,11.,11.5,12.,12.5,13.,13.5,14.,14.5,15.,15.5,16.,17.,18.,       119P   2671
19.,20.,21.,22.,23.,24.,25.,26.,26.5,27.,27.5,28.,28.5,29.,29.5,     119P   2672
30.,30.5,31.,32.,33.,33.9999982,34.,35.,36.,37.,38.,39.,40.,41.,     119P   2673
42.,42.,1.,1.,1.,1.,1.,1.,1.,1.,1.,1.,1.,1.,1.,1.,1.,1.,1.,1.,       119P   2674
1.,1.,1.,1.,1.,1.,1.,1.,1.,1.,1.,1.,1.,1.,1.,1.,1.,1.,1.,1.,1.,      119P   2675
1.,1.,1.,1.,1.,1.,1.,1.,1.,1.,1.,1.,1.,1.,1.,1.,1.,1.,               119P   2676
0.02256022,50.,0.000387965,-1.072468,49.99999,0.000384611,           119P   2677
-2.168399,49.99999,0.0003750567,-3.266321,49.99998,0.0003600635,     119P   2678
-4.367328,49.99997,0.0003403929,-5.472515,49.99996,0.0003168062,     119P   2679
-6.582989,49.99996,0.000290065,-7.699876,49.99995,0.0002609307,      119P   2680
-8.824321,49.99994,0.0002301648,-9.552727,50.00525,0.0002098792,     119P   2681
-10.28304,49.99995,0.0001894364,-11.0198,50.00537,0.0001690385,      119P   2682
-11.75877,49.99995,0.0001488878,-12.50524,50.00552,0.0001291867,     119P   2683
-13.25421,49.99996,0.0001101374,-14.0118,50.00569,9.194228D-005,     119P   2684
-14.77218,49.99997,7.480355D-005,-15.54239,50.00589,                 119P   2685
5.892353D-005,-16.3157,49.99998,4.450451D-005,-17.10012,             119P   2686
50.00611,3.17488D-005,-17.88794,49.99998,2.085868D-005,              119P   2687
-18.68827,50.00637,1.203645D-005,-19.49232,49.99999,                 119P   2688
5.484395D-006,-20.31042,50.00665,1.404814D-006,-21.13254,50.,        119P   2689
1.486299D-015,-22.56755,50.,1.521512D-015,-24.03396,50.,             119P   2690
1.559487D-015,-25.53463,50.,1.600358D-015,-27.07263,50.,             119P   2691
1.644272D-015,-28.65125,50.,1.691393D-015,-30.27405,50.,             119P   2692
1.741903D-015,-31.94488,50.,1.796008D-015,-33.66796,50.,             119P   2693
1.853933D-015,-35.44786,50.,1.915931D-015,-37.28962,50.,             119P   2694
1.982284D-015,-38.2414,50.00785,2.017795D-015,-39.19877,50.,         119P   2695
2.053307D-015,-40.18717,50.00829,2.09133D-015,-41.18143,50.,         119P   2696
2.129353D-015,-42.20983,50.00878,2.170086D-015,-43.24437,50.,        119P   2697
2.210818D-015,-44.31654,50.00932,2.254482D-015,-45.39515,50.,        119P   2698
2.298146D-015,-46.51529,50.00992,2.344991D-015,-47.64218,50.,        119P   2699
2.391837D-015,-48.8047,50.,2.441243D-015,-49.99493,50.,              119P   2700
2.492458D-015,-49.99493,50.,2.492458D-015,-49.99493,50.,             119P   2701
2.492458D-015,-51.23817,50.,2.546615D-015,-52.51301,50.,             119P   2702
2.602822D-015,-53.82107,50.,2.661175D-015,-55.16409,50.,             119P   2703
2.721778D-015,-56.54393,50.,2.78474D-015,-57.96255,50.,              119P   2704
2.850179D-015,-59.42206,50.,2.91822D-015,-60.00714,50.00001,         119P   2705
2.945693D-015,0.,42.,-7.829552D-006,0.0938572,0.9955857;             119P   2706
143,1,123,1,125;                                                     121P   2707
128,6,24,6,6,0,0,1,0,0,1.,1.,1.,1.,1.,1.,1.,2.,2.,2.,2.,2.,2.,       123P   2708
2.,1.,1.,1.,1.,1.,1.,1.,2.,2.,2.,2.,2.,2.,3.,3.,3.,3.,3.,3.,4.,      123P   2709
4.,4.,4.,4.,4.,5.,5.,5.,5.,5.,5.,5.,1.,1.,1.,1.,1.,1.,1.,1.,1.,      123P   2710
1.,1.,1.,1.,1.,1.,1.,1.,1.,1.,1.,1.,1.,1.,1.,1.,1.,1.,1.,1.,1.,      123P   2711
1.,1.,1.,1.,1.,1.,1.,1.,1.,1.,1.,1.,1.,1.,1.,1.,1.,1.,1.,1.,1.,      123P   2712
1.,1.,1.,1.,1.,1.,1.,1.,1.,1.,1.,1.,1.,1.,1.,1.,1.,1.,1.,1.,1.,      123P   2713
1.,1.,1.,1.,1.,1.,1.,1.,1.,1.,1.,1.,1.,1.,1.,1.,1.,1.,1.,1.,1.,      123P   2714
1.,1.,1.,1.,1.,1.,1.,1.,1.,1.,1.,1.,1.,1.,1.,1.,1.,1.,1.,1.,1.,      123P   2715
1.,1.,1.,1.,1.,1.,1.,1.,1.,1.,1.,1.,1.,1.,1.,1.,1.,1.,1.,1.,1.,      123P   2716
1.,1.,1.,1.,1.,1.,1.,1.,1.,1.,1.,1.,1.,1.,1.,1.,1.,1.,1.,1.,1.,      123P   2717
1.,1.,1.,1.,1.,1.,1.,1.,1.,1.,1.,1.,1.,1.,1.,1.,1.,1.,1.,100.,       123P   2718
19.99936,-25.,100.,29.99936,-25.,100.,39.99936,-25.,100.,            123P   2719
49.99936,-25.,100.,59.99936,-25.,100.,69.99936,-25.,100.,            123P   2720
79.99936,-25.,97.57303,19.99799,-22.567,97.57303,29.99799,           123P   2721
-22.567,97.57303,39.99799,-22.567,97.57303,49.99799,-22.567,         123P   2722
97.57303,59.99799,-22.567,97.57303,69.99799,-22.567,97.57303,        123P   2723
79.99799,-22.567,94.99285,20.07937,-20.29899,94.99285,30.07937,      123P   2724
-20.29899,94.99285,40.07937,-20.29899,94.99285,50.07937,             123P   2725
-20.29899,94.99285,60.07937,-20.29899,94.99285,70.07937,             123P   2726
-20.29899,94.99285,80.07937,-20.29899,92.27655,20.23539,             123P   2727
-18.19712,92.27655,30.23539,-18.19712,92.27655,40.23539,             123P   2728
-18.19712,92.27655,50.23539,-18.19712,92.27655,60.23539,             123P   2729
-18.19712,92.27655,70.23539,-18.19712,92.27655,80.23539,             123P   2730
-18.19712,89.44122,20.45792,-16.26255,89.44122,30.45792,             123P   2731
-16.26255,89.44122,40.45792,-16.26255,89.44122,50.45792,             123P   2732
-16.26255,89.44122,60.45792,-16.26255,89.44122,70.45792,             123P   2733
-16.26255,89.44122,80.45792,-16.26255,86.50394,20.73885,             123P   2734
-14.49644,86.50394,30.73885,-14.49644,86.50394,40.73885,             123P   2735
-14.49644,86.50394,50.73885,-14.49644,86.50394,60.73885,             123P   2736
-14.49644,86.50394,70.73885,-14.49644,86.50394,80.73885,             123P   2737
-14.49644,83.4818,21.07005,-12.89995,83.4818,31.07005,-12.89995,     123P   2738
83.4818,41.07005,-12.89995,83.4818,51.07005,-12.89995,83.4818,       123P   2739
61.07005,-12.89995,83.4818,71.07005,-12.89995,83.4818,81.07005,      123P   2740
-12.89995,79.44783,21.51214,-10.76894,79.44783,31.51214,             123P   2741
-10.76894,79.44783,41.51214,-10.76894,79.44783,51.51214,             123P   2742
-10.76894,79.44783,61.51214,-10.76894,79.44783,71.51214,             123P   2743
-10.76894,79.44783,81.51214,-10.76894,75.28259,22.03608,             123P   2744
-8.934354,75.28259,32.03608,-8.934354,75.28259,42.03608,             123P   2745
-8.934354,75.28259,52.03608,-8.934354,75.28259,62.03608,             123P   2746
-8.934354,75.28259,72.03608,-8.934354,75.28259,82.03608,             123P   2747
-8.934354,71.01173,22.62095,-7.368462,71.01173,32.62095,             123P   2748
-7.368462,71.01173,42.62095,-7.368462,71.01173,52.62095,             123P   2749
-7.368462,71.01173,62.62095,-7.368462,71.01173,72.62095,             123P   2750
-7.368462,71.01173,82.62095,-7.368462,66.66091,23.24587,             123P   2751
-6.043521,66.66091,33.24587,-6.043521,66.66091,43.24587,             123P   2752
-6.043521,66.66091,53.24587,-6.043521,66.66091,63.24587,             123P   2753
-6.043521,66.66091,73.24587,-6.043521,66.66091,83.24587,             123P   2754
-6.043521,62.25577,23.88993,-4.931788,62.25577,33.88993,             123P   2755
-4.931788,62.25577,43.88993,-4.931788,62.25577,53.88993,             123P   2756
-4.931788,62.25577,63.88993,-4.931788,62.25577,73.88993,             123P   2757
-4.931788,62.25577,83.88993,-4.931788,57.82197,24.53222,             123P   2758
-4.005521,57.82197,34.53222,-4.005521,57.82197,44.53222,             123P   2759
-4.005521,57.82197,54.53222,-4.005521,57.82197,64.53222,             123P   2760
-4.005521,57.82197,74.53222,-4.005521,57.82197,84.53222,             123P   2761
-4.005521,53.14652,25.20952,-3.028771,53.14652,35.20952,             123P   2762
-3.028771,53.14652,45.20952,-3.028771,53.14652,55.20952,             123P   2763
-3.028771,53.14652,65.20952,-3.028771,53.14652,75.20952,             123P   2764
-3.028771,53.14652,85.20952,-3.028771,48.43218,25.88679,             123P   2765
-2.249519,48.43218,35.88679,-2.249519,48.43218,45.88679,             123P   2766
-2.249519,48.43218,55.88679,-2.249519,48.43218,65.88679,             123P   2767
-2.249519,48.43218,75.88679,-2.249519,48.43218,85.88679,             123P   2768
-2.249519,43.68711,26.54716,-1.640874,43.68711,36.54716,             123P   2769
-1.640874,43.68711,46.54716,-1.640874,43.68711,56.54716,             123P   2770
-1.640874,43.68711,66.54716,-1.640874,43.68711,76.54716,             123P   2771
-1.640874,43.68711,86.54716,-1.640874,38.91946,27.17374,             123P   2772
-1.175946,38.91946,37.17374,-1.175946,38.91946,47.17374,             123P   2773
-1.175946,38.91946,57.17374,-1.175946,38.91946,67.17374,             123P   2774
-1.175946,38.91946,77.17374,-1.175946,38.91946,87.17374,             123P   2775
-1.175946,34.13738,27.74967,-0.8278435,34.13738,37.74967,            123P   2776
-0.8278435,34.13738,47.74967,-0.8278435,34.13738,57.74967,           123P   2777
-0.8278435,34.13738,67.74967,-0.8278435,34.13738,77.74967,           123P   2778
-0.8278435,34.13738,87.74967,-0.8278435,29.34902,28.25807,           123P   2779
-0.569675,29.34902,38.25807,-0.569675,29.34902,48.25807,             123P   2780
-0.569675,29.34902,58.25807,-0.569675,29.34902,68.25807,             123P   2781
-0.569675,29.34902,78.25807,-0.569675,29.34902,88.25807,             123P   2782
-0.569675,24.48139,28.77488,-0.3072332,24.48139,38.77488,            123P   2783
-0.3072332,24.48139,48.77488,-0.3072332,24.48139,58.77488,           123P   2784
-0.3072332,24.48139,68.77488,-0.3072332,24.48139,78.77488,           123P   2785
-0.3072332,24.48139,88.77488,-0.3072332,19.59935,29.22601,           123P   2786
-0.141253,19.59935,39.22601,-0.141253,19.59935,49.22601,             123P   2787
-0.141253,19.59935,59.22601,-0.141253,19.59935,69.22601,             123P   2788
-0.141253,19.59935,79.22601,-0.141253,19.59935,89.22601,             123P   2789
-0.141253,14.70655,29.5928,-0.04963688,14.70655,39.5928,             123P   2790
-0.04963688,14.70655,49.5928,-0.04963688,14.70655,59.5928,           123P   2791
-0.04963688,14.70655,69.5928,-0.04963688,14.70655,79.5928,           123P   2792
-0.04963688,14.70655,89.5928,-0.04963688,9.806682,29.85657,          123P   2793
-0.01028761,9.806682,39.85657,-0.01028761,9.806682,49.85657,         123P   2794
-0.01028761,9.806682,59.85657,-0.01028761,9.806682,69.85657,         123P   2795
-0.01028761,9.806682,79.85657,-0.01028761,9.806682,89.85657,         123P   2796
-0.01028761,4.903423,29.99865,-0.001107774,4.903423,39.99865,        123P   2797
-0.001107774,4.903423,49.99865,-0.001107774,4.903423,59.99865,       123P   2798
-0.001107774,4.903423,69.99865,-0.001107774,4.903423,79.99865,       123P   2799
-0.001107774,4.903423,89.99865,-0.001107774,0.0004504344,            123P   2800
30.00036,0.,0.0004504344,40.00036,1.83691D-015,0.0004504344,         123P   2801
50.00036,3.673819D-015,0.0004504344,60.00036,5.510729D-015,          123P   2802
0.0004504344,70.00036,7.347638D-015,0.0004504344,80.00036,           123P   2803
9.184548D-015,0.0004504344,90.00036,1.102146D-014,1.,2.,1.,5.;       123P   2804
141,1,2,123,2,129,1,1,127,133,1,1,131;                               125P   2805
106,1,40,0.,1.500010664,1.,1.499820922,1.099815862,1.499234849,      127P   2806
1.199660799,1.498268231,1.299538346,1.496936823,1.399452611,         127P   2807
1.495256346,1.499408223,1.493242485,1.59941029,1.490910893,          127P   2808
1.699464359,1.48827719,1.799576384,1.48535697,1.8997527,             127P   2809
1.482165807,2.,1.480121148,2.04531413,1.477996351,2.090628259,       127P   2810
1.473517821,2.181336518,1.468761094,2.272116575,1.463757296,         127P   2811
2.362960151,1.458537764,2.453859075,1.453134015,2.544805431,         127P   2812
1.447577702,2.635791667,1.441900583,2.726810664,1.436134493,         127P   2813
2.817855767,1.430311318,2.908920789,1.424462968,3.,1.416933793,      127P   2814
3.111280278,1.40945236,3.222544889,1.402065922,3.333781808,          127P   2815
1.394821591,3.44497947,1.387766298,3.556126733,1.380946751,          127P   2816
3.667212826,1.374409398,3.77822726,1.368200394,3.889159729,          127P   2817
1.362365566,4.,1.355317126,4.143257476,1.349058854,4.286356439,      127P   2818
1.34369688,4.429312037,1.339337059,4.572139371,1.336085086,          127P   2819
4.714853374,1.334046604,4.857468754,1.333515496,4.928734377,         127P   2820
1.333327309,5.;                                                      127P   2821
126,55,1,0,0,1,0,0.,0.,1.,2.,3.,4.,5.,6.,7.,8.,9.,10.,11.,12.,       129P   2822
12.5,13.,13.5,14.,14.5,15.,15.5,16.,16.5,17.,17.5,18.,18.5,19.,      129P   2823
19.5,20.,20.5,21.,21.5,22.,23.,24.,25.,26.,27.,28.,29.,30.,31.,      129P   2824
31.5,32.,32.5,33.,33.5,34.,34.5,35.,35.5,36.,36.5,37.,38.,39.,       129P   2825
39.,1.,1.,1.,1.,1.,1.,1.,1.,1.,1.,1.,1.,1.,1.,1.,1.,1.,1.,1.,1.,     129P   2826
1.,1.,1.,1.,1.,1.,1.,1.,1.,1.,1.,1.,1.,1.,1.,1.,1.,1.,1.,1.,1.,      129P   2827
1.,1.,1.,1.,1.,1.,1.,1.,1.,1.,1.,1.,1.,1.,1.,100.,50.,-25.,          129P   2828
98.52394,50.,-23.56757,97.00368,50.,-22.18419,95.44117,50.,          129P   2829
-20.85001,93.83833,50.,-19.56515,92.1971,50.,-18.32976,90.51939,     129P   2830
50.,-17.14397,88.80712,50.,-16.00794,87.06217,50.,-14.92181,         129P   2831
85.28643,50.,-13.88576,83.4818,50.,-12.89995,82.38103,50.,           129P   2832
-12.32964,81.27246,50.,-11.77728,80.15539,49.99783,-11.24209,        129P   2833
79.03108,50.,-10.72427,77.89891,49.99806,-10.22311,76.76007,50.,     129P   2834
-9.738715,75.61404,49.99829,-9.270455,74.46191,50.,-8.818361,        129P   2835
73.30324,49.99852,-8.38186,72.13904,50.,-7.960921,70.96898,          129P   2836
49.99876,-7.555023,69.79395,50.,-7.164076,68.61373,49.99899,         129P   2837
-6.787607,67.42912,50.,-6.425476,66.23998,49.99923,-6.077246,        129P   2838
65.04703,50.,-5.742738,63.85021,49.99946,-5.421546,62.65016,50.,     129P   2839
-5.113456,61.4469,49.9997,-4.818089,60.24098,50.,-4.5352,            129P   2840
59.03252,49.99994,-4.264434,57.82197,50.,-4.005521,54.69326,50.,     129P   2841
-3.389307,51.55189,50.,-2.842089,48.39957,50.,-2.359443,             129P   2842
45.23796,50.,-1.936922,42.06876,50.,-1.570061,38.89361,50.,          129P   2843
-1.254387,35.71417,50.,-0.9854185,32.5321,50.,-0.7586736,            129P   2844
29.34902,50.,-0.569675,27.25596,50.00547,-0.4641461,25.16085,        129P   2845
50.,-0.37249,23.06617,50.00628,-0.2938126,20.96975,50.,              129P   2846
-0.2270339,18.87387,50.00708,-0.1712332,16.77658,50.,-0.1253697,     129P   2847
14.67993,50.00788,-0.08850417,12.58221,50.,-0.05962554,10.48523,     129P   2848
50.00869,-0.03778285,8.387491,50.,-0.02198668,6.290606,50.00949,     129P   2849
-0.01127945,4.193286,50.,-0.004686811,2.096926,50.,-0.001248581,     129P   2850
0.0004504344,50.,3.665911D-015,0.,39.,0.,0.,0.;                      129P   2851
106,1,4,0.,1.333327309,5.,1.,5.,1.,1.,1.500010664,1.;                131P   2852
126,41,1,0,0,1,0,0.,0.,1.,1.03125,1.0625,1.09375,1.125,1.15625,      133P   2853
1.1875,1.21875,1.25,1.277777778,1.305555556,1.333333333,             133P   2854
1.361111111,1.388888889,1.416666667,1.444444444,1.472222222,1.5,     133P   2855
1.520833333,1.541666667,1.5625,1.583333333,1.604166667,1.625,        133P   2856
1.645833333,1.666666667,1.6875,1.708333333,1.729166667,1.75,         133P   2857
1.775,1.8,1.825,1.85,1.875,1.9,1.925,1.95,1.975,2.,3.,3.,1.,1.,      133P   2858
1.,1.,1.,1.,1.,1.,1.,1.,1.,1.,1.,1.,1.,1.,1.,1.,1.,1.,1.,1.,1.,      133P   2859
1.,1.,1.,1.,1.,1.,1.,1.,1.,1.,1.,1.,1.,1.,1.,1.,1.,1.,1.,            133P   2860
0.0004504344,50.,3.665911D-015,0.0004504344,30.00036,0.,             133P   2861
3.677603,29.96691,-0.003585899,7.354029,29.87203,-0.01613465,        133P   2862
11.02886,29.72012,-0.04282532,14.70125,29.51554,-0.08883699,         133P   2863
18.37032,29.26266,-0.1593487,22.03521,28.96588,-0.2595396,           133P   2864
25.69506,28.62955,-0.3945887,29.34902,28.25807,-0.569675,            133P   2865
32.53987,27.90709,-0.7591796,35.72706,27.53389,-0.9864197,           133P   2866
38.90924,27.14122,-1.255822,42.08506,26.73188,-1.571812,45.2532,     133P   2867
26.30864,-1.938818,48.4123,25.87427,-2.361265,51.56102,25.43156,     133P   2868
-2.843581,54.69803,24.98329,-3.39019,57.82197,24.53222,              133P   2869
-4.005521,60.03559,24.21113,-4.488295,62.24146,23.89113,             133P   2870
-5.011634,64.43779,23.57366,-5.577465,66.6228,23.26018,              133P   2871
-6.187715,68.79472,22.95214,-6.844309,70.95176,22.65098,             133P   2872
-7.549175,73.09214,22.35817,-8.304238,75.21408,22.07516,             133P   2873
-9.111426,77.3158,21.80338,-9.972665,79.39551,21.54431,              133P   2874
-10.88988,81.45144,21.29938,-11.865,83.4818,21.07005,-12.89995,      133P   2875
85.28201,20.87903,-13.88326,87.05472,20.70407,-14.91733,             133P   2876
88.79786,20.54614,-16.00199,90.5094,20.40622,-17.13713,92.18728,     133P   2877
20.28528,-18.32259,93.82944,20.18429,-19.55825,95.43385,             133P   2878
20.10423,-20.84396,96.99845,20.04607,-22.17958,98.52118,             133P   2879
20.01079,-23.56497,100.,19.99936,-25.,100.,50.,-25.,0.,3.,0.,0.,     133P   2880
0.;                                                                  133P   2881
143,1,137,1,139;                                                     135P   2882
128,24,6,6,6,0,0,1,0,0,1.,1.,1.,1.,1.,1.,1.,2.,2.,2.,2.,2.,2.,       137P   2883
3.,3.,3.,3.,3.,3.,4.,4.,4.,4.,4.,4.,5.,5.,5.,5.,5.,5.,5.,1.,1.,      137P   2884
1.,1.,1.,1.,1.,2.,2.,2.,2.,2.,2.,2.,1.,1.,1.,1.,1.,1.,1.,1.,1.,      137P   2885
1.,1.,1.,1.,1.,1.,1.,1.,1.,1.,1.,1.,1.,1.,1.,1.,1.,1.,1.,1.,1.,      137P   2886
1.,1.,1.,1.,1.,1.,1.,1.,1.,1.,1.,1.,1.,1.,1.,1.,1.,1.,1.,1.,1.,      137P   2887
1.,1.,1.,1.,1.,1.,1.,1.,1.,1.,1.,1.,1.,1.,1.,1.,1.,1.,1.,1.,1.,      137P   2888
1.,1.,1.,1.,1.,1.,1.,1.,1.,1.,1.,1.,1.,1.,1.,1.,1.,1.,1.,1.,1.,      137P   2889
1.,1.,1.,1.,1.,1.,1.,1.,1.,1.,1.,1.,1.,1.,1.,1.,1.,1.,1.,1.,1.,      137P   2890
1.,1.,1.,1.,1.,1.,1.,1.,1.,1.,1.,1.,1.,1.,1.,1.,1.,1.,1.,1.,1.,      137P   2891
1.,1.,1.,1.,1.,1.,1.,1.,1.,1.,1.,1.,1.,1.,1.,1.,1.,1.,1.,1.,1.,      137P   2892
1.,1.,1.,1.,1.,1.,1.,1.,1.,1.,1.,1.,1.,1.,1.,1.,1.,1.,1.,100.,       137P   2893
19.99936,-25.,101.3329,20.00184,-25.,102.6655,19.89589,-25.,         137P   2894
103.9873,19.68356,-25.,105.2881,19.3669,-25.,106.5575,18.94796,      137P   2895
-25.,107.7851,18.42878,-25.,108.9697,17.92781,-25.,110.1143,         137P   2896
17.33408,-25.,111.2114,16.65314,-25.,112.2535,15.89053,-25.,         137P   2897
113.2331,15.05181,-25.,114.1425,14.14252,-25.,115.052,13.23319,      137P   2898
-25.,115.8906,12.25364,-25.,116.653,11.21147,-24.99999,117.3337,     137P   2899
10.11427,-24.99999,117.9275,8.969644,-24.99999,118.429,7.785196,     137P   2900
-24.99999,118.9487,6.557618,-24.99998,119.3671,5.288157,             137P   2901
-24.99998,119.6829,3.987239,-24.99998,119.8946,2.66529,              137P   2902
-24.99998,120.0011,1.332735,-24.99999,120.0009,-9.924004D-008,       137P   2903
-25.,99.98675,29.99935,-25.,101.9889,30.00308,-25.,103.9904,         137P   2904
29.8437,-25.,105.9758,29.52439,-25.,107.9296,29.04838,-25.,          137P   2905
109.8362,28.41886,-25.,111.6802,27.63901,-25.,113.4563,26.88788,     137P   2906
-25.,115.1727,25.998,-25.,116.8179,24.97753,-25.,118.3806,           137P   2907
23.83463,-25.,119.8495,22.57747,-25.,121.213,21.21421,-25.,          137P   2908
122.5763,19.85114,-25.,123.8332,18.38268,-25.,124.9757,16.8203,      137P   2909
-25.,125.996,15.17542,-24.99999,126.8859,13.45949,-24.99999,         137P   2910
127.6377,11.68395,-24.99999,128.4178,9.841209,-24.99998,             137P   2911
129.0466,7.935795,-24.99998,129.5217,5.983286,-24.99998,             137P   2912
129.8406,3.999259,-24.99998,130.0012,1.99929,-24.99999,130.0009,     137P   2913
-0.001045042,-25.,99.9735,39.99935,-25.,102.6448,40.00432,-25.,      137P   2914
105.3153,39.7915,-25.,107.9643,39.36522,-25.,110.571,38.72986,       137P   2915
-25.,113.1149,37.88975,-25.,115.5753,36.84924,-25.,117.9429,         137P   2916
35.84797,-25.,120.231,34.66195,-25.,122.4243,33.30197,-25.,          137P   2917
124.5077,31.77879,-25.,126.4658,30.10317,-25.,128.2834,28.2859,      137P   2918
-25.,130.1006,26.46906,-25.,131.7758,24.51169,-25.,133.2985,         137P   2919
22.42909,-25.,134.6583,20.23653,-24.99999,135.8444,17.9493,          137P   2920
-24.99999,136.8463,15.58271,-24.99999,137.8869,13.12491,             137P   2921
-24.99998,138.7261,10.58361,-24.99997,139.3604,7.979536,             137P   2922
-24.99997,139.7866,5.333412,-24.99997,140.0012,2.665962,             137P   2923
-24.99998,140.0009,-0.002089985,-25.,99.96026,49.99934,-25.,         137P   2924
103.3008,50.00556,-25.,106.6402,49.73929,-25.,109.9527,49.20605,     137P   2925
-25.,113.2125,48.41133,-25.,116.3936,47.36063,-25.,119.4704,         137P   2926
46.05947,-25.,122.4294,44.80807,-25.,125.2892,43.32594,-25.,         137P   2927
128.0307,41.62645,-25.,130.6347,39.72297,-25.,133.0821,37.6289,      137P   2928
-25.,135.3539,35.35759,-25.,137.6249,33.08698,-25.,139.7184,         137P   2929
30.64068,-25.,141.6214,28.03785,-25.,143.3206,25.29761,-25.,         137P   2930
144.8028,22.4391,-24.99999,146.055,19.48146,-24.99999,147.356,       137P   2931
16.40867,-24.99998,148.4055,13.23153,-24.99997,149.1992,             137P   2932
9.975904,-24.99996,149.7326,6.667672,-24.99997,150.0013,             137P   2933
3.332702,-24.99998,150.0009,-0.003134928,-25.,99.94701,59.99933,     137P   2934
-25.,103.9568,60.0068,-25.,107.9652,59.68709,-25.,111.9412,          137P   2935
59.04687,-25.,115.854,58.0928,-25.,119.6724,56.83151,-25.,           137P   2936
123.3654,55.2697,-25.,126.9159,53.76818,-25.,130.3474,51.98993,      137P   2937
-25.,133.637,49.95093,-25.,136.7617,47.66717,-25.,139.6985,          137P   2938
45.15463,-25.,142.4243,42.42928,-25.,145.1492,39.70489,-25.,         137P   2939
147.6611,36.76967,-25.,149.9442,33.64661,-25.,151.9828,30.35869,     137P   2940
-25.,153.7613,26.9289,-24.99999,155.2637,23.38022,-24.99999,         137P   2941
156.825,19.69245,-24.99998,158.0849,15.87947,-24.99997,159.0379,     137P   2942
11.97231,-24.99996,159.6785,8.001962,-24.99996,160.0014,             137P   2943
3.999461,-24.99997,160.0009,-0.004179871,-25.,99.93376,69.99933,     137P   2944
-25.,104.6128,70.00804,-25.,109.2901,69.63488,-25.,113.9297,         137P   2945
68.88769,-25.,118.4955,67.77426,-25.,122.9512,66.30239,-25.,         137P   2946
127.2605,64.47993,-25.,131.4024,62.72828,-25.,135.4057,60.65391,     137P   2947
-25.,139.2434,58.2754,-25.,142.8887,55.61135,-25.,146.3148,          137P   2948
52.68035,-25.,149.4947,49.50097,-25.,152.6735,46.3228,-25.,          137P   2949
155.6037,42.89866,-25.,158.267,39.25538,-25.,160.6451,35.41978,      137P   2950
-25.,162.7197,31.41871,-24.99999,164.4724,27.27897,-24.99999,        137P   2951
166.2941,22.9762,-24.99998,167.7643,18.52738,-24.99996,168.8766,     137P   2952
13.96866,-24.99995,169.6245,9.336207,-24.99995,170.0014,             137P   2953
4.666192,-24.99997,170.0009,-0.005224814,-25.,99.92051,79.99932,     137P   2954
-25.,105.2687,80.00927,-25.,110.6151,79.58268,-25.,115.9183,         137P   2955
78.72851,-25.,121.137,77.45573,-25.,126.2299,75.77329,-25.,          137P   2956
131.1556,73.69016,-25.,135.889,71.68837,-25.,140.464,69.31786,       137P   2957
-25.,144.8498,66.59984,-25.,149.0158,63.5555,-25.,152.9312,          137P   2958
60.20604,-25.,156.5652,56.57266,-25.,160.1978,52.94073,-25.,         137P   2959
163.5463,49.02768,-25.,166.5898,44.86417,-25.,169.3074,40.4809,      137P   2960
-25.,171.6781,35.90853,-25.,173.681,31.17773,-24.99999,175.7632,     137P   2961
26.25988,-24.99997,177.4438,21.17516,-24.99996,178.7154,             137P   2962
15.96487,-24.99995,179.5705,10.67033,-24.99995,180.0015,             137P   2963
5.332844,-24.99996,180.0009,-0.006269757,-25.,1.,5.,1.,2.;           137P   2964
141,1,2,137,3,143,1,1,141,147,1,1,145,151,1,1,149;                   139P   2965
106,1,35,0.,3.,1.845168978,2.96875,1.831156835,2.9375,               141P   2966
1.817711668,2.875,1.792215533,2.8125,1.76845185,2.75,                141P   2967
1.746284149,2.6875,1.725591332,2.625,1.706265666,2.5625,             141P   2968
1.688211081,2.5,1.671341737,2.4375,1.655580802,2.375,                141P   2969
1.640859406,2.3125,1.627115748,2.25,1.61429433,2.1875,               141P   2970
1.602345296,2.125,1.59122386,2.0625,1.580889816,2.,1.571307111,      141P   2971
2.,1.571307111,1.9375,1.562104305,1.875,1.553644102,1.8125,          141P   2972
1.545892799,1.75,1.538820431,1.6875,1.532400452,1.625,               141P   2973
1.526609458,1.5625,1.521426946,1.5,1.516835119,1.4375,               141P   2974
1.512818714,1.375,1.509364857,1.3125,1.506462951,1.25,               141P   2975
1.504104578,1.1875,1.502283431,1.125,1.500995262,1.0625,             141P   2976
1.500237853,1.,1.500010998;                                          141P   2977
126,36,1,1,0,1,0,0.,0.,1.,2.,2.5,3.,3.5,4.,5.,6.,7.,8.,9.,10.,       143P   2978
11.,12.,13.,14.,15.,16.,17.,18.,19.,20.,21.,22.,23.,24.,25.,26.,     143P   2979
27.,28.,29.,30.,31.,32.,33.,34.,34.,1.,1.,1.,1.,1.,1.,1.,1.,1.,      143P   2980
1.,1.,1.,1.,1.,1.,1.,1.,1.,1.,1.,1.,1.,1.,1.,1.,1.,1.,1.,1.,1.,      143P   2981
1.,1.,1.,1.,1.,1.,1.,149.9968,50.00316,-25.,148.8037,50.,-25.,       143P   2982
147.6414,50.,-25.,146.5148,50.00992,-25.,145.3949,50.,-25.,          143P   2983
144.3165,50.00932,-25.,143.2445,50.,-25.,141.182,50.,-25.,           143P   2984
139.1998,50.,-25.,137.291,50.,-25.,135.4496,50.,-25.,133.67,50.,     143P   2985
-25.,131.9473,50.,-25.,130.2768,50.,-25.,128.6542,50.,-25.,          143P   2986
127.0759,50.,-25.,125.5382,50.,-25.,124.0377,50.,-25.,122.5716,      143P   2987
50.,-25.,121.1368,50.,-25.,121.1368,50.,-25.,119.6754,50.,-25.,      143P   2988
118.2427,50.,-25.,116.8362,50.,-25.,115.4532,50.,-25.,114.0915,      143P   2989
50.,-25.,112.749,50.,-25.,111.4236,50.,-25.,110.1132,50.,-25.,       143P   2990
108.8161,50.,-25.,107.5304,50.,-25.,106.2544,50.,-25.,104.9863,      143P   2991
50.,-25.,103.7245,50.,-25.,102.4673,50.,-25.,101.2131,50.,-25.,      143P   2992
99.96026,50.,-25.,0.,34.,-1.833798D-009,1.201694D-005,-1.;           143P   2993
106,1,4,0.,1.,1.500010998,1.,1.,5.,1.,5.,1.499984174;                145P   2994
126,54,1,1,0,1,0,0.,0.,1.,1.019230769,1.038461538,1.057692308,       147P   2995
1.076923077,1.096153846,1.115384615,1.134615385,1.153846154,         147P   2996
1.173076923,1.192307692,1.211538462,1.230769231,1.25,                147P   2997
1.269230769,1.288461538,1.307692308,1.326923077,1.346153846,         147P   2998
1.365384615,1.384615385,1.403846154,1.423076923,1.442307692,         147P   2999
1.461538462,1.480769231,1.5,1.519230769,1.538461538,1.557692308,     147P   3000
1.576923077,1.596153846,1.615384615,1.634615385,1.653846154,         147P   3001
1.673076923,1.692307692,1.711538462,1.730769231,1.75,                147P   3002
1.769230769,1.788461538,1.807692308,1.826923077,1.846153846,         147P   3003
1.865384615,1.884615385,1.903846154,1.923076923,1.942307692,         147P   3004
1.961538462,1.980769231,2.,3.,3.,1.,1.,1.,1.,1.,1.,1.,1.,1.,1.,      147P   3005
1.,1.,1.,1.,1.,1.,1.,1.,1.,1.,1.,1.,1.,1.,1.,1.,1.,1.,1.,1.,1.,      147P   3006
1.,1.,1.,1.,1.,1.,1.,1.,1.,1.,1.,1.,1.,1.,1.,1.,1.,1.,1.,1.,1.,      147P   3007
1.,1.,1.,99.96026,50.,-25.,100.,19.99936,-25.,100.6151,19.9909,      147P   3008
-25.,101.2295,19.9633,-25.,101.8428,19.91668,-25.,102.4542,          147P   3009
19.85115,-25.,103.0634,19.76682,-25.,103.6697,19.6638,-25.,          147P   3010
104.2725,19.5422,-25.,104.8712,19.40214,-25.,105.4654,19.24372,      147P   3011
-25.,106.0545,19.06707,-25.,106.6378,18.87229,-25.,107.2149,         147P   3012
18.65949,-25.,107.7851,18.42878,-25.,108.3282,18.18938,-25.,         147P   3013
108.8638,17.93382,-25.,109.3915,17.66239,-25.,109.9109,17.37541,     147P   3014
-25.,110.4215,17.07318,-25.,110.923,16.756,-25.,111.4149,            147P   3015
16.42416,-25.,111.8968,16.07798,-25.,112.3684,15.71776,-25.,         147P   3016
112.8291,15.3438,-25.,113.2787,14.95641,-25.,113.7166,14.55588,      147P   3017
-25.,114.1425,14.14252,-25.,114.5559,13.71666,-25.,114.9565,         147P   3018
13.27876,-25.,115.3439,12.82922,-25.,115.7178,12.36846,-25.,         147P   3019
116.0779,11.8969,-25.,116.4241,11.41494,-25.,116.7558,10.92301,      147P   3020
-24.99999,117.073,10.42152,-24.99999,117.3752,9.910886,              147P   3021
-24.99999,117.6622,9.391521,-24.99999,117.9337,8.86384,              147P   3022
-24.99999,118.1894,8.32826,-24.99999,118.429,7.785196,-24.99999,     147P   3023
118.6599,7.214999,-24.99998,118.8727,6.637936,-24.99998,             147P   3024
119.0673,6.054578,-24.99998,119.2438,5.465493,-24.99998,119.402,     147P   3025
4.871252,-24.99998,119.5419,4.272422,-24.99998,119.6633,             147P   3026
3.669575,-24.99998,119.7662,3.063279,-24.99999,119.8506,             147P   3027
2.454104,-24.99999,119.9163,1.842619,-24.99999,119.9633,             147P   3028
1.229393,-24.99999,119.9916,0.6149974,-25.,120.0009,                 147P   3029
-9.924004D-008,-25.,150.,-0.003134829,-25.,0.,3.,1.562092D-007,      147P   3030
5.175991D-008,1.;                                                    147P   3031
106,1,36,0.,5.,1.499984174,4.9375,1.500244492,4.875,1.501029356,     149P   3032
4.8125,1.502339582,4.75,1.504177971,4.6875,1.506549322,4.625,        149P   3033
1.509460472,4.5625,1.51292035,4.5,1.516940053,4.4375,                149P   3034
1.521532945,4.375,1.526714776,4.3125,1.532503832,4.25,               149P   3035
1.538921106,4.1875,1.545990508,4.125,1.553739106,4.0625,             149P   3036
1.562197407,4.,1.571399686,3.945312496,1.579751006,3.890624992,      149P   3037
1.588673518,3.835937488,1.598190932,3.781249985,1.608329336,         149P   3038
3.726562481,1.619117399,3.671874977,1.630586615,3.617187473,         149P   3039
1.642771567,3.562499969,1.655710233,3.507812465,1.66944434,          149P   3040
3.453124962,1.684019752,3.398437458,1.699486935,3.343749954,         149P   3041
1.715901465,3.28906245,1.733324633,3.234374946,1.751824126,          149P   3042
3.179687442,1.77147482,3.124999938,1.792359697,3.062499969,          149P   3043
1.817858049,3.031249985,1.831304458,3.,1.845168978;                  149P   3044
126,36,1,1,0,1,0,0.,0.,1.,2.,3.,4.,5.,6.,7.,8.,9.,10.,11.,12.,       151P   3045
13.,14.,15.,16.,17.,18.,19.,20.,21.,22.,23.,24.,25.,26.,27.,28.,     151P   3046
29.,30.,31.,32.,32.5,33.,34.,35.,35.,1.,1.,1.,1.,1.,1.,1.,1.,1.,     151P   3047
1.,1.,1.,1.,1.,1.,1.,1.,1.,1.,1.,1.,1.,1.,1.,1.,1.,1.,1.,1.,1.,      151P   3048
1.,1.,1.,1.,1.,1.,1.,150.,-0.003134829,-25.,150.,1.247998,           151P   3049
-24.99999,150.,2.500624,-24.99998,150.,3.756346,-24.99998,150.,      151P   3050
5.016776,-24.99998,150.,6.283539,-24.99997,150.,7.55829,             151P   3051
-24.99997,150.,8.842721,-24.99997,150.,10.13857,-24.99997,150.,      151P   3052
11.44765,-24.99997,150.,12.77182,-24.99997,150.,14.11304,            151P   3053
-24.99997,150.,15.47339,-24.99997,150.,16.85503,-24.99998,150.,      151P   3054
18.26029,-24.99998,150.,19.69162,-24.99998,150.,21.15168,            151P   3055
-24.99999,150.,22.40538,-24.99999,150.,23.68285,-24.99999,150.,      151P   3056
24.98598,-24.99999,150.,26.31678,-24.99999,150.,27.67737,            151P   3057
-24.99999,150.,29.07004,-25.,150.,30.49722,-25.,150.,31.96154,       151P   3058
-25.,150.,33.46582,-25.,150.,35.01312,-25.,150.,36.60675,-25.,       151P   3059
150.,38.2503,-25.,150.,39.9477,-25.,150.,41.70322,-25.,150.,         151P   3060
43.52156,-25.,150.,45.40789,-25.,150.0099,46.5277,-25.,150.,         151P   3061
47.65425,-25.,150.,48.81644,-25.,149.9968,50.00316,-25.,0.,35.,      151P   3062
-0.006578782,-4.536816D-010,0.9999784;                               151P   3063
S      1G      4D    152P   3063                                        T      1
