PS-Exchange4.6.0604                                                     S      1
1H,,1H;,11HPS-Exchange,35HC:\Dicken\Fcam Models\blow mold.igs,34HPS-ExchG      1
ange 4.6.0604 by Delcam plc,16HVersion 4.6.0604,32,38,6,308,15,11HPS-ExcG      2
hange,1.,2,2HMM,1,0.,15H20060427.125026,0.001,100000.,9HPOWDERKEG,12HDicG      3
ken Smith,11,0,15H20060427.125026;                                      G      4
     186       1       0       1       0       0       0       000000000D      1
     186       0       8       1       0                       1       0D      2
     502       2       0       1       0       0       0       000010000D      3
     502       0       8      26       1                       1       0D      4
     504      28       0       1       0       0       0       000010001D      5
     504       0       8      19       1                       1       0D      6
     126      47       0       1       0       0       0       000010000D      7
     126       0       8      17       0                       1       0D      8
     126      64       0       1       0       0       0       000010000D      9
     126       0       8      18       0                       1       0D     10
     126      82       0       1       0       0       0       000010000D     11
     126       0       8      36       0                       1       0D     12
     126     118       0       1       0       0       0       000010000D     13
     126       0       8       6       0                       1       0D     14
     126     124       0       1       0       0       0       000010000D     15
     126       0       8      73       0                       1       0D     16
     126     197       0       1       0       0       0       000010000D     17
     126       0       8       4       0                       1       0D     18
     126     201       0       1       0       0       0       000010000D     19
     126       0       8      20       0                       1       0D     20
     126     221       0       1       0       0       0       000010000D     21
     126       0       8      18       0                       1       0D     22
     126     239       0       1       0       0       0       000010000D     23
     126       0       8      37       0                       1       0D     24
     126     276       0       1       0       0       0       000010000D     25
     126       0       8       6       0                       1       0D     26
     126     282       0       1       0       0       0       000010000D     27
     126       0       8      69       0                       1       0D     28
     126     351       0       1       0       0       0       000010000D     29
     126       0       8       4       0                       1       0D     30
     126     355       0       1       0       0       0       000010000D     31
     126       0       8      19       0                       1       0D     32
     126     374       0       1       0       0       0       000010000D     33
     126       0       8      20       0                       1       0D     34
     126     394       0       1       0       0       0       000010000D     35
     126       0       8      41       0                       1       0D     36
     126     435       0       1       0       0       0       000010000D     37
     126       0       8       6       0                       1       0D     38
     126     441       0       1       0       0       0       000010000D     39
     126       0       8      71       0                       1       0D     40
     126     512       0       1       0       0       0       000010000D     41
     126       0       8       4       0                       1       0D     42
     126     516       0       1       0       0       0       000010000D     43
     126       0       8      19       0                       1       0D     44
     126     535       0       1       0       0       0       000010000D     45
     126       0       8      17       0                       1       0D     46
     126     552       0       1       0       0       0       000010000D     47
     126       0       8       8       0                       1       0D     48
     126     560       0       1       0       0       0       000010000D     49
     126       0       8      40       0                       1       0D     50
     126     600       0       1       0       0       0       000010000D     51
     126       0       8       6       0                       1       0D     52
     126     606       0       1       0       0       0       000010000D     53
     126       0       8      74       0                       1       0D     54
     126     680       0       1       0       0       0       000010000D     55
     126       0       8       4       0                       1       0D     56
     126     684       0       1       0       0       0       000010000D     57
     126       0       8     147       0                       1       0D     58
     126     831       0       1       0       0       0       000010000D     59
     126       0       8     141       0                       1       0D     60
     126     972       0       1       0       0       0       000010000D     61
     126       0       8     146       0                       1       0D     62
     126    1118       0       1       0       0       0       000010000D     63
     126       0       8     148       0                       1       0D     64
     126    1266       0       1       0       0       0       000010000D     65
     126       0       8      20       0                       1       0D     66
     126    1286       0       1       0       0       0       000010000D     67
     126       0       8      21       0                       1       0D     68
     126    1307       0       1       0       0       0       000010000D     69
     126       0       8      40       0                       1       0D     70
     126    1347       0       1       0       0       0       000010000D     71
     126       0       8       4       0                       1       0D     72
     126    1351       0       1       0       0       0       000010000D     73
     126       0       8       6       0                       1       0D     74
     126    1357       0       1       0       0       0       000010000D     75
     126       0       8      74       0                       1       0D     76
     126    1431       0       1       0       0       0       000010000D     77
     126       0       8       4       0                       1       0D     78
     126    1435       0       1       0       0       0       000010000D     79
     126       0       8     147       0                       1       0D     80
     126    1582       0       1       0       0       0       000010000D     81
     126       0       8      71       0                       1       0D     82
     126    1653       0       1       0       0       0       000010000D     83
     126       0       8       4       0                       1       0D     84
     126    1657       0       1       0       0       0       000010000D     85
     126       0       8      71       0                       1       0D     86
     126    1728       0       1       0       0       0       000010000D     87
     126       0       8       4       0                       1       0D     88
     126    1732       0       1       0       0       0       000010000D     89
     126       0       8      14       0                       1       0D     90
     126    1746       0       1       0       0       0       000010000D     91
     126       0       8      30       0                       1       0D     92
     126    1776       0       1       0       0       0       000010000D     93
     126       0       8       4       0                       1       0D     94
     126    1780       0       1       0       0       0       000010000D     95
     126       0       8       4       0                       1       0D     96
     126    1784       0       1       0       0       0       000010000D     97
     126       0       8       3       0                       1       0D     98
     126    1787       0       1       0       0       0       000010000D     99
     126       0       8       2       0                       1       0D    100
     126    1789       0       1       0       0       0       000010000D    101
     126       0       8       2       0                       1       0D    102
     126    1791       0       1       0       0       0       000010000D    103
     126       0       8       2       0                       1       0D    104
     126    1793       0       1       0       0       0       000010000D    105
     126       0       8      98       0                       1       0D    106
     126    1891       0       1       0       0       0       000010000D    107
     126       0       8       3       0                       1       0D    108
     126    1894       0       1       0       0       0       000010000D    109
     126       0       8       2       0                       1       0D    110
     126    1896       0       1       0       0       0       000010000D    111
     126       0       8       3       0                       1       0D    112
     126    1899       0       1       0       0       0       000010000D    113
     126       0       8       3       0                       1       0D    114
     126    1902       0       1       0       0       0       000010000D    115
     126       0       8       3       0                       1       0D    116
     126    1905       0       1       0       0       0       000010000D    117
     126       0       8       3       0                       1       0D    118
     126    1908       0       1       0       0       0       000010000D    119
     126       0       8      43       0                       1       0D    120
     126    1951       0       1       0       0       0       000010000D    121
     126       0       8       4       0                       1       0D    122
     126    1955       0       1       0       0       0       000010000D    123
     126       0       8      44       0                       1       0D    124
     126    1999       0       1       0       0       0       000010000D    125
     126       0       8       4       0                       1       0D    126
     126    2003       0       1       0       0       0       000010000D    127
     126       0       8       7       0                       1       0D    128
     126    2010       0       1       0       0       0       000010000D    129
     126       0       8       4       0                       1       0D    130
     126    2014       0       1       0       0       0       000010000D    131
     126       0       8       3       0                       1       0D    132
     126    2017       0       1       0       0       0       000010000D    133
     126       0       8      16       0                       1       0D    134
     126    2033       0       1       0       0       0       000010000D    135
     126       0       8       4       0                       1       0D    136
     126    2037       0       1       0       0       0       000010000D    137
     126       0       8       4       0                       1       0D    138
     126    2041       0       1       0       0       0       000010000D    139
     126       0       8       3       0                       1       0D    140
     126    2044       0       1       0       0       0       000010000D    141
     126       0       8       3       0                       1       0D    142
     126    2047       0       1       0       0       0       000010000D    143
     126       0       8      26       0                       1       0D    144
     126    2073       0       1       0       0       0       000010000D    145
     126       0       8      24       0                       1       0D    146
     126    2097       0       1       0       0       0       000010000D    147
     126       0       8      27       0                       1       0D    148
     126    2124       0       1       0       0       0       000010000D    149
     126       0       8       4       0                       1       0D    150
     126    2128       0       1       0       0       0       000010000D    151
     126       0       8       4       0                       1       0D    152
     126    2132       0       1       0       0       0       000010000D    153
     126       0       8       4       0                       1       0D    154
     126    2136       0       1       0       0       0       000010000D    155
     126       0       8      21       0                       1       0D    156
     126    2157       0       1       0       0       0       000010000D    157
     126       0       8       3       0                       1       0D    158
     126    2160       0       1       0       0       0       000010000D    159
     126       0       8       4       0                       1       0D    160
     126    2164       0       1       0       0       0       000010000D    161
     126       0       8      21       0                       1       0D    162
     126    2185       0       1       0       0       0       000010000D    163
     126       0       8       4       0                       1       0D    164
     126    2189       0       1       0       0       0       000010000D    165
     126       0       8       4       0                       1       0D    166
     126    2193       0       1       0       0       0       000010000D    167
     126       0       8      35       0                       1       0D    168
     126    2228       0       1       0       0       0       000010000D    169
     126       0       8      22       0                       1       0D    170
     126    2250       0       1       0       0       0       000010000D    171
     126       0       8      40       0                       1       0D    172
     126    2290       0       1       0       0       0       000010000D    173
     126       0       8      22       0                       1       0D    174
     126    2312       0       1       0       0       0       000010000D    175
     126       0       8      38       0                       1       0D    176
     126    2350       0       1       0       0       0       000010000D    177
     126       0       8      21       0                       1       0D    178
     126    2371       0       1       0       0       0       000010000D    179
     126       0       8       3       0                       1       0D    180
     514    2374       0       1       0       0       0       000010000D    181
     514       0       8       4       1                       1       0D    182
     510    2378       0       1       0       0       0       000010000D    183
     510       0       8       1       1                       1       0D    184
     128    2379       0       1       0       0       0       001010000D    185
     128       0       8      77       0                       1       0D    186
     508    2456       0       1       0       0       0       000010000D    187
     508       0       8       2       1                       1       0D    188
     126    2458       0       1       0       0       0       000010000D    189
     126       0       8       2       0                       1       0D    190
     126    2460       0       1       0       0       0       000010000D    191
     126       0       8       2       0                       1       0D    192
     126    2462       0       1       0       0       0       000010000D    193
     126       0       8       2       0                       1       0D    194
     126    2464       0       1       0       0       0       000010000D    195
     126       0       8       2       0                       1       0D    196
     126    2466       0       1       0       0       0       000010000D    197
     126       0       8       2       0                       1       0D    198
     126    2468       0       1       0       0       0       000010000D    199
     126       0       8       2       0                       1       0D    200
     510    2470       0       1       0       0       0       000010000D    201
     510       0       8       1       1                       1       0D    202
     128    2471       0       1       0       0       0       001010000D    203
     128       0       8      75       0                       1       0D    204
     508    2546       0       1       0       0       0       000010000D    205
     508       0       8       2       1                       1       0D    206
     126    2548       0       1       0       0       0       000010000D    207
     126       0       8       2       0                       1       0D    208
     126    2550       0       1       0       0       0       000010000D    209
     126       0       8       2       0                       1       0D    210
     126    2552       0       1       0       0       0       000010000D    211
     126       0       8       2       0                       1       0D    212
     126    2554       0       1       0       0       0       000010000D    213
     126       0       8       2       0                       1       0D    214
     126    2556       0       1       0       0       0       000010000D    215
     126       0       8       2       0                       1       0D    216
     126    2558       0       1       0       0       0       000010000D    217
     126       0       8       2       0                       1       0D    218
     510    2560       0       1       0       0       0       000010000D    219
     510       0       8       1       1                       1       0D    220
     128    2561       0       1       0       0       0       001010000D    221
     128       0       8      77       0                       1       0D    222
     508    2638       0       1       0       0       0       000010000D    223
     508       0       8       2       1                       1       0D    224
     126    2640       0       1       0       0       0       000010000D    225
     126       0       8       2       0                       1       0D    226
     126    2642       0       1       0       0       0       000010000D    227
     126       0       8       2       0                       1       0D    228
     126    2644       0       1       0       0       0       000010000D    229
     126       0       8       2       0                       1       0D    230
     126    2646       0       1       0       0       0       000010000D    231
     126       0       8       2       0                       1       0D    232
     126    2648       0       1       0       0       0       000010000D    233
     126       0       8       2       0                       1       0D    234
     126    2650       0       1       0       0       0       000010000D    235
     126       0       8       2       0                       1       0D    236
     510    2652       0       1       0       0       0       000010000D    237
     510       0       8       1       1                       1       0D    238
     128    2653       0       1       0       0       0       001010000D    239
     128       0       8      78       0                       1       0D    240
     508    2731       0       1       0       0       0       000010000D    241
     508       0       8       2       1                       1       0D    242
     126    2733       0       1       0       0       0       000010000D    243
     126       0       8       2       0                       1       0D    244
     126    2735       0       1       0       0       0       000010000D    245
     126       0       8       2       0                       1       0D    246
     126    2737       0       1       0       0       0       000010000D    247
     126       0       8       2       0                       1       0D    248
     126    2739       0       1       0       0       0       000010000D    249
     126       0       8       2       0                       1       0D    250
     126    2741       0       1       0       0       0       000010000D    251
     126       0       8       2       0                       1       0D    252
     126    2743       0       1       0       0       0       000010000D    253
     126       0       8       2       0                       1       0D    254
     126    2745       0       1       0       0       0       000010000D    255
     126       0       8       2       0                       1       0D    256
     510    2747       0       1       0       0       0       000010000D    257
     510       0       8       1       1                       1       0D    258
     128    2748       0       1       0       0       0       001010000D    259
     128       0       8      14       0                       1       0D    260
     508    2762       0       1       0       0       0       000010000D    261
     508       0       8       1       1                       1       0D    262
     126    2763       0       1       0       0       0       000010000D    263
     126       0       8     113       0                       1       0D    264
     126    2876       0       1       0       0       0       000010000D    265
     126       0       8     103       0                       1       0D    266
     510    2979       0       1       0       0       0       000010000D    267
     510       0       8       1       1                       1       0D    268
     128    2980       0       1       0       0       0       001010000D    269
     128       0       8      14       0                       1       0D    270
     508    2994       0       1       0       0       0       000010000D    271
     508       0       8       1       1                       1       0D    272
     126    2995       0       1       0       0       0       000010000D    273
     126       0       8     113       0                       1       0D    274
     126    3108       0       1       0       0       0       000010000D    275
     126       0       8     103       0                       1       0D    276
     510    3211       0       1       0       0       0       000010000D    277
     510       0       8       1       1                       1       0D    278
     128    3212       0       1       0       0       0       001010000D    279
     128       0       8      14       0                       1       0D    280
     508    3226       0       1       0       0       0       000010000D    281
     508       0       8       1       1                       1       0D    282
     126    3227       0       1       0       0       0       000010000D    283
     126       0       8     116       0                       1       0D    284
     126    3343       0       1       0       0       0       000010000D    285
     126       0       8     102       0                       1       0D    286
     510    3445       0       1       0       0       0       000010000D    287
     510       0       8       1       1                       1       0D    288
     128    3446       0       1       0       0       0       001010000D    289
     128       0       8      14       0                       1       0D    290
     508    3460       0       1       0       0       0       000010000D    291
     508       0       8       1       1                       1       0D    292
     126    3461       0       1       0       0       0       000010000D    293
     126       0       8     116       0                       1       0D    294
     126    3577       0       1       0       0       0       000010000D    295
     126       0       8     103       0                       1       0D    296
     510    3680       0       1       0       0       0       000010000D    297
     510       0       8       1       1                       1       0D    298
     128    3681       0       1       0       0       0       001010000D    299
     128       0       8      78       0                       1       0D    300
     508    3759       0       1       0       0       0       000010000D    301
     508       0       8       2       1                       1       0D    302
     126    3761       0       1       0       0       0       000010000D    303
     126       0       8       2       0                       1       0D    304
     126    3763       0       1       0       0       0       000010000D    305
     126       0       8       2       0                       1       0D    306
     126    3765       0       1       0       0       0       000010000D    307
     126       0       8       2       0                       1       0D    308
     126    3767       0       1       0       0       0       000010000D    309
     126       0       8       2       0                       1       0D    310
     126    3769       0       1       0       0       0       000010000D    311
     126       0       8       2       0                       1       0D    312
     126    3771       0       1       0       0       0       000010000D    313
     126       0       8       2       0                       1       0D    314
     126    3773       0       1       0       0       0       000010000D    315
     126       0       8       2       0                       1       0D    316
     510    3775       0       1       0       0       0       000010000D    317
     510       0       8       1       1                       1       0D    318
     128    3776       0       1       0       0       0       001010000D    319
     128       0       8      15       0                       1       0D    320
     508    3791       0       1       0       0       0       000010000D    321
     508       0       8       1       1                       1       0D    322
     126    3792       0       1       0       0       0       000010000D    323
     126       0       8     116       0                       1       0D    324
     126    3908       0       1       0       0       0       000010000D    325
     126       0       8     103       0                       1       0D    326
     510    4011       0       1       0       0       0       000010000D    327
     510       0       8       1       1                       1       0D    328
     128    4012       0       1       0       0       0       001010000D    329
     128       0       8      17       0                       1       0D    330
     508    4029       0       1       0       0       0       000010000D    331
     508       0       8       3       1                       1       0D    332
     126    4032       0       1       0       0       0       000010000D    333
     126       0       8      51       0                       1       0D    334
     126    4083       0       1       0       0       0       000010000D    335
     126       0       8      53       0                       1       0D    336
     126    4136       0       1       0       0       0       000010000D    337
     126       0       8       3       0                       1       0D    338
     126    4139       0       1       0       0       0       000010000D    339
     126       0       8      53       0                       1       0D    340
     126    4192       0       1       0       0       0       000010000D    341
     126       0       8      53       0                       1       0D    342
     126    4245       0       1       0       0       0       000010000D    343
     126       0       8       3       0                       1       0D    344
     126    4248       0       1       0       0       0       000010000D    345
     126       0       8       2       0                       1       0D    346
     126    4250       0       1       0       0       0       000010000D    347
     126       0       8       2       0                       1       0D    348
     126    4252       0       1       0       0       0       000010000D    349
     126       0       8       2       0                       1       0D    350
     126    4254       0       1       0       0       0       000010000D    351
     126       0       8      54       0                       1       0D    352
     126    4308       0       1       0       0       0       000010000D    353
     126       0       8       3       0                       1       0D    354
     510    4311       0       1       0       0       0       000010000D    355
     510       0       8       1       1                       1       0D    356
     128    4312       0       1       0       0       0       001010000D    357
     128       0       8      17       0                       1       0D    358
     508    4329       0       1       0       0       0       000010000D    359
     508       0       8       2       1                       1       0D    360
     126    4331       0       1       0       0       0       000010000D    361
     126       0       8       3       0                       1       0D    362
     126    4334       0       1       0       0       0       000010000D    363
     126       0       8       3       0                       1       0D    364
     126    4337       0       1       0       0       0       000010000D    365
     126       0       8       3       0                       1       0D    366
     126    4340       0       1       0       0       0       000010000D    367
     126       0       8       3       0                       1       0D    368
     508    4343       0       1       0       0       0       000010000D    369
     508       0       8       1       1                       1       0D    370
     126    4344       0       1       0       0       0       000010000D    371
     126       0       8      89       0                       1       0D    372
     126    4433       0       1       0       0       0       000010000D    373
     126       0       8      89       0                       1       0D    374
     510    4522       0       1       0       0       0       000010000D    375
     510       0       8       1       1                       1       0D    376
     128    4523       0       1       0       0       0       001010000D    377
     128       0       8       4       0                       1       0D    378
     508    4527       0       1       0       0       0       000010000D    379
     508       0       8       2       1                       1       0D    380
     126    4529       0       1       0       0       0       000010000D    381
     126       0       8       2       0                       1       0D    382
     126    4531       0       1       0       0       0       000010000D    383
     126       0       8       2       0                       1       0D    384
     126    4533       0       1       0       0       0       000010000D    385
     126       0       8       2       0                       1       0D    386
     126    4535       0       1       0       0       0       000010000D    387
     126       0       8       2       0                       1       0D    388
     510    4537       0       1       0       0       0       000010000D    389
     510       0       8       1       1                       1       0D    390
     128    4538       0       1       0       0       0       001010000D    391
     128       0       8      20       0                       1       0D    392
     508    4558       0       1       0       0       0       000010000D    393
     508       0       8       2       1                       1       0D    394
     126    4560       0       1       0       0       0       000010000D    395
     126       0       8       3       0                       1       0D    396
     126    4563       0       1       0       0       0       000010000D    397
     126       0       8       3       0                       1       0D    398
     126    4566       0       1       0       0       0       000010000D    399
     126       0       8       3       0                       1       0D    400
     126    4569       0       1       0       0       0       000010000D    401
     126       0       8       3       0                       1       0D    402
     510    4572       0       1       0       0       0       000010000D    403
     510       0       8       1       1                       1       0D    404
     128    4573       0       1       0       0       0       001010000D    405
     128       0       8      17       0                       1       0D    406
     508    4590       0       1       0       0       0       000010000D    407
     508       0       8       4       1                       1       0D    408
     126    4594       0       1       0       0       0       000010000D    409
     126       0       8      33       0                       1       0D    410
     126    4627       0       1       0       0       0       000010000D    411
     126       0       8      33       0                       1       0D    412
     126    4660       0       1       0       0       0       000010000D    413
     126       0       8       3       0                       1       0D    414
     126    4663       0       1       0       0       0       000010000D    415
     126       0       8      32       0                       1       0D    416
     126    4695       0       1       0       0       0       000010000D    417
     126       0       8      32       0                       1       0D    418
     126    4727       0       1       0       0       0       000010000D    419
     126       0       8       3       0                       1       0D    420
     126    4730       0       1       0       0       0       000010000D    421
     126       0       8      32       0                       1       0D    422
     126    4762       0       1       0       0       0       000010000D    423
     126       0       8       6       0                       1       0D    424
     126    4768       0       1       0       0       0       000010000D    425
     126       0       8       3       0                       1       0D    426
     126    4771       0       1       0       0       0       000010000D    427
     126       0       8       2       0                       1       0D    428
     126    4773       0       1       0       0       0       000010000D    429
     126       0       8       2       0                       1       0D    430
     126    4775       0       1       0       0       0       000010000D    431
     126       0       8       3       0                       1       0D    432
     510    4778       0       1       0       0       0       000010000D    433
     510       0       8       1       1                       1       0D    434
     128    4779       0       1       0       0       0       001010000D    435
     128       0       8      17       0                       1       0D    436
     508    4796       0       1       0       0       0       000010000D    437
     508       0       8       2       1                       1       0D    438
     126    4798       0       1       0       0       0       000010000D    439
     126       0       8      20       0                       1       0D    440
     126    4818       0       1       0       0       0       000010000D    441
     126       0       8       3       0                       1       0D    442
     126    4821       0       1       0       0       0       000010000D    443
     126       0       8       2       0                       1       0D    444
     126    4823       0       1       0       0       0       000010000D    445
     126       0       8       3       0                       1       0D    446
     510    4826       0       1       0       0       0       000010000D    447
     510       0       8       1       1                       1       0D    448
     128    4827       0       1       0       0       0       001010000D    449
     128       0       8       4       0                       1       0D    450
     508    4831       0       1       0       0       0       000010000D    451
     508       0       8       2       1                       1       0D    452
     126    4833       0       1       0       0       0       000010000D    453
     126       0       8       2       0                       1       0D    454
     126    4835       0       1       0       0       0       000010000D    455
     126       0       8       2       0                       1       0D    456
     126    4837       0       1       0       0       0       000010000D    457
     126       0       8       2       0                       1       0D    458
     126    4839       0       1       0       0       0       000010000D    459
     126       0       8       2       0                       1       0D    460
     510    4841       0       1       0       0       0       000010000D    461
     510       0       8       1       1                       1       0D    462
     128    4842       0       1       0       0       0       001010000D    463
     128       0       8       4       0                       1       0D    464
     508    4846       0       1       0       0       0       000010000D    465
     508       0       8       2       1                       1       0D    466
     126    4848       0       1       0       0       0       000010000D    467
     126       0       8       2       0                       1       0D    468
     126    4850       0       1       0       0       0       000010000D    469
     126       0       8       2       0                       1       0D    470
     126    4852       0       1       0       0       0       000010000D    471
     126       0       8       2       0                       1       0D    472
     126    4854       0       1       0       0       0       000010000D    473
     126       0       8       2       0                       1       0D    474
     510    4856       0       1       0       0       0       000010000D    475
     510       0       8       1       1                       1       0D    476
     128    4857       0       1       0       0       0       001010000D    477
     128       0       8       4       0                       1       0D    478
     508    4861       0       1       0       0       0       000010000D    479
     508       0       8       2       1                       1       0D    480
     126    4863       0       1       0       0       0       000010000D    481
     126       0       8       2       0                       1       0D    482
     126    4865       0       1       0       0       0       000010000D    483
     126       0       8       2       0                       1       0D    484
     126    4867       0       1       0       0       0       000010000D    485
     126       0       8       2       0                       1       0D    486
     126    4869       0       1       0       0       0       000010000D    487
     126       0       8       2       0                       1       0D    488
     510    4871       0       1       0       0       0       000010000D    489
     510       0       8       1       1                       1       0D    490
     128    4872       0       1       0       0       0       001010000D    491
     128       0       8      17       0                       1       0D    492
     508    4889       0       1       0       0       0       000010000D    493
     508       0       8       2       1                       1       0D    494
     126    4891       0       1       0       0       0       000010000D    495
     126       0       8      21       0                       1       0D    496
     126    4912       0       1       0       0       0       000010000D    497
     126       0       8       3       0                       1       0D    498
     126    4915       0       1       0       0       0       000010000D    499
     126       0       8      22       0                       1       0D    500
     126    4937       0       1       0       0       0       000010000D    501
     126       0       8       3       0                       1       0D    502
     510    4940       0       1       0       0       0       000010000D    503
     510       0       8       1       1                       1       0D    504
     128    4941       0       1       0       0       0       001010000D    505
     128       0       8      17       0                       1       0D    506
     508    4958       0       1       0       0       0       000010000D    507
     508       0       8       2       1                       1       0D    508
     126    4960       0       1       0       0       0       000010000D    509
     126       0       8      20       0                       1       0D    510
     126    4980       0       1       0       0       0       000010000D    511
     126       0       8       3       0                       1       0D    512
     126    4983       0       1       0       0       0       000010000D    513
     126       0       8      20       0                       1       0D    514
     126    5003       0       1       0       0       0       000010000D    515
     126       0       8       3       0                       1       0D    516
     510    5006       0       1       0       0       0       000010000D    517
     510       0       8       1       1                       1       0D    518
     128    5007       0       1       0       0       0       001010000D    519
     128       0       8      17       0                       1       0D    520
     508    5024       0       1       0       0       0       000010000D    521
     508       0       8       2       1                       1       0D    522
     126    5026       0       1       0       0       0       000010000D    523
     126       0       8      20       0                       1       0D    524
     126    5046       0       1       0       0       0       000010000D    525
     126       0       8       3       0                       1       0D    526
     126    5049       0       1       0       0       0       000010000D    527
     126       0       8       8       0                       1       0D    528
     126    5057       0       1       0       0       0       000010000D    529
     126       0       8       3       0                       1       0D    530
     126    5060       0       1       0       0       0       000010000D    531
     126       0       8      14       0                       1       0D    532
     126    5074       0       1       0       0       0       000010000D    533
     126       0       8       3       0                       1       0D    534
     510    5077       0       1       0       0       0       000010000D    535
     510       0       8       1       1                       1       0D    536
     128    5078       0       1       0       0       0       001010000D    537
     128       0       8      17       0                       1       0D    538
     508    5095       0       1       0       0       0       000010000D    539
     508       0       8       2       1                       1       0D    540
     126    5097       0       1       0       0       0       000010000D    541
     126       0       8      18       0                       1       0D    542
     126    5115       0       1       0       0       0       000010000D    543
     126       0       8       3       0                       1       0D    544
     126    5118       0       1       0       0       0       000010000D    545
     126       0       8      19       0                       1       0D    546
     126    5137       0       1       0       0       0       000010000D    547
     126       0       8       3       0                       1       0D    548
     510    5140       0       1       0       0       0       000010000D    549
     510       0       8       1       1                       1       0D    550
     128    5141       0       1       0       0       0       001010000D    551
     128       0       8      17       0                       1       0D    552
     508    5158       0       1       0       0       0       000010000D    553
     508       0       8       2       1                       1       0D    554
     126    5160       0       1       0       0       0       000010000D    555
     126       0       8      21       0                       1       0D    556
     126    5181       0       1       0       0       0       000010000D    557
     126       0       8       2       0                       1       0D    558
     126    5183       0       1       0       0       0       000010000D    559
     126       0       8       2       0                       1       0D    560
     126    5185       0       1       0       0       0       000010000D    561
     126       0       8       2       0                       1       0D    562
     510    5187       0       1       0       0       0       000010000D    563
     510       0       8       1       1                       1       0D    564
     128    5188       0       1       0       0       0       001010000D    565
     128       0       8      77       0                       1       0D    566
     508    5265       0       1       0       0       0       000010000D    567
     508       0       8       2       1                       1       0D    568
     126    5267       0       1       0       0       0       000010000D    569
     126       0       8       2       0                       1       0D    570
     126    5269       0       1       0       0       0       000010000D    571
     126       0       8       2       0                       1       0D    572
     126    5271       0       1       0       0       0       000010000D    573
     126       0       8       2       0                       1       0D    574
     126    5273       0       1       0       0       0       000010000D    575
     126       0       8       2       0                       1       0D    576
     126    5275       0       1       0       0       0       000010000D    577
     126       0       8       2       0                       1       0D    578
     126    5277       0       1       0       0       0       000010000D    579
     126       0       8       2       0                       1       0D    580
     510    5279       0       1       0       0       0       000010000D    581
     510       0       8       1       1                       1       0D    582
     128    5280       0       1       0       0       0       001010000D    583
     128       0       8      74       0                       1       0D    584
     508    5354       0       1       0       0       0       000010000D    585
     508       0       8       2       1                       1       0D    586
     126    5356       0       1       0       0       0       000010000D    587
     126       0       8       2       0                       1       0D    588
     126    5358       0       1       0       0       0       000010000D    589
     126       0       8       2       0                       1       0D    590
     126    5360       0       1       0       0       0       000010000D    591
     126       0       8       2       0                       1       0D    592
     126    5362       0       1       0       0       0       000010000D    593
     126       0       8       2       0                       1       0D    594
     126    5364       0       1       0       0       0       000010000D    595
     126       0       8       2       0                       1       0D    596
     126    5366       0       1       0       0       0       000010000D    597
     126       0       8       2       0                       1       0D    598
     510    5368       0       1       0       0       0       000010000D    599
     510       0       8       1       1                       1       0D    600
     128    5369       0       1       0       0       0       001010000D    601
     128       0       8      77       0                       1       0D    602
     508    5446       0       1       0       0       0       000010000D    603
     508       0       8       2       1                       1       0D    604
     126    5448       0       1       0       0       0       000010000D    605
     126       0       8       2       0                       1       0D    606
     126    5450       0       1       0       0       0       000010000D    607
     126       0       8       2       0                       1       0D    608
     126    5452       0       1       0       0       0       000010000D    609
     126       0       8       2       0                       1       0D    610
     126    5454       0       1       0       0       0       000010000D    611
     126       0       8       2       0                       1       0D    612
     126    5456       0       1       0       0       0       000010000D    613
     126       0       8       2       0                       1       0D    614
     126    5458       0       1       0       0       0       000010000D    615
     126       0       8       2       0                       1       0D    616
     510    5460       0       1       0       0       0       000010000D    617
     510       0       8       1       1                       1       0D    618
     128    5461       0       1       0       0       0       001010000D    619
     128       0       8      77       0                       1       0D    620
     508    5538       0       1       0       0       0       000010000D    621
     508       0       8       2       1                       1       0D    622
     126    5540       0       1       0       0       0       000010000D    623
     126       0       8       2       0                       1       0D    624
     126    5542       0       1       0       0       0       000010000D    625
     126       0       8       2       0                       1       0D    626
     126    5544       0       1       0       0       0       000010000D    627
     126       0       8       2       0                       1       0D    628
     126    5546       0       1       0       0       0       000010000D    629
     126       0       8       2       0                       1       0D    630
     126    5548       0       1       0       0       0       000010000D    631
     126       0       8       2       0                       1       0D    632
     126    5550       0       1       0       0       0       000010000D    633
     126       0       8       2       0                       1       0D    634
     510    5552       0       1       0       0       0       000010000D    635
     510       0       8       1       1                       1       0D    636
     128    5553       0       1       0       0       0       001010000D    637
     128       0       8      78       0                       1       0D    638
     508    5631       0       1       0       0       0       000010000D    639
     508       0       8       2       1                       1       0D    640
     126    5633       0       1       0       0       0       000010000D    641
     126       0       8       2       0                       1       0D    642
     126    5635       0       1       0       0       0       000010000D    643
     126       0       8       2       0                       1       0D    644
     126    5637       0       1       0       0       0       000010000D    645
     126       0       8       2       0                       1       0D    646
     126    5639       0       1       0       0       0       000010000D    647
     126       0       8       2       0                       1       0D    648
     126    5641       0       1       0       0       0       000010000D    649
     126       0       8       2       0                       1       0D    650
     126    5643       0       1       0       0       0       000010000D    651
     126       0       8       2       0                       1       0D    652
     126    5645       0       1       0       0       0       000010000D    653
     126       0       8       2       0                       1       0D    654
     510    5647       0       1       0       0       0       000010000D    655
     510       0       8       1       1                       1       0D    656
     128    5648       0       1       0       0       0       001010000D    657
     128       0       8      17       0                       1       0D    658
     508    5665       0       1       0       0       0       000010000D    659
     508       0       8       4       1                       1       0D    660
     126    5669       0       1       0       0       0       000010000D    661
     126       0       8      50       0                       1       0D    662
     126    5719       0       1       0       0       0       000010000D    663
     126       0       8      53       0                       1       0D    664
     126    5772       0       1       0       0       0       000010000D    665
     126       0       8       3       0                       1       0D    666
     126    5775       0       1       0       0       0       000010000D    667
     126       0       8      53       0                       1       0D    668
     126    5828       0       1       0       0       0       000010000D    669
     126       0       8      56       0                       1       0D    670
     126    5884       0       1       0       0       0       000010000D    671
     126       0       8       3       0                       1       0D    672
     126    5887       0       1       0       0       0       000010000D    673
     126       0       8      52       0                       1       0D    674
     126    5939       0       1       0       0       0       000010000D    675
     126       0       8       4       0                       1       0D    676
     126    5943       0       1       0       0       0       000010000D    677
     126       0       8       3       0                       1       0D    678
     126    5946       0       1       0       0       0       000010000D    679
     126       0       8       2       0                       1       0D    680
     126    5948       0       1       0       0       0       000010000D    681
     126       0       8       2       0                       1       0D    682
     126    5950       0       1       0       0       0       000010000D    683
     126       0       8       2       0                       1       0D    684
     510    5952       0       1       0       0       0       000010000D    685
     510       0       8       1       1                       1       0D    686
     128    5953       0       1       0       0       0       001010000D    687
     128       0       8      17       0                       1       0D    688
     508    5970       0       1       0       0       0       000010000D    689
     508       0       8       4       1                       1       0D    690
     126    5974       0       1       0       0       0       000010000D    691
     126       0       8      29       0                       1       0D    692
     126    6003       0       1       0       0       0       000010000D    693
     126       0       8       3       0                       1       0D    694
     126    6006       0       1       0       0       0       000010000D    695
     126       0       8      31       0                       1       0D    696
     126    6037       0       1       0       0       0       000010000D    697
     126       0       8      36       0                       1       0D    698
     126    6073       0       1       0       0       0       000010000D    699
     126       0       8       3       0                       1       0D    700
     126    6076       0       1       0       0       0       000010000D    701
     126       0       8      31       0                       1       0D    702
     126    6107       0       1       0       0       0       000010000D    703
     126       0       8      32       0                       1       0D    704
     126    6139       0       1       0       0       0       000010000D    705
     126       0       8       2       0                       1       0D    706
     126    6141       0       1       0       0       0       000010000D    707
     126       0       8       2       0                       1       0D    708
     126    6143       0       1       0       0       0       000010000D    709
     126       0       8       2       0                       1       0D    710
     126    6145       0       1       0       0       0       000010000D    711
     126       0       8       3       0                       1       0D    712
     126    6148       0       1       0       0       0       000000000D    713
     126       0       3       2       0                       7       0D    714
186,181,1,0;                                                           1P      1
502,56,3.52504,13.64731,-28.5536,2.677198,24.21286,-28.55731,          3P      2
-11.23412,32.36801,-9.036558,-10.42896,31.06821,-11.74937,             3P      3
-2.142312,8.545133,-26.10212,-0.9986264,6.226661,-26.28223,            3P      4
14.06867,0.8647495,-28.55361,23.85482,4.935932,-28.55732,              3P      5
27.31226,20.68655,-9.036558,26.32489,19.51914,-11.74937,               3P      6
7.464895,4.678056,-26.10212,5.613311,2.873893,-26.28223,               3P      7
5.169912,-13.11292,-28.55361,12.06595,-21.16207,-28.55732,             3P      8
28.11404,-19.58302,-9.036558,26.69865,-19.00472,-11.74937,             3P      9
6.755867,-5.653935,-26.10212,4.467847,-4.450498,-26.28223,             3P     10
-10.87358,-8.969033,-28.55361,-14.94527,-15.60041,-28.575,             3P     11
-16.39771,-18.0148,-28.55732,-9.936861,-32.78952,-9.036558,            3P     12
-9.824237,-31.26471,-11.74937,-3.289529,-8.17238,-26.10212,            3P     13
-2.852039,-5.624453,-26.28223,-11.89018,7.569804,-28.55361,            3P     14
-22.2003,10.02828,-28.55732,-34.27166,4.322646D-005,-8.986719,         3P     15
-34.25534,-0.6820154,-9.036558,-32.77035,-0.3179321,-11.74937,         3P     16
-8.788921,0.6031259,-26.10212,-6.230506,0.9743956,-26.28223,           3P     17
12.07557,21.15676,-28.575,24.36038,-1.449759D-015,-28.575,             3P     18
34.925,-7.333879D-029,0.,-34.925,-1.33912D-015,8.199473D-032,          3P     19
-16.38953,18.02251,-28.575,50.,-50.,0.,50.,50.,0.,-50.,50.,0.,         3P     20
-50.,-50.,0.,50.,50.,-40.,-50.,50.,-40.,50.,-50.,-40.,-50.,-50.,       3P     21
-40.,5.191334,13.10128,-28.575,-10.85543,8.986269,-28.575,             3P     22
-6.163597,-2.626481D-015,-26.24002,0.,-2.22481D-015,-25.4,             3P     23
14.09233,-1.449759D-015,-28.575,-22.20518,-10.01787,-28.575,           3P     24
-11.90095,-7.547243,-28.575,2.664795,-24.21418,-28.575,3.503682,       3P     25
-13.64982,-28.575,23.85295,-4.946166,-28.575,14.06447,                 3P     26
-0.8856265,-28.575;                                                    3P     27
504,87,7,3,6,3,1,9,3,1,3,2,11,3,2,3,3,13,3,3,3,4,15,3,4,3,5,17,        5P     28
3,5,3,6,19,3,12,3,7,21,3,7,3,8,23,3,8,3,9,25,3,9,3,10,27,3,10,3,       5P     29
11,29,3,11,3,12,31,3,18,3,13,33,3,13,3,14,35,3,14,3,15,37,3,15,        5P     30
3,16,39,3,16,3,17,41,3,17,3,18,43,3,25,3,19,45,3,19,3,20,47,3,         5P     31
20,3,21,49,3,21,3,22,51,3,22,3,23,53,3,23,3,24,55,3,24,3,25,57,        5P     32
3,4,3,5,59,3,10,3,11,61,3,16,3,17,63,3,23,3,24,65,3,32,3,26,67,        5P     33
3,26,3,27,69,3,27,3,28,71,3,28,3,29,73,3,29,3,30,75,3,30,3,31,         5P     34
77,3,31,3,32,79,3,30,3,31,81,3,37,3,3,83,3,2,3,33,85,3,33,3,9,         5P     35
87,3,8,3,34,89,3,34,3,35,91,3,35,3,36,93,3,36,3,28,95,3,27,3,37,       5P     36
97,3,41,3,38,99,3,38,3,39,101,3,39,3,40,103,3,40,3,41,105,3,35,        5P     37
3,36,107,3,43,3,40,109,3,39,3,42,111,3,42,3,43,113,3,42,3,44,          5P     38
115,3,44,3,45,117,3,45,3,43,119,3,12,3,46,121,3,46,3,1,123,3,6,        5P     39
3,47,125,3,47,3,26,127,3,32,3,48,129,3,48,3,49,131,3,49,3,49,          5P     40
133,3,49,3,50,135,3,50,3,7,137,3,50,3,34,139,3,38,3,44,141,3,41,       5P     41
3,45,143,3,46,3,33,145,3,47,3,37,147,3,52,3,51,149,3,51,3,21,          5P     42
151,3,20,3,20,153,3,19,3,52,155,3,54,3,53,157,3,53,3,14,159,3,         5P     43
13,3,54,161,3,56,3,55,163,3,55,3,34,165,3,50,3,56,167,3,15,3,55,       5P     44
169,3,56,3,18,171,3,22,3,53,173,3,54,3,25,175,3,29,3,51,177,3,         5P     45
52,3,48,179,3,49,3,49;                                                 5P     46
126,21,3,0,0,1,0,0.,0.,0.,0.,1.,1.,2.042024064,2.042024064,            7P     47
2.632908259,2.632908259,3.177050521,3.177050521,3.513846437,           7P     48
3.513846437,3.918509826,3.918509826,4.142073475,4.142073475,           7P     49
4.447742616,4.447742616,4.695249753,4.695249753,4.873176462,           7P     50
4.873176462,4.873176462,4.873176462,1.,1.,1.,1.,1.,1.,1.,1.,1.,        7P     51
1.,1.,1.,1.,1.,1.,1.,1.,1.,1.,1.,1.,1.,-0.9986264,6.226661,            7P     52
-26.28223,-0.4254218,6.513514,-26.32863,0.1007419,6.882265,            7P     53
-26.42028,1.051228,7.747569,-26.68024,1.469456,8.248378,               7P     54
-26.85174,2.031899,9.075453,-27.16357,2.218777,9.383696,               7P     55
-27.28489,2.540186,9.987805,-27.53469,2.676175,10.28487,               7P     56
-27.66056,2.863224,10.77305,-27.87609,2.928406,10.96192,               7P     57
-27.95912,3.063674,11.38786,-28.12309,3.130967,11.62501,               7P     58
-28.20565,3.226153,11.99978,-28.32046,3.258364,12.135,-28.3565,        7P     59
3.330494,12.45886,-28.42978,3.369273,12.64859,-28.46274,               7P     60
3.433233,12.99504,-28.50757,3.46116,13.15101,-28.52076,3.500385,       7P     61
13.42057,-28.5404,3.514032,13.53378,-28.54766,3.52504,13.64731,        7P     62
-28.5536,0.,4.873176462,0.,0.,0.;                                      7P     63
126,23,3,0,0,1,0,0.,0.,0.,0.,1.,1.,3.506413411,3.506413411,            9P     64
5.698368154,5.698368154,6.524748643,6.524748643,8.040815732,           9P     65
8.040815732,9.202010163,9.202010163,10.43909041,10.43909041,           9P     66
12.27385133,12.27385133,13.37919287,13.37919287,13.97492826,           9P     67
13.97492826,14.93528982,14.93528982,14.93528982,14.93528982,1.,        9P     68
1.,1.,1.,1.,1.,1.,1.,1.,1.,1.,1.,1.,1.,1.,1.,1.,1.,1.,1.,1.,1.,        9P     69
1.,1.,3.52504,13.64731,-28.5536,3.547397,13.88271,-28.56551,           9P     70
3.559128,14.11952,-28.57404,3.545287,14.94991,-28.57586,               9P     71
3.499867,15.54211,-28.57458,3.409289,16.65084,-28.57522,               9P     72
3.387324,17.16979,-28.57487,3.316189,17.88105,-28.57505,               9P     73
3.295371,18.07561,-28.57498,3.22837,18.62625,-28.57502,3.190554,       9P     74
18.98337,-28.57499,3.142369,19.61556,-28.57501,3.122425,               9P     75
19.88981,-28.575,3.058239,20.45427,-28.575,3.013291,20.7437,           9P     76
-28.575,2.906826,21.46341,-28.57501,2.867669,21.89638,-28.57499,       9P     77
2.808339,22.58994,-28.57502,2.781905,22.85041,-28.57495,               9P     78
2.741417,23.25112,-28.57505,2.726292,23.3914,-28.57516,2.695934,       9P     79
23.7586,-28.57132,2.683,23.98568,-28.56604,2.677198,24.21286,          9P     80
-28.55731,0.,14.93528982,0.,0.,0.;                                     9P     81
126,47,3,0,0,1,0,0.,0.,0.,0.,1.,1.,4.899245376,4.899245376,           11P     82
8.9962116,8.9962116,13.02522686,13.02522686,17.87371851,              11P     83
17.87371851,22.32620723,22.32620723,24.11720485,24.11720485,          11P     84
25.47794949,25.47794949,27.96988061,27.96988061,32.51941558,          11P     85
32.51941558,42.91007325,42.91007325,49.8330623,49.8330623,            11P     86
58.54795679,58.54795679,66.84956648,66.84956648,71.04457619,          11P     87
71.04457619,75.08338017,75.08338017,82.86641548,82.86641548,          11P     88
89.11090354,89.11090354,95.27126057,95.27126057,97.89076971,          11P     89
97.89076971,100.8581522,100.8581522,103.0699935,103.0699935,          11P     90
105.6591008,105.6591008,105.6591008,105.6591008,1.,1.,1.,1.,1.,       11P     91
1.,1.,1.,1.,1.,1.,1.,1.,1.,1.,1.,1.,1.,1.,1.,1.,1.,1.,1.,1.,1.,       11P     92
1.,1.,1.,1.,1.,1.,1.,1.,1.,1.,1.,1.,1.,1.,1.,1.,1.,1.,1.,1.,1.,       11P     93
1.,2.677198,24.21286,-28.55731,2.67484,24.30785,-28.55372,            11P     94
2.673374,24.40276,-28.5494,2.673747,24.8681,-28.52591,2.675673,       11P     95
25.236,-28.47034,2.686576,25.97736,-28.30299,2.688961,26.35043,       11P     96
-28.18548,2.678946,27.06157,-27.88356,2.668856,27.40085,              11P     97
-27.70269,2.633745,28.10647,-27.2408,2.606936,28.46416,-26.9469,      11P     98
2.541063,29.08194,-26.31758,2.504157,29.34745,-25.98721,              11P     99
2.446736,29.67048,-25.49251,2.432015,29.75691,-25.34631,              11P    100
2.392038,29.90136,-25.08681,2.369975,29.96115,-24.9741,2.296198,      11P    101
30.12265,-24.65369,2.234136,30.21789,-24.44517,2.023573,              11P    102
30.46077,-23.85795,1.87282,30.61159,-23.4812,1.323857,31.08237,       11P    103
-22.25863,0.951097,31.38768,-21.39582,0.3317294,31.85751,             11P    104
-19.94486,0.08244757,32.03524,-19.36208,-0.4969929,32.41082,          11P    105
-18.04536,-0.8529553,32.5995,-17.32014,-1.614601,32.92217,            11P    106
-15.92969,-2.014203,33.05996,-15.26164,-2.67893,33.22655,             11P    107
-14.29066,-2.91149,33.2762,-13.97028,-3.382317,33.3606,               11P    108
-13.35047,-3.619577,33.39629,-13.05009,-4.353058,33.47666,            11P    109
-12.20201,-4.87785,33.50072,-11.67647,-5.890563,33.48571,             11P    110
-10.80839,-6.365162,33.45829,-10.4485,-7.363581,33.35059,             11P    111
-9.828587,-7.886767,33.27071,-9.567925,-8.662443,33.11306,            11P    112
-9.299124,-8.894736,33.06385,-9.223705,-9.396459,32.94689,            11P    113
-9.091216,-9.666388,32.87454,-9.046012,-10.13734,32.73982,            11P    114
-8.992317,-10.3388,32.67856,-8.979595,-10.77209,32.53362,             11P    115
-8.991447,-11.00386,32.45179,-9.010377,-11.23412,32.36801,            11P    116
-9.036558,0.,105.6591008,0.,0.,0.;                                    11P    117
126,5,3,1,0,1,0,0.,0.,0.,0.,1.,1.,2.085272169,2.085272169,            13P    118
2.085272169,2.085272169,1.,1.,1.,1.,1.,1.,-11.23412,32.36801,         13P    119
-9.036558,-11.15625,32.32331,-9.537692,-11.04914,32.19374,            13P    120
-10.02637,-10.77859,31.76399,-10.95861,-10.61118,31.45014,            13P    121
-11.39414,-10.42896,31.06821,-11.74937,0.,2.085272169,                13P    122
-0.9338555,-0.3386965,-0.1148853;                                     13P    123
126,95,3,0,0,1,0,0.,0.,0.,0.,1.,1.,1.761008358,1.761008358,           15P    124
2.732756454,2.732756454,3.958256463,3.958256463,5.11289564,           15P    125
5.11289564,6.617215877,6.617215877,7.662856993,7.662856993,           15P    126
10.26488864,10.26488864,12.91944865,12.91944865,16.08277861,          15P    127
16.08277861,19.67553026,19.67553026,24.39899672,24.39899672,          15P    128
28.48398258,28.48398258,32.44244726,32.44244726,37.04044337,          15P    129
37.04044337,39.4370121,39.4370121,42.28652101,42.28652101,            15P    130
45.68970257,45.68970257,48.15265654,48.15265654,55.27123788,          15P    131
55.27123788,61.79725539,61.79725539,65.28982145,65.28982145,          15P    132
66.14752398,66.14752398,66.9638588,66.9638588,67.67948922,            15P    133
67.67948922,68.56750815,68.56750815,70.56822962,70.56822962,          15P    134
72.67515274,72.67515274,75.19955491,75.19955491,78.3727899,           15P    135
78.3727899,80.28320939,80.28320939,83.90002289,83.90002289,           15P    136
89.74769889,89.74769889,94.27394078,94.27394078,97.2163617,           15P    137
97.2163617,99.79311603,99.79311603,103.8269865,103.8269865,           15P    138
112.6570149,112.6570149,115.7572985,115.7572985,117.5462457,          15P    139
117.5462457,119.1562067,119.1562067,122.8975785,122.8975785,          15P    140
125.5513609,125.5513609,128.7305438,128.7305438,131.2976891,          15P    141
131.2976891,133.8768239,133.8768239,137.9364792,137.9364792,          15P    142
137.9364792,137.9364792,1.,1.,1.,1.,1.,1.,1.,1.,1.,1.,1.,1.,1.,       15P    143
1.,1.,1.,1.,1.,1.,1.,1.,1.,1.,1.,1.,1.,1.,1.,1.,1.,1.,1.,1.,1.,       15P    144
1.,1.,1.,1.,1.,1.,1.,1.,1.,1.,1.,1.,1.,1.,1.,1.,1.,1.,1.,1.,1.,       15P    145
1.,1.,1.,1.,1.,1.,1.,1.,1.,1.,1.,1.,1.,1.,1.,1.,1.,1.,1.,1.,1.,       15P    146
1.,1.,1.,1.,1.,1.,1.,1.,1.,1.,1.,1.,1.,1.,1.,1.,1.,1.,1.,1.,          15P    147
-10.42896,31.06821,-11.74937,-10.35169,31.10323,-11.73408,            15P    148
-10.27319,31.1372,-11.72101,-10.13192,31.19137,-11.70807,             15P    149
-10.06987,31.21361,-11.70477,-9.926238,31.25455,-11.71318,            15P    150
-9.844834,31.27171,-11.72721,-9.66266,31.305,-11.76706,               15P    151
-9.561436,31.31842,-11.79714,-9.371692,31.33027,-11.87489,            15P    152
-9.282063,31.3313,-11.91883,-9.078953,31.32946,-12.02534,             15P    153
-8.966333,31.32467,-12.09026,-8.783833,31.30535,-12.21169,            15P    154
-8.710575,31.29547,-12.26347,-8.462913,31.25214,-12.45297,            15P    155
-8.297688,31.20887,-12.59962,-7.981601,31.10477,-12.90774,            15P    156
-7.832536,31.04256,-13.07053,-7.515661,30.90093,-13.43295,            15P    157
-7.352493,30.81832,-13.63575,-7.017945,30.63066,-14.07445,            15P    158
-6.850289,30.5233,-14.31217,-6.479614,30.26021,-14.86708,             15P    159
-6.284562,30.09568,-15.18499,-5.931817,29.78964,-15.78406,            15P    160
-5.774046,29.64572,-16.06445,-5.479175,29.34314,-16.61466,            15P    161
-5.340658,29.18803,-16.88547,-5.048931,28.85179,-17.47398,            15P    162
-4.897966,28.66708,-17.79085,-4.67749,28.37861,-18.27255,             15P    163
-4.604072,28.27636,-18.43661,-4.445081,28.05736,-18.79905,            15P    164
-4.362146,27.92809,-18.99154,-4.180124,27.66937,-19.42787,            15P    165
-4.078471,27.55105,-19.67851,-3.90247,27.39645,-20.12705,             15P    166
-3.828356,27.33393,-20.31609,-3.539925,27.08657,-21.0501,             15P    167
-3.323193,26.89553,-21.59198,-2.905963,26.53512,-22.63187,            15P    168
-2.704875,26.34333,-23.12178,-2.396811,26.03206,-23.86676,            15P    169
-2.288495,25.92336,-24.12611,-2.154453,25.77767,-24.44491,            15P    170
-2.128068,25.74783,-24.50729,-2.076806,25.68747,-24.62803,            15P    171
-2.051843,25.65716,-24.68657,-2.005766,25.59309,-24.79262,            15P    172
-1.984566,25.56071,-24.84068,-1.937222,25.48673,-24.94766,            15P    173
-1.91135,25.44422,-25.00562,-1.828532,25.29536,-25.18809,             15P    174
-1.777548,25.16495,-25.29185,-1.681127,24.88085,-25.47945,            15P    175
-1.63711,24.7221,-25.55833,-1.554365,24.35472,-25.6909,               15P    176
-1.521982,24.14046,-25.72657,-1.467958,23.65423,-25.75712,            15P    177
-1.443131,23.38197,-25.75814,-1.403147,22.94655,-25.76022,            15P    178
-1.388703,22.78273,-25.7591,-1.34447,22.3093,-25.76145,-1.31393,      15P    179
21.99962,-25.76505,-1.229046,21.19001,-25.78406,-1.177799,            15P    180
20.68954,-25.78875,-1.085956,19.80179,-25.79203,-1.042975,            15P    181
19.41477,-25.79816,-0.9691958,18.77663,-25.81159,-0.938993,           15P    182
18.52533,-25.81849,-0.8801399,18.05451,-25.83538,-0.8528963,          15P    183
17.83442,-25.84124,-0.7751432,17.27225,-25.8779,-0.7202363,           15P    184
16.93118,-25.92061,-0.5156482,15.86596,-26.14167,-0.3879018,          15P    185
15.13035,-26.28293,-0.2233518,14.13587,-26.47748,-0.1811145,          15P    186
13.87736,-26.52809,-0.1222053,13.46648,-26.59714,-0.1043835,          15P    187
13.31511,-26.61919,-0.08769848,13.02286,-26.63396,-0.1029391,         15P    188
12.88505,-26.61678,-0.1568626,12.43232,-26.56256,-0.2053587,          15P    189
12.11754,-26.51533,-0.3235792,11.58655,-26.44144,-0.3795967,          15P    190
11.36786,-26.40883,-0.5241901,10.89256,-26.34584,-0.612293,           15P    191
10.63568,-26.31454,-0.8018748,10.18313,-26.26181,-0.8988049,          15P    192
9.986048,-26.23901,-1.115368,9.603172,-26.19661,-1.238981,            15P    193
9.419561,-26.17723,-1.589457,8.972209,-26.13465,-1.844972,            15P    194
8.728159,-26.11458,-2.142312,8.545133,-26.10212,0.,137.9364792,       15P    195
0.,0.,0.;                                                             15P    196
126,3,3,1,0,1,0,0.,0.,0.,0.,1.,1.,1.,1.,1.,1.,1.,1.,-2.142312,        17P    197
8.545133,-26.10212,-1.797059,7.802131,-26.4141,-1.393759,             17P    198
6.984443,-26.47834,-0.9986264,6.226661,-26.28223,0.,1.,               17P    199
-0.8920097,-0.4458176,0.07460172;                                     17P    200
126,25,3,0,0,1,0,0.,0.,0.,0.,1.,1.,1.593871176,1.593871176,           19P    201
2.562994404,2.562994404,3.577816848,3.577816848,4.7272557,            19P    202
4.7272557,5.545252294,5.545252294,6.50456504,6.50456504,              19P    203
7.253198428,7.253198428,7.666968741,7.666968741,8.232706488,          19P    204
8.232706488,8.69080442,8.69080442,9.020125009,9.020125009,            19P    205
9.020125009,9.020125009,1.,1.,1.,1.,1.,1.,1.,1.,1.,1.,1.,1.,1.,       19P    206
1.,1.,1.,1.,1.,1.,1.,1.,1.,1.,1.,1.,1.,5.613311,2.873893,             19P    207
-26.28223,5.85669,2.628044,-26.30762,6.117601,2.400729,               19P    208
-26.34535,6.556727,2.074385,-26.42519,6.725368,1.960718,              19P    209
-26.4592,7.178163,1.679294,-26.55781,7.469477,1.525579,               19P    210
-26.62929,8.079378,1.252831,-26.79403,8.397195,1.131538,              19P    211
-26.88723,9.083292,0.9176452,-27.10423,9.451094,0.824586,             19P    212
-27.22902,10.0822,0.7030176,-27.45853,10.345,0.6646253,               19P    213
-27.55917,10.91641,0.6107641,-27.78442,11.22125,0.6016894,            19P    214
-27.91898,11.77739,0.6052846,-28.12324,12.02368,0.6146275,            19P    215
-28.20564,12.40938,0.6398756,-28.32048,12.54795,0.6510438,            19P    216
-28.35648,12.87824,0.6825158,-28.42979,13.07068,0.704273,             19P    217
-28.46274,13.41994,0.7504986,-28.50757,13.57691,0.7721361,            19P    218
-28.52076,13.8454,0.8181284,-28.5404,13.95729,0.8401353,              19P    219
-28.54766,14.06867,0.8647495,-28.55361,0.,9.020125009,0.,0.,0.;       19P    220
126,23,3,0,0,1,0,0.,0.,0.,0.,1.,1.,3.506436702,3.506436702,           21P    221
5.698397105,5.698397105,6.524785105,6.524785105,8.040864479,          21P    222
8.040864479,9.202066274,9.202066274,10.43916602,10.43916602,          21P    223
12.27391123,12.27391123,13.38048287,13.38048287,13.97489317,          21P    224
13.97489317,14.93499385,14.93499385,14.93499385,14.93499385,1.,       21P    225
1.,1.,1.,1.,1.,1.,1.,1.,1.,1.,1.,1.,1.,1.,1.,1.,1.,1.,1.,1.,1.,       21P    226
1.,1.,14.06867,0.8647495,-28.55361,14.29946,0.9162279,-28.56551,      21P    227
14.5283,0.9782486,-28.57404,15.31377,1.248016,-28.57586,              21P    228
15.86295,1.474205,-28.57458,16.88943,1.90296,-28.57522,17.37618,      21P    229
2.084223,-28.57487,18.03064,2.371671,-28.57505,18.20925,              21P    230
2.451594,-28.57498,18.71224,2.685474,-28.57502,19.04019,              21P    231
2.831796,-28.57499,19.62655,3.072979,-28.57501,19.8812,3.176696,      21P    232
-28.575,20.39822,3.412163,-28.575,20.65959,3.544357,-28.575,          21P    233
21.31118,3.867983,-28.57501,21.71083,4.039062,-28.57499,22.3524,      21P    234
4.30986,-28.57502,22.59215,4.41577,-28.57496,22.96083,4.577816,       21P    235
-28.57505,23.08919,4.635654,-28.57516,23.42874,4.777716,              21P    236
-28.57132,23.64061,4.860267,-28.56605,23.85482,4.935932,              21P    237
-28.55732,0.,14.93499385,0.,0.,0.;                                    21P    238
126,49,3,0,0,1,0,0.,0.,0.,0.,1.,1.,4.895374947,4.895374947,           23P    239
8.988276035,8.988276035,13.0133183,13.0133183,17.3004857,             23P    240
17.3004857,21.74994593,21.74994593,23.7610904,23.7610904,             23P    241
25.13834336,25.13834336,27.94369877,27.94369877,32.48922704,          23P    242
32.48922704,42.87078195,42.87078195,49.78767627,49.78767627,          23P    243
57.73038565,57.73038565,66.04936163,66.04936163,69.99217572,          23P    244
69.99217572,74.23143165,74.23143165,77.89087031,77.89087031,          23P    245
82.40989154,82.40989154,89.02756645,89.02756645,95.18458997,          23P    246
95.18458997,97.69817534,97.69817534,100.7666462,100.7666462,          23P    247
102.9765323,102.9765323,105.5633645,105.5633645,105.5633645,          23P    248
105.5633645,1.,1.,1.,1.,1.,1.,1.,1.,1.,1.,1.,1.,1.,1.,1.,1.,1.,       23P    249
1.,1.,1.,1.,1.,1.,1.,1.,1.,1.,1.,1.,1.,1.,1.,1.,1.,1.,1.,1.,1.,       23P    250
1.,1.,1.,1.,1.,1.,1.,1.,1.,1.,1.,1.,23.85482,4.935932,-28.55732,      23P    251
23.94453,4.967565,-28.55373,24.03442,4.998317,-28.54941,24.4772,      23P    252
5.141791,-28.52591,24.82768,5.253646,-28.47034,25.53613,              23P    253
5.472366,-28.30299,25.89168,5.585388,-28.18547,26.56492,5.81466,      23P    254
-27.88356,26.88445,5.929108,-27.70268,27.5033,6.164759,               23P    255
-27.26981,27.79991,6.285295,-27.01384,28.34814,6.525279,              23P    256
-26.43658,28.59729,6.644005,-26.11263,28.90969,6.806487,              23P    257
-25.6086,28.99998,6.854093,-25.44644,29.13933,6.937743,               23P    258
-25.16793,29.19185,6.976546,-25.05414,29.33959,7.102266,              23P    259
-24.70657,29.42187,7.200733,-24.47152,29.59523,7.488361,              23P    260
-23.85795,29.69211,7.678347,-23.4812,29.97017,8.345926,               23P    261
-22.25863,30.14539,8.794742,-21.3958,30.40076,9.529085,               23P    262
-19.94489,30.49288,9.820922,-19.36203,30.66205,10.45571,              23P    263
-18.10987,30.72824,10.81521,-17.44739,30.80666,11.59593,              23P    264
-16.11359,30.8203,12.015,-15.44069,30.78393,12.67854,-14.48121,       23P    265
30.76434,12.89839,-14.17764,30.70682,13.36552,-13.55726,              23P    266
30.66991,13.61097,-13.23881,30.5778,14.08715,-12.66436,30.52641,      23P    267
14.31488,-12.40536,30.39046,14.83863,-11.84585,30.3017,15.13745,      23P    268
-11.54824,30.04755,15.8957,-10.85276,29.86655,16.36427,               23P    269
-10.46784,29.44301,17.30873,-9.828786,29.20528,17.78177,              23P    270
-9.568004,28.82015,18.46285,-9.302286,28.70631,18.66036,              23P    271
-9.229813,28.44123,19.10131,-9.094635,28.28397,19.34394,              23P    272
-9.046971,28.00478,19.75834,-8.992371,27.88431,19.93102,              23P    273
-8.97957,27.61255,20.29832,-8.991466,27.46311,20.49346,               23P    274
-9.010364,27.31226,20.68655,-9.036558,0.,105.5633645,0.,0.,0.;        23P    275
126,5,3,1,0,1,0,0.,0.,0.,0.,1.,1.,2.085273965,2.085273965,            25P    276
2.085273965,2.085273965,1.,1.,1.,1.,1.,1.,27.31226,20.68655,          25P    277
-9.036558,27.29382,20.59869,-9.537692,27.20369,20.45677,              25P    278
-10.02637,26.87858,20.06667,-10.95862,26.63182,19.81046,              25P    279
-11.39414,26.32489,19.51914,-11.74937,0.,2.085273965,-0.6106799,      25P    280
0.783498,-0.1148953;                                                  25P    281
126,93,3,0,0,1,0,0.,0.,0.,0.,1.,1.,1.761641993,1.761641993,           27P    282
2.733679326,2.733679326,4.130355849,4.130355849,5.338665521,          27P    283
5.338665521,6.769981098,6.769981098,8.005279669,8.005279669,          27P    284
10.66864907,10.66864907,13.4124809,13.4124809,16.68206897,            27P    285
16.68206897,20.29299779,20.29299779,25.16469454,25.16469454,          27P    286
29.14150911,29.14150911,33.1327433,33.1327433,41.89650169,            27P    287
41.89650169,43.53515907,43.53515907,45.70364125,45.70364125,          27P    288
48.1671557,48.1671557,55.28785014,55.28785014,61.81568136,            27P    289
61.81568136,65.3092328,65.3092328,66.1671794,66.1671794,              27P    290
66.98379786,66.98379786,67.69906664,67.69906664,68.58784134,          27P    291
68.58784134,70.58912932,70.58912932,72.696653,72.696653,              27P    292
75.22172071,75.22172071,78.39587612,78.39587612,80.30683741,          27P    293
80.30683741,83.92466224,83.92466224,89.77397467,89.77397467,          27P    294
94.30148482,94.30148482,97.24473477,97.24473477,99.8218887,           27P    295
99.8218887,103.8572164,103.8572164,112.6897304,112.6897304,           27P    296
115.7907635,115.7907635,117.6268475,117.6268475,119.1896712,          27P    297
119.1896712,122.9307377,122.9307377,125.5842962,125.5842962,          27P    298
128.7632288,128.7632288,131.330215,131.330215,133.9091904,            27P    299
133.9091904,137.9685082,137.9685082,137.9685082,137.9685082,1.,       27P    300
1.,1.,1.,1.,1.,1.,1.,1.,1.,1.,1.,1.,1.,1.,1.,1.,1.,1.,1.,1.,1.,       27P    301
1.,1.,1.,1.,1.,1.,1.,1.,1.,1.,1.,1.,1.,1.,1.,1.,1.,1.,1.,1.,1.,       27P    302
1.,1.,1.,1.,1.,1.,1.,1.,1.,1.,1.,1.,1.,1.,1.,1.,1.,1.,1.,1.,1.,       27P    303
1.,1.,1.,1.,1.,1.,1.,1.,1.,1.,1.,1.,1.,1.,1.,1.,1.,1.,1.,1.,1.,       27P    304
1.,1.,1.,1.,1.,1.,1.,1.,1.,26.32489,19.51914,-11.74937,26.38206,      27P    305
19.45649,-11.73408,26.4386,19.39235,-11.72102,26.53381,19.27472,      27P    306
-11.70806,26.57412,19.22256,-11.70479,26.65752,19.09858,              27P    307
-11.71314,26.69886,19.0265,-11.72732,26.7939,18.85085,-11.76995,      27P    308
26.84276,18.74579,-11.80608,26.91539,18.55297,-11.89581,              27P    309
26.94435,18.46446,-11.94285,27.00284,18.27278,-12.05081,              27P    310
27.02956,18.17008,-12.11438,27.06732,17.98318,-12.24301,              27P    311
27.08139,17.8979,-12.30548,27.11272,17.63497,-12.51282,27.11986,      27P    312
17.46195,-12.66469,27.11089,17.12403,-12.98594,27.09553,              27P    313
16.95907,-13.1553,27.05302,16.6062,-13.53286,27.02145,16.42137,       27P    314
-13.74377,26.93855,16.04264,-14.19287,26.88537,15.85121,              27P    315
-14.4329,26.73885,15.41317,-15.00008,26.63712,15.17174,               27P    316
-15.32876,26.45251,14.74348,-15.93248,26.36231,14.55585,              27P    317
-16.20514,26.16226,14.18831,-16.75001,26.05561,14.00849,              27P    318
-17.02338,25.71057,13.44357,-17.90158,25.44746,13.07144,              27P    319
-18.50489,25.11119,12.64568,-19.21901,25.06387,12.57969,              27P    320
-19.33498,24.96994,12.43071,-19.61183,24.92279,12.34729,              27P    321
-19.77297,24.84964,12.17744,-20.12704,24.81309,12.08764,              27P    322
-20.31607,24.66695,11.73688,-21.05007,24.55224,11.47172,              27P    323
-21.59197,24.33841,10.96355,-22.63188,24.21814,10.71304,              27P    324
-23.12179,24.0173,10.32386,-23.86676,23.9474,10.18725,-24.12611,      27P    325
23.85026,10.01474,-24.44491,23.83004,9.980429,-24.50729,              27P    326
23.78847,9.913022,-24.62804,23.76735,9.879911,-24.68658,              27P    327
23.72067,9.816315,-24.79259,23.69644,9.786175,-24.84062,              27P    328
23.64072,9.718289,-24.9476,23.60826,9.680525,-25.00559,23.49228,      27P    329
9.555723,-25.18809,23.38399,9.466943,-25.29185,23.14359,9.28746,      27P    330
-25.47945,23.00622,9.19653,-25.55833,22.68239,9.004304,               27P    331
-25.69091,22.48862,8.907303,-25.72658,22.04289,8.705666,              27P    332
-25.75712,21.79162,8.597922,-25.75814,21.38987,8.425345,              27P    333
-25.76022,21.23853,8.360988,-25.7591,20.80194,8.172623,               27P    334
-25.76145,20.51685,8.04788,-25.76505,19.77311,7.71696,-25.78406,      27P    335
19.31296,7.513566,-25.78875,18.49704,7.151897,-25.79203,              27P    336
18.14225,6.99142,-25.79816,17.55814,6.724051,-25.81159,17.32848,      27P    337
6.617671,-25.81849,16.89891,6.416222,-25.83538,16.69803,              27P    338
6.322316,-25.84124,16.1874,6.074659,-25.87789,15.87997,5.917026,      27P    339
-25.92061,14.93008,5.393258,-26.14166,14.26994,5.044428,              27P    340
-26.28295,13.37499,4.580659,-26.47746,13.14219,4.460527,              27P    341
-26.52816,12.76604,4.275922,-26.59772,12.62394,4.210233,              27P    342
-26.6206,12.3505,4.10577,-26.63318,12.21866,4.078924,-26.61623,       27P    343
11.77538,3.990875,-26.56263,11.461,3.939883,-26.51529,10.91948,       27P    344
3.888146,-26.44146,10.69417,3.873888,-26.40882,10.19746,              27P    345
3.864507,-26.34585,9.925927,3.868934,-26.31454,9.436936,              27P    346
3.909385,-26.26182,9.219547,3.940677,-26.23901,8.788485,              27P    347
4.028327,-26.19661,8.57566,4.089153,-26.17723,8.041902,4.284235,      27P    348
-26.13465,7.730842,4.451829,-26.11458,7.464895,4.678056,              27P    349
-26.10212,0.,137.9685082,0.,0.,0.;                                    27P    350
126,3,3,1,0,1,0,0.,0.,0.,0.,1.,1.,1.,1.,1.,1.,1.,1.,7.464895,         29P    351
4.678056,-26.10212,6.864947,4.120097,-26.4141,6.211904,3.483854,      29P    352
-26.47834,5.613311,2.873893,-26.28223,0.,1.,-0.6996443,               29P    353
0.7105868,0.07459343;                                                 29P    354
126,23,3,0,0,1,0,0.,0.,0.,0.,1.,1.,1.625239133,1.625239133,           31P    355
3.66892622,3.66892622,4.789468004,4.789468004,5.700171796,            31P    356
5.700171796,6.411111538,6.411111538,7.237353461,7.237353461,          31P    357
7.650290462,7.650290462,8.214888691,8.214888691,8.672076044,          31P    358
8.672076044,9.000759802,9.000759802,9.000759802,9.000759802,1.,       31P    359
1.,1.,1.,1.,1.,1.,1.,1.,1.,1.,1.,1.,1.,1.,1.,1.,1.,1.,1.,1.,1.,       31P    360
1.,1.,4.467847,-4.450498,-26.28223,4.30894,-4.758707,-26.30771,       31P    361
4.17292,-5.077751,-26.34548,3.994846,-5.607871,-26.42727,             31P    362
3.935956,-5.814062,-26.46328,3.722364,-6.701252,-26.63435,            31P    363
3.663072,-7.393916,-26.81106,3.684191,-8.444675,-27.13322,            31P    364
3.7125,-8.814178,-27.25665,3.799224,-9.472383,-27.49626,              31P    365
3.853476,-9.76361,-27.60955,3.978532,-10.27134,-27.81979,             31P    366
4.042636,-10.48915,-27.91797,4.197162,-10.96487,-28.1058,             31P    367
4.290304,-11.2208,-28.19779,4.443273,-11.60429,-28.32048,             31P    368
4.496718,-11.73264,-28.35648,4.628716,-12.03703,-28.42979,            31P    369
4.708876,-12.21333,-28.46274,4.860767,-12.53121,-28.50757,            31P    370
4.929852,-12.67381,-28.52076,5.056568,-12.91496,-28.5404,             31P    371
5.112079,-13.01459,-28.54766,5.169912,-13.11292,-28.55361,0.,         31P    372
9.000759802,0.,0.,0.;                                                 31P    373
126,27,3,0,0,1,0,0.,0.,0.,0.,1.,1.,1.2707597,1.2707597,               33P    374
2.843012061,2.843012061,4.587964945,4.587964945,5.568501475,          33P    375
5.568501475,6.376065791,6.376065791,7.857672303,7.857672303,          33P    376
8.992468456,8.992468456,10.20142358,10.20142358,11.99756752,          33P    377
11.99756752,13.29388221,13.29388221,13.72985205,13.72985205,          33P    378
14.5952358,14.5952358,14.5952358,14.5952358,1.,1.,1.,1.,1.,1.,        33P    379
1.,1.,1.,1.,1.,1.,1.,1.,1.,1.,1.,1.,1.,1.,1.,1.,1.,1.,1.,1.,1.,       33P    380
1.,5.169912,-13.11292,-28.55361,5.292649,-13.32146,-28.56628,         33P    381
5.426539,-13.52383,-28.57367,5.611319,-13.77018,-28.57512,            33P    382
5.65184,-13.82179,-28.575,5.925444,-14.17476,-28.575,6.166939,        33P    383
-14.4696,-28.575,6.691035,-15.07906,-28.575,6.963454,-15.40246,       33P    384
-28.575,7.384999,-15.91086,-28.575,7.539711,-16.09123,-28.575,        33P    385
7.826902,-16.41566,-28.575,7.95876,-16.56028,-28.575,8.336285,        33P    386
-16.96667,-28.575,8.577021,-17.23316,-28.575,8.987482,-17.71639,      33P    387
-28.575,9.164868,-17.92649,-28.575,9.548559,-18.34544,-28.575,        33P    388
9.755029,-18.55318,-28.575,10.26476,-19.07336,-28.575,10.55129,       33P    389
-19.40129,-28.575,11.04189,-19.96752,-28.575,11.25166,-20.20138,      33P    390
-28.575,11.53158,-20.51408,-28.575,11.60144,-20.59333,-28.57437,      33P    391
11.80622,-20.83305,-28.57051,11.93848,-20.99579,-28.56534,            33P    392
12.06595,-21.16207,-28.55732,0.,14.5952358,0.,0.,0.;                  33P    393
126,53,3,0,0,1,0,0.,0.,0.,0.,1.,1.,4.896615951,4.896615951,           35P    394
8.990845144,8.990845144,13.0171958,13.0171958,17.3057378,             35P    395
17.3057378,21.75662731,21.75662731,23.76844051,23.76844051,           35P    396
25.14614524,25.14614524,27.95247104,27.95247104,32.49935662,          35P    397
32.49935662,42.88428772,42.88428772,49.80341386,49.80341386,          35P    398
57.74902818,57.74902818,66.07239486,66.07239486,70.01622465,          35P    399
70.01622465,74.25734961,74.25734961,77.91587134,77.91587134,          35P    400
82.43728211,82.43728211,86.79961507,86.79961507,91.31112908,          35P    401
91.31112908,92.98909251,92.98909251,95.21915705,95.21915705,          35P    402
97.73484509,97.73484509,100.8064162,100.8064162,103.0187074,          35P    403
103.0187074,105.6084061,105.6084061,105.6084061,105.6084061,1.,       35P    404
1.,1.,1.,1.,1.,1.,1.,1.,1.,1.,1.,1.,1.,1.,1.,1.,1.,1.,1.,1.,1.,       35P    405
1.,1.,1.,1.,1.,1.,1.,1.,1.,1.,1.,1.,1.,1.,1.,1.,1.,1.,1.,1.,1.,       35P    406
1.,1.,1.,1.,1.,1.,1.,1.,1.,1.,1.,12.06595,-21.16207,-28.55732,        35P    407
12.12374,-21.23759,-28.55372,12.18074,-21.31356,-28.54941,            35P    408
12.454,-21.6903,-28.52591,12.66868,-21.98906,-28.47034,13.09562,      35P    409
-22.59525,-28.30299,13.31298,-22.89847,-28.18547,13.73908,            35P    410
-23.46792,-27.88356,13.94667,-23.73644,-27.70268,14.36202,            35P    411
-24.25218,-27.26981,14.56831,-24.49703,-27.01384,14.96596,            35P    412
-24.94427,-26.43658,15.15586,-25.14452,-26.11263,15.40693,            35P    413
-25.39143,-25.6086,15.48012,-25.4626,-25.44644,15.60274,              35P    414
-25.56928,-25.16793,15.65587,-25.60724,-25.05414,15.8211,             35P    415
-25.70889,-24.70657,15.94017,-25.75671,-24.47151,16.26728,            35P    416
-25.8327,-23.85794,16.4779,-25.86611,-23.48119,17.19873,              35P    417
-25.92428,-22.25863,17.67974,-25.95227,-21.3958,18.45705,             35P    418
-25.96817,-19.94489,18.76308,-25.96563,-19.36203,19.41909,            35P    419
-25.93036,-18.10984,19.78145,-25.8822,-17.44733,20.5483,              35P    420
-25.71549,-16.11337,20.95116,-25.59894,-15.44034,21.57107,            35P    421
-25.35924,-14.48075,21.7741,-25.27267,-14.17722,22.2006,              35P    422
-25.0736,-13.55681,22.42265,-24.96261,-13.23837,22.84697,             35P    423
-24.72793,-12.66399,23.04757,-24.60867,-12.4053,23.50357,             35P    424
-24.31774,-11.84565,23.7604,-24.14068,-11.5485,24.27268,              35P    425
-23.76163,-10.99317,24.52786,-23.55966,-10.7344,25.05309,             35P    426
-23.11636,-10.24388,25.32477,-22.87016,-10.01818,25.69974,            35P    427
-22.50757,-9.744715,25.80196,-22.40575,-9.675974,26.03999,            35P    428
-22.16298,-9.525373,26.17611,-22.01929,-9.448206,26.465,              35P    429
-21.70462,-9.301764,26.61786,-21.53479,-9.23005,26.95521,             35P    430
-21.1467,-9.094475,27.13743,-20.92199,-9.047056,27.44524,             35P    431
-20.5285,-8.992331,27.57225,-20.36052,-8.979589,27.83759,             35P    432
-19.98859,-8.991452,27.97701,-19.78615,-9.010374,28.11404,            35P    433
-19.58302,-9.036558,0.,105.6084061,0.,0.,0.;                          35P    434
126,5,3,1,0,1,0,0.,0.,0.,0.,1.,1.,2.085270591,2.085270591,            37P    435
2.085270591,2.085270591,1.,1.,1.,1.,1.,1.,28.11404,-19.58302,         37P    436
-9.036558,28.02478,-19.59263,-9.537692,27.86195,-19.55076,            37P    437
-10.02637,27.39048,-19.36211,-10.95861,27.07056,-19.2066,             37P    438
-11.39414,26.69865,-19.00472,-11.74937,0.,2.085270591,0.5564285,      37P    439
0.8229145,-0.1148873;                                                 37P    440
126,93,3,0,0,1,0,0.,0.,0.,0.,1.,1.,1.761641803,1.761641803,           39P    441
2.733718388,2.733718388,4.130445006,4.130445006,5.338790508,          39P    442
5.338790508,6.770168576,6.770168576,8.00530105,8.00530105,            39P    443
10.66883857,10.66883857,13.41287141,13.41287141,16.68274278,          39P    444
16.68274278,20.29302602,20.29302602,25.16541246,25.16541246,          39P    445
29.14234765,29.14234765,33.13369604,33.13369604,41.89772848,          39P    446
41.89772848,43.53641455,43.53641455,45.70495871,45.70495871,          39P    447
48.16853856,48.16853856,55.28942655,55.28942655,61.8174501,           39P    448
61.8174501,65.31110824,65.31110824,66.16907667,66.16907667,           39P    449
66.98572384,66.98572384,67.70100418,67.70100418,68.58981047,          39P    450
68.58981047,70.59112979,70.59112979,72.69872544,72.69872544,          39P    451
75.22390927,75.22390927,78.39755076,78.39755076,79.7134087,           39P    452
79.7134087,83.92756579,83.92756579,89.7768466,89.7768466,             39P    453
94.30463911,94.30463911,97.24806432,97.24806432,99.82537651,          39P    454
99.82537651,103.8609482,103.8609482,112.69402,112.69402,              39P    455
115.7952721,115.7952721,117.6314549,117.6314549,119.1943483,          39P    456
119.1943483,122.935628,122.935628,125.5893567,125.5893567,            39P    457
128.7685117,128.7685117,131.3356427,131.3356427,133.9147624,          39P    458
133.9147624,137.9743548,137.9743548,137.9743548,137.9743548,1.,       39P    459
1.,1.,1.,1.,1.,1.,1.,1.,1.,1.,1.,1.,1.,1.,1.,1.,1.,1.,1.,1.,1.,       39P    460
1.,1.,1.,1.,1.,1.,1.,1.,1.,1.,1.,1.,1.,1.,1.,1.,1.,1.,1.,1.,1.,       39P    461
1.,1.,1.,1.,1.,1.,1.,1.,1.,1.,1.,1.,1.,1.,1.,1.,1.,1.,1.,1.,1.,       39P    462
1.,1.,1.,1.,1.,1.,1.,1.,1.,1.,1.,1.,1.,1.,1.,1.,1.,1.,1.,1.,1.,       39P    463
1.,1.,1.,1.,1.,1.,1.,1.,1.,26.69865,-19.00472,-11.74937,              39P    464
26.65673,-19.07845,-11.73408,26.6132,-19.15204,-11.72102,             39P    465
26.53075,-19.27893,-11.70806,26.49361,-19.33339,-11.70479,            39P    466
26.40147,-19.45102,-11.71314,26.34569,-19.51261,-11.72732,            39P    467
26.208,-19.65728,-11.76995,26.12319,-19.73622,-11.80608,              39P    468
25.96224,-19.86487,-11.89581,25.88701,-19.91976,-11.94285,            39P    469
25.72278,-20.03463,-12.05081,25.63337,-20.09177,-12.11438,            39P    470
25.4673,-20.18544,-12.243,25.39055,-20.22516,-12.30547,25.15017,      39P    471
-20.33622,-12.5128,24.98783,-20.39648,-12.66467,24.66366,             39P    472
-20.49238,-12.98593,24.50201,-20.52875,-13.15529,24.15326,            39P    473
-20.59735,-13.53287,23.96771,-20.62444,-13.74379,23.58193,            39P    474
-20.66263,-14.19286,23.38348,-20.67121,-14.43285,22.92162,            39P    475
-20.66723,-15.00001,22.66053,-20.64508,-15.32872,22.19615,            39P    476
-20.60184,-15.93248,21.98983,-20.57404,-16.20514,21.57847,            39P    477
-20.49736,-16.75001,21.37449,-20.4515,-17.02339,20.7306,              39P    478
-20.29791,-17.90159,20.29536,-20.16266,-18.50489,19.78653,            39P    479
-19.97442,-19.21901,19.70915,-19.94981,-19.33498,19.53843,            39P    480
-19.90651,-19.61183,19.44452,-19.88745,-19.77297,19.26039,            39P    481
-19.87037,-20.12704,19.16369,-19.86336,-20.31607,18.78495,            39P    482
-19.83277,-21.05007,18.49731,-19.80562,-21.59197,17.94794,            39P    483
-19.75928,-22.63188,17.67253,-19.72232,-23.12179,17.24032,            39P    484
-19.65157,-23.86676,17.0888,-19.6273,-24.12611,16.89472,              39P    485
-19.58822,-24.44491,16.85583,-19.57959,-24.50729,16.77888,            39P    486
-19.56089,-24.62804,16.74086,-19.55103,-24.68657,16.66595,            39P    487
-19.52629,-24.79259,16.6298,-19.51256,-24.84062,16.54802,             39P    488
-19.48054,-24.9476,16.50208,-19.46135,-25.00559,16.34754,             39P    489
-19.3896,-25.18809,16.22965,-19.31406,-25.29185,15.98466,             39P    490
-19.14088,-25.47945,15.85573,-19.03833,-25.55832,15.57284,            39P    491
-18.78975,-25.69091,15.42071,-18.63544,-25.72657,15.09123,            39P    492
-18.27387,-25.75713,14.91114,-18.06823,-25.7581,14.65664,             39P    493
-17.77799,-25.76002,14.58225,-17.69259,-25.75933,14.26881,            39P    494
-17.33493,-25.76018,14.02826,-17.06378,-25.76389,13.44945,            39P    495
-16.42062,-25.78404,13.11384,-16.04587,-25.78876,12.51776,            39P    496
-15.38168,-25.79202,12.2555,-15.09383,-25.79816,11.82072,             39P    497
-14.62094,-25.81159,11.64858,-14.43539,-25.8185,11.32424,             39P    498
-14.08909,-25.83538,11.17286,-13.92707,-25.84124,10.77952,            39P    499
-13.51796,-25.87789,10.53461,-13.27429,-25.92061,9.742951,            39P    500
-12.53273,-26.14166,9.207185,-12.01272,-26.28296,8.489562,            39P    501
-11.30487,-26.47746,8.303372,-11.12059,-26.52816,8.011564,            39P    502
-10.81989,-26.59772,7.90518,-10.70505,-26.6206,7.721336,              39P    503
-10.47727,-26.63318,7.655065,-10.36018,-26.61623,7.434349,            39P    504
-9.965809,-26.56263,7.288704,-9.682571,-26.51529,7.072161,            39P    505
-9.183542,-26.44146,6.988979,-8.973671,-26.40882,6.826562,            39P    506
-8.504165,-26.34585,6.746859,-8.244552,-26.31454,6.634222,            39P    507
-7.766994,-26.26182,6.596805,-7.550576,-26.23901,6.546965,            39P    508
-7.113528,-26.19661,6.539048,-6.892324,-26.17723,6.559637,            39P    509
-6.324406,-26.13465,6.622898,-5.976778,-26.11458,6.755867,            39P    510
-5.653935,-26.10212,0.,137.9743548,0.,0.,0.;                          39P    511
126,3,3,1,0,1,0,0.,0.,0.,0.,1.,1.,1.,1.,1.,1.,1.,1.,6.755867,         41P    512
-5.653935,-26.10212,6.039826,-5.255772,-26.4141,5.232926,             41P    513
-4.831304,-26.47834,4.467847,-4.450498,-26.28223,0.,1.,               41P    514
0.4596066,0.8849848,0.07458948;                                       41P    515
126,23,3,0,0,1,0,0.,0.,0.,0.,1.,1.,1.750380826,1.750380826,           43P    516
3.7791453,3.7791453,4.869415345,4.869415345,5.897324483,              43P    517
5.897324483,6.419797381,6.419797381,7.247020722,7.247020722,          43P    518
7.660492576,7.660492576,8.225819065,8.225819065,8.683613731,          43P    519
8.683613731,9.01275849,9.01275849,9.01275849,9.01275849,1.,1.,        43P    520
1.,1.,1.,1.,1.,1.,1.,1.,1.,1.,1.,1.,1.,1.,1.,1.,1.,1.,1.,1.,1.,       43P    521
1.,-2.852039,-5.624453,-26.28223,-3.193781,-5.568732,-26.3077,        43P    522
-3.538795,-5.53775,-26.34534,-4.140187,-5.531935,-26.43334,           43P    523
-4.397008,-5.543004,-26.4774,-5.340064,-5.633704,-26.66276,           43P    524
-6.007763,-5.798735,-26.84199,-6.979798,-6.148462,-27.16409,          43P    525
-7.311313,-6.287808,-27.28524,-7.932133,-6.590236,-27.53718,          43P    526
-8.222438,-6.754566,-27.66615,-8.638883,-7.026681,-27.87131,          43P    527
-8.776411,-7.122308,-27.94108,-9.131234,-7.380121,-28.10585,          43P    528
-9.345876,-7.547751,-28.19778,-9.663289,-7.811729,-28.32049,          43P    529
-9.76885,-7.90221,-28.35648,-10.01755,-8.121812,-28.42979,            43P    530
-10.16046,-8.252526,-28.46274,-10.41584,-8.495219,-28.50757,          43P    531
-10.53012,-8.604994,-28.52076,-10.72032,-8.800043,-28.54041,          43P    532
-10.79792,-8.883634,-28.54767,-10.87358,-8.969033,-28.55361,0.,       43P    533
9.01275849,0.,0.,0.;                                                  43P    534
126,21,3,0,0,1,0,0.,0.,0.,0.,1.,1.,1.270860001,1.270860001,           45P    535
2.843334349,2.843334349,4.588540436,4.588540436,5.569222374,          45P    536
5.569222374,6.376899626,6.376899626,7.858718569,7.858718569,          45P    537
8.708788175,8.708788175,9.856052497,9.856052497,10.71896566,          45P    538
10.71896566,10.71896566,10.71896566,1.,1.,1.,1.,1.,1.,1.,1.,1.,       45P    539
1.,1.,1.,1.,1.,1.,1.,1.,1.,1.,1.,1.,1.,-10.87358,-8.969033,           45P    540
-28.55361,-11.03396,-9.150183,-28.56628,-11.18503,-9.340031,          45P    541
-28.57367,-11.36221,-9.591877,-28.57512,-11.39877,-9.646372,          45P    542
-28.575,-11.64992,-10.01568,-28.575,-11.85571,-10.33645,-28.575,      45P    543
-12.27338,-11.02324,-28.575,-12.4968,-11.38225,-28.575,               45P    544
-12.85002,-11.94028,-28.575,-12.9738,-12.14313,-28.575,               45P    545
-13.19352,-12.51658,-28.575,-13.2905,-12.68656,-28.575,-13.5599,      45P    546
-13.17144,-28.575,-13.73981,-13.48225,-28.575,-14.03514,              45P    547
-13.96389,-28.575,-14.14525,-14.13799,-28.575,-14.38895,              45P    548
-14.55614,-28.575,-14.52299,-14.79975,-28.575,-14.7449,               45P    549
-15.23336,-28.575,-14.84362,-15.41769,-28.575,-14.94527,              45P    550
-15.60041,-28.575,0.,10.71896566,0.,0.,0.;                            45P    551
126,9,3,0,0,1,0,0.,0.,0.,0.,1.,1.,1.842840712,1.842840712,            47P    552
2.322928127,2.322928127,3.029556919,3.029556919,3.029556919,          47P    553
3.029556919,1.,1.,1.,1.,1.,1.,1.,1.,1.,1.,-14.94527,-15.60041,        47P    554
-28.575,-15.09514,-15.87195,-28.57501,-15.25658,-16.13681,            47P    555
-28.57498,-15.55043,-16.62691,-28.57503,-15.6828,-16.85231,           47P    556
-28.57494,-15.88885,-17.20703,-28.57507,-15.96321,-17.33603,          47P    557
-28.57514,-16.15482,-17.6502,-28.57092,-16.27358,-17.8344,            47P    558
-28.56574,-16.39771,-18.0148,-28.55732,0.,3.029556919,0.,0.,0.;       47P    559
126,51,3,0,0,1,0,0.,0.,0.,0.,1.,1.,4.895890782,4.895890782,           49P    560
8.989348021,8.989348021,13.01494641,13.01494641,17.30269027,          49P    561
17.30269027,21.75273375,21.75273375,23.76415358,23.76415358,          49P    562
25.14158915,25.14158915,27.94740626,27.94740626,32.49341449,          49P    563
32.49341449,42.87632183,42.87632183,49.30023181,49.30023181,          49P    564
53.00256363,53.00256363,56.97823629,56.97823629,64.57748047,          49P    565
64.57748047,72.71938565,72.71938565,80.14806338,80.14806338,          49P    566
86.78551993,86.78551993,91.29783351,91.29783351,92.97527758,          49P    567
92.97527758,95.2045785,95.2045785,97.72009506,97.72009506,            49P    568
100.7914726,100.7914726,103.0035963,103.0035963,105.5930578,          49P    569
105.5930578,105.5930578,105.5930578,1.,1.,1.,1.,1.,1.,1.,1.,1.,       49P    570
1.,1.,1.,1.,1.,1.,1.,1.,1.,1.,1.,1.,1.,1.,1.,1.,1.,1.,1.,1.,1.,       49P    571
1.,1.,1.,1.,1.,1.,1.,1.,1.,1.,1.,1.,1.,1.,1.,1.,1.,1.,1.,1.,1.,       49P    572
1.,-16.39771,-18.0148,-28.55732,-16.45169,-18.09311,-28.55373,        49P    573
-16.50633,-18.17081,-28.54941,-16.78021,-18.54713,-28.52591,          49P    574
-16.998,-18.84363,-28.47034,-17.44259,-19.437,-28.30299,              49P    575
-17.6638,-19.73742,-28.18547,-18.07371,-20.31863,-27.88356,           49P    576
-18.26494,-20.59904,-27.70268,-18.62709,-21.15343,-27.26981,          49P    577
-18.7962,-21.42529,-27.01384,-19.09867,-21.94168,-26.43658,           49P    578
-19.23044,-22.18418,-26.11263,-19.38767,-22.49925,-25.6086,           49P    579
-19.43275,-22.59084,-25.44644,-19.49631,-22.74043,-25.16793,          49P    580
-19.516,-22.80269,-25.05413,-19.56161,-22.99124,-24.70657,            49P    581
-19.57033,-23.11926,-24.4715,-19.54146,-23.45387,-23.85795,           49P    582
-19.50824,-23.66446,-23.48117,-19.34063,-24.36809,-22.25868,          49P    583
-19.219,-24.83398,-21.39569,-18.99973,-25.55724,-19.98646,            49P    584
-18.91104,-25.8268,-19.445,-18.75169,-26.24603,-18.59227,             49P    585
-18.68967,-26.39811,-18.28055,-18.54175,-26.7166,-17.63991,           49P    586
-18.45723,-26.88197,-17.31021,-18.18508,-27.36383,-16.35801,          49P    587
-17.9789,-27.68081,-15.74067,-17.47285,-28.34062,-14.49465,           49P    588
-17.16453,-28.68543,-13.87146,-16.50718,-29.33565,-12.71389,          49P    589
-16.14557,-29.64942,-12.19059,-15.37559,-30.23857,-11.26794,          49P    590
-14.97699,-30.51485,-10.86014,-14.24296,-30.97026,-10.24382,          49P    591
-13.92494,-31.15266,-10.01807,-13.46407,-31.39722,-9.744594,          49P    592
-13.33573,-31.46297,-9.675883,-13.03133,-31.61427,-9.525328,          49P    593
-12.85269,-31.69931,-9.448187,-12.46419,-31.8768,-9.301764,           49P    594
-12.25544,-31.96971,-9.23005,-11.78209,-32.17062,-9.094475,           49P    595
-11.51207,-32.27448,-9.047057,-11.04271,-32.44562,-8.992331,          49P    596
-10.8437,-32.51451,-8.979589,-10.40799,-32.65193,-8.991452,           49P    597
-10.17238,-32.72197,-9.010374,-9.936861,-32.78952,-9.036558,0.,       49P    598
105.5930578,0.,0.,0.;                                                 49P    599
126,5,3,1,0,1,0,0.,0.,0.,0.,1.,1.,2.085273856,2.085273856,            51P    600
2.085273856,2.085273856,1.,1.,1.,1.,1.,1.,-9.936861,-32.78952,        51P    601
-9.036558,-9.97358,-32.7076,-9.537692,-9.984073,-32.53981,            51P    602
-10.02637,-9.950352,-32.03312,-10.95861,-9.90131,-31.6808,            51P    603
-11.39414,-9.824237,-31.26471,-11.74937,0.,2.085273856,0.954586,      51P    604
-0.2748954,-0.1148826;                                                51P    605
126,97,3,0,0,1,0,0.,0.,0.,0.,1.,1.,1.760767668,1.760767668,           53P    606
2.732253539,2.732253539,3.957551014,3.957551014,5.112006758,          53P    607
5.112006758,6.615593319,6.615593319,7.661940199,7.661940199,          53P    608
10.26305286,10.26305286,12.91727252,12.91727252,16.08082044,          53P    609
16.08082044,19.67258487,19.67258487,24.39486383,24.39486383,          53P    610
28.47885873,28.47885873,32.4366394,32.4366394,37.03425276,            53P    611
37.03425276,39.43062939,39.43062939,42.28010557,42.28010557,          53P    612
44.36492603,44.36492603,46.13499778,46.13499778,49.4286081,           53P    613
49.4286081,55.26961823,55.26961823,61.79832462,61.79832462,           53P    614
65.29141448,65.29141448,66.14892558,66.14892558,66.96707648,          53P    615
66.96707648,67.68299965,67.68299965,68.5713986,68.5713986,            53P    616
70.57293406,70.57293406,72.68074363,72.68074363,75.20619704,          53P    617
75.20619704,78.38017438,78.38017438,79.69616751,79.69616751,          53P    618
83.91074947,83.91074947,89.76068336,89.76068336,94.28895021,          53P    619
94.28895021,97.2326727,97.2326727,99.81023981,99.81023981,            53P    620
103.8462635,103.8462635,112.6802662,112.6802662,115.7819394,          53P    621
115.7819394,117.5716924,117.5716924,119.1823619,119.1823619,          53P    622
122.9253851,122.9253851,125.5803712,125.5803712,128.7609851,          53P    623
128.7609851,131.3292899,131.3292899,133.9095821,133.9095821,          53P    624
137.971058,137.971058,137.971058,137.971058,1.,1.,1.,1.,1.,1.,        53P    625
1.,1.,1.,1.,1.,1.,1.,1.,1.,1.,1.,1.,1.,1.,1.,1.,1.,1.,1.,1.,1.,       53P    626
1.,1.,1.,1.,1.,1.,1.,1.,1.,1.,1.,1.,1.,1.,1.,1.,1.,1.,1.,1.,1.,       53P    627
1.,1.,1.,1.,1.,1.,1.,1.,1.,1.,1.,1.,1.,1.,1.,1.,1.,1.,1.,1.,1.,       53P    628
1.,1.,1.,1.,1.,1.,1.,1.,1.,1.,1.,1.,1.,1.,1.,1.,1.,1.,1.,1.,1.,       53P    629
1.,1.,1.,1.,1.,1.,1.,1.,-9.824237,-31.26471,-11.74937,-9.907346,      53P    630
-31.24761,-11.73408,-9.990832,-31.22895,-11.721,-10.13697,            53P    631
-31.18973,-11.70807,-10.20023,-31.17125,-11.70477,-10.34048,          53P    632
-31.11995,-11.71318,-10.41641,-31.08599,-11.72721,-10.58336,          53P    633
-31.00585,-11.76706,-10.67314,-30.95721,-11.79714,-10.83362,          53P    634
-30.85527,-11.87489,-10.90673,-30.80342,-11.91883,-11.06994,          53P    635
-30.68257,-12.02532,-11.15821,-30.61252,-12.09022,-11.29453,          53P    636
-30.4896,-12.21166,-11.34803,-30.4385,-12.26348,-11.52295,            53P    637
-30.25786,-12.45301,-11.63116,-30.12576,-12.59962,-11.82568,          53P    638
-29.85576,-12.90772,-11.90971,-29.71781,-13.07052,-12.08284,          53P    639
-29.41693,-13.43299,-12.1663,-29.25415,-13.63585,-12.32665,           53P    640
-28.90566,-14.07457,-12.39918,-28.72029,-14.31227,-12.54441,          53P    641
-28.2896,-14.86712,-12.60549,-28.04187,-15.18501,-12.71096,           53P    642
-27.58696,-15.78403,-12.75402,-27.37782,-16.0644,-12.8147,            53P    643
-26.95971,-16.61458,-12.83563,-26.75285,-16.88542,-12.87392,          53P    644
-26.30925,-17.4739,-12.88767,-26.07127,-17.79092,-12.89618,           53P    645
-25.70794,-18.27244,-12.89608,-25.58275,-18.43692,-12.8948,           53P    646
-25.31078,-18.79855,-12.88793,-25.15976,-18.99239,-12.88162,          53P    647
-24.90731,-19.33498,-12.88767,-24.81021,-19.48672,-12.90663,          53P    648
-24.64109,-19.7722,-12.92006,-24.5693,-19.90645,-12.96666,            53P    649
-24.37485,-20.29456,-12.99715,-24.24841,-20.54705,-13.0793,           53P    650
-23.89143,-21.24434,-13.13207,-23.66191,-21.68953,-13.24598,          53P    651
-23.17546,-22.63188,-13.29593,-22.9021,-23.12179,-13.3622,            53P    652
-22.46924,-23.86669,-13.38593,-22.31767,-24.12597,-13.40873,          53P    653
-22.12108,-24.44467,-13.41254,-22.08146,-24.50701,-13.41854,          53P    654
-22.00246,-24.62782,-13.42092,-21.9632,-24.68646,-13.42054,           53P    655
-21.8842,-24.79262,-13.41865,-21.84555,-24.84068,-13.41347,           53P    656
-21.75787,-24.94766,-13.40941,-21.70827,-25.00562,-13.38894,          53P    657
-21.53916,-25.18809,-13.35352,-21.40369,-25.29185,-13.26453,          53P    658
-21.11718,-25.47945,-13.20684,-20.96287,-25.55832,-13.05784,          53P    659
-20.61701,-25.69091,-12.95809,-20.42464,-25.72657,-12.71603,          53P    660
-19.99956,-25.75713,-12.5761,-19.76474,-25.7581,-12.37871,            53P    661
-19.433,-25.76002,-12.32048,-19.33586,-25.75933,-12.07719,            53P    662
-18.92724,-25.76018,-11.89365,-18.61467,-25.76389,-11.46084,          53P    663
-17.86544,-25.78404,-11.20813,-17.43045,-25.78876,-10.76063,          53P    664
-16.6583,-25.79202,-10.56793,-16.31992,-25.79816,-10.25254,           53P    665
-15.76029,-25.81159,-10.12927,-15.53923,-25.81849,-9.90015,           53P    666
-15.12376,-25.83538,-9.792837,-14.92972,-25.84124,-9.525294,          53P    667
-14.42922,-25.87789,-9.369226,-14.12099,-25.92061,-8.908611,          53P    668
-13.13892,-26.14167,-8.579574,-12.46871,-26.28293,-8.12816,           53P    669
-11.56744,-26.47748,-8.010378,-11.33347,-26.52809,-7.816524,          53P    670
-10.96644,-26.59714,-7.741957,-10.83351,-26.61919,-7.583685,          53P    671
-10.58727,-26.63396,-7.490356,-10.48473,-26.61678,-7.180634,          53P    672
-10.15016,-26.56256,-6.956381,-9.924,-26.51533,-6.548631,             53P    673
-9.56391,-26.44144,-6.374767,-9.419912,-26.40883,-5.978411,           53P    674
-9.120376,-26.34584,-5.756143,-8.964343,-26.31454,-5.336759,          53P    675
-8.709653,-26.26181,-5.142499,-8.607188,-26.23901,-4.742244,          53P    676
-8.424732,-26.19661,-4.534314,-8.348846,-26.17723,-3.987827,          53P    677
-8.192934,-26.13465,-3.637662,-8.145682,-26.11458,-3.289529,          53P    678
-8.17238,-26.10212,0.,137.971058,0.,0.,0.;                            53P    679
126,3,3,1,0,1,0,0.,0.,0.,0.,1.,1.,1.,1.,1.,1.,1.,1.,-3.289529,        55P    680
-8.17238,-26.10212,-3.13213,-7.368342,-26.4141,-2.977786,             55P    681
-6.469764,-26.47834,-2.852039,-5.624453,-26.28223,0.,1.,              55P    682
0.9836987,-0.1636337,0.07457199;                                      55P    683
126,200,3,0,0,1,0,0.,0.,0.,0.,1.,1.,1.,2.,2.,2.,3.,3.,3.,4.,4.,       57P    684
4.,5.,5.,5.,6.,6.,6.,7.,7.,7.,8.,8.,8.,9.,9.,9.,10.,10.,              57P    685
10.68590706,10.68590706,10.68590706,11.68590706,11.68590706,          57P    686
12.25499714,12.25499714,12.83164501,12.83164501,13.29671401,          57P    687
13.29671401,13.88497,13.88497,14.38564564,14.38564564,                57P    688
14.65280133,14.65280133,14.65280133,15.65280133,15.65280133,          57P    689
16.65181458,16.65181458,16.65181458,17.65181458,17.65181458,          57P    690
17.65181458,18.65181458,18.65181458,18.65181458,19.65181458,          57P    691
19.65181458,19.65181458,20.65181458,20.65181458,20.65181458,          57P    692
21.65181458,21.65181458,21.65181458,22.65181458,22.65181458,          57P    693
23.18910431,23.18910431,23.28738345,23.28738345,23.28738345,          57P    694
24.28738345,24.28738345,24.28738345,25.28738345,25.28738345,          57P    695
25.28738345,26.28738345,26.28738345,26.28738345,27.28738345,          57P    696
27.28738345,27.28738345,28.28738345,28.28738345,28.28738345,          57P    697
29.28738345,29.28738345,29.28738345,30.28738345,30.28738345,          57P    698
30.28738345,31.28738345,31.28738345,31.28738345,32.28738345,          57P    699
32.28738345,32.28738345,33.28738345,33.28738345,33.28738345,          57P    700
34.28738345,34.28738345,34.28738345,35.28738345,35.28738345,          57P    701
35.28738345,36.28738345,36.28738345,36.28738345,37.28738345,          57P    702
37.28738345,37.28738345,38.28738345,38.28738345,38.28738345,          57P    703
39.28738345,39.28738345,39.28738345,40.28738345,40.28738345,          57P    704
41.06201641,41.06201641,41.06201641,42.06201641,42.06201641,          57P    705
42.06201641,43.06201641,43.06201641,43.06201641,44.06201641,          57P    706
44.06201641,44.57082139,44.57082139,45.20330372,45.20330372,          57P    707
45.66591943,45.66591943,46.2417821,46.2417821,46.70754528,            57P    708
46.70754528,46.70754528,47.70754528,47.70754528,47.70754528,          57P    709
48.70754528,48.70754528,48.70754528,49.70754528,49.70754528,          57P    710
50.22408771,50.22408771,51.36304646,51.36304646,52.59546955,          57P    711
52.59546955,53.56472363,53.56472363,55.29668594,55.29668594,          57P    712
55.29668594,56.29668594,56.29668594,56.29668594,57.29668594,          57P    713
57.29668594,58.11320285,58.11320285,58.11320285,59.11320285,          57P    714
59.11320285,59.11320285,60.11320285,60.11320285,60.11320285,          57P    715
61.11320285,61.11320285,61.11320285,62.11320285,62.11320285,          57P    716
62.11320285,63.11320285,63.11320285,63.11320285,64.11320285,          57P    717
64.11320285,64.11320285,65.11320285,65.11320285,65.11320285,          57P    718
66.11320285,66.11320285,66.11320285,67.11320285,67.11320285,          57P    719
67.11320285,67.11320285,1.,1.,1.,1.,1.,1.,1.,1.,1.,1.,1.,1.,1.,       57P    720
1.,1.,1.,1.,1.,1.,1.,1.,1.,1.,1.,1.,1.,1.,1.,1.,1.,1.,1.,1.,1.,       57P    721
1.,1.,1.,1.,1.,1.,1.,1.,1.,1.,1.,1.,1.,1.,1.,1.,1.,1.,1.,1.,1.,       57P    722
1.,1.,1.,1.,1.,1.,1.,1.,1.,1.,1.,1.,1.,1.,1.,1.,1.,1.,1.,1.,1.,       57P    723
1.,1.,1.,1.,1.,1.,1.,1.,1.,1.,1.,1.,1.,1.,1.,1.,1.,1.,1.,1.,1.,       57P    724
1.,1.,1.,1.,1.,1.,1.,1.,1.,1.,1.,1.,1.,1.,1.,1.,1.,1.,1.,1.,1.,       57P    725
1.,1.,1.,1.,1.,1.,1.,1.,1.,1.,1.,1.,1.,1.,1.,1.,1.,1.,1.,1.,1.,       57P    726
1.,1.,1.,1.,1.,1.,1.,1.,1.,1.,1.,1.,1.,1.,1.,1.,1.,1.,1.,1.,1.,       57P    727
1.,1.,1.,1.,1.,1.,1.,1.,1.,1.,1.,1.,1.,1.,1.,1.,1.,1.,1.,1.,1.,       57P    728
1.,1.,1.,1.,1.,1.,1.,1.,1.,1.,1.,1.,1.,1.,1.,1.,1.,1.,1.,1.,          57P    729
-10.42833,31.06203,-11.74152,-10.46076,31.04754,-11.74829,            57P    730
-10.49318,31.03306,-11.75505,-10.52561,31.01857,-11.76182,            57P    731
-10.58747,30.98474,-11.78107,-10.64948,30.95181,-11.80141,            57P    732
-10.71161,30.9198,-11.82282,-10.77005,30.8825,-11.84935,              57P    733
-10.82856,30.84602,-11.87687,-10.88711,30.81049,-11.90551,            57P    734
-10.95673,30.75908,-11.9474,-11.0263,30.70948,-11.99147,              57P    735
-11.09583,30.66048,-12.03627,-11.17245,30.59222,-12.09868,            57P    736
-11.24866,30.5267,-12.16444,-11.32473,30.46163,-12.23077,             57P    737
-11.39436,30.38741,-12.30611,-11.46355,30.31472,-12.38335,            57P    738
-11.53219,30.24339,-12.4623,-11.59478,30.16444,-12.54781,             57P    739
-11.65678,30.08675,-12.63492,-11.71805,30.01027,-12.72358,            57P    740
-11.80192,29.88438,-12.86575,-11.88411,29.76103,-13.01116,            57P    741
-11.96414,29.64004,-13.15965,-12.03408,29.50953,-13.31416,            57P    742
-12.10208,29.38106,-13.47126,-12.1676,29.2543,-13.63074,              57P    743
-12.23377,29.11738,-13.80086,-12.29859,28.98306,-13.97365,            57P    744
-12.39102,28.75309,-14.26794,-12.42986,28.66143,-14.3887,             57P    745
-12.46516,28.56933,-14.51025,-12.55394,28.27109,-14.88686,            57P    746
-12.63076,27.97683,-15.26943,-12.73267,27.51959,-15.87619,            57P    747
-12.76588,27.35486,-16.09777,-12.81223,27.01608,-16.541,              57P    748
-12.83587,26.84866,-16.7664,-12.86171,26.54003,-17.17035,             57P    749
-12.87182,26.40294,-17.35127,-12.88724,26.09103,-17.76037,            57P    750
-12.89815,25.92146,-17.9922,-12.90584,25.60377,-18.41899,             57P    751
-12.90585,25.45694,-18.61465,-12.89771,25.22812,-18.9119,             57P    752
-12.89577,25.14945,-19.01602,-12.89124,25.06957,-19.11919,            57P    753
-12.89241,25.02141,-19.18894,-12.89291,24.97316,-19.25862,            57P    754
-12.8934,24.87664,-19.39788,-12.89308,24.82833,-19.46742,             57P    755
-12.89249,24.77998,-19.53693,-12.89606,24.77773,-19.54835,            57P    756
-12.89965,24.77549,-19.55978,-12.90322,24.77324,-19.57119,            57P    757
-12.92552,24.63683,-19.82247,-12.9466,24.49756,-20.07227,             57P    758
-12.96784,24.35865,-20.32226,-13.00789,24.17165,-20.68382,            57P    759
-13.04675,23.98185,-21.04406,-13.08445,23.78935,-21.40298,            57P    760
-13.12709,23.61678,-21.74457,-13.16869,23.44178,-22.08506,            57P    761
-13.20925,23.26438,-22.42443,-13.23963,23.06963,-22.76538,            57P    762
-13.26898,22.87247,-23.10504,-13.29733,22.67294,-23.4434,             57P    763
-13.314,22.53053,-23.67661,-13.33102,22.38835,-23.90996,              57P    764
-13.35515,22.166,-24.26647,-13.36343,22.08799,-24.3909,               57P    765
-13.37282,21.99509,-24.53773,-13.37416,21.98057,-24.56034,            57P    766
-13.37561,21.96619,-24.58304,-13.38255,21.93963,-24.63432,            57P    767
-13.3905,21.91428,-24.68607,-13.39794,21.88831,-24.73759,             57P    768
-13.4015,21.85805,-24.78635,-13.40504,21.82774,-24.83508,             57P    769
-13.40856,21.79738,-24.88378,-13.40461,21.75278,-24.93519,            57P    770
-13.40066,21.70818,-24.98661,-13.39671,21.66359,-25.03802,            57P    771
-13.3881,21.6125,-25.08776,-13.37949,21.5614,-25.13749,               57P    772
-13.37088,21.51031,-25.18723,-13.35786,21.45365,-25.23466,            57P    773
-13.34482,21.39693,-25.28202,-13.33176,21.34015,-25.32929,            57P    774
-13.31517,21.28135,-25.37143,-13.29858,21.22254,-25.41358,            57P    775
-13.28199,21.16374,-25.45572,-13.26187,21.10289,-25.49263,            57P    776
-13.24175,21.04204,-25.52954,-13.22163,20.98119,-25.56646,            57P    777
-13.19836,20.91952,-25.59736,-13.1751,20.85785,-25.62826,             57P    778
-13.15183,20.79618,-25.65916,-13.12542,20.73373,-25.68403,            57P    779
-13.09902,20.67128,-25.70891,-13.07262,20.60883,-25.73379,            57P    780
-13.04292,20.54594,-25.75186,-13.01322,20.48304,-25.76994,            57P    781
-12.98353,20.42017,-25.78801,-12.89163,20.23693,-25.82869,            57P    782
-12.78413,20.05666,-25.83075,-12.67715,19.87829,-25.83087,            57P    783
-12.65569,19.84508,-25.82754,-12.63429,19.81189,-25.82428,            57P    784
-12.61286,19.77869,-25.82099,-12.57498,19.72275,-25.81151,            57P    785
-12.5371,19.66681,-25.80203,-12.49922,19.61087,-25.79256,             57P    786
-12.4381,19.51023,-25.79041,-12.37699,19.4096,-25.78827,              57P    787
-12.31587,19.30897,-25.78612,-12.10128,18.94274,-25.79455,            57P    788
-11.89264,18.57361,-25.81668,-11.68054,18.20599,-25.82649,            57P    789
-11.46451,17.83744,-25.82905,-11.24829,17.46897,-25.82826,            57P    790
-11.03178,17.10072,-25.8237,-10.8251,16.74071,-25.82998,              57P    791
-10.61686,16.38155,-25.82896,-10.25,15.74268,-25.83018,               57P    792
-10.09159,15.46281,-25.83369,-9.931604,15.18384,-25.83135,            57P    793
-9.833809,15.00139,-25.84435,-9.735746,14.81904,-25.85577,            57P    794
-9.637774,14.63658,-25.86688,-9.611157,14.59679,-25.85814,            57P    795
-9.584518,14.557,-25.84937,-9.557922,14.51721,-25.84068,              57P    796
-9.399757,14.16995,-25.92103,-9.237646,13.82355,-25.9973,             57P    797
-8.990191,13.30239,-26.1127,-8.905757,13.12686,-26.15058,             57P    798
-8.713326,12.73402,-26.23249,-8.608326,12.51636,-26.28196,            57P    799
-8.422229,12.14052,-26.36233,-8.342933,11.98192,-26.39579,            57P    800
-8.163636,11.6266,-26.47032,-8.065739,11.42925,-26.51482,             57P    801
-7.881346,11.07439,-26.58563,-7.798442,10.91537,-26.61747,            57P    802
-7.703033,10.76116,-26.63156,-7.678412,10.72575,-26.63182,            57P    803
-7.653903,10.69025,-26.63224,-7.629339,10.65479,-26.63258,            57P    804
-7.599466,10.61605,-26.62994,-7.569567,10.57734,-26.62724,            57P    805
-7.539721,10.53857,-26.62467,-7.456653,10.43712,-26.61298,            57P    806
-7.368249,10.34133,-26.59398,-7.232648,10.19746,-26.56722,            57P    807
-7.185177,10.14996,-26.55666,-7.032822,9.997655,-26.52464,            57P    808
-6.926522,9.893935,-26.505,-6.70194,9.680774,-26.46672,               57P    809
-6.582787,9.5725,-26.44761,-6.359863,9.392157,-26.40574,              57P    810
-6.260657,9.313965,-26.38914,-5.982325,9.09649,-26.34868,             57P    811
-5.792367,8.97469,-26.31472,-5.601002,8.85351,-26.29057,              57P    812
-5.464417,8.776405,-26.26791,-5.325731,8.702193,-26.248,              57P    813
-5.185387,8.630455,-26.23141,-5.046521,8.565915,-26.21168,            57P    814
-4.907576,8.499405,-26.19794,-4.649093,8.393332,-26.17325,            57P    815
-4.530195,8.352423,-26.16164,-4.411965,8.309134,-26.15512,            57P    816
-4.318616,8.282446,-26.14639,-4.224863,8.256641,-26.13953,            57P    817
-4.130717,8.231938,-26.13442,-4.038146,8.214233,-26.12644,            57P    818
-3.945228,8.197512,-26.12034,-3.852055,8.181792,-26.11613,            57P    819
-3.760027,8.173135,-26.10903,-3.667761,8.165422,-26.10392,            57P    820
-3.575356,8.158663,-26.10081,-3.484276,8.159458,-26.09469,            57P    821
-3.393069,8.161159,-26.09066,-3.301841,8.163762,-26.08873,            57P    822
-3.210833,8.174255,-26.08372,-3.11981,8.185641,-26.08094,             57P    823
-3.028891,8.197903,-26.08041,-2.938354,8.218157,-26.07688,            57P    824
-2.847928,8.239295,-26.07572,-2.75774,8.261285,-26.07693,             57P    825
-2.671387,8.290671,-26.07512,-2.585268,8.320877,-26.07563,            57P    826
-2.499499,8.351862,-26.07843,-2.417691,8.390129,-26.07817,            57P    827
-2.336237,8.429164,-26.08012,-2.255242,8.468915,-26.08429,            57P    828
-2.216472,8.492709,-26.08538,-2.177703,8.516502,-26.08647,            57P    829
-2.138933,8.540295,-26.08756,0.,67.11320285,0.,0.,0.;                 57P    830
126,198,3,0,0,1,0,0.,0.,0.,0.,1.,1.,1.,2.,2.,2.,3.,3.,3.,4.,4.,       59P    831
4.,5.,5.,5.,6.,6.,6.,7.,7.,7.,8.,8.,8.,9.,9.,9.,10.,10.,              59P    832
10.68590701,10.68590701,10.68590701,11.68590701,11.68590701,          59P    833
12.2551083,12.2551083,12.83164486,12.83164486,13.29671376,            59P    834
13.29671376,13.88496959,13.88496959,14.38570503,14.38570503,          59P    835
14.65280068,14.65280068,14.65280068,15.65280068,15.65280068,          59P    836
15.65280068,16.65280068,16.65280068,16.65280068,17.65280068,          59P    837
17.65280068,17.65280068,18.65280068,18.65280068,18.65280068,          59P    838
19.65280068,19.65280068,19.65280068,20.65280068,20.65280068,          59P    839
20.65280068,21.65280068,21.65280068,22.19009041,22.19009041,          59P    840
22.28836955,22.28836955,22.28836955,23.28836955,23.28836955,          59P    841
23.28836955,24.28836955,24.28836955,24.28836955,25.28836955,          59P    842
25.28836955,25.28836955,26.28836955,26.28836955,26.28836955,          59P    843
27.28836955,27.28836955,27.28836955,28.28836955,28.28836955,          59P    844
28.28836955,29.28836955,29.28836955,29.28836955,30.28836955,          59P    845
30.28836955,30.28836955,31.28836955,31.28836955,31.28836955,          59P    846
32.28836955,32.28836955,32.28836955,33.28836955,33.28836955,          59P    847
33.28836955,34.28836955,34.28836955,34.28836955,35.28836955,          59P    848
35.28836955,35.28836955,36.28836955,36.28836955,36.28836955,          59P    849
37.28836955,37.28836955,37.28836955,38.28836955,38.28836955,          59P    850
38.28836955,39.28836955,39.28836955,40.06300247,40.06300247,          59P    851
40.06300247,41.06300247,41.06300247,41.06300247,42.06300247,          59P    852
42.06300247,42.06300247,43.06300247,43.06300247,44.42348771,          59P    853
44.42348771,45.76161164,45.76161164,47.00686829,47.00686829,          59P    854
48.81951473,48.81951473,49.42045243,49.42045243,49.42045243,          59P    855
50.42045243,50.42045243,50.42045243,51.42045243,51.42045243,          59P    856
51.42045243,52.42045243,52.42045243,52.93699511,52.93699511,          59P    857
54.07595416,54.07595416,55.30837765,55.30837765,56.2776321,           59P    858
56.2776321,58.00959519,58.00959519,58.00959519,59.00959519,           59P    859
59.00959519,59.00959519,60.00959519,60.00959519,60.8261121,           59P    860
60.8261121,60.8261121,61.8261121,61.8261121,61.8261121,               59P    861
62.8261121,62.8261121,62.8261121,63.8261121,63.8261121,               59P    862
63.8261121,64.8261121,64.8261121,64.8261121,65.8261121,               59P    863
65.8261121,65.8261121,66.8261121,66.8261121,66.8261121,               59P    864
67.8261121,67.8261121,67.8261121,68.8261121,68.8261121,               59P    865
68.8261121,69.8261121,69.8261121,69.8261121,69.8261121,1.,1.,1.,      59P    866
1.,1.,1.,1.,1.,1.,1.,1.,1.,1.,1.,1.,1.,1.,1.,1.,1.,1.,1.,1.,1.,       59P    867
1.,1.,1.,1.,1.,1.,1.,1.,1.,1.,1.,1.,1.,1.,1.,1.,1.,1.,1.,1.,1.,       59P    868
1.,1.,1.,1.,1.,1.,1.,1.,1.,1.,1.,1.,1.,1.,1.,1.,1.,1.,1.,1.,1.,       59P    869
1.,1.,1.,1.,1.,1.,1.,1.,1.,1.,1.,1.,1.,1.,1.,1.,1.,1.,1.,1.,1.,       59P    870
1.,1.,1.,1.,1.,1.,1.,1.,1.,1.,1.,1.,1.,1.,1.,1.,1.,1.,1.,1.,1.,       59P    871
1.,1.,1.,1.,1.,1.,1.,1.,1.,1.,1.,1.,1.,1.,1.,1.,1.,1.,1.,1.,1.,       59P    872
1.,1.,1.,1.,1.,1.,1.,1.,1.,1.,1.,1.,1.,1.,1.,1.,1.,1.,1.,1.,1.,       59P    873
1.,1.,1.,1.,1.,1.,1.,1.,1.,1.,1.,1.,1.,1.,1.,1.,1.,1.,1.,1.,1.,       59P    874
1.,1.,1.,1.,1.,1.,1.,1.,1.,1.,1.,1.,1.,1.,1.,1.,1.,1.,1.,1.,1.,       59P    875
1.,1.,1.,1.,1.,1.,1.,26.31921,19.51663,-11.74152,26.29541,            59P    876
19.54299,-11.74829,26.27162,19.56935,-11.75505,26.24782,              59P    877
19.59571,-11.76182,26.19653,19.64409,-11.78107,26.14605,              59P    878
19.69289,-11.80141,26.09641,19.74208,-11.82282,26.04287,              59P    879
19.78614,-11.84935,25.9901,19.83051,-11.87687,25.93821,19.87521,      59P    880
-11.90551,25.86781,19.92554,-11.9474,25.79913,19.97638,               59P    881
-11.99147,25.73104,20.02736,-12.03627,25.64245,20.07914,              59P    882
-12.09868,25.55658,20.13138,-12.16444,25.47119,20.18362,              59P    883
-12.23077,25.37909,20.2269,-12.30611,25.28858,20.27025,               59P    884
-12.38335,25.19953,20.31348,-12.4623,25.1051,20.34861,-12.54781,      59P    885
25.01204,20.38357,-12.63492,24.92038,20.41821,-12.72358,              59P    886
24.77474,20.45907,-12.86575,24.63203,20.49912,-13.01116,              59P    887
24.49222,20.53784,-13.15965,24.34649,20.56403,-13.31416,              59P    888
24.20329,20.589,-13.47126,24.06249,20.61214,-13.63074,23.91182,       59P    889
20.63277,-13.80086,23.76404,20.6529,-13.97365,23.51677,20.66975,      59P    890
-14.26794,23.41759,20.67836,-14.3887,23.3191,20.68347,-14.51025,      59P    891
23.00801,20.67575,-14.88686,22.70442,20.65787,-15.26943,              59P    892
22.23803,20.6135,-15.87623,22.07107,20.59417,-16.09785,21.73454,      59P    893
20.53356,-16.54109,21.56805,20.50431,-16.76644,21.26657,              59P    894
20.43353,-17.17035,21.13307,20.40078,-17.35127,20.83165,              59P    895
20.31906,-17.76037,20.66702,20.27703,-17.9922,20.36248,20.18617,      59P    896
-18.41901,20.22282,20.1408,-18.6147,20.00771,20.06235,-18.91195,      59P    897
19.93351,20.0362,-19.01604,19.85896,20.00721,-19.11919,19.76669,      59P    898
19.97957,-19.2586,19.67477,19.95007,-19.39785,19.58315,19.9189,       59P    899
-19.53693,19.57991,19.92162,-19.54835,19.57667,19.92433,              59P    900
-19.55977,19.57343,19.92704,-19.5712,19.43645,19.90578,               59P    901
-19.82224,19.29836,19.88356,-20.0726,19.15916,19.86038,               59P    902
-20.32226,18.96893,19.84068,-20.68381,18.77642,19.81899,              59P    903
-21.04406,18.58169,19.79535,-21.40298,18.40439,19.78259,              59P    904
-21.74457,18.2251,19.76806,-22.08506,18.04385,19.75183,               59P    905
-22.42443,17.84924,19.72054,-22.76538,17.65266,19.68753,              59P    906
-23.10504,17.45414,19.65283,-23.4434,17.31354,19.62468,               59P    907
-23.67661,17.17307,19.59693,-23.90996,16.95414,19.55117,              59P    908
-24.26647,16.8774,19.53493,-24.3909,16.78614,19.51516,-24.53773,      59P    909
16.77191,19.51195,-24.56034,16.7578,19.50888,-24.58304,16.73046,      59P    910
19.50725,-24.63416,16.704,19.50703,-24.68578,16.6771,19.5061,         59P    911
-24.73715,16.64713,19.50012,-24.78606,16.61711,19.49411,              59P    912
-24.83493,16.58706,19.48805,-24.88378,16.54587,19.47051,              59P    913
-24.93519,16.50467,19.45298,-24.98661,16.46348,19.43544,              59P    914
-25.03802,16.41755,19.41146,-25.08776,16.37162,19.38749,              59P    915
-25.13749,16.32569,19.36351,-25.18723,16.27583,19.33362,              59P    916
-25.23466,16.22591,19.30369,-25.28202,16.17595,19.27372,              59P    917
-25.32929,16.12514,19.23977,-25.37143,16.07434,19.20582,              59P    918
-25.41358,16.02354,19.17187,-25.45572,15.97189,19.13394,              59P    919
-25.49263,15.92024,19.096,-25.52954,15.86858,19.05806,-25.56646,      59P    920
15.81712,19.01687,-25.59736,15.76566,18.97568,-25.62826,15.7142,      59P    921
18.9345,-25.65916,15.66296,18.89009,-25.68403,15.61173,18.84568,      59P    922
-25.70891,15.5605,18.80127,-25.73379,15.50986,18.7536,-25.75186,      59P    923
15.45922,18.70591,-25.76994,15.4086,18.65825,-25.78801,15.26272,      59P    924
18.51422,-25.82869,15.1245,18.35627,-25.83075,14.98792,18.19941,      59P    925
-25.83087,14.96296,18.16874,-25.82754,14.93802,18.13813,              59P    926
-25.82428,14.91306,18.10749,-25.82099,14.87156,18.05418,              59P    927
-25.81151,14.83006,18.00086,-25.80203,14.78856,17.94755,              59P    928
-25.79256,14.71174,17.85833,-25.79041,14.63492,17.7691,               59P    929
-25.78827,14.5581,17.67988,-25.78612,14.27611,17.36263,               59P    930
-25.79455,13.98952,17.05012,-25.81668,13.70544,16.73481,              59P    931
-25.82649,13.42168,16.41546,-25.82905,13.13806,16.09597,              59P    932
-25.82826,12.85474,15.77625,-25.8237,12.57622,15.46845,               59P    933
-25.82998,12.29899,15.1594,-25.82896,11.80475,14.61308,               59P    934
-25.83018,11.58753,14.37594,-25.83369,11.37165,14.13758,              59P    935
-25.83135,11.22835,13.98819,-25.84435,11.08523,13.83857,              59P    936
-25.85577,10.94197,13.68901,-25.86688,10.91236,13.6514,               59P    937
-25.85814,10.88274,13.61378,-25.84939,10.85313,13.57617,              59P    938
-25.84065,10.71371,13.44842,-25.88039,10.57471,13.32005,              59P    939
-25.9196,10.24794,13.01475,-26.0093,10.06014,12.83846,-26.0618,       59P    940
9.68962,12.48552,-26.16211,9.507297,12.30816,-26.20869,9.154865,      59P    941
11.96829,-26.30586,8.985551,11.80352,-26.35172,8.57305,11.39443,      59P    942
-26.45932,8.327021,11.15516,-26.53023,8.007367,10.82411,              59P    943
-26.6063,7.928879,10.73992,-26.62273,7.85414,10.65137,-26.6315,       59P    944
7.828,10.61706,-26.63187,7.801852,10.58275,-26.63222,7.775709,        59P    945
10.54844,-26.63258,7.748096,10.50806,-26.62994,7.720525,              59P    946
10.46766,-26.62724,7.692872,10.4273,-26.62467,7.622053,10.31694,      59P    947
-26.61298,7.558276,10.20327,-26.59398,7.463351,10.02985,              59P    948
-26.56722,7.432846,9.970019,-26.55666,7.335073,9.778056,              59P    949
-26.52464,7.269278,9.644907,-26.505,7.135949,9.365446,-26.46672,      59P    950
7.069795,9.218666,-26.44761,6.967165,8.950924,-26.40574,              59P    951
6.923457,8.832411,-26.38914,6.802636,8.500498,-26.34868,              59P    952
6.745497,8.2822,-26.31472,6.689382,8.062753,-26.29057,6.658258,       59P    953
7.909027,-26.26791,6.630535,7.754196,-26.248,6.605677,7.598552,       59P    954
-26.23141,6.587207,7.44654,-26.21168,6.566889,7.293842,               59P    955
-26.19794,6.545883,7.015232,-26.17325,6.543718,6.889512,              59P    956
-26.16164,6.539083,6.763691,-26.15512,6.542547,6.666664,              59P    957
-26.14639,6.546976,6.569525,-26.13953,6.552575,6.472354,              59P    958
-26.13442,6.564343,6.378842,-26.12644,6.577153,6.285305,              59P    959
-26.12034,6.590994,6.191834,-26.11613,6.611199,6.101635,              59P    960
-26.10903,6.632376,6.011501,-26.10392,6.654502,5.92153,               59P    961
-26.10081,6.683403,5.835154,-26.09469,6.713205,5.748936,              59P    962
-26.09066,6.743872,5.662978,-26.08873,6.781974,5.579667,              59P    963
-26.08372,6.82093,5.496617,-26.08094,6.860688,5.413937,               59P    964
-26.08041,6.907928,5.33409,-26.07688,6.955974,5.254622,               59P    965
-26.07572,7.004758,5.175643,-26.07693,7.05939,5.102598,               59P    966
-26.07512,7.114729,5.030028,-26.07563,7.170701,4.958032,              59P    967
-26.07843,7.232376,4.892053,-26.07817,7.294671,4.826647,              59P    968
-26.08012,7.357506,4.7619,-26.08429,7.392115,4.732381,-26.08538,      59P    969
7.426724,4.702861,-26.08647,7.461333,4.673342,-26.08756,0.,           59P    970
69.8261121,0.,0.,0.;                                                  59P    971
126,199,3,0,0,1,0,0.,0.,0.,0.,1.,1.,1.,2.,2.,2.,3.,3.,3.,4.,4.,       61P    972
4.,5.,5.,5.,6.,6.,6.,7.,7.,7.,8.,8.,8.,9.,9.,9.620505016,             61P    973
9.620505016,10.48013241,10.48013241,11.35816539,11.35816539,          61P    974
11.35816539,12.35816539,12.35816539,13.08783025,13.08783025,          61P    975
13.83162363,13.83162363,14.58135283,14.58135283,15.33690497,          61P    976
15.33690497,16.02582908,16.02582908,16.48396611,16.48396611,          61P    977
16.48396611,17.48396611,17.48396611,17.48396611,18.48396611,          61P    978
18.48396611,18.48396611,19.48396611,19.48396611,19.48396611,          61P    979
20.48396611,20.48396611,20.48396611,21.48396611,21.48396611,          61P    980
21.48396611,22.48396611,22.48396611,22.48396611,23.48396611,          61P    981
23.48396611,24.02125584,24.02125584,24.11953498,24.11953498,          61P    982
24.11953498,25.11953498,25.11953498,25.11953498,26.11953498,          61P    983
26.11953498,26.11953498,27.11953498,27.11953498,27.11953498,          61P    984
28.11953498,28.11953498,28.11953498,29.11953498,29.11953498,          61P    985
29.11953498,30.11953498,30.11953498,30.11953498,31.11953498,          61P    986
31.11953498,31.11953498,32.11953498,32.11953498,32.11953498,          61P    987
33.11953498,33.11953498,33.11953498,34.11953498,34.11953498,          61P    988
34.11953498,35.11953498,35.11953498,35.11953498,36.11953498,          61P    989
36.11953498,36.11953498,37.11953498,37.11953498,37.11953498,          61P    990
38.11953498,38.11953498,38.11953498,39.11953498,39.11953498,          61P    991
39.11953498,40.11953498,40.11953498,40.11953498,41.11953498,          61P    992
41.11953498,41.89416792,41.89416792,41.89416792,42.89416792,          61P    993
42.89416792,42.89416792,43.89416792,43.89416792,43.89416792,          61P    994
44.89416792,44.89416792,45.66469477,45.66469477,47.13550301,          61P    995
47.13550301,47.83575694,47.83575694,48.56021075,48.56021075,          61P    996
49.41225234,49.41225234,49.41225234,50.41225234,50.41225234,          61P    997
50.41225234,51.41225234,51.41225234,51.41225234,52.41225234,          61P    998
52.41225234,52.92879494,52.92879494,54.06775382,54.06775382,          61P    999
55.30017701,55.30017701,56.26943113,56.26943113,58.00139347,          61P   1000
58.00139347,58.00139347,59.00139347,59.00139347,59.00139347,          61P   1001
60.00139347,60.00139347,60.81791035,60.81791035,60.81791035,          61P   1002
61.81791035,61.81791035,61.81791035,62.81791035,62.81791035,          61P   1003
62.81791035,63.81791035,63.81791035,63.81791035,64.81791035,          61P   1004
64.81791035,64.81791035,65.81791035,65.81791035,65.81791035,          61P   1005
66.81791035,66.81791035,66.81791035,67.81791035,67.81791035,          61P   1006
67.81791035,68.81791035,68.81791035,68.81791035,69.81791035,          61P   1007
69.81791035,69.81791035,69.81791035,1.,1.,1.,1.,1.,1.,1.,1.,1.,       61P   1008
1.,1.,1.,1.,1.,1.,1.,1.,1.,1.,1.,1.,1.,1.,1.,1.,1.,1.,1.,1.,1.,       61P   1009
1.,1.,1.,1.,1.,1.,1.,1.,1.,1.,1.,1.,1.,1.,1.,1.,1.,1.,1.,1.,1.,       61P   1010
1.,1.,1.,1.,1.,1.,1.,1.,1.,1.,1.,1.,1.,1.,1.,1.,1.,1.,1.,1.,1.,       61P   1011
1.,1.,1.,1.,1.,1.,1.,1.,1.,1.,1.,1.,1.,1.,1.,1.,1.,1.,1.,1.,1.,       61P   1012
1.,1.,1.,1.,1.,1.,1.,1.,1.,1.,1.,1.,1.,1.,1.,1.,1.,1.,1.,1.,1.,       61P   1013
1.,1.,1.,1.,1.,1.,1.,1.,1.,1.,1.,1.,1.,1.,1.,1.,1.,1.,1.,1.,1.,       61P   1014
1.,1.,1.,1.,1.,1.,1.,1.,1.,1.,1.,1.,1.,1.,1.,1.,1.,1.,1.,1.,1.,       61P   1015
1.,1.,1.,1.,1.,1.,1.,1.,1.,1.,1.,1.,1.,1.,1.,1.,1.,1.,1.,1.,1.,       61P   1016
1.,1.,1.,1.,1.,1.,1.,1.,1.,1.,1.,1.,1.,1.,1.,1.,1.,1.,1.,1.,1.,       61P   1017
1.,1.,26.6945,-19.00009,-11.74152,26.71221,-18.96931,-11.74829,       61P   1018
26.72993,-18.93853,-11.75505,26.74765,-18.90776,-11.76182,            61P   1019
26.77781,-18.84402,-11.78107,26.80862,-18.78093,-11.80141,            61P   1020
26.84007,-18.71852,-11.82282,26.86543,-18.65399,-11.84935,            61P   1021
26.89132,-18.59009,-11.87687,26.9178,-18.52693,-11.90551,             61P   1022
26.94391,-18.44442,-11.9474,26.97103,-18.36339,-11.99147,             61P   1023
26.99848,-18.28288,-12.03627,27.02035,-18.18262,-12.09868,            61P   1024
27.04349,-18.08482,-12.16444,27.06679,-17.98746,-12.23077,            61P   1025
27.07949,-17.88649,-12.30611,27.09275,-17.78702,-12.38335,            61P   1026
27.10635,-17.68897,-12.4623,27.11058,-17.5883,-12.54781,              61P   1027
27.11507,-17.489,-12.63492,27.11969,-17.39112,-12.72358,              61P   1028
27.11354,-17.23998,-12.86575,27.10755,-17.09187,-13.01116,            61P   1029
27.10115,-16.94695,-13.15965,27.08538,-16.82437,-13.28824,            61P   1030
27.066,-16.70484,-13.41909,27.04017,-16.51242,-13.63319,              61P   1031
27.02434,-16.44087,-13.71609,26.99557,-16.26912,-13.91442,            61P   1032
26.97277,-16.17231,-14.03103,26.92592,-15.97829,-14.26791,            61P   1033
26.90213,-15.88164,-14.3887,26.87727,-15.78622,-14.51027,             61P   1034
26.7965,-15.55925,-14.80166,26.71324,-15.33802,-15.09693,             61P   1035
26.55766,-14.9658,-15.61164,26.4924,-14.81154,-15.831,26.34458,       61P   1036
-14.5067,-16.27327,26.2622,-14.35595,-16.49608,26.09644,              61P   1037
-14.05776,-16.94604,26.00601,-13.91086,-17.17113,25.81907,            61P   1038
-13.61992,-17.62312,25.727,-13.47624,-17.85227,25.54567,              61P   1039
-13.20601,-18.29085,25.45651,-13.07898,-18.50014,25.29531,            61P   1040
-12.86975,-18.84415,25.23142,-12.7867,-18.98209,25.16475,             61P   1041
-12.70443,-19.11919,25.10994,-12.62523,-19.2586,25.05348,             61P   1042
-12.54691,-19.39785,24.99553,-12.46941,-19.53693,24.99711,            61P   1043
-12.46549,-19.54835,24.99869,-12.46157,-19.55977,25.00027,            61P   1044
-12.45765,-19.5712,24.93772,-12.33394,-19.82224,24.87391,             61P   1045
-12.20947,-20.0726,24.80885,-12.08426,-20.32226,24.73132,             61P   1046
-11.90942,-20.68381,24.65121,-11.73304,-21.04406,24.56856,            61P   1047
-11.55514,-21.40298,24.50163,-11.39047,-21.74457,24.43241,            61P   1048
-11.22443,-22.08506,24.36096,-11.05707,-22.42443,24.27106,            61P   1049
-10.88166,-22.76538,24.17892,-10.7049,-23.10504,24.08458,             61P   1050
-10.52682,-23.4434,24.01436,-10.4018,-23.67661,23.94456,              61P   1051
-10.27678,-23.90996,23.83338,-10.08271,-24.26647,23.79423,            61P   1052
-10.01474,-24.3909,23.74722,-9.934056,-24.53773,23.73977,             61P   1053
-9.921517,-24.56034,23.73249,-9.909038,-24.58304,23.7225,             61P   1054
-9.88354,-24.63416,23.71411,-9.858445,-24.68578,23.70491,             61P   1055
-9.833146,-24.73715,23.68996,-9.806491,-24.78606,23.67497,            61P   1056
-9.779806,-24.83493,23.65992,-9.753094,-24.88378,23.63051,            61P   1057
-9.719336,-24.93519,23.6011,-9.685578,-24.98661,23.57169,             61P   1058
-9.65182,-25.03802,23.5347,-9.615547,-25.08776,23.4977,               61P   1059
-9.579275,-25.13749,23.46071,-9.543002,-25.18723,23.41687,            61P   1060
-9.504817,-25.23466,23.37298,-9.466595,-25.28202,23.32904,            61P   1061
-9.428335,-25.32929,23.28105,-9.390511,-25.37143,23.23307,            61P   1062
-9.352687,-25.41358,23.18508,-9.314863,-25.45572,23.13308,            61P   1063
-9.277491,-25.49272,23.08104,-9.240089,-25.52963,23.02895,            61P   1064
-9.202657,-25.56646,22.97393,-9.166477,-25.59748,22.9188,             61P   1065
-9.130224,-25.62825,22.86373,-9.094011,-25.65916,22.80566,            61P   1066
-9.059008,-25.68403,22.7476,-9.024004,-25.70891,22.68953,             61P   1067
-8.989001,-25.73379,22.62854,-8.95558,-25.75186,22.56754,             61P   1068
-8.922152,-25.76994,22.50657,-8.888738,-25.78801,22.32451,            61P   1069
-8.794509,-25.82869,22.13157,-8.711855,-25.83075,21.94019,            61P   1070
-8.630437,-25.83087,21.90331,-8.616177,-25.82754,21.86649,            61P   1071
-8.601911,-25.82428,21.82963,-8.587648,-25.82099,21.76607,            61P   1072
-8.564636,-25.81151,21.7025,-8.541625,-25.80203,21.63893,             61P   1073
-8.518613,-25.79256,21.53038,-8.473142,-25.79041,21.42182,            61P   1074
-8.42767,-25.78827,21.31326,-8.382198,-25.78612,20.9244,              61P   1075
-8.212046,-25.79455,20.53863,-8.036047,-25.81668,20.15096,            61P   1076
-7.86331,-25.82649,19.75956,-7.692123,-25.82905,19.36805,             61P   1077
-7.521113,-25.82826,18.97644,-7.350456,-25.8237,18.59763,             61P   1078
-7.180684,-25.82998,18.21804,-7.012525,-25.82896,17.54573,            61P   1079
-6.711296,-25.83018,17.25307,-6.577984,-25.83369,16.95967,            61P   1080
-6.446336,-25.83135,16.77331,-6.356214,-25.84435,16.58679,            61P   1081
-6.266325,-25.85577,16.40028,-6.176298,-25.86688,16.35535,            61P   1082
-6.159758,-25.85813,16.31043,-6.14321,-25.84941,16.2655,              61P   1083
-6.126678,-25.84063,16.04624,-6.002414,-25.89399,15.82558,            61P   1084
-5.879629,-25.94503,15.43379,-5.663999,-26.03463,15.26354,            61P   1085
-5.570159,-26.07483,14.76417,-5.301565,-26.18377,14.43546,            61P   1086
-5.12714,-26.25523,13.95007,-4.871123,-26.36309,13.7922,              61P   1087
-4.78983,-26.39546,13.47166,-4.624701,-26.46344,13.3093,              61P   1088
-4.539746,-26.50021,12.95255,-4.35999,-26.5727,12.75977,              61P   1089
-4.261627,-26.61391,12.55718,-4.178136,-26.6317,12.51635,             61P   1090
-4.164134,-26.63169,12.47571,-4.149706,-26.63229,12.43498,            61P   1091
-4.135491,-26.63258,12.38805,-4.121709,-26.62994,12.34111,            61P   1092
-4.10797,-26.62724,12.29417,-4.094144,-26.62467,12.16733,             61P   1093
-4.060893,-26.61298,12.03951,-4.035365,-26.59398,11.84525,            61P   1094
-3.998676,-26.56722,11.77892,-3.988151,-26.55666,11.56614,            61P   1095
-3.954483,-26.52464,11.41918,-3.933054,-26.505,11.11219,              61P   1096
-3.892609,-26.46672,10.95215,-3.87505,-26.44761,10.6658,              61P   1097
-3.86018,-26.40574,10.53958,-3.855234,-26.38914,10.18658,             61P   1098
-3.842893,-26.34868,9.961308,-3.856008,-26.31472,9.735262,            61P   1099
-3.870453,-26.29057,9.579441,-3.888356,-26.26791,9.423622,            61P   1100
-3.909836,-26.248,9.267914,-3.934291,-26.23141,9.117634,-3.9637,      61P   1101
-26.21168,8.966131,-3.991562,-26.19794,8.694667,-4.05768,             61P   1102
-26.17325,8.574431,-4.09447,-26.16164,8.453336,-4.128943,             61P   1103
-26.15512,8.362128,-4.162221,-26.14639,8.271112,-4.196451,            61P   1104
-26.13953,8.180427,-4.231803,-26.13442,8.095129,-4.271892,            61P   1105
-26.12644,8.010129,-4.31298,-26.12034,7.92551,-4.355027,              61P   1106
-26.11613,7.845969,-4.402116,-26.10903,7.766791,-4.45011,             61P   1107
-26.10392,7.688061,-4.498956,-26.10081,7.614843,-4.553135,            61P   1108
-26.09469,7.542055,-4.608121,-26.09066,7.46978,-4.663849,             61P   1109
-26.08873,7.402321,-4.725831,-26.08372,7.335374,-4.788544,            61P   1110
-26.08094,7.269027,-4.851906,-26.08041,7.207686,-4.921508,            61P   1111
-26.07688,7.146954,-4.99176,-26.07572,7.086916,-5.062562,             61P   1112
-26.07693,7.034329,-5.137092,-26.07512,6.982411,-5.212148,            61P   1113
-26.07563,6.931235,-5.287629,-26.07843,6.887544,-5.366674,            61P   1114
-26.07817,6.84459,-5.446131,-26.08012,6.802429,-5.525899,             61P   1115
-26.08429,6.78505,-5.567935,-26.08538,6.767671,-5.609972,             61P   1116
-26.08647,6.750291,-5.652008,-26.08756,0.,69.81791035,0.,0.,0.;       61P   1117
126,200,3,0,0,1,0,0.,0.,0.,0.,1.,1.,1.,2.,2.,2.,3.,3.,3.,4.,4.,       63P   1118
4.,5.,5.,5.,6.,6.,6.,7.,7.,7.,8.,8.,8.278961539,8.278961539,          63P   1119
9.214786746,9.214786746,10.3111352,10.3111352,11.23695899,            63P   1120
11.23695899,11.23695899,12.23695899,12.23695899,12.96662424,          63P   1121
12.96662424,13.71041823,13.71041823,14.46014811,14.46014811,          63P   1122
15.21570209,15.21570209,15.90462517,15.90462517,16.36276264,          63P   1123
16.36276264,16.36276264,17.36276264,17.36276264,18.36432212,          63P   1124
18.36432212,18.36432212,19.36432212,19.36432212,19.36432212,          63P   1125
20.36432212,20.36432212,20.36432212,21.36432212,21.36432212,          63P   1126
21.36432212,22.36432212,22.36432212,22.36432212,23.36432212,          63P   1127
23.36432212,23.36432212,24.36432212,24.36432212,24.90161184,          63P   1128
24.90161184,24.99989098,24.99989098,24.99989098,25.99989098,          63P   1129
25.99989098,25.99989098,26.99989098,26.99989098,26.99989098,          63P   1130
27.99989098,27.99989098,27.99989098,28.99989098,28.99989098,          63P   1131
28.99989098,29.99989098,29.99989098,29.99989098,30.99989098,          63P   1132
30.99989098,30.99989098,31.99989098,31.99989098,31.99989098,          63P   1133
32.99989098,32.99989098,32.99989098,33.99989098,33.99989098,          63P   1134
33.99989098,34.99989098,34.99989098,34.99989098,35.99989098,          63P   1135
35.99989098,35.99989098,36.99989098,36.99989098,36.99989098,          63P   1136
37.99989098,37.99989098,37.99989098,38.99989098,38.99989098,          63P   1137
38.99989098,39.99989098,39.99989098,39.99989098,40.99989098,          63P   1138
40.99989098,40.99989098,41.99989098,41.99989098,42.77452393,          63P   1139
42.77452393,42.77452393,43.77452393,43.77452393,43.77452393,          63P   1140
44.77452393,44.77452393,44.77452393,45.77452393,45.77452393,          63P   1141
46.5450499,46.5450499,48.01585786,48.01585786,49.44077705,            63P   1142
49.44077705,50.04383826,50.04383826,50.29318734,50.29318734,          63P   1143
50.29318734,51.29318734,51.29318734,51.29318734,52.29318734,          63P   1144
52.29318734,52.29318734,53.29318734,53.29318734,53.8097298,           63P   1145
53.8097298,54.94868861,54.94868861,56.18111177,56.18111177,           63P   1146
57.15036593,57.15036593,58.88232844,58.88232844,58.88232844,          63P   1147
59.88232844,59.88232844,59.88232844,60.88232844,60.88232844,          63P   1148
61.69884538,61.69884538,61.69884538,62.69884538,62.69884538,          63P   1149
62.69884538,63.69884538,63.69884538,63.69884538,64.69884538,          63P   1150
64.69884538,64.69884538,65.69884538,65.69884538,65.69884538,          63P   1151
66.69884538,66.69884538,66.69884538,67.69884538,67.69884538,          63P   1152
67.69884538,68.69884538,68.69884538,68.69884538,69.69884538,          63P   1153
69.69884538,69.69884538,70.69884538,70.69884538,70.69884538,          63P   1154
70.69884538,1.,1.,1.,1.,1.,1.,1.,1.,1.,1.,1.,1.,1.,1.,1.,1.,1.,       63P   1155
1.,1.,1.,1.,1.,1.,1.,1.,1.,1.,1.,1.,1.,1.,1.,1.,1.,1.,1.,1.,1.,       63P   1156
1.,1.,1.,1.,1.,1.,1.,1.,1.,1.,1.,1.,1.,1.,1.,1.,1.,1.,1.,1.,1.,       63P   1157
1.,1.,1.,1.,1.,1.,1.,1.,1.,1.,1.,1.,1.,1.,1.,1.,1.,1.,1.,1.,1.,       63P   1158
1.,1.,1.,1.,1.,1.,1.,1.,1.,1.,1.,1.,1.,1.,1.,1.,1.,1.,1.,1.,1.,       63P   1159
1.,1.,1.,1.,1.,1.,1.,1.,1.,1.,1.,1.,1.,1.,1.,1.,1.,1.,1.,1.,1.,       63P   1160
1.,1.,1.,1.,1.,1.,1.,1.,1.,1.,1.,1.,1.,1.,1.,1.,1.,1.,1.,1.,1.,       63P   1161
1.,1.,1.,1.,1.,1.,1.,1.,1.,1.,1.,1.,1.,1.,1.,1.,1.,1.,1.,1.,1.,       63P   1162
1.,1.,1.,1.,1.,1.,1.,1.,1.,1.,1.,1.,1.,1.,1.,1.,1.,1.,1.,1.,1.,       63P   1163
1.,1.,1.,1.,1.,1.,1.,1.,1.,1.,1.,1.,1.,1.,1.,1.,-9.821108,            63P   1164
-31.25933,-11.74152,-9.786366,-31.26668,-11.7483,-9.751606,           63P   1165
-31.27399,-11.75503,-9.716882,-31.28137,-11.76185,-9.646982,          63P   1166
-31.29044,-11.78121,-9.577449,-31.30021,-11.80149,-9.508362,          63P   1167
-31.31081,-11.82288,-9.43916,-31.31499,-11.84942,-9.370422,           63P   1168
-31.31992,-11.87701,-9.302091,-31.32547,-11.90549,-9.215273,          63P   1169
-31.32444,-11.94683,-9.130327,-31.32585,-11.99188,-9.045061,          63P   1170
-31.32679,-12.03625,-8.94296,-31.31663,-12.09868,-8.842736,           63P   1171
-31.30836,-12.16435,-8.743006,-31.30049,-12.23078,-8.64304,           63P   1172
-31.28136,-12.3061,-8.544344,-31.26323,-12.38336,-8.446888,           63P   1173
-31.24586,-12.4623,-8.349861,-31.21875,-12.54782,-8.253982,           63P   1174
-31.19241,-12.6349,-8.159535,-31.16646,-12.7236,-8.029077,            63P   1175
-31.11887,-12.85379,-7.90236,-31.07022,-12.98718,-7.741434,           63P   1176
-31.01202,-13.16035,-7.708784,-30.99616,-13.19912,-7.566651,          63P   1177
-30.92413,-13.36658,-7.456991,-30.87425,-13.49786,-7.228879,          63P   1178
-30.75414,-13.78606,-7.108687,-30.68904,-13.94379,-6.897191,          63P   1179
-30.55868,-14.23767,-6.801391,-30.49996,-14.37337,-6.708071,          63P   1180
-30.44,-14.51027,-6.517141,-30.29307,-14.80166,-6.33249,              63P   1181
-30.1455,-15.09693,-6.026555,-29.88253,-15.61164,-5.900012,           63P   1182
-29.77279,-15.831,-5.655777,-29.538,-16.27327,-5.537859,              63P   1183
-29.41307,-16.49608,-5.305484,-29.16328,-16.94604,-5.19372,           63P   1184
-29.03189,-17.17113,-4.974787,-28.76418,-17.62312,-4.866591,          63P   1185
-28.63222,-17.85227,-4.66562,-28.37626,-18.29085,-4.57236,            63P   1186
-28.25221,-18.50014,-4.423182,-28.03424,-18.84415,-4.363942,          63P   1187
-27.94781,-18.98209,-4.306297,-27.85898,-19.11919,-4.277128,          63P   1188
-27.82072,-19.18884,-4.248324,-27.78209,-19.25845,-4.191253,          63P   1189
-27.70423,-19.39769,-4.163004,-27.66499,-19.46734,-4.135073,          63P   1190
-27.62542,-19.53693,-4.130802,-27.62566,-19.5485,-4.126528,           63P   1191
-27.62589,-19.56006,-4.122256,-27.62612,-19.57163,-4.023989,          63P   1192
-27.52846,-19.82253,-3.925388,-27.42937,-20.07275,-3.82646,           63P   1193
-27.32886,-20.32226,-3.684138,-27.2011,-20.68381,-3.541147,           63P   1194
-27.07041,-21.04406,-3.397498,-26.93682,-21.40298,-3.261563,          63P   1195
-26.82228,-21.74457,-3.125045,-26.70515,-22.08506,-2.987954,          63P   1196
-26.58547,-22.42443,-2.848907,-26.44577,-22.76538,-2.70927,           63P   1197
-26.30352,-23.10504,-2.569056,-26.15876,-23.4434,-2.47186,            63P   1198
-26.05335,-23.67661,-2.374526,-25.94833,-23.90996,-2.224306,          63P   1199
-25.78262,-24.26647,-2.171762,-25.72438,-24.3909,-2.109557,           63P   1200
-25.65474,-24.53773,-2.099933,-25.64378,-24.56034,-2.090314,          63P   1201
-25.633,-24.58304,-2.069153,-25.61562,-24.63416,-2.047877,            63P   1202
-25.59989,-24.68578,-2.02666,-25.58332,-24.73715,-2.005928,           63P   1203
-25.56087,-24.78606,-1.985184,-25.53836,-24.83493,-1.964427,          63P   1204
-25.5158,-24.88378,-1.94141,-25.47739,-24.93519,-1.918392,            63P   1205
-25.43899,-24.98661,-1.895375,-25.40059,-25.03802,-1.872309,          63P   1206
-25.3542,-25.08776,-1.849244,-25.3078,-25.13749,-1.826179,            63P   1207
-25.26141,-25.18723,-1.80341,-25.20792,-25.23466,-1.780621,           63P   1208
-25.15436,-25.28202,-1.757814,-25.10075,-25.32929,-1.736669,          63P   1209
-25.04342,-25.37143,-1.715524,-24.9861,-25.41358,-1.694379,           63P   1210
-24.92878,-25.45572,-1.674905,-24.86777,-25.49272,-1.655416,          63P   1211
-24.80671,-25.52963,-1.635912,-24.74561,-25.56646,-1.618506,          63P   1212
-24.6821,-25.59748,-1.601063,-24.61847,-25.62825,-1.583639,           63P   1213
-24.5549,-25.65916,-1.568293,-24.48886,-25.68403,-1.552947,           63P   1214
-24.42282,-25.70891,-1.537601,-24.35678,-25.73379,-1.524661,          63P   1215
-24.28845,-25.75186,-1.51172,-24.2201,-25.76994,-1.498781,            63P   1216
-24.15179,-25.78801,-1.465425,-23.94952,-25.82869,-1.446436,          63P   1217
-23.74049,-25.83075,-1.428143,-23.53331,-25.83087,-1.425978,          63P   1218
-23.49383,-25.82754,-1.42379,-23.4544,-25.82428,-1.421613,            63P   1219
-23.41495,-25.82099,-1.419375,-23.34742,-25.81151,-1.417136,          63P   1220
-23.2799,-25.80203,-1.414898,-23.21238,-25.79256,-1.405194,           63P   1221
-23.09504,-25.79041,-1.39549,-22.9777,-25.78827,-1.385785,            63P   1222
-22.86036,-25.78612,-1.344127,-22.43795,-25.79455,-1.295952,          63P   1223
-22.01667,-25.81668,-1.251466,-21.5946,-25.82649,-1.209607,           63P   1224
-21.16945,-25.82905,-1.167948,-20.74427,-25.82826,-1.12666,           63P   1225
-20.31908,-25.8237,-1.082255,-19.90635,-25.82998,-1.039624,           63P   1226
-19.49338,-25.82896,-0.9608958,-18.76089,-25.83018,-0.9245439,        63P   1227
-18.44136,-25.83369,-0.8900067,-18.12163,-25.83135,-0.8618836,        63P   1228
-17.91655,-25.84435,-0.8340321,-17.71138,-25.85577,-0.8060457,        63P   1229
-17.50618,-25.86688,-0.8041979,-17.45834,-25.85813,-0.8023426,        63P   1230
-17.4105,-25.8494,-0.8005021,-17.36266,-25.84064,-0.7501065,          63P   1231
-17.11571,-25.89393,-0.7014467,-16.86796,-25.94511,-0.6175267,        63P   1232
-16.42866,-26.03454,-0.5807215,-16.23784,-26.07507,-0.479971,         63P   1233
-15.67969,-26.18327,-0.4149565,-15.31357,-26.25609,-0.2914316,        63P   1234
-14.59165,-26.39766,-0.2336601,-14.23544,-26.46504,-0.1527398,        63P   1235
-13.72863,-26.56261,-0.1307367,-13.57696,-26.58865,-0.1041667,        63P   1236
-13.36124,-26.61988,-0.09835658,-13.29749,-26.62616,-0.09341528,      63P   1237
-13.23369,-26.63151,-0.09243348,-13.19056,-26.63186,-0.09144777,      63P   1238
-13.14744,-26.63222,-0.09046401,-13.10431,-26.63258,-0.09186077,      63P   1239
-13.05542,-26.62994,-0.09329967,-13.00653,-26.62724,-0.09465428,      63P   1240
-12.95762,-26.62467,-0.1022255,-12.82671,-26.61298,-0.1174451,        63P   1241
-12.69726,-26.59398,-0.1425839,-12.50116,-26.56722,-0.1530698,        63P   1242
-12.43483,-26.55666,-0.186803,-12.22206,-26.52464,-0.2118366,         63P   1243
-12.07567,-26.505,-0.268234,-11.77121,-26.46672,-0.3009897,           63P   1244
-11.61358,-26.44761,-0.3753348,-11.33665,-26.40574,-0.409635,         63P   1245
-11.21508,-26.38914,-0.5069818,-10.87554,-26.34868,-0.5890678,        63P   1246
-10.66534,-26.31472,-0.6726576,-10.45483,-26.29057,-0.7378357,        63P   1247
-10.31216,-26.26791,-0.8064149,-10.17061,-26.248,-0.8777895,          63P   1248
-10.03008,-26.23141,-0.9521977,-9.896241,-26.21168,-1.025514,         63P   1249
-9.760763,-26.19794,-1.172282,-9.523016,-26.17325,-1.244427,          63P   1250
-9.420034,-26.16164,-1.314633,-9.315518,-26.15512,-1.374467,          63P   1251
-9.239058,-26.14639,-1.435147,-9.163074,-26.13953,-1.496792,          63P   1252
-9.087752,-26.13442,-1.561277,-9.019016,-26.12644,-1.626621,          63P   1253
-8.950873,-26.12034,-1.692759,-8.883389,-26.11613,-1.762123,          63P   1254
-8.822293,-26.10903,-1.832235,-8.761821,-26.10392,-1.903019,          63P   1255
-8.702038,-26.10081,-1.977172,-8.649146,-26.09469,-2.05196,           63P   1256
-8.596911,-26.09066,-2.127294,-8.545395,-26.08873,-2.207089,          63P   1257
-8.500391,-26.08372,-2.28742,-8.4561,-26.08094,-2.368183,             63P   1258
-8.41258,-26.08041,-2.453335,-8.37575,-26.07688,-2.538915,            63P   1259
-8.339699,-26.07572,-2.624804,-8.304478,-26.07693,-2.711937,          63P   1260
-8.277496,-26.07512,-2.799364,-8.251313,-26.07563,-2.886964,          63P   1261
-8.225967,-26.07843,-2.975642,-8.20884,-26.07817,-3.064484,           63P   1262
-8.192542,-26.08012,-3.153376,-8.177094,-26.08429,-3.198723,          63P   1263
-8.173555,-26.08538,-3.244071,-8.170016,-26.08647,-3.289419,          63P   1264
-8.166478,-26.08756,0.,70.69884538,0.,0.,0.;                          63P   1265
126,25,3,0,0,1,0,0.,0.,0.,0.,1.,1.,1.711712552,1.711712552,           65P   1266
2.844214702,2.844214702,3.977037773,3.977037773,5.250817418,          65P   1267
5.250817418,6.159842032,6.159842032,7.225583278,7.225583278,          65P   1268
8.057301604,8.057301604,8.516945485,8.516945485,9.145401312,          65P   1269
9.145401312,9.654321697,9.654321697,10.0202268,10.0202268,            65P   1270
10.0202268,10.0202268,1.,1.,1.,1.,1.,1.,1.,1.,1.,1.,1.,1.,1.,1.,      65P   1271
1.,1.,1.,1.,1.,1.,1.,1.,1.,1.,1.,1.,-6.230506,0.9743956,              65P   1272
-26.28223,-6.277611,1.28226,-26.30506,-6.34524,1.586216,              65P   1273
-26.33798,-6.495364,2.094,-26.41129,-6.568583,2.301041,               65P   1274
-26.44704,-6.778229,2.827446,-26.54989,-6.929964,3.139201,            65P   1275
-26.62451,-7.272196,3.734604,-26.79375,-7.458918,4.020939,            65P   1276
-26.8874,-7.888824,4.597702,-27.1047,-8.131104,4.888451,              65P   1277
-27.2292,-8.569663,5.357177,-27.4584,-8.759772,5.542788,              65P   1278
-27.55908,-9.190481,5.922316,-27.78437,-9.431777,6.108857,            65P   1279
-27.91894,-9.883852,6.432871,-28.12322,-10.08861,6.570089,            65P   1280
-28.20563,-10.41551,6.776386,-28.32049,-10.53418,6.848801,            65P   1281
-28.35648,-10.81989,7.017479,-28.42979,-10.98837,7.11299,             65P   1282
-28.46274,-11.2981,7.280885,-28.50757,-11.43782,7.355648,             65P   1283
-28.52076,-11.6821,7.476268,-28.54041,-11.78558,7.524242,             65P   1284
-28.54767,-11.89018,7.569804,-28.55361,0.,10.0202268,0.,0.,0.;        65P   1285
126,27,3,0,0,1,0,0.,0.,0.,0.,1.,1.,1.792681779,1.792681779,           67P   1286
3.424844893,3.424844893,5.565900325,5.565900325,6.373093031,          67P   1287
6.373093031,7.853957723,7.853957723,8.988170425,8.988170425,          67P   1288
10.13688462,10.13688462,10.70864906,10.70864906,11.29209856,          67P   1289
11.29209856,12.85208284,12.85208284,13.81764538,13.81764538,          67P   1290
14.58741514,14.58741514,14.58741514,14.58741514,1.,1.,1.,1.,1.,       67P   1291
1.,1.,1.,1.,1.,1.,1.,1.,1.,1.,1.,1.,1.,1.,1.,1.,1.,1.,1.,1.,1.,       67P   1292
1.,1.,-11.89018,7.569804,-28.55361,-12.11225,7.666132,-28.56618,      67P   1293
-12.33941,7.751931,-28.57386,-12.75512,7.878772,-28.57546,            67P   1294
-12.94028,7.930248,-28.57482,-13.50717,8.085989,-28.57515,            67P   1295
-13.89264,8.175801,-28.57493,-14.78221,8.388597,-28.57504,            67P   1296
-15.28278,8.52687,-28.57498,-15.98109,8.6796,-28.57501,               67P   1297
-16.17262,8.719678,-28.575,-16.71699,8.826226,-28.575,-17.06833,      67P   1298
8.900575,-28.575,-17.68447,9.050069,-28.575,-17.95144,9.115995,       67P   1299
-28.575,-18.49398,9.226193,-28.575,-18.76872,9.271806,-28.575,        67P   1300
-19.18027,9.339807,-28.575,-19.31644,9.36604,-28.575,-19.5913,        67P   1301
9.419701,-28.575,-19.72993,9.448145,-28.575,-20.23679,9.562623,       67P   1302
-28.575,-20.60492,9.649579,-28.57501,-21.20346,9.778661,              67P   1303
-28.57497,-21.43276,9.826128,-28.57583,-21.84128,9.926742,            67P   1304
-28.56925,-22.0215,9.975195,-28.56453,-22.2003,10.02828,              67P   1305
-28.55732,0.,14.58741514,0.,0.,0.;                                    67P   1306
126,51,3,0,0,1,0,0.,0.,0.,0.,1.,1.,4.896361046,4.896361046,           69P   1307
8.990305929,8.990305929,13.01636698,13.01636698,17.86126099,          69P   1308
17.86126099,22.31048863,22.31048863,24.09956678,24.09956678,          69P   1309
25.45808831,25.45808831,27.95010489,27.95010489,32.49616089,          69P   1310
32.49616089,42.87914654,42.87914654,49.79699288,49.79699288,          69P   1311
57.74112431,57.74112431,66.0629643,66.0629643,70.01076535,            69P   1312
70.01076535,74.06390694,74.06390694,77.16232042,77.16232042,          69P   1313
81.28605891,81.28605891,86.21989968,86.21989968,91.30189411,          69P   1314
91.30189411,92.97836474,92.97836474,95.2058958,95.2058958,            69P   1315
99.3505761,99.3505761,101.7513963,101.7513963,103.1927335,            69P   1316
103.1927335,103.1927335,103.1927335,1.,1.,1.,1.,1.,1.,1.,1.,1.,       69P   1317
1.,1.,1.,1.,1.,1.,1.,1.,1.,1.,1.,1.,1.,1.,1.,1.,1.,1.,1.,1.,1.,       69P   1318
1.,1.,1.,1.,1.,1.,1.,1.,1.,1.,1.,1.,1.,1.,1.,1.,1.,1.,1.,1.,1.,       69P   1319
1.,-22.2003,10.02828,-28.55732,-22.29144,10.05542,-28.55372,          69P   1320
-22.38222,10.08337,-28.54941,-22.82474,10.22754,-28.52591,            69P   1321
-23.17403,10.34306,-28.47034,-23.87574,10.58252,-28.30299,            69P   1322
-24.22982,10.70008,-28.18548,-24.90924,10.91031,-27.88356,            69P   1323
-25.23504,11.00555,-27.70269,-25.91697,11.19021,-27.2408,             69P   1324
-26.26544,11.27524,-26.9469,-26.87334,11.40351,-26.31758,             69P   1325
-27.13726,11.45046,-25.98721,-27.46219,11.49566,-25.49256,            69P   1326
-27.54892,11.50836,-25.34641,-27.69857,11.51498,-25.08706,            69P   1327
-27.76219,11.51249,-24.97445,-27.93863,11.49226,-24.65399,            69P   1328
-28.04848,11.46265,-24.44531,-28.34461,11.33741,-23.85794,            69P   1329
-28.53463,11.24066,-23.48119,-29.15199,10.86402,-22.25863,            69P   1330
-29.55756,10.60393,-21.3958,-30.19578,10.15992,-19.94489,             69P   1331
-30.44185,9.977975,-19.36203,-30.95185,9.563845,-18.10984,            69P   1332
-31.21671,9.311895,-17.44734,-31.73911,8.726295,-16.11337,            69P   1333
-31.99651,8.395189,-15.44035,-32.35729,7.836699,-14.48038,            69P   1334
-32.47077,7.64705,-14.17653,-32.69373,7.244539,-13.56991,             69P   1335
-32.80319,7.034075,-13.26556,-32.98979,6.638805,-12.74384,            69P   1336
-33.06838,6.459158,-12.52346,-33.24623,6.023842,-12.02219,            69P   1337
-33.34281,5.760656,-11.74702,-33.54459,5.156959,-11.16586,            69P   1338
-33.64695,4.808887,-10.86652,-33.83671,4.065103,-10.30146,            69P   1339
-33.92281,3.663656,-10.04274,-34.02122,3.102318,-9.74451,             69P   1340
-34.04413,2.9601,-9.675539,-34.09382,2.623993,-9.525522,              69P   1341
-34.11968,2.427867,-9.447729,-34.18475,1.857882,-9.252366,            69P   1342
-34.22335,1.480949,-9.136026,-34.25657,0.8665306,-9.033832,           69P   1343
-34.26546,0.6397499,-9.006508,-34.27305,0.2745618,-8.982639,          69P   1344
-34.27306,0.1372296,-8.982529,-34.27166,4.322646D-005,-8.986719,      69P   1345
0.,103.1927335,0.,0.,0.;                                              69P   1346
126,3,3,1,0,1,0,0.,0.,0.,0.,1.,1.,1.,1.,1.,1.,1.,1.,-34.27166,        71P   1347
4.322646D-005,-8.986719,-34.26928,-0.2279408,-8.99388,-34.26314,      71P   1348
-0.4553529,-9.012665,-34.25534,-0.6820154,-9.036558,0.,1.,            71P   1349
0.9514871,0.0002788864,0.3076887;                                     71P   1350
126,5,3,1,0,1,0,0.,0.,0.,0.,1.,1.,2.085271347,2.085271347,            73P   1351
2.085271347,2.085271347,1.,1.,1.,1.,1.,1.,-34.25534,-0.6820154,       73P   1352
-9.036558,-34.18878,-0.6217763,-9.537692,-34.03244,-0.5599468,        73P   1353
-10.02637,-33.54012,-0.4354388,-10.95861,-33.1899,-0.37321,           73P   1354
-11.39414,-32.77035,-0.3179321,-11.74937,0.,2.085271347,              73P   1355
0.03353538,-0.9928124,-0.1148869;                                     73P   1356
126,97,3,0,0,1,0,0.,0.,0.,0.,1.,1.,1.760759334,1.760759334,           75P   1357
2.732227795,2.732227795,3.957491237,3.957491237,5.111906188,          75P   1358
5.111906188,6.616315929,6.616315929,7.661767529,7.661767529,          75P   1359
10.26287218,10.26287218,12.91690552,12.91690552,16.08036072,          75P   1360
16.08036072,19.67201196,19.67201196,24.39416819,24.39416819,          75P   1361
28.47800571,28.47800571,32.43565593,32.43565593,37.03310723,          75P   1362
37.03310723,39.42942944,39.42942944,42.27880055,42.27880055,          75P   1363
44.36356268,44.36356268,46.13356785,46.13356785,49.42707533,          75P   1364
49.42707533,55.26789621,55.26789621,61.79639159,61.79639159,          75P   1365
65.2893756,65.2893756,66.14686276,66.14686276,66.96497978,            75P   1366
66.96497978,67.68088779,67.68088779,68.56924681,68.56924681,          75P   1367
70.57071853,70.57071853,72.6784596,72.6784596,75.20382392,            75P   1368
75.20382392,78.37769458,78.37769458,79.69360547,79.69360547,          75P   1369
83.90774663,83.90774663,89.75785027,89.75785027,94.28597714,          75P   1370
94.28597714,97.22962012,97.22962012,99.80745208,99.80745208,          75P   1371
103.8429856,103.8429856,112.6766895,112.6766895,115.7782675,          75P   1372
115.7782675,117.5679526,117.5679526,119.1785578,119.1785578,          75P   1373
122.9213376,122.9213376,125.5763883,125.5763883,128.7568855,          75P   1374
128.7568855,131.3251054,131.3251054,133.9053285,133.9053285,          75P   1375
137.9666652,137.9666652,137.9666652,137.9666652,1.,1.,1.,1.,1.,       75P   1376
1.,1.,1.,1.,1.,1.,1.,1.,1.,1.,1.,1.,1.,1.,1.,1.,1.,1.,1.,1.,1.,       75P   1377
1.,1.,1.,1.,1.,1.,1.,1.,1.,1.,1.,1.,1.,1.,1.,1.,1.,1.,1.,1.,1.,       75P   1378
1.,1.,1.,1.,1.,1.,1.,1.,1.,1.,1.,1.,1.,1.,1.,1.,1.,1.,1.,1.,1.,       75P   1379
1.,1.,1.,1.,1.,1.,1.,1.,1.,1.,1.,1.,1.,1.,1.,1.,1.,1.,1.,1.,1.,       75P   1380
1.,1.,1.,1.,1.,1.,1.,1.,1.,-32.77035,-0.3179321,-11.74937,            75P   1381
-32.77978,-0.2336064,-11.73408,-32.78782,-0.1484347,-11.721,          75P   1382
-32.79569,0.002674409,-11.70807,-32.79767,0.06855229,-11.70477,       75P   1383
-32.79222,0.2177861,-11.71318,-32.78339,0.3005015,-11.72721,          75P   1384
-32.75876,0.4840425,-11.76706,-32.74024,0.5844585,-11.79714,          75P   1385
-32.69288,0.7685792,-11.87489,-32.66615,0.8541384,-11.91883,          75P   1386
-32.60163,1.046768,-12.02535,-32.56226,1.152421,-12.09029,            75P   1387
-32.48748,1.320043,-12.21175,-32.45543,1.386659,-12.26353,            75P   1388
-32.33771,1.608785,-12.45302,-32.24552,1.752529,-12.59964,            75P   1389
-32.04885,2.020958,-12.90774,-31.94363,2.143507,-13.07053,            75P   1390
-31.71097,2.401136,-13.43299,-31.58195,2.530811,-13.63585,            75P   1391
-31.30006,2.790991,-14.07457,-31.14618,2.917259,-14.31228,            75P   1392
-30.78144,3.18847,-14.86713,-30.56471,3.323119,-15.18502,             75P   1393
-30.16467,3.564006,-15.78404,-29.97906,3.669581,-16.06441,            75P   1394
-29.60017,3.856494,-16.61458,-29.40991,3.940322,-16.88543,            75P   1395
-28.99984,4.113822,-17.47391,-28.77777,4.200439,-17.79093,            75P   1396
-28.43484,4.320806,-18.27245,-28.31575,4.359396,-18.43692,            75P   1397
-28.05669,4.442227,-18.79855,-27.91094,4.482362,-18.99239,            75P   1398
-27.6689,4.554372,-19.33498,-27.57842,4.590126,-19.48672,             75P   1399
-27.42343,4.660424,-19.7722,-27.35931,4.695375,-19.90646,             75P   1400
-27.18878,4.799787,-20.29456,-27.07795,4.867855,-20.54705,            75P   1401
-26.76383,5.056295,-21.24434,-26.56184,5.17741,-21.68953,             75P   1402
-26.1344,5.436065,-22.63188,-25.88986,5.568042,-23.12179,             75P   1403
-25.49866,5.764829,-23.86669,-25.36184,5.834236,-24.12597,            75P   1404
-25.18192,5.916673,-24.44467,-25.14542,5.932538,-24.50701,            75P   1405
-25.07214,5.962657,-24.62782,-25.03553,5.977057,-24.68646,            75P   1406
-24.96029,6.001099,-24.79262,-24.92294,6.011252,-24.84068,            75P   1407
-24.83795,6.033417,-24.94766,-24.78953,6.044886,-25.00562,            75P   1408
-24.62236,6.077668,-25.18809,-24.48258,6.085849,-25.29185,            75P   1409
-24.18259,6.08975,-25.47945,-24.01801,6.082572,-25.55832,             75P   1410
-23.64304,6.047737,-25.69091,-23.42926,6.012315,-25.72657,            75P   1411
-22.95018,5.913465,-25.75713,-22.68361,5.852946,-25.7581,             75P   1412
-22.30712,5.767736,-25.76002,-22.19675,5.742367,-25.75933,            75P   1413
-21.73297,5.637259,-25.76018,-21.37901,5.559294,-25.76388,            75P   1414
-20.5327,5.379188,-25.78403,-20.04087,5.27327,-25.78876,              75P   1415
-19.1682,5.086282,-25.79202,-18.78684,5.007567,-25.79816,             75P   1416
-18.15713,4.880545,-25.81159,-17.9088,4.831614,-25.81849,             75P   1417
-17.44283,4.742091,-25.83538,-17.2251,4.699987,-25.84124,             75P   1418
-16.66642,4.600207,-25.8779,-16.32508,4.547032,-25.92062,             75P   1419
-15.24876,4.412449,-26.14167,-14.50968,4.306622,-26.28293,            75P   1420
-13.51303,4.155808,-26.47748,-13.25412,4.116091,-26.52809,            75P   1421
-12.84515,4.045145,-26.59714,-12.69568,4.015313,-26.61919,            75P   1422
-12.41258,3.940876,-26.63396,-12.28622,3.883798,-26.61678,            75P   1423
-11.87233,3.692627,-26.56256,-11.58795,3.549244,-26.51533,            75P   1424
-11.11948,3.272725,-26.44144,-10.92879,3.15186,-26.40883,             75P   1425
-10.52143,2.867457,-26.34584,-10.30435,2.704284,-26.31454,            75P   1426
-9.932528,2.384131,-26.26181,-9.775049,2.231042,-26.23901,            75P   1427
-9.477837,1.906758,-26.19661,-9.341411,1.732454,-26.17723,            75P   1428
-9.024252,1.260895,-26.13465,-8.8711,0.9424724,-26.11458,             75P   1429
-8.788921,0.6031259,-26.10212,0.,137.9666652,0.,0.,0.;                75P   1430
126,3,3,1,0,1,0,0.,0.,0.,0.,1.,1.,1.,1.,1.,1.,1.,1.,-8.788921,        77P   1431
0.6031259,-26.10212,-7.975595,0.701887,-26.4141,-7.073302,            77P   1432
0.8327705,-26.47834,-6.230506,0.9743956,-26.28223,0.,1.,              77P   1433
0.1483534,-0.9861176,0.0745872;                                       77P   1434
126,199,3,0,0,1,0,0.,0.,0.,0.,1.,1.,1.,2.,2.,2.,3.,3.,3.,4.,4.,       79P   1435
4.,5.,5.,5.,6.,6.,6.,7.,7.,7.,8.,8.,8.,9.,9.,9.620503921,             79P   1436
9.620503921,10.48012575,10.48012575,11.35814773,11.35814773,          79P   1437
11.35814773,12.35814773,12.35814773,12.92723741,12.92723741,          79P   1438
13.50388434,13.50388434,13.96895246,13.96895246,14.55720723,          79P   1439
14.55720723,15.05789302,15.05789302,15.32503694,15.32503694,          79P   1440
15.32503694,16.32503694,16.32503694,16.32503694,17.32503694,          79P   1441
17.32503694,17.32503694,18.32503694,18.32503694,18.32503694,          79P   1442
19.32503694,19.32503694,19.32503694,20.32503694,20.32503694,          79P   1443
20.32503694,21.32503694,21.32503694,21.32503694,22.32503694,          79P   1444
22.32503694,22.86232667,22.86232667,22.96060581,22.96060581,          79P   1445
22.96060581,23.96060581,23.96060581,23.96060581,24.96060581,          79P   1446
24.96060581,24.96060581,25.96060581,25.96060581,25.96060581,          79P   1447
26.96060581,26.96060581,26.96060581,27.96060581,27.96060581,          79P   1448
27.96060581,28.96060581,28.96060581,28.96060581,29.96060581,          79P   1449
29.96060581,29.96060581,30.96060581,30.96060581,30.96060581,          79P   1450
31.96060581,31.96060581,31.96060581,32.96060581,32.96060581,          79P   1451
32.96060581,33.96060581,33.96060581,33.96060581,34.96060581,          79P   1452
34.96060581,34.96060581,35.96060581,35.96060581,35.96060581,          79P   1453
36.96060581,36.96060581,36.96060581,37.96060581,37.96060581,          79P   1454
37.96060581,38.96060581,38.96060581,38.96060581,39.96060581,          79P   1455
39.96060581,40.73523877,40.73523877,40.73523877,41.73523877,          79P   1456
41.73523877,41.73523877,42.73523877,42.73523877,42.73523877,          79P   1457
43.73523877,43.73523877,44.50576562,44.50576562,45.97657386,          79P   1458
45.97657386,46.6768278,46.6768278,47.40128161,47.40128161,            79P   1459
48.25332323,48.25332323,48.25332323,49.25332323,49.25332323,          79P   1460
49.25332323,50.25332323,50.25332323,50.25332323,51.25332323,          79P   1461
51.25332323,51.76983795,51.76983795,52.65946696,52.65946696,          79P   1462
53.65910849,53.65910849,54.86745343,54.86745343,56.84285285,          79P   1463
56.84285285,56.84285285,57.84285285,57.84285285,57.84285285,          79P   1464
58.84285285,58.84285285,59.65936978,59.65936978,59.65936978,          79P   1465
60.65936978,60.65936978,60.65936978,61.65936978,61.65936978,          79P   1466
61.65936978,62.65936978,62.65936978,62.65936978,63.65936978,          79P   1467
63.65936978,63.65936978,64.65936978,64.65936978,64.65936978,          79P   1468
65.65936978,65.65936978,65.65936978,66.65936978,66.65936978,          79P   1469
66.65936978,67.65936978,67.65936978,67.65936978,68.65936978,          79P   1470
68.65936978,68.65936978,68.65936978,1.,1.,1.,1.,1.,1.,1.,1.,1.,       79P   1471
1.,1.,1.,1.,1.,1.,1.,1.,1.,1.,1.,1.,1.,1.,1.,1.,1.,1.,1.,1.,1.,       79P   1472
1.,1.,1.,1.,1.,1.,1.,1.,1.,1.,1.,1.,1.,1.,1.,1.,1.,1.,1.,1.,1.,       79P   1473
1.,1.,1.,1.,1.,1.,1.,1.,1.,1.,1.,1.,1.,1.,1.,1.,1.,1.,1.,1.,1.,       79P   1474
1.,1.,1.,1.,1.,1.,1.,1.,1.,1.,1.,1.,1.,1.,1.,1.,1.,1.,1.,1.,1.,       79P   1475
1.,1.,1.,1.,1.,1.,1.,1.,1.,1.,1.,1.,1.,1.,1.,1.,1.,1.,1.,1.,1.,       79P   1476
1.,1.,1.,1.,1.,1.,1.,1.,1.,1.,1.,1.,1.,1.,1.,1.,1.,1.,1.,1.,1.,       79P   1477
1.,1.,1.,1.,1.,1.,1.,1.,1.,1.,1.,1.,1.,1.,1.,1.,1.,1.,1.,1.,1.,       79P   1478
1.,1.,1.,1.,1.,1.,1.,1.,1.,1.,1.,1.,1.,1.,1.,1.,1.,1.,1.,1.,1.,       79P   1479
1.,1.,1.,1.,1.,1.,1.,1.,1.,1.,1.,1.,1.,1.,1.,1.,1.,1.,1.,1.,1.,       79P   1480
1.,1.,-32.76428,-0.3192382,-11.74152,-32.76053,-0.35455,              79P   1481
-11.7483,-32.75674,-0.3898684,-11.75503,-32.75303,-0.4251737,         79P   1482
-11.76185,-32.74006,-0.4944546,-11.78121,-32.72786,-0.5636045,        79P   1483
-11.80149,-32.7166,-0.6325869,-11.82288,-32.69919,-0.699694,          79P   1484
-11.84942,-32.68263,-0.7665899,-11.87701,-32.6668,-0.8332935,         79P   1485
-11.90549,-32.63899,-0.9155441,-11.94683,-32.61408,-0.996766,         79P   1486
-11.99188,-32.58863,-1.078151,-12.03625,-32.54741,-1.172115,          79P   1487
-12.09868,-32.50858,-1.264878,-12.16435,-32.47027,-1.357294,          79P   1488
-12.23078,-32.42118,-1.446455,-12.3061,-32.37345,-1.534721,           79P   1489
-12.38336,-32.32681,-1.622038,-12.4623,-32.27107,-1.705963,           79P   1490
-12.54781,-32.21634,-1.788942,-12.63492,-32.16254,-1.870843,          79P   1491
-12.72358,-32.06871,-1.98953,-12.86572,-31.97685,-2.105742,           79P   1492
-13.01123,-31.88646,-2.21929,-13.15965,-31.80165,-2.309183,           79P   1493
-13.28825,-31.71572,-2.394498,-13.41909,-31.58171,-2.534987,          79P   1494
-13.63319,-31.52686,-2.583572,-13.71609,-31.40261,-2.705597,          79P   1495
-13.91442,-31.32729,-2.770539,-14.03103,-31.17531,-2.89994,           79P   1496
-14.2679,-31.09934,-2.964218,-14.38872,-31.02301,-3.026684,           79P   1497
-14.51025,-30.76676,-3.203236,-14.88686,-30.51067,-3.367259,          79P   1498
-15.26943,-30.10729,-3.605465,-15.87619,-29.96089,-3.687954,          79P   1499
-16.09776,-29.653,-3.836728,-16.541,-29.50109,-3.910942,              79P   1500
-16.7664,-29.21555,-4.030893,-17.17035,-29.08829,-4.082868,           79P   1501
-17.35127,-28.79641,-4.193925,-17.76037,-28.63851,-4.256692,          79P   1502
-17.9922,-28.33875,-4.362186,-18.41899,-28.19911,-4.407566,           79P   1503
-18.61466,-27.97896,-4.470539,-18.91191,-27.90355,-4.492997,          79P   1504
-19.01602,-27.82618,-4.513367,-19.11919,-27.73529,-4.545238,          79P   1505
-19.2586,-27.64359,-4.575403,-19.39785,-27.55115,-4.604045,           79P   1506
-19.53693,-27.55012,-4.608144,-19.54835,-27.54909,-4.612244,          79P   1507
-19.55977,-27.54806,-4.616343,-19.5712,-27.42475,-4.679658,           79P   1508
-19.82224,-27.29997,-4.742848,-20.0726,-27.17373,-4.805911,           79P   1509
-20.32226,-27.00825,-4.901788,-20.68381,-26.83976,-4.997392,          79P   1510
-21.04406,-26.66833,-5.092731,-21.40298,-26.51738,-5.186617,          79P   1511
-21.74457,-26.36379,-5.280257,-22.08506,-26.20762,-5.373657,          79P   1512
-22.42443,-26.03178,-5.462728,-22.76538,-25.85334,-5.551571,          79P   1513
-23.10504,-25.67234,-5.640191,-23.4434,-25.54205,-5.700054,           79P   1514
-23.67661,-25.4121,-5.760173,-23.90996,-25.20808,-5.851833,           79P   1515
-24.26647,-25.13645,-5.883808,-24.3909,-25.051,-5.921447,             79P   1516
-24.53773,-25.0376,-5.927215,-24.56034,-25.02438,-5.933033,           79P   1517
-24.58304,-25.00126,-5.947837,-24.63432,-24.9796,-5.963235,           79P   1518
-24.68607,-24.95721,-5.978334,-24.73759,-24.92953,-5.991073,          79P   1519
-24.78635,-24.90179,-6.003808,-24.83508,-24.87401,-6.016538,          79P   1520
-24.88378,-24.83037,-6.026562,-24.93519,-24.78673,-6.036587,          79P   1521
-24.98661,-24.7431,-6.046611,-25.03802,-24.69185,-6.054211,           79P   1522
-25.08776,-24.6406,-6.061811,-25.13749,-24.58935,-6.069411,           79P   1523
-25.18723,-24.53144,-6.074536,-25.23466,-24.47346,-6.07966,           79P   1524
-25.28202,-24.41542,-6.084782,-25.32929,-24.35437,-6.087178,          79P   1525
-25.37143,-24.29332,-6.089574,-25.41358,-24.23227,-6.09197,           79P   1526
-25.45572,-24.16818,-6.091638,-25.49263,-24.10409,-6.091306,          79P   1527
-25.52954,-24.04,-6.090975,-25.56646,-23.97416,-6.087902,             79P   1528
-25.59736,-23.90831,-6.084829,-25.62826,-23.84247,-6.081757,          79P   1529
-25.65916,-23.77492,-6.075944,-25.68403,-23.70737,-6.070131,          79P   1530
-25.70891,-23.63982,-6.064318,-25.73379,-23.57083,-6.05551,           79P   1531
-25.75186,-23.50183,-6.046697,-25.76994,-23.43287,-6.037893,          79P   1532
-25.78801,-23.23019,-6.007112,-25.82869,-23.02552,-5.960577,          79P   1533
-25.83075,-22.82283,-5.913953,-25.83087,-22.78461,-5.903812,          79P   1534
-25.82754,-22.74644,-5.893709,-25.82428,-22.70824,-5.883587,          79P   1535
-25.82099,-22.64329,-5.86484,-25.81151,-22.57833,-5.846092,           79P   1536
-25.80203,-22.51338,-5.827345,-25.79256,-22.39883,-5.800325,          79P   1537
-25.79041,-22.28428,-5.773305,-25.78827,-22.16973,-5.746285,          79P   1538
-25.78612,-21.75512,-5.655372,-25.79455,-21.33957,-5.571007,          79P   1539
-25.81668,-20.92441,-5.482888,-25.82649,-20.50713,-5.391321,          79P   1540
-25.82905,-20.08988,-5.299552,-25.82826,-19.67275,-5.20743,           79P   1541
-25.8237,-19.2665,-5.12212,-25.82998,-18.86057,-5.03505,              79P   1542
-25.82896,-18.13959,-4.883571,-25.83018,-17.82447,-4.819405,          79P   1543
-25.83369,-17.50972,-4.75345,-25.83135,-17.30598,-4.716822,           79P   1544
-25.84435,-17.10225,-4.679909,-25.85577,-16.89844,-4.643115,          79P   1545
-25.86688,-16.85237,-4.630089,-25.85813,-16.80631,-4.617075,          79P   1546
-25.84941,-16.76023,-4.604036,-25.84063,-16.50981,-4.575691,          79P   1547
-25.89399,-16.25912,-4.545328,-25.94503,-15.81541,-4.489487,          79P   1548
-26.03463,-15.62252,-4.465332,-26.07483,-15.06065,-4.389109,          79P   1549
-26.18377,-14.69219,-4.337013,-26.25523,-14.14901,-4.258826,          79P   1550
-26.36309,-13.97352,-4.231804,-26.39546,-13.61713,-4.176985,          79P   1551
-26.46344,-13.43584,-4.150281,-26.50021,-13.04157,-4.086018,          79P   1552
-26.5727,-12.82779,-4.052282,-26.61391,-12.61482,-4.000745,           79P   1553
-26.6317,-12.57356,-3.988076,-26.63169,-12.5322,-3.975863,            79P   1554
-26.63229,-12.49089,-3.963422,-26.63258,-12.44482,-3.946983,          79P   1555
-26.62994,-12.39877,-3.930506,-26.62724,-12.35267,-3.914106,          79P   1556
-26.62467,-12.23055,-3.866407,-26.6129,-12.11204,-3.812038,           79P   1557
-26.59409,-11.93342,-3.727407,-26.56711,-11.87338,-3.697161,          79P   1558
-26.55695,-11.71082,-3.61352,-26.52877,-11.60739,-3.560589,           79P   1559
-26.51433,-11.39057,-3.443606,-26.48169,-11.27557,-3.38136,           79P   1560
-26.46725,-11.02813,-3.233948,-26.4295,-10.89843,-3.145409,           79P   1561
-26.4044,-10.55074,-2.916719,-26.35639,-10.34867,-2.757046,           79P   1562
-26.31938,-10.15108,-2.590886,-26.29047,-10.03537,-2.484994,          79P   1563
-26.26799,-9.922043,-2.375912,-26.24797,-9.810416,-2.264638,          79P   1564
-26.23141,-9.706123,-2.152514,-26.21168,-9.599932,-2.040921,          79P   1565
-26.19794,-9.419175,-1.827868,-26.17325,-9.343527,-1.727431,          79P   1566
-26.16164,-9.265821,-1.628364,-26.15512,-9.211593,-1.547831,          79P   1567
-26.14639,-9.158079,-1.466641,-26.13953,-9.105493,-1.384737,          79P   1568
-26.13442,-9.060048,-1.302167,-26.12644,-9.015433,-1.218964,          79P   1569
-26.12034,-8.971689,-1.13521,-26.11613,-8.935018,-1.05036,            79P   1570
-26.10903,-8.899171,-0.9649931,-26.10392,-8.864188,-0.8791994,        79P   1571
-26.10081,-8.836799,-0.7923317,-26.09469,-8.810232,-0.7050629,        79P   1572
-26.09066,-8.784516,-0.6174957,-26.08873,-8.766373,-0.5276995,        79P   1573
-26.08372,-8.749074,-0.4376136,-26.08094,-8.732641,-0.3473548,        79P   1574
-26.08041,-8.723926,-0.2549896,-26.07688,-8.716086,-0.1624578,        79P   1575
-26.07572,-8.70913,-0.06988821,-26.07693,-8.710394,0.02131833,        79P   1576
-26.07512,-8.712509,0.1125566,-26.07563,-8.715473,0.2037025,          79P   1577
-26.07843,-8.726587,0.2933321,-26.07817,-8.738541,0.3828623,          79P   1578
-26.08012,-8.751318,0.4721772,-26.08429,-8.761966,0.5164008,          79P   1579
-26.08538,-8.772614,0.5606244,-26.08647,-8.783262,0.604848,           79P   1580
-26.08756,0.,68.65936978,0.,0.,0.;                                    79P   1581
126,93,3,0,0,1,0,0.,0.,0.,0.,1.,1.,2.187442654,2.187442654,           81P   1582
3.14262118,3.14262118,4.484409269,4.484409269,6.614569761,            81P   1583
6.614569761,9.265429164,9.265429164,14.03930716,14.03930716,          81P   1584
16.14918911,16.14918911,18.65380168,18.65380168,18.65380168,          81P   1585
19.65380168,19.65380168,19.65380168,20.65380168,20.65380168,          81P   1586
20.65380168,21.65380168,21.65380168,21.65380168,22.65380168,          81P   1587
22.65380168,22.65380168,23.65380168,23.65380168,25.4060724,           81P   1588
25.4060724,25.4060724,26.4060724,26.4060724,26.4060724,               81P   1589
27.4060724,27.4060724,27.4060724,28.4060724,28.4060724,               81P   1590
28.4060724,29.4060724,29.4060724,29.4060724,30.4060724,               81P   1591
30.4060724,30.4060724,31.4060724,31.4060724,31.4060724,               81P   1592
32.4060724,32.4060724,32.4060724,33.4060724,33.4060724,               81P   1593
33.4060724,34.4060724,34.4060724,34.4060724,35.4060724,               81P   1594
35.4060724,35.4060724,36.4060724,36.4060724,36.4060724,               81P   1595
37.4060724,37.4060724,37.4060724,38.4060724,38.4060724,               81P   1596
38.4060724,39.4060724,39.4060724,39.4060724,40.4060724,               81P   1597
40.4060724,40.4060724,41.4060724,41.4060724,41.4060724,               81P   1598
42.4060724,42.4060724,42.4060724,43.4060724,43.4060724,               81P   1599
43.4060724,44.4060724,44.4060724,44.4060724,44.4060724,1.,1.,1.,      81P   1600
1.,1.,1.,1.,1.,1.,1.,1.,1.,1.,1.,1.,1.,1.,1.,1.,1.,1.,1.,1.,1.,       81P   1601
1.,1.,1.,1.,1.,1.,1.,1.,1.,1.,1.,1.,1.,1.,1.,1.,1.,1.,1.,1.,1.,       81P   1602
1.,1.,1.,1.,1.,1.,1.,1.,1.,1.,1.,1.,1.,1.,1.,1.,1.,1.,1.,1.,1.,       81P   1603
1.,1.,1.,1.,1.,1.,1.,1.,1.,1.,1.,1.,1.,1.,1.,1.,1.,1.,1.,1.,1.,       81P   1604
1.,1.,1.,1.,1.,1.,1.,-16.38953,18.02251,-28.575,-16.46596,            81P   1605
18.13177,-28.57501,-16.54529,18.23887,-28.57085,-16.7102,             81P   1606
18.47881,-28.55279,-16.80668,18.60342,-28.53709,-16.98124,            81P   1607
18.82612,-28.49819,-17.05786,18.92564,-28.47708,-17.23921,            81P   1608
19.16501,-28.41739,-17.34405,19.30381,-28.37512,-17.60724,            81P   1609
19.6624,-28.24734,-17.76473,19.87883,-28.1507,-18.09888,20.3578,      81P   1610
-27.89555,-18.27475,20.61559,-27.72732,-18.73232,21.30822,            81P   1611
-27.18839,-18.98068,21.72237,-26.76328,-19.26491,22.24357,            81P   1612
-26.06364,-19.34285,22.39263,-25.83752,-19.48494,22.69715,            81P   1613
-25.32232,-19.54052,22.85115,-25.03018,-19.57832,22.98894,            81P   1614
-24.72846,-19.57698,23.03263,-24.65296,-19.57424,23.07546,            81P   1615
-24.57693,-19.57048,23.11715,-24.50037,-19.57715,23.13223,            81P   1616
-24.45903,-19.58381,23.14731,-24.41769,-19.59048,23.1624,             81P   1617
-24.37635,-19.58479,23.22489,-24.25974,-19.57913,23.28739,            81P   1618
-24.14314,-19.57341,23.34987,-24.02652,-19.54375,23.48902,            81P   1619
-23.79471,-19.51054,23.62633,-23.56228,-19.47748,23.7637,             81P   1620
-23.32987,-19.44598,23.91082,-23.07182,-19.41283,24.05644,            81P   1621
-22.8131,-19.31391,24.45508,-22.10091,-19.25096,24.70138,             81P   1622
-21.64329,-19.17808,24.94598,-21.1863,-19.07235,25.3343,              81P   1623
-20.4421,-18.95213,25.71163,-19.69422,-18.81862,26.07692,             81P   1624
-18.94286,-18.74505,26.26375,-18.56925,-18.66787,26.44764,            81P   1625
-18.19489,-18.58692,26.62863,-17.81995,-18.49166,26.81703,            81P   1626
-17.45278,-18.3926,27.00239,-17.08504,-18.28986,27.18459,             81P   1627
-16.71677,-18.17244,27.37503,-16.35389,-18.05117,27.56216,            81P   1628
-15.99053,-17.92622,27.74587,-15.6267,-17.78781,27.93498,             81P   1629
-15.27449,-17.64567,28.12059,-14.92188,-17.49994,28.30257,            81P   1630
-14.56887,-17.33284,28.49452,-14.22837,-17.16198,28.68259,            81P   1631
-13.88753,-16.98757,28.86667,-13.54635,-16.79525,29.05831,            81P   1632
-13.21766,-16.59925,29.24573,-12.88867,-16.39977,29.4288,             81P   1633
-12.55938,-16.22759,29.57512,-12.32871,-16.05333,29.71875,            81P   1634
-12.09788,-15.8771,29.85963,-11.86689,-15.75534,29.95388,             81P   1635
-11.72242,-15.63273,30.04691,-11.57788,-15.50927,30.1387,             81P   1636
-11.43327,-15.38318,30.22984,-11.29901,-15.25629,30.31976,            81P   1637
-11.16467,-15.12863,30.40847,-11.03027,-14.99214,30.50048,            81P   1638
-10.90164,-14.85484,30.59118,-10.77293,-14.71676,30.68056,            81P   1639
-10.64415,-14.57047,30.77286,-10.52101,-14.42337,30.86375,            81P   1640
-10.39777,-14.27547,30.95322,-10.27445,-14.11792,31.04492,            81P   1641
-10.16406,-13.95955,31.13511,-10.05357,-13.80041,31.22378,            81P   1642
-9.942984,-13.63071,31.31506,-9.844735,-13.46022,31.40475,            81P   1643
-9.746378,-13.28889,31.49269,-9.647918,-13.10851,31.58184,            81P   1644
-9.566387,-12.92724,31.66903,-9.484736,-12.74538,31.75491,            81P   1645
-9.403007,-12.58432,31.82774,-9.348521,-12.42294,31.89982,            81P   1646
-9.293993,-12.26082,31.97014,-9.23937,-12.12857,32.02614,             81P   1647
-9.205191,-11.99589,32.08109,-9.17096,-11.86294,32.13532,             81P   1648
-9.136698,-11.72491,32.19005,-9.111377,-11.58652,32.24387,            81P   1649
-9.086021,-11.44779,32.29677,-9.060633,-11.37734,32.32265,            81P   1650
-9.052732,-11.30688,32.34852,-9.044831,-11.23642,32.37439,            81P   1651
-9.03693,0.,44.4060724,0.,0.,0.;                                      81P   1652
126,3,3,1,0,1,0,0.,0.,0.,0.,1.,1.,1.,1.,1.,1.,1.,1.,2.673301,         83P   1653
24.21324,-28.575,5.972391,23.85098,-28.575,9.194106,22.80371,         83P   1654
-28.575,12.07557,21.15676,-28.575,0.,1.,-4.248262D-015,               83P   1655
6.1305D-016,-1.;                                                      83P   1656
126,96,3,0,0,1,0,0.,0.,0.,0.,1.,1.,2.188836271,2.188836271,           85P   1657
3.146251113,3.146251113,4.491000488,4.491000488,6.623083373,          85P   1658
6.623083373,9.276176481,9.276176481,14.05455823,14.05455823,          85P   1659
16.16654732,16.16654732,18.67375048,18.67375048,18.67375048,          85P   1660
19.67375048,19.67375048,19.67375048,20.67375048,20.67375048,          85P   1661
20.67375048,21.67375048,21.67375048,21.67375048,22.67375048,          85P   1662
22.67375048,22.67375048,23.67375048,23.67375048,25.42783477,          85P   1663
25.42783477,25.42783477,26.42783477,26.42783477,26.42783477,          85P   1664
27.42783477,27.42783477,27.42783477,28.42783477,28.42783477,          85P   1665
28.42783477,29.42783477,29.42783477,29.42783477,30.42783477,          85P   1666
30.42783477,30.42783477,31.42783477,31.42783477,32.42828072,          85P   1667
32.42828072,33.09770394,33.09770394,34.43715083,34.43715083,          85P   1668
34.43715083,35.43715083,35.43715083,35.43715083,36.43715083,          85P   1669
36.43715083,36.43715083,37.43715083,37.43715083,37.43715083,          85P   1670
38.43715083,38.43715083,38.43715083,39.43715083,39.43715083,          85P   1671
39.43715083,40.43715083,40.43715083,40.43715083,41.43715083,          85P   1672
41.43715083,41.43715083,42.43715083,42.43715083,42.43715083,          85P   1673
43.43715083,43.43715083,43.43715083,44.43715083,44.43715083,          85P   1674
44.43715083,45.43715083,45.43715083,45.43715083,46.43715083,          85P   1675
46.43715083,46.43715083,46.43715083,1.,1.,1.,1.,1.,1.,1.,1.,1.,       85P   1676
1.,1.,1.,1.,1.,1.,1.,1.,1.,1.,1.,1.,1.,1.,1.,1.,1.,1.,1.,1.,1.,       85P   1677
1.,1.,1.,1.,1.,1.,1.,1.,1.,1.,1.,1.,1.,1.,1.,1.,1.,1.,1.,1.,1.,       85P   1678
1.,1.,1.,1.,1.,1.,1.,1.,1.,1.,1.,1.,1.,1.,1.,1.,1.,1.,1.,1.,1.,       85P   1679
1.,1.,1.,1.,1.,1.,1.,1.,1.,1.,1.,1.,1.,1.,1.,1.,1.,1.,1.,1.,1.,       85P   1680
1.,1.,1.,1.,12.07557,21.15676,-28.575,12.15567,21.26317,              85P   1681
-28.57501,12.23292,21.3716,-28.57085,12.40979,21.60268,               85P   1682
-28.55283,12.49859,21.73288,-28.53714,12.65682,21.96767,              85P   1683
-28.49823,12.72797,22.07136,-28.4771,12.90001,22.31793,               85P   1684
-28.41734,12.99992,22.46055,-28.37503,13.25967,22.82179,              85P   1685
-28.24715,13.41697,23.03827,-28.15053,13.7683,23.50455,               85P   1686
-27.89536,13.95891,23.75151,-27.72713,14.47629,24.40045,              85P   1687
-27.1883,14.79326,24.76465,-26.76326,15.20122,25.19585,               85P   1688
-26.06375,15.31883,25.31607,-25.83765,15.56447,25.54534,              85P   1689
-25.3225,15.6937,25.64583,-25.03038,15.81312,25.72432,-24.7287,       85P   1690
15.85523,25.73651,-24.65312,15.89697,25.74708,-24.57701,              85P   1691
15.93794,25.75632,-24.50037,15.9502,25.76725,-24.45911,15.96251,      85P   1692
25.7783,-24.41789,15.97477,25.78922,-24.37663,16.03599,25.80319,      85P   1693
-24.25985,16.09721,25.81716,-24.14307,16.15843,25.83112,              85P   1694
-24.02629,16.29989,25.84534,-23.7944,16.4411,25.85745,-23.56222,      85P   1695
16.582,25.86748,-23.32976,16.73135,25.88312,-23.07175,16.87986,       85P   1696
25.89673,-22.81313,17.28936,25.92603,-22.1008,17.54333,25.94213,      85P   1697
-21.64309,17.79892,25.94809,-21.18609,18.20014,25.96822,              85P   1698
-20.44145,18.59619,25.97049,-19.69353,18.9857,25.95564,               85P   1699
-18.94258,19.18556,25.94379,-18.56899,19.38392,25.92747,              85P   1700
-18.19474,19.5808,25.90655,-17.81997,19.78954,25.87415,               85P   1701
-17.45261,19.99673,25.83703,-17.08479,20.20219,25.79529,              85P   1702
-16.71652,20.41914,25.74282,-16.35361,20.63431,25.68552,              85P   1703
-15.99033,20.84752,25.62349,-15.6267,21.07022,25.55031,               85P   1704
-15.27427,21.29096,25.47226,-14.92162,21.50946,25.38956,              85P   1705
-14.56865,21.62679,25.33938,-14.39901,21.74189,25.28988,              85P   1706
-14.2275,21.97478,25.18394,-13.88858,22.08738,25.13353,               85P   1707
-13.71542,22.28188,25.03841,-13.43478,22.36524,24.99303,              85P   1708
-13.32858,22.60301,24.86861,-12.99717,22.76335,24.77982,              85P   1709
-12.77957,22.92005,24.69169,-12.55928,23.11248,24.5731,               85P   1710
-12.32859,23.30297,24.45173,-12.09774,23.49163,24.32739,              85P   1711
-11.86699,23.61881,24.24083,-11.72238,23.74513,24.15302,              85P   1712
-11.57778,23.87059,24.06397,-11.4332,23.99619,23.97227,               85P   1713
-11.29887,24.12093,23.87938,-11.16455,24.24478,23.78531,              85P   1714
-11.03024,24.37446,23.68397,-10.90153,24.50317,23.5814,               85P   1715
-10.77282,24.63091,23.47761,-10.64413,24.76382,23.36712,              85P   1716
-10.52088,24.89567,23.25536,-10.39763,25.02645,23.14235,              85P   1717
-10.2744,25.1624,23.0208,-10.16395,25.29719,22.89797,-10.0535,        85P   1718
25.43081,22.77386,-9.943059,25.5699,22.64082,-9.844664,25.70785,      85P   1719
22.5066,-9.746264,25.84432,22.37087,-9.647871,25.98488,22.22685,      85P   1720
-9.566308,26.12386,22.08132,-9.484737,26.2618,21.93481,-9.40316,      85P   1721
26.38075,21.80427,-9.348555,26.49909,21.67319,-9.293945,              85P   1722
26.61599,21.54082,-9.239322,26.71048,21.43193,-9.205048,26.8041,      85P   1723
21.32229,-9.170764,26.89712,21.21215,-9.136474,26.99142,              85P   1724
21.09828,-9.111235,27.08497,20.98378,-9.085987,27.17777,              85P   1725
20.86868,-9.060732,27.22439,20.80937,-9.05274,27.27101,20.75006,      85P   1726
-9.044747,27.31764,20.69074,-9.036755,0.,46.43715083,0.,0.,0.;        85P   1727
126,3,3,1,0,1,0,0.,0.,0.,0.,1.,1.,1.,1.,1.,1.,1.,1.,23.85468,         87P   1728
4.937838,-28.575,24.19077,3.314829,-28.575,24.3605,1.657441,          87P   1729
-28.575,24.36038,-1.449759D-015,-28.575,0.,1.,6.798811D-014,          87P   1730
-2.140485D-015,-1.;                                                   87P   1731
126,15,3,1,0,1,0,0.,0.,0.,0.,1.,1.,2.135469008,2.135469008,           89P   1732
3.184926132,3.184926132,4.270976345,4.270976345,7.472320819,          89P   1733
7.472320819,10.97896266,10.97896266,18.2718694,18.2718694,            89P   1734
18.2718694,18.2718694,1.,1.,1.,1.,1.,1.,1.,1.,1.,1.,1.,1.,1.,1.,      89P   1735
1.,1.,24.36038,-1.449759D-015,-28.575,24.9573,-1.470067D-015,         89P   1736
-28.57522,25.55399,-1.48789D-015,-28.49025,26.77838,                  89P   1737
-1.515811D-015,-28.13578,27.39866,-1.527578D-015,-27.84209,           89P   1738
28.47345,-1.534131D-015,-27.10336,28.93661,-1.53885D-015,             89P   1739
-26.67172,29.73096,-1.519396D-015,-25.67481,30.05647,                 89P   1740
-1.527526D-015,-25.10557,30.97326,-1.399764D-015,-22.71644,           89P   1741
31.58486,-1.27661D-015,-20.9046,32.70822,-1.04666D-015,               89P   1742
-17.06169,33.20506,-9.194443D-016,-15.02641,34.45125,                 89P   1743
-5.333672D-016,-8.70222,34.89234,-2.662073D-016,-4.35272,34.925,      89P   1744
-7.333879D-029,0.,0.,18.2718694,-4.42301D-017,-1.,6.771918D-017;      89P   1745
126,33,3,1,0,1,0,0.,0.,0.,0.,1.,1.,2.059224984,2.059224984,           91P   1746
3.162559261,3.162559261,4.34986707,4.34986707,5.478849164,            91P   1747
5.478849164,6.642993067,6.642993067,7.704965007,7.704965007,          91P   1748
8.759352129,8.759352129,9.759356977,9.759356977,10.81858431,          91P   1749
10.81858431,11.9219195,11.9219195,13.10922757,13.10922757,            91P   1750
14.2382095,14.2382095,15.40235261,15.40235261,16.46432242,            91P   1751
16.46432242,17.5187051,17.5187051,17.5187051,17.5187051,1.,1.,        91P   1752
1.,1.,1.,1.,1.,1.,1.,1.,1.,1.,1.,1.,1.,1.,1.,1.,1.,1.,1.,1.,1.,       91P   1753
1.,1.,1.,1.,1.,1.,1.,1.,1.,1.,1.,34.925,1.299904D-015,                91P   1754
7.215914D-032,34.92519,2.08772,-1.278317D-016,34.73728,4.175308,      91P   1755
-2.556555D-016,33.97062,8.40546,-5.14669D-016,33.36883,10.54362,      91P   1756
-6.455894D-016,31.73934,14.75411,-9.033988D-016,30.69472,             91P   1757
16.81957,-1.029867D-015,28.12572,20.85313,-1.276844D-015,             91P   1758
26.57077,22.80135,-1.396134D-015,23.16968,26.23894,                   91P   1759
-1.606618D-015,21.34193,27.74597,-1.698895D-015,17.35933,             91P   1760
30.40266,-1.861565D-015,15.1964,31.53951,-1.931174D-015,              91P   1761
10.87958,33.2612,-2.036594D-015,8.741971,33.88591,                    91P   1762
-2.074845D-015,4.402362,34.71633,-2.125692D-015,2.201255,             91P   1763
34.92508,-2.138474D-015,-2.087721,34.92504,-2.138471D-015,            91P   1764
-4.175308,34.73735,-2.126979D-015,-8.40546,33.97057,                  91P   1765
-2.080029D-015,-10.54362,33.36885,-2.043185D-015,-14.75411,           91P   1766
31.73933,-1.943409D-015,-16.81957,30.69472,-1.879448D-015,            91P   1767
-20.85313,28.12571,-1.722146D-015,-22.80135,26.57077,                 91P   1768
-1.626937D-015,-26.23893,23.16968,-1.418687D-015,-27.74597,           91P   1769
21.34193,-1.306773D-015,-30.40266,17.35933,-1.062917D-015,            91P   1770
-31.53953,15.1964,-9.304805D-016,-33.26118,10.87958,                  91P   1771
-6.6616D-016,-33.88595,8.741971,-5.352737D-016,-34.71626,             91P   1772
4.402361,-2.69558D-016,-34.92523,2.201257,-1.347836D-016,             91P   1773
-34.925,-1.33912D-015,8.199473D-032,0.,17.5187051,2.199837D-032,      91P   1774
6.123032D-017,1.;                                                     91P   1775
126,3,3,1,0,1,0,0.,0.,0.,0.,1.,1.,1.,1.,1.,1.,1.,1.,-34.925,          93P   1776
-1.33912D-015,2.787938D-015,-34.90231,-1.52314D-015,-3.005375,        93P   1777
-34.68532,-1.707069D-015,-6.009263,-34.27584,-1.889378D-015,          93P   1778
-8.986698,0.,1.,-3.370362D-023,-1.,6.123031D-017;                     93P   1779
126,3,3,1,0,1,0,0.,0.,0.,0.,1.,1.,1.,1.,1.,1.,1.,1.,-22.2017,         95P   1780
10.02557,-28.575,-20.83768,13.05101,-28.575,-18.84615,15.79118,       95P   1781
-28.575,-16.38953,18.02251,-28.575,0.,1.,2.549445D-014,               95P   1782
-1.211093D-014,-1.;                                                   95P   1783
126,3,3,1,0,1,0,0.,0.,0.,0.,1.,1.,1.,1.,1.,1.,1.,1.,-50.,-50.,        97P   1784
0.,-16.66667,-50.,0.,16.66667,-50.,0.,50.,-50.,0.,0.,1.,0.,0.,        97P   1785
1.;                                                                   97P   1786
126,3,3,1,0,1,0,0.,0.,0.,0.,1.,1.,1.,1.,1.,1.,1.,1.,50.,-50.,0.,      99P   1787
50.,-16.66667,0.,50.,16.66667,0.,50.,50.,0.,0.,1.,0.,0.,1.;           99P   1788
126,3,3,1,0,1,0,0.,0.,0.,0.,1.,1.,1.,1.,1.,1.,1.,1.,50.,50.,0.,      101P   1789
16.66667,50.,0.,-16.66667,50.,0.,-50.,50.,0.,0.,1.,0.,-1.,0.;        101P   1790
126,3,3,1,0,1,0,0.,0.,0.,0.,1.,1.,1.,1.,1.,1.,1.,1.,-50.,50.,0.,     103P   1791
-50.,16.66667,0.,-50.,-16.66667,0.,-50.,-50.,0.,0.,1.,0.,0.,-1.;     103P   1792
126,198,3,1,0,1,0,0.,0.,0.,0.,1.,1.,1.,2.,2.,2.,3.,3.,3.,4.,4.,      105P   1793
4.,5.,5.,5.,6.,6.,6.,7.,7.,7.,8.,8.,8.,9.,9.,9.,10.,10.,10.,11.,     105P   1794
11.,11.,12.,12.,12.,13.,13.,13.,14.,14.,14.,15.,15.,15.,16.,16.,     105P   1795
16.,17.,17.,17.,18.,18.,18.,19.,19.,19.,20.,20.,20.,21.,21.,21.,     105P   1796
22.,22.,22.,23.,23.,23.,24.,24.,24.,25.,25.,25.,26.,26.,26.,27.,     105P   1797
27.,27.,28.,28.,28.,29.,29.,29.,30.,30.,30.,31.,31.,31.,32.,32.,     105P   1798
32.,33.,33.,33.,34.,34.,34.,35.,35.,35.,36.,36.,36.,37.,37.,37.,     105P   1799
38.,38.,38.,39.,39.,39.,40.,40.,40.,41.,41.,41.,42.,42.,42.,43.,     105P   1800
43.,43.,44.,44.,44.,45.,45.,45.,46.,46.,46.,47.,47.,47.,48.,48.,     105P   1801
48.,49.,49.,49.,50.,50.,50.,51.,51.,51.,52.,52.,52.,53.,53.,53.,     105P   1802
54.,54.,54.,55.,55.,55.,56.,56.,56.,57.,57.,57.,58.,58.,58.,59.,     105P   1803
59.,59.,60.,60.,60.,61.,61.,61.,62.,62.,62.,63.,63.,63.,64.,64.,     105P   1804
64.,65.,65.,65.,66.,66.,66.,66.,1.,1.,1.,1.,1.,1.,1.,1.,1.,1.,       105P   1805
1.,1.,1.,1.,1.,1.,1.,1.,1.,1.,1.,1.,1.,1.,1.,1.,1.,1.,1.,1.,1.,      105P   1806
1.,1.,1.,1.,1.,1.,1.,1.,1.,1.,1.,1.,1.,1.,1.,1.,1.,1.,1.,1.,1.,      105P   1807
1.,1.,1.,1.,1.,1.,1.,1.,1.,1.,1.,1.,1.,1.,1.,1.,1.,1.,1.,1.,1.,      105P   1808
1.,1.,1.,1.,1.,1.,1.,1.,1.,1.,1.,1.,1.,1.,1.,1.,1.,1.,1.,1.,1.,      105P   1809
1.,1.,1.,1.,1.,1.,1.,1.,1.,1.,1.,1.,1.,1.,1.,1.,1.,1.,1.,1.,1.,      105P   1810
1.,1.,1.,1.,1.,1.,1.,1.,1.,1.,1.,1.,1.,1.,1.,1.,1.,1.,1.,1.,1.,      105P   1811
1.,1.,1.,1.,1.,1.,1.,1.,1.,1.,1.,1.,1.,1.,1.,1.,1.,1.,1.,1.,1.,      105P   1812
1.,1.,1.,1.,1.,1.,1.,1.,1.,1.,1.,1.,1.,1.,1.,1.,1.,1.,1.,1.,1.,      105P   1813
1.,1.,1.,1.,1.,1.,1.,1.,1.,1.,1.,1.,1.,1.,1.,1.,1.,1.,1.,1.,1.,      105P   1814
34.925,0.,0.,34.91181,-0.5539328,0.,34.89863,-1.107866,0.,           105P   1815
34.88544,-1.661798,0.,34.84591,-2.214476,0.,34.80639,-2.767154,      105P   1816
0.,34.76686,-3.319832,0.,34.70108,-3.870003,0.,34.63529,             105P   1817
-4.420175,0.,34.56951,-4.970346,0.,34.47763,-5.516764,0.,            105P   1818
34.38574,-6.063182,0.,34.29386,-6.6096,0.,34.17608,-7.151027,0.,     105P   1819
34.0583,-7.692454,0.,33.94052,-8.233881,0.,33.79711,-8.76909,0.,     105P   1820
33.6537,-9.3043,0.,33.51029,-9.83951,0.,33.34158,-10.36729,0.,       105P   1821
33.17287,-10.89507,0.,33.00415,-11.42285,0.,32.81052,-11.942,0.,     105P   1822
32.61688,-12.46116,0.,32.42325,-12.98031,0.,32.20513,-13.48966,      105P   1823
0.,31.98701,-13.99902,0.,31.7689,-14.50837,0.,31.52679,              105P   1824
-15.00677,0.,31.28468,-15.50516,0.,31.04258,-16.00356,0.,            105P   1825
30.77703,-16.48987,0.,30.51148,-16.97619,0.,30.24594,-17.4625,       105P   1826
0.,29.95755,-17.93563,0.,29.66917,-18.40875,0.,29.38078,             105P   1827
-18.88188,0.,29.07021,-19.34075,0.,28.75964,-19.79962,0.,            105P   1828
28.44907,-20.25849,0.,28.11701,-20.70206,0.,27.78496,-21.14563,      105P   1829
0.,27.4529,-21.5892,0.,27.10012,-22.01647,0.,26.74734,-22.44374,     105P   1830
0.,26.39455,-22.87101,0.,26.02184,-23.28101,0.,25.64913,             105P   1831
-23.69101,0.,25.27641,-24.10101,0.,24.88461,-24.49281,0.,            105P   1832
24.49281,-24.88461,0.,24.10101,-25.27641,0.,23.69101,-25.64913,      105P   1833
0.,23.28101,-26.02184,0.,22.87101,-26.39455,0.,22.44374,             105P   1834
-26.74734,0.,22.01647,-27.10012,0.,21.5892,-27.4529,0.,21.14563,     105P   1835
-27.78496,0.,20.70206,-28.11701,0.,20.25849,-28.44907,0.,            105P   1836
19.79962,-28.75964,0.,19.34075,-29.07021,0.,18.88188,-29.38078,      105P   1837
0.,18.40875,-29.66917,0.,17.93563,-29.95755,0.,17.4625,              105P   1838
-30.24594,0.,16.97619,-30.51148,0.,16.48987,-30.77703,0.,            105P   1839
16.00356,-31.04258,0.,15.50516,-31.28468,0.,15.00677,-31.52679,      105P   1840
0.,14.50837,-31.7689,0.,13.99902,-31.98701,0.,13.48966,              105P   1841
-32.20513,0.,12.98031,-32.42325,0.,12.46116,-32.61688,0.,11.942,     105P   1842
-32.81052,0.,11.42285,-33.00415,0.,10.89507,-33.17287,0.,            105P   1843
10.36729,-33.34158,0.,9.83951,-33.51029,0.,9.3043,-33.6537,0.,       105P   1844
8.76909,-33.79711,0.,8.233881,-33.94052,0.,7.692454,-34.0583,0.,     105P   1845
7.151027,-34.17608,0.,6.6096,-34.29386,0.,6.063182,-34.38574,0.,     105P   1846
5.516764,-34.47763,0.,4.970346,-34.56951,0.,4.420175,-34.63529,      105P   1847
0.,3.870003,-34.70108,0.,3.319832,-34.76686,0.,2.767154,             105P   1848
-34.80639,0.,2.214476,-34.84591,0.,1.661798,-34.88544,0.,            105P   1849
1.107866,-34.89863,0.,0.5539328,-34.91181,0.,-7.0589D-015,           105P   1850
-34.925,0.,-0.5539328,-34.91181,0.,-1.107866,-34.89863,0.,           105P   1851
-1.661798,-34.88544,0.,-2.214476,-34.84591,0.,-2.767154,             105P   1852
-34.80639,0.,-3.319832,-34.76686,0.,-3.870003,-34.70108,0.,          105P   1853
-4.420175,-34.63529,0.,-4.970346,-34.56951,0.,-5.516764,             105P   1854
-34.47763,0.,-6.063182,-34.38574,0.,-6.6096,-34.29386,0.,            105P   1855
-7.151027,-34.17608,0.,-7.692454,-34.0583,0.,-8.233881,              105P   1856
-33.94052,0.,-8.76909,-33.79711,0.,-9.3043,-33.6537,0.,-9.83951,     105P   1857
-33.51029,0.,-10.36729,-33.34158,0.,-10.89507,-33.17287,0.,          105P   1858
-11.42285,-33.00415,0.,-11.942,-32.81052,0.,-12.46116,-32.61688,     105P   1859
0.,-12.98031,-32.42325,0.,-13.48966,-32.20513,0.,-13.99902,          105P   1860
-31.98701,0.,-14.50837,-31.7689,0.,-15.00677,-31.52679,0.,           105P   1861
-15.50516,-31.28468,0.,-16.00356,-31.04258,0.,-16.48987,             105P   1862
-30.77703,0.,-16.97619,-30.51148,0.,-17.4625,-30.24594,0.,           105P   1863
-17.93563,-29.95755,0.,-18.40875,-29.66917,0.,-18.88188,             105P   1864
-29.38078,0.,-19.34075,-29.07021,0.,-19.79962,-28.75964,0.,          105P   1865
-20.25849,-28.44907,0.,-20.70206,-28.11701,0.,-21.14563,             105P   1866
-27.78496,0.,-21.5892,-27.4529,0.,-22.01647,-27.10012,0.,            105P   1867
-22.44374,-26.74734,0.,-22.87101,-26.39455,0.,-23.28101,             105P   1868
-26.02184,0.,-23.69101,-25.64913,0.,-24.10101,-25.27641,0.,          105P   1869
-24.49281,-24.88461,0.,-24.88461,-24.49281,0.,-25.27641,             105P   1870
-24.10101,0.,-25.64913,-23.69101,0.,-26.02184,-23.28101,0.,          105P   1871
-26.39455,-22.87101,0.,-26.74734,-22.44374,0.,-27.10012,             105P   1872
-22.01647,0.,-27.4529,-21.5892,0.,-27.78496,-21.14563,0.,            105P   1873
-28.11701,-20.70206,0.,-28.44907,-20.25849,0.,-28.75964,             105P   1874
-19.79962,0.,-29.07021,-19.34075,0.,-29.38078,-18.88188,0.,          105P   1875
-29.66917,-18.40875,0.,-29.95755,-17.93563,0.,-30.24594,             105P   1876
-17.4625,0.,-30.51148,-16.97619,0.,-30.77703,-16.48987,0.,           105P   1877
-31.04258,-16.00356,0.,-31.28468,-15.50516,0.,-31.52679,             105P   1878
-15.00677,0.,-31.7689,-14.50837,0.,-31.98701,-13.99902,0.,           105P   1879
-32.20513,-13.48966,0.,-32.42325,-12.98031,0.,-32.61688,             105P   1880
-12.46116,0.,-32.81052,-11.942,0.,-33.00415,-11.42285,0.,            105P   1881
-33.17287,-10.89507,0.,-33.34158,-10.36729,0.,-33.51029,             105P   1882
-9.83951,0.,-33.6537,-9.3043,0.,-33.79711,-8.76909,0.,-33.94052,     105P   1883
-8.233881,0.,-34.0583,-7.692454,0.,-34.17608,-7.151027,0.,           105P   1884
-34.29386,-6.6096,0.,-34.38574,-6.063182,0.,-34.47763,-5.516764,     105P   1885
0.,-34.56951,-4.970346,0.,-34.63529,-4.420175,0.,-34.70108,          105P   1886
-3.870003,0.,-34.76686,-3.319832,0.,-34.80639,-2.767154,0.,          105P   1887
-34.84591,-2.214476,0.,-34.88544,-1.661798,0.,-34.89863,             105P   1888
-1.107866,0.,-34.91181,-0.5539328,0.,-34.925,0.,0.,0.,66.,0.,0.,     105P   1889
-1.;                                                                 105P   1890
126,3,3,1,0,1,0,0.,0.,0.,0.,1.,1.,1.,1.,1.,1.,1.,1.,-50.,50.,        107P   1891
-40.,-50.,50.,-26.66667,-50.,50.,-13.33333,-50.,50.,0.,0.,1.,0.,     107P   1892
-1.,0.;                                                              107P   1893
126,3,3,1,0,1,0,0.,0.,0.,0.,1.,1.,1.,1.,1.,1.,1.,1.,50.,50.,0.,      109P   1894
50.,50.,-13.33333,50.,50.,-26.66667,50.,50.,-40.,0.,1.,0.,1.,0.;     109P   1895
126,3,3,1,0,1,0,0.,0.,0.,0.,1.,1.,1.,1.,1.,1.,1.,1.,50.,50.,         111P   1896
-40.,16.66667,50.,-40.,-16.66667,50.,-40.,-50.,50.,-40.,0.,1.,       111P   1897
0.,0.,-1.;                                                           111P   1898
126,3,3,1,0,1,0,0.,0.,0.,0.,1.,1.,1.,1.,1.,1.,1.,1.,50.,50.,         113P   1899
-40.,50.,16.66667,-40.,50.,-16.66667,-40.,50.,-50.,-40.,0.,1.,       113P   1900
0.,0.,-1.;                                                           113P   1901
126,3,3,1,0,1,0,0.,0.,0.,0.,1.,1.,1.,1.,1.,1.,1.,1.,50.,-50.,        115P   1902
-40.,16.66667,-50.,-40.,-16.66667,-50.,-40.,-50.,-50.,-40.,0.,       115P   1903
1.,0.,1.,0.;                                                         115P   1904
126,3,3,1,0,1,0,0.,0.,0.,0.,1.,1.,1.,1.,1.,1.,1.,1.,-50.,-50.,       117P   1905
-40.,-50.,-16.66667,-40.,-50.,16.66667,-40.,-50.,50.,-40.,0.,1.,     117P   1906
0.,0.,1.;                                                            117P   1907
126,65,3,0,0,1,0,0.,0.,0.,0.,1.,1.,1.,2.,2.,2.,3.,3.,3.,4.,4.,       119P   1908
4.,5.,5.,5.,6.,6.,6.,7.,7.,7.,8.,8.,8.,9.,9.,9.,10.,10.,10.,11.,     119P   1909
11.,11.,12.,12.,12.,13.,13.,13.,14.,14.,14.,15.,15.,15.94428293,     119P   1910
15.94428293,15.94428293,16.94428293,16.94428293,16.94428293,         119P   1911
17.94428293,17.94428293,19.22695905,19.22695905,20.46140978,         119P   1912
20.46140978,21.84667235,21.84667235,21.84667235,22.84667235,         119P   1913
22.84667235,22.84667235,23.84667235,23.84667235,23.84667235,         119P   1914
23.84667235,1.,1.,1.,1.,1.,1.,1.,1.,1.,1.,1.,1.,1.,1.,1.,1.,1.,      119P   1915
1.,1.,1.,1.,1.,1.,1.,1.,1.,1.,1.,1.,1.,1.,1.,1.,1.,1.,1.,1.,1.,      119P   1916
1.,1.,1.,1.,1.,1.,1.,1.,1.,1.,1.,1.,1.,1.,1.,1.,1.,1.,1.,1.,1.,      119P   1917
1.,1.,1.,1.,1.,1.,1.,5.616716,2.876511,-26.27533,5.567762,           119P   1918
2.926011,-26.27022,5.517981,2.974697,-26.26513,5.467406,             119P   1919
3.022541,-26.26004,5.377048,3.13548,-26.25419,5.283001,3.245482,     119P   1920
-26.24835,5.185068,3.351928,-26.24253,5.102034,3.472091,             119P   1921
-26.24146,5.014741,3.589311,-26.24039,4.923402,3.703288,             119P   1922
-26.23933,4.847732,3.830493,-26.24313,4.767411,3.954931,             119P   1923
-26.24692,4.682708,4.076308,-26.25071,4.617253,4.204913,             119P   1924
-26.25911,4.547177,4.331162,-26.26749,4.472682,4.454756,             119P   1925
-26.27587,4.416551,4.585684,-26.28868,4.355983,4.714715,             119P   1926
-26.30149,4.290776,4.841372,-26.31431,4.233188,5.009126,             119P   1927
-26.33603,4.168356,5.174381,-26.3578,4.096488,5.336515,              119P   1928
-26.37965,4.047265,5.542934,-26.41409,3.987755,5.74683,              119P   1929
-26.44884,3.918478,5.947298,-26.48391,3.885369,6.15882,              119P   1930
-26.52687,3.842609,6.368671,-26.57047,3.790625,6.576085,             119P   1931
-26.61469,3.774224,6.78555,-26.66453,3.749645,6.994123,              119P   1932
-26.71536,3.71727,7.201244,-26.76714,3.714308,7.409935,              119P   1933
-26.82352,3.704976,7.618211,-26.88112,3.688803,7.825598,             119P   1934
-26.94003,3.695919,8.035149,-27.00276,3.697142,8.244398,             119P   1935
-27.06711,3.693189,8.453093,-27.13287,3.717351,8.660223,             119P   1936
-27.2021,3.737398,8.867226,-27.27316,3.753416,9.073909,              119P   1937
-27.34599,3.790155,9.272916,-27.41919,3.824778,9.471583,             119P   1938
-27.49426,3.855772,9.670247,-27.5711,3.906266,9.861175,              119P   1939
-27.64801,3.939414,10.05619,-27.72618,4.036255,10.42434,             119P   1940
-27.88343,4.104171,10.59642,-27.96248,4.152354,10.77352,             119P   1941
-28.04216,4.154469,10.79326,-28.05035,4.155266,10.81332,             119P   1942
-28.05862,4.156791,10.83319,-28.06685,4.19831,10.944,-28.11727,      119P   1943
4.241898,11.05563,-28.16408,4.338363,11.31487,-28.26255,             119P   1944
4.397465,11.46093,-28.31181,4.509901,11.75254,-28.39631,             119P   1945
4.571891,11.89442,-28.43197,4.699729,12.19963,-28.49527,             119P   1946
4.773769,12.35976,-28.52135,4.845224,12.52186,-28.54001,             119P   1947
4.908986,12.64342,-28.55438,4.973212,12.76523,-28.56434,5.03805,     119P   1948
12.88694,-28.56985,5.088766,12.9586,-28.57329,5.139875,13.03006,     119P   1949
-28.575,5.191334,13.10128,-28.575,0.,23.84667235,0.,0.,0.;           119P   1950
126,3,3,1,0,1,0,0.,0.,0.,0.,1.,1.,1.,1.,1.,1.,1.,1.,5.191334,        121P   1951
13.10128,-28.575,4.644649,13.31791,-28.575,4.084387,13.50027,        121P   1952
-28.575,3.514928,13.64693,-28.575,0.,1.,5.562694D-014,               121P   1953
-8.181452D-014,1.;                                                   121P   1954
126,65,3,0,0,1,0,0.,0.,0.,0.,1.,1.,1.,2.,2.,2.,3.,3.,3.,4.,4.,       123P   1955
4.,5.,5.,5.,6.,6.,6.,7.,7.,7.,8.,8.,8.,9.,9.,9.,10.,10.,10.,11.,     123P   1956
11.,11.,12.,12.,12.,13.,13.,13.,14.,14.,14.,15.,15.,15.94390385,     123P   1957
15.94390385,15.94390385,16.94390385,16.94390385,16.94390385,         123P   1958
17.94390385,17.94390385,19.22657812,19.22657812,20.46081316,         123P   1959
20.46081316,21.84596154,21.84596154,21.84596154,22.84596154,         123P   1960
22.84596154,22.84596154,23.84596154,23.84596154,23.84596154,         123P   1961
23.84596154,1.,1.,1.,1.,1.,1.,1.,1.,1.,1.,1.,1.,1.,1.,1.,1.,1.,      123P   1962
1.,1.,1.,1.,1.,1.,1.,1.,1.,1.,1.,1.,1.,1.,1.,1.,1.,1.,1.,1.,1.,      123P   1963
1.,1.,1.,1.,1.,1.,1.,1.,1.,1.,1.,1.,1.,1.,1.,1.,1.,1.,1.,1.,1.,      123P   1964
1.,1.,1.,1.,1.,1.,1.,-0.9999272,6.230433,-26.27526,-1.062125,        123P   1965
6.199056,-26.27012,-1.123828,6.166694,-26.26501,-1.184996,           123P   1966
6.133347,-26.25992,-1.319646,6.082496,-26.25405,-1.452603,           123P   1967
6.027152,-26.24824,-1.583533,5.967358,-26.24247,-1.723793,           123P   1968
5.925514,-26.2414,-1.862576,5.878718,-26.24035,-1.99953,5.82707,     123P   1969
-26.2393,-2.14413,5.794479,-26.24313,-2.287513,5.756494,             123P   1970
-26.24693,-2.42931,5.713311,-26.2507,-2.57208,5.690788,              123P   1971
-26.25914,-2.71406,5.663186,-26.26752,-2.854799,5.630228,            123P   1972
-26.27586,-2.99608,5.618005,-26.28873,-3.136901,5.600449,            123P   1973
-26.30155,-3.276905,5.577855,-26.31432,-3.454145,5.575416,           123P   1974
-26.33613,-3.631281,5.564984,-26.35792,-3.807579,5.546488,           123P   1975
-26.37968,-4.019267,5.563932,-26.41424,-4.231829,5.570288,           123P   1976
-26.44899,-4.444122,5.565638,-26.48394,-4.655942,5.599719,           123P   1977
-26.52698,-4.869305,5.623344,-26.5706,-5.083176,5.637106,            123P   1978
-26.61473,-5.287272,5.686466,-26.66464,-5.493071,5.727911,           123P   1979
-26.71544,-5.700026,5.760804,-26.76716,-5.899327,5.822718,           123P   1980
-26.82357,-6.100284,5.878233,-26.88118,-6.30258,5.926702,            123P   1981
-26.94005,-6.499705,5.998241,-27.00279,-6.698433,6.063913,           123P   1982
-27.06713,-6.898287,6.12431,-27.13286,-7.087687,6.211603,            123P   1983
-27.20213,-7.278275,6.29488,-27.27322,-7.469845,6.374146,            123P   1984
-27.34607,-7.648128,6.469907,-27.41922,-7.826779,6.563466,           123P   1985
-27.49421,-8.006584,6.65349,-27.57098,-8.172397,6.760858,            123P   1986
-27.64792,-8.347433,6.853075,-27.72615,-8.667256,7.05956,            123P   1987
-27.88344,-8.809732,7.177521,-27.96248,-8.963042,7.278359,           123P   1988
-28.04216,-8.981107,7.286613,-28.05037,-8.999887,7.293714,           123P   1989
-28.05866,-9.018257,7.301455,-28.06691,-9.110951,7.375017,           123P   1990
-28.11733,-9.203657,7.450978,-28.16414,-9.420795,7.622357,           123P   1991
-28.2626,-9.54128,7.723908,-28.31186,-9.782877,7.922149,             123P   1992
-28.39635,-9.899193,8.024288,-28.432,-10.15073,8.239263,             123P   1993
-28.4953,-10.27926,8.360161,-28.52136,-10.41116,8.47841,             123P   1994
-28.54001,-10.50726,8.576275,-28.55438,-10.60353,8.674619,           123P   1995
-28.56434,-10.69949,8.773516,-28.56985,-10.75179,8.844141,           123P   1996
-28.57328,-10.80378,8.915078,-28.575,-10.85543,8.986269,-28.575,     123P   1997
0.,23.84596154,0.,0.,0.;                                             123P   1998
126,3,3,1,0,1,0,0.,0.,0.,0.,1.,1.,1.,1.,1.,1.,1.,1.,-10.85543,       125P   1999
8.986269,-28.575,-11.2311,8.532477,-28.575,-11.57827,8.055094,       125P   2000
-28.575,-11.89421,7.557866,-28.575,0.,1.,4.425948D-013,              125P   2001
-1.590079D-013,1.;                                                   125P   2002
126,9,3,0,0,1,0,0.,0.,0.,0.,1.,1.,1.,2.,2.,2.,3.,3.,3.,3.,1.,1.,     127P   2003
1.,1.,1.,1.,1.,1.,1.,1.,-6.23623,0.9739673,-26.27566,-6.225396,      127P   2004
0.9035168,-26.27042,-6.21321,0.8332764,-26.26515,-6.199654,          127P   2005
0.7633026,-26.25985,-6.193136,0.6209471,-26.25412,-6.181562,         127P   2006
0.4788182,-26.24832,-6.164554,0.3373336,-26.24244,-6.167355,         127P   2007
0.2249085,-26.24164,-6.16703,0.1124069,-26.24083,-6.163597,          127P   2008
-2.626481D-015,-26.24002,0.,3.,0.,0.,0.;                             127P   2009
126,3,3,1,0,1,0,0.,0.,0.,0.,1.,1.,1.,1.,1.,1.,1.,1.,-6.163597,       129P   2010
-2.626481D-015,-26.24002,-4.143157,-2.47964D-015,-25.75918,          129P   2011
-2.075425,-2.34489D-015,-25.47738,0.,-2.22481D-015,-25.4,0.,1.,      129P   2012
-5.510493D-017,1.,-7.383897D-017;                                    129P   2013
126,3,3,1,0,1,0,0.,0.,0.,0.,1.,1.,1.,1.,1.,1.,1.,1.,0.,              131P   2014
-2.22481D-015,-25.4,0.,-2.22481D-015,-25.4,0.,-2.22481D-015,         131P   2015
-25.4,0.,-2.22481D-015,-25.4,0.,1.,0.,0.,1.;                         131P   2016
126,17,3,1,0,1,0,0.,0.,0.,0.,1.,1.,1.500824934,1.500824934,          133P   2017
1.722684196,1.722684196,1.912890303,1.912890303,2.010504474,         133P   2018
2.010504474,2.108541997,2.108541997,2.206532255,2.206532255,         133P   2019
2.304007388,2.304007388,2.304007388,2.304007388,1.,1.,1.,1.,1.,      133P   2020
1.,1.,1.,1.,1.,1.,1.,1.,1.,1.,1.,1.,1.,0.,-2.22481D-015,-25.4,       133P   2021
2.101434,-2.112752D-015,-25.4783,4.19493,-2.011574D-015,             133P   2022
-25.76635,7.263473,-1.878122D-015,-26.50445,8.275091,                133P   2023
-1.837442D-015,-26.80184,9.710195,-1.781566D-015,-27.30191,          133P   2024
10.14686,-1.768407D-015,-27.46628,10.95261,-1.733417D-015,           133P   2025
-27.78514,11.31902,-1.73573D-015,-27.94562,11.87635,                 133P   2026
-1.687005D-015,-28.18143,12.07125,-1.664322D-015,-28.24723,          133P   2027
12.46463,-1.626341D-015,-28.36694,12.66529,-1.604428D-015,           133P   2028
-28.4157,13.06945,-1.562422D-015,-28.49565,13.27362,                 133P   2029
-1.540154D-015,-28.52528,13.68251,-1.495709D-015,-28.56514,          133P   2030
13.88745,-1.472822D-015,-28.57496,14.09233,-1.449759D-015,           133P   2031
-28.575,0.,2.304007388,3.560797D-019,1.,1.77943D-016;                133P   2032
126,3,3,1,0,1,0,0.,0.,0.,0.,1.,1.,1.,1.,1.,1.,1.,1.,14.09233,        135P   2033
-1.449759D-015,-28.575,14.09233,0.2916166,-28.575,14.08327,          135P   2034
0.5832331,-28.575,14.06518,0.8742879,-28.575,0.,1.,0.,               135P   2035
1.136644D-014,1.;                                                    135P   2036
126,3,3,1,0,1,0,0.,0.,0.,0.,1.,1.,1.,1.,1.,1.,1.,1.,14.09233,        137P   2037
-1.449759D-015,-28.575,17.51501,-1.449759D-015,-28.575,20.93769,     137P   2038
-1.449759D-015,-28.575,24.36038,-1.449759D-015,-28.575,0.,1.,0.,     137P   2039
1.,0.;                                                               137P   2040
126,3,3,1,0,1,0,0.,0.,0.,0.,1.,1.,1.,1.,1.,1.,1.,1.,50.,-50.,0.,     139P   2041
50.,-50.,-13.33333,50.,-50.,-26.66667,50.,-50.,-40.,0.,1.,0.,1.,     139P   2042
0.;                                                                  139P   2043
126,3,3,1,0,1,0,0.,0.,0.,0.,1.,1.,1.,1.,1.,1.,1.,1.,-50.,-50.,       141P   2044
0.,-50.,-50.,-13.33333,-50.,-50.,-26.66667,-50.,-50.,-40.,0.,1.,     141P   2045
0.,1.,0.;                                                            141P   2046
126,36,3,1,0,1,0,0.,0.,0.,0.,1.,1.,2.818302431,2.818302431,          143P   2047
2.818302431,3.818302431,3.818302431,4.685743992,4.685743992,         143P   2048
4.685743992,5.685743992,5.685743992,6.175321863,6.175321863,         143P   2049
6.175321863,7.175321863,7.175321863,11.06831802,11.06831802,         143P   2050
11.06831802,12.06831802,12.06831802,12.06831802,13.06831802,         143P   2051
13.06831802,17.60692131,17.60692131,17.60692131,18.60692131,         143P   2052
18.60692131,18.60692131,19.60692131,19.60692131,20.29554109,         143P   2053
20.29554109,20.29554109,20.29554109,1.,1.,1.,1.,1.,1.,1.,1.,1.,      143P   2054
1.,1.,1.,1.,1.,1.,1.,1.,1.,1.,1.,1.,1.,1.,1.,1.,1.,1.,1.,1.,1.,      143P   2055
1.,1.,1.,1.,1.,1.,1.,5.191334,13.10128,-28.575,5.22269,13.1716,      143P   2056
-28.575,5.253749,13.24207,-28.575,5.38682,13.41499,-28.575,          143P   2057
5.462945,13.53234,-28.575,5.547912,13.64437,-28.575,5.851717,        143P   2058
14.02969,-28.575,6.184606,14.39009,-28.575,6.801869,15.06619,        143P   2059
-28.575,7.083845,15.38481,-28.575,7.382663,15.68767,-28.575,         143P   2060
7.546581,15.91097,-28.575,7.71301,16.1323,-28.575,7.96471,           143P   2061
16.45915,-28.575,8.046759,16.56708,-28.575,8.130598,16.67365,        143P   2062
-28.575,8.194414,16.73542,-28.575,8.257518,16.79795,-28.575,         143P   2063
8.570406,17.09959,-28.575,8.823339,17.33545,-28.575,9.080704,        143P   2064
17.5664,-28.575,9.326934,17.89635,-28.575,9.576533,18.22379,         143P   2065
-28.575,9.829435,18.54865,-28.575,9.883021,18.60387,-28.575,         143P   2066
9.936058,18.65962,-28.575,10.23378,18.96455,-28.575,10.47933,        143P   2067
19.21291,-28.575,10.72977,19.45634,-28.575,10.85707,19.61788,        143P   2068
-28.575,10.98439,19.7794,-28.575,11.11174,19.9409,-28.575,           143P   2069
11.30216,20.18076,-28.575,11.49773,20.41662,-28.575,11.81276,        143P   2070
20.82682,-28.575,11.94804,20.98888,-28.575,12.07557,21.15676,        143P   2071
-28.575,0.,20.29554109,0.,6.107688D-014,-1.;                         143P   2072
126,33,3,1,0,1,0,0.,0.,0.,0.,1.,1.,4.458961246,4.458961246,          145P   2073
4.458961246,5.458961246,5.458961246,6.330474555,6.330474555,         145P   2074
6.330474555,7.330474555,7.330474555,7.81200525,7.81200525,           145P   2075
7.81200525,8.81200525,8.81200525,8.81200525,9.81200525,              145P   2076
9.81200525,9.81200525,10.81200525,10.81200525,10.81200525,           145P   2077
11.81200525,11.81200525,11.81200525,12.81200525,12.81200525,         145P   2078
12.81200525,13.81200525,13.81200525,13.81200525,13.81200525,1.,      145P   2079
1.,1.,1.,1.,1.,1.,1.,1.,1.,1.,1.,1.,1.,1.,1.,1.,1.,1.,1.,1.,1.,      145P   2080
1.,1.,1.,1.,1.,1.,1.,1.,1.,1.,1.,1.,-10.85543,8.986269,-28.575,      145P   2081
-10.88494,9.025061,-28.575,-10.93231,9.047879,-28.575,-11.06309,     145P   2082
9.221562,-28.575,-11.1623,9.357985,-28.575,-11.26195,9.494008,       145P   2083
-28.575,-11.528,9.90482,-28.575,-11.77653,10.3265,-28.575,           145P   2084
-12.23093,11.12159,-28.575,-12.44024,11.49324,-28.575,-12.63577,     145P   2085
11.87232,-28.575,-12.79857,12.09794,-28.575,-12.95939,12.32494,      145P   2086
-28.575,-13.19334,12.66425,-28.575,-13.27031,12.7739,-28.575,        145P   2087
-13.34513,12.885,-28.575,-13.53824,13.27489,-28.575,-13.72252,       145P   2088
13.66919,-28.575,-13.89802,14.06733,-28.575,-14.13678,14.40276,      145P   2089
-28.575,-14.36946,14.74229,-28.575,-14.60187,15.08215,-28.575,       145P   2090
-14.80165,15.45859,-28.575,-14.99743,15.83715,-28.575,-15.18582,     145P   2091
16.21942,-28.575,-15.30029,16.39028,-28.575,-15.4148,16.56113,       145P   2092
-28.575,-15.5293,16.73199,-28.575,-15.64239,16.90394,-28.575,        145P   2093
-15.75551,17.07588,-28.575,-15.86859,17.24785,-28.575,-16.04687,     145P   2094
17.50286,-28.575,-16.2124,17.76681,-28.575,-16.38953,18.02251,       145P   2095
-28.575,0.,13.81200525,-4.169642D-013,-9.072618D-014,-1.;            145P   2096
126,38,3,1,0,1,0,0.,0.,0.,0.,1.,1.,1.,2.,2.,2.,3.,3.,3.,4.,4.,       147P   2097
4.,5.,5.,5.,6.,6.,6.,7.,7.,7.,8.,8.,8.,9.,9.,11.21674288,            147P   2098
11.21674288,11.21674288,12.21674288,12.21674288,12.21674288,         147P   2099
13.21674288,13.21674288,13.21674288,14.21674288,14.21674288,         147P   2100
14.21674288,14.21674288,1.,1.,1.,1.,1.,1.,1.,1.,1.,1.,1.,1.,1.,      147P   2101
1.,1.,1.,1.,1.,1.,1.,1.,1.,1.,1.,1.,1.,1.,1.,1.,1.,1.,1.,1.,1.,      147P   2102
1.,1.,1.,1.,1.,-11.90095,-7.547243,-28.575,-11.94363,-7.570558,      147P   2103
-28.575,-11.9863,-7.593945,-28.575,-12.02901,-7.61719,-28.575,       147P   2104
-12.18824,-7.672398,-28.575,-12.34838,-7.724891,-28.575,             147P   2105
-12.50833,-7.777975,-28.575,-12.70156,-7.828922,-28.575,             147P   2106
-12.89538,-7.877674,-28.575,-13.08971,-7.924257,-28.575,             147P   2107
-13.37351,-7.987764,-28.575,-13.65838,-8.04647,-28.575,              147P   2108
-13.94414,-8.100417,-28.575,-14.35848,-8.194046,-28.575,             147P   2109
-14.77489,-8.278501,-28.575,-15.19294,-8.353853,-28.575,             147P   2110
-15.58688,-8.477521,-28.575,-15.98299,-8.594209,-28.575,             147P   2111
-16.38001,-8.707547,-28.575,-16.81002,-8.770932,-28.575,             147P   2112
-17.24135,-8.825325,-28.575,-17.67368,-8.870225,-28.575,             147P   2113
-18.06651,-8.993437,-28.575,-18.46122,-9.110513,-28.575,             147P   2114
-18.8563,-9.226235,-28.575,-18.98666,-9.249554,-28.575,              147P   2115
-19.11714,-9.272068,-28.575,-19.53709,-9.343384,-28.575,             147P   2116
-19.82709,-9.388934,-28.575,-20.11749,-9.431749,-28.575,             147P   2117
-20.31542,-9.487675,-28.575,-20.51335,-9.543608,-28.575,             147P   2118
-20.71128,-9.599537,-28.575,-20.90981,-9.653809,-28.575,             147P   2119
-21.10835,-9.7081,-28.575,-21.30689,-9.762354,-28.575,-21.60468,     147P   2120
-9.853012,-28.575,-21.90712,-9.928433,-28.575,-22.20518,             147P   2121
-10.01787,-28.575,0.,14.21674288,-1.057069D-013,3.520081D-013,       147P   2122
-1.;                                                                 147P   2123
126,3,3,1,0,1,0,0.,0.,0.,0.,1.,1.,1.,1.,1.,1.,1.,1.,-22.20518,       149P   2124
-10.01787,-28.575,-20.84221,-13.04379,-28.575,-18.85163,             149P   2125
-15.78464,-28.575,-16.39578,-18.01683,-28.575,0.,1.,                 149P   2126
8.498163D-015,6.982715D-015,1.;                                      149P   2127
126,3,3,1,0,1,0,0.,0.,0.,0.,1.,1.,1.,1.,1.,1.,1.,1.,-14.94537,       151P   2128
-15.60061,-28.575,-14.94534,-15.60054,-28.575,-14.94532,             151P   2129
-15.60047,-28.575,-14.94529,-15.6004,-28.575,0.,1.,0.,               151P   2130
-3.476677D-011,1.;                                                   151P   2131
126,3,3,1,0,1,0,0.,0.,0.,0.,1.,1.,1.,1.,1.,1.,1.,1.,-10.86347,       153P   2132
-8.976546,-28.575,-11.23873,-8.522427,-28.575,-11.58546,             153P   2133
-8.044743,-28.575,-11.90095,-7.547243,-28.575,0.,1.,                 153P   2134
2.213107D-013,3.740532D-014,-1.;                                     153P   2135
126,29,3,1,0,1,0,0.,0.,0.,0.,1.,1.,1.,2.,2.,2.,3.,3.,                155P   2136
3.866788012,3.866788012,3.866788012,4.866788012,4.866788012,         155P   2137
4.866788012,5.866788012,5.866788012,5.866788012,6.866788012,         155P   2138
6.866788012,6.866788012,7.866788012,7.866788012,7.866788012,         155P   2139
8.866788012,8.866788012,8.866788012,9.866788012,9.866788012,         155P   2140
9.866788012,9.866788012,1.,1.,1.,1.,1.,1.,1.,1.,1.,1.,1.,1.,1.,      155P   2141
1.,1.,1.,1.,1.,1.,1.,1.,1.,1.,1.,1.,1.,1.,1.,1.,1.,3.503682,         155P   2142
-13.64982,-28.575,3.512697,-13.69722,-28.575,3.521711,-13.74462,     155P   2143
-28.575,3.530726,-13.79202,-28.575,3.531413,-13.96223,-28.575,       155P   2144
3.527465,-14.13237,-28.575,3.52642,-14.30259,-28.575,3.488584,       155P   2145
-14.78868,-28.575,3.45544,-15.27513,-28.575,3.37742,-16.18198,       155P   2146
-28.575,3.33889,-16.60289,-28.575,3.286885,-17.02237,-28.575,        155P   2147
3.249756,-17.44339,-28.575,3.204236,-17.86367,-28.575,3.151425,      155P   2148
-18.28301,-28.575,3.113423,-18.70294,-28.575,3.068595,-19.12225,     155P   2149
-28.575,3.017048,-19.54073,-28.575,2.984002,-19.95868,-28.575,       155P   2150
2.945225,-20.37619,-28.575,2.900811,-20.79309,-28.575,2.868372,      155P   2151
-21.20944,-28.575,2.830909,-21.6254,-28.575,2.788493,-22.04084,      155P   2152
-28.575,2.759327,-22.45467,-28.575,2.725894,-22.86819,-28.575,       155P   2153
2.688192,-23.28133,-28.575,2.685164,-23.59235,-28.575,2.669254,      155P   2154
-23.90324,-28.575,2.664795,-24.21418,-28.575,0.,9.866788012,0.,      155P   2155
7.46429D-016,-1.;                                                    155P   2156
126,3,3,1,0,1,0,0.,0.,0.,0.,1.,1.,1.,1.,1.,1.,1.,1.,2.664795,        157P   2157
-24.21418,-28.575,5.964048,-23.85307,-28.575,9.186166,-22.80692,     157P   2158
-28.575,12.06824,-21.16094,-28.575,0.,1.,0.,5.133962D-015,1.;        157P   2159
126,3,3,1,0,1,0,0.,0.,0.,0.,1.,1.,1.,1.,1.,1.,1.,1.,5.17976,         159P   2160
-13.10586,-28.575,4.633143,-13.32191,-28.575,4.072992,-13.5037,      159P   2161
-28.575,3.503682,-13.64982,-28.575,0.,1.,-1.671182D-013,             159P   2162
3.230937D-013,-1.;                                                   159P   2163
126,30,3,1,0,1,0,0.,0.,0.,0.,1.,1.,1.,2.,2.,2.,3.,3.,3.,4.,4.,       161P   2164
5.807628453,5.807628453,7.833721152,7.833721152,10.26980138,         161P   2165
10.26980138,10.26980138,11.26980138,11.26980138,11.26980138,         161P   2166
12.26980138,12.26980138,12.26980138,13.26980138,13.26980138,         161P   2167
13.26980138,14.26980138,14.26980138,14.26980138,14.26980138,1.,      161P   2168
1.,1.,1.,1.,1.,1.,1.,1.,1.,1.,1.,1.,1.,1.,1.,1.,1.,1.,1.,1.,1.,      161P   2169
1.,1.,1.,1.,1.,1.,1.,1.,1.,14.06447,-0.8856265,-28.575,14.11241,     161P   2170
-0.8917359,-28.575,14.16035,-0.8978453,-28.575,14.20829,             161P   2171
-0.9039547,-28.575,14.37036,-0.9556445,-28.575,14.53078,             161P   2172
-1.012199,-28.575,14.69234,-1.065566,-28.575,15.14308,-1.253248,     161P   2173
-28.575,15.59651,-1.434593,-28.575,16.04391,-1.630225,-28.575,       161P   2174
16.20657,-1.693902,-28.575,16.36836,-1.759627,-28.575,16.82226,      161P   2175
-1.945354,-28.575,17.11123,-2.072516,-28.575,17.72441,-2.341619,     161P   2176
-28.575,18.04337,-2.495005,-28.575,18.74833,-2.827107,-28.575,       161P   2177
19.13379,-3.007389,-28.575,19.51233,-3.201767,-28.575,19.90161,      161P   2178
-3.347301,-28.575,20.28874,-3.498381,-28.575,20.67412,-3.653861,     161P   2179
-28.575,21.05903,-3.819349,-28.575,21.44166,-3.990152,-28.575,       161P   2180
21.82185,-4.166216,-28.575,22.20755,-4.318005,-28.575,22.59167,      161P   2181
-4.473818,-28.575,22.9741,-4.633671,-28.575,23.26868,-4.733106,      161P   2182
-28.575,23.55895,-4.845257,-28.575,23.85295,-4.946166,-28.575,       161P   2183
0.,14.26980138,0.,1.419851D-013,-1.;                                 161P   2184
126,3,3,1,0,1,0,0.,0.,0.,0.,1.,1.,1.,1.,1.,1.,1.,1.,23.85295,        163P   2185
-4.946166,-28.575,24.19018,-3.320498,-28.575,24.3605,-1.660276,      163P   2186
-28.575,24.36038,-1.449759D-015,-28.575,0.,1.,-6.764091D-014,        163P   2187
4.225961D-015,1.;                                                    163P   2188
126,3,3,1,0,1,0,0.,0.,0.,0.,1.,1.,1.,1.,1.,1.,1.,1.,14.09233,        165P   2189
-1.449759D-015,-28.575,14.09233,-0.2954035,-28.575,14.08304,         165P   2190
-0.5908069,-28.575,14.06447,-0.8856265,-28.575,0.,1.,                165P   2191
-1.841886D-012,2.88629D-014,-1.;                                     165P   2192
126,45,3,0,0,1,0,0.,0.,0.,0.,1.,1.,1.720583468,1.720583468,          167P   2193
3.478309475,3.478309475,4.364496854,4.364496854,5.527999745,         167P   2194
5.527999745,7.158344317,7.158344317,8.821123551,8.821123551,         167P   2195
10.23712357,10.23712357,11.96142366,11.96142366,15.65230833,         167P   2196
15.65230833,18.4713842,18.4713842,22.59162758,22.59162758,           167P   2197
23.27675134,23.27675134,23.64170698,23.64170698,24.07815608,         167P   2198
24.07815608,24.7481655,24.7481655,25.44464156,25.44464156,           167P   2199
26.84977511,26.84977511,28.25371315,28.25371315,29.63789907,         167P   2200
29.63789907,30.9067321,30.9067321,31.9358822,31.9358822,             167P   2201
31.9358822,31.9358822,1.,1.,1.,1.,1.,1.,1.,1.,1.,1.,1.,1.,1.,1.,     167P   2202
1.,1.,1.,1.,1.,1.,1.,1.,1.,1.,1.,1.,1.,1.,1.,1.,1.,1.,1.,1.,1.,      167P   2203
1.,1.,1.,1.,1.,1.,1.,1.,1.,1.,1.,28.11404,-19.58302,-9.036558,       167P   2204
28.28124,-19.33542,-9.06804,28.44197,-19.08601,-9.118484,            167P   2205
28.70489,-18.65722,-9.237813,28.80996,-18.47812,-9.29929,            167P   2206
29.15865,-17.86469,-9.536789,29.3784,-17.43637,-9.760585,            167P   2207
29.66639,-16.81401,-10.16077,29.75643,-16.60865,-10.30466,           167P   2208
29.94661,-16.14457,-10.66159,30.04591,-15.88551,-10.87443,           167P   2209
30.25899,-15.27789,-11.41254,30.36334,-14.93533,-11.74754,           167P   2210
30.5398,-14.26697,-12.45482,30.6098,-13.94368,-12.82989,             167P   2211
30.70677,-13.37048,-13.54879,30.74167,-13.11253,-13.88535,           167P   2212
30.79445,-12.55946,-14.64736,30.80763,-12.2679,-15.07567,            167P   2213
30.80249,-11.39053,-16.44481,30.74025,-10.83248,-17.4036,            167P   2214
30.52997,-9.937505,-19.12895,30.4119,-9.567424,-19.88156,            167P   2215
30.08419,-8.637265,-21.71718,29.85774,-8.070041,-22.79402,           167P   2216
29.55696,-7.383619,-24.02717,29.50634,-7.294787,-24.20618,           167P   2217
29.415,-7.176423,-24.4839,29.38112,-7.138504,-24.581,29.30104,       167P   2218
-7.061791,-24.79465,29.25453,-7.02685,-24.91219,29.12591,            167P   2219
-6.937092,-25.20512,29.03852,-6.882392,-25.37818,28.84361,           167P   2220
-6.771228,-25.72173,28.73568,-6.715341,-25.89219,28.38682,           167P   2221
-6.543937,-26.38939,28.12018,-6.423557,-26.69628,27.53186,           167P   2222
-6.177358,-27.24834,27.20968,-6.051563,-27.49298,26.5268,            167P   2223
-5.801405,-27.90775,26.16652,-5.67724,-28.07864,25.44823,            167P   2224
-5.443791,-28.33211,25.09222,-5.334295,-28.41942,24.43699,           167P   2225
-5.142617,-28.51922,24.14371,-5.048509,-28.54997,23.85276,           167P   2226
-4.945279,-28.56382,0.,31.9358822,0.,0.,0.;                          167P   2227
126,27,3,0,0,1,0,0.,0.,0.,0.,1.,1.,2.26761135,2.26761135,            169P   2228
4.148675056,4.148675056,6.277655525,6.277655525,8.885083974,         169P   2229
8.885083974,10.0492339,10.0492339,12.65525191,12.65525191,           169P   2230
15.88755796,15.88755796,19.88656248,19.88656248,22.51733953,         169P   2231
22.51733953,25.02496979,25.02496979,28.46180567,28.46180567,         169P   2232
32.17181199,32.17181199,32.17181199,32.17181199,1.,1.,1.,1.,1.,      169P   2233
1.,1.,1.,1.,1.,1.,1.,1.,1.,1.,1.,1.,1.,1.,1.,1.,1.,1.,1.,1.,1.,      169P   2234
1.,1.,14.06895,-0.8699049,-28.56434,13.95528,-0.8407652,             169P   2235
-28.55931,13.8409,-0.8147583,-28.55172,13.58028,-0.7643132,          169P   2236
-28.53004,13.43402,-0.7408088,-28.51372,13.06963,-0.6981624,         169P   2237
-28.46685,12.85269,-0.6790616,-28.42758,12.39598,-0.643374,          169P   2238
-28.31794,12.15654,-0.6295775,-28.24578,11.63307,-0.6071175,         169P   2239
-28.05883,11.34555,-0.6064015,-27.95252,10.93261,-0.6251504,         169P   2240
-27.79319,10.80558,-0.6338375,-27.74329,10.39598,-0.6710497,         169P   2241
-27.57912,10.11212,-0.7107179,-27.47077,9.476872,-0.8251935,         169P   2242
-27.23939,9.125463,-0.9074814,-27.11894,8.35041,-1.15262,            169P   2243
-26.87213,7.929211,-1.325955,-26.75078,7.249697,-1.664333,           169P   2244
-26.57718,6.984322,-1.811293,-26.51505,6.485542,-2.135303,           169P   2245
-26.41164,6.250617,-2.308972,-26.36922,5.720289,-2.75641,            169P   2246
-26.28953,5.438554,-3.047344,-26.26231,4.908996,-3.698303,           169P   2247
-26.24076,4.666987,-4.064088,-26.25024,4.467847,-4.450498,           169P   2248
-26.28223,0.,32.17181199,0.,0.,0.;                                   169P   2249
126,51,3,0,0,1,0,0.,0.,0.,0.,1.,1.,1.637115022,1.637115022,          171P   2250
2.251518558,2.251518558,3.300154563,3.300154563,4.365159702,         171P   2251
4.365159702,5.98553995,5.98553995,7.337422766,7.337422766,           171P   2252
9.057629544,9.057629544,10.47220091,10.47220091,12.27603189,         171P   2253
12.27603189,14.00554847,14.00554847,15.8281729,15.8281729,           171P   2254
16.8856226,16.8856226,18.82336865,18.82336865,22.59153214,           171P   2255
22.59153214,23.27634612,23.27634612,23.64151185,23.64151185,         171P   2256
24.07812371,24.07812371,24.74816228,24.74816228,25.44466963,         171P   2257
25.44466963,26.84986096,26.84986096,28.25386659,28.25386659,         171P   2258
29.63813011,29.63813011,30.9070286,30.9070286,31.93589864,           171P   2259
31.93589864,31.93589864,31.93589864,1.,1.,1.,1.,1.,1.,1.,1.,1.,      171P   2260
1.,1.,1.,1.,1.,1.,1.,1.,1.,1.,1.,1.,1.,1.,1.,1.,1.,1.,1.,1.,1.,      171P   2261
1.,1.,1.,1.,1.,1.,1.,1.,1.,1.,1.,1.,1.,1.,1.,1.,1.,1.,1.,1.,1.,      171P   2262
1.,-9.936861,-32.78952,-9.036558,-9.649733,-32.872,-9.0681,          171P   2263
-9.362781,-32.94787,-9.11839,-8.897531,-33.05964,-9.232136,          171P   2264
-8.717886,-33.09963,-9.285131,-8.368117,-33.1727,-9.401965,          171P   2265
-8.198123,-33.20568,-9.466014,-7.743029,-33.28783,-9.654975,         171P   2266
-7.462886,-33.33054,-9.793839,-6.913074,-33.40129,-10.1032,          171P   2267
-6.643481,-33.42914,-10.27407,-5.987907,-33.47851,-10.74135,         171P   2268
-5.606418,-33.49403,-11.04451,-4.93929,-33.49446,-11.63783,          171P   2269
-4.64799,-33.4847,-11.92096,-4.010742,-33.44345,-12.58707,           171P   2270
-3.676829,-33.40499,-12.98034,-3.098229,-33.31286,-13.71718,         171P   2271
-2.84596,-33.26369,-14.05567,-2.29819,-33.13434,-14.84146,           171P   2272
-2.010657,-33.04931,-15.29311,-1.475874,-32.86224,-16.19024,         171P   2273
-1.228666,-32.76089,-16.63591,-0.7433111,-32.53517,-17.55854,        171P   2274
-0.5109697,-32.40922,-18.0382,-0.1678139,-32.19558,-18.80275,        171P   2275
-0.04344375,-32.11454,-19.08347,0.2999318,-31.87697,-19.88008,       171P   2276
0.5169497,-31.71475,-20.39512,1.162566,-31.2137,-21.90103,           171P   2277
1.592342,-30.85374,-22.88449,2.11136,-30.39201,-24.02706,            171P   2278
2.180094,-30.31649,-24.20602,2.264501,-30.19304,-24.48367,           171P   2279
2.290088,-30.1491,-24.58084,2.338343,-30.04918,-24.79457,            171P   2280
2.357202,-29.99414,-24.91216,2.402836,-29.84406,-25.20512,           171P   2281
2.427853,-29.74405,-25.37818,2.47335,-29.52433,-25.72173,            171P   2282
2.493152,-29.40441,-25.89219,2.548365,-29.01966,-26.38939,           171P   2283
2.580459,-28.72888,-26.69628,2.632806,-28.09327,-27.24834,           171P   2284
2.652883,-27.74799,-27.49298,2.679773,-27.02122,-27.90775,           171P   2285
2.686526,-26.6402,-28.07864,2.686584,-25.88492,-28.33211,            171P   2286
2.680708,-25.5125,-28.41942,2.660532,-24.8302,-28.51921,             171P   2287
2.659407,-24.5223,-28.54995,2.667667,-24.21378,-28.56381,0.,         171P   2288
31.93589864,0.,0.,0.;                                                171P   2289
126,27,3,0,0,1,0,0.,0.,0.,0.,1.,1.,2.267603345,2.267603345,          173P   2290
4.148600411,4.148600411,6.277502747,6.277502747,8.860623806,         173P   2291
8.860623806,10.04879979,10.04879979,12.323285,12.323285,             173P   2292
14.88227326,14.88227326,18.65960599,18.65960599,22.02204027,         173P   2293
22.02204027,25.10417342,25.10417342,28.45929651,28.45929651,         173P   2294
32.16887712,32.16887712,32.16887712,32.16887712,1.,1.,1.,1.,1.,      173P   2295
1.,1.,1.,1.,1.,1.,1.,1.,1.,1.,1.,1.,1.,1.,1.,1.,1.,1.,1.,1.,1.,      173P   2296
1.,1.,3.520219,-13.64921,-28.56434,3.512806,-13.53209,-28.55931,     173P   2297
3.502197,-13.41528,-28.55172,3.469635,-13.15181,-28.53004,           173P   2298
3.446792,-13.00544,-28.51372,3.374752,-12.64571,-28.46685,           173P   2299
3.325884,-12.43348,-28.42758,3.21869,-11.9881,-28.31794,             173P   2300
3.157833,-11.75611,-28.24577,3.018131,-11.25391,-28.05978,           173P   2301
2.930921,-10.98273,-27.95449,2.785756,-10.59567,-27.79528,           173P   2302
2.737456,-10.47499,-27.74433,2.588315,-10.12792,-27.59363,           173P   2303
2.480949,-9.902275,-27.49834,2.232606,-9.429961,-27.30459,           173P   2304
2.091634,-9.18279,-27.20648,1.705608,-8.588629,-26.97833,            173P   2305
1.44356,-8.250255,-26.85534,0.8996219,-7.645673,-26.65065,           173P   2306
0.6260523,-7.372266,-26.56493,0.05967128,-6.889041,-26.42687,        173P   2307
-0.2307682,-6.67737,-26.37293,-0.8709806,-6.283599,-26.28823,        173P   2308
-1.226532,-6.110655,-26.26207,-2.000313,-5.811538,-26.24075,         173P   2309
-2.423019,-5.694455,-26.25024,-2.852039,-5.624453,-26.28223,0.,      173P   2310
32.16887712,0.,0.,0.;                                                173P   2311
126,49,3,0,0,1,0,0.,0.,0.,0.,1.,1.,1.871629265,1.871629265,          175P   2312
2.676065742,2.676065742,3.471985683,3.471985683,4.793956545,         175P   2313
4.793956545,5.802283559,5.802283559,7.653972088,7.653972088,         175P   2314
9.558692061,9.558692061,11.18227782,11.18227782,13.06974388,         175P   2315
13.06974388,15.31745426,15.31745426,17.65335514,17.65335514,         175P   2316
19.13495078,19.13495078,21.15227463,21.15227463,25.87039281,         175P   2317
25.87039281,26.74166519,26.74166519,27.17092159,27.17092159,         175P   2318
27.7617299,27.7617299,29.33832424,29.33832424,30.94695579,           175P   2319
30.94695579,32.55434764,32.55434764,34.11792588,34.11792588,         175P   2320
35.52565724,35.52565724,36.56961794,36.56961794,36.56961794,         175P   2321
36.56961794,1.,1.,1.,1.,1.,1.,1.,1.,1.,1.,1.,1.,1.,1.,1.,1.,1.,      175P   2322
1.,1.,1.,1.,1.,1.,1.,1.,1.,1.,1.,1.,1.,1.,1.,1.,1.,1.,1.,1.,1.,      175P   2323
1.,1.,1.,1.,1.,1.,1.,1.,1.,1.,1.,1.,-34.25534,-0.6820154,            175P   2324
-9.036558,-34.24637,-0.9427113,-9.064071,-34.23261,-1.201674,        175P   2325
-9.105994,-34.19791,-1.679896,-9.211396,-34.17769,-1.899497,         175P   2326
-9.272703,-34.13256,-2.314841,-9.409383,-34.10809,-2.511086,         175P   2327
-9.483387,-34.05421,-2.894144,-9.646256,-34.02457,-3.08059,          175P   2328
-9.735792,-33.93933,-3.56533,-9.993137,-33.8802,-3.857852,           175P   2329
-10.17104,-33.76514,-4.348468,-10.51686,-33.71243,-4.55438,          175P   2330
-10.67446,-33.55562,-5.124102,-11.13645,-33.44438,-5.472054,         175P   2331
-11.45784,-33.2036,-6.13674,-12.1438,-33.07399,-6.453873,            175P   2332
-12.5085,-32.82197,-6.996457,-13.21439,-32.70139,-7.231966,          175P   2333
-13.54836,-32.43142,-7.718141,-14.28217,-32.28083,-7.961875,         175P   2334
-14.68633,-31.94082,-8.457244,-15.58907,-31.74923,-8.704351,         175P   2335
-16.0893,-31.34643,-9.168806,-17.1221,-31.13422,-9.386969,           175P   2336
-17.65427,-30.78006,-9.70095,-18.53646,-30.64014,-9.816124,          175P   2337
-18.8802,-30.3031,-10.07763,-19.69256,-30.10368,-10.22072,           175P   2338
-20.16129,-29.41542,-10.6954,-21.71716,-28.89892,-11.02112,          175P   2339
-22.79404,-28.24185,-11.40564,-24.04661,-28.13824,-11.45088,         175P   2340
-24.24583,-27.98305,-11.49115,-24.54695,-27.93177,-11.50064,         175P   2341
-24.64676,-27.8103,-11.51201,-24.88488,-27.74077,-11.51007,          175P   2342
-25.02352,-27.46015,-11.49869,-25.51779,-27.22827,-11.46548,         175P   2343
-25.86077,-26.70709,-11.37006,-26.50658,-26.41366,-11.30722,         175P   2344
-26.80612,-25.78129,-11.15354,-27.34257,-25.44146,-11.06254,         175P   2345
-27.5786,-24.7382,-10.85879,-27.97284,-24.37561,-10.74597,           175P   2346
-28.13251,-23.66862,-10.51391,-28.36396,-23.32657,-10.39404,         175P   2347
-28.44066,-22.72619,-10.18069,-28.52557,-22.46631,-10.0975,          175P   2348
-28.55182,-22.20419,-10.01953,-28.56382,0.,36.56961794,0.,0.,0.;     175P   2349
126,25,3,0,0,1,0,0.,0.,0.,0.,1.,1.,2.267609297,2.267609297,          177P   2350
4.147519976,4.147519976,6.275018022,6.275018022,8.571999182,         177P   2351
8.571999182,11.40036234,11.40036234,14.87597388,14.87597388,         177P   2352
18.34283125,18.34283125,21.10111383,21.10111383,23.82182515,         177P   2353
23.82182515,26.51160531,26.51160531,29.37620883,29.37620883,         177P   2354
29.37620883,29.37620883,1.,1.,1.,1.,1.,1.,1.,1.,1.,1.,1.,1.,1.,      177P   2355
1.,1.,1.,1.,1.,1.,1.,1.,1.,1.,1.,1.,1.,-11.89392,-7.565986,          177P   2356
-28.56436,-11.78475,-7.522726,-28.55935,-11.67685,-7.476515,         177P   2357
-28.55175,-11.43617,-7.364069,-28.53007,-11.30393,-7.297071,         177P   2358
-28.51373,-10.98395,-7.117334,-28.46687,-10.79721,-7.005264,         177P   2359
-28.42756,-10.40671,-6.765669,-28.31799,-10.20493,-6.636112,         177P   2360
-28.24568,-9.796635,-6.36544,-28.07116,-9.590583,-6.217976,          177P   2361
-27.97738,-9.146497,-5.871736,-27.76334,-8.91448,-5.669333,          177P   2362
-27.63659,-8.41587,-5.187604,-27.37533,-8.151616,-4.906075,          177P   2363
-27.2394,-7.662261,-4.302696,-26.98921,-7.439892,-3.979294,          177P   2364
-26.87545,-7.077412,-3.370501,-26.69274,-6.929904,-3.090629,         177P   2365
-26.61964,-6.663552,-2.518815,-26.48994,-6.549575,-2.224256,         177P   2366
-26.43466,-6.362358,-1.623228,-26.34432,-6.288857,-1.316696,         177P   2367
-26.30916,-6.188144,-0.6733021,-26.26092,-6.161046,-0.3367751,       177P   2368
-26.2481,-6.159327,-7.312347D-006,-26.24745,0.,29.37620883,0.,       177P   2369
0.,0.;                                                               177P   2370
126,3,3,1,0,1,0,0.,0.,0.,0.,1.,1.,1.,1.,1.,1.,1.,1.,0.,              179P   2371
-2.22481D-015,-25.4,0.,-2.22481D-015,-25.4,0.,-2.22481D-015,         179P   2372
-25.4,0.,-2.22481D-015,-25.4,0.,1.,0.,0.,1.;                         179P   2373
514,31,183,1,201,1,219,1,237,1,257,1,267,1,277,1,287,1,297,1,        181P   2374
317,1,327,1,355,1,375,1,389,1,403,1,433,1,447,1,461,1,475,1,489,     181P   2375
1,503,1,517,1,535,1,549,1,563,1,581,1,599,1,617,1,635,1,655,1,       181P   2376
685,1;                                                               181P   2377
510,185,1,1,187;                                                     183P   2378
128,41,2,2,2,0,0,0,0,0,39.,39.,40.,41.,42.,43.,44.,45.,46.,47.,      185P   2379
48.,49.,50.,51.,52.,53.,54.,55.,56.,57.,58.,59.,60.,61.,62.,63.,     185P   2380
64.,65.,66.,67.,68.,69.,70.,71.,72.,73.,74.,75.,76.,77.,78.,79.,     185P   2381
80.,80.,80.,0.,0.,0.,1.,1.,1.,1.,1.,1.,1.,1.,1.,1.,1.,1.,1.,1.,      185P   2382
1.,1.,1.,1.,1.,1.,1.,1.,1.,1.,1.,1.,1.,1.,1.,1.,1.,1.,1.,1.,1.,      185P   2383
1.,1.,1.,1.,1.,1.,1.,1.,1.,1.,0.9573942,0.954724,0.9485301,          185P   2384
0.9399239,0.9284429,0.9153388,0.9026105,0.8953575,0.8794615,         185P   2385
0.8633529,0.84942,0.8308826,0.8282408,0.8236051,0.8277026,           185P   2386
0.8248897,0.8261106,0.8175112,0.8013076,0.7825626,0.7619729,         185P   2387
0.7376419,0.7136107,0.711052,0.7153169,0.7174947,0.7213339,          185P   2388
0.7259438,0.7498698,0.7728208,0.7965436,0.8185939,0.8396042,         185P   2389
0.8598286,0.8788722,0.8966104,0.9122193,0.9245827,0.933183,          185P   2390
0.9363313,0.9374125,0.9359303,1.,1.,1.,1.,1.,1.,1.,1.,1.,1.,1.,      185P   2391
1.,1.,1.,1.,1.,1.,1.,1.,1.,1.,1.,1.,1.,1.,1.,1.,1.,1.,1.,1.,1.,      185P   2392
1.,1.,1.,1.,1.,1.,1.,1.,1.,1.,-1.574775,5.936752,-26.2349,           185P   2393
-0.4224782,6.516571,-26.32956,0.584962,7.287087,-26.53561,           185P   2394
1.424203,8.192117,-26.83248,2.116785,9.191719,-27.20576,             185P   2395
2.655646,10.20459,-27.62397,3.041218,11.27166,-28.09677,             185P   2396
3.343351,12.46116,-28.46243,3.570757,13.81085,-28.575,3.536798,      185P   2397
15.07551,-28.575,3.432683,16.34588,-28.575,3.352698,17.60578,        185P   2398
-28.575,3.190519,18.93392,-28.575,3.10449,20.16039,-28.575,          185P   2399
2.910027,21.40821,-28.575,2.805303,22.63779,-28.575,2.673528,        185P   2400
23.90073,-28.575,2.673426,25.09475,-28.51424,2.692146,26.38598,      185P   2401
-28.1954,2.666289,27.55925,-27.63332,2.599665,28.58092,              185P   2402
-26.86177,2.496185,29.4244,-25.91234,2.367966,30.06347,              185P   2403
-24.81853,1.951279,30.54421,-23.65618,1.460043,30.96572,             185P   2404
-22.56164,0.9777222,31.36194,-21.45558,0.4998466,31.73296,           185P   2405
-20.33946,0.0193294,32.07827,-19.21596,-0.4787646,32.39544,          185P   2406
-18.09315,-1.031977,32.67911,-16.98631,-1.66563,32.93824,            185P   2407
-15.84694,-2.331161,33.14601,-14.784,-3.061005,33.30931,             185P   2408
-13.76124,-3.84368,33.42891,-12.77098,-4.710049,33.49257,            185P   2409
-11.84583,-5.679669,33.49536,-10.97332,-6.722974,33.42831,           185P   2410
-10.20307,-7.840421,33.27974,-9.585668,-9.021648,33.04042,           185P   2411
-9.173103,-9.804552,32.83902,-9.018781,-10.59277,32.60118,           185P   2412
-8.96427,-11.23412,32.36801,-9.036558,-2.048535,7.150235,            185P   2413
-26.54188,-1.166114,7.641562,-26.62324,-0.430149,8.32895,            185P   2414
-26.80485,0.1499362,9.148549,-27.06022,0.5782818,10.05804,           185P   2415
-27.38465,0.8674608,10.96702,-27.74307,1.015314,11.89758,            185P   2416
-28.12857,1.146962,12.72404,-28.40304,1.166241,13.73649,             185P   2417
-28.57607,0.9429496,14.92953,-28.59248,0.6802882,16.12142,           185P   2418
-28.58132,0.3928872,17.28763,-28.61056,0.2000504,18.61518,           185P   2419
-28.59824,0.0574548,19.86812,-28.63065,-0.0902462,21.12484,          185P   2420
-28.5829,-0.2307336,22.38975,-28.59181,-0.3477006,23.64492,          185P   2421
-28.58084,-0.4327144,24.70229,-28.6145,-0.5629656,25.82131,          185P   2422
-28.51899,-0.7596632,26.90843,-28.23573,-1.015492,27.94005,          185P   2423
-27.76631,-1.329741,28.8433,-27.1779,-1.702181,29.69334,             185P   2424
-26.35809,-2.163343,30.23718,-25.20595,-2.614651,30.63804,           185P   2425
-24.05194,-3.06865,30.99773,-22.94163,-3.5084,31.3465,-21.78482,     185P   2426
-3.931768,31.66295,-20.63763,-4.101262,31.94002,-19.55497,           185P   2427
-4.332859,32.18889,-18.47835,-4.642079,32.42188,-17.37181,           185P   2428
-4.992014,32.61129,-16.32776,-5.418328,32.76376,-15.3296,            185P   2429
-5.890235,32.88467,-14.35478,-6.44398,32.95848,-13.44575,            185P   2430
-7.086651,32.98375,-12.58778,-7.793304,32.95594,-11.82406,           185P   2431
-8.5709,32.86265,-11.21667,-9.405137,32.6979,-10.81111,              185P   2432
-9.961651,32.55622,-10.65862,-10.5233,32.38739,-10.60391,            185P   2433
-10.97907,32.22081,-10.67574,-2.489632,8.329358,-26.08755,           185P   2434
-1.794993,8.760907,-26.11669,-1.230478,9.401409,-26.17409,           185P   2435
-0.7832852,10.18876,-26.26164,-0.4525264,11.08516,-26.36876,         185P   2436
-0.2224786,11.99628,-26.49969,-0.09525,12.89677,-26.62347,           185P   2437
-0.0918972,13.20158,-26.63279,-0.1510792,13.69518,-26.56355,         185P   2438
-0.342646,14.86044,-26.33589,-0.5458206,16.02279,-26.10886,          185P   2439
-0.7663434,17.17149,-25.87092,-0.937641,18.49857,-25.81666,          185P   2440
-1.083488,19.77022,-25.79136,-1.211301,21.01968,-25.7875,            185P   2441
-1.345413,22.29976,-25.75832,-1.457477,23.55075,-25.76078,           185P   2442
-1.523721,24.16521,-25.72774,-1.601267,24.58155,-25.62001,           185P   2443
-1.704975,24.96191,-25.43553,-1.82847,25.29588,-25.18838,            185P   2444
-1.943303,25.50109,-24.93508,-2.088337,25.71257,-24.60375,           185P   2445
-2.468829,26.10813,-23.69466,-2.899486,26.52994,-22.64691,           185P   2446
-3.31155,26.88506,-21.6221,-3.731514,27.25199,-20.56435,             185P   2447
-4.139971,27.59936,-19.52016,-4.48884,28.12255,-18.69267,            185P   2448
-4.860747,28.62377,-17.86691,-5.274488,29.11704,-17.01223,           185P   2449
-5.693029,29.57098,-16.20764,-6.138012,29.97319,-15.42622,           185P   2450
-6.606159,30.35836,-14.66829,-7.103796,30.68683,-13.95148,           185P   2451
-7.645375,30.96692,-13.27209,-8.210499,31.19242,-12.66812,           185P   2452
-8.79475,31.32,-12.1851,-9.385224,31.33687,-11.85744,-9.765182,      185P   2453
31.29247,-11.73482,-10.1377,31.20062,-11.6911,-10.42896,             185P   2454
31.06821,-11.74937,40.,80.,0.,1.;                                    185P   2455
508,6,0,5,1,1,1,1,189,0,5,2,1,1,1,191,0,5,3,1,1,1,193,0,5,4,1,1,     187P   2456
1,195,0,5,5,1,1,1,197,0,5,6,1,1,1,199;                               187P   2457
126,3,3,1,0,1,0,0.,0.,0.,0.,1.,1.,1.,1.,1.,1.,1.,1.,40.,0.,0.,       189P   2458
42.46115,0.,0.,44.92231,0.,0.,47.38346,0.,0.,0.,1.,0.,0.,1.;         189P   2459
126,3,3,1,0,1,0,0.,0.,0.,0.,1.,1.,1.,1.,1.,1.,1.,1.,47.38346,0.,     191P   2460
0.,50.17665,0.,0.,52.96984,0.,0.,55.76303,0.,0.,0.,1.,0.,0.,1.;      191P   2461
126,3,3,1,0,1,0,0.,0.,0.,0.,1.,1.,1.,1.,1.,1.,1.,1.,55.76303,0.,     193P   2462
0.,63.84202,0.,0.,71.92101,0.,0.,80.,0.,0.,0.,1.,0.,0.,1.;           193P   2463
126,3,3,1,0,1,0,0.,0.,0.,0.,1.,1.,1.,1.,1.,1.,1.,1.,80.,0.,0.,       195P   2464
80.,0.3333333,0.,80.,0.6666667,0.,80.,1.,0.,0.,1.,0.,0.,1.;          195P   2465
126,3,3,1,0,1,0,0.,0.,0.,0.,1.,1.,1.,1.,1.,1.,1.,1.,80.,1.,0.,       197P   2466
66.66667,1.,0.,53.33333,1.,0.,40.,1.,0.,0.,1.,0.,0.,1.;              197P   2467
126,3,3,1,0,1,0,0.,0.,0.,0.,1.,1.,1.,1.,1.,1.,1.,1.,40.,1.,0.,       199P   2468
40.,0.6666667,0.,40.,0.3333333,0.,40.,0.,0.,0.,1.,0.,0.,1.;          199P   2469
510,203,1,1,205;                                                     201P   2470
128,41,2,2,2,0,0,0,0,0,39.,39.,40.,41.,42.,43.,44.,45.,46.,47.,      203P   2471
48.,49.,50.,51.,52.,53.,54.,55.,56.,57.,58.,59.,60.,61.,62.,63.,     203P   2472
64.,65.,66.,67.,68.,69.,70.,71.,72.,73.,74.,75.,76.,77.,78.,79.,     203P   2473
80.,80.,80.,0.,0.,0.,1.,1.,1.,1.,1.,1.,1.,1.,1.,1.,1.,1.,1.,1.,      203P   2474
1.,1.,1.,1.,1.,1.,1.,1.,1.,1.,1.,1.,1.,1.,1.,1.,1.,1.,1.,1.,1.,      203P   2475
1.,1.,1.,1.,1.,1.,1.,1.,1.,1.,0.9573942,0.954724,0.9485301,          203P   2476
0.9399239,0.9284429,0.9153388,0.9026105,0.8953575,0.8794615,         203P   2477
0.8633529,0.84942,0.8308826,0.8282408,0.8236051,0.8277026,           203P   2478
0.8248897,0.8261106,0.8175112,0.8013076,0.7825626,0.7619729,         203P   2479
0.7376419,0.7136107,0.711052,0.7153169,0.7174947,0.7213339,          203P   2480
0.7259438,0.7498698,0.7728208,0.7965436,0.8185939,0.8396042,         203P   2481
0.8598286,0.8788722,0.8966104,0.9122193,0.9245827,0.933183,          203P   2482
0.9363313,0.9374125,0.9359303,1.,1.,1.,1.,1.,1.,1.,1.,1.,1.,1.,      203P   2483
1.,1.,1.,1.,1.,1.,1.,1.,1.,1.,1.,1.,1.,1.,1.,1.,1.,1.,1.,1.,1.,      203P   2484
1.,1.,1.,1.,1.,1.,1.,1.,1.,1.,5.159553,3.332262,-26.2349,            203P   2485
6.067069,2.415524,-26.32956,7.111187,1.695495,-26.53561,             203P   2486
8.231276,1.177006,-26.83248,9.395968,0.8272221,-27.20576,            203P   2487
10.52579,0.6277209,-27.62397,11.65977,0.5907618,-28.09677,           203P   2488
12.8844,0.6710048,-28.46243,14.23833,0.8718029,-28.575,15.4306,      203P   2489
1.294902,-28.575,16.60662,1.786471,-28.575,17.78013,2.251885,        203P   2490
-28.575,18.99315,2.81655,-28.575,20.13301,3.277367,-28.575,          203P   2491
21.25967,3.847899,-28.575,22.3967,4.327469,-28.575,23.5571,          203P   2492
4.843064,-28.575,24.69266,5.212136,-28.51424,25.92647,5.593339,      203P   2493
-28.1954,27.03434,5.980496,-27.63332,27.98539,6.359568,              203P   2494
-26.86177,28.75564,6.718625,-25.91234,29.32379,7.038066,             203P   2495
-24.81853,29.65226,7.582916,-23.65618,29.90134,8.180344,             203P   2496
-22.56164,30.1291,8.761501,-21.45558,30.33431,9.330649,              203P   2497
-20.33946,30.51421,9.894357,-19.21596,30.66194,10.46608,             203P   2498
-18.09315,30.76077,11.07986,-16.98631,30.81142,11.76258,             203P   2499
-15.84694,30.80337,12.45974,-14.784,30.73314,13.20432,-13.76124,     203P   2500
30.60502,13.98565,-12.77098,30.39783,14.8293,-11.84583,30.10085,     203P   2501
15.75232,-10.97332,29.7147,16.72384,-10.20307,29.22808,17.74068,     203P   2502
-9.585668,28.63545,18.79015,-9.173103,28.20198,19.4725,              203P   2503
-9.018781,27.73223,20.14864,-8.96427,27.31226,20.68655,              203P   2504
-9.036558,6.167247,4.157812,-26.54188,6.9072,3.470407,-26.62324,     203P   2505
7.788377,2.982879,-26.80485,8.747125,2.684468,-27.06022,             203P   2506
9.744456,2.558115,-27.38465,10.69833,2.563983,-27.74307,             203P   2507
11.62903,2.710934,-28.12857,12.45573,2.841109,-28.40304,             203P   2508
13.42456,3.13565,-28.57607,14.49022,3.716688,-28.59248,15.54259,     203P   2509
4.334797,-28.58132,16.56291,4.968517,-28.61056,17.7659,5.562161,     203P   2510
-28.59824,18.91345,6.084941,-28.63065,20.06303,6.613766,             203P   2511
-28.5829,21.22261,7.138253,-28.59181,22.38022,7.637366,              203P   2512
-28.58084,23.35957,8.044967,-28.6145,24.38357,8.514631,              203P   2513
-28.51899,25.35667,9.037643,-28.23573,26.25875,9.59975,              203P   2514
-27.76631,27.0207,10.17773,-27.1779,27.71404,10.79461,-26.35809,     203P   2515
28.08874,11.40127,-25.20595,28.33055,11.95437,-24.05194,             203P   2516
28.53233,12.49728,-22.94163,28.72814,13.02329,-21.78482,             203P   2517
28.89827,13.52372,-20.63763,29.10939,13.77053,-19.55497,             203P   2518
29.27452,14.06772,-18.47835,29.40055,14.43378,-17.37181,             203P   2519
29.47256,14.82512,-16.32776,29.48584,15.2777,-15.3296,29.45501,      203P   2520
15.76386,-14.35478,29.35409,16.31332,-13.44575,29.17952,             203P   2521
16.93233,-12.58778,28.93469,17.59582,-11.82406,28.60568,             203P   2522
18.30654,-11.21667,28.19121,19.04903,-10.81111,27.8845,19.53451,     203P   2523
-10.65862,27.55034,20.0165,-10.60391,27.2511,20.3985,-10.67574,      203P   2524
7.152361,4.941697,-26.08755,7.777429,4.414416,-26.11669,             203P   2525
8.561019,4.075458,-26.17409,9.448038,3.893447,-26.26164,             203P   2526
10.40277,3.855875,-26.36876,11.34039,3.918636,-26.49969,             203P   2527
12.23612,4.075905,-26.62347,12.52705,4.166921,-26.63279,             203P   2528
12.97821,4.375724,-26.56355,14.02723,4.917999,-26.33589,             203P   2529
15.06992,5.470416,-26.10886,16.09423,6.035126,-25.87092,             203P   2530
17.30345,6.608112,-25.81666,18.46778,7.139795,-25.79136,19.6166,     203P   2531
7.647447,-25.7875,20.79257,8.170573,-25.75832,21.94771,8.663719,     203P   2532
-25.76078,22.51164,8.916609,-25.72774,22.88362,9.119004,             203P   2533
-25.62001,23.21331,9.335191,-25.43553,23.49279,9.555825,             203P   2534
-25.18838,23.65245,9.728472,-24.93508,23.80879,9.931745,             203P   2535
-24.60375,24.06739,10.41586,-23.69466,24.33549,10.95579,             203P   2536
-22.64691,24.54587,11.4574,-21.6221,24.76508,11.97021,-20.56435,     203P   2537
24.96924,12.46602,-19.52016,25.359,12.95949,-18.69267,25.72078,      203P   2538
13.46809,-17.86691,26.06203,14.014,-17.01223,26.36444,14.55232,      203P   2539
-16.20764,26.60945,15.09981,-15.42622,26.83111,15.66408,             203P   2540
-14.66829,26.98971,16.23887,-13.95148,27.08874,16.84048,             203P   2541
-13.27209,27.12857,17.44764,-12.66812,27.06936,18.04271,             203P   2542
-12.1851,26.90294,18.60951,-11.85744,26.7433,18.95715,-11.73482,     203P   2543
26.54084,19.28304,-11.6911,26.32489,19.51914,-11.74937,40.,80.,      203P   2544
0.,1.;                                                               203P   2545
508,6,0,5,7,1,1,1,207,0,5,8,1,1,1,209,0,5,9,1,1,1,211,0,5,10,1,      205P   2546
1,1,213,0,5,11,1,1,1,215,0,5,12,1,1,1,217;                           205P   2547
126,3,3,1,0,1,0,0.,0.,0.,0.,1.,1.,1.,1.,1.,1.,1.,1.,40.,0.,0.,       207P   2548
42.46116,0.,0.,44.92232,0.,0.,47.38347,0.,0.,0.,1.,0.,0.,1.;         207P   2549
126,3,3,1,0,1,0,0.,0.,0.,0.,1.,1.,1.,1.,1.,1.,1.,1.,47.38347,0.,     209P   2550
0.,50.17658,0.,0.,52.96969,0.,0.,55.76279,0.,0.,0.,1.,0.,0.,1.;      209P   2551
126,3,3,1,0,1,0,0.,0.,0.,0.,1.,1.,1.,1.,1.,1.,1.,1.,55.76279,0.,     211P   2552
0.,63.84186,0.,0.,71.92093,0.,0.,80.,0.,0.,0.,1.,0.,0.,1.;           211P   2553
126,3,3,1,0,1,0,0.,0.,0.,0.,1.,1.,1.,1.,1.,1.,1.,1.,80.,0.,0.,       213P   2554
80.,0.3333333,0.,80.,0.6666667,0.,80.,1.,0.,0.,1.,0.,0.,1.;          213P   2555
126,3,3,1,0,1,0,0.,0.,0.,0.,1.,1.,1.,1.,1.,1.,1.,1.,80.,1.,0.,       215P   2556
66.66667,1.,0.,53.33333,1.,0.,40.,1.,0.,0.,1.,0.,0.,1.;              215P   2557
126,3,3,1,0,1,0,0.,0.,0.,0.,1.,1.,1.,1.,1.,1.,1.,1.,40.,1.,0.,       217P   2558
40.,0.6666667,0.,40.,0.3333333,0.,40.,0.,0.,0.,1.,0.,0.,1.;          217P   2559
510,221,1,1,223;                                                     219P   2560
128,41,2,2,2,0,0,0,0,0,39.,39.,40.,41.,42.,43.,44.,45.,46.,47.,      221P   2561
48.,49.,50.,51.,52.,53.,54.,55.,56.,57.,58.,59.,60.,61.,62.,63.,     221P   2562
64.,65.,66.,67.,68.,69.,70.,71.,72.,73.,74.,75.,76.,77.,78.,79.,     221P   2563
80.,80.,80.,0.,0.,0.,1.,1.,1.,1.,1.,1.,1.,1.,1.,1.,1.,1.,1.,1.,      221P   2564
1.,1.,1.,1.,1.,1.,1.,1.,1.,1.,1.,1.,1.,1.,1.,1.,1.,1.,1.,1.,1.,      221P   2565
1.,1.,1.,1.,1.,1.,1.,1.,1.,1.,0.9573942,0.954724,0.9485301,          221P   2566
0.9399239,0.9284429,0.9153388,0.9026105,0.8953575,0.8794615,         221P   2567
0.8633529,0.84942,0.8308826,0.8282408,0.8236051,0.8277026,           221P   2568
0.8248897,0.8261106,0.8175112,0.8013076,0.7825626,0.7619729,         221P   2569
0.7376419,0.7136107,0.711052,0.7153169,0.7174947,0.7213339,          221P   2570
0.7259438,0.7498698,0.7728208,0.7965436,0.8185939,0.8396042,         221P   2571
0.8598286,0.8788722,0.8966104,0.9122193,0.9245827,0.933183,          221P   2572
0.9363313,0.9374125,0.9359303,1.,1.,1.,1.,1.,1.,1.,1.,1.,1.,1.,      221P   2573
1.,1.,1.,1.,1.,1.,1.,1.,1.,1.,1.,1.,1.,1.,1.,1.,1.,1.,1.,1.,1.,      221P   2574
1.,1.,1.,1.,1.,1.,1.,1.,1.,1.,4.763567,-3.8773,-26.2349,             221P   2575
4.172128,-5.023696,-26.32956,3.81,-6.239215,-26.53561,3.66301,       221P   2576
-7.464689,-26.83248,3.690239,-8.680468,-27.20576,3.849649,           221P   2577
-9.816638,-27.62397,4.164914,-10.90655,-28.09677,4.619676,           221P   2578
-12.04646,-28.46243,5.229022,-13.27205,-28.575,5.999836,             221P   2579
-14.27522,-28.575,6.830771,-15.24178,-28.575,7.636027,-16.21404,     221P   2580
-28.575,8.547913,-17.1932,-28.575,9.338412,-18.13487,-28.575,        221P   2581
10.22916,-19.03007,-28.575,11.03663,-19.96327,-28.575,11.88557,      221P   2582
-20.90755,-28.575,12.58748,-21.87348,-28.51424,13.33129,             221P   2583
-22.9291,-28.1954,14.04186,-23.86311,-27.63332,14.69626,             221P   2584
-24.65048,-26.86177,15.27576,-25.27207,-25.91234,15.75516,           221P   2585
-25.71372,-24.81853,16.37482,-25.85771,-23.65618,17.01998,           221P   2586
-25.90998,-22.56164,17.64309,-25.94704,-21.45558,18.24779,           221P   2587
-25.96629,-20.33946,18.83951,-25.96322,-19.21596,19.42889,           221P   2588
-25.92705,-18.09315,20.04317,-25.83137,-16.98631,20.70814,           221P   2589
-25.66855,-15.84694,21.36869,-25.44547,-14.784,22.05512,             221P   2590
-25.14858,-13.76124,22.7586,-24.7853,-12.77098,23.49696,             221P   2591
-24.32756,-11.84583,24.28303,-23.75989,-10.97332,25.08766,           221P   2592
-23.09241,-10.20307,25.90437,-22.31539,-9.585668,26.71935,           221P   2593
-21.42746,-9.173103,27.23434,-20.80435,-9.018781,27.73223,           221P   2594
-20.14864,-8.96427,28.11404,-19.58302,-9.036558,5.86011,             221P   2595
-4.580565,-26.54188,5.43499,-5.496733,-26.62324,5.243627,            221P   2596
-6.48543,-26.80485,5.256098,-7.489457,-27.06022,5.444109,            221P   2597
-8.477037,-27.38465,5.744464,-9.382392,-27.74307,6.171819,           221P   2598
-10.22213,-28.12857,6.551092,-10.96814,-28.40304,7.130593,           221P   2599
-11.79855,-28.57607,8.012506,-12.63248,-28.59248,8.92556,            221P   2600
-13.44237,-28.58132,9.843567,-14.21691,-28.61056,10.77989,           221P   2601
-15.17758,-28.59824,11.6317,-16.10742,-28.63065,12.48989,            221P   2602
-17.03731,-28.5829,13.34704,-17.97807,-28.59181,14.17942,            221P   2603
-18.92477,-28.58084,14.86972,-19.73023,-28.6145,15.63284,            221P   2604
-20.55899,-28.51899,16.43096,-21.32285,-28.23573,17.24431,           221P   2605
-22.00708,-27.76631,18.02945,-22.55312,-27.1779,18.83039,            221P   2606
-23.02189,-26.35809,19.52315,-23.19079,-25.20595,20.12389,           221P   2607
-23.24984,-24.05194,20.7026,-23.27398,-22.94163,21.26338,            221P   2608
-23.29767,-21.78482,21.79188,-23.30483,-20.63763,22.09185,           221P   2609
-23.42935,-19.55497,22.42551,-23.49456,-18.47835,22.8126,            221P   2610
-23.5013,-17.37181,23.20704,-23.44885,-16.32776,23.64158,            221P   2611
-23.32162,-15.3296,24.09441,-23.14207,-14.35478,24.5858,             221P   2612
-22.8763,-13.44575,25.12057,-22.51899,-12.58778,25.67595,            221P   2613
-22.08112,-11.82406,26.25019,-21.54859,-11.21667,26.82827,           221P   2614
-20.92495,-10.81111,27.1952,-20.48324,-10.65862,27.55034,            221P   2615
-20.0165,-10.60391,27.82118,-19.61385,-10.67574,6.910019,            221P   2616
-5.275222,-26.08755,6.601714,-6.032647,-26.11669,6.521501,           221P   2617
-6.882635,-26.17409,6.622491,-7.782474,-26.26164,6.8818,             221P   2618
-8.702098,-26.36876,7.231228,-9.574433,-26.49969,7.657592,           221P   2619
-10.37772,-26.62347,7.834046,-10.62628,-26.63279,8.172044,           221P   2620
-10.99083,-26.56355,9.011945,-11.82095,-26.33589,9.859543,           221P   2621
-12.64189,-26.10886,10.71314,-13.44157,-25.87092,11.63175,           221P   2622
-14.41453,-25.81666,12.49721,-15.35759,-25.79136,13.33503,           221P   2623
-16.2933,-25.7875,14.19593,-17.25006,-25.75832,15.02189,             221P   2624
-18.19628,-25.76078,15.43667,-18.65445,-25.72774,15.74411,           221P   2625
-18.9457,-25.62001,16.05161,-19.19245,-25.43553,16.3478,             221P   2626
-19.39006,-25.18838,16.56133,-19.48856,-24.93508,16.80296,           221P   2627
-19.57442,-24.60375,17.3433,-19.67078,-23.69466,17.93966,            221P   2628
-19.7589,-22.64691,18.48173,-19.80399,-21.6221,19.03717,             221P   2629
-19.85399,-20.56435,19.57179,-19.89494,-19.52016,20.16155,           221P   2630
-20.11313,-18.69267,20.75708,-20.30004,-17.86691,21.38172,           221P   2631
-20.4559,-17.01223,21.98713,-20.57715,-16.20764,22.58355,            221P   2632
-20.64099,-15.42622,23.1887,-20.67744,-14.66829,23.78436,            221P   2633
-20.65065,-13.95148,24.38712,-20.55894,-13.27209,24.97689,           221P   2634
-20.4092,-12.66812,25.52454,-20.16899,-12.1851,26.01217,             221P   2635
-19.83557,-11.85744,26.29347,-19.57631,-11.73482,26.54084,           221P   2636
-19.28304,-11.6911,26.69865,-19.00472,-11.74937,40.,80.,0.,1.;       221P   2637
508,6,0,5,13,1,1,1,225,0,5,14,1,1,1,227,0,5,15,1,1,1,229,0,5,16,     223P   2638
1,1,1,231,0,5,17,1,1,1,233,0,5,18,1,1,1,235;                         223P   2639
126,3,3,1,0,1,0,0.,0.,0.,0.,1.,1.,1.,1.,1.,1.,1.,1.,40.,0.,0.,       225P   2640
42.46117,0.,0.,44.92234,0.,0.,47.38351,0.,0.,0.,1.,0.,0.,1.;         225P   2641
126,3,3,1,0,1,0,0.,0.,0.,0.,1.,1.,1.,1.,1.,1.,1.,1.,47.38351,0.,     227P   2642
0.,50.17663,0.,0.,52.96975,0.,0.,55.76287,0.,0.,0.,1.,0.,0.,1.;      227P   2643
126,3,3,1,0,1,0,0.,0.,0.,0.,1.,1.,1.,1.,1.,1.,1.,1.,55.76287,0.,     229P   2644
0.,63.84191,0.,0.,71.92096,0.,0.,80.,0.,0.,0.,1.,0.,0.,1.;           229P   2645
126,3,3,1,0,1,0,0.,0.,0.,0.,1.,1.,1.,1.,1.,1.,1.,1.,80.,0.,0.,       231P   2646
80.,0.3333333,0.,80.,0.6666667,0.,80.,1.,0.,0.,1.,0.,0.,1.;          231P   2647
126,3,3,1,0,1,0,0.,0.,0.,0.,1.,1.,1.,1.,1.,1.,1.,1.,80.,1.,0.,       233P   2648
66.66667,1.,0.,53.33333,1.,0.,40.,1.,0.,0.,1.,0.,0.,1.;              233P   2649
126,3,3,1,0,1,0,0.,0.,0.,0.,1.,1.,1.,1.,1.,1.,1.,1.,40.,1.,0.,       235P   2650
40.,0.6666667,0.,40.,0.3333333,0.,40.,0.,0.,0.,1.,0.,0.,1.;          235P   2651
510,239,1,1,241;                                                     237P   2652
128,41,2,2,2,0,0,0,0,0,39.,39.,40.,41.,42.,43.,44.,45.,46.,47.,      239P   2653
48.,49.,50.,51.,52.,53.,54.,55.,56.,57.,58.,59.,60.,61.,62.,63.,     239P   2654
64.,65.,66.,67.,68.,69.,70.,71.,72.,73.,74.,75.,76.,77.,78.,79.,     239P   2655
80.,80.,80.,0.,0.,0.,1.,1.,1.,1.,1.,1.,1.,1.,1.,1.,1.,1.,1.,1.,      239P   2656
1.,1.,1.,1.,1.,1.,1.,1.,1.,1.,1.,1.,1.,1.,1.,1.,1.,1.,1.,1.,1.,      239P   2657
1.,1.,1.,1.,1.,1.,1.,1.,1.,1.,0.9573942,0.954724,0.9485301,          239P   2658
0.9399239,0.9284429,0.9153388,0.9026105,0.8953575,0.8794615,         239P   2659
0.8633529,0.84942,0.8308826,0.8282408,0.8236051,0.8277026,           239P   2660
0.8248897,0.8261106,0.8175112,0.8013076,0.7825626,0.7619729,         239P   2661
0.7376419,0.7136107,0.711052,0.7153169,0.7174947,0.7213339,          239P   2662
0.7259438,0.7498698,0.7728208,0.7965436,0.8185939,0.8396042,         239P   2663
0.8598286,0.8788722,0.8966104,0.9122193,0.9245827,0.933183,          239P   2664
0.9363313,0.9374125,0.9359303,1.,1.,1.,1.,1.,1.,1.,1.,1.,1.,1.,      239P   2665
1.,1.,1.,1.,1.,1.,1.,1.,1.,1.,1.,1.,1.,1.,1.,1.,1.,1.,1.,1.,1.,      239P   2666
1.,1.,1.,1.,1.,1.,1.,1.,1.,1.,-2.215515,-5.728566,-26.2349,          239P   2667
-3.488563,-5.520339,-26.32956,-4.756506,-5.551541,-26.53561,         239P   2668
-5.9674,-5.790438,-26.83248,-7.115277,-6.192045,-27.20576,           239P   2669
-8.146567,-6.694736,-27.62397,-9.085707,-7.331382,-28.09677,         239P   2670
-10.02932,-8.116123,-28.46243,-11.00661,-9.074379,-28.575,           239P   2671
-11.72248,-10.11747,-28.575,-12.38496,-11.20641,-28.575,             239P   2672
-13.0608,-12.27271,-28.575,-13.71026,-13.44253,-28.575,              239P   2673
-14.36156,-14.48533,-28.575,-14.93769,-15.60913,-28.575,             239P   2674
-15.57569,-16.66545,-28.575,-16.21142,-17.76464,-28.575,             239P   2675
-16.91317,-18.73069,-28.51424,-17.68727,-19.7643,-28.1954,           239P   2676
-18.356,-20.72871,-27.63332,-18.9026,-21.5944,-26.86177,             239P   2677
-19.31469,-22.33762,-25.91234,-19.58658,-22.93001,-24.81853,         239P   2678
-19.53205,-23.56386,-23.65618,-19.3824,-24.1936,-22.56164,           239P   2679
-19.22508,-24.79765,-21.45558,-19.05654,-25.3787,-20.33946,          239P   2680
-18.87076,-25.94051,-19.21596,-18.65423,-26.48986,-18.09315,         239P   2681
-18.37341,-27.04452,-16.98631,-18.01308,-27.62661,-15.84694,         239P   2682
-17.59679,-28.1859,-14.784,-17.10231,-28.74701,-13.76124,            239P   2683
-16.53943,-29.3038,-12.77098,-15.87592,-29.86456,-11.84583,          239P   2684
-15.09313,-30.43674,-10.97332,-14.20967,-30.99572,-10.20307,         239P   2685
-13.21831,-31.53235,-9.585668,-12.122,-32.03306,-9.173103,           239P   2686
-11.37023,-32.33029,-9.018781,-10.59277,-32.60118,-8.96427,          239P   2687
-9.936861,-32.78952,-9.036558,-2.545512,-6.988759,-26.54188,         239P   2688
-3.548202,-6.867576,-26.62324,-4.547641,-6.991096,-26.80485,         239P   2689
-5.498668,-7.313206,-27.06022,-6.37982,-7.797211,-27.38465,          239P   2690
-7.148043,-8.36262,-27.74307,-7.81464,-9.028562,-28.12857,           239P   2691
-8.406917,-9.619793,-28.40304,-9.01761,-10.42755,-28.57607,          239P   2692
-9.538208,-11.52399,-28.59248,-10.02629,-12.64263,-28.58132,         239P   2693
-10.47925,-13.75505,-28.61056,-11.10356,-14.94242,-28.59824,         239P   2694
-11.72467,-16.03987,-28.63065,-12.34387,-17.1434,-28.5829,           239P   2695
-12.9737,-18.24931,-28.59181,-13.61684,-19.33351,-28.58084,          239P   2696
-14.16957,-20.23892,-28.6145,-14.72195,-21.22079,-28.51899,          239P   2697
-15.20179,-22.21589,-28.23573,-15.60119,-23.20087,-27.76631,         239P   2698
-15.87788,-24.11632,-27.1779,-16.07621,-25.02292,-26.35809,          239P   2699
-16.02277,-25.73396,-25.20595,-15.89329,-26.32357,-24.05194,         239P   2700
-15.73742,-26.8814,-22.94163,-15.58665,-27.42204,-21.78482,          239P   2701
-15.43015,-27.92689,-20.63763,-15.45588,-28.25067,-19.55497,         239P   2702
-15.41479,-28.58816,-18.47835,-15.30158,-28.95839,-17.37181,         239P   2703
-15.12981,-29.31732,-16.32776,-14.87453,-29.69125,-15.3296,          239P   2704
-14.56383,-30.06644,-14.35478,-14.15923,-30.45165,-13.44575,         239P   2705
-13.65415,-30.84982,-12.58778,-13.06609,-31.24271,-11.82406,         239P   2706
-12.38217,-31.6243,-11.21667,-11.61042,-31.98137,-10.81111,          239P   2707
-11.07694,-32.19384,-10.65862,-10.5233,-32.38739,-10.60391,          239P   2708
-10.05667,-32.52053,-10.67574,-2.881706,-8.201962,-26.08755,         239P   2709
-3.697351,-8.142798,-26.11669,-4.530522,-8.329163,-26.17409,         239P   2710
-5.355107,-8.70328,-26.26164,-6.149594,-9.234066,-26.36876,          239P   2711
-6.871259,-9.835962,-26.49969,-7.503465,-10.48969,-26.62347,         239P   2712
-7.685329,-10.73432,-26.63279,-7.927594,-11.16843,-26.56355,         239P   2713
-8.45754,-12.22375,-26.33589,-8.976385,-13.28353,-26.10886,          239P   2714
-9.473159,-14.34248,-25.87092,-10.11464,-15.51678,-25.81666,         239P   2715
-10.74407,-16.63131,-25.79136,-11.37511,-17.71726,-25.7875,          239P   2716
-12.019,-18.8317,-25.75832,-12.66365,-19.90964,-25.76078,            239P   2717
-12.97124,-20.44569,-25.72774,-13.15323,-20.82809,-25.62001,         239P   2718
-13.29288,-21.19678,-25.43553,-13.38929,-21.53954,-25.18838,         239P   2719
-13.41699,-21.77306,-24.93508,-13.42398,-22.0294,-24.60375,          239P   2720
-13.34865,-22.57307,-23.69466,-13.24817,-23.16746,-22.64691,         239P   2721
-13.12354,-23.69694,-21.6221,-12.99945,-24.24065,-20.56435,          239P   2722
-12.87319,-24.76176,-19.52016,-12.89846,-25.39009,-18.69267,         239P   2723
-12.8922,-26.0142,-17.86691,-12.84741,-26.65644,-17.01223,           239P   2724
-12.77564,-27.26969,-16.20764,-12.65204,-27.85664,-15.42622,         239P   2725
-12.49972,-28.44343,-14.66829,-12.29017,-29.00167,-13.95148,         239P   2726
-12.01666,-29.5466,-13.27209,-11.69203,-30.0612,-12.66812,           239P   2727
-11.29434,-30.50784,-12.1851,-10.82655,-30.86857,-11.85744,          239P   2728
-10.49304,-31.05597,-11.73482,-10.1377,-31.20062,-11.6911,           239P   2729
-9.824237,-31.26471,-11.74937,40.,80.,0.,1.;                         239P   2730
508,7,0,5,19,1,1,1,243,0,5,20,1,1,1,245,0,5,21,1,1,1,247,0,5,22,     241P   2731
1,1,1,249,0,5,23,1,1,1,251,0,5,24,1,1,1,253,0,5,25,1,1,1,255;        241P   2732
126,3,3,1,0,1,0,0.,0.,0.,0.,1.,1.,1.,1.,1.,1.,1.,1.,40.,0.,0.,       243P   2733
42.46118,0.,0.,44.92237,0.,0.,47.38355,0.,0.,0.,1.,0.,0.,1.;         243P   2734
126,3,3,1,0,1,0,0.,0.,0.,0.,1.,1.,1.,1.,1.,1.,1.,1.,47.38355,0.,     245P   2735
0.,49.42228,0.,0.,51.46101,0.,0.,53.49974,0.,0.,0.,1.,0.,0.,1.;      245P   2736
126,3,3,1,0,1,0,0.,0.,0.,0.,1.,1.,1.,1.,1.,1.,1.,1.,53.49974,0.,     247P   2737
0.,54.2541,0.,0.,55.00846,0.,0.,55.76283,0.,0.,0.,1.,0.,0.,1.;       247P   2738
126,3,3,1,0,1,0,0.,0.,0.,0.,1.,1.,1.,1.,1.,1.,1.,1.,55.76283,0.,     249P   2739
0.,63.84188,0.,0.,71.92094,0.,0.,80.,0.,0.,0.,1.,0.,0.,1.;           249P   2740
126,3,3,1,0,1,0,0.,0.,0.,0.,1.,1.,1.,1.,1.,1.,1.,1.,80.,0.,0.,       251P   2741
80.,0.3333333,0.,80.,0.6666667,0.,80.,1.,0.,0.,1.,0.,0.,1.;          251P   2742
126,3,3,1,0,1,0,0.,0.,0.,0.,1.,1.,1.,1.,1.,1.,1.,1.,80.,1.,0.,       253P   2743
66.66667,1.,0.,53.33333,1.,0.,40.,1.,0.,0.,1.,0.,0.,1.;              253P   2744
126,3,3,1,0,1,0,0.,0.,0.,0.,1.,1.,1.,1.,1.,1.,1.,1.,40.,1.,0.,       255P   2745
40.,0.6666667,0.,40.,0.3333333,0.,40.,0.,0.,0.,1.,0.,0.,1.;          255P   2746
510,259,1,1,261;                                                     257P   2747
128,2,6,2,2,0,0,0,0,0,0.,0.,0.,1.,1.,1.,0.,0.,0.,1.,1.,2.,2.,3.,     259P   2748
3.,3.,1.,0.9572004,1.,1.,0.9572004,1.,1.,0.9572004,1.,0.4226183,     259P   2749
0.4045304,0.4226183,1.,0.9572004,1.,1.,0.9572004,1.,1.,              259P   2750
0.9572004,1.,-33.72927,50.87074,-25.60267,-27.08191,30.41226,        259P   2751
-48.73544,-17.58744,1.191268,-56.0737,-25.28751,43.90883,            259P   2752
-17.01979,-19.4421,25.91849,-37.36175,-11.09307,0.222809,            259P   2753
-43.81475,-16.84575,36.94692,-8.436915,-11.80231,21.42475,           259P   2754
-25.98809,-4.598695,-0.7456495,-31.55577,-10.23275,31.49316,         259P   2755
-1.713363,-5.817514,17.90449,-17.07831,0.4887722,-1.504309,          259P   2756
-21.95246,-8.088351,39.79235,-8.436915,-3.044901,24.27021,           259P   2757
-25.98809,4.158717,2.099806,-31.55577,-5.350916,50.38661,            259P   2758
-17.01979,0.4944872,32.39628,-37.36175,8.843518,6.700599,            259P   2759
-43.81475,-2.613508,60.98085,-25.60267,4.03385,40.52237,             259P   2760
-48.73544,13.52832,11.30139,-56.0737,0.,1.,0.,3.;                    259P   2761
508,2,0,5,26,1,1,0,263,0,5,5,0,1,0,265;                              261P   2762
126,186,3,1,0,1,0,0.,0.,0.,0.,1.,1.,1.,2.,2.,2.,3.,3.,3.,4.,4.,      263P   2763
4.,5.,5.,5.,6.,6.,6.,7.,7.,7.,8.,8.,8.,9.,9.,9.,10.,10.,10.,11.,     263P   2764
11.,11.,12.,12.,12.71161041,12.71161041,12.71161041,13.71161041,     263P   2765
13.71161041,13.71161041,14.71161041,14.71161041,14.71161041,         263P   2766
15.71161041,15.71161041,15.71161041,16.71161041,16.71161041,         263P   2767
16.71161041,17.71161041,17.71161041,17.71161041,18.71161041,         263P   2768
18.71161041,18.71161041,19.71161041,19.71161041,19.71161041,         263P   2769
20.71161041,20.71161041,20.71161041,21.71161041,21.71161041,         263P   2770
21.71161041,22.71161041,22.71161041,22.71161041,23.71161041,         263P   2771
23.71161041,23.71161041,24.71161041,24.71161041,24.71161041,         263P   2772
25.71161041,25.71161041,25.71161041,26.71161041,26.71161041,         263P   2773
26.71161041,27.71161041,27.71161041,27.71161041,28.71161041,         263P   2774
28.71161041,28.71161041,29.71161041,29.71161041,29.71161041,         263P   2775
30.71161041,30.71161041,30.71161041,31.71161041,31.71161041,         263P   2776
31.71161041,32.71161041,32.71161041,32.71161041,33.71161041,         263P   2777
33.71161041,33.71161041,34.71161041,34.71161041,34.71161041,         263P   2778
35.71161041,35.71161041,35.71161041,36.71161041,36.71161041,         263P   2779
36.71161041,37.71161041,37.71161041,37.71161041,38.71161041,         263P   2780
38.71161041,38.71161041,39.71161041,39.71161041,39.71161041,         263P   2781
40.71161041,40.71161041,40.71161041,41.71161041,41.71161041,         263P   2782
44.81570406,44.81570406,44.81570406,45.81570406,45.81570406,         263P   2783
46.52398278,46.52398278,46.97161193,46.97161193,46.97161193,         263P   2784
47.97161193,47.97161193,47.97161193,48.97161193,48.97161193,         263P   2785
48.97161193,49.97161193,49.97161193,50.80443544,50.80443544,         263P   2786
53.10128502,53.10128502,53.10128502,54.10128502,54.10128502,         263P   2787
54.10128502,55.10128502,55.10128502,55.10128502,56.10128502,         263P   2788
56.10128502,56.10128502,57.10128502,57.10128502,57.10128502,         263P   2789
58.10128502,58.10128502,58.10128502,59.10128502,59.10128502,         263P   2790
59.10128502,60.10128502,60.10128502,60.10128502,61.10128502,         263P   2791
61.10128502,61.10128502,62.10128502,62.10128502,62.10128502,         263P   2792
63.10128502,63.10128502,63.10128502,64.10128502,64.10128502,         263P   2793
64.10128502,65.10128502,65.10128502,65.10128502,66.10128502,         263P   2794
66.10128502,66.10128502,66.10128502,1.,1.,1.,1.,1.,1.,1.,1.,1.,      263P   2795
1.,1.,1.,1.,1.,1.,1.,1.,1.,1.,1.,1.,1.,1.,1.,1.,1.,1.,1.,1.,1.,      263P   2796
1.,1.,1.,1.,1.,1.,1.,1.,1.,1.,1.,1.,1.,1.,1.,1.,1.,1.,1.,1.,1.,      263P   2797
1.,1.,1.,1.,1.,1.,1.,1.,1.,1.,1.,1.,1.,1.,1.,1.,1.,1.,1.,1.,1.,      263P   2798
1.,1.,1.,1.,1.,1.,1.,1.,1.,1.,1.,1.,1.,1.,1.,1.,1.,1.,1.,1.,1.,      263P   2799
1.,1.,1.,1.,1.,1.,1.,1.,1.,1.,1.,1.,1.,1.,1.,1.,1.,1.,1.,1.,1.,      263P   2800
1.,1.,1.,1.,1.,1.,1.,1.,1.,1.,1.,1.,1.,1.,1.,1.,1.,1.,1.,1.,1.,      263P   2801
1.,1.,1.,1.,1.,1.,1.,1.,1.,1.,1.,1.,1.,1.,1.,1.,1.,1.,1.,1.,1.,      263P   2802
1.,1.,1.,1.,1.,1.,1.,1.,1.,1.,1.,1.,1.,1.,1.,1.,1.,1.,1.,1.,1.,      263P   2803
1.,1.,1.,1.,1.,1.,1.,1.,1.,1.,0.170738,1.475315,0.,0.170901,         263P   2804
1.472576,0.,0.171064,1.469837,0.,0.171227,1.467098,0.,0.171731,      263P   2805
1.461713,0.,0.1722351,1.456327,0.,0.1727391,1.450942,0.,             263P   2806
0.1734236,1.445691,0.,0.1741081,1.440441,0.,0.1747926,1.43519,       263P   2807
0.,0.1758711,1.428711,0.,0.1769497,1.422233,0.,0.1780282,            263P   2808
1.415754,0.,0.1796415,1.408239,0.,0.1812547,1.400724,0.,             263P   2809
0.182868,1.393209,0.,0.1847983,1.385917,0.,0.1867286,1.378625,       263P   2810
0.,0.1886589,1.371333,0.,0.190845,1.364294,0.,0.193031,1.357256,     263P   2811
0.,0.1952171,1.350217,0.,0.1988643,1.339977,0.,0.2025058,            263P   2812
1.329734,0.,0.2061587,1.319497,0.,0.2128036,1.303178,0.,             263P   2813
0.2194056,1.286841,0.,0.2264446,1.270686,0.,0.2309046,1.260674,      263P   2814
0.,0.2353847,1.25067,0.,0.2398561,1.240663,0.,0.2527265,             263P   2815
1.215421,0.,0.2656091,1.190185,0.,0.2784959,1.16495,0.,              263P   2816
0.2863972,1.150384,0.,0.2940856,1.135701,0.,0.307793,1.110869,       263P   2817
0.,0.3134875,1.100542,0.,0.319181,1.090215,0.,0.3260773,             263P   2818
1.077068,0.,0.3329732,1.06392,0.,0.3398694,1.050773,0.,              263P   2819
0.3450865,1.041199,0.,0.3503036,1.031625,0.,0.3555207,1.022051,      263P   2820
0.,0.3589923,1.014352,0.,0.362464,1.006653,0.,0.3659356,             263P   2821
0.9989537,0.,0.3711471,0.9935779,0.,0.3763587,0.9882022,0.,          263P   2822
0.3815702,0.9828264,0.,0.3887782,0.9746928,0.,0.3959862,             263P   2823
0.9665591,0.,0.4031942,0.9584255,0.,0.4098034,0.950459,0.,           263P   2824
0.4164126,0.9424926,0.,0.4230218,0.9345261,0.,0.4299579,             263P   2825
0.9269676,0.,0.4368943,0.9194095,0.,0.4438301,0.9118507,0.,          263P   2826
0.4517545,0.9035418,0.,0.4596435,0.895199,0.,0.4676171,              263P   2827
0.8869371,0.,0.4685827,0.8856683,0.,0.4695064,0.8843681,0.,          263P   2828
0.4704513,0.8830838,0.,0.4714579,0.8820004,0.,0.4724644,             263P   2829
0.880917,0.,0.473471,0.8798336,0.,0.4747836,0.8789808,0.,            263P   2830
0.4760962,0.878128,0.,0.4774088,0.8772752,0.,0.4788357,              263P   2831
0.8766286,0.,0.4802627,0.8759821,0.,0.4816896,0.8753355,0.,          263P   2832
0.4832084,0.8748996,0.,0.4847271,0.8744637,0.,0.4862459,             263P   2833
0.8740278,0.,0.4877634,0.873824,0.,0.489281,0.8736201,0.,            263P   2834
0.4907985,0.8734163,0.,0.4923148,0.8734445,0.,0.4938312,             263P   2835
0.8734728,0.,0.4953475,0.873501,0.,0.4968328,0.8737624,0.,           263P   2836
0.4983182,0.8740238,0.,0.4998035,0.8742852,0.,0.5012579,             263P   2837
0.8747797,0.,0.5027122,0.8752743,0.,0.5041666,0.8757688,0.,          263P   2838
0.5055782,0.8765178,0.,0.5069893,0.8772686,0.,0.5084013,             263P   2839
0.8780159,0.,0.5127353,0.8808813,0.,0.5162302,0.8847739,0.,          263P   2840
0.5197283,0.8885603,0.,0.5203781,0.8894242,0.,0.5210302,             263P   2841
0.890283,0.,0.5216812,0.8911443,0.,0.5227509,0.8927383,0.,           263P   2842
0.5238207,0.8943324,0.,0.5248904,0.8959264,0.,0.526934,0.898226,     263P   2843
0.,0.5289776,0.9005255,0.,0.5310212,0.9028251,0.,0.5334365,          263P   2844
0.9052269,0.,0.5358518,0.9076287,0.,0.5382671,0.9100305,0.,          263P   2845
0.5435387,0.9150981,0.,0.5488102,0.9201658,0.,0.5540818,             263P   2846
0.9252334,0.,0.5617761,0.9330441,0.,0.5694705,0.9408547,0.,          263P   2847
0.5771648,0.9486654,0.,0.5847899,0.9559819,0.,0.5924151,             263P   2848
0.9632983,0.,0.6000402,0.9706148,0.,0.6060213,0.9761716,0.,          263P   2849
0.6120024,0.9817284,0.,0.6179835,0.9872852,0.,0.6219935,             263P   2850
0.9904153,0.,0.6260023,0.9935463,0.,0.6300136,0.9966755,0.,          263P   2851
0.633462,1.001453,0.,0.6369517,1.0062,0.,0.6510647,1.025836,0.,      263P   2852
0.6621315,1.0404,0.,0.672986,1.055119,0.,0.6804879,1.064701,0.,      263P   2853
0.6879899,1.074282,0.,0.7008053,1.09065,0.,0.7064858,1.097146,       263P   2854
0.,0.714991,1.108352,0.,0.7182129,1.112763,0.,0.7207544,             263P   2855
1.117598,0.,0.7215901,1.119495,0.,0.7224161,1.1214,0.,0.7232469,     263P   2856
1.123301,0.,0.7241486,1.125767,0.,0.7250467,1.128234,0.,             263P   2857
0.7259521,1.130699,0.,0.7279841,1.136924,0.,0.7298845,1.143193,      263P   2858
0.,0.7331975,1.154729,0.,0.7346962,1.159973,0.,0.7401701,            263P   2859
1.179724,0.,0.7444261,1.194152,0.,0.7485381,1.20862,0.,              263P   2860
0.7525708,1.223894,0.,0.7566036,1.239169,0.,0.7606363,1.254443,      263P   2861
0.,0.7630744,1.264563,0.,0.7655267,1.27468,0.,0.7679506,             263P   2862
1.284803,0.,0.7723838,1.305031,0.,0.776595,1.325304,0.,              263P   2863
0.7805654,1.345628,0.,0.7821321,1.354017,0.,0.783653,1.362415,       263P   2864
0.,0.7852066,1.370807,0.,0.7862661,1.377527,0.,0.7873257,            263P   2865
1.384247,0.,0.7883852,1.390967,0.,0.7892681,1.397706,0.,             263P   2866
0.790151,1.404445,0.,0.7910339,1.411184,0.,0.7917428,1.417978,       263P   2867
0.,0.7924516,1.424773,0.,0.7931605,1.431567,0.,0.7936847,            263P   2868
1.438419,0.,0.7942088,1.44527,0.,0.794733,1.452122,0.,0.7950734,     263P   2869
1.459127,0.,0.7954139,1.466131,0.,0.7957543,1.473136,0.,             263P   2870
0.7959094,1.480291,0.,0.7960645,1.487446,0.,0.7962196,1.494601,      263P   2871
0.,0.7961792,1.501648,0.,0.7961388,1.508695,0.,0.7960984,            263P   2872
1.515742,0.,0.7958634,1.522679,0.,0.7956283,1.529617,0.,             263P   2873
0.7953933,1.536554,0.,0.7951789,1.539999,0.,0.7949645,1.543445,      263P   2874
0.,0.7947502,1.54689,0.,0.,66.10128502,0.,0.,1.;                     263P   2875
126,171,3,1,0,1,0,0.,0.,0.,0.,1.,1.,1.,2.,2.,2.,3.,3.,3.,4.,4.,      265P   2876
4.,5.,5.,5.,6.,6.,6.,7.,7.,7.,8.,8.,8.,9.,9.,9.,10.,10.,             265P   2877
10.52408059,10.52408059,10.78008034,10.78008034,10.78008034,         265P   2878
11.78008034,11.78008034,11.78008034,12.78008034,12.78008034,         265P   2879
12.78008034,13.78008034,13.78008034,14.93467059,14.93467059,         265P   2880
14.93467059,15.93467059,15.93467059,17.41281109,17.41281109,         265P   2881
17.41281109,18.41281109,18.41281109,18.41281109,19.41281109,         265P   2882
19.41281109,19.41281109,20.41281109,20.41281109,20.41281109,         265P   2883
21.41281109,21.41281109,21.41281109,22.41281109,22.41281109,         265P   2884
22.41281109,23.41281109,23.41281109,23.41281109,24.41281109,         265P   2885
24.41281109,24.41281109,25.41281109,25.41281109,25.41281109,         265P   2886
26.41281109,26.41281109,26.41281109,27.41281109,27.41281109,         265P   2887
27.41281109,28.41281109,28.41281109,28.41281109,29.41281109,         265P   2888
29.41281109,29.41281109,30.41281109,30.41281109,31.29317005,         265P   2889
31.29317005,31.29317005,32.29317005,32.29317005,32.29317005,         265P   2890
33.29317005,33.29317005,33.56705863,33.56705863,34.44831449,         265P   2891
34.44831449,38.29445511,38.29445511,38.29445511,39.29445511,         265P   2892
39.29445511,39.29445511,40.29445511,40.29445511,40.29445511,         265P   2893
41.29445511,41.29445511,41.29445511,42.29445511,42.29445511,         265P   2894
42.29445511,43.29445511,43.29445511,43.29445511,44.29445511,         265P   2895
44.29445511,45.56385244,45.56385244,46.80860225,46.80860225,         265P   2896
47.76549376,47.76549376,47.76549376,48.76549376,48.76549376,         265P   2897
50.16070578,50.16070578,50.16070578,51.16070578,51.16070578,         265P   2898
51.16070578,52.16070578,52.16070578,52.16070578,53.16070578,         265P   2899
53.16070578,53.16070578,54.16070578,54.16070578,54.16070578,         265P   2900
55.16070578,55.16070578,55.16070578,56.16070578,56.16070578,         265P   2901
56.16070578,57.16070578,57.16070578,57.16070578,58.16070578,         265P   2902
58.16070578,58.16070578,59.16070578,59.16070578,59.16070578,         265P   2903
60.16070578,60.16070578,60.16070578,61.16070578,61.16070578,         265P   2904
61.16070578,62.16070578,62.16070578,62.16070578,63.16070578,         265P   2905
63.16070578,63.16070578,63.16070578,1.,1.,1.,1.,1.,1.,1.,1.,1.,      265P   2906
1.,1.,1.,1.,1.,1.,1.,1.,1.,1.,1.,1.,1.,1.,1.,1.,1.,1.,1.,1.,1.,      265P   2907
1.,1.,1.,1.,1.,1.,1.,1.,1.,1.,1.,1.,1.,1.,1.,1.,1.,1.,1.,1.,1.,      265P   2908
1.,1.,1.,1.,1.,1.,1.,1.,1.,1.,1.,1.,1.,1.,1.,1.,1.,1.,1.,1.,1.,      265P   2909
1.,1.,1.,1.,1.,1.,1.,1.,1.,1.,1.,1.,1.,1.,1.,1.,1.,1.,1.,1.,1.,      265P   2910
1.,1.,1.,1.,1.,1.,1.,1.,1.,1.,1.,1.,1.,1.,1.,1.,1.,1.,1.,1.,1.,      265P   2911
1.,1.,1.,1.,1.,1.,1.,1.,1.,1.,1.,1.,1.,1.,1.,1.,1.,1.,1.,1.,1.,      265P   2912
1.,1.,1.,1.,1.,1.,1.,1.,1.,1.,1.,1.,1.,1.,1.,1.,1.,1.,1.,1.,1.,      265P   2913
1.,1.,1.,1.,1.,1.,1.,1.,1.,1.,1.,1.,1.,1.,1.,1.,0.7947502,           265P   2914
1.54689,0.,0.7945338,1.550368,0.,0.7943174,1.553846,0.,0.794101,     265P   2915
1.557324,0.,0.7934937,1.564141,0.,0.7928863,1.570957,0.,             265P   2916
0.792279,1.577774,0.,0.7914965,1.584483,0.,0.7907141,1.591192,       265P   2917
0.,0.7899316,1.597901,0.,0.7887378,1.606295,0.,0.7875439,            265P   2918
1.614689,0.,0.7863501,1.623083,0.,0.7846333,1.633033,0.,             265P   2919
0.7829166,1.642983,0.,0.7811998,1.652933,0.,0.7792089,1.66285,       265P   2920
0.,0.7772181,1.672767,0.,0.7752272,1.682684,0.,0.7730172,            265P   2921
1.692508,0.,0.7708072,1.702331,0.,0.7685972,1.712155,0.,             265P   2922
0.7649539,1.726939,0.,0.7613107,1.741722,0.,0.7576674,1.756506,      265P   2923
0.,0.7526276,1.775425,0.,0.7475877,1.794344,0.,0.7425479,            265P   2924
1.813263,0.,0.7390502,1.825196,0.,0.7355068,1.837117,0.,             265P   2925
0.730244,1.855324,0.,0.7284254,1.861583,0.,0.7255212,1.870839,       265P   2926
0.,0.7244865,1.873852,0.,0.7232713,1.876796,0.,0.72247,1.87845,      265P   2927
0.,0.7216696,1.880104,0.,0.7208687,1.881758,0.,0.7198999,            265P   2928
1.883448,0.,0.7189192,1.88513,0.,0.7179622,1.886828,0.,              265P   2929
0.7136009,1.893537,0.,0.7086679,1.899848,0.,0.6976963,1.913137,      265P   2930
0.,0.6918467,1.920283,0.,0.6859826,1.927417,0.,0.6804587,            265P   2931
1.93488,0.,0.674878,1.9423,0.,0.6612286,1.960822,0.,0.6528705,       265P   2932
1.971708,0.,0.6445943,1.982655,0.,0.6418193,1.987326,0.,             265P   2933
0.6390445,1.991997,0.,0.6362696,1.996668,0.,0.6334495,1.999373,      265P   2934
0.,0.6306293,2.002078,0.,0.6278092,2.004783,0.,0.6220792,            265P   2935
2.009544,0.,0.6163493,2.014306,0.,0.6106193,2.019067,0.,             265P   2936
0.6025019,2.02623,0.,0.5943845,2.033394,0.,0.5862671,2.040557,       265P   2937
0.,0.5787387,2.048092,0.,0.5712103,2.055627,0.,0.5636819,            265P   2938
2.063162,0.,0.5556496,2.07076,0.,0.5476175,2.078359,0.,              265P   2939
0.5395846,2.085957,0.,0.534496,2.091718,0.,0.5292675,2.097357,       265P   2940
0.,0.524276,2.103204,0.,0.5198125,2.1079,0.,0.5153238,2.112581,      265P   2941
0.,0.5105564,2.116973,0.,0.5093666,2.117956,0.,0.5081773,            265P   2942
2.11894,0.,0.5069878,2.119924,0.,0.5058968,2.120677,0.,              265P   2943
0.5048057,2.12143,0.,0.5037147,2.122183,0.,0.5024739,2.122835,       265P   2944
0.,0.5012331,2.123488,0.,0.4999923,2.12414,0.,0.4984769,             265P   2945
2.124659,0.,0.4969618,2.125188,0.,0.495446,2.125697,0.,0.493006,     265P   2946
2.126195,0.,0.490584,2.126566,0.,0.4858994,2.126587,0.,              265P   2947
0.4837714,2.126217,0.,0.4816077,2.12587,0.,0.4804761,2.125435,       265P   2948
0.,0.4793506,2.124975,0.,0.4782121,2.12454,0.,0.4749387,             265P   2949
2.121977,0.,0.4716082,2.119485,0.,0.4674732,2.11618,0.,              265P   2950
0.4666737,2.115361,0.,0.4631539,2.112098,0.,0.4606293,2.109441,      265P   2951
0.,0.4470401,2.095259,0.,0.4365113,2.083229,0.,0.4258867,            265P   2952
2.071296,0.,0.4195386,2.063339,0.,0.4131974,2.055375,0.,             265P   2953
0.4068547,2.047413,0.,0.3953027,2.033996,0.,0.3837428,2.020586,      265P   2954
0.,0.3724658,2.006936,0.,0.3701872,2.004677,0.,0.3679347,            265P   2955
2.002396,0.,0.3656691,2.000126,0.,0.3633571,1.994775,0.,             265P   2956
0.3610451,1.989423,0.,0.3587331,1.984072,0.,0.3540922,1.975589,      265P   2957
0.,0.3494517,1.967105,0.,0.3448107,1.958622,0.,0.3402269,            265P   2958
1.94997,0.,0.3355942,1.941344,0.,0.3251891,1.921711,0.,              265P   2959
0.3192891,1.910772,0.,0.3076066,1.889105,0.,0.3018739,1.878349,      265P   2960
0.,0.2914189,1.859497,0.,0.2869541,1.85126,0.,0.2824249,             265P   2961
1.843059,0.,0.279727,1.837674,0.,0.2770265,1.83229,0.,0.2705601,     265P   2962
1.819395,0.,0.2667932,1.811884,0.,0.2630265,1.804372,0.,             265P   2963
0.256644,1.792094,0.,0.2502614,1.779816,0.,0.2438789,1.767538,       265P   2964
0.,0.2379004,1.754656,0.,0.2319218,1.741774,0.,0.2259433,            265P   2965
1.728892,0.,0.2202918,1.715173,0.,0.2146404,1.701453,0.,             265P   2966
0.2089889,1.687734,0.,0.2051735,1.677398,0.,0.201358,1.667062,       265P   2967
0.,0.1975426,1.656726,0.,0.1952567,1.649735,0.,0.1929707,            265P   2968
1.642745,0.,0.1906848,1.635754,0.,0.1886622,1.628566,0.,             265P   2969
0.1866395,1.621377,0.,0.1846169,1.614189,0.,0.1829338,1.606889,      265P   2970
0.,0.1812418,1.59959,0.,0.1795629,1.592289,0.,0.1773594,             265P   2971
1.580294,0.,0.1750898,1.568307,0.,0.173386,1.556227,0.,              265P   2972
0.1730207,1.553476,0.,0.1726617,1.550725,0.,0.1722995,1.547974,      265P   2973
0.,0.1719171,1.544298,0.,0.1715347,1.540622,0.,0.1711523,            265P   2974
1.536946,0.,0.1708032,1.532046,0.,0.170454,1.527145,0.,              265P   2975
0.1701049,1.522245,0.,0.1699659,1.518526,0.,0.1698317,1.514808,      265P   2976
0.,0.1696879,1.511089,0.,0.1695354,1.499156,0.,0.1700098,            265P   2977
1.487224,0.,0.170738,1.475315,0.,0.,63.16070578,0.,0.,1.;            265P   2978
510,269,1,1,271;                                                     267P   2979
128,2,6,2,2,0,0,0,0,0,0.,0.,0.,1.,1.,1.,0.,0.,0.,1.,1.,2.,2.,3.,     269P   2980
3.,3.,1.,0.9572004,1.,1.,0.9572004,1.,1.,0.9572004,1.,0.4226183,     269P   2981
0.4045304,0.4226183,1.,0.9572004,1.,1.,0.9572004,1.,1.,              269P   2982
0.9572004,1.,37.95801,47.79836,-25.60267,20.555,35.15434,            269P   2983
-48.73544,-4.301846,17.09477,-56.0737,33.9455,37.61842,              269P   2984
-17.01979,18.64203,26.49979,-37.36175,-3.216046,10.61899,            269P   2985
-43.81475,29.93296,27.43848,-8.436915,16.72902,17.84527,             269P   2986
-25.98809,-2.130222,4.143207,-31.55577,26.78968,19.46384,            269P   2987
-1.713363,15.23048,11.06558,-17.07831,-1.279652,-0.9297142,          269P   2988
-21.95246,35.34534,19.98899,-8.436915,22.14141,10.39577,             269P   2989
-25.98809,3.282137,-3.306293,-31.55577,46.26699,20.65935,            269P   2990
-17.01979,30.96351,9.540725,-37.36175,9.105443,-6.340086,            269P   2991
-43.81475,57.18861,21.32972,-25.60267,39.78559,8.685682,             269P   2992
-48.73544,14.92875,-9.37388,-56.0737,0.,1.,0.,3.;                    269P   2993
508,2,0,5,27,1,1,0,273,0,5,11,0,1,0,275;                             271P   2994
126,186,3,1,0,1,0,0.,0.,0.,0.,1.,1.,1.,2.,2.,2.,3.,3.,3.,4.,4.,      273P   2995
4.,5.,5.,5.,6.,6.,6.,7.,7.,7.,8.,8.,8.,9.,9.,9.,10.,10.,10.,11.,     273P   2996
11.,11.,12.,12.,12.71161041,12.71161041,12.71161041,13.71161041,     273P   2997
13.71161041,13.71161041,14.71161041,14.71161041,14.71161041,         273P   2998
15.71161041,15.71161041,15.71161041,16.71161041,16.71161041,         273P   2999
16.71161041,17.71161041,17.71161041,17.71161041,18.71161041,         273P   3000
18.71161041,18.71161041,19.71161041,19.71161041,19.71161041,         273P   3001
20.71161041,20.71161041,20.71161041,21.71161041,21.71161041,         273P   3002
21.71161041,22.71161041,22.71161041,22.71161041,23.71161041,         273P   3003
23.71161041,23.71161041,24.71161041,24.71161041,24.71161041,         273P   3004
25.71161041,25.71161041,25.71161041,26.71161041,26.71161041,         273P   3005
26.71161041,27.71161041,27.71161041,27.71161041,28.71161041,         273P   3006
28.71161041,28.71161041,29.71161041,29.71161041,29.71161041,         273P   3007
30.71161041,30.71161041,30.71161041,31.71161041,31.71161041,         273P   3008
31.71161041,32.71161041,32.71161041,32.71161041,33.71161041,         273P   3009
33.71161041,33.71161041,34.71161041,34.71161041,34.71161041,         273P   3010
35.71161041,35.71161041,35.71161041,36.71161041,36.71161041,         273P   3011
36.71161041,37.71161041,37.71161041,37.71161041,38.71161041,         273P   3012
38.71161041,38.71161041,39.71161041,39.71161041,39.71161041,         273P   3013
40.71161041,40.71161041,40.71161041,41.71161041,41.71161041,         273P   3014
44.81570406,44.81570406,44.81570406,45.81570406,45.81570406,         273P   3015
46.61209395,46.61209395,46.97168807,46.97168807,46.97168807,         273P   3016
47.97168807,47.97168807,47.97168807,48.97168807,48.97168807,         273P   3017
48.97168807,49.97168807,49.97168807,50.80451158,50.80451158,         273P   3018
53.10136115,53.10136115,53.10136115,54.10136115,54.10136115,         273P   3019
54.10136115,55.10136115,55.10136115,55.10136115,56.10136115,         273P   3020
56.10136115,56.10136115,57.10136115,57.10136115,57.10136115,         273P   3021
58.10136115,58.10136115,58.10136115,59.10136115,59.10136115,         273P   3022
59.10136115,60.10136115,60.10136115,60.10136115,61.10136115,         273P   3023
61.10136115,61.10136115,62.10136115,62.10136115,62.10136115,         273P   3024
63.10136115,63.10136115,63.10136115,64.10136115,64.10136115,         273P   3025
64.10136115,65.10136115,65.10136115,65.10136115,66.10136115,         273P   3026
66.10136115,66.10136115,66.10136115,1.,1.,1.,1.,1.,1.,1.,1.,1.,      273P   3027
1.,1.,1.,1.,1.,1.,1.,1.,1.,1.,1.,1.,1.,1.,1.,1.,1.,1.,1.,1.,1.,      273P   3028
1.,1.,1.,1.,1.,1.,1.,1.,1.,1.,1.,1.,1.,1.,1.,1.,1.,1.,1.,1.,1.,      273P   3029
1.,1.,1.,1.,1.,1.,1.,1.,1.,1.,1.,1.,1.,1.,1.,1.,1.,1.,1.,1.,1.,      273P   3030
1.,1.,1.,1.,1.,1.,1.,1.,1.,1.,1.,1.,1.,1.,1.,1.,1.,1.,1.,1.,1.,      273P   3031
1.,1.,1.,1.,1.,1.,1.,1.,1.,1.,1.,1.,1.,1.,1.,1.,1.,1.,1.,1.,1.,      273P   3032
1.,1.,1.,1.,1.,1.,1.,1.,1.,1.,1.,1.,1.,1.,1.,1.,1.,1.,1.,1.,1.,      273P   3033
1.,1.,1.,1.,1.,1.,1.,1.,1.,1.,1.,1.,1.,1.,1.,1.,1.,1.,1.,1.,1.,      273P   3034
1.,1.,1.,1.,1.,1.,1.,1.,1.,1.,1.,1.,1.,1.,1.,1.,1.,1.,1.,1.,1.,      273P   3035
1.,1.,1.,1.,1.,1.,1.,1.,1.,1.,0.170738,1.475315,0.,0.170901,         273P   3036
1.472576,0.,0.171064,1.469837,0.,0.171227,1.467098,0.,0.171731,      273P   3037
1.461713,0.,0.1722351,1.456327,0.,0.1727391,1.450942,0.,             273P   3038
0.1734236,1.445691,0.,0.1741081,1.440441,0.,0.1747926,1.43519,       273P   3039
0.,0.1758711,1.428711,0.,0.1769497,1.422233,0.,0.1780282,            273P   3040
1.415754,0.,0.1796415,1.408239,0.,0.1812547,1.400724,0.,             273P   3041
0.182868,1.393209,0.,0.1847983,1.385917,0.,0.1867286,1.378625,       273P   3042
0.,0.1886589,1.371333,0.,0.190845,1.364294,0.,0.193031,1.357256,     273P   3043
0.,0.1952171,1.350217,0.,0.1988643,1.339977,0.,0.2025058,            273P   3044
1.329734,0.,0.2061587,1.319497,0.,0.2128036,1.303178,0.,             273P   3045
0.2194056,1.286841,0.,0.2264446,1.270686,0.,0.2309046,1.260674,      273P   3046
0.,0.2353847,1.25067,0.,0.2398561,1.240663,0.,0.2527265,             273P   3047
1.215421,0.,0.2656091,1.190185,0.,0.2784959,1.16495,0.,              273P   3048
0.2863973,1.150384,0.,0.2940856,1.135701,0.,0.307793,1.110869,       273P   3049
0.,0.3134875,1.100542,0.,0.319181,1.090215,0.,0.3260773,             273P   3050
1.077068,0.,0.3329732,1.06392,0.,0.3398694,1.050773,0.,              273P   3051
0.3450865,1.041199,0.,0.3503036,1.031625,0.,0.3555207,1.022051,      273P   3052
0.,0.3589923,1.014352,0.,0.362464,1.006653,0.,0.3659356,             273P   3053
0.9989537,0.,0.3711471,0.9935779,0.,0.3763587,0.9882022,0.,          273P   3054
0.3815702,0.9828264,0.,0.3887782,0.9746928,0.,0.3959862,             273P   3055
0.9665591,0.,0.4031942,0.9584255,0.,0.4098034,0.950459,0.,           273P   3056
0.4164126,0.9424926,0.,0.4230218,0.9345261,0.,0.4299579,             273P   3057
0.9269676,0.,0.4368943,0.9194095,0.,0.4438301,0.9118507,0.,          273P   3058
0.4517545,0.9035418,0.,0.4596435,0.895199,0.,0.4676171,              273P   3059
0.8869371,0.,0.4685806,0.8856723,0.,0.4695003,0.8843747,0.,          273P   3060
0.4704422,0.8830936,0.,0.4714518,0.8820069,0.,0.4724614,             273P   3061
0.8809203,0.,0.473471,0.8798336,0.,0.4747836,0.8789808,0.,           273P   3062
0.4760962,0.878128,0.,0.4774088,0.8772752,0.,0.4788357,              273P   3063
0.8766286,0.,0.4802627,0.8759821,0.,0.4816896,0.8753355,0.,          273P   3064
0.4832084,0.8748996,0.,0.4847271,0.8744637,0.,0.4862459,             273P   3065
0.8740278,0.,0.4877634,0.873824,0.,0.489281,0.8736201,0.,            273P   3066
0.4907985,0.8734163,0.,0.4923148,0.8734445,0.,0.4938312,             273P   3067
0.8734728,0.,0.4953475,0.873501,0.,0.4968328,0.8737624,0.,           273P   3068
0.4983182,0.8740238,0.,0.4998035,0.8742852,0.,0.5012579,             273P   3069
0.8747797,0.,0.5027122,0.8752743,0.,0.5041666,0.8757688,0.,          273P   3070
0.5055782,0.8765178,0.,0.5069893,0.8772686,0.,0.5084013,             273P   3071
0.8780159,0.,0.5127353,0.8808813,0.,0.5162302,0.8847739,0.,          273P   3072
0.5197283,0.8885603,0.,0.5203781,0.8894242,0.,0.5210302,             273P   3073
0.890283,0.,0.5216812,0.8911443,0.,0.5227509,0.8927383,0.,           273P   3074
0.5238207,0.8943324,0.,0.5248904,0.8959264,0.,0.526934,0.898226,     273P   3075
0.,0.5289776,0.9005255,0.,0.5310212,0.9028251,0.,0.5334365,          273P   3076
0.9052269,0.,0.5358518,0.9076287,0.,0.5382671,0.9100305,0.,          273P   3077
0.5435387,0.9150981,0.,0.5488102,0.9201658,0.,0.5540818,             273P   3078
0.9252334,0.,0.5617761,0.9330441,0.,0.5694705,0.9408547,0.,          273P   3079
0.5771648,0.9486654,0.,0.5847899,0.9559819,0.,0.5924151,             273P   3080
0.9632983,0.,0.6000402,0.9706148,0.,0.6060213,0.9761716,0.,          273P   3081
0.6120024,0.9817284,0.,0.6179835,0.9872852,0.,0.6219935,             273P   3082
0.9904153,0.,0.6260023,0.9935463,0.,0.6300136,0.9966755,0.,          273P   3083
0.633462,1.001453,0.,0.6369517,1.0062,0.,0.6510647,1.025836,0.,      273P   3084
0.6621315,1.0404,0.,0.672986,1.055119,0.,0.6804879,1.064701,0.,      273P   3085
0.6879899,1.074282,0.,0.7014663,1.091495,0.,0.7078895,1.098769,      273P   3086
0.,0.7162253,1.110109,0.,0.7187132,1.113716,0.,0.7207543,            273P   3087
1.117598,0.,0.7215901,1.119495,0.,0.722416,1.1214,0.,0.7232469,      273P   3088
1.123301,0.,0.7241486,1.125767,0.,0.7250467,1.128234,0.,             273P   3089
0.7259521,1.130699,0.,0.7279841,1.136924,0.,0.7298845,1.143193,      273P   3090
0.,0.7331975,1.154729,0.,0.7346962,1.159973,0.,0.7401701,            273P   3091
1.179724,0.,0.7444261,1.194152,0.,0.7485381,1.20862,0.,              273P   3092
0.7525708,1.223894,0.,0.7566036,1.239169,0.,0.7606363,1.254443,      273P   3093
0.,0.7630744,1.264563,0.,0.7655267,1.27468,0.,0.7679506,             273P   3094
1.284803,0.,0.7723838,1.305031,0.,0.776595,1.325304,0.,              273P   3095
0.7805654,1.345628,0.,0.7821321,1.354017,0.,0.783653,1.362415,       273P   3096
0.,0.7852066,1.370807,0.,0.7862661,1.377527,0.,0.7873257,            273P   3097
1.384247,0.,0.7883852,1.390967,0.,0.7892681,1.397706,0.,             273P   3098
0.790151,1.404445,0.,0.7910339,1.411184,0.,0.7917428,1.417978,       273P   3099
0.,0.7924516,1.424773,0.,0.7931605,1.431567,0.,0.7936847,            273P   3100
1.438419,0.,0.7942088,1.44527,0.,0.794733,1.452122,0.,0.7950734,     273P   3101
1.459127,0.,0.7954139,1.466131,0.,0.7957543,1.473136,0.,             273P   3102
0.7959094,1.480291,0.,0.7960645,1.487446,0.,0.7962196,1.494601,      273P   3103
0.,0.7961792,1.501648,0.,0.7961388,1.508695,0.,0.7960984,            273P   3104
1.515742,0.,0.7958634,1.522679,0.,0.7956283,1.529617,0.,             273P   3105
0.7953933,1.536554,0.,0.7951789,1.539999,0.,0.7949645,1.543445,      273P   3106
0.,0.7947502,1.54689,0.,0.,66.10136115,0.,0.,1.;                     273P   3107
126,171,3,1,0,1,0,0.,0.,0.,0.,1.,1.,1.,2.,2.,2.,3.,3.,3.,4.,4.,      275P   3108
4.,5.,5.,5.,6.,6.,6.,7.,7.,7.,8.,8.,8.,9.,9.,9.,10.,10.,             275P   3109
10.52408059,10.52408059,10.78008034,10.78008034,10.78008034,         275P   3110
11.78008034,11.78008034,11.78008034,12.78008034,12.78008034,         275P   3111
12.78008034,13.78008034,13.78008034,14.93467059,14.93467059,         275P   3112
14.93467059,15.93467059,15.93467059,17.41281109,17.41281109,         275P   3113
17.41281109,18.41281109,18.41281109,18.41281109,19.41281109,         275P   3114
19.41281109,19.41281109,20.41281109,20.41281109,20.41281109,         275P   3115
21.41281109,21.41281109,21.41281109,22.41281109,22.41281109,         275P   3116
22.41281109,23.41281109,23.41281109,23.41281109,24.41281109,         275P   3117
24.41281109,24.41281109,25.41281109,25.41281109,25.41281109,         275P   3118
26.41281109,26.41281109,26.41281109,27.41281109,27.41281109,         275P   3119
27.41281109,28.41281109,28.41281109,28.41281109,29.41281109,         275P   3120
29.41281109,29.41281109,30.41281109,30.41281109,31.2931765,          275P   3121
31.2931765,31.2931765,32.2931765,32.2931765,32.2931765,              275P   3122
33.2931765,33.2931765,33.56706518,33.56706518,34.44832119,           275P   3123
34.44832119,38.29446238,38.29446238,38.29446238,39.29446238,         275P   3124
39.29446238,39.29446238,40.29446238,40.29446238,40.29446238,         275P   3125
41.29446238,41.29446238,41.29446238,42.29446238,42.29446238,         275P   3126
42.29446238,43.29446238,43.29446238,43.29446238,44.29446238,         275P   3127
44.29446238,45.56386794,45.56386794,46.80860952,46.80860952,         275P   3128
47.76550103,47.76550103,47.76550103,48.76550103,48.76550103,         275P   3129
50.16072223,50.16072223,50.16072223,51.16072223,51.16072223,         275P   3130
51.16072223,52.16072223,52.16072223,52.16072223,53.16072223,         275P   3131
53.16072223,53.16072223,54.16072223,54.16072223,54.16072223,         275P   3132
55.16072223,55.16072223,55.16072223,56.16072223,56.16072223,         275P   3133
56.16072223,57.16072223,57.16072223,57.16072223,58.16072223,         275P   3134
58.16072223,58.16072223,59.16072223,59.16072223,59.16072223,         275P   3135
60.16072223,60.16072223,60.16072223,61.16072223,61.16072223,         275P   3136
61.16072223,62.16072223,62.16072223,62.16072223,63.16072223,         275P   3137
63.16072223,63.16072223,63.16072223,1.,1.,1.,1.,1.,1.,1.,1.,1.,      275P   3138
1.,1.,1.,1.,1.,1.,1.,1.,1.,1.,1.,1.,1.,1.,1.,1.,1.,1.,1.,1.,1.,      275P   3139
1.,1.,1.,1.,1.,1.,1.,1.,1.,1.,1.,1.,1.,1.,1.,1.,1.,1.,1.,1.,1.,      275P   3140
1.,1.,1.,1.,1.,1.,1.,1.,1.,1.,1.,1.,1.,1.,1.,1.,1.,1.,1.,1.,1.,      275P   3141
1.,1.,1.,1.,1.,1.,1.,1.,1.,1.,1.,1.,1.,1.,1.,1.,1.,1.,1.,1.,1.,      275P   3142
1.,1.,1.,1.,1.,1.,1.,1.,1.,1.,1.,1.,1.,1.,1.,1.,1.,1.,1.,1.,1.,      275P   3143
1.,1.,1.,1.,1.,1.,1.,1.,1.,1.,1.,1.,1.,1.,1.,1.,1.,1.,1.,1.,1.,      275P   3144
1.,1.,1.,1.,1.,1.,1.,1.,1.,1.,1.,1.,1.,1.,1.,1.,1.,1.,1.,1.,1.,      275P   3145
1.,1.,1.,1.,1.,1.,1.,1.,1.,1.,1.,1.,1.,1.,1.,1.,0.7947502,           275P   3146
1.54689,0.,0.7945338,1.550368,0.,0.7943174,1.553846,0.,0.794101,     275P   3147
1.557324,0.,0.7934937,1.564141,0.,0.7928863,1.570957,0.,             275P   3148
0.792279,1.577774,0.,0.7914965,1.584483,0.,0.7907141,1.591192,       275P   3149
0.,0.7899316,1.597901,0.,0.7887378,1.606295,0.,0.7875439,            275P   3150
1.614689,0.,0.7863501,1.623083,0.,0.7846333,1.633033,0.,             275P   3151
0.7829166,1.642983,0.,0.7811998,1.652933,0.,0.7792089,1.66285,       275P   3152
0.,0.7772181,1.672767,0.,0.7752272,1.682684,0.,0.7730172,            275P   3153
1.692508,0.,0.7708072,1.702331,0.,0.7685972,1.712155,0.,             275P   3154
0.7649539,1.726939,0.,0.7613107,1.741722,0.,0.7576674,1.756506,      275P   3155
0.,0.7526276,1.775425,0.,0.7475877,1.794344,0.,0.7425479,            275P   3156
1.813263,0.,0.7390502,1.825196,0.,0.7355068,1.837117,0.,             275P   3157
0.730244,1.855324,0.,0.7284254,1.861583,0.,0.7255212,1.870839,       275P   3158
0.,0.7244865,1.873852,0.,0.7232713,1.876796,0.,0.722469,             275P   3159
1.878452,0.,0.7216674,1.880108,0.,0.7208655,1.881764,0.,             275P   3160
0.7198977,1.883452,0.,0.7189181,1.885132,0.,0.7179622,1.886828,      275P   3161
0.,0.7136009,1.893537,0.,0.7086679,1.899848,0.,0.6976963,            275P   3162
1.913137,0.,0.6918467,1.920283,0.,0.6859826,1.927417,0.,             275P   3163
0.6804587,1.93488,0.,0.674878,1.9423,0.,0.6612286,1.960822,0.,       275P   3164
0.6528705,1.971708,0.,0.6445943,1.982655,0.,0.6418193,1.987326,      275P   3165
0.,0.6390445,1.991997,0.,0.6362696,1.996668,0.,0.6334476,            275P   3166
1.999375,0.,0.6306255,2.002082,0.,0.6278031,2.004788,0.,             275P   3167
0.6220751,2.009548,0.,0.6163472,2.014307,0.,0.6106193,2.019067,      275P   3168
0.,0.6025019,2.02623,0.,0.5943845,2.033394,0.,0.5862671,             275P   3169
2.040557,0.,0.5787387,2.048092,0.,0.5712103,2.055627,0.,             275P   3170
0.5636819,2.063162,0.,0.5556496,2.07076,0.,0.5476175,2.078359,       275P   3171
0.,0.5395846,2.085957,0.,0.534496,2.091718,0.,0.5292675,             275P   3172
2.097357,0.,0.524276,2.103204,0.,0.5198125,2.1079,0.,0.5153238,      275P   3173
2.112581,0.,0.5105564,2.116973,0.,0.5093666,2.117956,0.,             275P   3174
0.5081773,2.11894,0.,0.5069878,2.119924,0.,0.5058968,2.120677,       275P   3175
0.,0.5048057,2.12143,0.,0.5037147,2.122183,0.,0.5024739,             275P   3176
2.122835,0.,0.5012331,2.123488,0.,0.4999923,2.12414,0.,              275P   3177
0.4984769,2.124659,0.,0.4969618,2.125188,0.,0.495446,2.125697,       275P   3178
0.,0.493006,2.126195,0.,0.490584,2.126566,0.,0.4858994,2.126587,     275P   3179
0.,0.4837714,2.126217,0.,0.4816077,2.12587,0.,0.4804761,             275P   3180
2.125435,0.,0.4793506,2.124975,0.,0.4782121,2.12454,0.,              275P   3181
0.4749386,2.121977,0.,0.4716081,2.119485,0.,0.4674732,2.11618,       275P   3182
0.,0.4666737,2.115361,0.,0.4631539,2.112098,0.,0.4606293,            275P   3183
2.109441,0.,0.4470401,2.095259,0.,0.4365113,2.083229,0.,             275P   3184
0.4258867,2.071296,0.,0.4195386,2.063339,0.,0.4131974,2.055375,      275P   3185
0.,0.4068547,2.047413,0.,0.3953027,2.033996,0.,0.3837428,            275P   3186
2.020586,0.,0.3724658,2.006936,0.,0.3701872,2.004677,0.,             275P   3187
0.3679347,2.002396,0.,0.3656691,2.000126,0.,0.3633571,1.994775,      275P   3188
0.,0.3610451,1.989423,0.,0.3587331,1.984072,0.,0.3540923,            275P   3189
1.975589,0.,0.3494517,1.967105,0.,0.3448107,1.958622,0.,             275P   3190
0.3402269,1.94997,0.,0.3355942,1.941344,0.,0.3251891,1.921711,       275P   3191
0.,0.319289,1.910772,0.,0.3076066,1.889105,0.,0.3018738,             275P   3192
1.878349,0.,0.2914189,1.859497,0.,0.2869541,1.85126,0.,              275P   3193
0.2824249,1.843059,0.,0.279727,1.837674,0.,0.2770265,1.83229,0.,     275P   3194
0.2705601,1.819395,0.,0.2667932,1.811884,0.,0.2630265,1.804372,      275P   3195
0.,0.256644,1.792094,0.,0.2502614,1.779816,0.,0.2438789,             275P   3196
1.767538,0.,0.2379004,1.754656,0.,0.2319218,1.741774,0.,             275P   3197
0.2259433,1.728892,0.,0.2202918,1.715173,0.,0.2146404,1.701453,      275P   3198
0.,0.2089889,1.687734,0.,0.2051735,1.677398,0.,0.201358,             275P   3199
1.667062,0.,0.1975426,1.656726,0.,0.1952567,1.649735,0.,             275P   3200
0.1929707,1.642745,0.,0.1906848,1.635754,0.,0.1886621,1.628566,      275P   3201
0.,0.1866396,1.621377,0.,0.1846168,1.614189,0.,0.1829324,            275P   3202
1.606889,0.,0.1812433,1.59959,0.,0.1795622,1.59229,0.,0.1773471,     275P   3203
1.580296,0.,0.1750973,1.568305,0.,0.1733857,1.556227,0.,             275P   3204
0.1730209,1.553476,0.,0.1726616,1.550725,0.,0.1722995,1.547974,      275P   3205
0.,0.1719171,1.544298,0.,0.1715347,1.540622,0.,0.1711523,            275P   3206
1.536946,0.,0.1708032,1.532046,0.,0.170454,1.527145,0.,              275P   3207
0.1701049,1.522245,0.,0.169966,1.518526,0.,0.1698316,1.514808,       275P   3208
0.,0.1696881,1.511089,0.,0.1695313,1.499156,0.,0.1700129,            275P   3209
1.487224,0.,0.170738,1.475315,0.,0.,63.16072223,0.,0.,1.;            275P   3210
510,279,1,1,281;                                                     277P   3211
128,2,6,2,2,0,0,0,0,0,0.,0.,0.,1.,1.,1.,0.,0.,0.,1.,1.,2.,2.,3.,     279P   3212
3.,3.,1.,0.9572004,1.,1.,0.9572004,1.,1.,0.9572004,1.,0.4226183,     279P   3213
0.4045304,0.4226183,1.,0.9572004,1.,1.,0.9572004,1.,1.,              279P   3214
0.9572004,1.,57.18861,-21.32972,-25.60267,39.78559,-8.685682,        279P   3215
-48.73544,14.92875,9.37388,-56.0737,46.26699,-20.65935,              279P   3216
-17.01979,30.96351,-9.540725,-37.36175,9.105443,6.340086,            279P   3217
-43.81475,35.34534,-19.98899,-8.436915,22.14141,-10.39577,           279P   3218
-25.98809,3.282137,3.306293,-31.55577,26.78968,-19.46384,            279P   3219
-1.713363,15.23048,-11.06558,-17.07831,-1.279652,0.9297142,          279P   3220
-21.95246,29.93296,-27.43848,-8.436915,16.72902,-17.84527,           279P   3221
-25.98809,-2.130222,-4.143207,-31.55577,33.9455,-37.61842,           279P   3222
-17.01979,18.64203,-26.49979,-37.36175,-3.216046,-10.61899,          279P   3223
-43.81475,37.95801,-47.79836,-25.60267,20.555,-35.15434,             279P   3224
-48.73544,-4.301846,-17.09477,-56.0737,0.,1.,0.,3.;                  279P   3225
508,2,0,5,28,1,1,0,283,0,5,17,0,1,0,285;                             281P   3226
126,188,3,1,0,1,0,0.,0.,0.,0.,1.,1.,1.,2.,2.,2.,3.,3.,3.,4.,4.,      283P   3227
4.,5.,5.,5.,6.,6.,6.,7.,7.,7.,8.,8.,8.,9.,9.,9.686484808,            283P   3228
9.686484808,9.686484808,10.68648481,10.68648481,10.68648481,         283P   3229
11.68648481,11.68648481,11.68648481,12.68648481,12.68648481,         283P   3230
13.39796426,13.39796426,13.39796426,14.39796426,14.39796426,         283P   3231
14.39796426,15.39796426,15.39796426,15.39796426,16.39796426,         283P   3232
16.39796426,16.39796426,17.39796426,17.39796426,17.39796426,         283P   3233
18.39796426,18.39796426,18.39796426,19.39796426,19.39796426,         283P   3234
19.39796426,20.39796426,20.39796426,20.39796426,21.39796426,         283P   3235
21.39796426,21.39796426,22.39796426,22.39796426,22.39796426,         283P   3236
23.39796426,23.39796426,23.39796426,24.39796426,24.39796426,         283P   3237
24.39796426,25.39796426,25.39796426,25.39796426,26.39796426,         283P   3238
26.39796426,26.39796426,27.39796426,27.39796426,27.39796426,         283P   3239
28.39796426,28.39796426,28.39796426,29.39796426,29.39796426,         283P   3240
29.39796426,30.39796426,30.39796426,30.39796426,31.39796426,         283P   3241
31.39796426,31.39796426,32.39796426,32.39796426,32.39796426,         283P   3242
33.39796426,33.39796426,33.39796426,34.39796426,34.39796426,         283P   3243
34.39796426,35.39796426,35.39796426,35.39796426,36.39796426,         283P   3244
36.39796426,36.39796426,37.39796426,37.39796426,37.39796426,         283P   3245
38.39796426,38.39796426,38.39796426,39.39796426,39.39796426,         283P   3246
39.39796426,40.39796426,40.39796426,40.39796426,41.39796426,         283P   3247
41.39796426,41.39796426,42.39796426,42.39796426,43.71972833,         283P   3248
43.71972833,43.71972833,44.71972833,44.71972833,45.59618939,         283P   3249
45.59618939,45.87572698,45.87572698,45.87572698,46.87572698,         283P   3250
46.87572698,46.87572698,47.87572698,47.87572698,47.87572698,         283P   3251
48.87572698,48.87572698,49.70855049,49.70855049,52.00540006,         283P   3252
52.00540006,52.00540006,53.00540006,53.00540006,53.00540006,         283P   3253
54.00540006,54.00540006,54.00540006,55.00540006,55.00540006,         283P   3254
55.00540006,56.00540006,56.00540006,56.00540006,57.00540006,         283P   3255
57.00540006,57.00540006,58.00540006,58.00540006,58.00540006,         283P   3256
59.00540006,59.00540006,59.00540006,60.00540006,60.00540006,         283P   3257
60.00540006,61.00540006,61.00540006,61.00540006,62.00540006,         283P   3258
62.00540006,62.00540006,63.00540006,63.00540006,63.00540006,         283P   3259
64.00540006,64.00540006,64.00540006,65.00540006,65.00540006,         283P   3260
65.00540006,65.00540006,1.,1.,1.,1.,1.,1.,1.,1.,1.,1.,1.,1.,1.,      283P   3261
1.,1.,1.,1.,1.,1.,1.,1.,1.,1.,1.,1.,1.,1.,1.,1.,1.,1.,1.,1.,1.,      283P   3262
1.,1.,1.,1.,1.,1.,1.,1.,1.,1.,1.,1.,1.,1.,1.,1.,1.,1.,1.,1.,1.,      283P   3263
1.,1.,1.,1.,1.,1.,1.,1.,1.,1.,1.,1.,1.,1.,1.,1.,1.,1.,1.,1.,1.,      283P   3264
1.,1.,1.,1.,1.,1.,1.,1.,1.,1.,1.,1.,1.,1.,1.,1.,1.,1.,1.,1.,1.,      283P   3265
1.,1.,1.,1.,1.,1.,1.,1.,1.,1.,1.,1.,1.,1.,1.,1.,1.,1.,1.,1.,1.,      283P   3266
1.,1.,1.,1.,1.,1.,1.,1.,1.,1.,1.,1.,1.,1.,1.,1.,1.,1.,1.,1.,1.,      283P   3267
1.,1.,1.,1.,1.,1.,1.,1.,1.,1.,1.,1.,1.,1.,1.,1.,1.,1.,1.,1.,1.,      283P   3268
1.,1.,1.,1.,1.,1.,1.,1.,1.,1.,1.,1.,1.,1.,1.,1.,1.,1.,1.,1.,1.,      283P   3269
1.,1.,1.,1.,1.,1.,1.,1.,0.170738,1.475315,0.,0.170901,1.472576,      283P   3270
0.,0.171064,1.469837,0.,0.171227,1.467098,0.,0.171731,1.461713,      283P   3271
0.,0.1722351,1.456327,0.,0.1727391,1.450942,0.,0.1734236,            283P   3272
1.445691,0.,0.1741081,1.440441,0.,0.1747926,1.43519,0.,              283P   3273
0.1758711,1.428711,0.,0.1769497,1.422233,0.,0.1780282,1.415754,      283P   3274
0.,0.1796415,1.408239,0.,0.1812547,1.400724,0.,0.182868,             283P   3275
1.393209,0.,0.1847983,1.385917,0.,0.1867286,1.378625,0.,             283P   3276
0.1886589,1.371333,0.,0.190845,1.364294,0.,0.193031,1.357256,0.,     283P   3277
0.1952171,1.350217,0.,0.1988628,1.339976,0.,0.2025095,1.329736,      283P   3278
0.,0.2061542,1.319495,0.,0.2101249,1.309831,0.,0.2140291,            283P   3279
1.30014,0.,0.2207482,1.283852,0.,0.2237063,1.277315,0.,              283P   3280
0.2264372,1.270683,0.,0.2309108,1.260677,0.,0.2353822,1.250669,      283P   3281
0.,0.2398562,1.240663,0.,0.2527271,1.215421,0.,0.2656086,            283P   3282
1.190184,0.,0.278496,1.16495,0.,0.2863978,1.150383,0.,0.2940868,     283P   3283
1.135699,0.,0.3077943,1.110867,0.,0.3134881,1.100541,0.,             283P   3284
0.319181,1.090215,0.,0.3260773,1.077068,0.,0.3329732,1.06392,0.,     283P   3285
0.3398694,1.050773,0.,0.3450865,1.041199,0.,0.3503036,1.031625,      283P   3286
0.,0.3555207,1.022051,0.,0.3589923,1.014352,0.,0.362464,             283P   3287
1.006653,0.,0.3659356,0.9989537,0.,0.3711471,0.9935779,0.,           283P   3288
0.3763587,0.9882022,0.,0.3815702,0.9828264,0.,0.3887782,             283P   3289
0.9746928,0.,0.3959862,0.9665591,0.,0.4031942,0.9584255,0.,          283P   3290
0.4098034,0.950459,0.,0.4164126,0.9424926,0.,0.4230218,              283P   3291
0.9345261,0.,0.4299579,0.9269676,0.,0.4368943,0.9194095,0.,          283P   3292
0.4438301,0.9118507,0.,0.4517545,0.9035418,0.,0.4596435,             283P   3293
0.895199,0.,0.4676171,0.8869371,0.,0.4685806,0.8856723,0.,           283P   3294
0.4695003,0.8843747,0.,0.4704422,0.8830936,0.,0.4714518,             283P   3295
0.8820069,0.,0.4724614,0.8809203,0.,0.473471,0.8798336,0.,           283P   3296
0.4747836,0.8789808,0.,0.4760962,0.878128,0.,0.4774088,              283P   3297
0.8772752,0.,0.4788357,0.8766286,0.,0.4802627,0.8759821,0.,          283P   3298
0.4816896,0.8753355,0.,0.4832084,0.8748996,0.,0.4847271,             283P   3299
0.8744637,0.,0.4862459,0.8740278,0.,0.4877634,0.873824,0.,           283P   3300
0.489281,0.8736201,0.,0.4907985,0.8734163,0.,0.4923148,              283P   3301
0.8734445,0.,0.4938312,0.8734728,0.,0.4953475,0.873501,0.,           283P   3302
0.4968328,0.8737624,0.,0.4983182,0.8740238,0.,0.4998035,             283P   3303
0.8742852,0.,0.5012579,0.8747797,0.,0.5027122,0.8752743,0.,          283P   3304
0.5041666,0.8757688,0.,0.5055782,0.8765178,0.,0.5069893,             283P   3305
0.8772686,0.,0.5084013,0.8780159,0.,0.5127353,0.8808813,0.,          283P   3306
0.5162302,0.8847739,0.,0.5197283,0.8885603,0.,0.5203781,             283P   3307
0.8894242,0.,0.5210302,0.890283,0.,0.5216812,0.8911443,0.,           283P   3308
0.5227517,0.8927392,0.,0.5238222,0.8943341,0.,0.5248927,             283P   3309
0.895929,0.,0.5269355,0.8982277,0.,0.5289784,0.9005264,0.,           283P   3310
0.5310212,0.9028251,0.,0.5334365,0.9052269,0.,0.5358518,             283P   3311
0.9076287,0.,0.5382671,0.9100305,0.,0.5435387,0.9150981,0.,          283P   3312
0.5488102,0.9201658,0.,0.5540818,0.9252334,0.,0.5617761,             283P   3313
0.9330441,0.,0.5694705,0.9408547,0.,0.5771648,0.9486654,0.,          283P   3314
0.5847899,0.9559819,0.,0.5924151,0.9632983,0.,0.6000402,             283P   3315
0.9706148,0.,0.6060213,0.9761716,0.,0.6120024,0.9817284,0.,          283P   3316
0.6179835,0.9872852,0.,0.621992,0.9904165,0.,0.6260063,              283P   3317
0.9935434,0.,0.6300089,0.996679,0.,0.6361637,1.00508,0.,             283P   3318
0.6422023,1.013567,0.,0.6565341,1.033043,0.,0.6648073,1.044046,      283P   3319
0.,0.672986,1.055119,0.,0.6804879,1.064701,0.,0.6879899,             283P   3320
1.074282,0.,0.702067,1.092262,0.,0.7091799,1.100235,0.,0.717314,     283P   3321
1.111728,0.,0.7191612,1.114584,0.,0.7207556,1.117597,0.,             283P   3322
0.721589,1.119496,0.,0.7224165,1.1214,0.,0.7232469,1.123301,0.,      283P   3323
0.7241486,1.125767,0.,0.7250467,1.128234,0.,0.7259521,1.130699,      283P   3324
0.,0.7279841,1.136924,0.,0.7298845,1.143193,0.,0.7331975,            283P   3325
1.154729,0.,0.7346962,1.159973,0.,0.7401701,1.179724,0.,             283P   3326
0.7444261,1.194152,0.,0.7485381,1.20862,0.,0.7525708,1.223894,       283P   3327
0.,0.7566036,1.239169,0.,0.7606363,1.254443,0.,0.7630744,            283P   3328
1.264563,0.,0.7655267,1.27468,0.,0.7679506,1.284803,0.,              283P   3329
0.7723838,1.305031,0.,0.776595,1.325304,0.,0.7805654,1.345628,       283P   3330
0.,0.7821321,1.354017,0.,0.783653,1.362415,0.,0.7852066,             283P   3331
1.370807,0.,0.7862661,1.377527,0.,0.7873257,1.384247,0.,             283P   3332
0.7883852,1.390967,0.,0.7892681,1.397706,0.,0.790151,1.404445,       283P   3333
0.,0.7910339,1.411184,0.,0.7917428,1.417978,0.,0.7924516,            283P   3334
1.424773,0.,0.7931605,1.431567,0.,0.7936847,1.438419,0.,             283P   3335
0.7942088,1.44527,0.,0.794733,1.452122,0.,0.7950734,1.459127,0.,     283P   3336
0.7954139,1.466131,0.,0.7957543,1.473136,0.,0.7959094,1.480291,      283P   3337
0.,0.7960645,1.487446,0.,0.7962196,1.494601,0.,0.7961792,            283P   3338
1.501648,0.,0.7961388,1.508695,0.,0.7960984,1.515742,0.,             283P   3339
0.7958634,1.522679,0.,0.7956283,1.529617,0.,0.7953933,1.536554,      283P   3340
0.,0.7951789,1.539999,0.,0.7949646,1.543445,0.,0.7947502,            283P   3341
1.54689,0.,0.,65.00540006,0.,0.,1.;                                  283P   3342
126,169,3,1,0,1,0,0.,0.,0.,0.,1.,1.,1.,2.,2.,2.,3.,3.,3.,4.,4.,      285P   3343
4.,5.,5.,5.,6.,6.,6.,7.,7.,7.,8.,8.,8.,9.,9.,9.,10.,10.,             285P   3344
10.52408059,10.52408059,10.78008034,10.78008034,10.78008034,         285P   3345
11.78008034,11.78008034,11.78008034,12.78008034,12.78008034,         285P   3346
12.78008034,13.78008034,13.78008034,14.93467059,14.93467059,         285P   3347
14.93467059,15.93467059,15.93467059,17.41281109,17.41281109,         285P   3348
17.41281109,18.41281109,18.41281109,18.41281109,19.41281109,         285P   3349
19.41281109,19.41281109,20.41281109,20.41281109,20.41281109,         285P   3350
21.41281109,21.41281109,21.41281109,22.41281109,22.41281109,         285P   3351
22.41281109,23.41281109,23.41281109,23.41281109,24.41281109,         285P   3352
24.41281109,24.41281109,25.41281109,25.41281109,25.41281109,         285P   3353
26.41281109,26.41281109,26.41281109,27.41281109,27.41281109,         285P   3354
27.41281109,28.41281109,28.41281109,28.41281109,29.41281109,         285P   3355
29.41281109,29.41281109,30.41281109,30.41281109,31.29314466,         285P   3356
31.29314466,31.29314466,32.29314466,32.29314466,32.29314466,         285P   3357
33.29314466,33.29314466,33.56703334,33.56703334,34.44828935,         285P   3358
34.44828935,38.29443054,38.29443054,38.29443054,39.29443054,         285P   3359
39.29443054,39.29443054,40.29443054,40.29443054,40.29443054,         285P   3360
41.29443054,41.29443054,41.29443054,42.29443054,42.29443054,         285P   3361
42.29443054,43.29443054,43.29443054,43.29443054,44.29443054,         285P   3362
44.29443054,45.31346864,45.31346864,46.10575226,46.10575226,         285P   3363
46.87127171,46.87127171,46.87127171,47.87127171,47.87127171,         285P   3364
47.87127171,48.87127171,48.87127171,48.87127171,49.87127171,         285P   3365
49.87127171,49.87127171,50.87127171,50.87127171,50.87127171,         285P   3366
51.87127171,51.87127171,51.87127171,52.87127171,52.87127171,         285P   3367
52.87127171,53.87127171,53.87127171,53.87127171,54.87127171,         285P   3368
54.87127171,54.87127171,55.87127171,55.87127171,55.87127171,         285P   3369
56.87127171,56.87127171,56.87127171,57.87127171,57.87127171,         285P   3370
57.87127171,58.87127171,58.87127171,58.87127171,59.87127171,         285P   3371
59.87127171,59.87127171,60.87127171,60.87127171,60.87127171,         285P   3372
60.87127171,1.,1.,1.,1.,1.,1.,1.,1.,1.,1.,1.,1.,1.,1.,1.,1.,1.,      285P   3373
1.,1.,1.,1.,1.,1.,1.,1.,1.,1.,1.,1.,1.,1.,1.,1.,1.,1.,1.,1.,1.,      285P   3374
1.,1.,1.,1.,1.,1.,1.,1.,1.,1.,1.,1.,1.,1.,1.,1.,1.,1.,1.,1.,1.,      285P   3375
1.,1.,1.,1.,1.,1.,1.,1.,1.,1.,1.,1.,1.,1.,1.,1.,1.,1.,1.,1.,1.,      285P   3376
1.,1.,1.,1.,1.,1.,1.,1.,1.,1.,1.,1.,1.,1.,1.,1.,1.,1.,1.,1.,1.,      285P   3377
1.,1.,1.,1.,1.,1.,1.,1.,1.,1.,1.,1.,1.,1.,1.,1.,1.,1.,1.,1.,1.,      285P   3378
1.,1.,1.,1.,1.,1.,1.,1.,1.,1.,1.,1.,1.,1.,1.,1.,1.,1.,1.,1.,1.,      285P   3379
1.,1.,1.,1.,1.,1.,1.,1.,1.,1.,1.,1.,1.,1.,1.,1.,1.,1.,1.,1.,1.,      285P   3380
1.,1.,1.,1.,1.,1.,0.7947502,1.54689,0.,0.7945338,1.550368,0.,        285P   3381
0.7943174,1.553846,0.,0.794101,1.557324,0.,0.7934937,1.564141,       285P   3382
0.,0.7928863,1.570957,0.,0.792279,1.577774,0.,0.7914965,             285P   3383
1.584483,0.,0.7907141,1.591192,0.,0.7899316,1.597901,0.,             285P   3384
0.7887378,1.606295,0.,0.7875439,1.614689,0.,0.7863501,1.623083,      285P   3385
0.,0.7846333,1.633033,0.,0.7829166,1.642983,0.,0.7811998,            285P   3386
1.652933,0.,0.7792089,1.66285,0.,0.7772181,1.672767,0.,              285P   3387
0.7752272,1.682684,0.,0.7730172,1.692508,0.,0.7708072,1.702331,      285P   3388
0.,0.7685972,1.712155,0.,0.7649539,1.726939,0.,0.7613107,            285P   3389
1.741722,0.,0.7576674,1.756506,0.,0.7526276,1.775425,0.,             285P   3390
0.7475877,1.794344,0.,0.7425479,1.813263,0.,0.7390502,1.825196,      285P   3391
0.,0.7355068,1.837117,0.,0.730244,1.855324,0.,0.7284254,             285P   3392
1.861583,0.,0.7255212,1.870839,0.,0.7244865,1.873852,0.,             285P   3393
0.7232713,1.876796,0.,0.722469,1.878452,0.,0.7216675,1.880108,       285P   3394
0.,0.7208657,1.881763,0.,0.7198978,1.883452,0.,0.7189182,            285P   3395
1.885132,0.,0.7179622,1.886828,0.,0.7136009,1.893537,0.,             285P   3396
0.7086679,1.899848,0.,0.6976963,1.913137,0.,0.6918467,1.920283,      285P   3397
0.,0.6859826,1.927417,0.,0.6804587,1.93488,0.,0.674878,1.9423,       285P   3398
0.,0.6612286,1.960822,0.,0.6528705,1.971708,0.,0.6445943,            285P   3399
1.982655,0.,0.6418193,1.987326,0.,0.6390445,1.991997,0.,             285P   3400
0.6362696,1.996668,0.,0.6334476,1.999375,0.,0.6306255,2.002082,      285P   3401
0.,0.6278031,2.004788,0.,0.6220751,2.009548,0.,0.6163472,            285P   3402
2.014307,0.,0.6106193,2.019067,0.,0.6025019,2.02623,0.,              285P   3403
0.5943845,2.033394,0.,0.5862671,2.040557,0.,0.5787387,2.048092,      285P   3404
0.,0.5712103,2.055627,0.,0.5636819,2.063162,0.,0.5556496,            285P   3405
2.07076,0.,0.5476175,2.078359,0.,0.5395846,2.085957,0.,0.534496,     285P   3406
2.091718,0.,0.5292675,2.097357,0.,0.524276,2.103204,0.,              285P   3407
0.5198125,2.1079,0.,0.5153238,2.112581,0.,0.5105564,2.116973,0.,     285P   3408
0.5093666,2.117956,0.,0.5081773,2.11894,0.,0.5069878,2.119924,       285P   3409
0.,0.5058968,2.120677,0.,0.5048057,2.12143,0.,0.5037147,             285P   3410
2.122183,0.,0.5024739,2.122835,0.,0.5012331,2.123488,0.,             285P   3411
0.4999923,2.12414,0.,0.4984769,2.124659,0.,0.4969618,2.125188,       285P   3412
0.,0.495446,2.125697,0.,0.4930059,2.126195,0.,0.4905839,             285P   3413
2.126566,0.,0.4858994,2.126587,0.,0.4837714,2.126217,0.,             285P   3414
0.4816077,2.12587,0.,0.4804761,2.125435,0.,0.4793506,2.124975,       285P   3415
0.,0.4782121,2.12454,0.,0.4749386,2.121977,0.,0.4716081,             285P   3416
2.119485,0.,0.4674732,2.11618,0.,0.4666737,2.115361,0.,              285P   3417
0.4631539,2.112098,0.,0.4606293,2.109441,0.,0.4470401,2.095259,      285P   3418
0.,0.4365113,2.083229,0.,0.4258867,2.071296,0.,0.4195386,            285P   3419
2.063339,0.,0.4131974,2.055375,0.,0.4068547,2.047413,0.,             285P   3420
0.3953027,2.033996,0.,0.3837428,2.020586,0.,0.3724658,2.006936,      285P   3421
0.,0.3701872,2.004677,0.,0.3679347,2.002396,0.,0.3656691,            285P   3422
2.000126,0.,0.3633571,1.994775,0.,0.3610451,1.989423,0.,             285P   3423
0.3587331,1.984072,0.,0.3540923,1.975589,0.,0.3494517,1.967105,      285P   3424
0.,0.3448107,1.958622,0.,0.3390667,1.947815,0.,0.3332998,            285P   3425
1.93702,0.,0.3217105,1.915195,0.,0.3157458,1.904242,0.,              285P   3426
0.3052639,1.884708,0.,0.3006575,1.876176,0.,0.2914241,1.859494,      285P   3427
0.,0.2869503,1.851262,0.,0.2824252,1.843058,0.,0.2759605,            285P   3428
1.830162,0.,0.2694925,1.817268,0.,0.2630265,1.804372,0.,             285P   3429
0.2566439,1.792094,0.,0.2502614,1.779816,0.,0.2438789,1.767538,      285P   3430
0.,0.2379004,1.754656,0.,0.2319218,1.741774,0.,0.2259433,            285P   3431
1.728892,0.,0.2202918,1.715173,0.,0.2146404,1.701453,0.,             285P   3432
0.2089889,1.687734,0.,0.2051735,1.677398,0.,0.201358,1.667062,       285P   3433
0.,0.1975426,1.656726,0.,0.1952567,1.649735,0.,0.1929707,            285P   3434
1.642745,0.,0.1906848,1.635754,0.,0.1886621,1.628566,0.,             285P   3435
0.1866396,1.621377,0.,0.1846168,1.614189,0.,0.1829324,1.606889,      285P   3436
0.,0.1812433,1.59959,0.,0.1795622,1.59229,0.,0.1773471,1.580296,     285P   3437
0.,0.1750973,1.568305,0.,0.1733857,1.556227,0.,0.1730209,            285P   3438
1.553476,0.,0.1726616,1.550725,0.,0.1722995,1.547974,0.,             285P   3439
0.1719171,1.544298,0.,0.1715347,1.540622,0.,0.1711523,1.536946,      285P   3440
0.,0.1708032,1.532046,0.,0.170454,1.527145,0.,0.1701049,             285P   3441
1.522245,0.,0.169966,1.518526,0.,0.1698316,1.514808,0.,              285P   3442
0.1696881,1.511089,0.,0.1695313,1.499156,0.,0.1700129,1.487224,      285P   3443
0.,0.170738,1.475315,0.,0.,60.87127171,0.,0.,1.;                     285P   3444
510,289,1,1,291;                                                     287P   3445
128,2,6,2,2,0,0,0,0,0,0.,0.,0.,1.,1.,1.,0.,0.,0.,1.,1.,2.,2.,3.,     289P   3446
3.,3.,1.,0.9572004,1.,1.,0.9572004,1.,1.,0.9572004,1.,0.4226183,     289P   3447
0.4045304,0.4226183,1.,0.9572004,1.,1.,0.9572004,1.,1.,              289P   3448
0.9572004,1.,-2.613508,-60.98085,-25.60267,4.03385,-40.52237,        289P   3449
-48.73544,13.52832,-11.30139,-56.0737,-5.350916,-50.38661,           289P   3450
-17.01979,0.4944872,-32.39628,-37.36175,8.843518,-6.700599,          289P   3451
-43.81475,-8.088351,-39.79235,-8.436915,-3.044901,-24.27021,         289P   3452
-25.98809,4.158717,-2.099806,-31.55577,-10.23275,-31.49316,          289P   3453
-1.713363,-5.817514,-17.90449,-17.07831,0.4887722,1.504309,          289P   3454
-21.95246,-16.84575,-36.94692,-8.436915,-11.80231,-21.42475,         289P   3455
-25.98809,-4.598695,0.7456495,-31.55577,-25.28751,-43.90883,         289P   3456
-17.01979,-19.4421,-25.91849,-37.36175,-11.09307,-0.222809,          289P   3457
-43.81475,-33.72927,-50.87074,-25.60267,-27.08191,-30.41226,         289P   3458
-48.73544,-17.58744,-1.191268,-56.0737,0.,1.,0.,3.;                  289P   3459
508,2,0,5,29,1,1,0,293,0,5,24,0,1,0,295;                             291P   3460
126,187,3,1,0,1,0,0.,0.,0.,0.,1.,1.,1.,2.,2.,2.,3.,3.,3.,4.,4.,      293P   3461
4.,5.,5.,5.,6.,6.,6.,7.,7.,7.,8.,8.,8.584841291,8.584841291,         293P   3462
9.35378622,9.35378622,10.14580805,10.14580805,10.14580805,           293P   3463
11.14580805,11.14580805,11.14580805,12.14580805,12.14580805,         293P   3464
12.14580805,13.14580805,13.14580805,13.14580805,14.14580805,         293P   3465
14.14580805,14.14580805,15.14580805,15.14580805,15.14580805,         293P   3466
16.14580805,16.14580805,16.14580805,17.14580805,17.14580805,         293P   3467
17.14580805,18.14580805,18.14580805,18.14580805,19.14580805,         293P   3468
19.14580805,19.14580805,20.14580805,20.14580805,20.14580805,         293P   3469
21.14580805,21.14580805,21.14580805,22.14580805,22.14580805,         293P   3470
22.14580805,23.14580805,23.14580805,23.14580805,24.14580805,         293P   3471
24.14580805,24.14580805,25.14580805,25.14580805,25.14580805,         293P   3472
26.14580805,26.14580805,26.14580805,27.14580805,27.14580805,         293P   3473
27.14580805,28.14580805,28.14580805,28.14580805,29.14580805,         293P   3474
29.14580805,29.14580805,30.14580805,30.14580805,30.14580805,         293P   3475
31.14580805,31.14580805,31.14580805,32.14580805,32.14580805,         293P   3476
32.14580805,33.14580805,33.14580805,33.14580805,34.14580805,         293P   3477
34.14580805,34.14580805,35.14580805,35.14580805,35.14580805,         293P   3478
36.14580805,36.14580805,36.14580805,37.14580805,37.14580805,         293P   3479
37.14580805,38.14580805,38.14580805,38.14580805,39.14580805,         293P   3480
39.14580805,39.14580805,40.14580805,40.14580805,40.14580805,         293P   3481
41.14580805,41.14580805,41.14580805,42.14580805,42.14580805,         293P   3482
43.46757211,43.46757211,43.46757211,44.46757211,44.46757211,         293P   3483
45.38006308,45.38006308,45.6235983,45.6235983,45.6235983,            293P   3484
46.6235983,46.6235983,46.6235983,47.6235983,47.6235983,              293P   3485
47.6235983,48.6235983,48.6235983,49.45642181,49.45642181,            293P   3486
51.75327139,51.75327139,51.75327139,52.75327139,52.75327139,         293P   3487
52.75327139,53.75327139,53.75327139,53.75327139,54.75327139,         293P   3488
54.75327139,54.75327139,55.75327139,55.75327139,55.75327139,         293P   3489
56.75327139,56.75327139,56.75327139,57.75327139,57.75327139,         293P   3490
57.75327139,58.75327139,58.75327139,58.75327139,59.75327139,         293P   3491
59.75327139,59.75327139,60.75327139,60.75327139,60.75327139,         293P   3492
61.75327139,61.75327139,61.75327139,62.75327139,62.75327139,         293P   3493
62.75327139,63.75327139,63.75327139,63.75327139,64.75327139,         293P   3494
64.75327139,64.75327139,64.75327139,1.,1.,1.,1.,1.,1.,1.,1.,1.,      293P   3495
1.,1.,1.,1.,1.,1.,1.,1.,1.,1.,1.,1.,1.,1.,1.,1.,1.,1.,1.,1.,1.,      293P   3496
1.,1.,1.,1.,1.,1.,1.,1.,1.,1.,1.,1.,1.,1.,1.,1.,1.,1.,1.,1.,1.,      293P   3497
1.,1.,1.,1.,1.,1.,1.,1.,1.,1.,1.,1.,1.,1.,1.,1.,1.,1.,1.,1.,1.,      293P   3498
1.,1.,1.,1.,1.,1.,1.,1.,1.,1.,1.,1.,1.,1.,1.,1.,1.,1.,1.,1.,1.,      293P   3499
1.,1.,1.,1.,1.,1.,1.,1.,1.,1.,1.,1.,1.,1.,1.,1.,1.,1.,1.,1.,1.,      293P   3500
1.,1.,1.,1.,1.,1.,1.,1.,1.,1.,1.,1.,1.,1.,1.,1.,1.,1.,1.,1.,1.,      293P   3501
1.,1.,1.,1.,1.,1.,1.,1.,1.,1.,1.,1.,1.,1.,1.,1.,1.,1.,1.,1.,1.,      293P   3502
1.,1.,1.,1.,1.,1.,1.,1.,1.,1.,1.,1.,1.,1.,1.,1.,1.,1.,1.,1.,1.,      293P   3503
1.,1.,1.,1.,1.,1.,1.,1.,1.,1.,1.,0.170738,1.475315,0.,0.170901,      293P   3504
1.472576,0.,0.171064,1.469837,0.,0.171227,1.467098,0.,0.171731,      293P   3505
1.461713,0.,0.1722351,1.456327,0.,0.1727391,1.450942,0.,             293P   3506
0.1734236,1.445691,0.,0.1741081,1.440441,0.,0.1747926,1.43519,       293P   3507
0.,0.1758711,1.428711,0.,0.1769497,1.422233,0.,0.1780282,            293P   3508
1.415754,0.,0.1796415,1.408239,0.,0.1812547,1.400724,0.,             293P   3509
0.182868,1.393209,0.,0.1847983,1.385917,0.,0.1867286,1.378625,       293P   3510
0.,0.1886589,1.371333,0.,0.1908453,1.364294,0.,0.1930304,            293P   3511
1.357255,0.,0.1952177,1.350217,0.,0.1981886,1.341658,0.,             293P   3512
0.2013878,1.333185,0.,0.2060087,1.319588,0.,0.2080921,1.314715,      293P   3513
0.,0.212771,1.303384,0.,0.2153385,1.296911,0.,0.2207655,             293P   3514
1.283859,0.,0.2236856,1.277306,0.,0.2264373,1.270683,0.,             293P   3515
0.2309106,1.260676,0.,0.2353827,1.25067,0.,0.2398554,1.240663,       293P   3516
0.,0.252732,1.215424,0.,0.2655969,1.190178,0.,0.2785066,             293P   3517
1.164956,0.,0.2918376,1.139919,0.,0.3053974,1.115006,0.,             293P   3518
0.3191903,1.09022,0.,0.3260649,1.077061,0.,0.3329808,1.063924,       293P   3519
0.,0.3398693,1.050773,0.,0.3450865,1.041199,0.,0.3503037,            293P   3520
1.031625,0.,0.3555206,1.022051,0.,0.3589964,1.014349,0.,             293P   3521
0.3624634,1.006644,0.,0.3659432,0.9989438,0.,0.3711537,0.993572,     293P   3522
0.,0.3763615,0.988199,0.,0.3815702,0.9828264,0.,0.3887782,           293P   3523
0.9746928,0.,0.3959862,0.9665591,0.,0.4031942,0.9584255,0.,          293P   3524
0.4098034,0.950459,0.,0.4164126,0.9424926,0.,0.4230218,              293P   3525
0.9345261,0.,0.4299579,0.9269676,0.,0.4368943,0.9194095,0.,          293P   3526
0.4438301,0.9118507,0.,0.4517545,0.9035418,0.,0.4596435,             293P   3527
0.895199,0.,0.4676171,0.8869371,0.,0.4685806,0.8856723,0.,           293P   3528
0.4695003,0.8843747,0.,0.4704422,0.8830936,0.,0.4714518,             293P   3529
0.8820069,0.,0.4724614,0.8809203,0.,0.473471,0.8798336,0.,           293P   3530
0.4747836,0.8789808,0.,0.4760962,0.878128,0.,0.4774088,              293P   3531
0.8772752,0.,0.4788357,0.8766286,0.,0.4802627,0.8759821,0.,          293P   3532
0.4816896,0.8753355,0.,0.4832084,0.8748996,0.,0.4847271,             293P   3533
0.8744637,0.,0.4862459,0.8740278,0.,0.4877634,0.873824,0.,           293P   3534
0.489281,0.8736201,0.,0.4907985,0.8734163,0.,0.4923148,              293P   3535
0.8734445,0.,0.4938312,0.8734728,0.,0.4953475,0.873501,0.,           293P   3536
0.4968328,0.8737624,0.,0.4983182,0.8740238,0.,0.4998035,             293P   3537
0.8742852,0.,0.5012579,0.8747797,0.,0.5027122,0.8752743,0.,          293P   3538
0.5041666,0.8757688,0.,0.5055782,0.8765178,0.,0.5069893,             293P   3539
0.8772686,0.,0.5084013,0.8780159,0.,0.5127353,0.8808813,0.,          293P   3540
0.5162302,0.8847739,0.,0.5197283,0.8885603,0.,0.5203781,             293P   3541
0.8894242,0.,0.5210302,0.890283,0.,0.5216812,0.8911443,0.,           293P   3542
0.5227509,0.8927383,0.,0.5238207,0.8943324,0.,0.5248904,             293P   3543
0.8959264,0.,0.526934,0.898226,0.,0.5289776,0.9005255,0.,            293P   3544
0.5310212,0.9028251,0.,0.5334365,0.9052269,0.,0.5358518,             293P   3545
0.9076287,0.,0.5382671,0.9100305,0.,0.5435387,0.9150981,0.,          293P   3546
0.5488102,0.9201658,0.,0.5540818,0.9252334,0.,0.5617761,             293P   3547
0.9330441,0.,0.5694705,0.9408547,0.,0.5771648,0.9486654,0.,          293P   3548
0.5847899,0.9559819,0.,0.5924151,0.9632983,0.,0.6000402,             293P   3549
0.9706148,0.,0.6060213,0.9761716,0.,0.6120024,0.9817284,0.,          293P   3550
0.6179835,0.9872852,0.,0.621992,0.9904165,0.,0.6260063,              293P   3551
0.9935434,0.,0.6300089,0.996679,0.,0.6361637,1.00508,0.,             293P   3552
0.6422023,1.013567,0.,0.6565341,1.033043,0.,0.6648073,1.044046,      293P   3553
0.,0.672986,1.055119,0.,0.6804879,1.064701,0.,0.6879899,             293P   3554
1.074282,0.,0.7023372,1.092607,0.,0.7097651,1.100893,0.,             293P   3555
0.7177927,1.112464,0.,0.7193567,1.114977,0.,0.7207565,1.117596,      293P   3556
0.,0.7215883,1.119496,0.,0.7224168,1.121399,0.,0.7232469,            293P   3557
1.123301,0.,0.7241486,1.125767,0.,0.7250467,1.128234,0.,             293P   3558
0.7259521,1.130699,0.,0.7279841,1.136924,0.,0.7298845,1.143193,      293P   3559
0.,0.7331975,1.154729,0.,0.7346962,1.159973,0.,0.7401701,            293P   3560
1.179724,0.,0.7444261,1.194152,0.,0.7485381,1.20862,0.,              293P   3561
0.7525708,1.223894,0.,0.7566036,1.239169,0.,0.7606363,1.254443,      293P   3562
0.,0.7630744,1.264563,0.,0.7655267,1.27468,0.,0.7679506,             293P   3563
1.284803,0.,0.7723838,1.305031,0.,0.776595,1.325304,0.,              293P   3564
0.7805654,1.345628,0.,0.7821321,1.354017,0.,0.783653,1.362415,       293P   3565
0.,0.7852066,1.370807,0.,0.7862661,1.377527,0.,0.7873257,            293P   3566
1.384247,0.,0.7883852,1.390967,0.,0.7892681,1.397706,0.,             293P   3567
0.790151,1.404445,0.,0.7910339,1.411184,0.,0.7917428,1.417978,       293P   3568
0.,0.7924516,1.424773,0.,0.7931605,1.431567,0.,0.7936847,            293P   3569
1.438419,0.,0.7942088,1.44527,0.,0.794733,1.452122,0.,0.7950734,     293P   3570
1.459127,0.,0.7954139,1.466131,0.,0.7957543,1.473136,0.,             293P   3571
0.7959094,1.480291,0.,0.7960645,1.487446,0.,0.7962196,1.494601,      293P   3572
0.,0.7961792,1.501648,0.,0.7961388,1.508695,0.,0.7960984,            293P   3573
1.515742,0.,0.7958634,1.522679,0.,0.7956283,1.529617,0.,             293P   3574
0.7953933,1.536554,0.,0.7951789,1.539999,0.,0.7949646,1.543445,      293P   3575
0.,0.7947502,1.54689,0.,0.,64.75327139,0.,0.,1.;                     293P   3576
126,170,3,1,0,1,0,0.,0.,0.,0.,1.,1.,1.,2.,2.,2.,3.,3.,3.,4.,4.,      295P   3577
4.,5.,5.,5.,6.,6.,6.,7.,7.,7.,8.,8.,8.,9.,9.,9.,10.,10.,             295P   3578
10.52408059,10.52408059,10.78008034,10.78008034,10.78008034,         295P   3579
11.78008034,11.78008034,11.78008034,12.78008034,12.78008034,         295P   3580
12.78008034,13.78008034,13.78008034,14.93467059,14.93467059,         295P   3581
14.93467059,15.93467059,15.93467059,17.41281109,17.41281109,         295P   3582
17.41281109,18.41281109,18.41281109,18.41281109,19.41281109,         295P   3583
19.41281109,19.41281109,20.41281109,20.41281109,20.41281109,         295P   3584
21.41281109,21.41281109,21.41281109,22.41281109,22.41281109,         295P   3585
22.41281109,23.41281109,23.41281109,23.41281109,24.41281109,         295P   3586
24.41281109,24.41281109,25.41281109,25.41281109,25.41281109,         295P   3587
26.41281109,26.41281109,26.41281109,27.41281109,27.41281109,         295P   3588
27.41281109,28.41281109,28.41281109,28.41281109,29.41281109,         295P   3589
29.41281109,29.41281109,30.41281109,30.41281109,30.41281109,         295P   3590
31.41281109,31.41281109,31.41281109,32.41281109,32.41281109,         295P   3591
32.41281109,33.41281109,33.41281109,34.28922059,34.28922059,         295P   3592
35.34980931,35.34980931,39.42699583,39.42699583,39.42699583,         295P   3593
40.42699583,40.42699583,40.42699583,41.42699583,41.42699583,         295P   3594
41.42699583,42.42699583,42.42699583,42.42699583,43.42699583,         295P   3595
43.42699583,43.42699583,44.42699583,44.42699583,44.42699583,         295P   3596
45.42699583,45.42699583,46.6963912,46.6963912,47.94114297,           295P   3597
47.94114297,48.89803449,48.89803449,48.89803449,49.89803449,         295P   3598
49.89803449,49.89803449,50.89803449,50.89803449,50.89803449,         295P   3599
51.89803449,51.89803449,51.89803449,52.89803449,52.89803449,         295P   3600
52.89803449,53.89803449,53.89803449,53.89803449,54.89803449,         295P   3601
54.89803449,54.89803449,55.89803449,55.89803449,55.89803449,         295P   3602
56.89803449,56.89803449,56.89803449,57.89803449,57.89803449,         295P   3603
57.89803449,58.89803449,58.89803449,58.89803449,59.89803449,         295P   3604
59.89803449,59.89803449,60.89803449,60.89803449,60.89803449,         295P   3605
61.89803449,61.89803449,61.89803449,62.89803449,62.89803449,         295P   3606
62.89803449,62.89803449,1.,1.,1.,1.,1.,1.,1.,1.,1.,1.,1.,1.,1.,      295P   3607
1.,1.,1.,1.,1.,1.,1.,1.,1.,1.,1.,1.,1.,1.,1.,1.,1.,1.,1.,1.,1.,      295P   3608
1.,1.,1.,1.,1.,1.,1.,1.,1.,1.,1.,1.,1.,1.,1.,1.,1.,1.,1.,1.,1.,      295P   3609
1.,1.,1.,1.,1.,1.,1.,1.,1.,1.,1.,1.,1.,1.,1.,1.,1.,1.,1.,1.,1.,      295P   3610
1.,1.,1.,1.,1.,1.,1.,1.,1.,1.,1.,1.,1.,1.,1.,1.,1.,1.,1.,1.,1.,      295P   3611
1.,1.,1.,1.,1.,1.,1.,1.,1.,1.,1.,1.,1.,1.,1.,1.,1.,1.,1.,1.,1.,      295P   3612
1.,1.,1.,1.,1.,1.,1.,1.,1.,1.,1.,1.,1.,1.,1.,1.,1.,1.,1.,1.,1.,      295P   3613
1.,1.,1.,1.,1.,1.,1.,1.,1.,1.,1.,1.,1.,1.,1.,1.,1.,1.,1.,1.,1.,      295P   3614
1.,1.,1.,1.,1.,1.,1.,1.,1.,1.,1.,0.7947502,1.54689,0.,0.7945338,     295P   3615
1.550368,0.,0.7943174,1.553846,0.,0.794101,1.557324,0.,              295P   3616
0.7934937,1.564141,0.,0.7928863,1.570957,0.,0.792279,1.577774,       295P   3617
0.,0.7914965,1.584483,0.,0.7907141,1.591192,0.,0.7899316,            295P   3618
1.597901,0.,0.7887378,1.606295,0.,0.7875439,1.614689,0.,             295P   3619
0.7863501,1.623083,0.,0.7846333,1.633033,0.,0.7829166,1.642983,      295P   3620
0.,0.7811998,1.652933,0.,0.7792089,1.66285,0.,0.7772181,             295P   3621
1.672767,0.,0.7752272,1.682684,0.,0.7730172,1.692508,0.,             295P   3622
0.7708072,1.702331,0.,0.7685972,1.712155,0.,0.7649539,1.726939,      295P   3623
0.,0.7613107,1.741722,0.,0.7576674,1.756506,0.,0.7526276,            295P   3624
1.775425,0.,0.7475877,1.794344,0.,0.7425479,1.813263,0.,             295P   3625
0.7390502,1.825196,0.,0.7355068,1.837117,0.,0.730244,1.855324,       295P   3626
0.,0.7284254,1.861583,0.,0.7255212,1.870839,0.,0.7244865,            295P   3627
1.873852,0.,0.7232713,1.876796,0.,0.72247,1.87845,0.,0.7216696,      295P   3628
1.880104,0.,0.7208687,1.881758,0.,0.7198999,1.883448,0.,             295P   3629
0.7189192,1.88513,0.,0.7179622,1.886828,0.,0.7136009,1.893537,       295P   3630
0.,0.7086679,1.899848,0.,0.6976963,1.913137,0.,0.6918467,            295P   3631
1.920283,0.,0.6859826,1.927417,0.,0.6804587,1.93488,0.,0.674878,     295P   3632
1.9423,0.,0.6612286,1.960822,0.,0.6528705,1.971708,0.,0.6445943,     295P   3633
1.982655,0.,0.6418193,1.987326,0.,0.6390445,1.991997,0.,             295P   3634
0.6362696,1.996668,0.,0.6334476,1.999375,0.,0.6306255,2.002082,      295P   3635
0.,0.6278031,2.004788,0.,0.6220751,2.009548,0.,0.6163472,            295P   3636
2.014307,0.,0.6106193,2.019067,0.,0.6025019,2.02623,0.,              295P   3637
0.5943845,2.033394,0.,0.5862671,2.040557,0.,0.5787387,2.048092,      295P   3638
0.,0.5712103,2.055627,0.,0.5636819,2.063162,0.,0.5556496,            295P   3639
2.07076,0.,0.5476175,2.078359,0.,0.5395846,2.085957,0.,0.534496,     295P   3640
2.091718,0.,0.5292675,2.097357,0.,0.524276,2.103204,0.,              295P   3641
0.5198125,2.1079,0.,0.5153238,2.112581,0.,0.5105564,2.116973,0.,     295P   3642
0.5093666,2.117956,0.,0.5081773,2.11894,0.,0.5069878,2.119924,       295P   3643
0.,0.5058968,2.120677,0.,0.5048057,2.12143,0.,0.5037147,             295P   3644
2.122183,0.,0.5024739,2.122835,0.,0.5012331,2.123488,0.,             295P   3645
0.4999923,2.12414,0.,0.4984766,2.124658,0.,0.4969624,2.125192,       295P   3646
0.,0.4954452,2.125693,0.,0.4924025,2.12638,0.,0.4893244,             295P   3647
2.126675,0.,0.4862064,2.126527,0.,0.4846756,2.126333,0.,             295P   3648
0.4831407,2.126093,0.,0.4816079,2.125876,0.,0.4804769,2.125429,      295P   3649
0.,0.4793483,2.12498,0.,0.478215,2.124536,0.,0.4753614,2.122408,     295P   3650
0.,0.4726257,2.120135,0.,0.4672609,2.116156,0.,0.465105,             295P   3651
2.113872,0.,0.460172,2.109075,0.,0.4576296,2.106282,0.,              295P   3652
0.4450368,2.093058,0.,0.4355504,2.082091,0.,0.4258852,2.071298,      295P   3653
0.,0.4195406,2.063337,0.,0.413196,2.055377,0.,0.4068547,             295P   3654
2.047413,0.,0.3953027,2.033996,0.,0.3837428,2.020586,0.,             295P   3655
0.3724658,2.006936,0.,0.3701872,2.004677,0.,0.3679347,2.002396,      295P   3656
0.,0.3656691,2.000126,0.,0.3633571,1.994775,0.,0.3610451,            295P   3657
1.989423,0.,0.3587331,1.984072,0.,0.3540922,1.975589,0.,             295P   3658
0.3494517,1.967105,0.,0.3448107,1.958622,0.,0.3402268,1.94997,       295P   3659
0.,0.3355942,1.941344,0.,0.3251891,1.921711,0.,0.3192891,            295P   3660
1.910772,0.,0.3076067,1.889105,0.,0.3018739,1.878349,0.,             295P   3661
0.2914189,1.859497,0.,0.2869541,1.85126,0.,0.2824249,1.843059,       295P   3662
0.,0.2759604,1.830162,0.,0.2694927,1.817268,0.,0.2630265,            295P   3663
1.804372,0.,0.256644,1.792094,0.,0.2502614,1.779816,0.,              295P   3664
0.2438789,1.767538,0.,0.2379004,1.754656,0.,0.2319218,1.741774,      295P   3665
0.,0.2259433,1.728892,0.,0.2202918,1.715173,0.,0.2146404,            295P   3666
1.701453,0.,0.2089889,1.687734,0.,0.2051735,1.677398,0.,             295P   3667
0.201358,1.667062,0.,0.1975426,1.656726,0.,0.1952567,1.649735,       295P   3668
0.,0.1929707,1.642745,0.,0.1906848,1.635754,0.,0.1886621,            295P   3669
1.628566,0.,0.1866396,1.621377,0.,0.1846168,1.614189,0.,             295P   3670
0.1829324,1.606889,0.,0.1812433,1.59959,0.,0.1795622,1.59229,0.,     295P   3671
0.1773471,1.580296,0.,0.1750973,1.568305,0.,0.1733857,1.556227,      295P   3672
0.,0.1730209,1.553476,0.,0.1726616,1.550725,0.,0.1722995,            295P   3673
1.547974,0.,0.1719171,1.544298,0.,0.1715347,1.540622,0.,             295P   3674
0.1711523,1.536946,0.,0.1708032,1.532046,0.,0.170454,1.527145,       295P   3675
0.,0.1701049,1.522245,0.,0.1699659,1.518526,0.,0.1698317,            295P   3676
1.514808,0.,0.1696879,1.511089,0.,0.1695354,1.499156,0.,             295P   3677
0.1700098,1.487224,0.,0.170738,1.475315,0.,0.,62.89803449,0.,0.,     295P   3678
1.;                                                                  295P   3679
510,299,1,1,301;                                                     297P   3680
128,41,2,2,2,0,0,0,0,0,39.,39.,40.,41.,42.,43.,44.,45.,46.,47.,      299P   3681
48.,49.,50.,51.,52.,53.,54.,55.,56.,57.,58.,59.,60.,61.,62.,63.,     299P   3682
64.,65.,66.,67.,68.,69.,70.,71.,72.,73.,74.,75.,76.,77.,78.,79.,     299P   3683
80.,80.,80.,0.,0.,0.,1.,1.,1.,1.,1.,1.,1.,1.,1.,1.,1.,1.,1.,1.,      299P   3684
1.,1.,1.,1.,1.,1.,1.,1.,1.,1.,1.,1.,1.,1.,1.,1.,1.,1.,1.,1.,1.,      299P   3685
1.,1.,1.,1.,1.,1.,1.,1.,1.,1.,0.9573942,0.954724,0.9485301,          299P   3686
0.9399239,0.9284429,0.9153388,0.9026105,0.8953575,0.8794615,         299P   3687
0.8633529,0.84942,0.8308826,0.8282408,0.8236051,0.8277026,           299P   3688
0.8248897,0.8261106,0.8175112,0.8013076,0.7825626,0.7619729,         299P   3689
0.7376419,0.7136107,0.711052,0.7153169,0.7174947,0.7213339,          299P   3690
0.7259438,0.7498698,0.7728208,0.7965436,0.8185939,0.8396042,         299P   3691
0.8598286,0.8788722,0.8966104,0.9122193,0.9245827,0.933183,          299P   3692
0.9363313,0.9374125,0.9359303,1.,1.,1.,1.,1.,1.,1.,1.,1.,1.,1.,      299P   3693
1.,1.,1.,1.,1.,1.,1.,1.,1.,1.,1.,1.,1.,1.,1.,1.,1.,1.,1.,1.,1.,      299P   3694
1.,1.,1.,1.,1.,1.,1.,1.,1.,1.,-6.13283,0.336852,-26.2349,            299P   3695
-6.328181,1.611939,-26.32956,-6.749669,2.808173,-26.53561,           299P   3696
-7.351065,3.886002,-26.83248,-8.087716,4.853572,-27.20576,           299P   3697
-8.884514,5.679062,-27.62397,-9.780194,6.375509,-28.09677,           299P   3698
-10.81811,7.030415,-28.46243,-12.03147,7.663772,-28.575,             299P   3699
-13.24473,8.022275,-28.575,-14.48509,8.315836,-28.575,-15.70805,     299P   3700
8.629086,-28.575,-17.02131,8.885258,-28.575,-18.21434,9.182443,      299P   3701
-28.575,-19.46117,9.3831,-28.575,-20.66294,9.663455,-28.575,         299P   3702
-21.90478,9.9284,-28.575,-23.0404,10.29728,-28.51424,-24.26263,      299P   3703
10.71409,-28.1954,-25.38649,11.05207,-27.63332,-26.37872,            299P   3704
11.3044,-26.86177,-27.21291,11.46666,-25.91234,-27.86033,            299P   3705
11.54218,-24.81853,-28.4463,11.29445,-23.65618,-28.99897,            299P   3706
10.95752,-22.56164,-29.52484,10.62124,-21.45558,-30.02538,           299P   3707
10.2814,-20.33946,-30.50227,9.931103,-19.21596,-30.95784,            299P   3708
9.555404,-18.09315,-31.39856,9.116939,-16.98631,-31.84083,           299P   3709
8.594364,-15.84694,-32.2441,8.02562,-14.784,-32.62493,7.381954,      299P   3710
-13.76124,-32.98054,6.674554,-12.77098,-33.30881,5.870247,           299P   3711
-11.84583,-33.61109,4.948951,-10.97332,-33.86973,3.935997,           299P   3712
-10.20307,-34.07373,2.827327,-9.585668,-34.21115,1.629945,           299P   3713
-9.173103,-34.26153,0.8231248,-9.018781,-34.27892,                   299P   3714
-1.499338D-015,-8.96427,-34.25534,-0.6820154,-9.036558,-7.43331,     299P   3715
0.2612746,-26.54188,-7.627899,1.252339,-26.62324,-8.054213,          299P   3716
2.164695,-26.80485,-8.654466,2.969646,-27.06022,-9.387053,           299P   3717
3.658095,-27.38465,-10.16218,4.214007,-27.74307,-11.00153,           299P   3718
4.642175,-28.12857,-11.74684,5.022779,-28.40304,-12.70379,           299P   3719
5.353964,-28.57607,-13.90744,5.510266,-28.59248,-15.12216,           299P   3720
5.628787,-28.58132,-16.3201,5.715823,-28.61056,-17.64228,            299P   3721
5.942655,-28.59824,-18.87795,6.194232,-28.63065,-20.11881,           299P   3722
6.442103,-28.5829,-21.36522,6.699372,-28.59181,-22.5951,             299P   3723
6.975998,-28.58084,-23.62699,7.221888,-28.6145,-24.7315,             299P   3724
7.443823,-28.51899,-25.82618,7.592672,-28.23573,-26.88637,           299P   3725
7.668151,-27.76631,-27.84252,7.64841,-27.1779,-28.76603,             299P   3726
7.556878,-26.35809,-29.42577,7.286328,-25.20595,-29.94649,           299P   3727
6.980989,-24.05194,-30.42885,6.660365,-22.94163,-30.89645,           299P   3728
6.349914,-21.78482,-31.32824,6.045053,-20.63763,-31.64411,           299P   3729
5.96948,-19.55497,-31.95238,5.826107,-18.47835,-32.26951,            299P   3730
5.604038,-17.37181,-32.55778,5.329758,-16.32776,-32.83454,           299P   3731
4.971423,-15.3296,-33.09536,4.559983,-14.35478,-33.33668,            299P   3732
4.056146,-13.44575,-33.5593,3.452746,-12.58778,-33.75122,            299P   3733
2.772067,-11.82406,-33.90279,2.003696,-11.21667,-34.00389,           299P   3734
1.159379,-10.81111,-34.04113,0.5863468,-10.65862,-34.05411,          299P   3735
3.429041D-016,-10.60391,-34.03654,-0.4849404,-10.67574,              299P   3736
-8.691042,0.2061298,-26.08755,-8.8868,1.000122,-26.11669,            299P   3737
-9.321521,1.734931,-26.17409,-9.932137,2.403551,-26.26164,           299P   3738
-10.68245,2.99513,-26.36876,-11.47788,3.495474,-26.49969,            299P   3739
-12.295,3.894734,-26.62347,-12.58385,3.992105,-26.63279,             299P   3740
-13.07157,4.088359,-26.56355,-14.239,4.266258,-26.33589,             299P   3741
-15.40725,4.432216,-26.10886,-16.56787,4.577436,-25.87092,           299P   3742
-17.88293,4.824633,-25.81666,-19.13742,5.078875,-25.79136,           299P   3743
-20.36521,5.343431,-25.7875,-21.62409,5.611434,-25.75832,            299P   3744
-22.84848,5.891444,-25.76078,-23.45334,6.018314,-25.72774,           299P   3745
-23.87326,6.073231,-25.62001,-24.26706,6.092119,-25.43553,           299P   3746
-24.62284,6.077887,-25.18838,-24.85349,6.032066,-24.93508,           299P   3747
-25.09944,5.959503,-24.60375,-25.59322,5.719856,-23.69466,           299P   3748
-26.12748,5.440622,-22.64691,-26.59253,5.158473,-21.6221,            299P   3749
-27.07128,4.872441,-20.56435,-27.52787,4.591329,-19.52016,           299P   3750
-28.13325,4.421195,-18.69267,-28.72489,4.222377,-17.86691,           299P   3751
-29.32185,3.981315,-17.01223,-29.88291,3.723551,-16.20764,           299P   3752
-30.40294,3.424634,-15.42622,-30.91394,3.098427,-14.66829,           299P   3753
-31.3801,2.726629,-13.95148,-31.81385,2.298135,-13.27209,            299P   3754
-32.20295,1.830346,-12.66812,-32.50481,1.31411,-12.1851,             299P   3755
-32.70333,0.7577493,-11.85744,-32.77852,0.3826624,-11.73482,         299P   3756
-32.80627,7.978076D-016,-11.6911,-32.77035,-0.3179321,-11.74937,     299P   3757
40.,80.,0.,1.;                                                       299P   3758
508,7,0,5,30,1,1,1,303,0,5,31,1,1,1,305,0,5,32,1,1,1,307,0,5,33,     301P   3759
1,1,1,309,0,5,34,1,1,1,311,0,5,35,1,1,1,313,0,5,36,1,1,1,315;        301P   3760
126,3,3,1,0,1,0,0.,0.,0.,0.,1.,1.,1.,1.,1.,1.,1.,1.,40.,0.,0.,       303P   3761
42.46119,0.,0.,44.92237,0.,0.,47.38356,0.,0.,0.,1.,0.,0.,1.;         303P   3762
126,3,3,1,0,1,0,0.,0.,0.,0.,1.,1.,1.,1.,1.,1.,1.,1.,47.38356,0.,     305P   3763
0.,50.17666,0.,0.,52.96975,0.,0.,55.76285,0.,0.,0.,1.,0.,0.,1.;      305P   3764
126,3,3,1,0,1,0,0.,0.,0.,0.,1.,1.,1.,1.,1.,1.,1.,1.,55.76285,0.,     307P   3765
0.,63.65429,0.,0.,71.54572,0.,0.,79.43716,0.,0.,0.,1.,0.,0.,1.;      307P   3766
126,3,3,1,0,1,0,0.,0.,0.,0.,1.,1.,1.,1.,1.,1.,1.,1.,79.43716,0.,     309P   3767
0.,79.62477,0.,0.,79.81239,0.,0.,80.,0.,0.,0.,1.,0.,0.,1.;           309P   3768
126,3,3,1,0,1,0,0.,0.,0.,0.,1.,1.,1.,1.,1.,1.,1.,1.,80.,0.,0.,       311P   3769
80.,0.3333333,0.,80.,0.6666667,0.,80.,1.,0.,0.,1.,0.,0.,1.;          311P   3770
126,3,3,1,0,1,0,0.,0.,0.,0.,1.,1.,1.,1.,1.,1.,1.,1.,80.,1.,0.,       313P   3771
66.66667,1.,0.,53.33333,1.,0.,40.,1.,0.,0.,1.,0.,0.,1.;              313P   3772
126,3,3,1,0,1,0,0.,0.,0.,0.,1.,1.,1.,1.,1.,1.,1.,1.,40.,1.,0.,       315P   3773
40.,0.6666667,0.,40.,0.3333333,0.,40.,0.,0.,0.,1.,0.,0.,1.;          315P   3774
510,319,1,1,321;                                                     317P   3775
128,2,6,2,2,0,0,0,0,0,0.,0.,0.,1.,1.,1.,0.,0.,0.,1.,1.,2.,2.,3.,     319P   3776
3.,3.,1.,0.9572004,1.,1.,0.9572004,1.,1.,0.9572004,1.,0.4226183,     319P   3777
0.4045304,0.4226183,1.,0.9572004,1.,1.,0.9572004,1.,1.,              319P   3778
0.9572004,1.,-58.80386,-16.35852,-25.60267,-37.29254,-16.35852,      319P   3779
-48.73544,-6.56778,-16.35852,-56.0737,-49.57404,-10.48128,           319P   3780
-17.01979,-30.6579,-10.48128,-37.36175,-3.639845,-10.48128,          319P   3781
-43.81475,-40.34422,-4.604045,-8.436915,-24.02326,-4.604045,         319P   3782
-25.98809,-0.7119112,-4.604045,-31.55577,-33.11387,                  319P   3783
1.762479D-016,-1.713363,-18.82589,-7.64553D-016,-17.07831,           319P   3784
1.581734,-1.062998D-015,-21.95246,-40.34422,4.604045,-8.436915,      319P   3785
-24.02326,4.604045,-25.98809,-0.7119112,4.604045,-31.55577,          319P   3786
-49.57404,10.48128,-17.01979,-30.6579,10.48128,-37.36175,            319P   3787
-3.639845,10.48128,-43.81475,-58.80386,16.35852,-25.60267,           319P   3788
-37.29254,16.35852,-48.73544,-6.56778,16.35852,-56.0737,0.,1.,       319P   3789
0.,3.;                                                               319P   3790
508,2,0,5,37,1,1,0,323,0,5,35,0,1,0,325;                             321P   3791
126,188,3,1,0,1,0,0.,0.,0.,0.,1.,1.,1.,2.,2.,2.,3.,3.,3.,4.,4.,      323P   3792
4.,5.,5.,5.,6.,6.,6.,7.,7.,7.,8.,8.,8.,9.,9.,9.686484973,            323P   3793
9.686484973,9.686484973,10.68648497,10.68648497,10.68648497,         323P   3794
11.68648497,11.68648497,11.68648497,12.68648497,12.68648497,         323P   3795
13.39809539,13.39809539,13.39809539,14.39809539,14.39809539,         323P   3796
14.39809539,15.39809539,15.39809539,15.39809539,16.39809539,         323P   3797
16.39809539,16.39809539,17.39809539,17.39809539,17.39809539,         323P   3798
18.39809539,18.39809539,18.39809539,19.39809539,19.39809539,         323P   3799
19.39809539,20.39809539,20.39809539,20.39809539,21.39809539,         323P   3800
21.39809539,21.39809539,22.39809539,22.39809539,22.39809539,         323P   3801
23.39809539,23.39809539,23.39809539,24.39809539,24.39809539,         323P   3802
24.39809539,25.39809539,25.39809539,25.39809539,26.39809539,         323P   3803
26.39809539,26.39809539,27.39809539,27.39809539,27.39809539,         323P   3804
28.39809539,28.39809539,28.39809539,29.39809539,29.39809539,         323P   3805
29.39809539,30.39809539,30.39809539,30.39809539,31.39809539,         323P   3806
31.39809539,31.39809539,32.39809539,32.39809539,32.39809539,         323P   3807
33.39809539,33.39809539,33.39809539,34.39809539,34.39809539,         323P   3808
34.39809539,35.39809539,35.39809539,35.39809539,36.39809539,         323P   3809
36.39809539,36.39809539,37.39809539,37.39809539,37.39809539,         323P   3810
38.39809539,38.39809539,38.39809539,39.39809539,39.39809539,         323P   3811
39.39809539,40.39809539,40.39809539,40.39809539,41.39809539,         323P   3812
41.39809539,41.39809539,42.39809539,42.39809539,43.71985945,         323P   3813
43.71985945,43.71985945,44.71985945,44.71985945,45.59632051,         323P   3814
45.59632051,45.8758581,45.8758581,45.8758581,46.8758581,             323P   3815
46.8758581,46.8758581,47.8758581,47.8758581,47.8758581,              323P   3816
48.8758581,48.8758581,50.19279396,50.19279396,52.00553671,           323P   3817
52.00553671,52.00553671,53.00553671,53.00553671,53.00553671,         323P   3818
54.00553671,54.00553671,54.00553671,55.00553671,55.00553671,         323P   3819
55.00553671,56.00553671,56.00553671,56.00553671,57.00553671,         323P   3820
57.00553671,57.00553671,58.00553671,58.00553671,58.00553671,         323P   3821
59.00553671,59.00553671,59.00553671,60.00553671,60.00553671,         323P   3822
60.00553671,61.00553671,61.00553671,61.00553671,62.00553671,         323P   3823
62.00553671,62.00553671,63.00553671,63.00553671,63.00553671,         323P   3824
64.00553671,64.00553671,64.00553671,65.00553671,65.00553671,         323P   3825
65.00553671,65.00553671,1.,1.,1.,1.,1.,1.,1.,1.,1.,1.,1.,1.,1.,      323P   3826
1.,1.,1.,1.,1.,1.,1.,1.,1.,1.,1.,1.,1.,1.,1.,1.,1.,1.,1.,1.,1.,      323P   3827
1.,1.,1.,1.,1.,1.,1.,1.,1.,1.,1.,1.,1.,1.,1.,1.,1.,1.,1.,1.,1.,      323P   3828
1.,1.,1.,1.,1.,1.,1.,1.,1.,1.,1.,1.,1.,1.,1.,1.,1.,1.,1.,1.,1.,      323P   3829
1.,1.,1.,1.,1.,1.,1.,1.,1.,1.,1.,1.,1.,1.,1.,1.,1.,1.,1.,1.,1.,      323P   3830
1.,1.,1.,1.,1.,1.,1.,1.,1.,1.,1.,1.,1.,1.,1.,1.,1.,1.,1.,1.,1.,      323P   3831
1.,1.,1.,1.,1.,1.,1.,1.,1.,1.,1.,1.,1.,1.,1.,1.,1.,1.,1.,1.,1.,      323P   3832
1.,1.,1.,1.,1.,1.,1.,1.,1.,1.,1.,1.,1.,1.,1.,1.,1.,1.,1.,1.,1.,      323P   3833
1.,1.,1.,1.,1.,1.,1.,1.,1.,1.,1.,1.,1.,1.,1.,1.,1.,1.,1.,1.,1.,      323P   3834
1.,1.,1.,1.,1.,1.,1.,1.,0.170738,1.475315,0.,0.170901,1.472576,      323P   3835
0.,0.171064,1.469837,0.,0.171227,1.467098,0.,0.171731,1.461713,      323P   3836
0.,0.1722351,1.456327,0.,0.1727391,1.450942,0.,0.1734236,            323P   3837
1.445691,0.,0.1741081,1.440441,0.,0.1747926,1.43519,0.,              323P   3838
0.1758711,1.428711,0.,0.1769497,1.422233,0.,0.1780282,1.415754,      323P   3839
0.,0.1796415,1.408239,0.,0.1812547,1.400724,0.,0.182868,             323P   3840
1.393209,0.,0.1847983,1.385917,0.,0.1867286,1.378625,0.,             323P   3841
0.1886589,1.371333,0.,0.190845,1.364294,0.,0.193031,1.357256,0.,     323P   3842
0.1952171,1.350217,0.,0.1988625,1.339976,0.,0.2025098,1.329736,      323P   3843
0.,0.2061542,1.319495,0.,0.2101249,1.309831,0.,0.2140291,            323P   3844
1.30014,0.,0.2207482,1.283852,0.,0.2237063,1.277315,0.,              323P   3845
0.2264372,1.270683,0.,0.2309108,1.260677,0.,0.2353822,1.250669,      323P   3846
0.,0.2398561,1.240663,0.,0.2527265,1.215421,0.,0.2656091,            323P   3847
1.190185,0.,0.2784959,1.16495,0.,0.2863972,1.150384,0.,              323P   3848
0.2940856,1.135701,0.,0.307793,1.110869,0.,0.3134875,1.100542,       323P   3849
0.,0.319181,1.090215,0.,0.3260773,1.077068,0.,0.3329732,1.06392,     323P   3850
0.,0.3398694,1.050773,0.,0.3450865,1.041199,0.,0.3503036,            323P   3851
1.031625,0.,0.3555207,1.022051,0.,0.3589923,1.014352,0.,             323P   3852
0.362464,1.006653,0.,0.3659356,0.9989537,0.,0.3711471,0.9935779,     323P   3853
0.,0.3763587,0.9882022,0.,0.3815702,0.9828264,0.,0.3887782,          323P   3854
0.9746928,0.,0.3959862,0.9665591,0.,0.4031942,0.9584255,0.,          323P   3855
0.4098034,0.950459,0.,0.4164126,0.9424926,0.,0.4230218,              323P   3856
0.9345261,0.,0.4299579,0.9269676,0.,0.4368943,0.9194095,0.,          323P   3857
0.4438301,0.9118507,0.,0.4517545,0.9035418,0.,0.4596435,             323P   3858
0.895199,0.,0.4676171,0.8869371,0.,0.4685827,0.8856683,0.,           323P   3859
0.4695064,0.8843681,0.,0.4704513,0.8830838,0.,0.4714579,             323P   3860
0.8820004,0.,0.4724644,0.880917,0.,0.473471,0.8798336,0.,            323P   3861
0.4747836,0.8789808,0.,0.4760962,0.878128,0.,0.4774088,              323P   3862
0.8772752,0.,0.4788357,0.8766286,0.,0.4802627,0.8759821,0.,          323P   3863
0.4816896,0.8753355,0.,0.4832084,0.8748996,0.,0.4847271,             323P   3864
0.8744637,0.,0.4862459,0.8740278,0.,0.4877634,0.873824,0.,           323P   3865
0.489281,0.8736201,0.,0.4907985,0.8734163,0.,0.4923148,              323P   3866
0.8734445,0.,0.4938312,0.8734728,0.,0.4953475,0.873501,0.,           323P   3867
0.4968328,0.8737624,0.,0.4983182,0.8740238,0.,0.4998035,             323P   3868
0.8742852,0.,0.5012579,0.8747797,0.,0.5027122,0.8752743,0.,          323P   3869
0.5041666,0.8757688,0.,0.5055782,0.8765178,0.,0.5069893,             323P   3870
0.8772686,0.,0.5084013,0.8780159,0.,0.5127353,0.8808813,0.,          323P   3871
0.5162302,0.8847739,0.,0.5197283,0.8885603,0.,0.5203781,             323P   3872
0.8894242,0.,0.5210302,0.890283,0.,0.5216812,0.8911443,0.,           323P   3873
0.5227517,0.8927392,0.,0.5238222,0.8943341,0.,0.5248927,             323P   3874
0.895929,0.,0.5269355,0.8982277,0.,0.5289784,0.9005264,0.,           323P   3875
0.5310212,0.9028251,0.,0.5334365,0.9052269,0.,0.5358518,             323P   3876
0.9076287,0.,0.5382671,0.9100305,0.,0.5435387,0.9150981,0.,          323P   3877
0.5488102,0.9201658,0.,0.5540818,0.9252334,0.,0.5617761,             323P   3878
0.9330441,0.,0.5694705,0.9408547,0.,0.5771648,0.9486654,0.,          323P   3879
0.5847899,0.9559819,0.,0.5924151,0.9632983,0.,0.6000402,             323P   3880
0.9706148,0.,0.6060213,0.9761716,0.,0.6120024,0.9817284,0.,          323P   3881
0.6179835,0.9872852,0.,0.621992,0.9904165,0.,0.6260063,              323P   3882
0.9935434,0.,0.6300089,0.996679,0.,0.6361637,1.00508,0.,             323P   3883
0.6422023,1.013567,0.,0.6565341,1.033043,0.,0.6648073,1.044046,      323P   3884
0.,0.672986,1.055119,0.,0.6804879,1.064701,0.,0.6879899,             323P   3885
1.074282,0.,0.702067,1.092262,0.,0.7091799,1.100235,0.,0.717314,     323P   3886
1.111728,0.,0.7191612,1.114584,0.,0.7207556,1.117597,0.,             323P   3887
0.721589,1.119496,0.,0.7224165,1.1214,0.,0.7232469,1.123301,0.,      323P   3888
0.7241486,1.125767,0.,0.7250467,1.128234,0.,0.7259521,1.130699,      323P   3889
0.,0.7279841,1.136924,0.,0.7298845,1.143193,0.,0.7340726,            323P   3890
1.157776,0.,0.7363852,1.166085,0.,0.7419568,1.185808,0.,             323P   3891
0.7452915,1.197202,0.,0.7485381,1.20862,0.,0.7525708,1.223894,       323P   3892
0.,0.7566036,1.239169,0.,0.7606363,1.254443,0.,0.7630744,            323P   3893
1.264563,0.,0.7655267,1.27468,0.,0.7679506,1.284803,0.,              323P   3894
0.7723838,1.305031,0.,0.776595,1.325304,0.,0.7805654,1.345628,       323P   3895
0.,0.7821321,1.354017,0.,0.783653,1.362415,0.,0.7852066,             323P   3896
1.370807,0.,0.7862661,1.377527,0.,0.7873257,1.384247,0.,             323P   3897
0.7883852,1.390967,0.,0.7892681,1.397706,0.,0.790151,1.404445,       323P   3898
0.,0.7910339,1.411184,0.,0.7917428,1.417978,0.,0.7924516,            323P   3899
1.424773,0.,0.7931605,1.431567,0.,0.7936847,1.438419,0.,             323P   3900
0.7942088,1.44527,0.,0.794733,1.452122,0.,0.7950734,1.459127,0.,     323P   3901
0.7954139,1.466131,0.,0.7957543,1.473136,0.,0.7959094,1.480291,      323P   3902
0.,0.7960645,1.487446,0.,0.7962196,1.494601,0.,0.7961792,            323P   3903
1.501648,0.,0.7961388,1.508695,0.,0.7960984,1.515742,0.,             323P   3904
0.7958634,1.522679,0.,0.7956283,1.529617,0.,0.7953933,1.536554,      323P   3905
0.,0.7951789,1.539999,0.,0.7949646,1.543445,0.,0.7947502,            323P   3906
1.54689,0.,0.,65.00553671,0.,0.,1.;                                  323P   3907
126,170,3,1,0,1,0,0.,0.,0.,0.,1.,1.,1.,2.,2.,2.,3.,3.,3.,4.,4.,      325P   3908
4.,5.,5.,5.,6.,6.,6.,7.,7.,7.,8.,8.,8.,9.,9.,9.,10.,10.,             325P   3909
10.52408059,10.52408059,10.78008034,10.78008034,10.78008034,         325P   3910
11.78008034,11.78008034,11.78008034,12.78008034,12.78008034,         325P   3911
12.78008034,13.78008034,13.78008034,14.93467059,14.93467059,         325P   3912
14.93467059,15.93467059,15.93467059,17.41281109,17.41281109,         325P   3913
17.41281109,18.41281109,18.41281109,18.41281109,19.41281109,         325P   3914
19.41281109,19.41281109,20.41281109,20.41281109,20.41281109,         325P   3915
21.41281109,21.41281109,21.41281109,22.41281109,22.41281109,         325P   3916
22.41281109,23.41281109,23.41281109,23.41281109,24.41281109,         325P   3917
24.41281109,24.41281109,25.41281109,25.41281109,25.41281109,         325P   3918
26.41281109,26.41281109,26.41281109,27.41281109,27.41281109,         325P   3919
27.41281109,28.41281109,28.41281109,28.41281109,29.41281109,         325P   3920
29.41281109,29.41281109,30.41281109,30.41281109,30.41281109,         325P   3921
31.41281109,31.41281109,31.41281109,32.41281109,32.41281109,         325P   3922
32.41281109,33.41281109,33.41281109,34.28922059,34.28922059,         325P   3923
35.34980931,35.34980931,39.42699583,39.42699583,39.42699583,         325P   3924
40.42699583,40.42699583,40.42699583,41.42699583,41.42699583,         325P   3925
41.42699583,42.42699583,42.42699583,42.42699583,43.42699583,         325P   3926
43.42699583,43.42699583,44.42699583,44.42699583,44.42699583,         325P   3927
45.42699583,45.42699583,46.69640219,46.69640219,47.94114297,         325P   3928
47.94114297,48.89803449,48.89803449,48.89803449,49.89803449,         325P   3929
49.89803449,49.89803449,50.89803449,50.89803449,50.89803449,         325P   3930
51.89803449,51.89803449,51.89803449,52.89803449,52.89803449,         325P   3931
52.89803449,53.89803449,53.89803449,53.89803449,54.89803449,         325P   3932
54.89803449,54.89803449,55.89803449,55.89803449,55.89803449,         325P   3933
56.89803449,56.89803449,56.89803449,57.89803449,57.89803449,         325P   3934
57.89803449,58.89803449,58.89803449,58.89803449,59.89803449,         325P   3935
59.89803449,59.89803449,60.89803449,60.89803449,60.89803449,         325P   3936
61.89803449,61.89803449,61.89803449,62.89803449,62.89803449,         325P   3937
62.89803449,62.89803449,1.,1.,1.,1.,1.,1.,1.,1.,1.,1.,1.,1.,1.,      325P   3938
1.,1.,1.,1.,1.,1.,1.,1.,1.,1.,1.,1.,1.,1.,1.,1.,1.,1.,1.,1.,1.,      325P   3939
1.,1.,1.,1.,1.,1.,1.,1.,1.,1.,1.,1.,1.,1.,1.,1.,1.,1.,1.,1.,1.,      325P   3940
1.,1.,1.,1.,1.,1.,1.,1.,1.,1.,1.,1.,1.,1.,1.,1.,1.,1.,1.,1.,1.,      325P   3941
1.,1.,1.,1.,1.,1.,1.,1.,1.,1.,1.,1.,1.,1.,1.,1.,1.,1.,1.,1.,1.,      325P   3942
1.,1.,1.,1.,1.,1.,1.,1.,1.,1.,1.,1.,1.,1.,1.,1.,1.,1.,1.,1.,1.,      325P   3943
1.,1.,1.,1.,1.,1.,1.,1.,1.,1.,1.,1.,1.,1.,1.,1.,1.,1.,1.,1.,1.,      325P   3944
1.,1.,1.,1.,1.,1.,1.,1.,1.,1.,1.,1.,1.,1.,1.,1.,1.,1.,1.,1.,1.,      325P   3945
1.,1.,1.,1.,1.,1.,1.,1.,1.,1.,1.,0.7947502,1.54689,0.,0.7945338,     325P   3946
1.550368,0.,0.7943174,1.553846,0.,0.794101,1.557324,0.,              325P   3947
0.7934937,1.564141,0.,0.7928863,1.570957,0.,0.792279,1.577774,       325P   3948
0.,0.7914965,1.584483,0.,0.7907141,1.591192,0.,0.7899316,            325P   3949
1.597901,0.,0.7887378,1.606295,0.,0.7875439,1.614689,0.,             325P   3950
0.7863501,1.623083,0.,0.7846333,1.633033,0.,0.7829166,1.642983,      325P   3951
0.,0.7811998,1.652933,0.,0.7792089,1.66285,0.,0.7772181,             325P   3952
1.672767,0.,0.7752272,1.682684,0.,0.7730172,1.692508,0.,             325P   3953
0.7708072,1.702331,0.,0.7685972,1.712155,0.,0.7649539,1.726939,      325P   3954
0.,0.7613107,1.741722,0.,0.7576674,1.756506,0.,0.7526276,            325P   3955
1.775425,0.,0.7475877,1.794344,0.,0.7425479,1.813263,0.,             325P   3956
0.7390534,1.825197,0.,0.7355068,1.837117,0.,0.730244,1.855324,       325P   3957
0.,0.7284254,1.861583,0.,0.7255212,1.870839,0.,0.7244865,            325P   3958
1.873852,0.,0.7232713,1.876796,0.,0.72247,1.87845,0.,0.7216696,      325P   3959
1.880104,0.,0.7208687,1.881758,0.,0.7198999,1.883448,0.,             325P   3960
0.7189192,1.88513,0.,0.7179622,1.886828,0.,0.7136009,1.893537,       325P   3961
0.,0.7086679,1.899848,0.,0.6976963,1.913137,0.,0.6918467,            325P   3962
1.920283,0.,0.6859826,1.927417,0.,0.6804587,1.93488,0.,0.674878,     325P   3963
1.9423,0.,0.6612286,1.960822,0.,0.6528705,1.971708,0.,0.6445943,     325P   3964
1.982655,0.,0.6418193,1.987326,0.,0.6390445,1.991997,0.,             325P   3965
0.6362696,1.996668,0.,0.6334495,1.999373,0.,0.6306293,2.002078,      325P   3966
0.,0.6278092,2.004783,0.,0.6220792,2.009544,0.,0.6163493,            325P   3967
2.014306,0.,0.6106193,2.019067,0.,0.6025019,2.02623,0.,              325P   3968
0.5943845,2.033394,0.,0.5862671,2.040557,0.,0.5787387,2.048092,      325P   3969
0.,0.5712103,2.055627,0.,0.5636819,2.063162,0.,0.5556496,            325P   3970
2.07076,0.,0.5476175,2.078359,0.,0.5395846,2.085957,0.,0.534496,     325P   3971
2.091718,0.,0.5292675,2.097357,0.,0.524276,2.103204,0.,              325P   3972
0.5198125,2.1079,0.,0.5153238,2.112581,0.,0.5105564,2.116973,0.,     325P   3973
0.5093666,2.117956,0.,0.5081773,2.11894,0.,0.5069878,2.119924,       325P   3974
0.,0.5058968,2.120677,0.,0.5048057,2.12143,0.,0.5037147,             325P   3975
2.122183,0.,0.5024739,2.122835,0.,0.5012331,2.123488,0.,             325P   3976
0.4999923,2.12414,0.,0.4984766,2.124658,0.,0.4969624,2.125192,       325P   3977
0.,0.4954452,2.125693,0.,0.4924025,2.12638,0.,0.4893244,             325P   3978
2.126675,0.,0.4862064,2.126527,0.,0.4846756,2.126333,0.,             325P   3979
0.4831407,2.126093,0.,0.4816079,2.125876,0.,0.4804769,2.125429,      325P   3980
0.,0.4793483,2.12498,0.,0.478215,2.124536,0.,0.4753614,2.122408,     325P   3981
0.,0.4726257,2.120135,0.,0.4672609,2.116156,0.,0.465105,             325P   3982
2.113872,0.,0.460172,2.109075,0.,0.4576296,2.106282,0.,              325P   3983
0.4450368,2.093058,0.,0.4355504,2.082091,0.,0.4258852,2.071298,      325P   3984
0.,0.4195406,2.063337,0.,0.413196,2.055377,0.,0.4068547,             325P   3985
2.047413,0.,0.3953027,2.033996,0.,0.3837428,2.020586,0.,             325P   3986
0.3724658,2.006936,0.,0.3701872,2.004677,0.,0.3679347,2.002396,      325P   3987
0.,0.3656691,2.000126,0.,0.3633571,1.994775,0.,0.3610451,            325P   3988
1.989423,0.,0.3587331,1.984072,0.,0.3540922,1.975589,0.,             325P   3989
0.3494517,1.967105,0.,0.3448107,1.958622,0.,0.3402268,1.94997,       325P   3990
0.,0.3355942,1.941344,0.,0.3251891,1.921711,0.,0.319289,             325P   3991
1.910772,0.,0.3076066,1.889105,0.,0.3018738,1.878349,0.,             325P   3992
0.2914189,1.859497,0.,0.2869541,1.85126,0.,0.2824249,1.843059,       325P   3993
0.,0.2759604,1.830162,0.,0.2694927,1.817268,0.,0.2630265,            325P   3994
1.804372,0.,0.256644,1.792094,0.,0.2502614,1.779816,0.,              325P   3995
0.2438789,1.767538,0.,0.2379004,1.754656,0.,0.2319218,1.741774,      325P   3996
0.,0.2259433,1.728892,0.,0.2202918,1.715173,0.,0.2146404,            325P   3997
1.701453,0.,0.2089889,1.687734,0.,0.2051735,1.677398,0.,             325P   3998
0.201358,1.667062,0.,0.1975426,1.656726,0.,0.1952567,1.649735,       325P   3999
0.,0.1929707,1.642745,0.,0.1906848,1.635754,0.,0.1886622,            325P   4000
1.628566,0.,0.1866395,1.621377,0.,0.1846169,1.614189,0.,             325P   4001
0.1829333,1.606889,0.,0.1812426,1.59959,0.,0.1795622,1.59229,0.,     325P   4002
0.177347,1.580296,0.,0.1750973,1.568305,0.,0.1733857,1.556227,       325P   4003
0.,0.1730209,1.553476,0.,0.1726616,1.550725,0.,0.1722995,            325P   4004
1.547974,0.,0.1719171,1.544298,0.,0.1715347,1.540622,0.,             325P   4005
0.1711523,1.536946,0.,0.1708032,1.532046,0.,0.170454,1.527145,       325P   4006
0.,0.1701049,1.522245,0.,0.1699659,1.518526,0.,0.1698317,            325P   4007
1.514808,0.,0.1696879,1.511089,0.,0.1695354,1.499156,0.,             325P   4008
0.1700098,1.487224,0.,0.170738,1.475315,0.,0.,62.89803449,0.,0.,     325P   4009
1.;                                                                  325P   4010
510,329,1,1,331;                                                     327P   4011
128,4,4,2,2,0,0,0,0,0,-2.,-2.,-2.,-1.,-1.,0.,0.,0.,3.,3.,3.,4.,      329P   4012
4.,5.,5.,5.,1.,0.7071068,1.,0.7071068,1.,0.8241136,0.5827363,        329P   4013
0.8241136,0.5827363,0.8241136,1.,0.7071068,1.,0.7071068,1.,          329P   4014
0.9839416,0.6957517,0.9839416,0.6957517,0.9839416,1.,0.7071068,      329P   4015
1.,0.7071068,1.,-24.36037,-3.388675D-015,-28.575,-24.36037,          329P   4016
24.36037,-28.575,0.,24.36037,-28.575,24.36038,24.36037,-28.575,      329P   4017
24.36038,-1.449759D-015,-28.575,-28.72481,-3.238726D-015,            329P   4018
-28.575,-28.72481,28.72481,-28.575,0.,28.72481,-28.575,28.72481,     329P   4019
28.72481,-28.575,28.72481,-1.599707D-015,-28.575,-30.28871,          329P   4020
-2.839286D-015,-24.50037,-30.28871,30.28871,-24.50037,0.,            329P   4021
30.28871,-24.50037,30.28871,30.28871,-24.50037,30.28871,             329P   4022
-1.500166D-015,-24.50037,-34.82909,-2.114951D-015,-12.67071,         329P   4023
-34.82909,34.82909,-12.67071,0.,34.82909,-12.67071,34.82909,         329P   4024
34.82909,-12.67071,34.82909,-7.758313D-016,-12.67071,-34.925,        329P   4025
-1.33912D-015,8.199473D-032,-34.925,34.925,-2.138469D-015,0.,        329P   4026
34.925,-2.138469D-015,34.925,34.925,-2.138469D-015,34.925,           329P   4027
-7.333879D-029,0.,-2.,0.,3.,5.;                                      329P   4028
508,11,0,5,38,1,1,0,333,0,5,3,0,1,0,335,0,5,39,1,1,1,337,0,5,40,     331P   4029
1,1,0,339,0,5,9,0,1,0,341,0,5,41,1,1,1,343,0,5,42,1,1,1,345,0,5,     331P   4030
43,1,1,1,347,0,5,44,1,1,1,349,0,5,32,0,1,0,351,0,5,45,1,1,1,353;     331P   4031
126,81,3,1,0,1,0,0.,0.,0.,0.,1.,1.,1.,2.,2.,3.763510144,             333P   4032
3.763510144,5.349571907,5.349571907,8.148238515,8.148238515,         333P   4033
9.727130291,9.727130291,9.727130291,10.72713029,10.72713029,         333P   4034
10.72713029,11.72713029,11.72713029,11.72713029,12.72713029,         333P   4035
12.72713029,12.72713029,13.72713029,13.72713029,14.75787002,         333P   4036
14.75787002,15.27025039,15.27025039,15.27025039,16.27025039,         333P   4037
16.27025039,16.27025039,17.27025039,17.27025039,17.27025039,         333P   4038
18.27025039,18.27025039,18.27025039,19.27025039,19.27025039,         333P   4039
19.27025039,20.27025039,20.27025039,20.27025039,21.27025039,         333P   4040
21.27025039,21.27025039,22.27025039,22.27025039,22.27025039,         333P   4041
23.27025039,23.27025039,23.27025039,24.27025039,24.27025039,         333P   4042
24.27025039,25.27025039,25.27025039,25.27025039,26.27025039,         333P   4043
26.27025039,26.27025039,27.27025039,27.27025039,27.27025039,         333P   4044
28.27025039,28.27025039,28.27025039,29.27025039,29.27025039,         333P   4045
29.27025039,30.27025039,30.27025039,30.27025039,31.27025039,         333P   4046
31.27025039,31.27025039,32.27025039,32.27025039,32.27025039,         333P   4047
32.27025039,1.,1.,1.,1.,1.,1.,1.,1.,1.,1.,1.,1.,1.,1.,1.,1.,1.,      333P   4048
1.,1.,1.,1.,1.,1.,1.,1.,1.,1.,1.,1.,1.,1.,1.,1.,1.,1.,1.,1.,1.,      333P   4049
1.,1.,1.,1.,1.,1.,1.,1.,1.,1.,1.,1.,1.,1.,1.,1.,1.,1.,1.,1.,1.,      333P   4050
1.,1.,1.,1.,1.,1.,1.,1.,1.,1.,1.,1.,1.,1.,1.,1.,1.,1.,1.,1.,1.,      333P   4051
1.,1.,-1.471375,3.,0.,-1.470789,3.027344,0.,-1.470206,3.054687,      333P   4052
0.,-1.469617,3.082031,0.,-1.469181,3.115798,0.,-1.468735,            333P   4053
3.149564,0.,-1.46734,3.242876,0.,-1.466328,3.302421,0.,              333P   4054
-1.464133,3.415513,0.,-1.463102,3.469063,0.,-1.45997,3.6171,0.,      333P   4055
-1.457815,3.711586,0.,-1.454541,3.859377,0.,-1.453163,3.912678,      333P   4056
0.,-1.451718,3.965977,0.,-1.451035,3.979093,0.,-1.450348,            333P   4057
3.992209,0.,-1.449662,4.005325,0.,-1.448775,4.010323,0.,             333P   4058
-1.447888,4.015322,0.,-1.447001,4.02032,0.,-1.444772,4.030237,       333P   4059
0.,-1.442554,4.040156,0.,-1.440304,4.050069,0.,-1.434135,            333P   4060
4.080325,0.,-1.427403,4.11047,0.,-1.415287,4.171998,0.,              333P   4061
-1.409158,4.203232,0.,-1.400015,4.249998,0.,-1.396556,4.265442,      333P   4062
0.,-1.393496,4.280966,0.,-1.390009,4.296112,0.,-1.386535,            333P   4063
4.31126,0.,-1.383054,4.326407,0.,-1.379269,4.341305,0.,              333P   4064
-1.375485,4.356203,0.,-1.3717,4.371101,0.,-1.367659,4.385499,0.,     333P   4065
-1.363618,4.399897,0.,-1.359577,4.414295,0.,-1.355112,4.428162,      333P   4066
0.,-1.350646,4.442029,0.,-1.346181,4.455896,0.,-1.341369,            333P   4067
4.469239,0.,-1.336556,4.482582,0.,-1.331744,4.495925,0.,             333P   4068
-1.327697,4.505265,0.,-1.323651,4.514604,0.,-1.319604,4.523944,      333P   4069
0.,-1.316835,4.529784,0.,-1.314067,4.535623,0.,-1.311298,            333P   4070
4.541463,0.,-1.308492,4.546885,0.,-1.305686,4.552307,0.,             333P   4071
-1.30288,4.557729,0.,-1.299902,4.562919,0.,-1.296925,4.568109,       333P   4072
0.,-1.293947,4.573299,0.,-1.29081,4.578264,0.,-1.287672,4.58323,     333P   4073
0.,-1.284535,4.588195,0.,-1.281218,4.592644,0.,-1.2779,4.597092,     333P   4074
0.,-1.274583,4.601541,0.,-1.271065,4.605499,0.,-1.267548,            333P   4075
4.609456,0.,-1.26403,4.613414,0.,-1.260344,4.616697,0.,              333P   4076
-1.256659,4.619981,0.,-1.252973,4.623264,0.,-1.249724,4.625457,      333P   4077
0.,-1.246475,4.62765,0.,-1.243226,4.629843,0.,-1.240579,             333P   4078
4.631219,0.,-1.237931,4.632594,0.,-1.235284,4.63397,0.,              333P   4079
-1.232539,4.634989,0.,-1.229795,4.636008,0.,-1.22705,4.637027,       333P   4080
0.,-1.225659,4.637345,0.,-1.224269,4.637662,0.,-1.222878,            333P   4081
4.63798,0.,0.,32.27025039,0.,0.,1.;                                  333P   4082
126,98,3,1,0,1,0,0.,0.,0.,0.,1.,1.,1.,2.,2.,2.,3.,3.,3.,4.,4.,       335P   4083
4.,5.,5.,5.,6.,6.,6.,7.,7.,7.,8.,8.,8.,9.,9.,9.,10.,10.,10.,11.,     335P   4084
11.,11.,12.,12.,12.,13.,13.,13.,14.,14.,14.,15.,15.,15.,16.,16.,     335P   4085
16.,17.,17.,17.,18.,18.,18.,19.,19.,19.,20.,20.,20.,21.,21.,21.,     335P   4086
22.,22.,22.,23.,23.,23.,24.,24.,25.00343248,25.00343248,             335P   4087
26.00567108,26.00567108,26.00567108,27.00567108,27.00567108,         335P   4088
27.00567108,28.00567108,28.00567108,28.00567108,29.00567108,         335P   4089
29.00567108,29.00567108,30.00567108,30.00567108,30.7536248,          335P   4090
30.7536248,31.21944562,31.21944562,31.98231486,31.98231486,          335P   4091
32.63814478,32.63814478,32.82762617,32.82762617,32.82762617,         335P   4092
32.82762617,1.,1.,1.,1.,1.,1.,1.,1.,1.,1.,1.,1.,1.,1.,1.,1.,1.,      335P   4093
1.,1.,1.,1.,1.,1.,1.,1.,1.,1.,1.,1.,1.,1.,1.,1.,1.,1.,1.,1.,1.,      335P   4094
1.,1.,1.,1.,1.,1.,1.,1.,1.,1.,1.,1.,1.,1.,1.,1.,1.,1.,1.,1.,1.,      335P   4095
1.,1.,1.,1.,1.,1.,1.,1.,1.,1.,1.,1.,1.,1.,1.,1.,1.,1.,1.,1.,1.,      335P   4096
1.,1.,1.,1.,1.,1.,1.,1.,1.,1.,1.,1.,1.,1.,1.,1.,1.,1.,1.,            335P   4097
-1.222878,4.63798,0.,-1.220482,4.638519,0.,-1.218101,4.639135,       335P   4098
0.,-1.215651,4.63941,0.,-1.214234,4.639584,0.,-1.212816,             335P   4099
4.639759,0.,-1.211399,4.639933,0.,-1.210099,4.640007,0.,             335P   4100
-1.208799,4.64008,0.,-1.207499,4.640154,0.,-1.206334,4.640118,       335P   4101
0.,-1.20517,4.640082,0.,-1.204005,4.640046,0.,-1.202207,             335P   4102
4.639791,0.,-1.20041,4.639535,0.,-1.198612,4.63928,0.,-1.196086,     335P   4103
4.638574,0.,-1.193559,4.637867,0.,-1.191033,4.637161,0.,             335P   4104
-1.189249,4.636442,0.,-1.187466,4.635724,0.,-1.185682,4.635005,      335P   4105
0.,-1.184564,4.634452,0.,-1.183443,4.633905,0.,-1.182329,            335P   4106
4.633346,0.,-1.179723,4.631948,0.,-1.17721,4.630397,0.,              335P   4107
-1.174741,4.628772,0.,-1.170583,4.625978,0.,-1.16657,4.622978,       335P   4108
0.,-1.162491,4.620074,0.,-1.158795,4.616615,0.,-1.155098,            335P   4109
4.613159,0.,-1.151402,4.609701,0.,-1.147807,4.605563,0.,             335P   4110
-1.144212,4.601425,0.,-1.140617,4.597287,0.,-1.137142,4.592626,      335P   4111
0.,-1.133668,4.587966,0.,-1.130193,4.583305,0.,-1.126808,            335P   4112
4.578136,0.,-1.123424,4.572967,0.,-1.120039,4.567798,0.,             335P   4113
-1.116797,4.562273,0.,-1.113554,4.556748,0.,-1.110312,4.551223,      335P   4114
0.,-1.107166,4.545352,0.,-1.104019,4.539481,0.,-1.100873,            335P   4115
4.53361,0.,-1.097879,4.527556,0.,-1.094885,4.521501,0.,              335P   4116
-1.091891,4.515447,0.,-1.087629,4.506091,0.,-1.083368,4.496735,      335P   4117
0.,-1.079106,4.487379,0.,-1.073949,4.473973,0.,-1.068793,            335P   4118
4.460568,0.,-1.063636,4.447162,0.,-1.05873,4.433291,0.,              335P   4119
-1.053824,4.41942,0.,-1.048918,4.405549,0.,-1.044364,4.391069,       335P   4120
0.,-1.039809,4.376589,0.,-1.035255,4.362109,0.,-1.030889,            335P   4121
4.346513,0.,-1.026524,4.330918,0.,-1.022158,4.315322,0.,             335P   4122
-1.018213,4.300115,0.,-1.014263,4.284909,0.,-1.010321,4.2697,0.,     335P   4123
-1.004328,4.243776,0.,-0.9983623,4.217845,0.,-0.9864864,             335P   4124
4.165877,0.,-0.9805676,4.139842,0.,-0.9682771,4.087908,0.,           335P   4125
-0.9619058,4.062013,0.,-0.9554489,4.036139,0.,-0.9532148,            335P   4126
4.025054,0.,-0.9509676,4.013973,0.,-0.9487248,4.00289,0.,            335P   4127
-0.9478105,3.986174,0.,-0.9468961,3.969458,0.,-0.9459818,            335P   4128
3.952742,0.,-0.945296,3.93379,0.,-0.9446101,3.914838,0.,             335P   4129
-0.9439243,3.895886,0.,-0.9420569,3.817753,0.,-0.9400024,            335P   4130
3.739626,0.,-0.9365995,3.603057,0.,-0.9351598,3.544618,0.,           335P   4131
-0.9329258,3.449782,0.,-0.9320813,3.413386,0.,-0.9300607,            335P   4132
3.317379,0.,-0.9289015,3.257769,0.,-0.9269065,3.146908,0.,           335P   4133
-0.9259973,3.09566,0.,-0.9245506,3.029611,0.,-0.9242263,             335P   4134
3.014805,0.,-0.923902,3.,0.,0.,32.82762617,0.,0.,1.;                 335P   4135
126,3,3,1,0,1,0,0.,0.,0.,0.,1.,1.,1.,1.,1.,1.,1.,1.,-0.923902,       337P   4136
3.,0.,-0.8365881,3.,0.,-0.7492741,3.,0.,-0.6619602,3.,0.,0.,1.,      337P   4137
0.,0.,1.;                                                            337P   4138
126,81,3,1,0,1,0,0.,0.,0.,0.,1.,1.,1.,2.,2.,3.761683257,             339P   4139
3.761683257,5.345577162,5.345577162,7.463593097,7.463593097,         339P   4140
8.934181171,8.934181171,9.717486076,9.717486076,9.717486076,         339P   4141
10.71748608,10.71748608,11.20569535,11.20569535,11.20569535,         339P   4142
12.20569535,12.20569535,12.20569535,13.20569535,13.20569535,         339P   4143
14.23621254,14.23621254,14.74819717,14.74819717,14.74819717,         339P   4144
15.74819717,15.74819717,15.74819717,16.74819717,16.74819717,         339P   4145
16.74819717,17.74819717,17.74819717,17.74819717,18.74819717,         339P   4146
18.74819717,19.7222733,19.7222733,19.7222733,20.7222733,             339P   4147
20.7222733,20.7222733,21.7222733,21.7222733,21.7222733,              339P   4148
22.7222733,22.7222733,22.7222733,23.7222733,23.7222733,              339P   4149
23.7222733,24.7222733,24.7222733,24.7222733,25.7222733,              339P   4150
25.7222733,25.7222733,26.7222733,26.7222733,26.7222733,              339P   4151
27.7222733,27.7222733,27.7222733,28.7222733,28.7222733,              339P   4152
28.7222733,29.7222733,29.7222733,29.7222733,30.7222733,              339P   4153
30.7222733,30.7222733,31.7222733,31.7222733,31.7222733,              339P   4154
31.7222733,1.,1.,1.,1.,1.,1.,1.,1.,1.,1.,1.,1.,1.,1.,1.,1.,1.,       339P   4155
1.,1.,1.,1.,1.,1.,1.,1.,1.,1.,1.,1.,1.,1.,1.,1.,1.,1.,1.,1.,1.,      339P   4156
1.,1.,1.,1.,1.,1.,1.,1.,1.,1.,1.,1.,1.,1.,1.,1.,1.,1.,1.,1.,1.,      339P   4157
1.,1.,1.,1.,1.,1.,1.,1.,1.,1.,1.,1.,1.,1.,1.,1.,1.,1.,1.,1.,1.,      339P   4158
1.,1.,-0.6619602,3.,0.,-0.6613683,3.027316,0.,-0.6607788,            339P   4159
3.054631,0.,-0.6601845,3.081947,0.,-0.6597345,3.115753,0.,           339P   4160
-0.6592737,3.149559,0.,-0.6578387,3.242917,0.,-0.6568086,            339P   4161
3.302469,0.,-0.6546067,3.415558,0.,-0.6535597,3.469097,0.,           339P   4162
-0.6508716,3.594226,0.,-0.6492204,3.665814,0.,-0.6464976,            339P   4163
3.78711,0.,-0.6454046,3.836817,0.,-0.6434493,3.912994,0.,            339P   4164
-0.6427474,3.939467,0.,-0.64202,3.96594,0.,-0.6415913,3.9782,0.,     339P   4165
-0.6404572,3.990378,0.,-0.6399343,4.008632,0.,-0.6379161,            339P   4166
4.014404,0.,-0.6372367,4.02033,0.,-0.6349834,4.030245,0.,            339P   4167
-0.6327399,4.040163,0.,-0.6304616,4.050073,0.,-0.6242853,            339P   4168
4.080338,0.,-0.6174451,4.11047,0.,-0.6053136,4.172009,0.,            339P   4169
-0.5991726,4.203244,0.,-0.5900047,4.250002,0.,-0.5865986,            339P   4170
4.265449,0.,-0.5835358,4.280965,0.,-0.5800582,4.296114,0.,           339P   4171
-0.5765921,4.311266,0.,-0.5731202,4.326417,0.,-0.5693689,            339P   4172
4.341312,0.,-0.5656175,4.356206,0.,-0.5618662,4.371101,0.,           339P   4173
-0.5578619,4.385502,0.,-0.55385,4.399901,0.,-0.5498532,4.414305,     339P   4174
0.,-0.5453103,4.428115,0.,-0.541229,4.442081,0.,-0.5321002,          339P   4175
4.469291,0.,-0.5270413,4.48253,0.,-0.5224546,4.495929,0.,            339P   4176
-0.5184799,4.505264,0.,-0.5145156,4.514603,0.,-0.5105478,            339P   4177
4.52394,0.,-0.5078435,4.529782,0.,-0.5051392,4.535624,0.,            339P   4178
-0.5024349,4.541466,0.,-0.4996987,4.546887,0.,-0.4969625,            339P   4179
4.552309,0.,-0.4942263,4.55773,0.,-0.4913286,4.56292,0.,             339P   4180
-0.4884309,4.56811,0.,-0.4855332,4.5733,0.,-0.4824892,4.578266,      339P   4181
0.,-0.4794452,4.583231,0.,-0.4764012,4.588197,0.,-0.473187,          339P   4182
4.592644,0.,-0.4699727,4.597091,0.,-0.4667585,4.601538,0.,           339P   4183
-0.4633643,4.605497,0.,-0.4599702,4.609457,0.,-0.456576,             339P   4184
4.613416,0.,-0.453025,4.616697,0.,-0.449474,4.619977,0.,             339P   4185
-0.445923,4.623258,0.,-0.4428047,4.625454,0.,-0.4396864,             339P   4186
4.627649,0.,-0.4365681,4.629845,0.,-0.434021,4.631223,0.,            339P   4187
-0.4314738,4.632601,0.,-0.4289267,4.633979,0.,-0.4263127,            339P   4188
4.634994,0.,-0.4236988,4.636008,0.,-0.4210848,4.637023,0.,           339P   4189
-0.4197502,4.637344,0.,-0.4184155,4.637665,0.,-0.4170809,            339P   4190
4.637987,0.,0.,31.7222733,0.,0.,1.;                                  339P   4191
126,100,3,1,0,1,0,0.,0.,0.,0.,1.,1.,1.,2.,2.,2.,3.,3.,3.,4.,4.,      341P   4192
4.,5.,5.,5.,6.,6.,6.,7.,7.,7.,8.,8.,8.,9.,9.,9.,10.,10.,10.,11.,     341P   4193
11.,11.,12.,12.,12.,13.,13.,13.,14.,14.,14.,15.,15.,15.,16.,16.,     341P   4194
16.,17.,17.,17.,18.,18.,18.,19.,19.,19.,20.,20.,20.,21.,21.,21.,     341P   4195
22.,22.,22.,23.,23.,23.,24.,24.,24.,25.,25.,25.,26.,26.,26.,27.,     341P   4196
27.,27.,28.,28.,28.,29.,29.,29.,30.,30.,30.53726735,30.53726735,     341P   4197
31.21484032,31.21484032,32.06048183,32.06048183,32.6335205,          341P   4198
32.6335205,32.82307916,32.82307916,32.82307916,32.82307916,1.,       341P   4199
1.,1.,1.,1.,1.,1.,1.,1.,1.,1.,1.,1.,1.,1.,1.,1.,1.,1.,1.,1.,1.,      341P   4200
1.,1.,1.,1.,1.,1.,1.,1.,1.,1.,1.,1.,1.,1.,1.,1.,1.,1.,1.,1.,1.,      341P   4201
1.,1.,1.,1.,1.,1.,1.,1.,1.,1.,1.,1.,1.,1.,1.,1.,1.,1.,1.,1.,1.,      341P   4202
1.,1.,1.,1.,1.,1.,1.,1.,1.,1.,1.,1.,1.,1.,1.,1.,1.,1.,1.,1.,1.,      341P   4203
1.,1.,1.,1.,1.,1.,1.,1.,1.,1.,1.,1.,1.,1.,1.,1.,-0.4170809,          341P   4204
4.637987,0.,-0.414792,4.638527,0.,-0.412519,4.639142,0.,             341P   4205
-0.4101739,4.639421,0.,-0.4088272,4.639593,0.,-0.4074805,            341P   4206
4.639764,0.,-0.4061338,4.639936,0.,-0.4049083,4.640005,0.,           341P   4207
-0.4036827,4.640075,0.,-0.4024572,4.640144,0.,-0.4013508,            341P   4208
4.64011,0.,-0.4002445,4.640076,0.,-0.3991381,4.640042,0.,            341P   4209
-0.3974265,4.63979,0.,-0.395715,4.639537,0.,-0.3940034,4.639285,     341P   4210
0.,-0.3915953,4.638582,0.,-0.3891873,4.637879,0.,-0.3867792,         341P   4211
4.637176,0.,-0.3851119,4.636448,0.,-0.3834445,4.635719,0.,           341P   4212
-0.3817772,4.634991,0.,-0.38072,4.634442,0.,-0.3796628,4.633893,     341P   4213
0.,-0.3786056,4.633344,0.,-0.3774544,4.632655,0.,-0.3763033,         341P   4214
4.631965,0.,-0.3751521,4.631276,0.,-0.3739069,4.630446,0.,           341P   4215
-0.3726621,4.629615,0.,-0.3714164,4.628785,0.,-0.3674457,            341P   4216
4.626058,0.,-0.3637398,4.622978,0.,-0.3599118,4.62006,0.,            341P   4217
-0.3564345,4.616611,0.,-0.3529559,4.613164,0.,-0.3494778,            341P   4218
4.609717,0.,-0.3461171,4.605566,0.,-0.3427563,4.601416,0.,           341P   4219
-0.3393956,4.597265,0.,-0.3361394,4.592619,0.,-0.3328833,            341P   4220
4.587972,0.,-0.3296271,4.583326,0.,-0.3265029,4.578143,0.,           341P   4221
-0.3233788,4.572961,0.,-0.3202546,4.567778,0.,-0.3172129,            341P   4222
4.562264,0.,-0.3141713,4.556751,0.,-0.3111296,4.551237,0.,           341P   4223
-0.3082195,4.545362,0.,-0.3053095,4.539486,0.,-0.3023994,            341P   4224
4.533611,0.,-0.2996452,4.527554,0.,-0.296891,4.521498,0.,            341P   4225
-0.2941368,4.515441,0.,-0.2902037,4.506089,0.,-0.2862707,            341P   4226
4.496736,0.,-0.2823376,4.487384,0.,-0.2775657,4.473989,0.,           341P   4227
-0.2727938,4.460593,0.,-0.2680219,4.447198,0.,-0.2635684,            341P   4228
4.433308,0.,-0.2591149,4.419417,0.,-0.2546614,4.405527,0.,           341P   4229
-0.2505039,4.391058,0.,-0.2463465,4.376588,0.,-0.242189,             341P   4230
4.362119,0.,-0.238211,4.346527,0.,-0.2342331,4.330934,0.,            341P   4231
-0.230255,4.315342,0.,-0.2266893,4.300129,0.,-0.2231167,             341P   4232
4.284917,0.,-0.2195589,4.269702,0.,-0.2097017,4.22296,0.,            341P   4233
-0.2000899,4.176167,0.,-0.1902064,4.12943,0.,-0.1834071,4.09828,     341P   4234
0.,-0.1763764,4.067181,0.,-0.1691253,4.036132,0.,-0.1670109,         341P   4235
4.025049,0.,-0.1648647,4.013972,0.,-0.162736,4.002892,0.,            341P   4236
-0.1618678,3.986183,0.,-0.1610004,3.969473,0.,-0.1601324,            341P   4237
3.952764,0.,-0.1594782,3.933817,0.,-0.1588239,3.91487,0.,            341P   4238
-0.1581697,3.895923,0.,-0.1563714,3.81781,0.,-0.1544761,3.7397,      341P   4239
0.,-0.1515722,3.619623,0.,-0.1506092,3.577655,0.,-0.1484595,         341P   4240
3.48276,0.,-0.1472435,3.429833,0.,-0.1447525,3.310845,0.,            341P   4241
-0.1436513,3.244781,0.,-0.1415999,3.133953,0.,-0.1408303,            341P   4242
3.089186,0.,-0.1395675,3.029615,0.,-0.1392536,3.014808,0.,           341P   4243
-0.1389397,3.,0.,0.,32.82307916,0.,0.,1.;                            341P   4244
126,3,3,1,0,1,0,0.,0.,0.,0.,1.,1.,1.,1.,1.,1.,1.,1.,-0.1389397,      343P   4245
3.,0.,-0.09262644,3.,0.,-0.04631322,3.,0.,0.,3.,0.,0.,1.,0.,0.,      343P   4246
1.;                                                                  343P   4247
126,3,3,1,0,1,0,0.,0.,0.,0.,1.,1.,1.,1.,1.,1.,1.,1.,0.,3.,0.,0.,     345P   4248
3.666667,0.,0.,4.333333,0.,0.,5.,0.,0.,1.,0.,0.,1.;                  345P   4249
126,3,3,1,0,1,0,0.,0.,0.,0.,1.,1.,1.,1.,1.,1.,1.,1.,0.,5.,0.,        347P   4250
-0.6666667,5.,0.,-1.333333,5.,0.,-2.,5.,0.,0.,1.,0.,0.,1.;           347P   4251
126,3,3,1,0,1,0,0.,0.,0.,0.,1.,1.,1.,1.,1.,1.,1.,1.,-2.,5.,0.,       349P   4252
-2.,4.879999,0.,-2.,4.759999,0.,-2.,4.639998,0.,0.,1.,0.,0.,1.;      349P   4253
126,97,3,1,0,1,0,0.,0.,0.,0.,1.,1.,1.,2.,2.,2.,3.,3.,3.,4.,4.,       351P   4254
4.,5.,5.,5.,6.,6.,6.,7.,7.,7.,8.,8.,8.,9.,9.,9.,10.,10.,10.,11.,     351P   4255
11.,11.,12.,12.,12.,13.,13.,13.,14.,14.,14.,15.,15.,15.,16.,16.,     351P   4256
16.,17.,17.,18.20287681,18.20287681,18.20287681,19.20287681,         351P   4257
19.20287681,20.23446338,20.23446338,20.23446338,21.23446338,         351P   4258
21.23446338,21.23446338,22.23446338,22.23446338,22.23446338,         351P   4259
23.23446338,23.23446338,24.57404958,24.57404958,25.91353973,         351P   4260
25.91353973,27.25150399,27.25150399,27.25150399,28.25150399,         351P   4261
28.25150399,28.25150399,29.25150399,29.25150399,29.25150399,         351P   4262
30.25150399,30.25150399,30.25150399,31.25150399,31.25150399,         351P   4263
32.3791202,32.3791202,32.83252049,32.83252049,33.6018734,            351P   4264
33.6018734,34.13509678,34.13509678,34.55879226,34.55879226,          351P   4265
35.23566396,35.23566396,35.23566396,35.23566396,1.,1.,1.,1.,1.,      351P   4266
1.,1.,1.,1.,1.,1.,1.,1.,1.,1.,1.,1.,1.,1.,1.,1.,1.,1.,1.,1.,1.,      351P   4267
1.,1.,1.,1.,1.,1.,1.,1.,1.,1.,1.,1.,1.,1.,1.,1.,1.,1.,1.,1.,1.,      351P   4268
1.,1.,1.,1.,1.,1.,1.,1.,1.,1.,1.,1.,1.,1.,1.,1.,1.,1.,1.,1.,1.,      351P   4269
1.,1.,1.,1.,1.,1.,1.,1.,1.,1.,1.,1.,1.,1.,1.,1.,1.,1.,1.,1.,1.,      351P   4270
1.,1.,1.,1.,1.,1.,1.,1.,1.,-2.,4.639998,0.,-1.999019,4.640047,       351P   4271
0.,-1.998039,4.640096,0.,-1.997058,4.640145,0.,-1.99578,4.64011,     351P   4272
0.,-1.994502,4.640074,0.,-1.993224,4.640039,0.,-1.991246,            351P   4273
4.639785,0.,-1.989269,4.639531,0.,-1.987291,4.639277,0.,             351P   4274
-1.984519,4.638571,0.,-1.981746,4.637866,0.,-1.978974,4.63716,       351P   4275
0.,-1.977058,4.636441,0.,-1.975142,4.635721,0.,-1.973226,            351P   4276
4.635002,0.,-1.972023,4.63445,0.,-1.970821,4.633899,0.,              351P   4277
-1.969618,4.633347,0.,-1.968309,4.632655,0.,-1.966999,4.631962,      351P   4278
0.,-1.96569,4.63127,0.,-1.964281,4.630437,0.,-1.962872,4.629604,     351P   4279
0.,-1.961463,4.628771,0.,-1.957022,4.626035,0.,-1.952792,            351P   4280
4.622981,0.,-1.948465,4.620073,0.,-1.944579,4.616611,0.,             351P   4281
-1.940689,4.613153,0.,-1.936802,4.609693,0.,-1.933079,4.605558,      351P   4282
0.,-1.929355,4.601422,0.,-1.925632,4.597287,0.,-1.922049,            351P   4283
4.592622,0.,-1.918467,4.587957,0.,-1.914884,4.583292,0.,             351P   4284
-1.911457,4.578128,0.,-1.908029,4.572964,0.,-1.904602,4.5678,0.,     351P   4285
-1.901328,4.56227,0.,-1.898053,4.556741,0.,-1.894779,4.551211,       351P   4286
0.,-1.891638,4.545346,0.,-1.888498,4.539481,0.,-1.885357,            351P   4287
4.533616,0.,-1.882396,4.527558,0.,-1.879436,4.521499,0.,             351P   4288
-1.876471,4.515442,0.,-1.872339,4.505101,0.,-1.866973,4.495264,      351P   4289
0.,-1.8583,4.472307,0.,-1.853711,4.459713,0.,-1.84898,4.447175,      351P   4290
0.,-1.844494,4.433247,0.,-1.839472,4.419489,0.,-1.830544,            351P   4291
4.391135,0.,-1.826628,4.376543,0.,-1.822187,4.362117,0.,             351P   4292
-1.818137,4.346518,0.,-1.81407,4.330924,0.,-1.810011,4.315328,       351P   4293
0.,-1.806406,4.300121,0.,-1.802802,4.284914,0.,-1.799195,            351P   4294
4.269708,0.,-1.795957,4.254175,0.,-1.792616,4.238663,0.,             351P   4295
-1.78508,4.202312,0.,-1.780776,4.181497,0.,-1.77214,4.139872,0.,     351P   4296
-1.767696,4.119089,0.,-1.758745,4.077557,0.,-1.753963,4.056873,      351P   4297
0.,-1.7493,4.036161,0.,-1.747268,4.025059,0.,-1.745233,4.013958,     351P   4298
0.,-1.743199,4.002857,0.,-1.742367,3.986135,0.,-1.741536,            351P   4299
3.969412,0.,-1.740704,3.95269,0.,-1.740073,3.933758,0.,              351P   4300
-1.739441,3.914825,0.,-1.73881,3.895893,0.,-1.737455,3.83598,0.,     351P   4301
-1.736098,3.776066,0.,-1.733115,3.648596,0.,-1.731601,3.581036,      351P   4302
0.,-1.729484,3.486311,0.,-1.728916,3.459145,0.,-1.727443,            351P   4303
3.385882,0.,-1.72646,3.339786,0.,-1.725139,3.261735,0.,              351P   4304
-1.724607,3.229784,0.,-1.723706,3.172444,0.,-1.723266,3.147056,      351P   4305
0.,-1.722068,3.081112,0.,-1.72124,3.040556,0.,-1.720431,3.,0.,       351P   4306
0.,35.23566396,0.,0.,1.;                                             351P   4307
126,3,3,1,0,1,0,0.,0.,0.,0.,1.,1.,1.,1.,1.,1.,1.,1.,-1.720431,       353P   4308
3.,0.,-1.637412,3.,0.,-1.554394,3.,0.,-1.471375,3.,0.,0.,1.,0.,      353P   4309
0.,1.;                                                               353P   4310
510,357,2,1,359,369;                                                 355P   4311
128,6,6,6,6,0,0,1,0,0,1.,1.,1.,1.,1.,1.,1.,2.,2.,2.,2.,2.,2.,2.,     357P   4312
1.,1.,1.,1.,1.,1.,1.,2.,2.,2.,2.,2.,2.,2.,1.,1.,1.,1.,1.,1.,1.,      357P   4313
1.,1.,1.,1.,1.,1.,1.,1.,1.,1.,1.,1.,1.,1.,1.,1.,1.,1.,1.,1.,1.,      357P   4314
1.,1.,1.,1.,1.,1.,1.,1.,1.,1.,1.,1.,1.,1.,1.,1.,1.,1.,1.,1.,1.,      357P   4315
-50.1,-50.1,0.,-33.4,-50.1,0.,-16.7,-50.1,0.,-3.552714D-015,         357P   4316
-50.1,0.,16.7,-50.1,0.,33.4,-50.1,0.,50.1,-50.1,0.,-50.1,-33.4,      357P   4317
0.,-33.4,-33.4,0.,-16.7,-33.4,0.,-3.552714D-015,-33.4,0.,16.7,       357P   4318
-33.4,0.,33.4,-33.4,0.,50.1,-33.4,0.,-50.1,-16.7,0.,-33.4,-16.7,     357P   4319
0.,-16.7,-16.7,0.,-7.105427D-015,-16.7,0.,16.7,-16.7,0.,33.4,        357P   4320
-16.7,0.,50.1,-16.7,0.,-50.1,0.,0.,-33.4,0.,0.,-16.7,0.,0.,          357P   4321
-3.552714D-015,0.,0.,16.7,0.,0.,33.4,0.,0.,50.1,0.,0.,-50.1,         357P   4322
16.7,0.,-33.4,16.7,0.,-16.7,16.7,0.,-7.105427D-015,16.7,0.,16.7,     357P   4323
16.7,0.,33.4,16.7,0.,50.1,16.7,0.,-50.1,33.4,0.,-33.4,33.4,0.,       357P   4324
-16.7,33.4,0.,-3.552714D-015,33.4,0.,16.7,33.4,0.,33.4,33.4,0.,      357P   4325
50.1,33.4,0.,-50.1,50.1,0.,-33.4,50.1,0.,-16.7,50.1,0.,              357P   4326
-3.552714D-015,50.1,0.,16.7,50.1,0.,33.4,50.1,0.,50.1,50.1,0.,       357P   4327
1.,2.,1.,2.;                                                         357P   4328
508,4,0,5,46,1,1,1,361,0,5,47,1,1,1,363,0,5,48,1,1,1,365,0,5,49,     359P   4329
1,1,1,367;                                                           359P   4330
126,3,3,1,0,1,0,0.,0.,0.,0.,1.,1.,1.,1.,1.,1.,1.,1.,1.000998,        361P   4331
1.000998,0.,1.333666,1.000998,0.,1.666334,1.000998,0.,1.999002,      361P   4332
1.000998,0.,0.,1.,0.,0.,1.;                                          361P   4333
126,3,3,1,0,1,0,0.,0.,0.,0.,1.,1.,1.,1.,1.,1.,1.,1.,1.999002,        363P   4334
1.000998,0.,1.999002,1.333666,0.,1.999002,1.666334,0.,1.999002,      363P   4335
1.999002,0.,0.,1.,0.,0.,1.;                                          363P   4336
126,3,3,1,0,1,0,0.,0.,0.,0.,1.,1.,1.,1.,1.,1.,1.,1.,1.999002,        365P   4337
1.999002,0.,1.666334,1.999002,0.,1.333666,1.999002,0.,1.000998,      365P   4338
1.999002,0.,0.,1.,0.,0.,1.;                                          365P   4339
126,3,3,1,0,1,0,0.,0.,0.,0.,1.,1.,1.,1.,1.,1.,1.,1.,1.000998,        367P   4340
1.999002,0.,1.000998,1.666334,0.,1.000998,1.333666,0.,1.000998,      367P   4341
1.000998,0.,0.,1.,0.,0.,1.;                                          367P   4342
508,2,0,5,50,1,1,0,371,0,5,43,0,1,0,373;                             369P   4343
126,198,3,1,0,1,0,0.,0.,0.,0.,1.,1.,1.,2.,2.,2.,3.,3.,3.,4.,4.,      371P   4344
4.,5.,5.,5.,6.,6.,6.,7.,7.,7.,8.,8.,8.,9.,9.,9.,10.,10.,10.,11.,     371P   4345
11.,11.,12.,12.,12.,13.,13.,13.,14.,14.,14.,15.,15.,15.,16.,16.,     371P   4346
16.,17.,17.,17.,18.,18.,18.,19.,19.,19.,20.,20.,20.,21.,21.,21.,     371P   4347
22.,22.,22.,23.,23.,23.,24.,24.,24.,25.,25.,25.,26.,26.,26.,27.,     371P   4348
27.,27.,28.,28.,28.,29.,29.,29.,30.,30.,30.,31.,31.,31.,32.,32.,     371P   4349
32.,33.,33.,33.,34.,34.,34.,35.,35.,35.,36.,36.,36.,37.,37.,37.,     371P   4350
38.,38.,38.,39.,39.,39.,40.,40.,40.,41.,41.,41.,42.,42.,42.,43.,     371P   4351
43.,43.,44.,44.,44.,45.,45.,45.,46.,46.,46.,47.,47.,47.,48.,48.,     371P   4352
48.,49.,49.,49.,50.,50.,50.,51.,51.,51.,52.,52.,52.,53.,53.,53.,     371P   4353
54.,54.,54.,55.,55.,55.,56.,56.,56.,57.,57.,57.,58.,58.,58.,59.,     371P   4354
59.,59.,60.,60.,60.,61.,61.,61.,62.,62.,62.,63.,63.,63.,64.,64.,     371P   4355
64.,65.,65.,65.,66.,66.,66.,66.,1.,1.,1.,1.,1.,1.,1.,1.,1.,1.,       371P   4356
1.,1.,1.,1.,1.,1.,1.,1.,1.,1.,1.,1.,1.,1.,1.,1.,1.,1.,1.,1.,1.,      371P   4357
1.,1.,1.,1.,1.,1.,1.,1.,1.,1.,1.,1.,1.,1.,1.,1.,1.,1.,1.,1.,1.,      371P   4358
1.,1.,1.,1.,1.,1.,1.,1.,1.,1.,1.,1.,1.,1.,1.,1.,1.,1.,1.,1.,1.,      371P   4359
1.,1.,1.,1.,1.,1.,1.,1.,1.,1.,1.,1.,1.,1.,1.,1.,1.,1.,1.,1.,1.,      371P   4360
1.,1.,1.,1.,1.,1.,1.,1.,1.,1.,1.,1.,1.,1.,1.,1.,1.,1.,1.,1.,1.,      371P   4361
1.,1.,1.,1.,1.,1.,1.,1.,1.,1.,1.,1.,1.,1.,1.,1.,1.,1.,1.,1.,1.,      371P   4362
1.,1.,1.,1.,1.,1.,1.,1.,1.,1.,1.,1.,1.,1.,1.,1.,1.,1.,1.,1.,1.,      371P   4363
1.,1.,1.,1.,1.,1.,1.,1.,1.,1.,1.,1.,1.,1.,1.,1.,1.,1.,1.,1.,1.,      371P   4364
1.,1.,1.,1.,1.,1.,1.,1.,1.,1.,1.,1.,1.,1.,1.,1.,1.,1.,1.,1.,1.,      371P   4365
1.848553,1.5,0.,1.848421,1.494472,0.,1.84829,1.488943,0.,            371P   4366
1.848158,1.483415,0.,1.847764,1.477899,0.,1.847369,1.472384,0.,      371P   4367
1.846975,1.466868,0.,1.846318,1.461377,0.,1.845662,1.455886,0.,      371P   4368
1.845005,1.450396,0.,1.844088,1.444942,0.,1.843171,1.439489,0.,      371P   4369
1.842254,1.434036,0.,1.841079,1.428632,0.,1.839903,1.423229,0.,      371P   4370
1.838728,1.417826,0.,1.837297,1.412484,0.,1.835865,1.407143,0.,      371P   4371
1.834434,1.401801,0.,1.83275,1.396534,0.,1.831067,1.391267,0.,       371P   4372
1.829383,1.386,0.,1.82745,1.380818,0.,1.825518,1.375637,0.,          371P   4373
1.823585,1.370456,0.,1.821409,1.365373,0.,1.819232,1.360289,0.,      371P   4374
1.817055,1.355206,0.,1.814639,1.350232,0.,1.812222,1.345258,0.,      371P   4375
1.809806,1.340284,0.,1.807156,1.33543,0.,1.804506,1.330577,0.,       371P   4376
1.801856,1.325724,0.,1.798978,1.321002,0.,1.796099,1.31628,0.,       371P   4377
1.793221,1.311558,0.,1.790122,1.306979,0.,1.787022,1.302399,0.,      371P   4378
1.783923,1.297819,0.,1.780609,1.293393,0.,1.777295,1.288966,0.,      371P   4379
1.773981,1.284539,0.,1.77046,1.280275,0.,1.766939,1.276011,0.,       371P   4380
1.763419,1.271746,0.,1.759699,1.267655,0.,1.755979,1.263563,0.,      371P   4381
1.75226,1.259471,0.,1.748349,1.255561,0.,1.744439,1.251651,0.,       371P   4382
1.740529,1.24774,0.,1.736437,1.244021,0.,1.732345,1.240301,0.,       371P   4383
1.728254,1.236581,0.,1.723989,1.233061,0.,1.719725,1.22954,0.,       371P   4384
1.715461,1.226019,0.,1.711034,1.222705,0.,1.706607,1.219391,0.,      371P   4385
1.702181,1.216077,0.,1.697601,1.212978,0.,1.693021,1.209878,0.,      371P   4386
1.688442,1.206779,0.,1.68372,1.203901,0.,1.678998,1.201022,0.,       371P   4387
1.674276,1.198144,0.,1.669423,1.195494,0.,1.66457,1.192844,0.,       371P   4388
1.659716,1.190194,0.,1.654742,1.187778,0.,1.649768,1.185361,0.,      371P   4389
1.644794,1.182945,0.,1.639711,1.180768,0.,1.634627,1.178591,0.,      371P   4390
1.629544,1.176415,0.,1.624363,1.174482,0.,1.619182,1.17255,0.,       371P   4391
1.614,1.170617,0.,1.608733,1.168933,0.,1.603466,1.16725,0.,          371P   4392
1.598199,1.165566,0.,1.592857,1.164135,0.,1.587516,1.162703,0.,      371P   4393
1.582174,1.161272,0.,1.576771,1.160097,0.,1.571368,1.158921,0.,      371P   4394
1.565964,1.157746,0.,1.560511,1.156829,0.,1.555058,1.155912,0.,      371P   4395
1.549604,1.154995,0.,1.544114,1.154338,0.,1.538623,1.153682,0.,      371P   4396
1.533132,1.153025,0.,1.527616,1.152631,0.,1.522101,1.152236,0.,      371P   4397
1.516585,1.151842,0.,1.511057,1.15171,0.,1.505528,1.151579,0.,       371P   4398
1.5,1.151447,0.,1.494472,1.151579,0.,1.488943,1.15171,0.,            371P   4399
1.483415,1.151842,0.,1.477899,1.152236,0.,1.472384,1.152631,0.,      371P   4400
1.466868,1.153025,0.,1.461377,1.153682,0.,1.455886,1.154338,0.,      371P   4401
1.450396,1.154995,0.,1.444942,1.155912,0.,1.439489,1.156829,0.,      371P   4402
1.434036,1.157746,0.,1.428632,1.158921,0.,1.423229,1.160097,0.,      371P   4403
1.417826,1.161272,0.,1.412484,1.162703,0.,1.407143,1.164135,0.,      371P   4404
1.401801,1.165566,0.,1.396534,1.16725,0.,1.391267,1.168933,0.,       371P   4405
1.386,1.170617,0.,1.380818,1.17255,0.,1.375637,1.174482,0.,          371P   4406
1.370456,1.176415,0.,1.365373,1.178591,0.,1.360289,1.180768,0.,      371P   4407
1.355206,1.182945,0.,1.350232,1.185361,0.,1.345258,1.187778,0.,      371P   4408
1.340284,1.190194,0.,1.33543,1.192844,0.,1.330577,1.195494,0.,       371P   4409
1.325724,1.198144,0.,1.321002,1.201022,0.,1.31628,1.203901,0.,       371P   4410
1.311558,1.206779,0.,1.306979,1.209878,0.,1.302399,1.212978,0.,      371P   4411
1.297819,1.216077,0.,1.293393,1.219391,0.,1.288966,1.222705,0.,      371P   4412
1.284539,1.226019,0.,1.280275,1.22954,0.,1.276011,1.233061,0.,       371P   4413
1.271746,1.236581,0.,1.267655,1.240301,0.,1.263563,1.244021,0.,      371P   4414
1.259471,1.24774,0.,1.255561,1.251651,0.,1.251651,1.255561,0.,       371P   4415
1.24774,1.259471,0.,1.244021,1.263563,0.,1.240301,1.267655,0.,       371P   4416
1.236581,1.271746,0.,1.233061,1.276011,0.,1.22954,1.280275,0.,       371P   4417
1.226019,1.284539,0.,1.222705,1.288966,0.,1.219391,1.293393,0.,      371P   4418
1.216077,1.297819,0.,1.212978,1.302399,0.,1.209878,1.306979,0.,      371P   4419
1.206779,1.311558,0.,1.203901,1.31628,0.,1.201022,1.321002,0.,       371P   4420
1.198144,1.325724,0.,1.195494,1.330577,0.,1.192844,1.33543,0.,       371P   4421
1.190194,1.340284,0.,1.187778,1.345258,0.,1.185361,1.350232,0.,      371P   4422
1.182945,1.355206,0.,1.180768,1.360289,0.,1.178591,1.365373,0.,      371P   4423
1.176415,1.370456,0.,1.174482,1.375637,0.,1.17255,1.380818,0.,       371P   4424
1.170617,1.386,0.,1.168933,1.391267,0.,1.16725,1.396534,0.,          371P   4425
1.165566,1.401801,0.,1.164135,1.407143,0.,1.162703,1.412484,0.,      371P   4426
1.161272,1.417826,0.,1.160097,1.423229,0.,1.158921,1.428632,0.,      371P   4427
1.157746,1.434036,0.,1.156829,1.439489,0.,1.155912,1.444942,0.,      371P   4428
1.154995,1.450396,0.,1.154338,1.455886,0.,1.153682,1.461377,0.,      371P   4429
1.153025,1.466868,0.,1.152631,1.472384,0.,1.152236,1.477899,0.,      371P   4430
1.151842,1.483415,0.,1.15171,1.488943,0.,1.151579,1.494472,0.,       371P   4431
1.151447,1.5,0.,0.,66.,0.,0.,1.;                                     371P   4432
126,198,3,1,0,1,0,0.,0.,0.,0.,1.,1.,1.,2.,2.,2.,3.,3.,3.,4.,4.,      373P   4433
4.,5.,5.,5.,6.,6.,6.,7.,7.,7.,8.,8.,8.,9.,9.,9.,10.,10.,10.,11.,     373P   4434
11.,11.,12.,12.,12.,13.,13.,13.,14.,14.,14.,15.,15.,15.,16.,16.,     373P   4435
16.,17.,17.,17.,18.,18.,18.,19.,19.,19.,20.,20.,20.,21.,21.,21.,     373P   4436
22.,22.,22.,23.,23.,23.,24.,24.,24.,25.,25.,25.,26.,26.,26.,27.,     373P   4437
27.,27.,28.,28.,28.,29.,29.,29.,30.,30.,30.,31.,31.,31.,32.,32.,     373P   4438
32.,33.,33.,33.,34.,34.,34.,35.,35.,35.,36.,36.,36.,37.,37.,37.,     373P   4439
38.,38.,38.,39.,39.,39.,40.,40.,40.,41.,41.,41.,42.,42.,42.,43.,     373P   4440
43.,43.,44.,44.,44.,45.,45.,45.,46.,46.,46.,47.,47.,47.,48.,48.,     373P   4441
48.,49.,49.,49.,50.,50.,50.,51.,51.,51.,52.,52.,52.,53.,53.,53.,     373P   4442
54.,54.,54.,55.,55.,55.,56.,56.,56.,57.,57.,57.,58.,58.,58.,59.,     373P   4443
59.,59.,60.,60.,60.,61.,61.,61.,62.,62.,62.,63.,63.,63.,64.,64.,     373P   4444
64.,65.,65.,65.,66.,66.,66.,66.,1.,1.,1.,1.,1.,1.,1.,1.,1.,1.,       373P   4445
1.,1.,1.,1.,1.,1.,1.,1.,1.,1.,1.,1.,1.,1.,1.,1.,1.,1.,1.,1.,1.,      373P   4446
1.,1.,1.,1.,1.,1.,1.,1.,1.,1.,1.,1.,1.,1.,1.,1.,1.,1.,1.,1.,1.,      373P   4447
1.,1.,1.,1.,1.,1.,1.,1.,1.,1.,1.,1.,1.,1.,1.,1.,1.,1.,1.,1.,1.,      373P   4448
1.,1.,1.,1.,1.,1.,1.,1.,1.,1.,1.,1.,1.,1.,1.,1.,1.,1.,1.,1.,1.,      373P   4449
1.,1.,1.,1.,1.,1.,1.,1.,1.,1.,1.,1.,1.,1.,1.,1.,1.,1.,1.,1.,1.,      373P   4450
1.,1.,1.,1.,1.,1.,1.,1.,1.,1.,1.,1.,1.,1.,1.,1.,1.,1.,1.,1.,1.,      373P   4451
1.,1.,1.,1.,1.,1.,1.,1.,1.,1.,1.,1.,1.,1.,1.,1.,1.,1.,1.,1.,1.,      373P   4452
1.,1.,1.,1.,1.,1.,1.,1.,1.,1.,1.,1.,1.,1.,1.,1.,1.,1.,1.,1.,1.,      373P   4453
1.,1.,1.,1.,1.,1.,1.,1.,1.,1.,1.,1.,1.,1.,1.,1.,1.,1.,1.,1.,1.,      373P   4454
1.151447,1.5,0.,1.151579,1.505528,0.,1.15171,1.511057,0.,            373P   4455
1.151842,1.516585,0.,1.152236,1.522101,0.,1.152631,1.527616,0.,      373P   4456
1.153025,1.533132,0.,1.153682,1.538623,0.,1.154338,1.544114,0.,      373P   4457
1.154995,1.549604,0.,1.155912,1.555058,0.,1.156829,1.560511,0.,      373P   4458
1.157746,1.565964,0.,1.158921,1.571368,0.,1.160097,1.576771,0.,      373P   4459
1.161272,1.582174,0.,1.162703,1.587516,0.,1.164135,1.592857,0.,      373P   4460
1.165566,1.598199,0.,1.16725,1.603466,0.,1.168933,1.608733,0.,       373P   4461
1.170617,1.614,0.,1.17255,1.619182,0.,1.174482,1.624363,0.,          373P   4462
1.176415,1.629544,0.,1.178591,1.634627,0.,1.180768,1.639711,0.,      373P   4463
1.182945,1.644794,0.,1.185361,1.649768,0.,1.187778,1.654742,0.,      373P   4464
1.190194,1.659716,0.,1.192844,1.66457,0.,1.195494,1.669423,0.,       373P   4465
1.198144,1.674276,0.,1.201022,1.678998,0.,1.203901,1.68372,0.,       373P   4466
1.206779,1.688442,0.,1.209878,1.693021,0.,1.212978,1.697601,0.,      373P   4467
1.216077,1.702181,0.,1.219391,1.706607,0.,1.222705,1.711034,0.,      373P   4468
1.226019,1.715461,0.,1.22954,1.719725,0.,1.233061,1.723989,0.,       373P   4469
1.236581,1.728254,0.,1.240301,1.732345,0.,1.244021,1.736437,0.,      373P   4470
1.24774,1.740529,0.,1.251651,1.744439,0.,1.255561,1.748349,0.,       373P   4471
1.259471,1.75226,0.,1.263563,1.755979,0.,1.267655,1.759699,0.,       373P   4472
1.271746,1.763419,0.,1.276011,1.766939,0.,1.280275,1.77046,0.,       373P   4473
1.284539,1.773981,0.,1.288966,1.777295,0.,1.293393,1.780609,0.,      373P   4474
1.297819,1.783923,0.,1.302399,1.787022,0.,1.306979,1.790122,0.,      373P   4475
1.311558,1.793221,0.,1.31628,1.796099,0.,1.321002,1.798978,0.,       373P   4476
1.325724,1.801856,0.,1.330577,1.804506,0.,1.33543,1.807156,0.,       373P   4477
1.340284,1.809806,0.,1.345258,1.812222,0.,1.350232,1.814639,0.,      373P   4478
1.355206,1.817055,0.,1.360289,1.819232,0.,1.365373,1.821409,0.,      373P   4479
1.370456,1.823585,0.,1.375637,1.825518,0.,1.380818,1.82745,0.,       373P   4480
1.386,1.829383,0.,1.391267,1.831067,0.,1.396534,1.83275,0.,          373P   4481
1.401801,1.834434,0.,1.407143,1.835865,0.,1.412484,1.837297,0.,      373P   4482
1.417826,1.838728,0.,1.423229,1.839903,0.,1.428632,1.841079,0.,      373P   4483
1.434036,1.842254,0.,1.439489,1.843171,0.,1.444942,1.844088,0.,      373P   4484
1.450396,1.845005,0.,1.455886,1.845662,0.,1.461377,1.846318,0.,      373P   4485
1.466868,1.846975,0.,1.472384,1.847369,0.,1.477899,1.847764,0.,      373P   4486
1.483415,1.848158,0.,1.488943,1.84829,0.,1.494472,1.848421,0.,       373P   4487
1.5,1.848553,0.,1.505528,1.848421,0.,1.511057,1.84829,0.,            373P   4488
1.516585,1.848158,0.,1.522101,1.847764,0.,1.527616,1.847369,0.,      373P   4489
1.533132,1.846975,0.,1.538623,1.846318,0.,1.544114,1.845662,0.,      373P   4490
1.549604,1.845005,0.,1.555058,1.844088,0.,1.560511,1.843171,0.,      373P   4491
1.565964,1.842254,0.,1.571368,1.841079,0.,1.576771,1.839903,0.,      373P   4492
1.582174,1.838728,0.,1.587516,1.837297,0.,1.592857,1.835865,0.,      373P   4493
1.598199,1.834434,0.,1.603466,1.83275,0.,1.608733,1.831067,0.,       373P   4494
1.614,1.829383,0.,1.619182,1.82745,0.,1.624363,1.825518,0.,          373P   4495
1.629544,1.823585,0.,1.634627,1.821409,0.,1.639711,1.819232,0.,      373P   4496
1.644794,1.817055,0.,1.649768,1.814639,0.,1.654742,1.812222,0.,      373P   4497
1.659716,1.809806,0.,1.66457,1.807156,0.,1.669423,1.804506,0.,       373P   4498
1.674276,1.801856,0.,1.678998,1.798978,0.,1.68372,1.796099,0.,       373P   4499
1.688442,1.793221,0.,1.693021,1.790122,0.,1.697601,1.787022,0.,      373P   4500
1.702181,1.783923,0.,1.706607,1.780609,0.,1.711034,1.777295,0.,      373P   4501
1.715461,1.773981,0.,1.719725,1.77046,0.,1.723989,1.766939,0.,       373P   4502
1.728254,1.763419,0.,1.732345,1.759699,0.,1.736437,1.755979,0.,      373P   4503
1.740529,1.75226,0.,1.744439,1.748349,0.,1.748349,1.744439,0.,       373P   4504
1.75226,1.740529,0.,1.755979,1.736437,0.,1.759699,1.732345,0.,       373P   4505
1.763419,1.728254,0.,1.766939,1.723989,0.,1.77046,1.719725,0.,       373P   4506
1.773981,1.715461,0.,1.777295,1.711034,0.,1.780609,1.706607,0.,      373P   4507
1.783923,1.702181,0.,1.787022,1.697601,0.,1.790122,1.693021,0.,      373P   4508
1.793221,1.688442,0.,1.796099,1.68372,0.,1.798978,1.678998,0.,       373P   4509
1.801856,1.674276,0.,1.804506,1.669423,0.,1.807156,1.66457,0.,       373P   4510
1.809806,1.659716,0.,1.812222,1.654742,0.,1.814639,1.649768,0.,      373P   4511
1.817055,1.644794,0.,1.819232,1.639711,0.,1.821409,1.634627,0.,      373P   4512
1.823585,1.629544,0.,1.825518,1.624363,0.,1.82745,1.619182,0.,       373P   4513
1.829383,1.614,0.,1.831067,1.608733,0.,1.83275,1.603466,0.,          373P   4514
1.834434,1.598199,0.,1.835865,1.592857,0.,1.837297,1.587516,0.,      373P   4515
1.838728,1.582174,0.,1.839903,1.576771,0.,1.841079,1.571368,0.,      373P   4516
1.842254,1.565964,0.,1.843171,1.560511,0.,1.844088,1.555058,0.,      373P   4517
1.845005,1.549604,0.,1.845662,1.544114,0.,1.846318,1.538623,0.,      373P   4518
1.846975,1.533132,0.,1.847369,1.527616,0.,1.847764,1.522101,0.,      373P   4519
1.848158,1.516585,0.,1.84829,1.511057,0.,1.848421,1.505528,0.,       373P   4520
1.848553,1.5,0.,0.,66.,0.,0.,1.;                                     373P   4521
510,377,1,1,379;                                                     375P   4522
128,1,3,1,3,0,0,1,0,0,0.,0.,1.,1.,3.,3.,3.,3.,4.,4.,4.,4.,1.,1.,     377P   4523
1.,1.,1.,1.,1.,1.,-50.,50.,-40.,-50.,50.,0.,-16.66667,50.,-40.,      377P   4524
-16.66667,50.,0.,16.66667,50.,-40.,16.66667,50.,0.,50.,50.,-40.,     377P   4525
50.,50.,0.,0.,1.,3.,4.;                                              377P   4526
508,4,0,5,51,1,1,1,381,0,5,48,0,1,1,383,0,5,52,1,1,1,385,0,5,53,     379P   4527
1,1,1,387;                                                           379P   4528
126,3,3,1,0,1,0,0.,0.,0.,0.,1.,1.,1.,1.,1.,1.,1.,1.,0.,3.,0.,        381P   4529
0.3333333,3.,0.,0.6666667,3.,0.,1.,3.,0.,0.,1.,0.,0.,1.;             381P   4530
126,3,3,1,0,1,0,0.,0.,0.,0.,1.,1.,1.,1.,1.,1.,1.,1.,1.,3.,0.,1.,     383P   4531
3.333333,0.,1.,3.666667,0.,1.,4.,0.,0.,1.,0.,0.,1.;                  383P   4532
126,3,3,1,0,1,0,0.,0.,0.,0.,1.,1.,1.,1.,1.,1.,1.,1.,1.,4.,0.,        385P   4533
0.6666667,4.,0.,0.3333333,4.,0.,0.,4.,0.,0.,1.,0.,0.,1.;             385P   4534
126,3,3,1,0,1,0,0.,0.,0.,0.,1.,1.,1.,1.,1.,1.,1.,1.,0.,4.,0.,0.,     387P   4535
3.666667,0.,0.,3.333333,0.,0.,3.,0.,0.,1.,0.,0.,1.;                  387P   4536
510,391,1,1,393;                                                     389P   4537
128,6,6,6,6,0,0,1,0,0,1.,1.,1.,1.,1.,1.,1.,2.,2.,2.,2.,2.,2.,2.,     391P   4538
1.,1.,1.,1.,1.,1.,1.,2.,2.,2.,2.,2.,2.,2.,1.,1.,1.,1.,1.,1.,1.,      391P   4539
1.,1.,1.,1.,1.,1.,1.,1.,1.,1.,1.,1.,1.,1.,1.,1.,1.,1.,1.,1.,1.,      391P   4540
1.,1.,1.,1.,1.,1.,1.,1.,1.,1.,1.,1.,1.,1.,1.,1.,1.,1.,1.,1.,1.,      391P   4541
50.1,-50.1,-40.,33.4,-50.1,-40.,16.7,-50.1,-40.,3.552714D-014,       391P   4542
-50.1,-40.,-16.7,-50.1,-40.,-33.4,-50.1,-40.,-50.1,-50.1,-40.,       391P   4543
50.1,-33.4,-40.,33.4,-33.4,-40.,16.7,-33.4,-40.,3.552714D-014,       391P   4544
-33.4,-40.,-16.7,-33.4,-40.,-33.4,-33.4,-40.,-50.1,-33.4,-40.,       391P   4545
50.1,-16.7,-40.,33.4,-16.7,-40.,16.7,-16.7,-40.,3.552714D-014,       391P   4546
-16.7,-40.,-16.7,-16.7,-40.,-33.4,-16.7,-40.,-50.1,-16.7,-40.,       391P   4547
50.1,-2.131628D-014,-40.,33.4,-2.131628D-014,-40.,16.7,              391P   4548
-2.131628D-014,-40.,3.552714D-014,-2.131628D-014,-40.,-16.7,         391P   4549
-2.131628D-014,-40.,-33.4,-2.131628D-014,-40.,-50.1,                 391P   4550
-2.131628D-014,-40.,50.1,16.7,-40.,33.4,16.7,-40.,16.7,16.7,         391P   4551
-40.,3.552714D-014,16.7,-40.,-16.7,16.7,-40.,-33.4,16.7,-40.,        391P   4552
-50.1,16.7,-40.,50.1,33.4,-40.,33.4,33.4,-40.,16.7,33.4,-40.,        391P   4553
3.552714D-014,33.4,-40.,-16.7,33.4,-40.,-33.4,33.4,-40.,-50.1,       391P   4554
33.4,-40.,50.1,50.1,-40.,33.4,50.1,-40.,16.7,50.1,-40.,              391P   4555
3.552714D-014,50.1,-40.,-16.7,50.1,-40.,-33.4,50.1,-40.,-50.1,       391P   4556
50.1,-40.,1.,2.,1.,2.;                                               391P   4557
508,4,0,5,53,0,1,1,395,0,5,54,1,1,1,397,0,5,55,1,1,1,399,0,5,56,     393P   4558
1,1,1,401;                                                           393P   4559
126,3,3,1,0,1,0,0.,0.,0.,0.,1.,1.,1.,1.,1.,1.,1.,1.,1.999002,        395P   4560
1.999002,0.,1.666334,1.999002,0.,1.333666,1.999002,0.,1.000998,      395P   4561
1.999002,0.,0.,1.,0.,0.,1.;                                          395P   4562
126,3,3,1,0,1,0,0.,0.,0.,0.,1.,1.,1.,1.,1.,1.,1.,1.,1.000998,        397P   4563
1.999002,0.,1.000998,1.666334,0.,1.000998,1.333666,0.,1.000998,      397P   4564
1.000998,0.,0.,1.,0.,0.,1.;                                          397P   4565
126,3,3,1,0,1,0,0.,0.,0.,0.,1.,1.,1.,1.,1.,1.,1.,1.,1.000998,        399P   4566
1.000998,0.,1.333666,1.000998,0.,1.666334,1.000998,0.,1.999002,      399P   4567
1.000998,0.,0.,1.,0.,0.,1.;                                          399P   4568
126,3,3,1,0,1,0,0.,0.,0.,0.,1.,1.,1.,1.,1.,1.,1.,1.,1.999002,        401P   4569
1.000998,0.,1.999002,1.333666,0.,1.999002,1.666334,0.,1.999002,      401P   4570
1.999002,0.,0.,1.,0.,0.,1.;                                          401P   4571
510,405,1,1,407;                                                     403P   4572
128,4,4,2,2,0,0,0,0,0,-2.,-2.,-2.,-1.,-1.,0.,0.,0.,0.,0.,0.,1.,      405P   4573
1.,2.,2.,2.,1.,0.7071068,1.,0.7071068,1.,0.9824496,0.6946968,        405P   4574
0.9824496,0.6946968,0.9824496,1.,0.7071068,1.,0.7071068,1.,          405P   4575
0.9787967,0.6921138,0.9787967,0.6921138,0.9787967,1.,0.7071068,      405P   4576
1.,0.7071068,1.,0.,-2.22481D-015,-25.4,0.,-2.22481D-015,-25.4,       405P   4577
0.,-2.22481D-015,-25.4,0.,-2.22481D-015,-25.4,0.,-2.22481D-015,      405P   4578
-25.4,-6.023864,-2.573368D-015,-25.62499,-6.023864,6.023861,         405P   4579
-25.62499,7.105427D-015,6.023861,-25.62499,6.023864,6.023861,        405P   4580
-25.62499,6.023864,-1.903807D-015,-25.62499,-11.54608,               405P   4581
-3.056148D-015,-28.04213,-11.54608,11.54608,-28.04213,0.,            405P   4582
11.54608,-28.04213,11.54608,11.54608,-28.04213,11.54608,             405P   4583
-1.71703D-015,-28.04213,-12.76344,-3.238726D-015,-28.575,            405P   4584
-12.76344,12.76344,-28.575,0.,12.76344,-28.575,12.76345,             405P   4585
12.76344,-28.575,12.76345,-1.599707D-015,-28.575,-14.09232,          405P   4586
-3.388675D-015,-28.575,-14.09232,14.09232,-28.575,0.,14.09232,       405P   4587
-28.575,14.09233,14.09232,-28.575,14.09233,-1.449759D-015,           405P   4588
-28.575,-2.,0.,0.,2.;                                                405P   4589
508,12,0,5,7,0,1,0,409,0,5,57,1,1,0,411,0,5,58,1,1,1,413,0,5,1,      407P   4590
0,1,0,415,0,5,59,1,1,0,417,0,5,60,1,1,1,419,0,5,30,0,1,0,421,0,      407P   4591
5,61,1,1,0,423,0,5,62,1,1,1,425,0,5,63,0,1,1,427,0,5,64,1,1,1,       407P   4592
429,0,5,65,1,1,1,431;                                                407P   4593
126,49,3,1,0,1,0,0.,0.,0.,0.,1.,1.,1.,2.,2.,3.483781562,             409P   4594
3.483781562,3.483781562,4.483781562,4.483781562,4.778815684,         409P   4595
4.778815684,4.778815684,5.778815684,5.778815684,5.778815684,         409P   4596
6.778815684,6.778815684,6.778815684,7.778815684,7.778815684,         409P   4597
7.778815684,8.778815684,8.778815684,8.778815684,9.778815684,         409P   4598
9.778815684,9.778815684,10.77881568,10.77881568,10.77881568,         409P   4599
11.77881568,11.77881568,11.77881568,12.77881568,12.77881568,         409P   4600
12.77881568,13.77881568,13.77881568,13.77881568,14.77881568,         409P   4601
14.77881568,14.77881568,15.77881568,15.77881568,15.77881568,         409P   4602
16.77881568,16.77881568,16.77881568,16.77881568,1.,1.,1.,1.,1.,      409P   4603
1.,1.,1.,1.,1.,1.,1.,1.,1.,1.,1.,1.,1.,1.,1.,1.,1.,1.,1.,1.,1.,      409P   4604
1.,1.,1.,1.,1.,1.,1.,1.,1.,1.,1.,1.,1.,1.,1.,1.,1.,1.,1.,1.,1.,      409P   4605
1.,1.,1.,-0.04335364,2.,0.,-0.0424571,1.963879,0.,-0.04155885,       409P   4606
1.927758,0.,-0.04066576,1.891637,0.,-0.03950882,1.795616,0.,         409P   4607
-0.03836717,1.699594,0.,-0.03594071,1.461093,0.,-0.03593188,         409P   4608
1.318605,0.,-0.03540178,1.176122,0.,-0.03572932,1.127199,0.,         409P   4609
-0.03603879,1.078276,0.,-0.03644804,1.01492,0.,-0.03654058,          409P   4610
1.000486,0.,-0.03663366,0.986052,0.,-0.03763658,0.9688433,0.,        409P   4611
-0.03863952,0.9516347,0.,-0.03964245,0.934426,0.,-0.04165599,        409P   4612
0.9174777,0.,-0.04366953,0.9005294,0.,-0.04568307,0.8835811,0.,      409P   4613
-0.04903668,0.8669161,0.,-0.05239028,0.8502512,0.,-0.05574389,       409P   4614
0.8335862,0.,-0.06018656,0.8169949,0.,-0.06462922,0.8004037,0.,      409P   4615
-0.06907189,0.7838124,0.,-0.07518332,0.7673266,0.,-0.08129475,       409P   4616
0.7508409,0.,-0.08740618,0.7343551,0.,-0.09532015,0.7187168,0.,      409P   4617
-0.1032341,0.7030785,0.,-0.1111481,0.6874402,0.,-0.1212609,          409P   4618
0.6727994,0.,-0.1313736,0.6581585,0.,-0.1414864,0.6435177,0.,        409P   4619
-0.1540384,0.6304009,0.,-0.1665904,0.6172842,0.,-0.1791424,          409P   4620
0.6041674,0.,-0.1919576,0.5946904,0.,-0.2047727,0.5852134,0.,        409P   4621
-0.2175879,0.5757364,0.,-0.2291673,0.5693491,0.,-0.2407468,          409P   4622
0.5629619,0.,-0.2523262,0.5565746,0.,-0.2646944,0.5514726,0.,        409P   4623
-0.2770625,0.5463706,0.,-0.2894307,0.5412686,0.,-0.296318,           409P   4624
0.5393528,0.,-0.3032054,0.5374371,0.,-0.3100927,0.5355213,0.,0.,     409P   4625
16.77881568,0.,0.,1.;                                                409P   4626
126,58,3,1,0,1,0,0.,0.,0.,0.,1.,1.,1.,2.,2.,2.,3.,3.,3.,4.,4.,       411P   4627
4.,5.,5.,5.,6.,6.,6.,7.,7.,7.,8.,8.,8.,9.,9.,9.,10.,10.,10.,11.,     411P   4628
11.,11.,12.,12.,12.,13.,13.,13.,14.,14.,14.,15.,15.,15.93911372,     411P   4629
15.93911372,15.93911372,16.93911372,16.93911372,18.08145578,         411P   4630
18.08145578,18.08145578,19.08145578,19.08145578,19.08145578,         411P   4631
20.08145578,20.08145578,20.08145578,20.08145578,1.,1.,1.,1.,1.,      411P   4632
1.,1.,1.,1.,1.,1.,1.,1.,1.,1.,1.,1.,1.,1.,1.,1.,1.,1.,1.,1.,1.,      411P   4633
1.,1.,1.,1.,1.,1.,1.,1.,1.,1.,1.,1.,1.,1.,1.,1.,1.,1.,1.,1.,1.,      411P   4634
1.,1.,1.,1.,1.,1.,1.,1.,1.,1.,1.,1.,-0.3100927,0.5355213,0.,         411P   4635
-0.3166134,0.5337075,0.,-0.3231341,0.5318938,0.,-0.3296548,          411P   4636
0.53008,0.,-0.3437232,0.5279835,0.,-0.3577917,0.5258869,0.,          411P   4637
-0.3718601,0.5237904,0.,-0.3862598,0.5234042,0.,-0.4006596,          411P   4638
0.5230179,0.,-0.4150593,0.5226317,0.,-0.4294612,0.5239992,0.,        411P   4639
-0.4438631,0.5253668,0.,-0.458265,0.5267343,0.,-0.4717725,           411P   4640
0.5297272,0.,-0.4852801,0.5327201,0.,-0.4987876,0.535713,0.,         411P   4641
-0.5113105,0.5402075,0.,-0.5238334,0.5447021,0.,-0.5363563,          411P   4642
0.5491966,0.,-0.550571,0.5566327,0.,-0.5647858,0.5640687,0.,         411P   4643
-0.5790005,0.5715048,0.,-0.5936101,0.582894,0.,-0.6082197,           411P   4644
0.5942833,0.,-0.6228293,0.6056725,0.,-0.635001,0.6192413,0.,         411P   4645
-0.6471726,0.6328101,0.,-0.6593443,0.6463789,0.,-0.668869,           411P   4646
0.6613421,0.,-0.6783936,0.6763052,0.,-0.6879183,0.6912684,0.,        411P   4647
-0.6953655,0.7073072,0.,-0.7028127,0.7233461,0.,-0.7102599,          411P   4648
0.7393849,0.,-0.7161992,0.7562982,0.,-0.7221385,0.7732114,0.,        411P   4649
-0.7280778,0.7901247,0.,-0.732189,0.8078156,0.,-0.7363002,           411P   4650
0.8255066,0.,-0.7404112,0.8431975,0.,-0.7430894,0.8609267,0.,        411P   4651
-0.7457622,0.8786562,0.,-0.7484435,0.8963852,0.,-0.7499999,          411P   4652
0.9183007,0.,-0.7536488,0.9400712,0.,-0.7548152,0.9827028,0.,        411P   4653
-0.755984,1.003311,0.,-0.7566595,1.023953,0.,-0.7567343,             411P   4654
1.136107,0.,-0.7568083,1.248262,0.,-0.7564913,1.488535,0.,           411P   4655
-0.7557357,1.616652,0.,-0.7548841,1.744768,0.,-0.754161,1.79715,     411P   4656
0.,-0.7534253,1.849531,0.,-0.7526986,1.901913,0.,-0.7517346,         411P   4657
1.934609,0.,-0.7507707,1.967304,0.,-0.7498067,2.,0.,0.,              411P   4658
20.08145578,0.,0.,1.;                                                411P   4659
126,3,3,1,0,1,0,0.,0.,0.,0.,1.,1.,1.,1.,1.,1.,1.,1.,-0.7498067,      413P   4660
2.,0.,-0.7764502,2.,0.,-0.8030937,2.,0.,-0.8297371,2.,0.,0.,1.,      413P   4661
0.,0.,1.;                                                            413P   4662
126,48,3,1,0,1,0,0.,0.,0.,0.,1.,1.,1.,2.,2.,3.483787577,             415P   4663
3.483787577,3.483787577,4.483787577,4.483787577,4.48398506,          415P   4664
4.48398506,4.755684593,4.755684593,4.755684593,5.755684593,          415P   4665
5.755684593,5.755684593,6.755684593,6.755684593,6.755684593,         415P   4666
7.755684593,7.755684593,7.755684593,8.755684593,8.755684593,         415P   4667
8.755684593,9.755684593,9.755684593,9.755684593,10.75568459,         415P   4668
10.75568459,10.75568459,11.75568459,11.75568459,11.75568459,         415P   4669
12.75568459,12.75568459,12.75568459,13.75568459,13.75568459,         415P   4670
13.75568459,14.75568459,14.75568459,14.75568459,15.75568459,         415P   4671
15.75568459,15.75568459,15.75568459,1.,1.,1.,1.,1.,1.,1.,1.,1.,      415P   4672
1.,1.,1.,1.,1.,1.,1.,1.,1.,1.,1.,1.,1.,1.,1.,1.,1.,1.,1.,1.,1.,      415P   4673
1.,1.,1.,1.,1.,1.,1.,1.,1.,1.,1.,1.,1.,1.,1.,1.,1.,1.,1.,            415P   4674
-0.8297371,2.,0.,-0.8288905,1.963913,0.,-0.8280434,1.927826,0.,      415P   4675
-0.8271979,1.891739,0.,-0.8261519,1.795714,0.,-0.8250854,            415P   4676
1.69969,0.,-0.8227985,1.461182,0.,-0.8228402,1.31869,0.,             415P   4677
-0.8223165,1.176203,0.,-0.822703,1.112825,0.,-0.8230894,             415P   4678
1.049447,0.,-0.823476,0.9860563,0.,-0.8234772,0.9860438,0.,          415P   4679
-0.8243825,0.968835,0.,-0.8252871,0.9516386,0.,-0.8261917,           415P   4680
0.9344423,0.,-0.8281424,0.9174858,0.,-0.8300932,0.9005293,0.,        415P   4681
-0.8320439,0.8835728,0.,-0.8351982,0.8669153,0.,-0.8383526,          415P   4682
0.8502578,0.,-0.8415069,0.8336003,0.,-0.8457902,0.8169987,0.,        415P   4683
-0.8500735,0.8003971,0.,-0.8543568,0.7837955,0.,-0.8603529,          415P   4684
0.7673031,0.,-0.8663491,0.7508106,0.,-0.8723452,0.7343182,0.,        415P   4685
-0.8801211,0.7186829,0.,-0.8878969,0.7030475,0.,-0.8956728,          415P   4686
0.6874122,0.,-0.9059877,0.6727818,0.,-0.9163026,0.6581514,0.,        415P   4687
-0.9266175,0.643521,0.,-0.9398351,0.6303996,0.,-0.9530526,           415P   4688
0.6172782,0.,-0.9662702,0.6041568,0.,-0.9801078,0.594684,0.,         415P   4689
-0.9939454,0.5852111,0.,-1.007783,0.5757383,0.,-1.020534,            415P   4690
0.5693526,0.,-1.033284,0.562967,0.,-1.046035,0.5565813,0.,           415P   4691
-1.059713,0.5514624,0.,-1.073392,0.5463435,0.,-1.08707,              415P   4692
0.5412246,0.,-1.094432,0.5393152,0.,-1.101795,0.5374058,0.,          415P   4693
-1.109157,0.5354963,0.,0.,15.75568459,0.,0.,1.;                      415P   4694
126,58,3,1,0,1,0,0.,0.,0.,0.,1.,1.,1.,2.,2.,2.,3.,3.,3.,4.,4.,       417P   4695
4.,5.,5.,5.,6.,6.,6.,7.,7.,7.,8.,8.,8.,9.,9.,9.,10.,10.,10.,11.,     417P   4696
11.,11.,12.,12.,12.,13.,13.,13.,14.,14.,14.,15.,15.,15.93986391,     417P   4697
15.93986391,15.93986391,16.93986391,16.93986391,18.08207364,         417P   4698
18.08207364,18.08207364,19.08207364,19.08207364,19.08207364,         417P   4699
20.08207364,20.08207364,20.08207364,20.08207364,1.,1.,1.,1.,1.,      417P   4700
1.,1.,1.,1.,1.,1.,1.,1.,1.,1.,1.,1.,1.,1.,1.,1.,1.,1.,1.,1.,1.,      417P   4701
1.,1.,1.,1.,1.,1.,1.,1.,1.,1.,1.,1.,1.,1.,1.,1.,1.,1.,1.,1.,1.,      417P   4702
1.,1.,1.,1.,1.,1.,1.,1.,1.,1.,1.,1.,-1.109157,0.5354963,0.,          417P   4703
-1.116173,0.533677,0.,-1.123188,0.5318576,0.,-1.130203,              417P   4704
0.5300383,0.,-1.145134,0.5279477,0.,-1.160065,0.5258571,0.,          417P   4705
-1.174996,0.5237665,0.,-1.190212,0.5233851,0.,-1.205429,             417P   4706
0.5230036,0.,-1.220645,0.5226222,0.,-1.235679,0.5239915,0.,          417P   4707
-1.250714,0.5253607,0.,-1.265748,0.52673,0.,-1.279697,0.5297231,     417P   4708
0.,-1.293646,0.5327162,0.,-1.307595,0.5357093,0.,-1.320305,          417P   4709
0.5402068,0.,-1.333016,0.5447043,0.,-1.345726,0.5492018,0.,          417P   4710
-1.360068,0.5566393,0.,-1.374411,0.5640769,0.,-1.388753,             417P   4711
0.5715144,0.,-1.403364,0.5829034,0.,-1.417976,0.5942924,0.,          417P   4712
-1.432587,0.6056814,0.,-1.44467,0.6192507,0.,-1.456752,              417P   4713
0.6328199,0.,-1.468835,0.6463892,0.,-1.478156,0.661351,0.,           417P   4714
-1.487477,0.6763129,0.,-1.496798,0.6912747,0.,-1.504047,             417P   4715
0.7073132,0.,-1.511297,0.7233518,0.,-1.518546,0.7393903,0.,          417P   4716
-1.524311,0.7563004,0.,-1.530075,0.7732104,0.,-1.53584,              417P   4717
0.7901205,0.,-1.539792,0.8078195,0.,-1.543743,0.8255185,0.,          417P   4718
-1.547695,0.8432175,0.,-1.550322,0.8609309,0.,-1.552943,             417P   4719
0.8786447,0.,-1.555573,0.8963578,0.,-1.557041,0.9182811,0.,          417P   4720
-1.560511,0.9400737,0.,-1.561587,0.9827237,0.,-1.562688,             417P   4721
1.003353,0.,-1.563313,1.024013,0.,-1.563411,1.13617,0.,              417P   4722
-1.563507,1.248327,0.,-1.563087,1.488591,0.,-1.562539,1.616697,      417P   4723
0.,-1.561583,1.744801,0.,-1.560914,1.797165,0.,-1.560229,            417P   4724
1.849529,0.,-1.559549,1.901893,0.,-1.55861,1.934595,0.,              417P   4725
-1.557671,1.967298,0.,-1.556731,2.,0.,0.,20.08207364,0.,0.,1.;       417P   4726
126,3,3,1,0,1,0,0.,0.,0.,0.,1.,1.,1.,1.,1.,1.,1.,1.,-1.556731,       419P   4727
2.,0.,-1.582126,2.,0.,-1.607521,2.,0.,-1.632915,2.,0.,0.,1.,0.,      419P   4728
0.,1.;                                                               419P   4729
126,49,3,1,0,1,0,0.,0.,0.,0.,1.,1.,1.,2.,2.,3.483165076,             421P   4730
3.483165076,3.483165076,4.483165076,4.483165076,4.77773435,          421P   4731
4.77773435,4.77773435,5.77773435,5.77773435,5.77773435,              421P   4732
6.77773435,6.77773435,6.77773435,7.77773435,7.77773435,              421P   4733
7.77773435,8.77773435,8.77773435,8.77773435,9.77773435,              421P   4734
9.77773435,9.77773435,10.77773435,10.77773435,10.77773435,           421P   4735
11.77773435,11.77773435,11.77773435,12.77773435,12.77773435,         421P   4736
12.77773435,13.77773435,13.77773435,13.77773435,14.77773435,         421P   4737
14.77773435,14.77773435,15.77773435,15.77773435,15.77773435,         421P   4738
16.77773435,16.77773435,16.77773435,16.77773435,1.,1.,1.,1.,1.,      421P   4739
1.,1.,1.,1.,1.,1.,1.,1.,1.,1.,1.,1.,1.,1.,1.,1.,1.,1.,1.,1.,1.,      421P   4740
1.,1.,1.,1.,1.,1.,1.,1.,1.,1.,1.,1.,1.,1.,1.,1.,1.,1.,1.,1.,1.,      421P   4741
1.,1.,1.,-1.632915,2.,0.,-1.632026,1.964063,0.,-1.631135,            421P   4742
1.928125,0.,-1.630247,1.892188,0.,-1.629312,1.796094,0.,             421P   4743
-1.628387,1.7,0.,-1.626268,1.46138,0.,-1.626195,1.318848,0.,         421P   4744
-1.625767,1.176319,0.,-1.626077,1.127341,0.,-1.626378,1.078364,      421P   4745
0.,-1.626772,1.014959,0.,-1.626861,1.000532,0.,-1.626951,            421P   4746
0.9861047,0.,-1.627637,0.9689053,0.,-1.628324,0.9517059,0.,          421P   4747
-1.62901,0.9345065,0.,-1.631029,0.9175336,0.,-1.633048,              421P   4748
0.9005607,0.,-1.635067,0.8835878,0.,-1.637998,0.8669214,0.,          421P   4749
-1.640928,0.850255,0.,-1.643859,0.8335886,0.,-1.647745,              421P   4750
0.8169934,0.,-1.651632,0.8003983,0.,-1.655518,0.7838031,0.,          421P   4751
-1.66099,0.7673403,0.,-1.666461,0.7508775,0.,-1.671933,              421P   4752
0.7344147,0.,-1.679477,0.7187647,0.,-1.687022,0.7031147,0.,          421P   4753
-1.694566,0.6874647,0.,-1.704137,0.6727928,0.,-1.713708,             421P   4754
0.6581208,0.,-1.723279,0.6434489,0.,-1.735126,0.6303511,0.,          421P   4755
-1.746973,0.6172534,0.,-1.75882,0.6041556,0.,-1.771399,0.594688,     421P   4756
0.,-1.783977,0.5852203,0.,-1.796556,0.5757527,0.,-1.808511,          421P   4757
0.5693607,0.,-1.820465,0.5629688,0.,-1.83242,0.5565768,0.,           421P   4758
-1.84566,0.5514515,0.,-1.8589,0.5463262,0.,-1.87214,0.5412009,       421P   4759
0.,-1.87931,0.5393472,0.,-1.88648,0.5374935,0.,-1.893649,            421P   4760
0.5356398,0.,0.,16.77773435,0.,0.,1.;                                421P   4761
126,9,3,1,0,1,0,0.,0.,0.,0.,1.,1.,1.,2.,2.,2.,3.,3.,3.,3.,1.,1.,     423P   4762
1.,1.,1.,1.,1.,1.,1.,1.,-1.893649,0.5356398,0.,-1.900905,            423P   4763
0.5337639,0.,-1.908161,0.5318879,0.,-1.915417,0.530012,0.,           423P   4764
-1.930867,0.527927,0.,-1.946318,0.525842,0.,-1.961768,0.523757,      423P   4765
0.,-1.974512,0.523465,0.,-1.987256,0.5231729,0.,-2.,0.5228809,       423P   4766
0.,0.,3.,0.,0.,1.;                                                   423P   4767
126,3,3,1,0,1,0,0.,0.,0.,0.,1.,1.,1.,1.,1.,1.,1.,1.,-2.,             425P   4768
0.5228809,0.,-2.,0.3485873,0.,-2.,0.1742936,0.,-2.,0.,0.,0.,1.,      425P   4769
0.,0.,1.;                                                            425P   4770
126,3,3,1,0,1,0,0.,0.,0.,0.,1.,1.,1.,1.,1.,1.,1.,1.,-2.,0.,0.,       427P   4771
-1.333333,0.,0.,-0.6666667,0.,0.,0.,0.,0.,0.,1.,0.,0.,1.;            427P   4772
126,3,3,1,0,1,0,0.,0.,0.,0.,1.,1.,1.,1.,1.,1.,1.,1.,0.,0.,0.,0.,     429P   4773
0.6666667,0.,0.,1.333333,0.,0.,2.,0.,0.,1.,0.,0.,1.;                 429P   4774
126,3,3,1,0,1,0,0.,0.,0.,0.,1.,1.,1.,1.,1.,1.,1.,1.,0.,2.,0.,        431P   4775
-0.01445121,2.,0.,-0.02890242,2.,0.,-0.04335364,2.,0.,0.,1.,0.,      431P   4776
0.,1.;                                                               431P   4777
510,435,1,1,437;                                                     433P   4778
128,8,2,2,2,1,0,0,0,0,-5.,-4.,-4.,-3.,-3.,-2.,-2.,-1.,-1.,0.,0.,     435P   4779
1.,2.,2.,2.,3.,3.,3.,1.,0.7071068,1.,0.7071068,1.,0.7071068,1.,      435P   4780
0.7071068,1.,1.,0.7071068,1.,0.7071068,1.,0.7071068,1.,              435P   4781
0.7071068,1.,1.,0.7071068,1.,0.7071068,1.,0.7071068,1.,              435P   4782
0.7071068,1.,14.09233,-1.449759D-015,-28.575,14.09233,-14.09232,     435P   4783
-28.575,0.,-14.09232,-28.575,-14.09232,-14.09232,-28.575,            435P   4784
-14.09232,-3.388675D-015,-28.575,-14.09232,14.09232,-28.575,0.,      435P   4785
14.09232,-28.575,14.09233,14.09232,-28.575,14.09233,                 435P   4786
-1.449759D-015,-28.575,19.22635,-1.449759D-015,-28.575,19.22635,     435P   4787
-19.22634,-28.575,0.,-19.22634,-28.575,-19.22634,-19.22634,          435P   4788
-28.575,-19.22634,-3.388675D-015,-28.575,-19.22634,19.22634,         435P   4789
-28.575,0.,19.22634,-28.575,19.22635,19.22634,-28.575,19.22635,      435P   4790
-1.449759D-015,-28.575,24.36038,-1.449759D-015,-28.575,24.36038,     435P   4791
-24.36037,-28.575,0.,-24.36037,-28.575,-24.36037,-24.36037,          435P   4792
-28.575,-24.36037,-3.388675D-015,-28.575,-24.36037,24.36037,         435P   4793
-28.575,0.,24.36037,-28.575,24.36038,24.36037,-28.575,24.36038,      435P   4794
-1.449759D-015,-28.575,-4.,0.,2.,3.;                                 435P   4795
508,4,0,5,8,0,1,0,439,0,5,65,0,1,1,441,0,5,66,1,1,1,443,0,5,41,      437P   4796
0,1,1,445;                                                           437P   4797
126,28,3,1,0,1,0,0.,0.,0.,0.,1.,1.,57.61925476,57.61925476,          439P   4798
57.61925476,58.61925476,58.61925476,58.61925476,59.61925476,         439P   4799
59.61925476,59.61925476,60.61925476,60.61925476,60.61925476,         439P   4800
61.61925476,61.61925476,61.61925476,62.61925476,62.61925476,         439P   4801
63.62088572,63.62088572,63.62088572,64.62088572,64.62088572,         439P   4802
64.62088572,65.62088572,65.62088572,65.62088572,65.62088572,1.,      439P   4803
1.,1.,1.,1.,1.,1.,1.,1.,1.,1.,1.,1.,1.,1.,1.,1.,1.,1.,1.,1.,1.,      439P   4804
1.,1.,1.,1.,1.,1.,1.,-0.1389397,3.,0.,-0.1389241,2.999652,0.,        439P   4805
-0.1389351,2.999303,0.,-0.1379219,2.979253,0.,-0.1369264,            439P   4806
2.959552,0.,-0.1359308,2.93985,0.,-0.133967,2.909641,0.,             439P   4807
-0.1320033,2.879433,0.,-0.1300395,2.849224,0.,-0.1268821,            439P   4808
2.810104,0.,-0.1237299,2.770984,0.,-0.1205704,2.731865,0.,           439P   4809
-0.1135391,2.653801,0.,-0.1064457,2.575743,0.,-0.09928688,           439P   4810
2.497691,0.,-0.09500682,2.456146,0.,-0.09072413,2.4146,0.,           439P   4811
-0.08643947,2.373055,0.,-0.08009339,2.320316,0.,-0.07374783,         439P   4812
2.267578,0.,-0.06089309,2.162033,0.,-0.05439297,2.109226,0.,         439P   4813
-0.04750888,2.056467,0.,-0.04626302,2.04273,0.,-0.04499132,          439P   4814
2.028996,0.,-0.04373254,2.015261,0.,-0.04360624,2.010174,0.,         439P   4815
-0.04347994,2.005087,0.,-0.04335364,2.,0.,0.,65.62088572,0.,0.,      439P   4816
1.;                                                                  439P   4817
126,3,3,1,0,1,0,0.,0.,0.,0.,1.,1.,1.,1.,1.,1.,1.,1.,-0.04335364,     441P   4818
2.,0.,-0.02890242,2.,0.,-0.01445121,2.,0.,0.,2.,0.,0.,1.,0.,0.,      441P   4819
1.;                                                                  441P   4820
126,3,3,1,0,1,0,0.,0.,0.,0.,1.,1.,1.,1.,1.,1.,1.,1.,0.,2.,0.,0.,     443P   4821
2.333333,0.,0.,2.666667,0.,0.,3.,0.,0.,1.,0.,0.,1.;                  443P   4822
126,3,3,1,0,1,0,0.,0.,0.,0.,1.,1.,1.,1.,1.,1.,1.,1.,0.,3.,0.,        445P   4823
-0.04631322,3.,0.,-0.09262644,3.,0.,-0.1389397,3.,0.,0.,1.,0.,       445P   4824
0.,1.;                                                               445P   4825
510,449,1,1,451;                                                     447P   4826
128,1,3,1,3,0,0,1,0,0,0.,0.,1.,1.,0.,0.,0.,0.,1.,1.,1.,1.,1.,1.,     449P   4827
1.,1.,1.,1.,1.,1.,50.,50.,-40.,50.,50.,0.,50.,16.66667,-40.,50.,     449P   4828
16.66667,0.,50.,-16.66667,-40.,50.,-16.66667,0.,50.,-50.,-40.,       449P   4829
50.,-50.,0.,0.,1.,0.,1.;                                             449P   4830
508,4,0,5,47,0,1,1,453,0,5,67,1,1,1,455,0,5,54,0,1,1,457,0,5,52,     451P   4831
0,1,1,459;                                                           451P   4832
126,3,3,1,0,1,0,0.,0.,0.,0.,1.,1.,1.,1.,1.,1.,1.,1.,1.,0.,0.,1.,     453P   4833
0.3333333,0.,1.,0.6666667,0.,1.,1.,0.,0.,1.,0.,0.,1.;                453P   4834
126,3,3,1,0,1,0,0.,0.,0.,0.,1.,1.,1.,1.,1.,1.,1.,1.,1.,1.,0.,        455P   4835
0.6666667,1.,0.,0.3333333,1.,0.,0.,1.,0.,0.,1.,0.,0.,1.;             455P   4836
126,3,3,1,0,1,0,0.,0.,0.,0.,1.,1.,1.,1.,1.,1.,1.,1.,0.,1.,0.,0.,     457P   4837
0.6666667,0.,0.,0.3333333,0.,0.,0.,0.,0.,1.,0.,0.,1.;                457P   4838
126,3,3,1,0,1,0,0.,0.,0.,0.,1.,1.,1.,1.,1.,1.,1.,1.,0.,0.,0.,        459P   4839
0.3333333,0.,0.,0.6666667,0.,0.,1.,0.,0.,0.,1.,0.,0.,1.;             459P   4840
510,463,1,1,465;                                                     461P   4841
128,1,3,1,3,0,0,1,0,0,0.,0.,1.,1.,1.,1.,1.,1.,2.,2.,2.,2.,1.,1.,     463P   4842
1.,1.,1.,1.,1.,1.,50.,-50.,-40.,50.,-50.,0.,16.66667,-50.,-40.,      463P   4843
16.66667,-50.,0.,-16.66667,-50.,-40.,-16.66667,-50.,0.,-50.,         463P   4844
-50.,-40.,-50.,-50.,0.,0.,1.,1.,2.;                                  463P   4845
508,4,0,5,67,0,1,1,467,0,5,46,0,1,1,469,0,5,68,1,1,1,471,0,5,55,     465P   4846
0,1,1,473;                                                           465P   4847
126,3,3,1,0,1,0,0.,0.,0.,0.,1.,1.,1.,1.,1.,1.,1.,1.,0.,1.,0.,        467P   4848
0.3333333,1.,0.,0.6666667,1.,0.,1.,1.,0.,0.,1.,0.,0.,1.;             467P   4849
126,3,3,1,0,1,0,0.,0.,0.,0.,1.,1.,1.,1.,1.,1.,1.,1.,1.,1.,0.,1.,     469P   4850
1.333333,0.,1.,1.666667,0.,1.,2.,0.,0.,1.,0.,0.,1.;                  469P   4851
126,3,3,1,0,1,0,0.,0.,0.,0.,1.,1.,1.,1.,1.,1.,1.,1.,1.,2.,0.,        471P   4852
0.6666667,2.,0.,0.3333333,2.,0.,0.,2.,0.,0.,1.,0.,0.,1.;             471P   4853
126,3,3,1,0,1,0,0.,0.,0.,0.,1.,1.,1.,1.,1.,1.,1.,1.,0.,2.,0.,0.,     473P   4854
1.666667,0.,0.,1.333333,0.,0.,1.,0.,0.,1.,0.,0.,1.;                  473P   4855
510,477,1,1,479;                                                     475P   4856
128,1,3,1,3,0,0,1,0,0,0.,0.,1.,1.,2.,2.,2.,2.,3.,3.,3.,3.,1.,1.,     477P   4857
1.,1.,1.,1.,1.,1.,-50.,-50.,-40.,-50.,-50.,0.,-50.,-16.66667,        477P   4858
-40.,-50.,-16.66667,0.,-50.,16.66667,-40.,-50.,16.66667,0.,-50.,     477P   4859
50.,-40.,-50.,50.,0.,0.,1.,2.,3.;                                    477P   4860
508,4,0,5,68,0,1,1,481,0,5,49,0,1,1,483,0,5,51,0,1,1,485,0,5,56,     479P   4861
0,1,1,487;                                                           479P   4862
126,3,3,1,0,1,0,0.,0.,0.,0.,1.,1.,1.,1.,1.,1.,1.,1.,0.,2.,0.,        481P   4863
0.3333333,2.,0.,0.6666667,2.,0.,1.,2.,0.,0.,1.,0.,0.,1.;             481P   4864
126,3,3,1,0,1,0,0.,0.,0.,0.,1.,1.,1.,1.,1.,1.,1.,1.,1.,2.,0.,1.,     483P   4865
2.333333,0.,1.,2.666667,0.,1.,3.,0.,0.,1.,0.,0.,1.;                  483P   4866
126,3,3,1,0,1,0,0.,0.,0.,0.,1.,1.,1.,1.,1.,1.,1.,1.,1.,3.,0.,        485P   4867
0.6666667,3.,0.,0.3333333,3.,0.,0.,3.,0.,0.,1.,0.,0.,1.;             485P   4868
126,3,3,1,0,1,0,0.,0.,0.,0.,1.,1.,1.,1.,1.,1.,1.,1.,0.,3.,0.,0.,     487P   4869
2.666667,0.,0.,2.333333,0.,0.,2.,0.,0.,1.,0.,0.,1.;                  487P   4870
510,491,1,1,493;                                                     489P   4871
128,8,2,2,2,1,0,0,0,0,-5.,-4.,-4.,-3.,-3.,-2.,-2.,-1.,-1.,0.,0.,     491P   4872
1.,2.,2.,2.,3.,3.,3.,1.,0.7071068,1.,0.7071068,1.,0.7071068,1.,      491P   4873
0.7071068,1.,1.,0.7071068,1.,0.7071068,1.,0.7071068,1.,              491P   4874
0.7071068,1.,1.,0.7071068,1.,0.7071068,1.,0.7071068,1.,              491P   4875
0.7071068,1.,14.09233,-1.449759D-015,-28.575,14.09233,-14.09232,     491P   4876
-28.575,0.,-14.09232,-28.575,-14.09232,-14.09232,-28.575,            491P   4877
-14.09232,-3.388675D-015,-28.575,-14.09232,14.09232,-28.575,0.,      491P   4878
14.09232,-28.575,14.09233,14.09232,-28.575,14.09233,                 491P   4879
-1.449759D-015,-28.575,19.22635,-1.449759D-015,-28.575,19.22635,     491P   4880
-19.22634,-28.575,0.,-19.22634,-28.575,-19.22634,-19.22634,          491P   4881
-28.575,-19.22634,-3.388675D-015,-28.575,-19.22634,19.22634,         491P   4882
-28.575,0.,19.22634,-28.575,19.22635,19.22634,-28.575,19.22635,      491P   4883
-1.449759D-015,-28.575,24.36038,-1.449759D-015,-28.575,24.36038,     491P   4884
-24.36037,-28.575,0.,-24.36037,-28.575,-24.36037,-24.36037,          491P   4885
-28.575,-24.36037,-3.388675D-015,-28.575,-24.36037,24.36037,         491P   4886
-28.575,0.,24.36037,-28.575,24.36038,24.36037,-28.575,24.36038,      491P   4887
-1.449759D-015,-28.575,-4.,0.,2.,3.;                                 491P   4888
508,4,0,5,69,1,1,0,495,0,5,39,0,1,1,497,0,5,2,0,1,0,499,0,5,58,      493P   4889
0,1,1,501;                                                           493P   4890
126,31,3,1,0,1,0,0.,0.,0.,0.,1.,1.,2.80039931,2.80039931,            495P   4891
2.80039931,3.80039931,3.80039931,3.80039931,4.80039931,              495P   4892
4.80039931,4.80039931,5.80039931,5.80039931,5.803730446,             495P   4893
5.803730446,6.815034251,6.815034251,6.815034251,7.815034251,         495P   4894
7.815034251,7.815034251,8.815034251,8.815034251,8.815034251,         495P   4895
9.815034251,9.815034251,10.55110511,10.55110511,10.57310741,         495P   4896
10.57310741,10.57310741,10.57310741,1.,1.,1.,1.,1.,1.,1.,1.,1.,      495P   4897
1.,1.,1.,1.,1.,1.,1.,1.,1.,1.,1.,1.,1.,1.,1.,1.,1.,1.,1.,1.,1.,      495P   4898
1.,1.,-0.7498067,2.,0.,-0.7496499,2.007415,0.,-0.7495545,            495P   4899
2.014833,0.,-0.7468984,2.035459,0.,-0.7457917,2.048766,0.,           495P   4900
-0.7442089,2.062039,0.,-0.7382734,2.107422,0.,-0.7318804,            495P   4901
2.152744,0.,-0.7255178,2.19807,0.,-0.7205726,2.237416,0.,            495P   4902
-0.7156183,2.276762,0.,-0.7106686,2.316108,0.,-0.7077963,            495P   4903
2.355462,0.,-0.704924,2.394816,0.,-0.7020421,2.434301,0.,            495P   4904
-0.70202,2.434431,0.,-0.6971894,2.474175,0.,-0.6923746,2.513788,     495P   4905
0.,-0.6875599,2.553401,0.,-0.6854604,2.592924,0.,-0.6833609,         495P   4906
2.632447,0.,-0.6812614,2.67197,0.,-0.6778351,2.711793,0.,            495P   4907
-0.6744088,2.751615,0.,-0.6709825,2.791438,0.,-0.6694251,            495P   4908
2.830988,0.,-0.6671708,2.870509,0.,-0.6643818,2.939167,0.,           495P   4909
-0.6631992,2.968278,0.,-0.6619814,2.998258,0.,-0.6619922,            495P   4910
2.99913,0.,-0.6619602,3.,0.,0.,10.57310741,0.,0.,1.;                 495P   4911
126,3,3,1,0,1,0,0.,0.,0.,0.,1.,1.,1.,1.,1.,1.,1.,1.,-0.6619602,      497P   4912
3.,0.,-0.7492741,3.,0.,-0.8365881,3.,0.,-0.923902,3.,0.,0.,1.,       497P   4913
0.,0.,1.;                                                            497P   4914
126,32,3,1,0,1,0,0.,0.,0.,0.,1.,1.,56.32678015,56.32678015,          499P   4915
56.32678015,57.32678015,57.32678015,57.32678015,58.32678015,         499P   4916
58.32678015,58.32678015,59.32678015,59.32678015,59.32678015,         499P   4917
60.32678015,60.32678015,60.32678015,61.32678015,61.32678015,         499P   4918
61.32678015,62.32678015,62.32678015,62.32678015,63.32678015,         499P   4919
63.32678015,63.32678015,64.32678015,64.32678015,64.32678015,         499P   4920
65.32678015,65.32678015,65.32678015,65.32678015,1.,1.,1.,1.,1.,      499P   4921
1.,1.,1.,1.,1.,1.,1.,1.,1.,1.,1.,1.,1.,1.,1.,1.,1.,1.,1.,1.,1.,      499P   4922
1.,1.,1.,1.,1.,1.,1.,-0.923902,3.,0.,-0.9238859,2.999644,0.,         499P   4923
-0.9238968,2.999286,0.,-0.9228733,2.979218,0.,-0.921868,             499P   4924
2.959505,0.,-0.9208627,2.939793,0.,-0.9188682,2.909563,0.,           499P   4925
-0.9168738,2.879333,0.,-0.9148793,2.849103,0.,-0.911736,             499P   4926
2.810039,0.,-0.9085928,2.770975,0.,-0.9054495,2.731911,0.,           499P   4927
-0.9019151,2.692665,0.,-0.8983808,2.653419,0.,-0.8948464,            499P   4928
2.614173,0.,-0.8908468,2.575363,0.,-0.8868472,2.536552,0.,           499P   4929
-0.8828476,2.497742,0.,-0.8790176,2.456168,0.,-0.8751877,            499P   4930
2.414593,0.,-0.8713577,2.373019,0.,-0.8664881,2.333479,0.,           499P   4931
-0.8616254,2.293938,0.,-0.8567489,2.254399,0.,-0.8491829,            499P   4932
2.188402,0.,-0.8416901,2.122397,0.,-0.8336104,2.056461,0.,           499P   4933
-0.8324521,2.042718,0.,-0.8312665,2.028978,0.,-0.8300946,            499P   4934
2.015237,0.,-0.8299754,2.010158,0.,-0.8298563,2.005079,0.,           499P   4935
-0.8297371,2.,0.,0.,65.32678015,0.,0.,1.;                            499P   4936
126,3,3,1,0,1,0,0.,0.,0.,0.,1.,1.,1.,1.,1.,1.,1.,1.,-0.8297371,      501P   4937
2.,0.,-0.8030937,2.,0.,-0.7764502,2.,0.,-0.7498067,2.,0.,0.,1.,      501P   4938
0.,0.,1.;                                                            501P   4939
510,505,1,1,507;                                                     503P   4940
128,8,2,2,2,1,0,0,0,0,-5.,-4.,-4.,-3.,-3.,-2.,-2.,-1.,-1.,0.,0.,     505P   4941
1.,2.,2.,2.,3.,3.,3.,1.,0.7071068,1.,0.7071068,1.,0.7071068,1.,      505P   4942
0.7071068,1.,1.,0.7071068,1.,0.7071068,1.,0.7071068,1.,              505P   4943
0.7071068,1.,1.,0.7071068,1.,0.7071068,1.,0.7071068,1.,              505P   4944
0.7071068,1.,14.09233,-1.449759D-015,-28.575,14.09233,-14.09232,     505P   4945
-28.575,0.,-14.09232,-28.575,-14.09232,-14.09232,-28.575,            505P   4946
-14.09232,-3.388675D-015,-28.575,-14.09232,14.09232,-28.575,0.,      505P   4947
14.09232,-28.575,14.09233,14.09232,-28.575,14.09233,                 505P   4948
-1.449759D-015,-28.575,19.22635,-1.449759D-015,-28.575,19.22635,     505P   4949
-19.22634,-28.575,0.,-19.22634,-28.575,-19.22634,-19.22634,          505P   4950
-28.575,-19.22634,-3.388675D-015,-28.575,-19.22634,19.22634,         505P   4951
-28.575,0.,19.22634,-28.575,19.22635,19.22634,-28.575,19.22635,      505P   4952
-1.449759D-015,-28.575,24.36038,-1.449759D-015,-28.575,24.36038,     505P   4953
-24.36037,-28.575,0.,-24.36037,-28.575,-24.36037,-24.36037,          505P   4954
-28.575,-24.36037,-3.388675D-015,-28.575,-24.36037,24.36037,         505P   4955
-28.575,0.,24.36037,-28.575,24.36038,24.36037,-28.575,24.36038,      505P   4956
-1.449759D-015,-28.575,-4.,0.,2.,3.;                                 505P   4957
508,4,0,5,70,1,1,0,509,0,5,45,0,1,1,511,0,5,31,0,1,0,513,0,5,60,     507P   4958
0,1,1,515;                                                           507P   4959
126,30,3,1,0,1,0,0.,0.,0.,0.,1.,1.,4.385272685,4.385272685,          509P   4960
4.385272685,5.385272685,5.385272685,7.035478297,7.035478297,         509P   4961
7.035478297,8.035478297,8.035478297,8.035478297,9.035478297,         509P   4962
9.035478297,9.035478297,10.0354783,10.0354783,10.0354783,            509P   4963
11.0354783,11.0354783,11.0354783,12.0354783,12.0354783,              509P   4964
12.0354783,13.0354783,13.0354783,13.0647693,13.0647693,              509P   4965
13.0647693,13.0647693,1.,1.,1.,1.,1.,1.,1.,1.,1.,1.,1.,1.,1.,1.,     509P   4966
1.,1.,1.,1.,1.,1.,1.,1.,1.,1.,1.,1.,1.,1.,1.,1.,1.,-1.556731,2.,     509P   4967
0.,-1.556249,2.004715,0.,-1.55681,2.009499,0.,-1.554654,             509P   4968
2.030173,0.,-1.552987,2.046132,0.,-1.551325,2.062092,0.,             509P   4969
-1.547119,2.094029,0.,-1.543058,2.125984,0.,-1.531763,2.210603,      509P   4970
0.,-1.525483,2.263389,0.,-1.5188,2.316124,0.,-1.516066,2.355472,     509P   4971
0.,-1.513327,2.394821,0.,-1.51059,2.434169,0.,-1.505842,             509P   4972
2.473919,0.,-1.501094,2.513669,0.,-1.496346,2.553419,0.,             509P   4973
-1.494307,2.592946,0.,-1.492268,2.632474,0.,-1.490229,2.672001,      509P   4974
0.,-1.486866,2.711814,0.,-1.483504,2.751628,0.,-1.480141,            509P   4975
2.791441,0.,-1.478385,2.83099,0.,-1.47663,2.87054,0.,-1.474874,      509P   4976
2.910089,0.,-1.473726,2.939206,0.,-1.472578,2.968323,0.,             509P   4977
-1.471396,2.998293,0.,-1.471406,2.999147,0.,-1.471375,3.,0.,0.,      509P   4978
13.0647693,0.,0.,1.;                                                 509P   4979
126,3,3,1,0,1,0,0.,0.,0.,0.,1.,1.,1.,1.,1.,1.,1.,1.,-1.471375,       511P   4980
3.,0.,-1.554394,3.,0.,-1.637412,3.,0.,-1.720431,3.,0.,0.,1.,0.,      511P   4981
0.,1.;                                                               511P   4982
126,30,3,1,0,1,0,0.,0.,0.,0.,1.,1.,50.75164275,50.75164275,          513P   4983
50.75164275,51.75164275,51.75164275,51.76280276,51.76280276,         513P   4984
52.33187287,52.33187287,52.33187287,53.33187287,53.33187287,         513P   4985
53.33187287,54.33187287,54.33187287,54.33187287,55.33187287,         513P   4986
55.33187287,55.33187287,56.33187287,56.33187287,56.33187287,         513P   4987
57.33187287,57.33187287,57.33187287,58.33187287,58.33187287,         513P   4988
58.33187287,58.33187287,1.,1.,1.,1.,1.,1.,1.,1.,1.,1.,1.,1.,1.,      513P   4989
1.,1.,1.,1.,1.,1.,1.,1.,1.,1.,1.,1.,1.,1.,1.,1.,1.,1.,-1.720431,     513P   4990
3.,0.,-1.720413,2.999605,0.,-1.720427,2.999208,0.,-1.719402,         513P   4991
2.97915,0.,-1.718397,2.959486,0.,-1.717392,2.939823,0.,              513P   4992
-1.712765,2.8711,0.,-1.708671,2.802343,0.,-1.704583,2.732816,0.,     513P   4993
-1.70454,2.732049,0.,-1.700216,2.692319,0.,-1.695981,2.653353,       513P   4994
0.,-1.691742,2.614388,0.,-1.689228,2.57549,0.,-1.686715,             513P   4995
2.536592,0.,-1.684201,2.497694,0.,-1.679334,2.456209,0.,             513P   4996
-1.674466,2.414725,0.,-1.669599,2.37324,0.,-1.666451,2.333571,       513P   4997
0.,-1.663303,2.293903,0.,-1.660155,2.254234,0.,-1.655008,            513P   4998
2.214765,0.,-1.649862,2.175295,0.,-1.644715,2.135826,0.,             513P   4999
-1.64087,2.095678,0.,-1.636839,2.055547,0.,-1.633302,2.015369,       513P   5000
0.,-1.633164,2.010247,0.,-1.633044,2.005123,0.,-1.632915,2.,0.,      513P   5001
0.,58.33187287,0.,0.,1.;                                             513P   5002
126,3,3,1,0,1,0,0.,0.,0.,0.,1.,1.,1.,1.,1.,1.,1.,1.,-1.632915,       515P   5003
2.,0.,-1.607521,2.,0.,-1.582126,2.,0.,-1.556731,2.,0.,0.,1.,0.,      515P   5004
0.,1.;                                                               515P   5005
510,519,1,1,521;                                                     517P   5006
128,8,2,2,2,1,0,0,0,0,-5.,-4.,-4.,-3.,-3.,-2.,-2.,-1.,-1.,0.,0.,     519P   5007
1.,2.,2.,2.,3.,3.,3.,1.,0.7071068,1.,0.7071068,1.,0.7071068,1.,      519P   5008
0.7071068,1.,1.,0.7071068,1.,0.7071068,1.,0.7071068,1.,              519P   5009
0.7071068,1.,1.,0.7071068,1.,0.7071068,1.,0.7071068,1.,              519P   5010
0.7071068,1.,14.09233,-1.449759D-015,-28.575,14.09233,-14.09232,     519P   5011
-28.575,0.,-14.09232,-28.575,-14.09232,-14.09232,-28.575,            519P   5012
-14.09232,-3.388675D-015,-28.575,-14.09232,14.09232,-28.575,0.,      519P   5013
14.09232,-28.575,14.09233,14.09232,-28.575,14.09233,                 519P   5014
-1.449759D-015,-28.575,19.22635,-1.449759D-015,-28.575,19.22635,     519P   5015
-19.22634,-28.575,0.,-19.22634,-28.575,-19.22634,-19.22634,          519P   5016
-28.575,-19.22634,-3.388675D-015,-28.575,-19.22634,19.22634,         519P   5017
-28.575,0.,19.22634,-28.575,19.22635,19.22634,-28.575,19.22635,      519P   5018
-1.449759D-015,-28.575,24.36038,-1.449759D-015,-28.575,24.36038,     519P   5019
-24.36037,-28.575,0.,-24.36037,-28.575,-24.36037,-24.36037,          519P   5020
-28.575,-24.36037,-3.388675D-015,-28.575,-24.36037,24.36037,         519P   5021
-28.575,0.,24.36037,-28.575,24.36038,24.36037,-28.575,24.36038,      519P   5022
-1.449759D-015,-28.575,-4.,0.,2.,3.;                                 519P   5023
508,6,0,5,71,1,1,0,523,0,5,72,1,1,1,525,0,5,21,0,1,0,527,0,5,73,     521P   5024
0,1,0,529,0,5,20,0,1,0,531,0,5,74,1,1,1,533;                         521P   5025
126,33,3,1,0,1,0,0.,0.,0.,0.,1.,1.,1.,2.,2.,2.,3.,3.,3.,4.,4.,       523P   5026
4.,5.,5.,5.002394414,5.002394414,6.014274759,6.014274759,            523P   5027
6.014274759,7.014274759,7.014274759,7.014274759,8.014274759,         523P   5028
8.014274759,8.014274759,9.014274759,9.014274759,9.014274759,         523P   5029
10.01427476,10.01427476,10.04397896,10.04397896,10.04397896,         523P   5030
10.04397896,1.,1.,1.,1.,1.,1.,1.,1.,1.,1.,1.,1.,1.,1.,1.,1.,1.,      523P   5031
1.,1.,1.,1.,1.,1.,1.,1.,1.,1.,1.,1.,1.,1.,1.,1.,1.,-2.366539,2.,     523P   5032
0.,-2.366404,2.004727,0.,-2.366268,2.009455,0.,-2.366133,            523P   5033
2.014182,0.,-2.364461,2.030136,0.,-2.362803,2.046092,0.,             523P   5034
-2.361118,2.062044,0.,-2.355329,2.107436,0.,-2.34901,2.152758,       523P   5035
0.,-2.342718,2.198083,0.,-2.337901,2.237426,0.,-2.333072,            523P   5036
2.276769,0.,-2.328249,2.316112,0.,-2.325347,2.355472,0.,             523P   5037
-2.322444,2.394833,0.,-2.319535,2.434287,0.,-2.319519,2.434381,      523P   5038
0.,-2.314688,2.474119,0.,-2.309869,2.513763,0.,-2.305049,            523P   5039
2.553407,0.,-2.302959,2.592938,0.,-2.300869,2.632469,0.,             523P   5040
-2.298779,2.672,0.,-2.295334,2.711808,0.,-2.291889,2.751617,0.,      523P   5041
-2.288444,2.791425,0.,-2.286624,2.83097,0.,-2.284804,2.870516,       523P   5042
0.,-2.282984,2.910061,0.,-2.281793,2.939175,0.,-2.280601,            523P   5043
2.96829,0.,-2.279375,2.998269,0.,-2.279385,2.999135,0.,              523P   5044
-2.279353,3.,0.,0.,10.04397896,0.,0.,1.;                             523P   5045
126,3,3,1,0,1,0,0.,0.,0.,0.,1.,1.,1.,1.,1.,1.,1.,1.,-2.279353,       525P   5046
3.,0.,-2.362374,3.,0.,-2.445395,3.,0.,-2.528415,3.,0.,0.,1.,0.,      525P   5047
0.,1.;                                                               525P   5048
126,10,3,1,0,1,0,0.,0.,0.,0.,1.,1.,52.3096682,52.3096682,            527P   5049
52.3096682,53.3096682,53.3096682,53.70525842,53.70525842,            527P   5050
53.70525842,53.70525842,1.,1.,1.,1.,1.,1.,1.,1.,1.,1.,1.,            527P   5051
-2.528415,3.,0.,-2.528399,2.999617,0.,-2.528412,2.999232,0.,         527P   5052
-2.527418,2.979184,0.,-2.526442,2.959518,0.,-2.525467,2.939853,      527P   5053
0.,-2.522403,2.890112,0.,-2.519011,2.840391,0.,-2.515329,            527P   5054
2.770938,0.,-2.514357,2.751241,0.,-2.512945,2.731582,0.,0.,          527P   5055
53.70525842,0.,0.,1.;                                                527P   5056
126,3,3,1,0,1,0,0.,0.,0.,0.,1.,1.,1.,1.,1.,1.,1.,1.,-2.512945,       529P   5057
2.731582,0.,-2.512944,2.731575,0.,-2.512944,2.731568,0.,             529P   5058
-2.512943,2.731562,0.,0.,1.,0.,0.,1.;                                529P   5059
126,27,3,1,0,1,0,0.,0.,0.,0.,1.,1.,1.,2.,2.,2.,3.,3.,3.,4.,4.,       531P   5060
4.,5.,5.,5.,6.,6.,6.,7.,7.,7.,8.,8.,8.,9.,9.,9.,9.,1.,1.,1.,1.,      531P   5061
1.,1.,1.,1.,1.,1.,1.,1.,1.,1.,1.,1.,1.,1.,1.,1.,1.,1.,1.,1.,1.,      531P   5062
1.,1.,1.,-2.512943,2.731562,0.,-2.509628,2.692429,0.,-2.506313,      531P   5063
2.653297,0.,-2.502998,2.614165,0.,-2.499987,2.57492,0.,              531P   5064
-2.496883,2.535682,0.,-2.493687,2.496451,0.,-2.491745,2.476018,      531P   5065
0.,-2.489803,2.455584,0.,-2.48786,2.43515,0.,-2.483677,2.394621,     531P   5066
0.,-2.47964,2.354076,0.,-2.475749,2.313517,0.,-2.473707,             531P   5067
2.293673,0.,-2.471666,2.273829,0.,-2.469625,2.253984,0.,             531P   5068
-2.467435,2.234256,0.,-2.465245,2.214527,0.,-2.463055,2.194798,      531P   5069
0.,-2.458335,2.155251,0.,-2.453704,2.115692,0.,-2.449163,            531P   5070
2.076123,0.,-2.448105,2.066082,0.,-2.447046,2.056041,0.,             531P   5071
-2.445988,2.046,0.,-2.444901,2.030667,0.,-2.443814,2.015333,0.,      531P   5072
-2.442727,2.,0.,0.,9.,0.,0.,1.;                                      531P   5073
126,3,3,1,0,1,0,0.,0.,0.,0.,1.,1.,1.,1.,1.,1.,1.,1.,-2.442727,       533P   5074
2.,0.,-2.417331,2.,0.,-2.391935,2.,0.,-2.366539,2.,0.,0.,1.,0.,      533P   5075
0.,1.;                                                               533P   5076
510,537,1,1,539;                                                     535P   5077
128,8,2,2,2,1,0,0,0,0,-5.,-4.,-4.,-3.,-3.,-2.,-2.,-1.,-1.,0.,0.,     537P   5078
1.,2.,2.,2.,3.,3.,3.,1.,0.7071068,1.,0.7071068,1.,0.7071068,1.,      537P   5079
0.7071068,1.,1.,0.7071068,1.,0.7071068,1.,0.7071068,1.,              537P   5080
0.7071068,1.,1.,0.7071068,1.,0.7071068,1.,0.7071068,1.,              537P   5081
0.7071068,1.,14.09233,-1.449759D-015,-28.575,14.09233,-14.09232,     537P   5082
-28.575,0.,-14.09232,-28.575,-14.09232,-14.09232,-28.575,            537P   5083
-14.09232,-3.388675D-015,-28.575,-14.09232,14.09232,-28.575,0.,      537P   5084
14.09232,-28.575,14.09233,14.09232,-28.575,14.09233,                 537P   5085
-1.449759D-015,-28.575,19.22635,-1.449759D-015,-28.575,19.22635,     537P   5086
-19.22634,-28.575,0.,-19.22634,-28.575,-19.22634,-19.22634,          537P   5087
-28.575,-19.22634,-3.388675D-015,-28.575,-19.22634,19.22634,         537P   5088
-28.575,0.,19.22634,-28.575,19.22635,19.22634,-28.575,19.22635,      537P   5089
-1.449759D-015,-28.575,24.36038,-1.449759D-015,-28.575,24.36038,     537P   5090
-24.36037,-28.575,0.,-24.36037,-28.575,-24.36037,-24.36037,          537P   5091
-28.575,-24.36037,-3.388675D-015,-28.575,-24.36037,24.36037,         537P   5092
-28.575,0.,24.36037,-28.575,24.36038,24.36037,-28.575,24.36038,      537P   5093
-1.449759D-015,-28.575,-4.,0.,2.,3.;                                 537P   5094
508,4,0,5,75,1,1,0,541,0,5,76,1,1,1,543,0,5,14,0,1,0,545,0,5,77,     539P   5095
1,1,1,547;                                                           539P   5096
126,35,3,1,0,1,0,0.,0.,0.,0.,1.,1.,1.,2.,2.,2.,3.,3.,3.,4.,4.,       541P   5097
4.,5.,5.,5.,6.,6.,6.,7.,7.,7.,8.,8.,8.,9.,9.,9.,10.,10.,10.,11.,     541P   5098
11.,11.02819626,11.02819626,11.02819626,11.02819626,1.,1.,1.,1.,     541P   5099
1.,1.,1.,1.,1.,1.,1.,1.,1.,1.,1.,1.,1.,1.,1.,1.,1.,1.,1.,1.,1.,      541P   5100
1.,1.,1.,1.,1.,1.,1.,1.,1.,1.,1.,-3.169728,2.,0.,-3.169589,          541P   5101
2.00469,0.,-3.16945,2.009379,0.,-3.169311,2.014069,0.,-3.167385,     541P   5102
2.030107,0.,-3.165458,2.046146,0.,-3.163532,2.062184,0.,             541P   5103
-3.160863,2.080702,0.,-3.158193,2.099221,0.,-3.155524,2.117739,      541P   5104
0.,-3.151993,2.144515,0.,-3.148463,2.171291,0.,-3.144932,            541P   5105
2.198067,0.,-3.14,2.237372,0.,-3.135068,2.276677,0.,-3.130136,       541P   5106
2.315982,0.,-3.125707,2.35545,0.,-3.121279,2.394919,0.,-3.11685,     541P   5107
2.434387,0.,-3.112963,2.47398,0.,-3.109076,2.513574,0.,              541P   5108
-3.105189,2.553167,0.,-3.101935,2.592843,0.,-3.098682,2.63252,       541P   5109
0.,-3.095428,2.672196,0.,-3.092565,2.711868,0.,-3.089701,            541P   5110
2.751541,0.,-3.086838,2.791213,0.,-3.084386,2.830801,0.,             541P   5111
-3.081934,2.870389,0.,-3.079482,2.909977,0.,-3.078294,2.939161,      541P   5112
0.,-3.077107,2.968346,0.,-3.075886,2.998353,0.,-3.075891,            541P   5113
2.999177,0.,-3.07586,3.,0.,0.,11.02819626,0.,0.,1.;                  541P   5114
126,3,3,1,0,1,0,0.,0.,0.,0.,1.,1.,1.,1.,1.,1.,1.,1.,-3.07586,3.,     543P   5115
0.,-3.163182,3.,0.,-3.250504,3.,0.,-3.337827,3.,0.,0.,1.,0.,0.,      543P   5116
1.;                                                                  543P   5117
126,29,3,1,0,1,0,0.,0.,0.,0.,1.,1.,50.16526376,50.16526376,          545P   5118
50.16526376,51.16526376,51.16526376,51.16526376,52.16526376,         545P   5119
52.16526376,52.16526376,53.16526376,53.16526376,53.16526376,         545P   5120
54.16526376,54.16526376,54.16526376,55.16526376,55.16526376,         545P   5121
55.16526376,56.16526376,56.16526376,56.16526376,57.16526376,         545P   5122
57.16526376,57.16526376,58.16526376,58.16526376,58.16526376,         545P   5123
58.16526376,1.,1.,1.,1.,1.,1.,1.,1.,1.,1.,1.,1.,1.,1.,1.,1.,1.,      545P   5124
1.,1.,1.,1.,1.,1.,1.,1.,1.,1.,1.,1.,1.,-3.337827,3.,0.,              545P   5125
-3.337809,2.9996,0.,-3.337823,2.999199,0.,-3.336804,2.979138,0.,     545P   5126
-3.335805,2.959477,0.,-3.334806,2.939816,0.,-3.330184,2.870508,      545P   5127
0.,-3.326061,2.801169,0.,-3.32202,2.731826,0.,-3.317754,             545P   5128
2.692678,0.,-3.313504,2.653529,0.,-3.309246,2.61438,0.,              545P   5129
-3.306723,2.575491,0.,-3.3042,2.536601,0.,-3.301677,2.497712,0.,     545P   5130
-3.296862,2.456218,0.,-3.292048,2.414724,0.,-3.287233,2.37323,       545P   5131
0.,-3.283962,2.333569,0.,-3.280691,2.293908,0.,-3.27742,             545P   5132
2.254247,0.,-3.272211,2.214771,0.,-3.267001,2.175294,0.,             545P   5133
-3.261792,2.135818,0.,-3.257825,2.095672,0.,-3.25371,2.05554,0.,     545P   5134
-3.250033,2.015366,0.,-3.249894,2.010244,0.,-3.249769,2.005122,      545P   5135
0.,-3.249637,2.,0.,0.,58.16526376,0.,0.,1.;                          545P   5136
126,3,3,1,0,1,0,0.,0.,0.,0.,1.,1.,1.,1.,1.,1.,1.,1.,-3.249637,       547P   5137
2.,0.,-3.223001,2.,0.,-3.196365,2.,0.,-3.169728,2.,0.,0.,1.,0.,      547P   5138
0.,1.;                                                               547P   5139
510,551,1,1,553;                                                     549P   5140
128,8,2,2,2,1,0,0,0,0,-5.,-4.,-4.,-3.,-3.,-2.,-2.,-1.,-1.,0.,0.,     551P   5141
1.,2.,2.,2.,3.,3.,3.,1.,0.7071068,1.,0.7071068,1.,0.7071068,1.,      551P   5142
0.7071068,1.,1.,0.7071068,1.,0.7071068,1.,0.7071068,1.,              551P   5143
0.7071068,1.,1.,0.7071068,1.,0.7071068,1.,0.7071068,1.,              551P   5144
0.7071068,1.,14.09233,-1.449759D-015,-28.575,14.09233,-14.09232,     551P   5145
-28.575,0.,-14.09232,-28.575,-14.09232,-14.09232,-28.575,            551P   5146
-14.09232,-3.388675D-015,-28.575,-14.09232,14.09232,-28.575,0.,      551P   5147
14.09232,-28.575,14.09233,14.09232,-28.575,14.09233,                 551P   5148
-1.449759D-015,-28.575,19.22635,-1.449759D-015,-28.575,19.22635,     551P   5149
-19.22634,-28.575,0.,-19.22634,-28.575,-19.22634,-19.22634,          551P   5150
-28.575,-19.22634,-3.388675D-015,-28.575,-19.22634,19.22634,         551P   5151
-28.575,0.,19.22634,-28.575,19.22635,19.22634,-28.575,19.22635,      551P   5152
-1.449759D-015,-28.575,24.36038,-1.449759D-015,-28.575,24.36038,     551P   5153
-24.36037,-28.575,0.,-24.36037,-28.575,-24.36037,-24.36037,          551P   5154
-28.575,-24.36037,-3.388675D-015,-28.575,-24.36037,24.36037,         551P   5155
-28.575,0.,24.36037,-28.575,24.36038,24.36037,-28.575,24.36038,      551P   5156
-1.449759D-015,-28.575,-4.,0.,2.,3.;                                 551P   5157
508,4,0,5,78,1,1,0,555,0,5,79,1,1,1,557,0,5,66,0,1,1,559,0,5,80,     553P   5158
1,1,1,561;                                                           553P   5159
126,34,3,1,0,1,0,0.,0.,0.,0.,1.,1.,1.,2.,2.,2.,3.,3.,3.,4.,4.,       555P   5160
4.,5.,5.,8.010952342,8.010952342,8.010952342,9.010952342,            555P   5161
9.010952342,9.010952342,10.01095234,10.01095234,10.01095234,         555P   5162
11.01095234,11.01095234,11.01095234,12.01095234,12.01095234,         555P   5163
12.01095234,13.01095234,13.01095234,13.0389008,13.0389008,           555P   5164
13.0389008,13.0389008,1.,1.,1.,1.,1.,1.,1.,1.,1.,1.,1.,1.,1.,1.,     555P   5165
1.,1.,1.,1.,1.,1.,1.,1.,1.,1.,1.,1.,1.,1.,1.,1.,1.,1.,1.,1.,1.,      555P   5166
-3.95609,2.,0.,-3.955941,2.004697,0.,-3.955791,2.009394,0.,          555P   5167
-3.955642,2.014091,0.,-3.953603,2.030121,0.,-3.951564,2.046152,      555P   5168
0.,-3.949525,2.062182,0.,-3.946702,2.080689,0.,-3.94388,             555P   5169
2.099195,0.,-3.941057,2.117702,0.,-3.937305,2.144502,0.,             555P   5170
-3.933552,2.171303,0.,-3.929801,2.198103,0.,-3.927411,2.217735,      555P   5171
0.,-3.925077,2.237375,0.,-3.915489,2.316119,0.,-3.908545,            555P   5172
2.375261,0.,-3.901522,2.434394,0.,-3.897184,2.474019,0.,             555P   5173
-3.892849,2.513645,0.,-3.888513,2.55327,0.,-3.885787,2.592914,       555P   5174
0.,-3.883062,2.632557,0.,-3.880336,2.672201,0.,-3.877308,            555P   5175
2.711854,0.,-3.874281,2.751507,0.,-3.871253,2.79116,0.,              555P   5176
-3.868973,2.830789,0.,-3.866692,2.870417,0.,-3.864412,2.910046,      555P   5177
0.,-3.863237,2.939215,0.,-3.862063,2.968384,0.,-3.860855,            555P   5178
2.998368,0.,-3.860861,2.999185,0.,-3.860831,3.,0.,0.,13.0389008,     555P   5179
0.,0.,1.;                                                            555P   5180
126,3,3,1,0,1,0,0.,0.,0.,0.,1.,1.,1.,1.,1.,1.,1.,1.,-3.860831,       557P   5181
3.,0.,-3.907221,3.,0.,-3.95361,3.,0.,-4.,3.,0.,0.,1.,0.,0.,1.;       557P   5182
126,3,3,1,0,1,0,0.,0.,0.,0.,1.,1.,1.,1.,1.,1.,1.,1.,-4.,3.,0.,       559P   5183
-4.,2.666667,0.,-4.,2.333333,0.,-4.,2.,0.,0.,1.,0.,0.,1.;            559P   5184
126,3,3,1,0,1,0,0.,0.,0.,0.,1.,1.,1.,1.,1.,1.,1.,1.,-4.,2.,0.,       561P   5185
-3.985363,2.,0.,-3.970727,2.,0.,-3.95609,2.,0.,0.,1.,0.,0.,1.;       561P   5186
510,565,1,1,567;                                                     563P   5187
128,41,2,2,2,0,0,0,0,0,0.,0.,0.,1.,2.,3.,4.,5.,6.,7.,8.,9.,10.,      565P   5188
11.,12.,13.,14.,15.,16.,17.,18.,19.,20.,21.,22.,23.,24.,25.,26.,     565P   5189
27.,28.,29.,30.,31.,32.,33.,34.,35.,36.,37.,38.,39.,40.,41.,41.,     565P   5190
0.,0.,0.,1.,1.,1.,1.,1.,1.,1.,1.,1.,1.,1.,1.,1.,1.,1.,1.,1.,1.,      565P   5191
1.,1.,1.,1.,1.,1.,1.,1.,1.,1.,1.,1.,1.,1.,1.,1.,1.,1.,1.,1.,1.,      565P   5192
1.,1.,1.,1.,1.,1.,0.9359303,0.9344482,0.9263685,0.9143711,           565P   5193
0.8997296,0.8832491,0.8640373,0.8440273,0.823001,0.8012584,          565P   5194
0.7785565,0.7556168,0.7321379,0.7217966,0.7175892,0.7140257,         565P   5195
0.7100223,0.7038622,0.7253025,0.7500469,0.7726536,0.7933413,         565P   5196
0.8115072,0.8267845,0.8282049,0.8322979,0.8304235,0.834415,          565P   5197
0.8312255,0.8450082,0.8598117,0.8708622,0.8850733,0.8981691,         565P   5198
0.9066171,0.9211441,0.9342248,0.9444866,0.9523332,0.9565413,         565P   5199
0.9573942,0.954724,1.,1.,1.,1.,1.,1.,1.,1.,1.,1.,1.,1.,1.,1.,1.,     565P   5200
1.,1.,1.,1.,1.,1.,1.,1.,1.,1.,1.,1.,1.,1.,1.,1.,1.,1.,1.,1.,1.,      565P   5201
1.,1.,1.,1.,1.,1.,-11.23412,32.36801,-9.036558,-11.87547,            565P   5202
32.13484,-9.108846,-13.03394,31.62236,-9.500845,-14.05419,           565P   5203
31.08574,-10.08997,-14.93836,30.53966,-10.82887,-15.70099,           565P   5204
29.99933,-11.63514,-16.40062,29.42811,-12.56035,-16.98985,           565P   5205
28.86517,-13.54705,-17.50023,28.30231,-14.56914,-17.92893,           565P   5206
27.74384,-15.62764,-18.29008,27.18453,-16.71653,-18.58897,           565P   5207
26.62685,-17.821,-18.81892,26.07676,-18.9427,-19.00951,25.51925,     565P   5208
-20.06801,-19.17976,24.94459,-21.18651,-19.34096,24.34495,           565P   5209
-22.29591,-19.48102,23.76062,-23.3303,-19.61764,23.14138,            565P   5210
-24.37239,-19.45876,22.63215,-25.42136,-19.11094,21.95734,           565P   5211
-26.44043,-18.62825,21.15127,-27.29408,-18.02733,20.2464,            565P   5212
-27.94927,-17.32993,19.27833,-28.37983,-16.53831,18.25384,           565P   5213
-28.56921,-15.8741,17.2384,-28.575,-15.21482,16.18776,-28.575,       565P   5214
-14.60474,15.07847,-28.575,-13.93362,14.02789,-28.575,-13.34546,     565P   5215
12.88468,-28.575,-12.68209,11.81895,-28.575,-12.03256,10.73453,      565P   5216
-28.575,-11.44265,9.737796,-28.575,-10.72335,8.754486,-28.5701,      565P   5217
-9.793249,7.915415,-28.39524,-8.767521,7.101175,-27.92821,           565P   5218
-7.753071,6.497086,-27.45702,-6.613144,5.994194,-27.03071,           565P   5219
-5.398922,5.674236,-26.68532,-4.132301,5.519862,-26.42332,           565P   5220
-2.86258,5.594533,-26.26901,-1.574775,5.936752,-26.2349,             565P   5221
-0.4224782,6.516571,-26.32956,-10.97907,32.22081,-10.67574,          565P   5222
-11.4363,32.05371,-10.7478,-12.25316,31.68782,-11.13386,             565P   5223
-12.96013,31.30603,-11.71402,-13.55236,30.92018,-12.44472,           565P   5224
-14.04791,30.54304,-13.23918,-14.48266,30.14998,-14.14803,           565P   5225
-14.81524,29.76956,-15.11873,-15.08116,29.39326,-16.12067,           565P   5226
-15.26802,29.0288,-17.15801,-15.38776,28.67472,-18.21835,            565P   5227
-15.44969,28.32837,-19.29138,-15.43727,28.00198,-20.37546,           565P   5228
-15.54104,27.54531,-21.51366,-15.68518,27.00769,-22.68797,           565P   5229
-15.83879,26.4542,-23.81871,-15.95233,25.89881,-24.92132,            565P   5230
-16.0639,25.31462,-26.04663,-15.97046,24.53077,-26.85395,            565P   5231
-15.72436,23.59657,-27.55207,-15.37415,22.6148,-28.08775,            565P   5232
-14.94668,21.63168,-28.43616,-14.45774,20.67346,-28.60378,           565P   5233
-13.90135,19.73655,-28.59776,-13.2892,18.77634,-28.56852,            565P   5234
-12.65497,17.67488,-28.54599,-12.0175,16.56153,-28.57132,            565P   5235
-11.38423,15.48409,-28.53337,-10.75896,14.3503,-28.57193,            565P   5236
-10.25576,13.24225,-28.54366,-9.790278,12.12748,-28.54863,           565P   5237
-9.344584,11.11342,-28.57223,-8.829827,10.12822,-28.54625,           565P   5238
-8.26229,9.462651,-28.3417,-7.599324,8.801892,-27.99458,             565P   5239
-6.860819,8.138061,-27.59644,-5.999251,7.556693,-27.22921,           565P   5240
-5.055159,7.160923,-26.93393,-4.059733,6.908452,-26.70175,           565P   5241
-3.056382,6.897728,-26.57031,-2.048535,7.150235,-26.54188,           565P   5242
-1.166114,7.641562,-26.62324,-10.42896,31.06821,-11.74937,           565P   5243
-10.72025,30.9358,-11.80764,-11.21799,30.57451,-12.11857,            565P   5244
-11.6316,30.13756,-12.58161,-11.96259,29.63989,-13.15925,            565P   5245
-12.23155,29.12913,-13.78959,-12.45979,28.56901,-14.50708,           565P   5246
-12.62372,27.98249,-15.26319,-12.75195,27.38859,-16.04661,           565P   5247
-12.83511,26.77947,-16.84959,-12.88193,26.16172,-17.66565,           565P   5248
-12.89956,25.54051,-18.49331,-12.88109,24.91173,-19.32124,           565P   5249
-12.965,24.35882,-20.3156,-13.08547,23.80343,-21.3852,-13.20905,     565P   5250
23.26548,-22.42244,-13.30032,22.69405,-23.42085,-13.38551,           565P   5251
22.09411,-24.43119,-13.41522,21.86513,-24.8069,-13.39135,            565P   5252
21.60281,-25.10796,-13.31569,21.27563,-25.38028,-13.19861,           565P   5253
20.92414,-25.59185,-13.04436,20.56199,-25.73393,-12.85066,           565P   5254
20.19246,-25.79759,-12.33068,19.34291,-25.77437,-11.68423,           565P   5255
18.22951,-25.8046,-11.0379,17.12155,-25.81087,-10.40811,             565P   5256
16.02758,-25.81793,-9.771609,14.90857,-25.82393,-9.235491,           565P   5257
13.8292,-25.98857,-8.731047,12.77626,-26.21923,-8.259572,            565P   5258
11.82329,-26.42443,-7.815174,10.95335,-26.60647,-7.640193,           565P   5259
10.66529,-26.6366,-7.324369,10.28929,-26.58971,-6.598945,            565P   5260
9.593776,-26.44717,-5.799531,8.970726,-26.32438,-4.973218,           565P   5261
8.524105,-26.20919,-4.125824,8.210329,-26.14328,-3.298901,           565P   5262
8.140583,-26.09779,-2.489632,8.329358,-26.08755,-1.794993,           565P   5263
8.760907,-26.11669,0.,40.,0.,1.;                                     565P   5264
508,6,0,5,38,0,1,1,569,0,5,70,0,1,1,571,0,5,59,0,1,1,573,0,5,6,      567P   5265
0,1,1,575,0,5,26,0,1,1,577,0,5,4,0,1,1,579;                          567P   5266
126,3,3,1,0,1,0,0.,0.,0.,0.,1.,1.,1.,1.,1.,1.,1.,1.,0.,0.,0.,        569P   5267
7.576474,0.,0.,15.15295,0.,0.,22.72942,0.,0.,0.,1.,0.,0.,1.;         569P   5268
126,3,3,1,0,1,0,0.,0.,0.,0.,1.,1.,1.,1.,1.,1.,1.,1.,22.72942,0.,     571P   5269
0.,25.58057,0.,0.,28.43171,0.,0.,31.28286,0.,0.,0.,1.,0.,0.,1.;      571P   5270
126,3,3,1,0,1,0,0.,0.,0.,0.,1.,1.,1.,1.,1.,1.,1.,1.,31.28286,0.,     573P   5271
0.,34.18857,0.,0.,37.09429,0.,0.,40.,0.,0.,0.,1.,0.,0.,1.;           573P   5272
126,3,3,1,0,1,0,0.,0.,0.,0.,1.,1.,1.,1.,1.,1.,1.,1.,40.,0.,0.,       575P   5273
40.,0.3333333,0.,40.,0.6666667,0.,40.,1.,0.,0.,1.,0.,0.,1.;          575P   5274
126,3,3,1,0,1,0,0.,0.,0.,0.,1.,1.,1.,1.,1.,1.,1.,1.,40.,1.,0.,       577P   5275
26.66667,1.,0.,13.33333,1.,0.,0.,1.,0.,0.,1.,0.,0.,1.;               577P   5276
126,3,3,1,0,1,0,0.,0.,0.,0.,1.,1.,1.,1.,1.,1.,1.,1.,0.,1.,0.,0.,     579P   5277
0.6666667,0.,0.,0.3333333,0.,0.,0.,0.,0.,1.,0.,0.,1.;                579P   5278
510,583,1,1,585;                                                     581P   5279
128,41,2,2,2,0,0,0,0,0,0.,0.,0.,1.,2.,3.,4.,5.,6.,7.,8.,9.,10.,      583P   5280
11.,12.,13.,14.,15.,16.,17.,18.,19.,20.,21.,22.,23.,24.,25.,26.,     583P   5281
27.,28.,29.,30.,31.,32.,33.,34.,35.,36.,37.,38.,39.,40.,41.,41.,     583P   5282
0.,0.,0.,1.,1.,1.,1.,1.,1.,1.,1.,1.,1.,1.,1.,1.,1.,1.,1.,1.,1.,      583P   5283
1.,1.,1.,1.,1.,1.,1.,1.,1.,1.,1.,1.,1.,1.,1.,1.,1.,1.,1.,1.,1.,      583P   5284
1.,1.,1.,1.,1.,1.,0.9359303,0.9344482,0.9263685,0.9143711,           583P   5285
0.8997296,0.8832491,0.8640373,0.8440273,0.823001,0.8012584,          583P   5286
0.7785565,0.7556168,0.7321379,0.7217966,0.7175892,0.7140257,         583P   5287
0.7100223,0.7038622,0.7253025,0.7500469,0.7726536,0.7933413,         583P   5288
0.8115072,0.8267845,0.8282049,0.8322979,0.8304235,0.834415,          583P   5289
0.8312255,0.8450082,0.8598117,0.8708622,0.8850733,0.8981691,         583P   5290
0.9066171,0.9211441,0.9342248,0.9444866,0.9523332,0.9565413,         583P   5291
0.9573942,0.954724,1.,1.,1.,1.,1.,1.,1.,1.,1.,1.,1.,1.,1.,1.,1.,     583P   5292
1.,1.,1.,1.,1.,1.,1.,1.,1.,1.,1.,1.,1.,1.,1.,1.,1.,1.,1.,1.,1.,      583P   5293
1.,1.,1.,1.,1.,1.,27.31226,20.68655,-9.036558,26.89233,21.22445,     583P   5294
-9.108846,26.04696,22.16787,-9.500845,25.22131,22.97235,             583P   5295
-10.08997,24.42875,23.64451,-10.82887,23.67918,24.20283,             583P   5296
-11.63514,22.91974,24.6917,-12.56035,22.20224,25.07813,              583P   5297
-13.54705,21.50923,25.38961,-14.56914,20.84563,25.62474,             583P   5298
-15.62764,20.20207,25.79538,-16.71653,19.57934,25.90731,-17.821,     583P   5299
18.9851,25.95603,-18.9427,18.39598,25.965,-20.06801,17.79684,        583P   5300
25.94935,-21.18651,17.17672,25.91735,-22.29591,16.57772,             583P   5301
25.86998,-23.3303,15.94658,25.80856,-24.37239,15.51137,25.5001,      583P   5302
-25.42136,14.97706,24.96078,-26.44043,14.35961,24.25262,             583P   5303
-27.29408,13.68471,23.40149,-27.94927,12.97955,22.43907,             583P   5304
-28.37983,12.24981,21.36961,-28.56921,11.48931,20.42413,-28.575,     583P   5305
10.69383,19.47245,-28.575,9.827362,18.54943,-28.575,9.035593,        583P   5306
17.58652,-28.575,8.130083,16.67388,-28.575,7.321499,15.71364,        583P   5307
-28.575,6.490868,14.76081,-28.575,5.725211,13.89175,-28.575,         583P   5308
5.012309,12.90379,-28.5701,4.501718,11.75993,-28.39524,4.044315,     583P   5309
10.5328,-27.92821,3.783254,9.38132,-27.45702,3.657244,8.141774,      583P   5310
-27.03071,3.728161,6.888119,-26.68532,3.972738,5.635793,             583P   5311
-26.42332,4.436135,4.451279,-26.26901,5.159553,3.332262,             583P   5312
-26.2349,6.067069,2.415524,-26.32956,27.2511,20.3985,-10.67574,      583P   5313
26.9509,20.78171,-10.7478,26.35047,21.44552,-11.13386,25.76891,      583P   5314
21.99991,-11.71402,25.21895,22.44392,-12.44472,24.70711,             583P   5315
22.79868,-13.23918,24.19894,23.09068,-14.14803,23.73437,             583P   5316
23.28943,-15.11873,23.29434,23.42605,-16.12067,22.88995,             583P   5317
23.49115,-17.15801,22.51621,23.4956,-18.21835,22.16767,23.44748,     583P   5318
-19.29138,21.86109,23.3348,-20.37546,21.3947,23.29238,-21.51366,     583P   5319
20.83885,23.26333,-22.68797,20.26498,23.23838,-23.81871,             583P   5320
19.70169,23.17473,-24.92132,19.11162,23.10032,-26.04663,             583P   5321
18.39501,22.76923,-26.85395,17.58259,22.2465,-27.55207,16.75709,     583P   5322
21.61004,-28.08775,15.95417,20.89969,-28.43616,15.19395,             583P   5323
20.13857,-28.60378,14.47483,19.3199,-28.59776,13.75077,18.44099,     583P   5324
-28.56852,12.89921,17.49741,-28.54599,12.03734,16.54711,             583P   5325
-28.57132,11.20833,15.61189,-28.53337,10.32325,14.66687,             583P   5326
-28.57193,9.424924,13.84588,-28.54366,8.508543,13.0587,              583P   5327
-28.54863,7.681849,12.32147,-28.57223,6.903949,11.52745,             583P   5328
-28.54625,6.446342,10.78202,-28.3417,6.022772,9.947316,              583P   5329
-27.99458,5.619648,9.039824,-27.59644,5.332984,8.040764,             583P   5330
-27.22921,5.248326,7.020585,-26.93393,5.315814,5.995861,             583P   5331
-26.70175,5.615661,5.038319,-26.57031,6.167247,4.157812,             583P   5332
-26.54188,6.9072,3.470407,-26.62324,26.32489,19.51914,-11.74937,     583P   5333
26.10896,19.75524,-11.80764,25.61156,20.11698,-12.11857,             583P   5334
25.06815,20.37532,-12.58161,24.49259,20.53634,-13.15925,             583P   5335
23.92368,20.63428,-13.78959,23.32045,20.67827,-14.50708,             583P   5336
22.71199,20.65295,-15.26319,22.10753,20.59137,-16.04661,             583P   5337
21.50255,20.48222,-16.84959,20.90054,20.33586,-17.66565,             583P   5338
20.30428,20.16066,-18.49331,19.712,19.9488,-19.32124,19.16021,       583P   5339
19.85773,-20.3156,18.59478,19.80068,-21.3852,18.04497,19.75198,      583P   5340
-22.42244,17.4733,19.6622,-23.42085,16.8764,19.55783,-24.43119,      583P   5341
16.64945,19.51533,-24.8069,16.40733,19.41156,-25.10796,16.11955,     583P   5342
19.23851,-25.38028,15.82143,19.01854,-25.59185,15.52468,             583P   5343
18.75993,-25.73393,15.23309,18.46152,-25.79759,14.5858,17.70447,     583P   5344
-25.77437,13.72667,16.74558,-25.8046,12.87267,15.78853,              583P   5345
-25.81087,12.02685,14.85149,-25.81793,11.15929,13.90034,             583P   5346
-25.82393,10.29843,13.05692,-25.98857,9.452915,12.25179,             583P   5347
-26.21923,8.692261,11.50892,-26.42443,8.002245,10.81744,             583P   5348
-26.60647,7.782331,10.56202,-26.6366,7.522337,10.14545,              583P   5349
-26.58971,7.085051,9.240599,-26.44717,6.739509,8.287789,             583P   5350
-26.32438,6.570091,7.363915,-26.20919,6.53354,6.461018,              583P   5351
-26.14328,6.722745,5.653032,-26.09779,7.152361,4.941697,             583P   5352
-26.08755,7.777429,4.414416,-26.11669,0.,40.,0.,1.;                  583P   5353
508,6,0,5,40,0,1,1,587,0,5,69,0,1,1,589,0,5,57,0,1,1,591,0,5,12,     585P   5354
0,1,1,593,0,5,27,0,1,1,595,0,5,10,0,1,1,597;                         585P   5355
126,3,3,1,0,1,0,0.,0.,0.,0.,1.,1.,1.,1.,1.,1.,1.,1.,0.,0.,0.,        587P   5356
7.576481,0.,0.,15.15296,0.,0.,22.72944,0.,0.,0.,1.,0.,0.,1.;         587P   5357
126,3,3,1,0,1,0,0.,0.,0.,0.,1.,1.,1.,1.,1.,1.,1.,1.,22.72944,0.,     589P   5358
0.,25.58061,0.,0.,28.43177,0.,0.,31.28294,0.,0.,0.,1.,0.,0.,1.;      589P   5359
126,3,3,1,0,1,0,0.,0.,0.,0.,1.,1.,1.,1.,1.,1.,1.,1.,31.28294,0.,     591P   5360
0.,34.18863,0.,0.,37.09431,0.,0.,40.,0.,0.,0.,1.,0.,0.,1.;           591P   5361
126,3,3,1,0,1,0,0.,0.,0.,0.,1.,1.,1.,1.,1.,1.,1.,1.,40.,0.,0.,       593P   5362
40.,0.3333333,0.,40.,0.6666667,0.,40.,1.,0.,0.,1.,0.,0.,1.;          593P   5363
126,3,3,1,0,1,0,0.,0.,0.,0.,1.,1.,1.,1.,1.,1.,1.,1.,40.,1.,0.,       595P   5364
26.66667,1.,0.,13.33333,1.,0.,0.,1.,0.,0.,1.,0.,0.,1.;               595P   5365
126,3,3,1,0,1,0,0.,0.,0.,0.,1.,1.,1.,1.,1.,1.,1.,1.,0.,1.,0.,0.,     597P   5366
0.6666667,0.,0.,0.3333333,0.,0.,0.,0.,0.,1.,0.,0.,1.;                597P   5367
510,601,1,1,603;                                                     599P   5368
128,41,2,2,2,0,0,0,0,0,0.,0.,0.,1.,2.,3.,4.,5.,6.,7.,8.,9.,10.,      601P   5369
11.,12.,13.,14.,15.,16.,17.,18.,19.,20.,21.,22.,23.,24.,25.,26.,     601P   5370
27.,28.,29.,30.,31.,32.,33.,34.,35.,36.,37.,38.,39.,40.,41.,41.,     601P   5371
0.,0.,0.,1.,1.,1.,1.,1.,1.,1.,1.,1.,1.,1.,1.,1.,1.,1.,1.,1.,1.,      601P   5372
1.,1.,1.,1.,1.,1.,1.,1.,1.,1.,1.,1.,1.,1.,1.,1.,1.,1.,1.,1.,1.,      601P   5373
1.,1.,1.,1.,1.,1.,0.9359303,0.9344482,0.9263685,0.9143711,           601P   5374
0.8997296,0.8832491,0.8640373,0.8440273,0.823001,0.8012584,          601P   5375
0.7785565,0.7556168,0.7321379,0.7217966,0.7175892,0.7140257,         601P   5376
0.7100223,0.7038622,0.7253025,0.7500469,0.7726536,0.7933413,         601P   5377
0.8115072,0.8267845,0.8282049,0.8322979,0.8304235,0.834415,          601P   5378
0.8312255,0.8450082,0.8598117,0.8708622,0.8850733,0.8981691,         601P   5379
0.9066171,0.9211441,0.9342248,0.9444866,0.9523332,0.9565413,         601P   5380
0.9573942,0.954724,1.,1.,1.,1.,1.,1.,1.,1.,1.,1.,1.,1.,1.,1.,1.,     601P   5381
1.,1.,1.,1.,1.,1.,1.,1.,1.,1.,1.,1.,1.,1.,1.,1.,1.,1.,1.,1.,1.,      601P   5382
1.,1.,1.,1.,1.,1.,28.11404,-19.58302,-9.036558,28.49583,             601P   5383
-19.0174,-9.108846,29.13184,-17.92188,-9.500845,29.64183,            601P   5384
-16.88805,-10.08997,30.03616,-15.92656,-10.82887,30.33552,           601P   5385
-15.04116,-11.63514,30.5658,-14.1678,-12.56035,30.7116,              601P   5386
-13.36603,-13.54705,30.79366,-12.61068,-14.56914,30.81223,           601P   5387
-11.90688,-15.62764,30.77566,-11.2421,-16.71653,30.68965,            601P   5388
-10.61525,-17.821,30.55236,-10.03506,-18.9427,30.37886,              601P   5389
-9.471993,-20.06801,30.17881,-8.907013,-21.18651,29.95676,           601P   5390
-8.327144,-22.29591,29.72661,-7.772082,-23.3303,29.47317,            601P   5391
-7.190814,-24.37239,29.04531,-6.872227,-25.42136,28.36728,           601P   5392
-6.530734,-26.44043,27.50297,-6.16233,-27.29408,26.48496,            601P   5393
-5.783481,-27.94927,25.35174,-5.410223,-28.37983,24.10912,           601P   5394
-5.046698,-28.56921,22.97488,-4.615589,-28.575,21.82396,             601P   5395
-4.153121,-28.575,20.67839,-3.614288,-28.575,19.51792,-3.158823,     601P   5396
-28.575,18.37014,-2.57966,-28.575,17.20703,-2.107389,-28.575,        601P   5397
16.04416,-1.611844,-28.575,14.98102,-1.15222,-28.575,13.82113,       601P   5398
-0.7795044,-28.5701,12.57546,-0.6473769,-28.39524,11.26703,          601P   5399
-0.5915497,-27.92821,10.09127,-0.6991126,-27.45702,8.873439,         601P   5400
-0.9623001,-27.03071,7.703058,-1.417143,-26.68532,6.587592,          601P   5401
-2.03675,-26.42332,5.604256,-2.843492,-26.26901,4.763567,            601P   5402
-3.8773,-26.2349,4.172128,-5.023696,-26.32956,27.82118,              601P   5403
-19.61385,-10.67574,28.09286,-19.20992,-10.7478,28.53865,            601P   5404
-18.43375,-11.13386,28.88618,-17.70934,-11.71402,29.13852,           601P   5405
-17.04908,-12.44472,29.31775,-16.45269,-13.23918,29.43842,           601P   5406
-15.87915,-14.14803,29.48389,-15.37589,-15.11873,29.47784,           601P   5407
-14.91517,-16.12067,29.4148,-14.51047,-17.15801,29.30352,            601P   5408
-14.15364,-18.21835,29.15006,-13.83703,-19.29138,28.94815,           601P   5409
-13.58028,-20.37546,28.7637,-13.14983,-21.51366,28.56431,            601P   5410
-12.63016,-22.68797,28.36324,-12.0921,-23.81871,28.12865,            601P   5411
-11.57602,-24.92132,27.87553,-11.03784,-26.04663,27.33919,           601P   5412
-10.45861,-26.85395,26.59101,-9.847483,-27.55207,25.73058,           601P   5413
-9.259059,-28.08775,24.80691,-8.714961,-28.43616,23.84811,           601P   5414
-8.227136,-28.60378,22.84727,-7.7962,-28.59776,21.78764,             601P   5415
-7.37918,-28.56852,20.62711,-6.86088,-28.54599,19.45698,             601P   5416
-6.334849,-28.57132,18.31134,-5.835419,-28.53337,17.13908,           601P   5417
-5.285676,-28.57193,16.08066,-4.685025,-28.54366,15.04884,           601P   5418
-4.056756,-28.54863,14.09225,-3.498332,-28.57223,13.0967,            601P   5419
-3.00386,-28.54625,12.24633,-2.798999,-28.3417,11.32159,             601P   5420
-2.654115,-27.99458,10.33394,-2.551143,-27.59644,9.295206,           601P   5421
-2.587229,-27.22921,8.29879,-2.821963,-26.93393,7.34507,             601P   5422
-3.202805,-26.70175,6.527063,-3.783876,-26.57031,5.86011,            601P   5423
-4.580565,-26.54188,5.43499,-5.496733,-26.62324,26.69865,            601P   5424
-19.00472,-11.74937,26.85646,-18.72639,-11.80764,27.04678,           601P   5425
-18.14155,-12.11857,27.12456,-17.54491,-12.58161,27.09984,           601P   5426
-16.94775,-13.15925,27.01719,-16.37644,-13.78959,26.87262,           601P   5427
-15.78913,-14.50708,26.66053,-15.21828,-15.26319,26.41516,           601P   5428
-14.66243,-16.04661,26.12441,-14.12077,-16.84959,25.79919,           601P   5429
-13.59348,-17.66565,25.44829,-13.08054,-18.49331,25.06378,           601P   5430
-12.5827,-19.32124,24.80666,-12.08606,-20.3156,24.57767,             601P   5431
-11.56594,-21.3852,24.36144,-11.05808,-22.42244,24.09942,            601P   5432
-10.54215,-23.42085,23.8157,-10.0067,-24.43119,23.70513,             601P   5433
-9.803999,-24.8069,23.53165,-9.605808,-25.10796,23.27813,            601P   5434
-9.385582,-25.38028,22.97679,-9.170032,-25.59185,22.63915,           601P   5435
-8.967716,-25.73393,22.26523,-8.782611,-25.79759,21.34522,           601P   5436
-8.400946,-25.77437,20.16778,-7.88017,-25.8046,18.99366,             601P   5437
-7.363701,-25.81087,17.84111,-6.848851,-25.81793,16.66842,           601P   5438
-6.317681,-25.82393,15.60025,-5.759574,-25.98857,14.57325,           601P   5439
-5.204231,-26.21923,13.6317,-4.710382,-26.42443,12.76081,            601P   5440
-4.267805,-26.60647,12.44996,-4.137602,-26.6366,11.97343,            601P   5441
-4.01906,-26.58971,10.97773,-3.882771,-26.44717,9.964776,            601P   5442
-3.84859,-26.32438,9.033764,-3.972956,-26.20919,8.163763,            601P   5443
-4.2172,-26.14328,7.453782,-4.646818,-26.09779,6.910019,             601P   5444
-5.275222,-26.08755,6.601714,-6.032647,-26.11669,0.,40.,0.,1.;       601P   5445
508,6,0,5,81,1,1,1,605,0,5,78,0,1,1,607,0,5,82,1,1,1,609,0,5,18,     603P   5446
0,1,1,611,0,5,28,0,1,1,613,0,5,16,0,1,1,615;                         603P   5447
126,3,3,1,0,1,0,0.,0.,0.,0.,1.,1.,1.,1.,1.,1.,1.,1.,0.,0.,0.,        605P   5448
7.576505,0.,0.,15.15301,0.,0.,22.72952,0.,0.,0.,1.,0.,0.,1.;         605P   5449
126,3,3,1,0,1,0,0.,0.,0.,0.,1.,1.,1.,1.,1.,1.,1.,1.,22.72952,0.,     607P   5450
0.,25.5808,0.,0.,28.43209,0.,0.,31.28337,0.,0.,0.,1.,0.,0.,1.;       607P   5451
126,3,3,1,0,1,0,0.,0.,0.,0.,1.,1.,1.,1.,1.,1.,1.,1.,31.28337,0.,     609P   5452
0.,34.18891,0.,0.,37.09446,0.,0.,40.,0.,0.,0.,1.,0.,0.,1.;           609P   5453
126,3,3,1,0,1,0,0.,0.,0.,0.,1.,1.,1.,1.,1.,1.,1.,1.,40.,0.,0.,       611P   5454
40.,0.3333333,0.,40.,0.6666667,0.,40.,1.,0.,0.,1.,0.,0.,1.;          611P   5455
126,3,3,1,0,1,0,0.,0.,0.,0.,1.,1.,1.,1.,1.,1.,1.,1.,40.,1.,0.,       613P   5456
26.66667,1.,0.,13.33333,1.,0.,0.,1.,0.,0.,1.,0.,0.,1.;               613P   5457
126,3,3,1,0,1,0,0.,0.,0.,0.,1.,1.,1.,1.,1.,1.,1.,1.,0.,1.,0.,0.,     615P   5458
0.6666667,0.,0.,0.3333333,0.,0.,0.,0.,0.,1.,0.,0.,1.;                615P   5459
510,619,1,1,621;                                                     617P   5460
128,41,2,2,2,0,0,0,0,0,0.,0.,0.,1.,2.,3.,4.,5.,6.,7.,8.,9.,10.,      619P   5461
11.,12.,13.,14.,15.,16.,17.,18.,19.,20.,21.,22.,23.,24.,25.,26.,     619P   5462
27.,28.,29.,30.,31.,32.,33.,34.,35.,36.,37.,38.,39.,40.,41.,41.,     619P   5463
0.,0.,0.,1.,1.,1.,1.,1.,1.,1.,1.,1.,1.,1.,1.,1.,1.,1.,1.,1.,1.,      619P   5464
1.,1.,1.,1.,1.,1.,1.,1.,1.,1.,1.,1.,1.,1.,1.,1.,1.,1.,1.,1.,1.,      619P   5465
1.,1.,1.,1.,1.,1.,0.9359303,0.9344482,0.9263685,0.9143711,           619P   5466
0.8997296,0.8832491,0.8640373,0.8440273,0.823001,0.8012584,          619P   5467
0.7785565,0.7556168,0.7321379,0.7217966,0.7175892,0.7140257,         619P   5468
0.7100223,0.7038622,0.7253025,0.7500469,0.7726536,0.7933413,         619P   5469
0.8115072,0.8267845,0.8282049,0.8322979,0.8304235,0.834415,          619P   5470
0.8312255,0.8450082,0.8598117,0.8708622,0.8850733,0.8981691,         619P   5471
0.9066171,0.9211441,0.9342248,0.9444866,0.9523332,0.9565413,         619P   5472
0.9573942,0.954724,1.,1.,1.,1.,1.,1.,1.,1.,1.,1.,1.,1.,1.,1.,1.,     619P   5473
1.,1.,1.,1.,1.,1.,1.,1.,1.,1.,1.,1.,1.,1.,1.,1.,1.,1.,1.,1.,1.,      619P   5474
1.,1.,1.,1.,1.,1.,-9.936861,-32.78952,-9.036558,-9.280931,           619P   5475
-32.97786,-9.108846,-8.042478,-33.24421,-9.500845,-6.901663,         619P   5476
-33.40974,-10.08997,-5.865368,-33.48766,-10.82887,-4.9308,           619P   5477
-33.49879,-11.63514,-4.029024,-33.44789,-12.56035,-3.221431,         619P   5478
-33.3388,-13.54705,-2.477694,-33.18342,-14.56914,-1.802613,          619P   5479
-32.9836,-15.62764,-1.181684,-32.74337,-16.71653,-0.6120638,         619P   5480
-32.46791,-17.821,-0.1027176,-32.15803,-18.9427,0.3791712,           619P   5481
-31.81901,-20.06801,0.8546846,-31.45419,-21.18651,1.337564,          619P   5482
-31.06382,-22.29591,1.794332,-30.6734,-23.3303,2.26883,              619P   5483
-30.25272,-24.37239,2.439619,-29.74736,-25.42136,2.554884,           619P   5484
-28.997,-26.44043,2.638171,-28.06116,-27.29408,2.683891,             619P   5485
-26.97589,-27.94927,2.688692,-25.78278,-28.37983,2.650439,           619P   5486
-24.48864,-28.56921,2.709951,-23.27672,-28.575,2.794127,             619P   5487
-22.03922,-28.575,2.952572,-20.78319,-28.575,3.027147,-19.53878,     619P   5488
-28.575,3.223285,-18.26819,-28.575,3.313024,-17.01608,-28.575,       619P   5489
3.424961,-15.75699,-28.575,3.533572,-14.60386,-28.575,3.529609,      619P   5490
-13.38555,-28.5701,3.270352,-12.16003,-28.39524,2.91912,             619P   5491
-10.89839,-27.92821,2.453462,-9.813394,-27.45702,1.826844,           619P   5492
-8.736508,-27.03071,1.032586,-7.763962,-26.68532,0.0986282,          619P   5493
-6.894573,-26.42332,-0.9725152,-6.208654,-26.26901,-2.215515,        619P   5494
-5.728566,-26.2349,-3.488563,-5.520339,-26.32956,-10.05667,          619P   5495
-32.52053,-10.67574,-9.588551,-32.65409,-10.7478,-8.712606,          619P   5496
-32.83821,-11.13386,-7.916266,-32.94489,-11.71402,-7.210349,         619P   5497
-32.98083,-12.44472,-6.587769,-32.96699,-13.23918,-6.004992,         619P   5498
-32.90453,-14.14803,-5.512333,-32.79226,-15.11873,-5.076012,         619P   5499
-32.64413,-16.12067,-4.710608,-32.45912,-17.15801,-4.40563,          619P   5500
-32.24304,-18.21835,-4.151935,-31.99922,-19.29138,-3.970147,         619P   5501
-31.72788,-20.37546,-3.617773,-31.41942,-21.51366,-3.185135,         619P   5502
-31.0692,-22.68797,-2.735555,-30.71172,-23.81871,-2.317217,          619P   5503
-30.3291,-24.92132,-1.883588,-29.92209,-26.04663,-1.498448,          619P   5504
-29.23301,-26.85395,-1.148436,-28.33258,-27.55207,-0.85471,          619P   5505
-27.33246,-28.08775,-0.6226556,-26.28582,-28.43616,-0.4549902,       619P   5506
-25.22322,-28.60378,-0.3544316,-24.13822,-28.59776,-0.2852674,       619P   5507
-23.00157,-28.56852,-0.1509522,-21.73767,-28.54599,-0.0122682,       619P   5508
-20.46226,-28.57132,0.108712,-19.21837,-28.53337,0.2692908,          619P   5509
-17.9336,-28.57193,0.5134864,-16.74138,-28.54366,0.7921498,          619P   5510
-15.56591,-28.54863,1.027633,-14.48356,-28.57223,1.190269,           619P   5511
-13.38394,-28.54625,1.122324,-12.51189,-28.3417,0.974344,            619P   5512
-11.58765,-27.99458,0.76708,-10.61652,-27.59644,0.4117848,           619P   5513
-9.63976,-27.22921,-0.11938,-8.764654,-26.93393,-0.7763002,          619P   5514
-7.975303,-26.70175,-1.581709,-7.376881,-26.57031,-2.545512,         619P   5515
-6.988759,-26.54188,-3.548202,-6.867576,-26.62324,-9.824237,         619P   5516
-31.26471,-11.74937,-9.510751,-31.32879,-11.80764,-8.895715,         619P   5517
-31.32907,-12.11857,-8.304251,-31.21866,-12.58161,-7.743952,         619P   5518
-31.01063,-13.15925,-7.226148,-30.75546,-13.78959,-6.712255,         619P   5519
-30.43649,-14.50708,-6.234887,-30.05836,-15.26319,-5.782056,         619P   5520
-29.65326,-16.04661,-5.356758,-29.20934,-16.84959,-4.955769,         619P   5521
-28.7371,-17.66565,-4.576369,-28.24488,-18.49331,-4.221734,          619P   5522
-27.72534,-19.32124,-3.828847,-27.32733,-20.3156,-3.404946,          619P   5523
-26.94882,-21.3852,-2.988767,-26.58626,-22.42244,-2.57904,           619P   5524
-26.1776,-23.42085,-2.157476,-25.74232,-24.43119,-1.998878,          619P   5525
-25.57452,-24.8069,-1.863979,-25.34828,-25.10796,-1.73289,           619P   5526
-25.03911,-25.38028,-1.621003,-24.68593,-25.59185,-1.532915,         619P   5527
-24.30228,-25.73393,-1.472413,-23.88947,-25.79759,-1.393749,         619P   5528
-22.89654,-25.77437,-1.262304,-21.61579,-25.8046,-1.133932,          619P   5529
-20.33955,-25.81087,-1.00043,-19.08432,-25.81793,-0.8576564,         619P   5530
-17.80488,-25.82393,-0.6569456,-16.61654,-25.98857,-0.4461256,       619P   5531
-15.46819,-26.21923,-0.2674112,-14.4201,-26.42443,-0.1156208,        619P   5532
-13.45508,-26.60647,-0.0878586,-13.11919,-26.6366,-0.1223518,        619P   5533
-12.62937,-26.58971,-0.3004312,-11.64028,-26.44717,-0.5809488,       619P   5534
-10.66635,-26.32438,-0.986917,-9.819338,-26.20919,-1.488059,         619P   5535
-9.067391,-26.14328,-2.116049,-8.524923,-26.09779,-2.881706,         619P   5536
-8.201962,-26.08755,-3.697351,-8.142798,-26.11669,0.,40.,0.,1.;      619P   5537
508,6,0,5,83,1,1,1,623,0,5,75,0,1,1,625,0,5,84,1,1,1,627,0,5,25,     621P   5538
0,1,1,629,0,5,29,0,1,1,631,0,5,23,0,1,1,633;                         621P   5539
126,3,3,1,0,1,0,0.,0.,0.,0.,1.,1.,1.,1.,1.,1.,1.,1.,0.,0.,0.,        623P   5540
7.576427,0.,0.,15.15285,0.,0.,22.72928,0.,0.,0.,1.,0.,0.,1.;         623P   5541
126,3,3,1,0,1,0,0.,0.,0.,0.,1.,1.,1.,1.,1.,1.,1.,1.,22.72928,0.,     625P   5542
0.,25.58064,0.,0.,28.43199,0.,0.,31.28335,0.,0.,0.,1.,0.,0.,1.;      625P   5543
126,3,3,1,0,1,0,0.,0.,0.,0.,1.,1.,1.,1.,1.,1.,1.,1.,31.28335,0.,     627P   5544
0.,34.1889,0.,0.,37.09445,0.,0.,40.,0.,0.,0.,1.,0.,0.,1.;            627P   5545
126,3,3,1,0,1,0,0.,0.,0.,0.,1.,1.,1.,1.,1.,1.,1.,1.,40.,0.,0.,       629P   5546
40.,0.3333333,0.,40.,0.6666667,0.,40.,1.,0.,0.,1.,0.,0.,1.;          629P   5547
126,3,3,1,0,1,0,0.,0.,0.,0.,1.,1.,1.,1.,1.,1.,1.,1.,40.,1.,0.,       631P   5548
26.66667,1.,0.,13.33333,1.,0.,0.,1.,0.,0.,1.,0.,0.,1.;               631P   5549
126,3,3,1,0,1,0,0.,0.,0.,0.,1.,1.,1.,1.,1.,1.,1.,1.,0.,1.,0.,0.,     633P   5550
0.6666667,0.,0.,0.3333333,0.,0.,0.,0.,0.,1.,0.,0.,1.;                633P   5551
510,637,1,1,639;                                                     635P   5552
128,41,2,2,2,0,0,0,0,0,0.,0.,0.,1.,2.,3.,4.,5.,6.,7.,8.,9.,10.,      637P   5553
11.,12.,13.,14.,15.,16.,17.,18.,19.,20.,21.,22.,23.,24.,25.,26.,     637P   5554
27.,28.,29.,30.,31.,32.,33.,34.,35.,36.,37.,38.,39.,40.,41.,41.,     637P   5555
0.,0.,0.,1.,1.,1.,1.,1.,1.,1.,1.,1.,1.,1.,1.,1.,1.,1.,1.,1.,1.,      637P   5556
1.,1.,1.,1.,1.,1.,1.,1.,1.,1.,1.,1.,1.,1.,1.,1.,1.,1.,1.,1.,1.,      637P   5557
1.,1.,1.,1.,1.,1.,0.9359303,0.9344482,0.9263685,0.9143711,           637P   5558
0.8997296,0.8832491,0.8640373,0.8440273,0.823001,0.8012584,          637P   5559
0.7785565,0.7556168,0.7321379,0.7217966,0.7175892,0.7140257,         637P   5560
0.7100223,0.7038622,0.7253025,0.7500469,0.7726536,0.7933413,         637P   5561
0.8115072,0.8267845,0.8282049,0.8322979,0.8304235,0.834415,          637P   5562
0.8312255,0.8450082,0.8598117,0.8708622,0.8850733,0.8981691,         637P   5563
0.9066171,0.9211441,0.9342248,0.9444866,0.9523332,0.9565413,         637P   5564
0.9573942,0.954724,1.,1.,1.,1.,1.,1.,1.,1.,1.,1.,1.,1.,1.,1.,1.,     637P   5565
1.,1.,1.,1.,1.,1.,1.,1.,1.,1.,1.,1.,1.,1.,1.,1.,1.,1.,1.,1.,1.,      637P   5566
1.,1.,1.,1.,1.,1.,-34.25534,-0.6820154,-9.036558,-34.23177,          637P   5567
-1.364031,-9.108846,-34.10238,-2.62416,-9.500845,-33.90728,          637P   5568
-3.760302,-10.08997,-33.66116,-4.769952,-10.82887,-33.38293,         637P   5569
-5.662226,-11.63514,-33.05587,-6.504127,-12.56035,-32.70255,         637P   5570
-7.238482,-13.54705,-32.32497,-7.897815,-14.56914,-31.92631,         637P   5571
-8.478106,-15.62764,-31.50596,-8.994419,-16.71653,-31.06794,         637P   5572
-9.451017,-17.821,-30.61584,-9.839693,-18.9427,-30.1445,             637P   5573
-10.19324,-20.06801,-29.65059,-10.53274,-21.18651,-29.13011,         637P   5574
-10.87135,-22.29591,-28.61765,-11.18512,-23.3303,-28.07094,          637P   5575
-11.5064,-24.37239,-27.53754,-11.51266,-25.42136,-26.78828,          637P   5576
-11.39039,-26.44043,-25.8725,-11.18041,-27.29408,-24.82622,          637P   5577
-10.88853,-27.94927,-23.69003,-10.52441,-28.37983,-22.47105,         637P   5578
-10.08812,-28.56921,-21.30006,-9.770214,-28.575,-20.09711,           637P   5579
-9.467863,-28.575,-18.85359,-9.230426,-28.575,-17.64704,             637P   5580
-8.91681,-28.575,-16.37803,-8.710704,-28.575,-15.15947,              637P   5581
-8.409127,-28.575,-13.92741,-8.126509,-28.575,-12.79717,             637P   5582
-7.873464,-28.575,-11.6397,-7.493221,-28.5701,-10.55428,             637P   5583
-6.867936,-28.39524,-9.462922,-6.144026,-27.92821,-8.574938,         637P   5584
-5.3659,-27.45702,-7.744384,-4.437159,-27.03071,-7.064883,           637P   5585
-3.381248,-26.68532,-6.526657,-2.224331,-26.42332,-6.205296,         637P   5586
-0.9936683,-26.26901,-6.13283,0.336852,-26.2349,-6.328181,           637P   5587
1.611939,-26.32956,-34.03654,-0.4849404,-10.67574,-34.01891,         637P   5588
-0.9714192,-10.7478,-33.92333,-1.861377,-11.13386,-33.77871,         637P   5589
-2.651714,-11.71402,-33.59475,-3.334192,-12.44472,-33.38921,         637P   5590
-3.922034,-13.23918,-33.14972,-4.456971,-14.14803,-32.89069,         637P   5591
-4.890833,-15.11873,-32.615,-5.260012,-16.12067,-32.32611,           637P   5592
-5.550362,-17.15801,-32.02636,-5.773651,-18.21835,-31.7161,          637P   5593
-5.939587,-19.29138,-31.40184,-6.028629,-20.37546,-30.9996,          637P   5594
-6.268441,-21.51366,-30.53282,-6.571658,-22.68797,-30.0539,          637P   5595
-6.888782,-23.81871,-29.56076,-7.168398,-24.92132,-29.03965,         637P   5596
-7.455027,-26.04663,-28.26529,-7.608382,-26.85395,-27.30077,         637P   5597
-7.663012,-27.55207,-26.25882,-7.633325,-28.08775,-25.19173,         637P   5598
-7.530579,-28.43616,-24.12931,-7.361672,-28.60378,-23.06633,         637P   5599
-7.122041,-28.59776,-21.96395,-6.836575,-28.56852,-20.7204,          637P   5600
-6.573741,-28.54599,-19.46456,-6.311524,-28.57132,-18.24417,         637P   5601
-6.04219,-28.53337,-16.97265,-5.797898,-28.57193,-15.76333,          637P   5602
-5.661718,-28.54366,-14.55927,-5.563507,-28.54863,-13.45713,         637P   5603
-5.453002,-28.57223,-12.36106,-5.267869,-28.54625,-11.55271,         637P   5604
-4.933777,-28.3417,-10.71941,-4.507446,-27.99458,-9.859874,          637P   5605
-4.010226,-27.59644,-9.040698,-3.370468,-27.22921,-8.372577,         637P   5606
-2.594892,-26.93393,-7.824851,-1.726202,-26.70175,-7.504608,         637P   5607
-0.7752878,-26.57031,-7.43331,0.2612746,-26.54188,-7.627899,         637P   5608
1.252339,-26.62324,-32.77035,-0.3179321,-11.74937,-32.73444,         637P   5609
-0.6358644,-11.80764,-32.54465,-1.220887,-12.11857,-32.25687,        637P   5610
-1.749292,-12.58161,-31.88587,-2.217874,-13.15925,-31.48319,         637P   5611
-2.631491,-13.78959,-31.02103,-3.02166,-14.50708,-30.51389,          637P   5612
-3.358815,-15.26319,-29.98867,-3.664285,-16.04661,-29.43507,         637P   5613
-3.931595,-16.84959,-28.86202,-4.167025,-17.66565,-28.27665,         637P   5614
-4.375757,-18.49331,-27.67294,-4.5525,-19.32124,-27.17302,           637P   5615
-4.803153,-20.3156,-26.68204,-5.089355,-21.3852,-26.2086,            637P   5616
-5.373126,-22.42244,-25.69335,-5.636506,-23.42085,-25.1491,          637P   5617
-5.902924,-24.43119,-24.94051,-6.001929,-24.8069,-24.68365,          637P   5618
-6.06029,-25.10796,-24.3491,-6.089444,-25.38028,-23.97863,           637P   5619
-6.086709,-25.59185,-23.58654,-6.051918,-25.73393,-23.17524,         637P   5620
-5.981893,-25.79759,-22.20659,-5.749895,-25.77437,-20.94791,         637P   5621
-5.479125,-25.8046,-19.69446,-5.206827,-25.81087,-18.45941,          637P   5622
-4.945903,-25.81793,-17.19848,-4.686341,-25.82393,-16.00627,         637P   5623
-4.510009,-25.98857,-14.84898,-4.355635,-26.21923,-13.79697,         637P   5624
-4.201729,-26.42443,-12.83227,-4.047896,-26.60647,-12.50424,         637P   5625
-3.970508,-26.6366,-12.04905,-3.786317,-26.58971,-11.1634,           637P   5626
-3.311319,-26.44717,-10.32383,-2.743576,-26.32438,-9.64372,          637P   5627
-2.095728,-26.20919,-9.083446,-1.386755,-26.14328,-8.761578,         637P   5628
-0.621874,-26.09779,-8.691042,0.2061298,-26.08755,-8.8868,           637P   5629
1.000122,-26.11669,0.,40.,0.,1.;                                     637P   5630
508,7,0,5,85,1,1,1,641,0,5,71,0,1,1,643,0,5,86,1,1,1,645,0,5,61,     639P   5631
0,1,1,647,0,5,36,0,1,1,649,0,5,37,0,1,1,651,0,5,34,0,1,1,653;        639P   5632
126,3,3,1,0,1,0,0.,0.,0.,0.,1.,1.,1.,1.,1.,1.,1.,1.,0.,0.,0.,        641P   5633
7.576465,0.,0.,15.15293,0.,0.,22.72939,0.,0.,0.,1.,0.,0.,1.;         641P   5634
126,3,3,1,0,1,0,0.,0.,0.,0.,1.,1.,1.,1.,1.,1.,1.,1.,22.72939,0.,     643P   5635
0.,25.58055,0.,0.,28.4317,0.,0.,31.28286,0.,0.,0.,1.,0.,0.,1.;       643P   5636
126,3,3,1,0,1,0,0.,0.,0.,0.,1.,1.,1.,1.,1.,1.,1.,1.,31.28286,0.,     645P   5637
0.,33.93794,0.,0.,36.59302,0.,0.,39.2481,0.,0.,0.,1.,0.,0.,1.;       645P   5638
126,3,3,1,0,1,0,0.,0.,0.,0.,1.,1.,1.,1.,1.,1.,1.,1.,39.2481,0.,      647P   5639
0.,39.49874,0.,0.,39.74937,0.,0.,40.,0.,0.,0.,1.,0.,0.,1.;           647P   5640
126,3,3,1,0,1,0,0.,0.,0.,0.,1.,1.,1.,1.,1.,1.,1.,1.,40.,0.,0.,       649P   5641
40.,0.3333333,0.,40.,0.6666667,0.,40.,1.,0.,0.,1.,0.,0.,1.;          649P   5642
126,3,3,1,0,1,0,0.,0.,0.,0.,1.,1.,1.,1.,1.,1.,1.,1.,40.,1.,0.,       651P   5643
26.66667,1.,0.,13.33333,1.,0.,0.,1.,0.,0.,1.,0.,0.,1.;               651P   5644
126,3,3,1,0,1,0,0.,0.,0.,0.,1.,1.,1.,1.,1.,1.,1.,1.,0.,1.,0.,0.,     653P   5645
0.6666667,0.,0.,0.3333333,0.,0.,0.,0.,0.,1.,0.,0.,1.;                653P   5646
510,657,1,1,659;                                                     655P   5647
128,4,4,2,2,0,0,0,0,0,-4.,-4.,-4.,-3.,-3.,-2.,-2.,-2.,3.,3.,3.,      657P   5648
4.,4.,5.,5.,5.,1.,0.7071068,1.,0.7071068,1.,0.8241136,0.5827363,     657P   5649
0.8241136,0.5827363,0.8241136,1.,0.7071068,1.,0.7071068,1.,          657P   5650
0.9839416,0.6957517,0.9839416,0.6957517,0.9839416,1.,0.7071068,      657P   5651
1.,0.7071068,1.,24.36038,-1.449759D-015,-28.575,24.36038,            657P   5652
-24.36037,-28.575,0.,-24.36037,-28.575,-24.36037,-24.36037,          657P   5653
-28.575,-24.36037,-3.388675D-015,-28.575,28.72481,                   657P   5654
-1.599707D-015,-28.575,28.72481,-28.72481,-28.575,0.,-28.72481,      657P   5655
-28.575,-28.72481,-28.72481,-28.575,-28.72481,-3.238726D-015,        657P   5656
-28.575,30.28871,-1.500166D-015,-24.50037,30.28871,-30.28871,        657P   5657
-24.50037,0.,-30.28871,-24.50037,-30.28871,-30.28871,-24.50037,      657P   5658
-30.28871,-2.839286D-015,-24.50037,34.82909,-7.758313D-016,          657P   5659
-12.67071,34.82909,-34.82909,-12.67071,0.,-34.82909,-12.67071,       657P   5660
-34.82909,-34.82909,-12.67071,-34.82909,-2.114951D-015,              657P   5661
-12.67071,34.925,-7.333879D-029,0.,34.925,-34.925,2.138469D-015,     657P   5662
0.,-34.925,2.138469D-015,-34.925,-34.925,2.138469D-015,-34.925,      657P   5663
-1.33912D-015,8.199473D-032,-4.,-2.,3.,5.;                           657P   5664
508,12,0,5,81,0,1,0,661,0,5,15,0,1,0,663,0,5,76,0,1,1,665,0,5,       659P   5665
83,0,1,0,667,0,5,22,0,1,0,669,0,5,72,0,1,1,671,0,5,85,0,1,0,673,     659P   5666
0,5,33,0,1,0,675,0,5,44,0,1,1,677,0,5,50,0,1,1,679,0,5,42,0,1,1,     659P   5667
681,0,5,79,0,1,1,683;                                                659P   5668
126,80,3,1,0,1,0,0.,0.,0.,0.,1.,1.,1.,2.,2.,3.158038584,             661P   5669
3.158038584,3.777175728,3.777175728,5.846745589,5.846745589,         661P   5670
7.820456728,7.820456728,7.820456728,8.820456728,8.820456728,         661P   5671
8.820456728,9.820456728,9.820456728,9.820456728,10.82045673,         661P   5672
10.82045673,12.53102532,12.53102532,13.93345952,13.93345952,         661P   5673
15.67757912,15.67757912,15.67757912,16.67757912,16.67757912,         661P   5674
16.67757912,17.67757912,17.67757912,17.67757912,18.67757912,         661P   5675
18.67757912,18.67757912,19.67757912,19.67757912,19.67757912,         661P   5676
20.67757912,20.67757912,20.67757912,21.67757912,21.67757912,         661P   5677
21.67757912,22.67757912,22.67757912,22.67757912,23.67757912,         661P   5678
23.67757912,23.67757912,24.67757912,24.67757912,24.67757912,         661P   5679
25.67757912,25.67757912,25.67757912,26.67757912,26.67757912,         661P   5680
26.67757912,27.67757912,27.67757912,27.67757912,28.67757912,         661P   5681
28.67757912,28.67757912,29.67757912,29.67757912,29.67757912,         661P   5682
30.67757912,30.67757912,30.67757912,31.67757912,31.67757912,         661P   5683
31.67757912,32.67757912,32.67757912,32.67757912,32.67757912,1.,      661P   5684
1.,1.,1.,1.,1.,1.,1.,1.,1.,1.,1.,1.,1.,1.,1.,1.,1.,1.,1.,1.,1.,      661P   5685
1.,1.,1.,1.,1.,1.,1.,1.,1.,1.,1.,1.,1.,1.,1.,1.,1.,1.,1.,1.,1.,      661P   5686
1.,1.,1.,1.,1.,1.,1.,1.,1.,1.,1.,1.,1.,1.,1.,1.,1.,1.,1.,1.,1.,      661P   5687
1.,1.,1.,1.,1.,1.,1.,1.,1.,1.,1.,1.,1.,1.,1.,1.,1.,-3.860831,3.,     661P   5688
0.,-3.86019,3.027432,0.,-3.859548,3.054865,0.,-3.858907,             661P   5689
3.082297,0.,-3.858195,3.125491,0.,-3.857735,3.16869,0.,-3.85605,     661P   5690
3.261902,0.,-3.855144,3.311922,0.,-3.85356,3.38868,0.,-3.853009,     661P   5691
3.415421,0.,-3.850433,3.531545,0.,-3.84832,3.620926,0.,              661P   5692
-3.844123,3.795547,0.,-3.842139,3.880789,0.,-3.839514,3.966014,      661P   5693
0.,-3.838807,3.979125,0.,-3.838065,3.992235,0.,-3.837336,            661P   5694
4.005346,0.,-3.836348,4.01035,0.,-3.835356,4.015352,0.,              661P   5695
-3.834373,4.020357,0.,-3.83087,4.035124,0.,-3.827347,4.049888,       661P   5696
0.,-3.818337,4.090029,0.,-3.812635,4.115358,0.,-3.802801,            661P   5697
4.161571,0.,-3.798475,4.182413,0.,-3.788896,4.2292,0.,-3.783373,     661P   5698
4.255089,0.,-3.777761,4.280959,0.,-3.774137,4.296112,0.,             661P   5699
-3.770493,4.311262,0.,-3.766859,4.326413,0.,-3.76295,4.341308,       661P   5700
0.,-3.75904,4.356204,0.,-3.755131,4.371099,0.,-3.750964,             661P   5701
4.385497,0.,-3.746797,4.399896,0.,-3.74263,4.414294,0.,              661P   5702
-3.738067,4.428161,0.,-3.733504,4.442027,0.,-3.728941,4.455894,      661P   5703
0.,-3.724054,4.469238,0.,-3.719168,4.482581,0.,-3.714281,            661P   5704
4.495925,0.,-3.710193,4.505264,0.,-3.706104,4.514602,0.,             661P   5705
-3.702016,4.523941,0.,-3.699243,4.529782,0.,-3.69647,4.535623,       661P   5706
0.,-3.693697,4.541464,0.,-3.690893,4.546885,0.,-3.688089,            661P   5707
4.552306,0.,-3.685285,4.557727,0.,-3.68232,4.562919,0.,              661P   5708
-3.679355,4.56811,0.,-3.67639,4.573302,0.,-3.673289,4.578266,0.,     661P   5709
-3.670187,4.583231,0.,-3.667086,4.588195,0.,-3.663812,4.592644,      661P   5710
0.,-3.660539,4.597093,0.,-3.657265,4.601542,0.,-3.653823,4.6055,     661P   5711
0.,-3.650381,4.609457,0.,-3.646939,4.613415,0.,-3.643341,            661P   5712
4.616698,0.,-3.639743,4.61998,0.,-3.636145,4.623263,0.,-3.633,       661P   5713
4.625457,0.,-3.629856,4.627651,0.,-3.626711,4.629845,0.,             661P   5714
-3.624147,4.631221,0.,-3.621583,4.632597,0.,-3.619019,4.633973,      661P   5715
0.,-3.616388,4.634991,0.,-3.613758,4.636009,0.,-3.611127,            661P   5716
4.637027,0.,-3.609786,4.637348,0.,-3.608444,4.637668,0.,             661P   5717
-3.607103,4.637989,0.,0.,32.67757912,0.,0.,1.;                       661P   5718
126,98,3,1,0,1,0,0.,0.,0.,0.,1.,1.,1.,2.,2.,2.,3.,3.,3.,4.,4.,       663P   5719
4.,5.,5.,5.,6.,6.,6.,7.,7.,7.,8.,8.,8.,9.,9.,9.,10.,10.,10.,11.,     663P   5720
11.,11.,12.,12.,12.,13.,13.,13.,14.,14.,14.,15.,15.,15.,16.,16.,     663P   5721
16.,17.,17.,17.,18.,18.,18.,19.,19.,19.,20.,20.,20.,21.,21.,         663P   5722
22.03210942,22.03210942,22.03210942,23.03210942,23.03210942,         663P   5723
23.03210942,24.03210942,24.03210942,24.03210942,25.03210942,         663P   5724
25.03210942,26.11836915,26.11836915,26.53575909,26.53575909,         663P   5725
26.53575909,27.53575909,27.53575909,27.53575909,28.53575909,         663P   5726
28.53575909,28.53575909,29.53575909,29.53575909,29.53575909,         663P   5727
30.53575909,30.53575909,31.51714307,31.51714307,32.10776581,         663P   5728
32.10776581,32.51711332,32.51711332,33.36215716,33.36215716,         663P   5729
33.36215716,33.36215716,1.,1.,1.,1.,1.,1.,1.,1.,1.,1.,1.,1.,1.,      663P   5730
1.,1.,1.,1.,1.,1.,1.,1.,1.,1.,1.,1.,1.,1.,1.,1.,1.,1.,1.,1.,1.,      663P   5731
1.,1.,1.,1.,1.,1.,1.,1.,1.,1.,1.,1.,1.,1.,1.,1.,1.,1.,1.,1.,1.,      663P   5732
1.,1.,1.,1.,1.,1.,1.,1.,1.,1.,1.,1.,1.,1.,1.,1.,1.,1.,1.,1.,1.,      663P   5733
1.,1.,1.,1.,1.,1.,1.,1.,1.,1.,1.,1.,1.,1.,1.,1.,1.,1.,1.,1.,1.,      663P   5734
1.,1.,-3.607103,4.637989,0.,-3.604815,4.638527,0.,-3.602542,         663P   5735
4.639138,0.,-3.600199,4.639417,0.,-3.598849,4.639588,0.,             663P   5736
-3.597498,4.639758,0.,-3.596148,4.639929,0.,-3.594919,4.640003,      663P   5737
0.,-3.59369,4.640076,0.,-3.592461,4.64015,0.,-3.591358,4.640115,     663P   5738
0.,-3.590254,4.64008,0.,-3.589151,4.640045,0.,-3.587444,             663P   5739
4.639792,0.,-3.585737,4.639538,0.,-3.58403,4.639285,0.,              663P   5740
-3.581634,4.63858,0.,-3.579237,4.637875,0.,-3.576841,4.63717,0.,     663P   5741
-3.575177,4.636446,0.,-3.573513,4.635721,0.,-3.571849,4.634997,      663P   5742
0.,-3.570801,4.634447,0.,-3.569752,4.633898,0.,-3.568704,            663P   5743
4.633348,0.,-3.567562,4.632658,0.,-3.566421,4.631968,0.,             663P   5744
-3.565279,4.631278,0.,-3.564044,4.630447,0.,-3.56281,4.629616,       663P   5745
0.,-3.561575,4.628785,0.,-3.557649,4.626046,0.,-3.553971,            663P   5746
4.62298,0.,-3.550179,4.620065,0.,-3.546751,4.616614,0.,              663P   5747
-3.543319,4.613167,0.,-3.53989,4.609717,0.,-3.536578,4.605568,       663P   5748
0.,-3.533267,4.60142,0.,-3.529955,4.597271,0.,-3.526761,             663P   5749
4.592623,0.,-3.523568,4.587975,0.,-3.520374,4.583327,0.,             663P   5750
-3.51731,4.578143,0.,-3.514247,4.572959,0.,-3.511183,4.567775,       663P   5751
0.,-3.508212,4.562263,0.,-3.505241,4.556751,0.,-3.50227,             663P   5752
4.551239,0.,-3.499433,4.545363,0.,-3.496595,4.539487,0.,             663P   5753
-3.493758,4.533611,0.,-3.491078,4.527555,0.,-3.488398,4.521498,      663P   5754
0.,-3.485718,4.515442,0.,-3.481902,4.50609,0.,-3.478085,             663P   5755
4.496739,0.,-3.474269,4.487387,0.,-3.469655,4.473991,0.,             663P   5756
-3.465049,4.460594,0.,-3.460427,4.4472,0.,-3.456268,4.433268,0.,     663P   5757
-3.451651,4.41947,0.,-3.443361,4.391111,0.,-3.43968,4.376553,0.,     663P   5758
-3.435549,4.362126,0.,-3.431755,4.346525,0.,-3.427946,4.330927,      663P   5759
0.,-3.424144,4.315328,0.,-3.420729,4.300123,0.,-3.417314,            663P   5760
4.284919,0.,-3.413899,4.269714,0.,-3.407692,4.238585,0.,             663P   5761
-3.40152,4.20745,0.,-3.388646,4.142492,0.,-3.38184,4.10869,0.,       663P   5762
-3.37175,4.062041,0.,-3.368867,4.04911,0.,-3.366061,4.036161,0.,     663P   5763
-3.364082,4.025062,0.,-3.36211,4.01396,0.,-3.360134,4.002859,0.,     663P   5764
-3.35932,3.986138,0.,-3.358506,3.969418,0.,-3.357692,3.952697,       663P   5765
0.,-3.357074,3.933765,0.,-3.356457,3.914834,0.,-3.355839,            663P   5766
3.895902,0.,-3.354157,3.817858,0.,-3.352311,3.739818,0.,             663P   5767
-3.348877,3.585186,0.,-3.347128,3.508598,0.,-3.344715,3.385908,      663P   5768
0.,-3.343755,3.339813,0.,-3.34246,3.261764,0.,-3.341938,             663P   5769
3.229814,0.,-3.340434,3.131906,0.,-3.339161,3.065952,0.,             663P   5770
-3.337827,3.,0.,0.,33.36215716,0.,0.,1.;                             663P   5771
126,3,3,1,0,1,0,0.,0.,0.,0.,1.,1.,1.,1.,1.,1.,1.,1.,-3.337827,       665P   5772
3.,0.,-3.250504,3.,0.,-3.163182,3.,0.,-3.07586,3.,0.,0.,1.,0.,       665P   5773
0.,1.;                                                               665P   5774
126,83,3,1,0,1,0,0.,0.,0.,0.,1.,1.,1.,2.,2.,3.158072771,             667P   5775
3.158072771,3.777235896,3.777235896,5.013537248,5.013537248,         667P   5776
5.636532679,5.636532679,6.583479477,6.583479477,7.818544411,         667P   5777
7.818544411,7.818544411,8.818544411,8.818544411,8.818544411,         667P   5778
9.818544411,9.818544411,9.818544411,10.81854441,10.81854441,         667P   5779
12.53037339,12.53037339,13.99729218,13.99729218,15.68029708,         667P   5780
15.68029708,15.68029708,16.68029708,16.68029708,16.68029708,         667P   5781
17.68029708,17.68029708,17.68029708,18.68029708,18.68029708,         667P   5782
18.68029708,19.68029708,19.68029708,20.65574879,20.65574879,         667P   5783
20.65574879,21.65574879,21.65574879,21.65574879,22.65574879,         667P   5784
22.65574879,22.65574879,23.65574879,23.65574879,23.65574879,         667P   5785
24.65574879,24.65574879,24.65574879,25.65574879,25.65574879,         667P   5786
25.65574879,26.65574879,26.65574879,26.65574879,27.65574879,         667P   5787
27.65574879,27.65574879,28.65574879,28.65574879,28.65574879,         667P   5788
29.65574879,29.65574879,29.65574879,30.65574879,30.65574879,         667P   5789
30.65574879,31.65574879,31.65574879,31.65574879,32.65574879,         667P   5790
32.65574879,32.65574879,32.65574879,1.,1.,1.,1.,1.,1.,1.,1.,1.,      667P   5791
1.,1.,1.,1.,1.,1.,1.,1.,1.,1.,1.,1.,1.,1.,1.,1.,1.,1.,1.,1.,1.,      667P   5792
1.,1.,1.,1.,1.,1.,1.,1.,1.,1.,1.,1.,1.,1.,1.,1.,1.,1.,1.,1.,1.,      667P   5793
1.,1.,1.,1.,1.,1.,1.,1.,1.,1.,1.,1.,1.,1.,1.,1.,1.,1.,1.,1.,1.,      667P   5794
1.,1.,1.,1.,1.,1.,1.,1.,1.,1.,1.,1.,-3.07586,3.,0.,-3.075202,        667P   5795
3.027433,0.,-3.074544,3.054865,0.,-3.073886,3.082298,0.,             667P   5796
-3.073157,3.125504,0.,-3.072675,3.168714,0.,-3.070921,3.261953,      667P   5797
0.,-3.069983,3.311987,0.,-3.068353,3.388768,0.,-3.067786,            667P   5798
3.415518,0.,-3.065958,3.495676,0.,-3.064711,3.549085,0.,             667P   5799
-3.062699,3.629404,0.,-3.062027,3.656317,0.,-3.06031,3.724136,       667P   5800
0.,-3.059277,3.765042,0.,-3.056896,3.859302,0.,-3.055287,            667P   5801
3.912648,0.,-3.053658,3.965993,0.,-3.05289,3.97911,0.,-3.052121,     667P   5802
3.992227,0.,-3.051353,4.005344,0.,-3.050316,4.010349,0.,             667P   5803
-3.049274,4.015352,0.,-3.048241,4.020358,0.,-3.044529,4.035125,      667P   5804
0.,-3.040815,4.049892,0.,-3.031086,4.090021,0.,-3.024976,            667P   5805
4.11536,0.,-3.014068,4.162516,0.,-3.009071,4.184286,0.,              667P   5806
-2.998599,4.231092,0.,-2.992661,4.256021,0.,-2.986716,4.280948,      667P   5807
0.,-2.982712,4.29611,0.,-2.978693,4.311268,0.,-2.974681,             667P   5808
4.326428,0.,-2.970391,4.341311,0.,-2.966102,4.356195,0.,             667P   5809
-2.961812,4.371078,0.,-2.957239,4.38549,0.,-2.952658,4.399899,       667P   5810
0.,-2.948093,4.414314,0.,-2.942967,4.428113,0.,-2.938321,            667P   5811
4.442095,0.,-2.928028,4.469291,0.,-2.922372,4.482504,0.,             667P   5812
-2.917204,4.495901,0.,-2.912765,4.505255,0.,-2.908336,4.514613,      667P   5813
0.,-2.903903,4.523969,0.,-2.900918,4.529792,0.,-2.897932,            667P   5814
4.535616,0.,-2.894947,4.541439,0.,-2.891911,4.54687,0.,              667P   5815
-2.888875,4.552301,0.,-2.885839,4.557732,0.,-2.882666,4.56292,       667P   5816
0.,-2.879494,4.568109,0.,-2.876321,4.573297,0.,-2.872981,            667P   5817
4.578261,0.,-2.869642,4.583224,0.,-2.866302,4.588188,0.,             667P   5818
-2.862803,4.592641,0.,-2.859304,4.597095,0.,-2.855805,4.601548,      667P   5819
0.,-2.852134,4.605501,0.,-2.848462,4.609455,0.,-2.844791,            667P   5820
4.613408,0.,-2.840952,4.616694,0.,-2.837112,4.619981,0.,             667P   5821
-2.833273,4.623267,0.,-2.829949,4.625457,0.,-2.826624,4.627648,      667P   5822
0.,-2.8233,4.629838,0.,-2.820572,4.63122,0.,-2.817843,4.632603,      667P   5823
0.,-2.815115,4.633985,0.,-2.812344,4.634994,0.,-2.809574,            667P   5824
4.636003,0.,-2.806803,4.637012,0.,-2.805382,4.637337,0.,             667P   5825
-2.803962,4.637662,0.,-2.802541,4.637988,0.,0.,32.65574879,0.,       667P   5826
0.,1.;                                                               667P   5827
126,102,3,1,0,1,0,0.,0.,0.,0.,1.,1.,1.,2.,2.,2.,3.,3.,3.,4.,4.,      669P   5828
4.,5.,5.,5.,6.,6.,6.,7.,7.,7.,8.,8.,8.,9.,9.,9.,10.,10.,10.,11.,     669P   5829
11.,11.,12.,12.,12.,13.,13.,13.,14.,14.,14.,15.,15.,15.,16.,16.,     669P   5830
16.,17.,17.,17.,18.,18.,18.,19.,19.,19.,20.,20.,20.,21.,21.,         669P   5831
22.03158899,22.03158899,22.03158899,23.03158899,23.03158899,         669P   5832
23.03158899,24.03158899,24.03158899,24.03158899,25.03158899,         669P   5833
25.03158899,26.286917,26.286917,27.79061454,27.79061454,             669P   5834
27.79061454,28.79061454,28.79061454,28.79061454,29.79061454,         669P   5835
29.79061454,29.79061454,30.79061454,30.79061454,30.79061454,         669P   5836
31.79061454,31.79061454,32.91830014,32.91830014,33.67770315,         669P   5837
33.67770315,34.24680707,34.24680707,34.88740199,34.88740199,         669P   5838
35.65149703,35.65149703,35.77462159,35.77462159,35.77462159,         669P   5839
35.77462159,1.,1.,1.,1.,1.,1.,1.,1.,1.,1.,1.,1.,1.,1.,1.,1.,1.,      669P   5840
1.,1.,1.,1.,1.,1.,1.,1.,1.,1.,1.,1.,1.,1.,1.,1.,1.,1.,1.,1.,1.,      669P   5841
1.,1.,1.,1.,1.,1.,1.,1.,1.,1.,1.,1.,1.,1.,1.,1.,1.,1.,1.,1.,1.,      669P   5842
1.,1.,1.,1.,1.,1.,1.,1.,1.,1.,1.,1.,1.,1.,1.,1.,1.,1.,1.,1.,1.,      669P   5843
1.,1.,1.,1.,1.,1.,1.,1.,1.,1.,1.,1.,1.,1.,1.,1.,1.,1.,1.,1.,1.,      669P   5844
1.,1.,-2.802541,4.637988,0.,-2.800128,4.638531,0.,-2.797731,         669P   5845
4.639148,0.,-2.795264,4.639422,0.,-2.793842,4.639595,0.,             669P   5846
-2.792421,4.639769,0.,-2.790999,4.639942,0.,-2.789713,4.640007,      669P   5847
0.,-2.788427,4.640071,0.,-2.787141,4.640136,0.,-2.785986,            669P   5848
4.640103,0.,-2.78483,4.640069,0.,-2.783675,4.640036,0.,              669P   5849
-2.781887,4.639785,0.,-2.7801,4.639533,0.,-2.778312,4.639282,0.,     669P   5850
-2.775793,4.63858,0.,-2.773274,4.637879,0.,-2.770755,4.637177,       669P   5851
0.,-2.769019,4.636447,0.,-2.767282,4.635717,0.,-2.765546,            669P   5852
4.634987,0.,-2.764454,4.634438,0.,-2.763361,4.63389,0.,              669P   5853
-2.762269,4.633341,0.,-2.76108,4.632652,0.,-2.75989,4.631962,0.,     669P   5854
-2.758701,4.631273,0.,-2.757415,4.630443,0.,-2.756129,4.629613,      669P   5855
0.,-2.754842,4.628784,0.,-2.750746,4.626068,0.,-2.746922,            669P   5856
4.622977,0.,-2.742972,4.620059,0.,-2.739419,4.616609,0.,             669P   5857
-2.735862,4.613164,0.,-2.732308,4.609716,0.,-2.728878,4.605566,      669P   5858
0.,-2.725447,4.601417,0.,-2.722017,4.597267,0.,-2.718726,            669P   5859
4.59262,0.,-2.715434,4.587972,0.,-2.712143,4.583325,0.,              669P   5860
-2.708985,4.578142,0.,-2.705827,4.572958,0.,-2.702669,4.567775,      669P   5861
0.,-2.699622,4.562263,0.,-2.696576,4.55675,0.,-2.693529,             669P   5862
4.551238,0.,-2.690622,4.545362,0.,-2.687714,4.539485,0.,             669P   5863
-2.684807,4.533609,0.,-2.682065,4.527554,0.,-2.679324,4.521499,      669P   5864
0.,-2.676582,4.515444,0.,-2.672692,4.50609,0.,-2.668802,             669P   5865
4.496737,0.,-2.664912,4.487383,0.,-2.66022,4.473989,0.,              669P   5866
-2.655536,4.460593,0.,-2.650837,4.447202,0.,-2.646631,4.433266,      669P   5867
0.,-2.641949,4.419472,0.,-2.633572,4.391112,0.,-2.629868,            669P   5868
4.376549,0.,-2.625697,4.362124,0.,-2.621871,4.346526,0.,             669P   5869
-2.618029,4.330933,0.,-2.614195,4.315338,0.,-2.610776,4.300129,      669P   5870
0.,-2.607355,4.284921,0.,-2.603937,4.269712,0.,-2.599794,            669P   5871
4.248984,0.,-2.595649,4.228256,0.,-2.586408,4.181487,0.,             669P   5872
-2.581241,4.155459,0.,-2.569872,4.098257,0.,-2.562945,4.06723,       669P   5873
0.,-2.556297,4.03615,0.,-2.55432,4.025059,0.,-2.552363,4.013964,     669P   5874
0.,-2.5504,4.002871,0.,-2.549597,3.986159,0.,-2.548793,3.969446,     669P   5875
0.,-2.54799,3.952734,0.,-2.54738,3.933801,0.,-2.54677,3.914867,      669P   5876
0.,-2.54616,3.895934,0.,-2.544867,3.836015,0.,-2.543516,             669P   5877
3.776098,0.,-2.540705,3.648612,0.,-2.539144,3.581045,0.,             669P   5878
-2.536808,3.467971,0.,-2.535898,3.422467,0.,-2.534409,3.34286,       669P   5879
0.,-2.533753,3.308759,0.,-2.532567,3.236268,0.,-2.53201,3.19788,     669P   5880
0.,-2.530579,3.113705,0.,-2.529731,3.067919,0.,-2.528701,            669P   5881
3.014756,0.,-2.528558,3.007378,0.,-2.528415,3.,0.,0.,                669P   5882
35.77462159,0.,0.,1.;                                                669P   5883
126,3,3,1,0,1,0,0.,0.,0.,0.,1.,1.,1.,1.,1.,1.,1.,1.,-2.528415,       671P   5884
3.,0.,-2.445395,3.,0.,-2.362374,3.,0.,-2.279353,3.,0.,0.,1.,0.,      671P   5885
0.,1.;                                                               671P   5886
126,83,3,1,0,1,0,0.,0.,0.,0.,1.,1.,1.,2.,2.,3.507316316,             673P   5887
3.507316316,5.503213833,5.503213833,6.958084052,6.958084052,         673P   5888
8.877011491,8.877011491,10.61672845,10.61672845,10.61672845,         673P   5889
11.61672845,11.61672845,11.61672845,12.61672845,12.61672845,         673P   5890
12.61672845,13.61672845,13.61672845,13.61672845,14.61672845,         673P   5891
14.61672845,15.64749516,15.64749516,16.15954232,16.15954232,         673P   5892
16.15954232,17.15954232,17.15954232,17.15954232,18.15954232,         673P   5893
18.15954232,18.15954232,19.15954232,19.15954232,19.15954232,         673P   5894
20.15954232,20.15954232,20.15954232,21.15954232,21.15954232,         673P   5895
21.15954232,22.15954232,22.15954232,22.15954232,23.15954232,         673P   5896
23.15954232,23.15954232,24.15954232,24.15954232,24.15954232,         673P   5897
25.15954232,25.15954232,25.15954232,26.15954232,26.15954232,         673P   5898
26.15954232,27.15954232,27.15954232,27.15954232,28.15954232,         673P   5899
28.15954232,28.15954232,29.15954232,29.15954232,29.15954232,         673P   5900
30.15954232,30.15954232,30.15954232,31.15954232,31.15954232,         673P   5901
31.15954232,32.15954232,32.15954232,32.15954232,33.15954232,         673P   5902
33.15954232,33.15954232,33.15954232,1.,1.,1.,1.,1.,1.,1.,1.,1.,      673P   5903
1.,1.,1.,1.,1.,1.,1.,1.,1.,1.,1.,1.,1.,1.,1.,1.,1.,1.,1.,1.,1.,      673P   5904
1.,1.,1.,1.,1.,1.,1.,1.,1.,1.,1.,1.,1.,1.,1.,1.,1.,1.,1.,1.,1.,      673P   5905
1.,1.,1.,1.,1.,1.,1.,1.,1.,1.,1.,1.,1.,1.,1.,1.,1.,1.,1.,1.,1.,      673P   5906
1.,1.,1.,1.,1.,1.,1.,1.,1.,1.,1.,1.,-2.279353,3.,0.,-2.278753,       673P   5907
3.027325,0.,-2.278154,3.05465,0.,-2.277554,3.081975,0.,              673P   5908
-2.277129,3.112619,0.,-2.276737,3.143263,0.,-2.275528,3.220094,      673P   5909
0.,-2.27473,3.266281,0.,-2.272767,3.373624,0.,-2.27147,3.434778,     673P   5910
0.,-2.269287,3.540509,0.,-2.268241,3.585084,0.,-2.265866,            673P   5911
3.688452,0.,-2.264495,3.747244,0.,-2.261921,3.859339,0.,             673P   5912
-2.260498,3.912637,0.,-2.259002,3.965932,0.,-2.258292,3.979059,      673P   5913
0.,-2.257578,3.992185,0.,-2.256865,4.005312,0.,-2.255944,            673P   5914
4.010318,0.,-2.255022,4.015325,0.,-2.254101,4.020331,0.,             673P   5915
-2.25177,4.030245,0.,-2.249458,4.040162,0.,-2.24709,4.050068,0.,     673P   5916
-2.240719,4.080345,0.,-2.233636,4.110472,0.,-2.220979,4.172017,      673P   5917
0.,-2.214549,4.203255,0.,-2.204916,4.250008,0.,-2.201316,            673P   5918
4.26544,0.,-2.198097,4.280953,0.,-2.194404,4.296112,0.,              673P   5919
-2.190722,4.311274,0.,-2.187035,4.326434,0.,-2.183045,4.341317,      673P   5920
0.,-2.179055,4.356201,0.,-2.175065,4.371084,0.,-2.170754,            673P   5921
4.385494,0.,-2.166444,4.399904,0.,-2.162133,4.414314,0.,             673P   5922
-2.157399,4.428166,0.,-2.152665,4.442018,0.,-2.147931,4.45587,       673P   5923
0.,-2.142768,4.469217,0.,-2.137605,4.482564,0.,-2.132442,            673P   5924
4.495911,0.,-2.128083,4.505263,0.,-2.123725,4.514616,0.,             673P   5925
-2.119366,4.523968,0.,-2.116402,4.529796,0.,-2.113439,4.535623,      673P   5926
0.,-2.110475,4.541451,0.,-2.10744,4.546876,0.,-2.104404,4.5523,      673P   5927
0.,-2.101369,4.557725,0.,-2.098153,4.562918,0.,-2.094938,            673P   5928
4.568111,0.,-2.091722,4.573304,0.,-2.088316,4.578262,0.,             673P   5929
-2.08491,4.583221,0.,-2.081504,4.588179,0.,-2.077896,4.592636,       673P   5930
0.,-2.074287,4.597094,0.,-2.070679,4.601551,0.,-2.066855,            673P   5931
4.605502,0.,-2.06303,4.609452,0.,-2.059206,4.613403,0.,              673P   5932
-2.055159,4.616691,0.,-2.051112,4.61998,0.,-2.047065,4.623268,       673P   5933
0.,-2.043522,4.625457,0.,-2.03998,4.627646,0.,-2.036437,             673P   5934
4.629835,0.,-2.033504,4.631217,0.,-2.030572,4.6326,0.,-2.027639,     673P   5935
4.633982,0.,-2.024642,4.634992,0.,-2.021644,4.636003,0.,             673P   5936
-2.018647,4.637013,0.,-2.017105,4.637334,0.,-2.015563,4.637655,      673P   5937
0.,-2.014021,4.637976,0.,0.,33.15954232,0.,0.,1.;                    673P   5938
126,6,3,1,0,1,0,0.,0.,0.,0.,1.,1.,1.,2.,2.,2.,2.,1.,1.,1.,1.,1.,     675P   5939
1.,1.,-2.014021,4.637976,0.,-2.01136,4.63852,0.,-2.008713,           675P   5940
4.639139,0.,-2.006002,4.639415,0.,-2.003999,4.639576,0.,             675P   5941
-2.002014,4.639967,0.,-2.,4.639998,0.,0.,2.,0.,0.,1.;                675P   5942
126,3,3,1,0,1,0,0.,0.,0.,0.,1.,1.,1.,1.,1.,1.,1.,1.,-2.,             677P   5943
4.639998,0.,-2.,4.759999,0.,-2.,4.879999,0.,-2.,5.,0.,0.,1.,0.,      677P   5944
0.,1.;                                                               677P   5945
126,3,3,1,0,1,0,0.,0.,0.,0.,1.,1.,1.,1.,1.,1.,1.,1.,-2.,5.,0.,       679P   5946
-2.666667,5.,0.,-3.333333,5.,0.,-4.,5.,0.,0.,1.,0.,0.,1.;            679P   5947
126,3,3,1,0,1,0,0.,0.,0.,0.,1.,1.,1.,1.,1.,1.,1.,1.,-4.,5.,0.,       681P   5948
-4.,4.333333,0.,-4.,3.666667,0.,-4.,3.,0.,0.,1.,0.,0.,1.;            681P   5949
126,3,3,1,0,1,0,0.,0.,0.,0.,1.,1.,1.,1.,1.,1.,1.,1.,-4.,3.,0.,       683P   5950
-3.95361,3.,0.,-3.907221,3.,0.,-3.860831,3.,0.,0.,1.,0.,0.,1.;       683P   5951
510,687,1,1,689;                                                     685P   5952
128,4,4,2,2,0,0,0,0,0,-4.,-4.,-4.,-3.,-3.,-2.,-2.,-2.,0.,0.,0.,      687P   5953
1.,1.,2.,2.,2.,1.,0.7071068,1.,0.7071068,1.,0.9824496,0.6946968,     687P   5954
0.9824496,0.6946968,0.9824496,1.,0.7071068,1.,0.7071068,1.,          687P   5955
0.9787967,0.6921138,0.9787967,0.6921138,0.9787967,1.,0.7071068,      687P   5956
1.,0.7071068,1.,0.,-2.22481D-015,-25.4,0.,-2.22481D-015,-25.4,       687P   5957
0.,-2.22481D-015,-25.4,0.,-2.22481D-015,-25.4,0.,-2.22481D-015,      687P   5958
-25.4,6.023864,-1.903807D-015,-25.62499,6.023864,-6.023861,          687P   5959
-25.62499,7.105427D-015,-6.023861,-25.62499,-6.023864,-6.023861,     687P   5960
-25.62499,-6.023864,-2.573368D-015,-25.62499,11.54608,               687P   5961
-1.71703D-015,-28.04213,11.54608,-11.54608,-28.04213,0.,             687P   5962
-11.54608,-28.04213,-11.54608,-11.54608,-28.04213,-11.54608,         687P   5963
-3.056148D-015,-28.04213,12.76345,-1.599707D-015,-28.575,            687P   5964
12.76345,-12.76344,-28.575,0.,-12.76344,-28.575,-12.76344,           687P   5965
-12.76344,-28.575,-12.76344,-3.238726D-015,-28.575,14.09233,         687P   5966
-1.449759D-015,-28.575,14.09233,-14.09232,-28.575,0.,-14.09232,      687P   5967
-28.575,-14.09232,-14.09232,-28.575,-14.09232,-3.388675D-015,        687P   5968
-28.575,-4.,-2.,0.,2.;                                               687P   5969
508,11,0,5,86,0,1,0,691,0,5,74,0,1,1,693,0,5,19,0,1,0,695,0,5,       689P   5970
84,0,1,0,697,0,5,77,0,1,1,699,0,5,13,0,1,0,701,0,5,82,0,1,0,703,     689P   5971
0,5,80,0,1,1,705,0,5,64,0,1,1,707,0,5,87,0,1,1,709,0,5,62,0,1,1,     689P   5972
711;                                                                 689P   5973
126,53,3,1,0,1,0,0.,0.,0.,0.,1.,1.,1.,2.,2.,2.,3.,3.,3.,4.,4.,       691P   5974
4.,5.,5.,5.,6.,6.,6.,7.,7.,7.,8.,8.,8.,9.,9.,9.,10.,10.,10.,11.,     691P   5975
11.,11.,12.,12.,12.,13.,13.,13.,14.,14.,14.,15.,15.,16.14230705,     691P   5976
16.14230705,16.14230705,17.14230705,17.14230705,17.14230705,         691P   5977
18.14230705,18.14230705,18.14230705,18.14230705,1.,1.,1.,1.,1.,      691P   5978
1.,1.,1.,1.,1.,1.,1.,1.,1.,1.,1.,1.,1.,1.,1.,1.,1.,1.,1.,1.,1.,      691P   5979
1.,1.,1.,1.,1.,1.,1.,1.,1.,1.,1.,1.,1.,1.,1.,1.,1.,1.,1.,1.,1.,      691P   5980
1.,1.,1.,1.,1.,1.,1.,-2.,0.5228809,0.,-2.003923,0.522791,0.,         691P   5981
-2.007846,0.5227011,0.,-2.011769,0.5226112,0.,-2.028364,             691P   5982
0.5239673,0.,-2.044959,0.5253235,0.,-2.061554,0.5266796,0.,          691P   5983
-2.076743,0.5296679,0.,-2.091932,0.5326563,0.,-2.107121,             691P   5984
0.5356446,0.,-2.120937,0.5401429,0.,-2.134754,0.5446413,0.,          691P   5985
-2.14857,0.5491396,0.,-2.163618,0.5565846,0.,-2.178667,              691P   5986
0.5640295,0.,-2.193715,0.5714745,0.,-2.208907,0.5828709,0.,          691P   5987
-2.224098,0.5942673,0.,-2.23929,0.6056637,0.,-2.251778,              691P   5988
0.6192353,0.,-2.264266,0.632807,0.,-2.276754,0.6463786,0.,           691P   5989
-2.286348,0.6613428,0.,-2.295942,0.6763069,0.,-2.305536,             691P   5990
0.6912711,0.,-2.312925,0.7073101,0.,-2.320314,0.7233491,0.,          691P   5991
-2.327703,0.7393881,0.,-2.333576,0.7563023,0.,-2.339449,             691P   5992
0.7732164,0.,-2.345322,0.7901306,0.,-2.34935,0.8078207,0.,           691P   5993
-2.353377,0.8255109,0.,-2.357405,0.843201,0.,-2.360016,              691P   5994
0.8609295,0.,-2.362626,0.8786581,0.,-2.365236,0.8963866,0.,          691P   5995
-2.366917,0.9140691,0.,-2.368597,0.9317516,0.,-2.370278,             691P   5996
0.9494341,0.,-2.371244,0.9742891,0.,-2.372216,0.999144,0.,           691P   5997
-2.373177,1.023999,0.,-2.373249,1.136155,0.,-2.373329,1.248311,      691P   5998
0.,-2.372992,1.488585,0.,-2.372306,1.6167,0.,-2.371446,1.744814,     691P   5999
0.,-2.370754,1.797191,0.,-2.370044,1.849569,0.,-2.369347,            691P   6000
1.901946,0.,-2.368411,1.934631,0.,-2.367475,1.967315,0.,             691P   6001
-2.366539,2.,0.,0.,18.14230705,0.,0.,1.;                             691P   6002
126,3,3,1,0,1,0,0.,0.,0.,0.,1.,1.,1.,1.,1.,1.,1.,1.,-2.366539,       693P   6003
2.,0.,-2.391935,2.,0.,-2.417331,2.,0.,-2.442727,2.,0.,0.,1.,0.,      693P   6004
0.,1.;                                                               693P   6005
126,47,3,1,0,1,0,0.,0.,0.,0.,1.,1.,1.,2.,2.,3.483342615,             695P   6006
3.483342615,3.483342615,4.483342615,4.483342615,4.483342615,         695P   6007
5.483342615,5.483342615,5.483342615,6.483342615,6.483342615,         695P   6008
6.483342615,7.483342615,7.483342615,7.483342615,8.483342615,         695P   6009
8.483342615,8.483342615,9.483342615,9.483342615,9.483342615,         695P   6010
10.48334261,10.48334261,10.48334261,11.48334261,11.48334261,         695P   6011
11.48334261,12.48334261,12.48334261,12.48334261,13.48334261,         695P   6012
13.48334261,13.48334261,14.48334261,14.48334261,14.48334261,         695P   6013
15.48334261,15.48334261,15.48334261,16.48334261,16.48334261,         695P   6014
16.48334261,16.48334261,1.,1.,1.,1.,1.,1.,1.,1.,1.,1.,1.,1.,1.,      695P   6015
1.,1.,1.,1.,1.,1.,1.,1.,1.,1.,1.,1.,1.,1.,1.,1.,1.,1.,1.,1.,1.,      695P   6016
1.,1.,1.,1.,1.,1.,1.,1.,1.,1.,1.,1.,1.,1.,-2.442727,2.,0.,           695P   6017
-2.441833,1.964045,0.,-2.440943,1.928089,0.,-2.440047,1.892134,      695P   6018
0.,-2.439159,1.796057,0.,-2.438234,1.699981,0.,-2.436077,            695P   6019
1.461388,0.,-2.436112,1.318864,0.,-2.435576,1.176345,0.,             695P   6020
-2.435995,1.112932,0.,-2.436381,1.049519,0.,-2.436783,0.9861067,     695P   6021
0.,-2.437459,0.9689045,0.,-2.438136,0.9517022,0.,-2.438813,          695P   6022
0.9345,0.,-2.440849,0.917522,0.,-2.442886,0.9005439,0.,              695P   6023
-2.444922,0.8835659,0.,-2.447794,0.8669113,0.,-2.450665,             695P   6024
0.8502566,0.,-2.453537,0.833602,0.,-2.457424,0.8169978,0.,           695P   6025
-2.46131,0.8003937,0.,-2.465197,0.7837895,0.,-2.470535,              695P   6026
0.7673312,0.,-2.475872,0.750873,0.,-2.48121,0.7344147,0.,            695P   6027
-2.488567,0.7187658,0.,-2.495925,0.7031168,0.,-2.503282,             695P   6028
0.6874679,0.,-2.512523,0.6727984,0.,-2.521765,0.658129,0.,           695P   6029
-2.531006,0.6434595,0.,-2.542446,0.6303639,0.,-2.553887,             695P   6030
0.6172684,0.,-2.565327,0.6041728,0.,-2.577497,0.5946989,0.,          695P   6031
-2.589666,0.5852251,0.,-2.601836,0.5757512,0.,-2.613068,             695P   6032
0.569359,0.,-2.6243,0.5629667,0.,-2.635532,0.5565745,0.,             695P   6033
-2.647649,0.5514736,0.,-2.659765,0.5463728,0.,-2.671882,             695P   6034
0.5412719,0.,-2.678747,0.5393637,0.,-2.685611,0.5374554,0.,          695P   6035
-2.692476,0.5355472,0.,0.,16.48334261,0.,0.,1.;                      695P   6036
126,57,3,1,0,1,0,0.,0.,0.,0.,1.,1.,1.,2.,2.,2.,3.,3.,3.,4.,4.,       697P   6037
4.,5.,5.,5.968857904,5.968857904,5.968857904,6.968857904,            697P   6038
6.968857904,6.968857904,7.968857904,7.968857904,7.968857904,         697P   6039
8.968857904,8.968857904,8.968857904,9.968857904,9.968857904,         697P   6040
9.968857904,10.9688579,10.9688579,10.9688579,11.9688579,             697P   6041
11.9688579,11.9688579,12.9688579,12.9688579,12.9688579,              697P   6042
13.9688579,13.9688579,13.9688579,14.9688579,14.9688579,              697P   6043
16.36558127,16.36558127,16.36558127,17.36558127,17.36558127,         697P   6044
18.5075198,18.5075198,18.5075198,19.5075198,19.5075198,              697P   6045
19.5075198,20.5075198,20.5075198,20.5075198,20.5075198,1.,1.,1.,     697P   6046
1.,1.,1.,1.,1.,1.,1.,1.,1.,1.,1.,1.,1.,1.,1.,1.,1.,1.,1.,1.,1.,      697P   6047
1.,1.,1.,1.,1.,1.,1.,1.,1.,1.,1.,1.,1.,1.,1.,1.,1.,1.,1.,1.,1.,      697P   6048
1.,1.,1.,1.,1.,1.,1.,1.,1.,1.,1.,1.,1.,-2.692476,0.5355472,0.,       697P   6049
-2.699034,0.5337243,0.,-2.705591,0.5319014,0.,-2.712149,             697P   6050
0.5300785,0.,-2.726545,0.5279808,0.,-2.74094,0.5258831,0.,           697P   6051
-2.755336,0.5237854,0.,-2.770412,0.5233964,0.,-2.785487,             697P   6052
0.5230075,0.,-2.800563,0.5226185,0.,-2.816019,0.5239723,0.,          697P   6053
-2.831467,0.5253532,0.,-2.84693,0.5266799,0.,-2.86169,0.5301804,     697P   6054
0.,-2.876881,0.5320252,0.,-2.905792,0.5394971,0.,-2.919501,          697P   6055
0.5451692,0.,-2.933651,0.5491418,0.,-2.949697,0.5566179,0.,          697P   6056
-2.965759,0.56403,0.,-2.981813,0.5714776,0.,-2.998419,0.5828733,     697P   6057
0.,-3.015024,0.5942701,0.,-3.03163,0.6056662,0.,-3.045341,           697P   6058
0.6192608,0.,-3.059053,0.6328554,0.,-3.072764,0.64645,0.,            697P   6059
-3.083412,0.6613679,0.,-3.094059,0.6762859,0.,-3.104707,             697P   6060
0.6912038,0.,-3.112827,0.7072396,0.,-3.120948,0.7232753,0.,          697P   6061
-3.129068,0.7393111,0.,-3.135029,0.7562332,0.,-3.14099,              697P   6062
0.7731552,0.,-3.146951,0.7900773,0.,-3.151225,0.8077946,0.,          697P   6063
-3.155499,0.825512,0.,-3.159773,0.8432293,0.,-3.162712,              697P   6064
0.8609283,0.,-3.16553,0.8786356,0.,-3.168517,0.8963313,0.,           697P   6065
-3.169749,0.9140597,0.,-3.172671,0.9316722,0.,-3.175108,             697P   6066
0.9741944,0.,-3.175331,0.9990563,0.,-3.176585,1.023846,0.,           697P   6067
-3.176717,1.136002,0.,-3.176905,1.248154,0.,-3.17621,1.48838,0.,     697P   6068
-3.175984,1.616453,0.,-3.174713,1.744521,0.,-3.174065,1.796846,      697P   6069
0.,-3.173325,1.849172,0.,-3.172651,1.901497,0.,-3.171677,            697P   6070
1.934331,0.,-3.170703,1.967166,0.,-3.169728,2.,0.,0.,20.5075198,     697P   6071
0.,0.,1.;                                                            697P   6072
126,3,3,1,0,1,0,0.,0.,0.,0.,1.,1.,1.,1.,1.,1.,1.,1.,-3.169728,       699P   6073
2.,0.,-3.196365,2.,0.,-3.223001,2.,0.,-3.249637,2.,0.,0.,1.,0.,      699P   6074
0.,1.;                                                               699P   6075
126,48,3,1,0,1,0,0.,0.,0.,0.,1.,1.,1.,2.,2.,3.483099833,             701P   6076
3.483099833,3.483099833,4.483099833,4.483099833,4.483230737,         701P   6077
4.483230737,4.7546396,4.7546396,4.7546396,5.7546396,5.7546396,       701P   6078
5.7546396,6.7546396,6.7546396,6.7546396,7.7546396,7.7546396,         701P   6079
7.7546396,8.7546396,8.7546396,8.7546396,9.7546396,9.7546396,         701P   6080
9.7546396,10.7546396,10.7546396,10.7546396,11.7546396,               701P   6081
11.7546396,11.7546396,12.7546396,12.7546396,12.7546396,              701P   6082
13.7546396,13.7546396,13.7546396,14.7546396,14.7546396,              701P   6083
14.7546396,15.7546396,15.7546396,15.7546396,15.7546396,1.,1.,1.,     701P   6084
1.,1.,1.,1.,1.,1.,1.,1.,1.,1.,1.,1.,1.,1.,1.,1.,1.,1.,1.,1.,1.,      701P   6085
1.,1.,1.,1.,1.,1.,1.,1.,1.,1.,1.,1.,1.,1.,1.,1.,1.,1.,1.,1.,1.,      701P   6086
1.,1.,1.,1.,-3.249637,2.,0.,-3.248723,1.964051,0.,-3.247808,         701P   6087
1.928103,0.,-3.246897,1.892154,0.,-3.245912,1.796055,0.,             701P   6088
-3.244959,1.699957,0.,-3.242794,1.461331,0.,-3.242671,1.318798,      701P   6089
0.,-3.242281,1.176268,0.,-3.242683,1.112877,0.,-3.243084,            701P   6090
1.049486,0.,-3.243486,0.986087,0.,-3.243487,0.9860787,0.,            701P   6091
-3.244209,0.9688804,0.,-3.244931,0.9516903,0.,-3.245653,             701P   6092
0.9345003,0.,-3.24772,0.9175293,0.,-3.249786,0.9005584,0.,           701P   6093
-3.251853,0.8835874,0.,-3.254863,0.8669199,0.,-3.257872,             701P   6094
0.8502523,0.,-3.260882,0.8335848,0.,-3.264874,0.8169888,0.,          701P   6095
-3.268865,0.8003929,0.,-3.272857,0.7837969,0.,-3.278402,             701P   6096
0.7673347,0.,-3.283947,0.7508724,0.,-3.289492,0.7344102,0.,          701P   6097
-3.297055,0.7187606,0.,-3.304617,0.7031109,0.,-3.31218,              701P   6098
0.6874613,0.,-3.321673,0.6727913,0.,-3.331167,0.6581214,0.,          701P   6099
-3.34066,0.6434514,0.,-3.352142,0.6303557,0.,-3.363624,              701P   6100
0.6172599,0.,-3.375106,0.6041642,0.,-3.387276,0.5946954,0.,          701P   6101
-3.399446,0.5852267,0.,-3.411616,0.5757579,0.,-3.422894,             701P   6102
0.5693582,0.,-3.434172,0.5629586,0.,-3.44545,0.5565589,0.,           701P   6103
-3.45735,0.5514633,0.,-3.46925,0.5463677,0.,-3.48115,0.5412721,      701P   6104
0.,-3.487851,0.5393591,0.,-3.494552,0.5374461,0.,-3.501253,          701P   6105
0.5355331,0.,0.,15.7546396,0.,0.,1.;                                 701P   6106
126,59,3,1,0,1,0,0.,0.,0.,0.,1.,1.,1.,2.,2.,2.,3.,3.,3.,4.,4.,       703P   6107
4.,5.,5.,5.,6.,6.,6.,7.,7.,7.,8.,8.,8.,9.,9.,9.,10.,10.,10.,11.,     703P   6108
11.,11.,12.,12.,12.,13.,13.,13.,14.,14.,14.,15.,15.,15.,16.,16.,     703P   6109
16.,17.,17.,18.1419388,18.1419388,18.1419388,19.1419388,             703P   6110
19.1419388,19.1419388,20.1419388,20.1419388,20.1419388,              703P   6111
20.1419388,1.,1.,1.,1.,1.,1.,1.,1.,1.,1.,1.,1.,1.,1.,1.,1.,1.,       703P   6112
1.,1.,1.,1.,1.,1.,1.,1.,1.,1.,1.,1.,1.,1.,1.,1.,1.,1.,1.,1.,1.,      703P   6113
1.,1.,1.,1.,1.,1.,1.,1.,1.,1.,1.,1.,1.,1.,1.,1.,1.,1.,1.,1.,1.,      703P   6114
1.,-3.501253,0.5355331,0.,-3.507617,0.5337164,0.,-3.51398,           703P   6115
0.5318997,0.,-3.520344,0.530083,0.,-3.534214,0.5279855,0.,           703P   6116
-3.548083,0.5258879,0.,-3.561953,0.5237904,0.,-3.576311,             703P   6117
0.5234039,0.,-3.590669,0.5230175,0.,-3.605027,0.522631,0.,           703P   6118
-3.619552,0.5239984,0.,-3.634077,0.5253659,0.,-3.648602,             703P   6119
0.5267333,0.,-3.662387,0.5297252,0.,-3.676172,0.5327171,0.,          703P   6120
-3.689957,0.535709,0.,-3.702816,0.5402053,0.,-3.715675,              703P   6121
0.5447015,0.,-3.728534,0.5491978,0.,-3.743258,0.5566364,0.,          703P   6122
-3.757981,0.5640749,0.,-3.772705,0.5715135,0.,-3.78806,              703P   6123
0.5829013,0.,-3.803414,0.5942891,0.,-3.818769,0.6056769,0.,          703P   6124
-3.831807,0.6192669,0.,-3.844845,0.632857,0.,-3.857883,0.646447,     703P   6125
0.,-3.868276,0.6613764,0.,-3.87867,0.6763059,0.,-3.889063,           703P   6126
0.6912353,0.,-3.897312,0.7072574,0.,-3.90556,0.7232794,0.,           703P   6127
-3.913809,0.7393015,0.,-3.919811,0.7562347,0.,-3.925813,             703P   6128
0.7731679,0.,-3.931815,0.7901011,0.,-3.936408,0.8078068,0.,          703P   6129
-3.941002,0.8255126,0.,-3.945595,0.8432183,0.,-3.948635,             703P   6130
0.8609271,0.,-3.951675,0.8786358,0.,-3.954715,0.8963446,0.,          703P   6131
-3.956643,0.9140158,0.,-3.95857,0.9316871,0.,-3.960498,              703P   6132
0.9493583,0.,-3.961475,0.9741619,0.,-3.962465,0.9989654,0.,          703P   6133
-3.963429,1.023769,0.,-3.963608,1.13592,0.,-3.963798,1.24807,0.,     703P   6134
-3.963051,1.48829,0.,-3.962803,1.616359,0.,-3.961471,1.744423,       703P   6135
0.,-3.960763,1.796747,0.,-3.959961,1.849071,0.,-3.959227,            703P   6136
1.901395,0.,-3.958181,1.934263,0.,-3.957136,1.967132,0.,             703P   6137
-3.95609,2.,0.,0.,20.1419388,0.,0.,1.;                               703P   6138
126,3,3,1,0,1,0,0.,0.,0.,0.,1.,1.,1.,1.,1.,1.,1.,1.,-3.95609,2.,     705P   6139
0.,-3.970727,2.,0.,-3.985363,2.,0.,-4.,2.,0.,0.,1.,0.,0.,1.;         705P   6140
126,3,3,1,0,1,0,0.,0.,0.,0.,1.,1.,1.,1.,1.,1.,1.,1.,-4.,2.,0.,       707P   6141
-4.,1.333333,0.,-4.,0.6666667,0.,-4.,0.,0.,0.,1.,0.,0.,1.;           707P   6142
126,3,3,1,0,1,0,0.,0.,0.,0.,1.,1.,1.,1.,1.,1.,1.,1.,-4.,0.,0.,       709P   6143
-3.333333,0.,0.,-2.666667,0.,0.,-2.,0.,0.,0.,1.,0.,0.,1.;            709P   6144
126,3,3,1,0,1,0,0.,0.,0.,0.,1.,1.,1.,1.,1.,1.,1.,1.,-2.,0.,0.,       711P   6145
-2.,0.1742936,0.,-2.,0.3485873,0.,-2.,0.5228809,0.,0.,1.,0.,0.,      711P   6146
1.;                                                                  711P   6147
126,3,3,1,0,1,0,0.,0.,0.,0.,1.,1.,1.,1.,1.,1.,1.,1.,25.,0.,-0.1,     713P   6148
25.,0.,-13.90712,13.80712,0.,-25.1,0.,0.,-25.1,0.,1.,0.,1.,0.;       713P   6149
S      1G      4D    714P   6149                                        T      1
