PS-Exchange4.6.0604                                                     S      1
1H,,1H;,11HPS-Exchange,36HC:\Dicken\Fcam Tutorials\Isoline.igs,34HPS-ExcG      1
hange 4.6.0604 by Delcam plc,16HVersion 4.6.0604,32,38,6,308,15,11HPS-ExG      2
change,1.,2,2HMM,1,0.,15H20060508.091509,0.001,100000.,9HPOWDERKEG,12HDiG      3
cken Smith,11,0,15H20060508.091509;                                     G      4
     186       1       0       1       0       0       0       000000000D      1
     186       0       8       1       0                       1       0D      2
     502       2       0       1       0       0       0       000010000D      3
     502       0       8      10       1                       1       0D      4
     504      12       0       1       0       0       0       000010001D      5
     504       0       8       5       1                       1       0D      6
     126      17       0       1       0       0       0       000010000D      7
     126       0       8     129       0                       1       0D      8
     126     146       0       1       0       0       0       000010000D      9
     126       0       8      11       0                       1       0D     10
     126     157       0       1       0       0       0       000010000D     11
     126       0       8      10       0                       1       0D     12
     126     167       0       1       0       0       0       000010000D     13
     126       0       8      98       0                       1       0D     14
     126     265       0       1       0       0       0       000010000D     15
     126       0       8       6       0                       1       0D     16
     126     271       0       1       0       0       0       000010000D     17
     126       0       8      27       0                       1       0D     18
     126     298       0       1       0       0       0       000010000D     19
     126       0       8      52       0                       1       0D     20
     126     350       0       1       0       0       0       000010000D     21
     126       0       8      32       0                       1       0D     22
     126     382       0       1       0       0       0       000010000D     23
     126       0       8       4       0                       1       0D     24
     126     386       0       1       0       0       0       000010000D     25
     126       0       8      84       0                       1       0D     26
     126     470       0       1       0       0       0       000010000D     27
     126       0       8      30       0                       1       0D     28
     126     500       0       1       0       0       0       000010000D     29
     126       0       8     125       0                       1       0D     30
     126     625       0       1       0       0       0       000010000D     31
     126       0       8      62       0                       1       0D     32
     126     687       0       1       0       0       0       000010000D     33
     126       0       8       6       0                       1       0D     34
     126     693       0       1       0       0       0       000010000D     35
     126       0       8      14       0                       1       0D     36
     126     707       0       1       0       0       0       000010000D     37
     126       0       8       6       0                       1       0D     38
     126     713       0       1       0       0       0       000010000D     39
     126       0       8       9       0                       1       0D     40
     126     722       0       1       0       0       0       000010000D     41
     126       0       8       4       0                       1       0D     42
     126     726       0       1       0       0       0       000010000D     43
     126       0       8      15       0                       1       0D     44
     126     741       0       1       0       0       0       000010000D     45
     126       0       8       4       0                       1       0D     46
     126     745       0       1       0       0       0       000010000D     47
     126       0       8       6       0                       1       0D     48
     126     751       0       1       0       0       0       000010000D     49
     126       0       8       7       0                       1       0D     50
     126     758       0       1       0       0       0       000010000D     51
     126       0       8      39       0                       1       0D     52
     126     797       0       1       0       0       0       000010000D     53
     126       0       8       4       0                       1       0D     54
     126     801       0       1       0       0       0       000010000D     55
     126       0       8       8       0                       1       0D     56
     126     809       0       1       0       0       0       000010000D     57
     126       0       8       4       0                       1       0D     58
     514     813       0       1       0       0       0       000010000D     59
     514       0       8       1       1                       1       0D     60
     510     814       0       1       0       0       0       000010000D     61
     510       0       8       1       1                       1       0D     62
     128     815       0       1       0       0       0       001010000D     63
     128       0       8     136       0                       1       0D     64
     508     951       0       1       0       0       0       000010000D     65
     508       0       8       3       1                       1       0D     66
     126     954       0       1       0       0       0       000010000D     67
     126       0       8      92       0                       1       0D     68
     126    1046       0       1       0       0       0       000010000D     69
     126       0       8       2       0                       1       0D     70
     126    1048       0       1       0       0       0       000010000D     71
     126       0       8       2       0                       1       0D     72
     126    1050       0       1       0       0       0       000010000D     73
     126       0       8      73       0                       1       0D     74
     126    1123       0       1       0       0       0       000010000D     75
     126       0       8       2       0                       1       0D     76
     126    1125       0       1       0       0       0       000010000D     77
     126       0       8       2       0                       1       0D     78
     126    1127       0       1       0       0       0       000010000D     79
     126       0       8       2       0                       1       0D     80
     126    1129       0       1       0       0       0       000010000D     81
     126       0       8       2       0                       1       0D     82
     126    1131       0       1       0       0       0       000010000D     83
     126       0       8       2       0                       1       0D     84
     510    1133       0       1       0       0       0       000010000D     85
     510       0       8       1       1                       1       0D     86
     128    1134       0       1       0       0       0       001010000D     87
     128       0       8     126       0                       1       0D     88
     508    1260       0       1       0       0       0       000010000D     89
     508       0       8       2       1                       1       0D     90
     126    1262       0       1       0       0       0       000010000D     91
     126       0       8      60       0                       1       0D     92
     126    1322       0       1       0       0       0       000010000D     93
     126       0       8       2       0                       1       0D     94
     126    1324       0       1       0       0       0       000010000D     95
     126       0       8      81       0                       1       0D     96
     126    1405       0       1       0       0       0       000010000D     97
     126       0       8       2       0                       1       0D     98
     510    1407       0       1       0       0       0       000010000D     99
     510       0       8       1       1                       1       0D    100
     128    1408       0       1       0       0       0       001010000D    101
     128       0       8    1123       0                       1       0D    102
     508    2531       0       1       0       0       0       000010000D    103
     508       0       8       2       1                       1       0D    104
     126    2533       0       1       0       0       0       000010000D    105
     126       0       8       2       0                       1       0D    106
     126    2535       0       1       0       0       0       000010000D    107
     126       0       8       2       0                       1       0D    108
     126    2537       0       1       0       0       0       000010000D    109
     126       0       8       2       0                       1       0D    110
     126    2539       0       1       0       0       0       000010000D    111
     126       0       8       2       0                       1       0D    112
     510    2541       0       1       0       0       0       000010000D    113
     510       0       8       1       1                       1       0D    114
     128    2542       0       1       0       0       0       001010000D    115
     128       0       8     923       0                       1       0D    116
     508    3465       0       1       0       0       0       000010000D    117
     508       0       8       2       1                       1       0D    118
     126    3467       0       1       0       0       0       000010000D    119
     126       0       8       2       0                       1       0D    120
     126    3469       0       1       0       0       0       000010000D    121
     126       0       8       2       0                       1       0D    122
     126    3471       0       1       0       0       0       000010000D    123
     126       0       8       2       0                       1       0D    124
     126    3473       0       1       0       0       0       000010000D    125
     126       0       8       2       0                       1       0D    126
     510    3475       0       1       0       0       0       000010000D    127
     510       0       8       1       1                       1       0D    128
     128    3476       0       1       0       0       0       001010000D    129
     128       0       8      31       0                       1       0D    130
     508    3507       0       1       0       0       0       000010000D    131
     508       0       8       2       1                       1       0D    132
     126    3509       0       1       0       0       0       000010000D    133
     126       0       8      19       0                       1       0D    134
     126    3528       0       1       0       0       0       000010000D    135
     126       0       8      15       0                       1       0D    136
     126    3543       0       1       0       0       0       000010000D    137
     126       0       8      82       0                       1       0D    138
     126    3625       0       1       0       0       0       000010000D    139
     126       0       8      24       0                       1       0D    140
     126    3649       0       1       0       0       0       000010000D    141
     126       0       8      11       0                       1       0D    142
     510    3660       0       1       0       0       0       000010000D    143
     510       0       8       1       1                       1       0D    144
     128    3661       0       1       0       0       0       001010000D    145
     128       0       8      30       0                       1       0D    146
     508    3691       0       1       0       0       0       000010000D    147
     508       0       8       2       1                       1       0D    148
     126    3693       0       1       0       0       0       000010000D    149
     126       0       8       2       0                       1       0D    150
     126    3695       0       1       0       0       0       000010000D    151
     126       0       8       2       0                       1       0D    152
     126    3697       0       1       0       0       0       000010000D    153
     126       0       8       2       0                       1       0D    154
     126    3699       0       1       0       0       0       000010000D    155
     126       0       8       2       0                       1       0D    156
     510    3701       0       1       0       0       0       000010000D    157
     510       0       8       1       1                       1       0D    158
     128    3702       0       1       0       0       0       001010000D    159
     128       0       8      31       0                       1       0D    160
     508    3733       0       1       0       0       0       000010000D    161
     508       0       8       3       1                       1       0D    162
     126    3736       0       1       0       0       0       000010000D    163
     126       0       8       3       0                       1       0D    164
     126    3739       0       1       0       0       0       000010000D    165
     126       0       8      17       0                       1       0D    166
     126    3756       0       1       0       0       0       000010000D    167
     126       0       8      13       0                       1       0D    168
     126    3769       0       1       0       0       0       000010000D    169
     126       0       8     120       0                       1       0D    170
     126    3889       0       1       0       0       0       000010000D    171
     126       0       8      34       0                       1       0D    172
     126    3923       0       1       0       0       0       000010000D    173
     126       0       8      11       0                       1       0D    174
     126    3934       0       1       0       0       0       000010000D    175
     126       0       8       4       0                       1       0D    176
     126    3938       0       1       0       0       0       000010000D    177
     126       0       8       5       0                       1       0D    178
     510    3943       0       1       0       0       0       000010000D    179
     510       0       8       1       1                       1       0D    180
     128    3944       0       1       0       0       0       001010000D    181
     128       0       8     191       0                       1       0D    182
     508    4135       0       1       0       0       0       000010000D    183
     508       0       8       2       1                       1       0D    184
     126    4137       0       1       0       0       0       000010000D    185
     126       0       8      15       0                       1       0D    186
     126    4152       0       1       0       0       0       000010000D    187
     126       0       8       2       0                       1       0D    188
     126    4154       0       1       0       0       0       000010000D    189
     126       0       8       2       0                       1       0D    190
     126    4156       0       1       0       0       0       000010000D    191
     126       0       8       2       0                       1       0D    192
     510    4158       0       1       0       0       0       000010000D    193
     510       0       8       1       1                       1       0D    194
     128    4159       0       1       0       0       0       001010000D    195
     128       0       8      31       0                       1       0D    196
     508    4190       0       1       0       0       0       000010000D    197
     508       0       8       2       1                       1       0D    198
     126    4192       0       1       0       0       0       000010000D    199
     126       0       8       3       0                       1       0D    200
     126    4195       0       1       0       0       0       000010000D    201
     126       0       8       5       0                       1       0D    202
     126    4200       0       1       0       0       0       000010000D    203
     126       0       8       5       0                       1       0D    204
     126    4205       0       1       0       0       0       000010000D    205
     126       0       8     132       0                       1       0D    206
     126    4337       0       1       0       0       0       000010000D    207
     126       0       8       3       0                       1       0D    208
186,59,1,0;                                                            1P      1
502,17,13.73976,12.7625,-1.136868D-013,-5.807768,20.52038,             3P      2
-1.136868D-013,-19.57808,26.42826,-1.136868D-013,-35.40535,            3P      3
26.36866,-1.136868D-013,-52.49982,17.5,-1.136868D-013,-52.49982,       3P      4
-42.5,-1.136868D-013,57.50018,-57.5,-1.136868D-013,47.50018,           3P      5
22.5,-1.136868D-013,37.98103,16.89661,-1.136868D-013,-22.53439,        3P      6
33.92809,-1.136868D-013,18.35199,14.61236,-1.136868D-013,              3P      7
31.08797,22.68629,-1.136868D-013,-31.83165,29.58672,                   3P      8
-1.136868D-013,-72.49982,17.49904,-1.782502D-006,-72.49982,            3P      9
-42.49904,-1.782502D-006,72.49982,22.5,-9.95981D-005,72.49982,         3P     10
-57.49847,-5.977553D-006;                                              3P     11
504,26,7,3,9,3,1,9,3,1,3,2,11,3,2,3,3,13,3,3,3,4,15,3,4,3,5,17,        5P     12
3,5,3,6,19,3,6,3,7,21,3,7,3,8,23,3,8,3,9,25,3,13,3,10,27,3,10,3,       5P     13
11,29,3,11,3,12,31,3,12,3,13,33,3,11,3,1,35,3,9,3,12,37,3,13,3,        5P     14
4,39,3,3,3,10,41,3,5,3,14,43,3,14,3,15,45,3,15,3,6,47,3,8,3,16,        5P     15
49,3,16,3,14,51,3,17,3,16,53,3,7,3,17,55,3,15,3,17,57,3,6,3,6;         5P     16
126,194,3,0,0,1,0,0.,0.,0.,0.,1.,1.,1.,2.,2.,2.,3.,3.,3.,4.,4.,        7P     17
4.,5.,5.,5.,6.,6.,6.,7.,7.,7.,8.,8.,8.,9.,9.,9.,10.,10.,10.,11.,       7P     18
11.,11.,12.,12.,12.,13.,13.,13.,14.,14.,14.,15.,15.,15.,16.,16.,       7P     19
16.,17.,17.,17.,18.,18.,18.,19.,19.,19.,20.,20.,20.,21.,21.,21.,       7P     20
22.,22.,22.,23.,23.,23.,24.,24.,24.,25.,25.,25.,26.,26.,26.,27.,       7P     21
27.,27.,28.,28.,28.,29.,29.,29.,30.,30.,30.,31.,31.,32.08542431,       7P     22
32.08542431,32.08542431,33.08542431,33.08542431,33.08542431,           7P     23
34.08542431,34.08542431,34.08542431,35.08542431,35.08542431,           7P     24
35.08542431,36.08542431,36.08542431,36.08542431,37.08542431,           7P     25
37.08542431,37.08542431,38.08542431,38.08542431,38.08542431,           7P     26
39.08542431,39.08542431,39.08542431,40.08542431,40.08542431,           7P     27
40.08542431,41.08542431,41.08542431,41.08542431,42.08542431,           7P     28
42.08542431,42.08542431,43.08542431,43.08542431,43.08542431,           7P     29
44.08542431,44.08542431,44.08542431,45.08542431,45.08542431,           7P     30
45.08542431,46.08542431,46.08542431,46.08542431,47.08542431,           7P     31
47.08542431,47.08542431,48.08542431,48.08542431,48.08542431,           7P     32
49.08542431,49.08542431,49.08542431,50.08542431,50.08542431,           7P     33
50.08542431,51.08542431,51.08542431,51.08542431,52.08542431,           7P     34
52.08542431,52.08542431,53.08542431,53.08542431,53.08542431,           7P     35
54.08542431,54.08542431,54.08542431,55.08542431,55.08542431,           7P     36
55.08542431,56.08542431,56.08542431,56.08542431,57.08542431,           7P     37
57.08542431,57.08542431,58.08542431,58.08542431,58.08542431,           7P     38
59.08542431,59.08542431,59.08542431,60.08542431,60.08542431,           7P     39
60.08542431,61.08542431,61.08542431,61.08542431,62.08542431,           7P     40
62.08542431,62.08542431,63.08542431,63.08542431,63.08542431,           7P     41
64.08542431,64.08542431,64.08542431,65.08542431,65.08542431,           7P     42
65.08542431,65.08542431,1.,1.,1.,1.,1.,1.,1.,1.,1.,1.,1.,1.,1.,        7P     43
1.,1.,1.,1.,1.,1.,1.,1.,1.,1.,1.,1.,1.,1.,1.,1.,1.,1.,1.,1.,1.,        7P     44
1.,1.,1.,1.,1.,1.,1.,1.,1.,1.,1.,1.,1.,1.,1.,1.,1.,1.,1.,1.,1.,        7P     45
1.,1.,1.,1.,1.,1.,1.,1.,1.,1.,1.,1.,1.,1.,1.,1.,1.,1.,1.,1.,1.,        7P     46
1.,1.,1.,1.,1.,1.,1.,1.,1.,1.,1.,1.,1.,1.,1.,1.,1.,1.,1.,1.,1.,        7P     47
1.,1.,1.,1.,1.,1.,1.,1.,1.,1.,1.,1.,1.,1.,1.,1.,1.,1.,1.,1.,1.,        7P     48
1.,1.,1.,1.,1.,1.,1.,1.,1.,1.,1.,1.,1.,1.,1.,1.,1.,1.,1.,1.,1.,        7P     49
1.,1.,1.,1.,1.,1.,1.,1.,1.,1.,1.,1.,1.,1.,1.,1.,1.,1.,1.,1.,1.,        7P     50
1.,1.,1.,1.,1.,1.,1.,1.,1.,1.,1.,1.,1.,1.,1.,1.,1.,1.,1.,1.,1.,        7P     51
1.,1.,1.,1.,1.,1.,1.,1.,1.,1.,1.,1.,1.,1.,37.98103,16.89661,           7P     52
-1.136868D-013,37.97993,16.89612,-0.186827,37.97883,16.89412,          7P     53
-0.3736496,37.97773,16.8906,-0.5604448,37.97351,16.88569,              7P     54
-0.7470525,37.96928,16.87925,-0.9336193,37.96504,16.87128,             7P     55
-1.120122,37.95629,16.86131,-1.306138,37.94753,16.8498,-1.49207,       7P     56
37.93874,16.83675,-1.677894,37.92406,16.8211,-1.862946,37.90934,       7P     57
16.80392,-2.047863,37.89459,16.78519,-2.232623,37.87256,               7P     58
16.76327,-2.416341,37.85047,16.73981,-2.599867,37.82832,               7P     59
16.71481,-2.783177,37.80474,16.69161,-2.937017,37.78111,16.6673,       7P     60
-3.090683,37.75742,16.6419,-3.244159,37.73007,16.61497,                7P     61
-3.396632,37.70265,16.58695,-3.5489,37.67515,16.55785,-3.700947,       7P     62
37.64281,16.52677,-3.851254,37.61037,16.49462,-4.001319,               7P     63
37.57785,16.46141,-4.15113,37.53927,16.42581,-4.298472,37.50057,       7P     64
16.38918,-4.445533,37.46177,16.3515,-4.592302,37.41568,16.31105,       7P     65
-4.735888,37.36946,16.26961,-4.87915,37.3231,16.22718,-5.022076,       7P     66
37.26823,16.18159,-5.161124,37.21319,16.13508,-5.2998,37.15799,        7P     67
16.08764,-5.438094,37.09834,16.04051,-5.562955,37.03851,               7P     68
15.99264,-5.687453,36.97851,15.94404,-5.81158,36.91141,15.89325,       7P     69
-5.930712,36.84411,15.8418,-6.049452,36.77663,15.78969,                7P     70
-6.167795,36.70234,15.73566,-6.280951,36.62784,15.68106,               7P     71
-6.393694,36.55313,15.6259,-6.506019,36.47192,15.56907,                7P     72
-6.612952,36.39048,15.51176,-6.719459,36.30882,15.45397,               7P     73
-6.825536,36.22093,15.39479,-6.926002,36.13281,15.33522,               7P     74
-7.026037,36.04446,15.27528,-7.125637,35.95016,15.2142,                7P     75
-7.219394,35.85561,15.15284,-7.312723,35.76083,15.0912,                7P     76
-7.405622,35.64556,15.01964,-7.504596,35.52998,14.94785,               7P     77
-7.60303,35.41407,14.87584,-7.700919,35.29229,14.80345,                7P     78
-7.790966,35.17019,14.73097,-7.880508,35.04778,14.65839,               7P     79
-7.969542,34.92031,14.58573,-8.051421,34.79252,14.51309,               7P     80
-8.132839,34.66442,14.44048,-8.213793,34.5321,14.36804,                7P     81
-8.288254,34.39947,14.29573,-8.362301,34.26654,14.22355,               7P     82
-8.435932,34.10389,14.13834,-8.515385,33.94082,14.05345,               7P     83
-8.594334,33.77733,13.9689,-8.672776,33.60959,13.88532,                7P     84
-8.742809,33.44144,13.80219,-8.81243,33.2729,13.71954,-8.881638,       7P     85
33.10081,13.63797,-8.943346,32.92833,13.55698,-9.004732,               7P     86
32.75546,13.47656,-9.065794,32.56177,13.38942,-9.125147,               7P     87
32.36762,13.30309,-9.1842,32.17303,13.21758,-9.242985,31.97559,        7P     88
13.13374,-9.293998,31.77771,13.05081,-9.34482,31.57942,12.96881,       7P     89
-9.395482,31.37859,12.88846,-9.439041,31.17734,12.80912,               7P     90
-9.482527,30.97569,12.73079,-9.525936,30.77219,12.65413,               7P     91
-9.563084,30.56829,12.57854,-9.600247,30.36401,12.50403,               7P     92
-9.637422,30.09792,12.41003,-9.677579,29.83118,12.31791,               7P     93
-9.717876,29.56383,12.22771,-9.758368,29.29478,12.13968,               7P     94
-9.791847,29.02518,12.0535,-9.825981,28.75486,11.96957,-9.85968,       7P     95
28.1616,11.78841,-9.925721,27.56402,11.61961,-9.985914,26.31101,       7P     96
11.29187,-10.10763,25.65469,11.13583,-10.16677,24.99517,               7P     97
10.99404,-10.22469,24.66504,10.92416,-10.25115,24.33421,               7P     98
10.85763,-10.2779,24.00293,10.79409,-10.30601,23.67087,10.73244,       7P     99
-10.32951,23.3383,10.67395,-10.35406,23.00529,10.61864,                7P    100
-10.37973,22.82317,10.59075,-10.38849,22.64093,10.56382,               7P    101
-10.39761,22.45856,10.53786,-10.40708,22.2757,10.51549,                7P    102
-10.40841,22.09272,10.49411,-10.41014,21.90964,10.47371,               7P    103
-10.41226,21.72644,10.45721,-10.40572,21.54314,10.4417,-10.3996,       7P    104
21.35974,10.42719,-10.39389,21.17663,10.41684,-10.37902,               7P    105
20.99342,10.40749,-10.36458,20.81013,10.39912,-10.35056,               7P    106
20.62751,10.39518,-10.32686,20.44482,10.3922,-10.30358,20.26206,       7P    107
10.39019,-10.28074,20.1005,10.39263,-10.25115,19.93889,10.39581,       7P    108
-10.22189,19.77724,10.39971,-10.19296,19.61813,10.40797,               7P    109
-10.15456,19.45898,10.4169,-10.11645,19.29979,10.42651,                7P    110
-10.07865,19.14373,10.44042,-10.03137,18.98764,10.45492,               7P    111
-9.984356,18.83153,10.47002,-9.937605,18.67913,10.48935,               7P    112
-9.88136,18.52671,10.50918,-9.825331,18.37429,10.52951,                7P    113
-9.769518,18.22616,10.55398,-9.704194,18.07803,10.57883,               7P    114
-9.639026,17.92989,10.60407,-9.574017,17.78665,10.63332,               7P    115
-9.499474,17.64341,10.66283,-9.425021,17.50018,10.6926,-9.35066,       7P    116
17.38169,10.72075,-9.28041,17.26328,10.74938,-9.210223,17.14494,       7P    117
10.77848,-9.140102,17.03071,10.8096,-9.064719,16.91657,10.84108,       7P    118
-8.989346,16.80252,10.87293,-8.913984,16.69335,10.90677,               7P    119
-8.833068,16.58429,10.94086,-8.752108,16.47534,10.97518,               7P    120
-8.671105,16.37203,11.01145,-8.584235,16.26885,11.04783,               7P    121
-8.497266,16.16579,11.08431,-8.4102,16.06915,11.12266,-8.316933,       7P    122
15.97264,11.16097,-8.223516,15.87626,11.19924,-8.129949,               7P    123
15.78709,11.23929,-8.029829,15.69805,11.27913,-7.92951,15.60915,       7P    124
11.31876,-7.828991,15.51619,11.36565,-7.707297,15.42339,               7P    125
11.41207,-7.585293,15.33077,11.45799,-7.462975,15.2468,11.5049,        7P    126
-7.33515,15.16298,11.55114,-7.20698,15.07934,11.59672,-7.078465,       7P    127
15.00454,11.64296,-6.944834,14.9299,11.68837,-6.810833,14.8554,        7P    128
11.73293,-6.676469,14.78998,11.77787,-6.53737,14.72469,11.82182,       7P    129
-6.397889,14.65954,11.86476,-6.258037,14.59658,11.9129,                7P    130
-6.096962,14.53376,11.95962,-5.935407,14.47109,12.00491,               7P    131
-5.773396,14.41766,12.04987,-5.608235,14.36436,12.09329,               7P    132
-5.442613,14.31118,12.13514,-5.276559,14.26631,12.17655,               7P    133
-5.107842,14.22154,12.21631,-4.938692,14.17688,12.2544,                7P    134
-4.769141,14.13961,12.29198,-4.597424,14.10242,12.32783,               7P    135
-4.425309,14.06531,12.36193,-4.252831,14.03468,12.39547,               7P    136
-4.078687,14.00412,12.42722,-3.904185,13.97362,12.45716,               7P    137
-3.729361,13.94868,12.48654,-3.553371,13.9238,12.51407,                7P    138
-3.377064,13.89898,12.53976,-3.200481,13.87639,12.56952,-2.9894,       7P    139
13.85387,12.59662,-2.777938,13.8314,12.62107,-2.566163,13.81611,       7P    140
12.64461,-2.35372,13.80085,12.66547,-2.140977,13.78564,12.68365,       7P    141
-1.928002,13.7764,12.70104,-1.714513,13.76681,12.71579,-1.50081,       7P    142
13.75799,12.72775,-1.286942,13.74612,12.75091,-0.8584526,              7P    143
13.74058,12.76239,-0.4292661,13.73976,12.7625,-1.136868D-013,0.,       7P    144
65.08542431,0.,0.,0.;                                                  7P    145
126,11,3,1,0,1,0,0.,0.,0.,0.,1.,1.,1.107654461,1.107654461,            9P    146
1.258736278,1.258736278,1.410002096,1.410002096,1.474815241,           9P    147
1.474815241,1.474815241,1.474815241,1.,1.,1.,1.,1.,1.,1.,1.,1.,        9P    148
1.,1.,1.,13.73976,12.7625,-1.136868D-013,8.996894,13.42238,            9P    149
-1.136868D-013,4.518823,15.27744,-1.136868D-013,-0.2041621,            9P    150
17.61128,-1.136868D-013,-0.6690729,17.84363,-1.136868D-013,            9P    151
-1.773405,18.40727,-1.136868D-013,-2.416342,18.74011,                  9P    152
-1.136868D-013,-3.700714,19.41056,-1.136868D-013,-4.341657,            9P    153
19.74912,-1.136868D-013,-5.258041,20.23117,-1.136868D-013,             9P    154
-5.532753,20.37606,-1.136868D-013,-5.807768,20.52038,                  9P    155
-1.136868D-013,0.,1.474815241,0.,-1.27934D-030,-1.;                    9P    156
126,9,3,1,0,1,0,0.,0.,0.,0.,1.,1.,2.34468328,2.34468328,              11P    157
3.654131634,3.654131634,5.546678946,5.546678946,5.546678946,          11P    158
5.546678946,1.,1.,1.,1.,1.,1.,1.,1.,1.,1.,-5.807768,20.52038,         11P    159
-1.136868D-013,-6.606833,20.93978,-1.136868D-013,-7.40708,            11P    160
21.35694,-1.136868D-013,-9.290157,22.32195,-1.136868D-013,            11P    161
-10.37781,22.86059,-1.136868D-013,-12.54602,23.87823,                 11P    162
-1.136868D-013,-13.62768,24.35579,-1.136868D-013,-16.30869,           11P    163
25.43358,-1.136868D-013,-17.92607,25.99276,-1.136868D-013,            11P    164
-19.57808,26.42826,-1.136868D-013,0.,5.546678946,0.,                  11P    165
2.825246D-030,1.;                                                     11P    166
126,159,3,0,0,1,0,0.,0.,0.,0.,1.,1.,1.,2.,2.,2.,3.,3.,3.,4.,4.,       13P    167
4.,5.,5.,5.,6.,6.,6.,7.,7.,7.,8.,8.,8.,9.,9.,9.,10.,10.,10.,11.,      13P    168
11.,11.,12.,12.,12.,13.,13.,13.,14.,14.,14.,15.,15.,15.,16.,16.,      13P    169
16.,17.,17.,17.,18.,18.,18.,19.,19.,19.,20.,20.,20.,21.,21.,21.,      13P    170
22.,22.,22.,23.,23.,23.,24.,24.,24.,25.,25.,25.,26.,26.,26.,27.,      13P    171
27.,27.,28.,28.,28.,29.,29.,29.,30.,30.,30.,31.,31.,31.,32.,32.,      13P    172
32.,33.,33.,33.,34.,34.,34.,35.,35.,35.,36.,36.,36.,37.,37.,37.,      13P    173
38.,38.,38.,39.,39.,39.,40.,40.,40.,41.,41.,41.,42.,42.,42.,43.,      13P    174
43.,43.,44.,44.,44.,45.,45.,45.,46.,46.,46.,47.,47.,47.,48.,48.,      13P    175
48.,49.,49.,49.,50.,50.,50.,51.,51.,51.,52.,52.,52.,53.,53.,53.,      13P    176
53.,1.,1.,1.,1.,1.,1.,1.,1.,1.,1.,1.,1.,1.,1.,1.,1.,1.,1.,1.,1.,      13P    177
1.,1.,1.,1.,1.,1.,1.,1.,1.,1.,1.,1.,1.,1.,1.,1.,1.,1.,1.,1.,1.,       13P    178
1.,1.,1.,1.,1.,1.,1.,1.,1.,1.,1.,1.,1.,1.,1.,1.,1.,1.,1.,1.,1.,       13P    179
1.,1.,1.,1.,1.,1.,1.,1.,1.,1.,1.,1.,1.,1.,1.,1.,1.,1.,1.,1.,1.,       13P    180
1.,1.,1.,1.,1.,1.,1.,1.,1.,1.,1.,1.,1.,1.,1.,1.,1.,1.,1.,1.,1.,       13P    181
1.,1.,1.,1.,1.,1.,1.,1.,1.,1.,1.,1.,1.,1.,1.,1.,1.,1.,1.,1.,1.,       13P    182
1.,1.,1.,1.,1.,1.,1.,1.,1.,1.,1.,1.,1.,1.,1.,1.,1.,1.,1.,1.,1.,       13P    183
1.,1.,1.,1.,1.,1.,1.,1.,1.,1.,1.,1.,1.,1.,-19.57808,26.42826,         13P    184
-1.136868D-013,-19.57424,26.42725,-0.5824892,-19.57586,26.41488,      13P    185
-1.164958,-19.58478,26.39153,-1.74693,-19.59188,26.38489,             13P    186
-1.93983,-19.60033,26.37717,-2.132685,-19.60784,26.36779,             13P    187
-2.32547,-19.62196,26.36018,-2.517889,-19.63611,26.35114,             13P    188
-2.71025,-19.65028,26.34069,-2.902534,-19.67223,26.33232,             13P    189
-3.094163,-19.69422,26.32253,-3.285726,-19.71624,26.31133,            13P    190
-3.477203,-19.73921,26.30443,-3.622787,-19.76221,26.2967,             13P    191
-3.768326,-19.78523,26.28813,-3.913813,-19.81423,26.28122,            13P    192
-4.058209,-19.84326,26.27348,-4.202559,-19.87231,26.26491,            13P    193
-4.346854,-19.90794,26.25817,-4.489688,-19.94359,26.2506,             13P    194
-4.632474,-19.97929,26.2422,-4.775202,-20.02213,26.23582,             13P    195
-4.916101,-20.06501,26.2286,-5.056949,-20.10793,26.22054,             13P    196
-5.197737,-20.16325,26.21431,-5.347965,-20.21863,26.20708,            13P    197
-5.498129,-20.27407,26.19884,-5.648219,-20.33871,26.1934,             13P    198
-5.79449,-20.40342,26.18695,-5.940692,-20.4682,26.17949,              13P    199
-6.086816,-20.54231,26.17494,-6.22848,-20.61649,26.16937,             13P    200
-6.370071,-20.69075,26.16277,-6.511576,-20.77446,26.15921,            13P    201
-6.647984,-20.85826,26.15459,-6.784309,-20.94214,26.14894,            13P    202
-6.920542,-21.02678,26.14653,-7.039495,-21.11149,26.14324,            13P    203
-7.158371,-21.19628,26.13906,-7.27716,-21.28826,26.13754,             13P    204
-7.389916,-21.38032,26.13512,-7.502583,-21.47248,26.13182,            13P    205
-7.615152,-21.57145,26.13119,-7.721116,-21.67053,26.12965,            13P    206
-7.826977,-21.7697,26.12721,-7.932728,-21.87546,26.12738,             13P    207
-8.03189,-21.98132,26.12662,-8.130931,-22.08729,26.12494,             13P    208
-8.229844,-22.19945,26.1259,-8.321578,-22.31173,26.1259,              13P    209
-8.413172,-22.42413,26.12495,-8.504616,-22.54238,26.12665,            13P    210
-8.588511,-22.66077,26.12737,-8.67224,-22.77927,26.12711,             13P    211
-8.755798,-22.90315,26.12946,-8.831518,-23.02715,26.1308,             13P    212
-8.907048,-23.15128,26.13113,-8.982379,-23.28074,26.13416,            13P    213
-9.04933,-23.41033,26.13614,-9.116062,-23.54004,26.13707,             13P    214
-9.182566,-23.68038,26.14085,-9.242791,-23.82087,26.14346,            13P    215
-9.302744,-23.96148,26.14488,-9.362419,-24.10545,26.14908,            13P    216
-9.412109,-24.24955,26.15208,-9.461502,-24.39377,26.15387,            13P    217
-9.510591,-24.54078,26.15839,-9.549614,-24.6879,26.16167,             13P    218
-9.588318,-24.83513,26.16372,-9.626697,-24.98458,26.16846,            13P    219
-9.65492,-25.13413,26.17194,-9.682809,-25.28377,26.17416,             13P    220
-9.71036,-25.43507,26.17904,-9.727652,-25.58646,26.18263,             13P    221
-9.744603,-25.7379,26.18493,-9.76121,-25.89047,26.18988,              13P    222
-9.767444,-26.04309,26.19352,-9.773338,-26.19575,26.19583,            13P    223
-9.77889,-26.34114,26.20033,-9.775058,-26.48656,26.20362,             13P    224
-9.770928,-26.63198,26.20569,-9.7665,-26.77695,26.20967,              13P    225
-9.754491,-26.92192,26.21243,-9.742199,-27.06689,26.21397,            13P    226
-9.729626,-27.21121,26.21715,-9.710517,-27.35553,26.21909,            13P    227
-9.691145,-27.49982,26.21981,-9.67151,-27.67691,26.22292,             13P    228
-9.638471,-27.85397,26.22482,-9.605123,-28.03097,26.22553,            13P    229
-9.571469,-28.20537,26.22884,-9.527697,-28.37971,26.23095,            13P    230
-9.483624,-28.55398,26.23187,-9.439253,-28.72519,26.23538,            13P    231
-9.384901,-28.89633,26.2377,-9.330259,-29.06739,26.23882,             13P    232
-9.275332,-29.23492,26.24254,-9.210556,-29.40237,26.24507,            13P    233
-9.145503,-29.56973,26.24639,-9.08018,-29.7331,26.25032,              13P    234
-9.005135,-29.89637,26.25304,-8.929828,-30.05954,26.25456,            13P    235
-8.854269,-30.21826,26.25869,-8.76911,-30.37687,26.26162,             13P    236
-8.683708,-30.53537,26.26333,-8.598071,-30.70209,26.26814,            13P    237
-8.494341,-30.86868,26.27152,-8.390345,-31.03514,26.27345,            13P    238
-8.286093,-31.19429,26.27838,-8.171937,-31.35331,26.28187,            13P    239
-8.057541,-31.51219,26.28392,-7.942918,-31.66352,26.28889,            13P    240
-7.818905,-31.81472,26.29243,-7.694677,-31.96577,26.29453,            13P    241
-7.570246,-32.10903,26.29949,-7.436945,-32.25215,26.30301,            13P    242
-7.303452,-32.39513,26.30508,-7.169781,-32.53005,26.30995,            13P    243
-7.02776,-32.66485,26.31338,-6.885569,-32.7995,26.31535,              13P    244
-6.743223,-32.92584,26.32007,-6.593052,-33.05206,26.32334,            13P    245
-6.44273,-33.17813,26.32515,-6.292274,-33.29564,26.32966,             13P    246
-6.134521,-33.41302,26.3327,-5.976638,-33.53027,26.33428,             13P    247
-5.818639,-33.62981,26.33802,-5.668286,-33.72926,26.34054,            13P    248
-5.517838,-33.82859,26.34183,-5.367307,-33.92007,26.34527,            13P    249
-5.212186,-34.01146,26.34749,-5.056982,-34.10274,26.34847,            13P    250
-4.90171,-34.18604,26.3516,-4.742161,-34.26924,26.35351,              13P    251
-4.582543,-34.35235,26.35418,-4.422868,-34.42735,26.35699,            13P    252
-4.259234,-34.50226,26.35858,-4.09554,-34.57708,26.35893,             13P    253
-3.931802,-34.64366,26.36142,-3.764423,-34.71016,26.36267,            13P    254
-3.596994,-34.77658,26.3627,-3.429532,-34.83462,26.36485,             13P    255
-3.258749,-34.89259,26.36577,-3.087927,-34.95049,26.36546,            13P    256
-2.91708,-35.004,26.36758,-2.726654,-35.05743,26.36822,               13P    257
-2.536191,-35.11078,26.36737,-2.34571,-35.15316,26.36918,             13P    258
-2.152785,-35.19547,26.36951,-1.959833,-35.23771,26.36836,            13P    259
-1.766875,-35.26852,26.36995,-1.571934,-35.29928,26.37007,            13P    260
-1.376974,-35.32998,26.36872,-1.182016,-35.34878,26.37019,            13P    261
-0.9855423,-35.36755,26.37019,-0.7890557,-35.38629,26.36872,          13P    262
-0.5925768,-35.39266,26.37017,-0.3950545,-35.39901,26.37015,          13P    263
-0.197522,-35.40535,26.36866,-1.136868D-013,0.,53.,0.,0.,0.;          13P    264
126,5,3,1,0,1,0,0.,0.,0.,0.,1.,1.,2.006256867,2.006256867,            15P    265
2.006256867,2.006256867,1.,1.,1.,1.,1.,1.,-35.40535,26.36866,         15P    266
-1.136868D-013,-38.5519,25.62791,-1.136868D-013,-41.60578,            15P    267
24.49605,-1.136868D-013,-47.36453,21.51365,-1.136868D-013,            15P    268
-50.06657,19.65863,-1.136868D-013,-52.49982,17.5,-1.136868D-013,      15P    269
0.,2.006256867,0.,0.,1.;                                              15P    270
126,33,3,1,0,1,0,0.,0.,0.,0.,1.,1.,2.018849429,2.018849429,           17P    271
3.020177001,3.020177001,4.013996524,4.013996524,4.960386934,          17P    272
4.960386934,5.961161112,5.961161112,6.978893039,6.978893039,          17P    273
8.028014309,8.028014309,9.028026852,9.028026852,10.04688366,          17P    274
10.04688366,11.0482156,11.0482156,12.04203813,12.04203813,            17P    275
12.98843057,12.98843057,13.98920558,13.98920558,15.00693541,          17P    276
15.00693541,16.05604912,16.05604912,16.05604912,16.05604912,1.,       17P    277
1.,1.,1.,1.,1.,1.,1.,1.,1.,1.,1.,1.,1.,1.,1.,1.,1.,1.,1.,1.,1.,       17P    278
1.,1.,1.,1.,1.,1.,1.,1.,1.,1.,1.,1.,-52.49982,17.5,                   17P    279
-1.139824D-013,-52.49982,17.50038,-1.956905,-52.49982,17.31152,       17P    280
-3.913972,-52.49982,16.54768,-7.790274,-52.49982,15.96516,            17P    281
-9.707505,-52.49982,14.44223,-13.35585,-52.49982,13.50866,            17P    282
-15.08934,-52.49982,11.33038,-18.32963,-52.49982,10.08846,            17P    283
-19.83803,-52.49982,7.403646,-22.52281,-52.49982,5.973322,            17P    284
-23.71155,-52.49982,2.830804,-25.86667,-52.49982,1.107087,            17P    285
-26.81584,-52.49982,-2.523676,-28.37195,-52.49982,-4.433104,          17P    286
-28.97202,-52.49982,-8.393798,-29.7926,-52.49982,-10.447,             17P    287
-30.00015,-52.49982,-14.4569,-30.00008,-52.49982,-16.41397,           17P    288
-29.81166,-52.49982,-20.29027,-29.0476,-52.49982,-22.20751,           17P    289
-28.4652,-52.49982,-25.85585,-26.94221,-52.49982,-27.58934,           17P    290
-26.00868,-52.49982,-30.82963,-23.83038,-52.49982,-32.33803,          17P    291
-22.58846,-52.49982,-35.02281,-19.90364,-52.49982,-36.21155,          17P    292
-18.47332,-52.49982,-38.36666,-15.3308,-52.49982,-39.31586,           17P    293
-13.60709,-52.49982,-40.87191,-9.976324,-52.49982,-41.4721,           17P    294
-8.066896,-52.49982,-42.29247,-4.106203,-52.49982,-42.50044,          17P    295
-2.053002,-52.49982,-42.5,-1.136868D-013,0.,16.05604912,-1.,          17P    296
-1.81814D-016,-5.063968D-019;                                         17P    297
126,59,3,1,0,1,0,0.,0.,0.,0.,1.,1.,2.054623427,2.054623427,           19P    298
3.108401926,3.108401926,3.605992696,3.605992696,4.168365255,          19P    299
4.168365255,4.610504088,4.610504088,4.98701549,4.98701549,            19P    300
5.359327865,5.359327865,5.776860427,5.776860427,6.570461495,          19P    301
6.570461495,7.375487385,7.375487385,7.614113993,7.614113993,          19P    302
7.949013268,7.949013268,8.284274053,8.284274053,8.857814365,          19P    303
8.857814365,9.095668196,9.095668196,9.849441454,9.849441454,          19P    304
10.59016563,10.59016563,11.32300273,11.32300273,12.11317612,          19P    305
12.11317612,12.83391642,12.83391642,13.55469463,13.55469463,          19P    306
14.22606418,14.22606418,14.95491673,14.95491673,15.17425828,          19P    307
15.17425828,15.53078234,15.53078234,16.17295674,16.17295674,          19P    308
17.69762843,17.69762843,19.44373352,19.44373352,19.44373352,          19P    309
19.44373352,1.,1.,1.,1.,1.,1.,1.,1.,1.,1.,1.,1.,1.,1.,1.,1.,1.,       19P    310
1.,1.,1.,1.,1.,1.,1.,1.,1.,1.,1.,1.,1.,1.,1.,1.,1.,1.,1.,1.,1.,       19P    311
1.,1.,1.,1.,1.,1.,1.,1.,1.,1.,1.,1.,1.,1.,1.,1.,1.,1.,1.,1.,1.,       19P    312
1.,-52.49982,-42.5,-1.136868D-013,-50.9515,-43.87319,                 19P    313
-1.136868D-013,-49.29429,-45.12349,-1.136868D-013,-45.70862,          19P    314
-47.40891,-1.136868D-013,-43.77025,-48.42833,-1.136868D-013,          19P    315
-39.75326,-50.13207,-1.136868D-013,-37.67489,-50.81689,               19P    316
-1.136868D-013,-34.55286,-51.5657,-1.136868D-013,-33.54213,           19P    317
-51.7671,-1.136868D-013,-31.37559,-52.11038,-1.136868D-013,           19P    318
-30.21802,-52.24307,-1.136868D-013,-28.14408,-52.3849,                19P    319
-1.136868D-013,-27.22887,-52.42406,-1.136868D-013,-25.53457,          19P    320
-52.39098,-1.136868D-013,-24.75632,-52.33815,-1.136868D-013,          19P    321
-23.21624,-52.16301,-1.136868D-013,-22.45465,-52.04158,               19P    322
-1.136868D-013,-20.8519,-51.7189,-1.136868D-013,-20.01281,            19P    323
-51.50999,-1.136868D-013,-17.60536,-50.81044,-1.136868D-013,          19P    324
-16.06324,-50.23688,-1.136868D-013,-13.02109,-48.93699,               19P    325
-1.136868D-013,-11.52102,-48.20906,-1.136868D-013,-9.601401,          19P    326
-47.22001,-1.136868D-013,-9.163654,-46.99123,-1.136868D-013,          19P    327
-8.115831,-46.43376,-1.136868D-013,-7.505517,-46.10534,               19P    328
-1.136868D-013,-6.287746,-45.44168,-1.136868D-013,-5.679449,          19P    329
-45.10797,-1.136868D-013,-4.029919,-44.20458,-1.136868D-013,          19P    330
-2.989664,-43.63289,-1.136868D-013,-1.506563,-42.84549,               19P    331
-1.136868D-013,-1.070823,-42.61653,-1.136868D-013,0.7507579,          19P    332
-41.67146,-1.136868D-013,2.153954,-40.98794,-1.136868D-013,           19P    333
4.987369,-39.74812,-1.136868D-013,6.420184,-39.19592,                 19P    334
-1.136868D-013,9.331664,-38.28766,-1.136868D-013,10.81129,            19P    335
-37.93336,-1.136868D-013,13.92993,-37.47007,-1.136868D-013,           19P    336
15.57187,-37.38611,-1.136868D-013,18.69504,-37.5676,                  19P    337
-1.136868D-013,20.17637,-37.79153,-1.136868D-013,23.07172,            19P    338
-38.51725,-1.136868D-013,24.48275,-39.01911,-1.136868D-013,           19P    339
27.11162,-40.20026,-1.136868D-013,28.33666,-40.86193,                 19P    340
-1.136868D-013,30.81623,-42.36228,-1.136868D-013,32.0662,             19P    341
-43.20931,-1.136868D-013,33.66621,-44.34517,-1.136868D-013,           19P    342
34.03505,-44.61003,-1.136868D-013,34.99912,-45.31093,                 19P    343
-1.136868D-013,35.59421,-45.74732,-1.136868D-013,37.25731,            19P    344
-46.97491,-1.136868D-013,38.32836,-47.76212,-1.136868D-013,           19P    345
41.97514,-50.37284,-1.136868D-013,44.62203,-52.10306,                 19P    346
-1.136868D-013,50.61779,-55.2543,-1.136868D-013,54.00128,             19P    347
-56.5851,-1.136868D-013,57.50018,-57.5,-1.136868D-013,0.,             19P    348
19.44373352,0.,1.287613D-031,-1.;                                     19P    349
126,41,3,0,0,1,0,0.,0.,0.,0.,1.,1.,2.058196573,2.058196573,           21P    350
3.112542075,3.112542075,4.265873301,4.265873301,5.409746061,          21P    351
5.409746061,6.631751878,6.631751878,7.808490332,7.808490332,          21P    352
8.395201921,8.395201921,9.032143444,9.032143444,9.612711915,          21P    353
9.612711915,9.884684551,9.884684551,10.24789418,10.24789418,          21P    354
10.88792271,10.88792271,11.55302183,11.55302183,12.70370788,          21P    355
12.70370788,13.84692139,13.84692139,14.91875835,14.91875835,          21P    356
16.0475277,16.0475277,17.20884121,17.20884121,18.42100043,            21P    357
18.42100043,18.42100043,18.42100043,1.,1.,1.,1.,1.,1.,1.,1.,1.,       21P    358
1.,1.,1.,1.,1.,1.,1.,1.,1.,1.,1.,1.,1.,1.,1.,1.,1.,1.,1.,1.,1.,       21P    359
1.,1.,1.,1.,1.,1.,1.,1.,1.,1.,1.,1.,57.50018,-57.5,                   21P    360
-1.142147D-013,57.50076,-57.50142,-2.158169,57.37354,-57.20985,       21P    361
-4.311762,56.90751,-56.07711,-8.579938,56.55965,-55.21024,            21P    362
-10.68161,55.73851,-53.05705,-14.61121,55.26723,-51.7763,             21P    363
-16.44369,54.22561,-48.78767,-19.99836,53.65012,-47.05195,            21P    364
-21.69756,52.50646,-43.3488,-24.77939,51.93734,-41.38209,             21P    365
-26.16626,50.81149,-37.1244,-28.7371,50.25736,-34.81901,              21P    366
-29.90161,49.27676,-30.13535,-31.85972,48.84589,-27.76166,            21P    367
-32.66519,48.3147,-24.12132,-33.62199,48.15713,-22.89629,             21P    368
-33.89829,47.87579,-20.31879,-34.38282,47.75631,-18.96429,            21P    369
-34.58287,47.5886,-16.35975,-34.85894,47.5356,-15.11108,              21P    370
-34.94424,47.50167,-13.27436,-34.99723,47.49946,-12.688,              21P    371
-35.0033,47.50061,-11.31885,-34.99162,47.50004,-10.53605,             21P    372
-34.96493,47.50028,-8.377498,-34.83339,47.50014,-7.004148,            21P    373
-34.6836,47.5002,-4.227103,-34.23298,47.50017,-2.824211,              21P    374
-33.92512,47.50019,0.942625,-32.86157,47.50018,3.260533,              21P    375
-31.93641,47.50018,7.611113,-29.58402,47.50018,9.642546,              21P    376
-28.15911,47.50018,13.19545,-24.96708,47.50018,14.73936,              21P    377
-23.22946,47.50018,17.48539,-19.35999,47.50018,18.66488,              21P    378
-17.2151,47.50018,20.5736,-12.66189,47.50018,21.2904,-10.24958,       21P    379
47.50018,22.26354,-5.226883,47.50018,22.50027,-2.612378,              21P    380
47.50018,22.5,-1.136868D-013,0.,18.42100043,0.,0.,0.;                 21P    381
126,3,3,1,0,1,0,0.,0.,0.,0.,1.,1.,1.,1.,1.,1.,1.,1.,47.50018,         23P    382
22.5,-1.136868D-013,44.5466,20.28893,-1.136868D-013,41.34762,         23P    383
18.40606,-1.136868D-013,37.98103,16.89661,-1.136868D-013,0.,1.,       23P    384
0.,0.,-1.;                                                            23P    385
126,111,3,0,0,1,0,0.,0.,0.,0.,1.,1.,1.998615605,1.998615605,          25P    386
3.998139964,3.998139964,6.148019348,6.148019348,7.293795479,          25P    387
7.293795479,8.438548868,8.438548868,9.583500822,9.583500822,          25P    388
10.73019241,10.73019241,11.86364598,11.86364598,12.99372073,          25P    389
12.99372073,14.12097316,14.12097316,15.24661773,15.24661773,          25P    390
16.37270353,16.37270353,17.50224468,17.50224468,17.50224468,          25P    391
18.50224468,18.50224468,18.50224468,19.50224468,19.50224468,          25P    392
19.50224468,20.50224468,20.50224468,21.00382316,21.00382316,          25P    393
21.56009693,21.56009693,21.56009693,22.56009693,22.56009693,          25P    394
22.56009693,23.56009693,23.56009693,23.56009693,24.56009693,          25P    395
24.56009693,24.56009693,25.56009693,25.56009693,25.56009693,          25P    396
26.56009693,26.56009693,27.56401974,27.56401974,27.56401974,          25P    397
28.56401974,28.56401974,28.96442368,28.96442368,29.4948514,           25P    398
29.4948514,29.4948514,30.4948514,30.4948514,30.4948514,               25P    399
31.4948514,31.4948514,31.4948514,32.4948514,32.4948514,               25P    400
32.4948514,33.4948514,33.4948514,33.4948514,34.4948514,               25P    401
34.4948514,34.4948514,35.4948514,35.4948514,35.4948514,               25P    402
36.4948514,36.4948514,36.99676431,36.99676431,37.66568363,            25P    403
37.66568363,38.73417641,38.73417641,39.3081528,39.3081528,            25P    404
40.21725029,40.21725029,41.58603225,41.58603225,42.21423504,          25P    405
42.21423504,43.04935457,43.04935457,43.68157698,43.68157698,          25P    406
44.51320444,44.51320444,45.15021261,45.15021261,45.9773064,           25P    407
45.9773064,45.9773064,45.9773064,1.,1.,1.,1.,1.,1.,1.,1.,1.,1.,       25P    408
1.,1.,1.,1.,1.,1.,1.,1.,1.,1.,1.,1.,1.,1.,1.,1.,1.,1.,1.,1.,1.,       25P    409
1.,1.,1.,1.,1.,1.,1.,1.,1.,1.,1.,1.,1.,1.,1.,1.,1.,1.,1.,1.,1.,       25P    410
1.,1.,1.,1.,1.,1.,1.,1.,1.,1.,1.,1.,1.,1.,1.,1.,1.,1.,1.,1.,1.,       25P    411
1.,1.,1.,1.,1.,1.,1.,1.,1.,1.,1.,1.,1.,1.,1.,1.,1.,1.,1.,1.,1.,       25P    412
1.,1.,1.,1.,1.,1.,1.,1.,1.,1.,1.,1.,1.,1.,1.,1.,1.,1.,-31.83165,      25P    413
29.58672,-1.136868D-013,-31.83104,29.58849,-0.1262811,-31.82698,      25P    414
29.58745,-0.2526492,-31.80861,29.59122,-0.5043836,-31.79536,          25P    415
29.59302,-0.6298956,-31.74302,29.60149,-1.004858,-31.69207,           25P    416
29.60931,-1.252598,-31.55699,29.62877,-1.758595,-31.47081,            25P    417
29.64009,-2.016406,-31.31624,29.65881,-2.402412,-31.25827,            25P    418
29.6655,-2.534987,-31.13407,29.68067,-2.79579,-31.06793,              25P    419
29.68827,-2.924324,-30.92742,29.70616,-3.176399,-30.85315,            25P    420
29.71521,-3.300376,-30.69645,29.73647,-3.54273,-30.61405,             25P    421
29.74735,-3.661611,-30.44245,29.77251,-3.891427,-30.35325,            25P    422
29.78535,-4.003003,-30.16783,29.81509,-4.218449,-30.07142,            25P    423
29.83041,-4.32299,-29.87201,29.8656,-4.523548,-29.76867,              25P    424
29.88391,-4.620247,-29.55592,29.92528,-4.804445,-29.44601,            25P    425
29.94729,-4.892463,-29.22067,29.9953,-5.058996,-29.10469,             25P    426
30.02233,-5.137374,-28.8675,30.07648,-5.2854,-28.74628,30.11196,      25P    427
-5.352664,-28.62231,30.13951,-5.417571,-28.51139,30.17272,            25P    428
-5.473552,-28.39853,30.20494,-5.526174,-28.28389,30.23675,            25P    429
-5.574975,-28.17058,30.27477,-5.621928,-28.0555,30.31175,             25P    430
-5.66549,-27.93914,30.34879,-5.705152,-27.70732,30.42948,             25P    431
-5.782968,-27.47141,30.51325,-5.844975,-27.11422,30.64396,            25P    432
-5.91445,-26.99469,30.68896,-5.933807,-26.73956,30.77829,             25P    433
-5.967327,-26.60461,30.82467,-5.980332,-26.46938,30.87113,            25P    434
-5.988651,-26.40309,30.89734,-5.992624,-26.33665,30.92332,            25P    435
-5.995554,-26.27005,30.94896,-5.997444,-26.20619,30.98061,            25P    436
-5.999147,-26.14215,31.01196,-5.999999,-26.07796,31.043,-6.,          25P    437
-26.00703,31.08722,-6.000002,-25.93647,31.13204,-5.998147,            25P    438
-25.86636,31.17741,-5.994439,-25.79996,31.22812,-5.991203,            25P    439
-25.73388,31.27916,-5.98656,-25.66818,31.33053,-5.980518,             25P    440
-25.57322,31.41344,-5.97249,-25.47718,31.49482,-5.961118,             25P    441
-25.29407,31.668,-5.936756,-25.19972,31.75138,-5.921113,              25P    442
-25.10782,31.83698,-5.903531,-24.91722,32.00386,-5.866182,            25P    443
-24.72374,32.16268,-5.810921,-24.46722,32.39799,-5.725283,            25P    444
-24.39304,32.46301,-5.697387,-24.22524,32.61906,-5.632048,            25P    445
-24.12767,32.70186,-5.586223,-24.03374,32.7882,-5.539935,             25P    446
-23.96203,32.8481,-5.501441,-23.89161,32.90825,-5.46092,              25P    447
-23.82243,32.96846,-5.418487,-23.7521,33.02334,-5.370906,             25P    448
-23.6835,33.07841,-5.321015,-23.61658,33.1336,-5.269069,              25P    449
-23.56006,33.17491,-5.220595,-23.50512,33.21637,-5.170418,            25P    450
-23.45168,33.2579,-5.118752,-23.399,33.29431,-5.063061,               25P    451
-23.34815,33.33087,-5.005743,-23.299,33.3675,-4.94705,-23.25112,      25P    452
33.39898,-4.884488,-23.20524,33.43061,-4.820482,-23.16116,            25P    453
33.4623,-4.755295,-23.11886,33.48866,-4.686349,-23.07857,             25P    454
33.51526,-4.616247,-23.04018,33.54177,-4.54512,-22.97761,             25P    455
33.57887,-4.417054,-22.91887,33.6202,-4.287994,-22.84829,             25P    456
33.66229,-4.082238,-22.82363,33.68091,-4.014993,-22.77836,            25P    457
33.70641,-3.850067,-22.7519,33.72586,-3.757041,-22.69839,             25P    458
33.75749,-3.508056,-22.67044,33.77638,-3.354069,-22.63737,            25P    459
33.79751,-3.114649,-22.62509,33.80775,-3.031471,-22.60034,            25P    460
33.82625,-2.814654,-22.58763,33.83702,-2.681481,-22.56021,            25P    461
33.86327,-2.347284,-22.55037,33.8742,-2.145639,-22.53904,             25P    462
33.89041,-1.851479,-22.53686,33.89404,-1.758806,-22.53189,            25P    463
33.9036,-1.543031,-22.53108,33.9068,-1.419763,-22.52943,              25P    464
33.91368,-1.203254,-22.52868,33.91701,-1.109981,-22.52841,            25P    465
33.92259,-0.8939278,-22.53014,33.92296,-0.7711427,-22.53165,          25P    466
33.92554,-0.55437,-22.53029,33.92968,-0.4603671,-22.53181,            25P    467
33.93085,-0.2441985,-22.53245,33.93116,-0.1220803,-22.53439,          25P    468
33.92809,-1.136868D-013,0.,45.9773064,0.,0.,0.;                       25P    469
126,33,3,1,0,1,0,0.,0.,0.,0.,1.,1.,1.990607398,1.990607398,           27P    470
2.478644346,2.478644346,2.725943971,2.725943971,2.912703351,          27P    471
2.912703351,3.092257938,3.092257938,3.26803,3.26803,3.631195577,      27P    472
3.631195577,3.964985499,3.964985499,4.324911455,4.324911455,          27P    473
4.669149131,4.669149131,5.041929563,5.041929563,5.220227538,          27P    474
5.220227538,5.416371949,5.416371949,5.857074387,5.857074387,          27P    475
6.764352675,6.764352675,6.764352675,6.764352675,1.,1.,1.,1.,1.,       27P    476
1.,1.,1.,1.,1.,1.,1.,1.,1.,1.,1.,1.,1.,1.,1.,1.,1.,1.,1.,1.,1.,       27P    477
1.,1.,1.,1.,1.,1.,1.,1.,-22.53439,33.92809,-1.136868D-013,            27P    478
-20.33713,37.42074,-1.136868D-013,-17.52088,40.5206,                  27P    479
-1.136868D-013,-11.03093,45.5541,-1.136868D-013,-7.367205,            27P    480
47.49791,-1.136868D-013,-1.56461,49.38326,-1.136868D-013,             27P    481
0.4025921,49.84398,-1.136868D-013,3.405543,50.27831,                  27P    482
-1.136868D-013,4.421369,50.38218,-1.136868D-013,6.209432,             27P    483
50.48418,-1.136868D-013,6.980127,50.50666,-1.136868D-013,             27P    484
8.491524,50.48936,-1.136868D-013,9.231658,50.43256,                   27P    485
-1.136868D-013,10.68427,50.23447,-1.136868D-013,11.39672,             27P    486
50.09196,-1.136868D-013,13.5472,49.5261,-1.136868D-013,14.94747,      27P    487
48.96062,-1.136868D-013,17.45878,47.55979,-1.136868D-013,             27P    488
18.58389,46.7502,-1.136868D-013,20.702,44.82517,-1.136868D-013,       27P    489
21.67744,43.69073,-1.136868D-013,23.28625,41.27148,                   27P    490
-1.136868D-013,23.93207,39.99553,-1.136868D-013,24.94484,             27P    491
37.21579,-1.136868D-013,25.2829,35.70262,-1.136868D-013,              27P    492
25.49121,33.43838,-1.136868D-013,25.51241,32.70231,                   27P    493
-1.136868D-013,25.47365,31.15757,-1.136868D-013,25.41055,             27P    494
30.35126,-1.136868D-013,25.06259,27.74499,-1.136868D-013,             27P    495
24.60659,25.97793,-1.136868D-013,22.67398,20.7586,                    27P    496
-1.136868D-013,20.66842,17.54199,-1.136868D-013,18.35199,             27P    497
14.61236,-1.136868D-013,0.,6.764352675,-3.774043D-031,                27P    498
-7.934668D-033,-1.;                                                   27P    499
126,173,3,0,0,1,0,0.,0.,0.,0.,1.,1.,1.999471583,1.999471583,          29P    500
1.999471583,2.999471583,2.999471583,2.999471583,3.999471583,          29P    501
3.999471583,3.999471583,4.999471583,4.999471583,6.044452934,          29P    502
6.044452934,7.057947761,7.057947761,8.070090216,8.070090216,          29P    503
8.745611472,8.745611472,9.588235845,9.588235845,10.40347155,          29P    504
10.40347155,11.11874413,11.11874413,11.68998518,11.68998518,          29P    505
12.40301715,12.40301715,13.02393843,13.02393843,13.61776993,          29P    506
13.61776993,13.61776993,14.61776993,14.61776993,14.61776993,          29P    507
15.61776993,15.61776993,15.61776993,16.61776993,16.61776993,          29P    508
16.61776993,17.61776993,17.61776993,17.61776993,18.61776993,          29P    509
18.61776993,18.61776993,19.61776993,19.61776993,19.61776993,          29P    510
20.61776993,20.61776993,20.61776993,21.61776993,21.61776993,          29P    511
21.61776993,22.61776993,22.61776993,22.61776993,23.61776993,          29P    512
23.61776993,23.61776993,24.61776993,24.61776993,24.61776993,          29P    513
25.61776993,25.61776993,26.625572,26.625572,26.625572,27.625572,      29P    514
27.625572,27.625572,28.625572,28.625572,28.625572,29.625572,          29P    515
29.625572,29.625572,30.625572,30.625572,31.50150515,31.50150515,      29P    516
32.3342432,32.3342432,33.16804625,33.16804625,34.00237226,            29P    517
34.00237226,34.83342209,34.83342209,35.6640134,35.6640134,            29P    518
36.49385279,36.49385279,37.32032498,37.32032498,38.1470343,           29P    519
38.1470343,38.97601677,38.97601677,39.83892935,39.83892935,           29P    520
40.80691789,40.80691789,41.77522096,41.77522096,42.74198305,          29P    521
42.74198305,43.70985144,43.70985144,44.67852852,44.67852852,          29P    522
45.66077199,45.66077199,46.68638726,46.68638726,47.71286711,          29P    523
47.71286711,49.76736027,49.76736027,51.84681175,51.84681175,          29P    524
52.89358455,52.89358455,53.94625686,53.94625686,55.01647429,          29P    525
55.01647429,55.88429288,55.88429288,56.68426692,56.68426692,          29P    526
57.41556813,57.41556813,58.12066783,58.12066783,58.99848777,          29P    527
58.99848777,58.99848777,59.99848777,59.99848777,59.99848777,          29P    528
60.99848777,60.99848777,60.99848777,61.99848777,61.99848777,          29P    529
63.14893452,63.14893452,64.50107403,64.50107403,65.21541872,          29P    530
65.21541872,66.17953155,66.17953155,67.67268937,67.67268937,          29P    531
68.54424384,68.54424384,69.83559207,69.83559207,71.94940048,          29P    532
71.94940048,73.01260976,73.01260976,74.43104535,74.43104535,          29P    533
74.43104535,74.43104535,1.,1.,1.,1.,1.,1.,1.,1.,1.,1.,1.,1.,1.,       29P    534
1.,1.,1.,1.,1.,1.,1.,1.,1.,1.,1.,1.,1.,1.,1.,1.,1.,1.,1.,1.,1.,       29P    535
1.,1.,1.,1.,1.,1.,1.,1.,1.,1.,1.,1.,1.,1.,1.,1.,1.,1.,1.,1.,1.,       29P    536
1.,1.,1.,1.,1.,1.,1.,1.,1.,1.,1.,1.,1.,1.,1.,1.,1.,1.,1.,1.,1.,       29P    537
1.,1.,1.,1.,1.,1.,1.,1.,1.,1.,1.,1.,1.,1.,1.,1.,1.,1.,1.,1.,1.,       29P    538
1.,1.,1.,1.,1.,1.,1.,1.,1.,1.,1.,1.,1.,1.,1.,1.,1.,1.,1.,1.,1.,       29P    539
1.,1.,1.,1.,1.,1.,1.,1.,1.,1.,1.,1.,1.,1.,1.,1.,1.,1.,1.,1.,1.,       29P    540
1.,1.,1.,1.,1.,1.,1.,1.,1.,1.,1.,1.,1.,1.,1.,1.,1.,1.,1.,1.,1.,       29P    541
1.,1.,1.,1.,1.,1.,1.,1.,1.,1.,1.,1.,1.,1.,18.35199,14.61236,          29P    542
-1.136868D-013,18.34699,14.60604,-0.2066714,18.35235,14.60888,        29P    543
-0.413554,18.3578,14.59963,-0.8266936,18.35753,14.58708,              29P    544
-1.033186,18.36798,14.58355,-1.239614,18.369,14.56814,-1.445551,      29P    545
18.3754,14.55499,-1.651564,18.38603,14.54218,-1.857379,18.38937,      29P    546
14.52022,-2.062534,18.39736,14.4991,-2.267707,18.41017,14.47838,      29P    547
-2.472622,18.41442,14.45308,-2.642825,18.4218,14.4278,-2.812982,      29P    548
18.4449,14.37708,-3.160538,18.4513,14.33983,-3.336604,18.48009,       29P    549
14.27582,-3.683904,18.49087,14.23524,-3.853389,18.52807,14.1618,      29P    550
-4.192225,18.5435,14.1158,-4.359725,18.58381,14.04589,-4.638828,      29P    551
18.59755,14.01229,-4.74937,18.63756,13.94065,-4.997475,18.66245,      29P    552
13.89922,-5.13427,18.71286,13.80912,-5.400329,18.74347,13.76644,      29P    553
-5.530562,18.79885,13.67388,-5.770939,18.82818,13.63027,              29P    554
-5.882312,18.88118,13.54404,-6.079327,18.90874,13.5072,               29P    555
-6.166216,18.97124,13.41797,-6.358626,19.01331,13.37148,              29P    556
-6.464157,19.097,13.27953,-6.657187,19.14143,13.23856,-6.745338,      29P    557
19.23442,13.15595,-6.913386,19.28638,13.11874,-6.993168,              29P    558
19.34214,13.08121,-7.070144,19.37738,13.06238,-7.114877,              29P    559
19.41382,13.0433,-7.15863,19.45101,13.0234,-7.201314,19.49153,        29P    560
13.00949,-7.242087,19.53292,12.99499,-7.281787,19.5752,12.97987,      29P    561
-7.320284,19.62148,12.97222,-7.356371,19.6686,12.96403,               29P    562
-7.391264,19.71655,12.95527,-7.42483,19.76515,12.95501,               29P    563
-7.453481,19.81445,12.95433,-7.480963,19.86437,12.95323,              29P    564
-7.507243,19.91531,12.95957,-7.529753,19.9668,12.9656,-7.55114,       29P    565
20.01876,12.97129,-7.571383,20.07139,12.98341,-7.5885,20.12443,       29P    566
12.99528,-7.604555,20.17782,13.00689,-7.619535,20.23151,13.0239,      29P    567
-7.631968,20.28549,13.04072,-7.643409,20.33972,13.05733,              29P    568
-7.65385,20.39387,13.07834,-7.662258,20.44824,13.09913,-7.66978,      29P    569
20.5027,13.11997,-7.676282,20.61154,13.16645,-7.687158,20.71918,      29P    570
13.21642,-7.692516,20.82526,13.27,-7.693002,20.88858,13.30657,        29P    571
-7.691679,20.95172,13.34353,-7.689197,21.01502,13.38005,              29P    572
-7.685951,21.07435,13.42258,-7.680164,21.13368,13.46505,              29P    573
-7.673762,21.1928,13.50767,-7.666673,21.30779,13.59992,               29P    574
-7.650006,21.41938,13.69558,-7.630143,21.63735,13.89367,              29P    575
-7.585865,21.7487,13.99068,-7.562996,21.86246,14.08462,               29P    576
-7.538791,21.92137,14.12867,-7.527231,21.98051,14.17233,              29P    577
-7.515104,22.03931,14.21619,-7.50228,22.1659,14.29452,-7.477767,      29P    578
22.29181,14.37386,-7.452988,22.41703,14.45426,-7.428133,              29P    579
22.54811,14.52478,-7.404553,22.67849,14.5965,-7.380697,22.80826,      29P    580
14.66927,-7.356785,22.91553,14.72176,-7.338296,23.02343,              29P    581
14.77299,-7.319864,23.22254,14.87561,-7.284701,23.31905,              29P    582
14.91635,-7.269036,23.5044,15.00176,-7.237856,23.59379,15.04541,      29P    583
-7.222534,23.77664,15.12431,-7.192628,23.86754,15.16508,              29P    584
-7.177564,24.0488,15.24796,-7.147468,24.14037,15.28741,               29P    585
-7.132575,24.32167,15.36948,-7.102722,24.41184,15.41109,              29P    586
-7.087843,24.59182,15.495,-7.058151,24.68134,15.53788,-7.04333,       29P    587
24.85995,15.62436,-7.013767,24.94795,15.67015,-6.999011,              29P    588
25.12326,15.76211,-6.96972,25.21111,15.80738,-6.955092,25.3816,       29P    589
15.90749,-6.92625,25.46645,15.95817,-6.911969,25.63654,16.05962,      29P    590
-6.883336,25.71728,16.11749,-6.86961,25.88389,16.23247,               29P    591
-6.841634,25.96929,16.29069,-6.827293,26.14143,16.42674,              29P    592
-6.798763,26.23252,16.49853,-6.783831,26.41309,16.6444,-6.75433,      29P    593
26.50026,16.72124,-6.740395,26.67446,16.87469,-6.712638,              29P    594
26.76156,16.95133,-6.698664,26.92936,17.112,-6.672554,27.01288,       29P    595
17.19283,-6.659566,27.17861,17.35599,-6.633583,27.25858,              29P    596
17.44066,-6.621432,27.41895,17.61165,-6.596823,27.50059,              29P    597
17.69693,-6.583539,27.65694,17.88106,-6.560491,27.73853,              29P    598
17.97354,-6.547393,27.89377,18.16552,-6.52402,27.96936,18.26331,      29P    599
-6.512951,28.19474,18.55769,-6.478396,28.33799,18.75949,              29P    600
-6.457002,28.62342,19.16653,-6.407686,28.76156,19.37504,              29P    601
-6.38232,28.96324,19.69178,-6.340676,29.02877,19.79918,               29P    602
-6.327183,29.16388,20.01108,-6.292073,29.22958,20.11856,              29P    603
-6.274469,29.36414,20.33278,-6.231348,29.43139,20.44037,              29P    604
-6.206745,29.55096,20.63633,-6.159817,29.60606,20.72122,              29P    605
-6.132723,29.70774,20.88807,-6.083016,29.75912,20.96287,              29P    606
-6.04977,29.85162,21.11254,-5.992578,29.89828,21.17711,               29P    607
-5.954197,29.98445,21.31087,-5.885513,30.02814,21.36891,              29P    608
-5.840796,30.12081,21.50656,-5.746839,30.17222,21.57168,              29P    609
-5.680101,30.22008,21.6417,-5.61738,30.25857,21.69149,-5.561938,      29P    610
30.29541,21.74075,-5.505012,30.3308,21.78897,-5.446276,30.36582,      29P    611
21.83176,-5.383461,30.39926,21.87415,-5.319316,30.43099,              29P    612
21.91465,-5.253411,30.48102,21.97185,-5.142379,30.52622,              29P    613
22.02386,-5.027007,30.61295,22.11682,-4.767177,30.65445,              29P    614
22.16416,-4.626047,30.7354,22.25652,-4.312674,30.77305,22.29997,      29P    615
-4.14021,30.82435,22.36138,-3.874128,30.8401,22.37843,-3.780912,      29P    616
30.87655,22.42391,-3.562933,30.89442,22.44361,-3.435975,              29P    617
30.93746,22.49637,-3.112821,30.95916,22.52231,-2.914816,              29P    618
30.98853,22.55757,-2.600352,30.9977,22.56708,-2.483939,31.02132,      29P    619
22.60054,-2.196061,31.03169,22.61149,-2.023203,31.05685,              29P    620
22.64423,-1.56744,31.0682,22.66022,-1.284102,31.07849,22.67165,       29P    621
-0.8573771,31.08255,22.68035,-0.7148057,31.08568,22.6805,             29P    622
-0.3811996,31.08766,22.68507,-0.1906694,31.08797,22.68629,            29P    623
-1.136868D-013,0.,74.43104535,0.,0.,0.;                               29P    624
126,71,3,1,0,1,0,0.,0.,0.,0.,1.,1.,1.164479374,1.164479374,           31P    625
1.465028491,1.465028491,1.707333555,1.707333555,1.935909396,          31P    626
1.935909396,2.116178745,2.116178745,2.28740523,2.28740523,            31P    627
2.633394928,2.633394928,2.965077917,2.965077917,3.229931763,          31P    628
3.229931763,3.479375371,3.479375371,3.674948606,3.674948606,          31P    629
3.856052215,3.856052215,4.136899744,4.136899744,4.342895626,          31P    630
4.342895626,4.545663339,4.545663339,4.762321408,4.762321408,          31P    631
5.021070946,5.021070946,5.078764921,5.078764921,5.161402797,          31P    632
5.161402797,5.270445548,5.270445548,5.482955393,5.482955393,          31P    633
5.713547124,5.713547124,5.958911045,5.958911045,6.075024986,          31P    634
6.075024986,6.203852625,6.203852625,6.319865215,6.319865215,          31P    635
6.384517518,6.384517518,6.465369304,6.465369304,6.798360942,          31P    636
6.798360942,7.127588735,7.127588735,7.777559433,7.777559433,          31P    637
9.098730126,9.098730126,10.41784562,10.41784562,11.74871692,          31P    638
11.74871692,11.74871692,11.74871692,1.,1.,1.,1.,1.,1.,1.,1.,1.,       31P    639
1.,1.,1.,1.,1.,1.,1.,1.,1.,1.,1.,1.,1.,1.,1.,1.,1.,1.,1.,1.,1.,       31P    640
1.,1.,1.,1.,1.,1.,1.,1.,1.,1.,1.,1.,1.,1.,1.,1.,1.,1.,1.,1.,1.,       31P    641
1.,1.,1.,1.,1.,1.,1.,1.,1.,1.,1.,1.,1.,1.,1.,1.,1.,1.,1.,1.,1.,       31P    642
31.08797,22.68629,-1.136868D-013,31.87799,25.80208,                   31P    643
-1.136868D-013,32.46838,28.99054,-1.136868D-013,32.50314,             31P    644
32.74429,-1.136868D-013,32.50008,33.27169,-1.136868D-013,             31P    645
32.49253,34.76674,-1.136868D-013,32.48508,35.73301,                   31P    646
-1.136868D-013,32.45709,37.47807,-1.136868D-013,32.44287,             31P    647
38.25697,-1.136868D-013,32.40274,39.77033,-1.136868D-013,             31P    648
32.38147,40.50492,-1.136868D-013,32.33141,41.81841,                   31P    649
-1.136868D-013,32.30831,42.39753,-1.136868D-013,32.25329,             31P    650
43.52626,-1.136868D-013,32.22411,44.07598,-1.136868D-013,             31P    651
32.12789,45.73606,-1.136868D-013,32.04649,46.84559,                   31P    652
-1.136868D-013,31.85529,49.01588,-1.136868D-013,31.74328,             31P    653
50.07663,-1.136868D-013,31.49834,51.97878,-1.136868D-013,             31P    654
31.37332,52.82141,-1.136868D-013,31.08649,54.44978,                   31P    655
-1.136868D-013,30.92715,55.23645,-1.136868D-013,30.5887,              31P    656
56.62653,-1.136868D-013,30.42113,57.23376,-1.136868D-013,             31P    657
30.0453,58.38462,-1.136868D-013,29.84077,58.93283,                    31P    658
-1.136868D-013,29.22808,60.2842,-1.136868D-013,28.76862,              31P    659
61.07899,-1.136868D-013,27.69395,62.22349,-1.136868D-013,             31P    660
27.14286,62.61928,-1.136868D-013,25.90739,63.08835,                   31P    661
-1.136868D-013,25.24486,63.16103,-1.136868D-013,23.89609,             31P    662
63.07604,-1.136868D-013,23.21082,62.91856,-1.136868D-013,             31P    663
21.75087,62.46247,-1.136868D-013,20.979,62.14308,-1.136868D-013,      31P    664
20.04955,61.72901,-1.136868D-013,19.88029,61.65194,                   31P    665
-1.136868D-013,19.47027,61.46221,-1.136868D-013,19.22934,             31P    666
61.34934,-1.136868D-013,18.67214,61.08412,-1.136868D-013,             31P    667
18.35567,60.93216,-1.136868D-013,17.42347,60.48196,                   31P    668
-1.136868D-013,16.80681,60.18555,-1.136868D-013,15.51328,             31P    669
59.58403,-1.136868D-013,14.8342,59.28347,-1.136868D-013,              31P    670
13.41401,58.70807,-1.136868D-013,12.67078,58.43797,                   31P    671
-1.136868D-013,11.55646,58.10171,-1.136868D-013,11.19563,             31P    672
58.00347,-1.136868D-013,10.42855,57.82016,-1.136868D-013,             31P    673
10.02167,57.73802,-1.136868D-013,9.243121,57.61402,                   31P    674
-1.136868D-013,8.872013,57.56909,-1.136868D-013,8.292064,             31P    675
57.52344,-1.136868D-013,8.084173,57.51209,-1.136868D-013,             31P    676
7.615858,57.49764,-1.136868D-013,7.355501,57.50047,                   31P    677
-1.136868D-013,6.023069,57.48785,-1.136868D-013,4.951456,             31P    678
57.43625,-1.136868D-013,2.82716,57.25239,-1.136868D-013,              31P    679
1.774833,57.1202,-1.136868D-013,-1.336545,56.60981,                   31P    680
-1.136868D-013,-3.375162,56.11318,-1.136868D-013,-9.412364,           31P    681
54.15469,-1.136868D-013,-13.25291,52.21394,-1.136868D-013,            31P    682
-20.17098,47.27354,-1.136868D-013,-23.2475,44.27496,                  31P    683
-1.136868D-013,-28.37797,37.45725,-1.136868D-013,-30.42082,           31P    684
33.63308,-1.136868D-013,-31.83165,29.58672,-1.136868D-013,0.,         31P    685
11.74871692,0.,-8.387259D-033,1.;                                     31P    686
126,5,3,1,0,1,0,0.,0.,0.,0.,1.,1.,2.000017405,2.000017405,            33P    687
2.000017405,2.000017405,1.,1.,1.,1.,1.,1.,18.35199,14.61236,          33P    688
-1.136868D-013,17.81508,13.93129,-1.136868D-013,17.09677,             33P    689
13.39638,-1.136868D-013,15.48738,12.75087,-1.136868D-013,             33P    690
14.5985,12.64119,-1.136868D-013,13.73976,12.7625,-1.136868D-013,      33P    691
0.,2.000017405,0.,0.,-1.;                                             33P    692
126,15,3,1,0,1,0,0.,0.,0.,0.,1.,1.,1.500645403,1.500645403,           35P    693
2.050222415,2.050222415,2.573247505,2.573247505,3.097853967,          35P    694
3.097853967,3.623377066,3.623377066,4.200770368,4.200770368,          35P    695
4.200770368,4.200770368,1.,1.,1.,1.,1.,1.,1.,1.,1.,1.,1.,1.,1.,       35P    696
1.,1.,1.,37.98103,16.89661,-1.136868D-013,37.17028,16.53157,          35P    697
-1.136868D-013,36.26105,16.38994,-1.136868D-013,34.93536,             35P    698
16.53989,-1.136868D-013,34.49995,16.64831,-1.136868D-013,             35P    699
33.63247,16.99372,-1.136868D-013,33.20534,17.2411,                    35P    700
-1.136868D-013,32.45902,17.83468,-1.136868D-013,32.13581,18.175,      35P    701
-1.136868D-013,31.59464,18.93302,-1.136868D-013,31.37715,             35P    702
19.3506,-1.136868D-013,31.06562,20.23067,-1.136868D-013,              35P    703
30.97186,20.69295,-1.136868D-013,30.91316,21.67169,                   35P    704
-1.136868D-013,30.96175,22.18872,-1.136868D-013,31.08797,             35P    705
22.68629,-1.136868D-013,0.,4.200770368,0.,0.,-1.;                     35P    706
126,5,3,1,0,1,0,0.,0.,0.,0.,1.,1.,2.222264551,2.222264551,            37P    707
2.222264551,2.222264551,1.,1.,1.,1.,1.,1.,-31.83165,29.58672,         37P    708
-1.136868D-013,-32.07897,28.87562,-1.136868D-013,-32.49078,           37P    709
28.22349,-1.136868D-013,-33.67555,27.04265,-1.136868D-013,            37P    710
-34.50922,26.57805,-1.136868D-013,-35.40535,26.36866,                 37P    711
-1.136868D-013,0.,2.222264551,0.,0.,-1.;                              37P    712
126,9,3,1,0,1,0,0.,0.,0.,0.,1.,1.,2.000067812,2.000067812,            39P    713
3.000135623,3.000135623,4.000135489,4.000135489,4.000135489,          39P    714
4.000135489,1.,1.,1.,1.,1.,1.,1.,1.,1.,1.,-19.57808,26.42826,         39P    715
-1.136868D-013,-20.33429,26.62645,-1.136868D-013,-21.04086,           39P    716
27.00649,-1.136868D-013,-22.20969,28.04451,-1.136868D-013,            39P    717
-22.66904,28.70227,-1.136868D-013,-23.24233,30.15662,                 39P    718
-1.136868D-013,-23.35534,30.9509,-1.136868D-013,-23.20917,            39P    719
32.50726,-1.136868D-013,-22.95197,33.26721,-1.136868D-013,            39P    720
-22.53439,33.92809,-1.136868D-013,0.,4.000135489,0.,0.,-1.;           39P    721
126,3,3,1,0,1,0,0.,0.,0.,0.,1.,1.,1.,1.,1.,1.,1.,1.,-52.49982,        41P    722
17.49904,-1.782502D-006,-59.16649,17.49904,-1.782502D-006,            41P    723
-65.83315,17.49904,-1.782502D-006,-72.49982,17.49904,                 41P    724
-1.782502D-006,0.,1.,0.,-1.,0.;                                       41P    725
126,17,3,1,0,1,0,0.,0.,0.,0.,1.,1.,2.022734188,2.022734188,           43P    726
3.044670586,3.044670586,4.045548158,4.045548158,5.017824736,          43P    727
5.017824736,6.039161292,6.039161292,7.06173211,7.06173211,            43P    728
8.091198549,8.091198549,8.091198549,8.091198549,1.,1.,1.,1.,1.,       43P    729
1.,1.,1.,1.,1.,1.,1.,1.,1.,1.,1.,1.,1.,-72.49982,17.49904,            43P    730
-1.782502D-006,-72.49982,17.50644,-3.883788,-72.49982,16.7459,        43P    731
-7.766796,-72.49982,13.77041,-15.0374,-72.49982,11.52195,             43P    732
-18.40527,-72.49982,5.907873,-24.02017,-72.49982,2.542362,            43P    733
-26.26583,-72.49982,-4.726355,-29.24647,-72.49982,-8.613669,          43P    734
-30.00162,-72.49982,-16.27528,-30.0015,-72.49982,-20.05138,           43P    735
-29.28921,-72.49982,-27.24795,-26.43308,-72.49982,-30.63575,          43P    736
-24.22564,-72.49982,-36.31114,-18.67734,-72.49982,-38.59639,          43P    737
-15.3353,-72.49982,-41.70046,-7.995383,-72.49982,-42.50668,           43P    738
-3.997976,-72.49982,-42.49904,-1.782502D-006,0.,8.091198549,-1.,      43P    739
1.792868D-016,0.;                                                     43P    740
126,3,3,1,0,1,0,0.,0.,0.,0.,1.,1.,1.,1.,1.,1.,1.,1.,-72.49982,        45P    741
-42.49904,-1.782502D-006,-65.83315,-42.49904,-1.782502D-006,          45P    742
-59.16649,-42.49904,-1.782502D-006,-52.49982,-42.49904,               45P    743
-1.782502D-006,0.,1.,0.,1.,0.;                                        45P    744
126,6,3,1,0,1,0,0.,0.,0.,0.,1.,1.,1.,2.,2.,2.,2.,1.,1.,1.,1.,1.,      47P    745
1.,1.,47.50018,22.5,-6.322462D-005,55.83339,22.49995,                 47P    746
-7.534913D-005,64.16661,22.4999,-8.747364D-005,72.49982,              47P    747
22.49984,-9.959815D-005,72.49982,22.4999,-9.959814D-005,              47P    748
72.49982,22.49995,-9.959812D-005,72.49982,22.5,-9.95981D-005,0.,      47P    749
2.,1.45496D-006,-3.13724D-007,1.;                                     47P    750
126,9,3,1,0,1,0,0.,0.,0.,0.,1.,1.,1.,2.,2.,2.,3.,3.,3.,3.,1.,1.,      49P    751
1.,1.,1.,1.,1.,1.,1.,1.,72.49982,22.5,-9.95981D-005,72.49982,         49P    752
42.5,-9.332362D-005,72.49982,62.5,-8.704914D-005,72.49982,82.5,       49P    753
-8.077466D-005,24.16661,82.5,-1.045175D-005,-24.16661,82.5,           49P    754
5.987116D-005,-72.49982,82.5,0.0001301941,-72.49982,60.83301,         49P    755
0.0001233966,-72.49982,39.16603,0.0001165992,-72.49982,17.49904,      49P    756
0.0001098017,0.,3.,1.45496D-006,-3.13724D-007,1.;                     49P    757
126,51,3,0,0,1,0,0.,0.,0.,0.,1.,1.,2.494691869,2.494691869,           51P    758
3.984591466,3.984591466,5.471072198,5.471072198,6.955087395,          51P    759
6.955087395,8.437249343,8.437249343,11.6419186,11.6419186,            51P    760
18.62618618,18.62618618,27.37891084,27.37891084,36.35064044,          51P    761
36.35064044,45.72193087,45.72193087,55.12523166,55.12523166,          51P    762
59.65184402,59.65184402,61.92136524,61.92136524,63.05732228,          51P    763
63.05732228,64.57302239,64.57302239,66.84865355,66.84865355,          51P    764
68.97854674,68.97854674,73.0573709,73.0573709,81.57456172,            51P    765
81.57456172,89.66825399,89.66825399,97.36298332,97.36298332,          51P    766
104.9745083,104.9745083,112.7669034,112.7669034,130.2656874,          51P    767
130.2656874,130.2656874,130.2656874,1.,1.,1.,1.,1.,1.,1.,1.,1.,       51P    768
1.,1.,1.,1.,1.,1.,1.,1.,1.,1.,1.,1.,1.,1.,1.,1.,1.,1.,1.,1.,1.,       51P    769
1.,1.,1.,1.,1.,1.,1.,1.,1.,1.,1.,1.,1.,1.,1.,1.,1.,1.,1.,1.,1.,       51P    770
1.,72.49982,-57.49847,-5.977553D-006,72.50344,-57.49931,              51P    771
-0.3025805,72.50016,-57.49483,-0.6051835,72.5015,-57.46795,           51P    772
-1.35955,72.50071,-57.43896,-1.811057,72.50104,-57.35544,             51P    773
-2.710266,72.50079,-57.30115,-3.157957,72.50085,-57.1683,             51P    774
-4.048704,72.50079,-57.08977,-4.491696,72.50077,-56.9096,             51P    775
-5.372294,72.50072,-56.8078,-5.809656,72.50067,-56.58243,             51P    776
-6.678505,72.50069,-56.45821,-7.109184,72.50056,-56.03347,            51P    777
-8.462647,72.50056,-55.69148,-9.370377,72.50036,-54.46597,            51P    778
-12.20039,72.50029,-53.40137,-14.03753,72.50004,-50.65506,            51P    779
-17.92659,72.50009,-48.88252,-19.91252,72.49964,-44.94977,            51P    780
-23.55554,72.49965,-42.78348,-25.20753,72.49963,-38.11791,            51P    781
-28.20767,72.49947,-35.60312,-29.53619,72.49934,-30.38948,            51P    782
-31.78298,72.49928,-27.68992,-32.70528,72.49913,-23.60789,            51P    783
-33.7452,72.4991,-22.26806,-34.03132,72.499,-20.24293,-34.38139,      51P    784
72.49904,-19.56423,-34.48462,72.4989,-18.54323,-34.61916,             51P    785
72.49908,-18.20216,-34.66052,72.49869,-17.40519,-34.74904,            51P    786
72.4992,-16.94892,-34.79338,72.49845,-15.80637,-34.8886,72.4993,      51P    787
-15.11934,-34.93145,72.4983,-13.78825,-34.98633,72.49906,             51P    788
-13.14404,-34.99995,72.50024,-11.26664,-35.00209,72.49966,            51P    789
-10.03266,-34.95251,72.49989,-6.237278,-34.63498,72.4998,             51P    790
-3.688057,-34.18411,72.49997,1.138204,-32.78886,72.49971,             51P    791
3.421094,-31.86594,72.49976,7.609061,-29.56934,72.49979,              51P    792
9.528598,-28.22972,72.49985,13.00375,-25.16894,72.49979,              51P    793
14.55591,-23.45066,72.4998,17.28449,-19.67258,72.49982,18.45549,      51P    794
-17.61484,72.49981,21.52043,-10.60117,72.49983,22.50598,              51P    795
-5.285696,72.49982,22.5,-1.136868D-013,0.,130.2656874,0.,0.,0.;       51P    796
126,3,3,1,0,1,0,0.,0.,0.,0.,1.,1.,1.,1.,1.,1.,1.,1.,57.49982,         53P    797
-57.49847,-5.977553D-006,62.49982,-57.49847,-5.977553D-006,           53P    798
67.49982,-57.49847,-5.977553D-006,72.49982,-57.49847,                 53P    799
-5.977553D-006,0.,1.,0.,1.,0.;                                        53P    800
126,9,3,1,0,1,0,0.,0.,0.,0.,1.,1.,1.,2.,2.,2.,3.,3.,3.,3.,1.,1.,      55P    801
1.,1.,1.,1.,1.,1.,1.,1.,-72.49982,-42.49901,9.097888D-005,            55P    802
-72.49982,-55.83267,8.679579D-005,-72.49982,-69.16634,                55P    803
8.26127D-005,-72.49982,-82.5,7.842961D-005,-24.16661,-82.5,           55P    804
8.106696D-006,24.16661,-82.5,-6.221622D-005,72.49982,-82.5,           55P    805
-0.0001325391,72.49983,-74.16616,-0.0001299246,72.49983,              55P    806
-65.83231,-0.0001273101,72.49982,-57.49847,-0.0001246955,0.,3.,       55P    807
1.45496D-006,-3.13724D-007,1.;                                        55P    808
126,3,3,1,0,1,0,0.,0.,0.,0.,1.,1.,1.,1.,1.,1.,1.,1.,-52.49658,        57P    809
-42.49621,6.187584D-005,-52.49665,-42.49615,6.187595D-005,            57P    810
-52.49671,-42.4961,6.187606D-005,-52.49678,-42.49604,                 57P    811
6.187617D-005,0.,1.,0.,-2.017811D-006,1.;                             57P    812
514,9,61,1,85,1,99,1,113,1,127,1,143,1,157,1,179,1,193,1;             59P    813
510,63,1,1,65;                                                        61P    814
128,18,12,6,6,0,0,1,0,0,1.,1.,1.,1.,1.,1.,1.,2.,2.,2.,2.,2.,2.,       63P    815
3.,3.,3.,3.,3.,3.,4.,4.,4.,4.,4.,4.,4.,1.,1.,1.,1.,1.,1.,1.,2.,       63P    816
2.,2.,2.,2.,2.,3.,3.,3.,3.,3.,3.,3.,1.,1.,1.,1.,1.,1.,1.,1.,1.,       63P    817
1.,1.,1.,1.,1.,1.,1.,1.,1.,1.,1.,1.,1.,1.,1.,1.,1.,1.,1.,1.,1.,       63P    818
1.,1.,1.,1.,1.,1.,1.,1.,1.,1.,1.,1.,1.,1.,1.,1.,1.,1.,1.,1.,1.,       63P    819
1.,1.,1.,1.,1.,1.,1.,1.,1.,1.,1.,1.,1.,1.,1.,1.,1.,1.,1.,1.,1.,       63P    820
1.,1.,1.,1.,1.,1.,1.,1.,1.,1.,1.,1.,1.,1.,1.,1.,1.,1.,1.,1.,1.,       63P    821
1.,1.,1.,1.,1.,1.,1.,1.,1.,1.,1.,1.,1.,1.,1.,1.,1.,1.,1.,1.,1.,       63P    822
1.,1.,1.,1.,1.,1.,1.,1.,1.,1.,1.,1.,1.,1.,1.,1.,1.,1.,1.,1.,1.,       63P    823
1.,1.,1.,1.,1.,1.,1.,1.,1.,1.,1.,1.,1.,1.,1.,1.,1.,1.,1.,1.,1.,       63P    824
1.,1.,1.,1.,1.,1.,1.,1.,1.,1.,1.,1.,1.,1.,1.,1.,1.,1.,1.,1.,1.,       63P    825
1.,1.,1.,1.,1.,1.,1.,1.,1.,1.,1.,1.,1.,1.,1.,1.,1.,1.,1.,1.,1.,       63P    826
1.,1.,1.,1.,1.,1.,1.,1.,1.,1.,1.,1.,1.,1.,1.,1.,1.,1.,1.,1.,1.,       63P    827
1.,1.,1.,1.,1.,1.,1.,1.,1.,1.,1.,1.,1.,1.,1.,1.,1.,1.,1.,1.,1.,       63P    828
1.,1.,1.,1.,1.,1.,1.,-52.49982,-42.5,-1.136868D-013,-49.04368,        63P    829
-45.56478,-1.136868D-013,-45.19974,-48.10255,-1.136868D-013,          63P    830
-41.04568,-50.08413,-1.136868D-013,-36.65921,-51.48034,               63P    831
-1.136868D-013,-32.11803,-52.26203,-1.136868D-013,-27.49982,          63P    832
-52.4,-1.136868D-013,-19.29759,-52.64505,-1.136868D-013,              63P    833
-11.90648,-49.48438,-1.136868D-013,-4.928814,-44.65377,               63P    834
-1.136868D-013,2.033075,-39.88898,-1.136868D-013,9.37685,             63P    835
-36.9258,-1.136868D-013,17.50018,-37.5,-1.136868D-013,24.9508,        63P    836
-38.02665,-1.136868D-013,30.64092,-41.13198,-1.136868D-013,           63P    837
35.65574,-45.72398,-1.136868D-013,41.08043,-50.71066,                 63P    838
-1.136868D-013,48.00018,-55.,-1.136868D-013,57.50018,-57.5,           63P    839
-1.136868D-013,-52.49982,-42.5,-8.284271,-49.04368,-45.56478,         63P    840
-9.130859,-45.19974,-48.10255,-9.832801,-41.04568,-50.08413,          63P    841
-10.3813,-36.65921,-51.48034,-10.76754,-32.11803,-52.26203,           63P    842
-10.98274,-27.49982,-52.4,-11.01808,-19.29759,-52.64505,              63P    843
-11.08085,-11.90648,-49.48438,-10.26948,-4.928814,-44.65377,          63P    844
-9.015029,2.033075,-39.88898,-7.748528,9.37685,-36.9258,              63P    845
-6.901023,17.50018,-37.5,-6.903559,24.9508,-38.02665,-6.905885,       63P    846
30.64092,-41.13198,-7.10071,35.65574,-45.72398,-7.481033,             63P    847
41.08043,-50.71066,-8.039853,48.00018,-55.,-8.77017,57.50018,         63P    848
-57.5,-9.664983,-52.49982,-39.81371,-15.94113,-49.04346,              63P    849
-42.60415,-17.56999,-45.19949,-44.91469,-18.92054,-41.04553,          63P    850
-46.71881,-19.9759,-36.65918,-47.98996,-20.71914,-32.11807,           63P    851
-48.70161,-21.13338,-27.49982,-48.82723,-21.2017,-19.31737,           63P    852
-49.04975,-21.32304,-11.93178,-46.17197,-19.76159,-4.950128,          63P    853
-41.77409,-17.34717,2.020477,-37.43626,-14.9096,9.372945,             63P    854
-34.73865,-13.27869,17.50018,-35.26142,-13.28427,24.54337,            63P    855
-35.71186,-13.28939,30.22445,-38.44486,-13.45275,35.35205,            63P    856
-42.49622,-13.91982,40.73478,-46.90172,-14.83607,47.18128,            63P    857
-50.69715,-16.34696,55.50018,-52.91828,-18.59798,-52.49982,           63P    858
-34.95584,-22.45584,-49.04313,-37.25017,-24.75041,-45.19912,          63P    859
-39.1498,-26.65277,-41.04529,-40.633,-28.13924,-36.65914,             63P    860
-41.67798,-29.18611,-32.11815,-42.263,-29.76969,-27.49982,            63P    861
-42.36627,-29.86627,-19.34704,-42.54821,-30.03713,-11.96972,          63P    862
-40.18207,-27.83723,-4.982099,-36.56667,-24.43574,2.001581,           63P    863
-33.00085,-21.00181,9.367087,-30.78341,-18.70458,17.50018,            63P    864
-31.2132,-18.7132,23.93224,-31.53477,-18.72054,29.59975,              63P    865
-33.66812,-18.86448,34.89652,-36.84435,-19.41465,40.21631,            63P    866
-40.29453,-20.64063,45.95294,-43.24976,-22.81204,52.50018,            63P    867
-44.94113,-26.19848,-52.49982,-28.44113,-27.31371,-49.0428,           63P    868
-30.06986,-30.10487,-45.19875,-31.41839,-32.41869,-41.04506,          63P    869
-32.47129,-34.22651,-36.65909,-33.2131,-35.49966,-32.11822,           63P    870
-33.62838,-36.20946,-27.49982,-33.7017,-36.32723,-19.37671,           63P    871
-33.83033,-36.53444,-12.00766,-32.15053,-33.85825,-5.014072,          63P    872
-29.58416,-29.72077,1.982686,-27.05309,-25.54407,9.36123,             63P    873
-25.47917,-22.75026,17.50018,-25.78427,-22.76142,23.31803,            63P    874
-25.98692,-22.76948,28.79494,-27.4169,-23.26459,34.04127,             63P    875
-29.54146,-24.33429,39.16736,-31.82782,-26.06607,44.28355,            63P    876
-33.7432,-28.54747,49.50018,-34.75483,-31.86599,-52.49982,            63P    877
-20.78427,-30.,-49.04258,-21.63059,-33.06576,-45.19851,               63P    878
-22.33137,-35.6071,-41.04491,-22.87857,-37.59259,-36.65906,           63P    879
-23.26412,-38.99084,-32.11827,-23.47998,-39.77045,-27.49982,          63P    880
-23.51808,-39.9,-19.39649,-23.58493,-40.1273,-12.03296,               63P    881
-22.71197,-37.18769,-5.035388,-21.37828,-32.64316,1.970088,           63P    882
-20.06293,-28.0557,9.357325,-19.245,-24.98732,17.50018,               63P    883
-19.40356,-25.,22.90855,-19.50887,-25.00842,28.2584,-20.1129,         63P    884
-25.71395,33.47111,-21.01712,-27.09122,38.46806,-22.02301,            63P    885
-29.11488,43.17062,-22.93205,-31.7596,47.50018,-23.54569,-35.,        63P    886
-52.49982,-12.5,-30.,-49.04258,-12.5,-33.06576,-45.19851,-12.5,       63P    887
-35.6071,-41.04491,-12.5,-37.59259,-36.65906,-12.5,-38.99084,         63P    888
-32.11827,-12.5,-39.77045,-27.49982,-12.5,-39.9,-19.39649,-12.5,      63P    889
-40.1273,-12.03296,-12.5,-37.18769,-5.035388,-12.5,-32.64316,         63P    890
1.970088,-12.5,-28.0557,9.357325,-12.5,-24.98732,17.50018,-12.5,      63P    891
-25.,22.90855,-12.5,-25.00842,28.2584,-12.5,-25.71395,33.47111,       63P    892
-12.5,-27.09122,38.46806,-12.5,-29.11488,43.17062,-12.5,              63P    893
-31.7596,47.50018,-12.5,-35.,-52.49982,-4.215729,-30.,-49.04258,      63P    894
-3.369141,-33.06576,-45.19851,-2.667372,-35.6071,-41.04491,           63P    895
-2.119092,-37.59259,-36.65906,-1.732976,-38.99084,-32.11827,          63P    896
-1.517694,-39.77045,-27.49982,-1.481919,-39.9,-19.39649,              63P    897
-1.419151,-40.1273,-12.03296,-2.230902,-37.18769,-5.035388,           63P    898
-3.48584,-32.64316,1.970088,-4.752631,-28.0557,9.357325,              63P    899
-5.599943,-24.98732,17.50018,-5.596441,-25.,22.90855,-5.594115,       63P    900
-25.00842,28.2584,-5.17428,-25.71395,33.47111,-4.443658,              63P    901
-27.09122,38.46806,-3.508974,-29.11488,43.17062,-2.476948,            63P    902
-31.7596,47.50018,-1.454305,-35.,-52.49982,3.441125,-27.31371,        63P    903
-49.04258,5.070183,-30.10495,-45.19851,6.420573,-32.41873,            63P    904
-41.04491,7.475607,-34.22644,-36.65906,8.218598,-35.49949,            63P    905
-32.11827,8.632857,-36.20928,-27.49982,8.701697,-36.32723,            63P    906
-19.39649,8.82248,-36.53418,-12.03296,7.260456,-33.85779,             63P    907
-5.035388,4.845624,-29.72019,1.970088,2.407983,-25.54351,             63P    908
9.357325,0.7775324,-22.74988,17.50018,0.7842712,-22.76142,            63P    909
22.90855,0.7887471,-22.76909,28.2584,1.433654,-23.41144,              63P    910
33.47111,2.585853,-24.66539,38.46806,4.112209,-26.50785,              63P    911
43.17062,5.879581,-28.91574,47.50018,7.754834,-31.86599,              63P    912
-52.49982,9.955844,-22.45584,-49.04258,12.25065,-24.75065,            63P    913
-45.19851,14.15291,-26.65291,-41.04491,15.63911,-28.13911,            63P    914
-36.65906,16.68574,-29.18574,-32.11827,17.2693,-29.7693,              63P    915
-27.49982,17.36627,-29.86627,-19.39649,17.53642,-30.03642,            63P    916
-12.03296,15.33603,-27.83603,-5.035388,11.93432,-24.43432,            63P    917
1.970088,8.500483,-21.00048,9.357325,6.203711,-18.70371,              63P    918
17.50018,6.213203,-18.7132,22.90855,6.219508,-18.71951,28.2584,       63P    919
6.950121,-19.24761,33.47111,8.296316,-20.27854,38.46806,              63P    920
10.14937,-21.79331,43.17062,12.40054,-23.77295,47.50018,              63P    921
14.94113,-26.19848,-52.49982,14.81371,-15.94113,-49.04258,            63P    922
17.60495,-17.57018,-45.19851,19.91873,-18.92057,-41.04491,            63P    923
21.72644,-19.97561,-36.65906,22.99949,-20.7186,-32.11827,             63P    924
23.70928,-21.13286,-27.49982,23.82723,-21.2017,-19.39649,             63P    925
24.03418,-21.32248,-12.03296,21.35779,-19.76046,-5.035388,            63P    926
17.22019,-17.34562,1.970088,13.04351,-14.90798,9.357325,              63P    927
10.24988,-13.27753,17.50018,10.26142,-13.28427,22.90855,              63P    928
10.26909,-13.28875,28.2584,11.00145,-13.66364,33.47111,12.39551,      63P    929
-14.39548,38.46806,14.38832,-15.4708,43.17062,16.9169,-16.87612,      63P    930
47.50018,19.91828,-18.59798,-52.49982,17.5,-8.284271,-49.04258,       63P    931
20.56576,-9.130859,-45.19851,23.1071,-9.832628,-41.04491,             63P    932
25.09259,-10.38091,-36.65906,26.49084,-10.76702,-32.11827,            63P    933
27.27045,-10.98231,-27.49982,27.4,-11.01808,-19.39649,27.6273,        63P    934
-11.08085,-12.03296,24.68769,-10.2691,-5.035388,20.14316,             63P    935
-9.01416,1.970088,15.5557,-7.747369,9.357325,12.48732,-6.900057,      63P    936
17.50018,12.5,-6.903559,22.90855,12.50842,-6.905885,28.2584,          63P    937
13.21395,-7.10071,33.47111,14.59122,-7.481033,38.46806,16.61488,      63P    938
-8.039853,43.17062,19.2596,-8.77017,47.50018,22.5,-9.664983,          63P    939
-52.49982,17.5,-1.136868D-013,-49.04258,20.56576,-1.136868D-013,      63P    940
-45.19851,23.1071,-1.136868D-013,-41.04491,25.09259,                  63P    941
-1.136868D-013,-36.65906,26.49084,-1.136868D-013,-32.11827,           63P    942
27.27045,-1.136868D-013,-27.49982,27.4,-1.136868D-013,-19.39649,      63P    943
27.6273,-1.136868D-013,-12.03296,24.68769,-1.136868D-013,             63P    944
-5.035388,20.14316,-1.136868D-013,1.970088,15.5557,                   63P    945
-1.136868D-013,9.357325,12.48732,-1.136868D-013,17.50018,12.5,        63P    946
-1.136868D-013,22.90855,12.50842,-1.136868D-013,28.2584,              63P    947
13.21395,-1.136868D-013,33.47111,14.59122,-1.136868D-013,             63P    948
38.46806,16.61488,-1.136868D-013,43.17062,19.2596,                    63P    949
-1.136868D-013,47.50018,22.5,-1.136868D-013,1.,4.,1.,3.;              63P    950
508,9,0,5,1,1,1,0,67,0,5,2,1,1,1,69,0,5,3,1,1,1,71,0,5,4,1,1,0,       65P    951
73,0,5,5,1,1,1,75,0,5,6,1,1,1,77,0,5,7,1,1,1,79,0,5,8,1,1,1,81,       65P    952
0,5,9,1,1,1,83;                                                       65P    953
126,204,3,1,0,1,0,0.,0.,0.,0.,1.,1.,1.,2.,2.,2.,3.,3.,3.,4.,4.,       67P    954
4.,5.,5.,5.,6.,6.,6.,7.,7.,7.,8.,8.,8.,9.,9.,9.,10.,10.,10.,11.,      67P    955
11.,11.,12.,12.,12.,13.,13.,13.,14.,14.,14.,15.,15.,15.,16.,16.,      67P    956
16.,17.,17.,17.,18.,18.,18.,19.,19.,19.,20.,20.,20.,21.,21.,21.,      67P    957
22.,22.,22.,23.,23.,23.,24.,24.,24.,25.,25.,25.,26.,26.,26.,27.,      67P    958
27.,27.,28.,28.,28.,29.,29.,29.,30.,30.,30.,31.,31.,31.,32.,32.,      67P    959
32.,33.,33.,33.,34.,34.,34.,35.,35.,35.,36.,36.,36.,37.,37.,37.,      67P    960
38.,38.,38.,39.,39.,39.,40.,40.,40.,41.,41.,41.,42.,42.,42.,43.,      67P    961
43.,43.,44.,44.,44.,45.,45.,45.,46.,46.,46.,47.,47.,47.,48.,48.,      67P    962
48.,49.,49.,49.,50.,50.,50.,51.,51.,51.,52.,52.,52.,53.,53.,53.,      67P    963
54.,54.,54.,55.,55.,55.,56.,56.,56.,57.,57.,57.,58.,58.,58.,59.,      67P    964
59.,59.,60.,60.,60.,61.,61.,61.,62.,62.,62.,63.,63.,63.,64.,64.,      67P    965
64.,65.,65.,65.,66.,66.,66.,67.,67.,67.,68.,68.,68.,68.,1.,1.,        67P    966
1.,1.,1.,1.,1.,1.,1.,1.,1.,1.,1.,1.,1.,1.,1.,1.,1.,1.,1.,1.,1.,       67P    967
1.,1.,1.,1.,1.,1.,1.,1.,1.,1.,1.,1.,1.,1.,1.,1.,1.,1.,1.,1.,1.,       67P    968
1.,1.,1.,1.,1.,1.,1.,1.,1.,1.,1.,1.,1.,1.,1.,1.,1.,1.,1.,1.,1.,       67P    969
1.,1.,1.,1.,1.,1.,1.,1.,1.,1.,1.,1.,1.,1.,1.,1.,1.,1.,1.,1.,1.,       67P    970
1.,1.,1.,1.,1.,1.,1.,1.,1.,1.,1.,1.,1.,1.,1.,1.,1.,1.,1.,1.,1.,       67P    971
1.,1.,1.,1.,1.,1.,1.,1.,1.,1.,1.,1.,1.,1.,1.,1.,1.,1.,1.,1.,1.,       67P    972
1.,1.,1.,1.,1.,1.,1.,1.,1.,1.,1.,1.,1.,1.,1.,1.,1.,1.,1.,1.,1.,       67P    973
1.,1.,1.,1.,1.,1.,1.,1.,1.,1.,1.,1.,1.,1.,1.,1.,1.,1.,1.,1.,1.,       67P    974
1.,1.,1.,1.,1.,1.,1.,1.,1.,1.,1.,1.,1.,1.,1.,1.,1.,1.,1.,1.,1.,       67P    975
1.,1.,1.,1.,1.,1.,1.,1.,1.,1.,1.,1.,1.,1.,3.656518,3.,0.,             67P    976
3.65648,2.996156,0.,3.656442,2.992311,0.,3.656405,2.988467,0.,        67P    977
3.65626,2.984609,0.,3.656116,2.980751,0.,3.655971,2.976893,0.,        67P    978
3.655672,2.973026,0.,3.655372,2.969159,0.,3.655073,2.965292,0.,       67P    979
3.65457,2.961419,0.,3.654068,2.957546,0.,3.653565,2.953674,0.,        67P    980
3.652811,2.949799,0.,3.652057,2.945924,0.,3.651303,2.942048,0.,       67P    981
3.650497,2.938776,0.,3.64969,2.935504,0.,3.648884,2.932232,0.,        67P    982
3.64795,2.928963,0.,3.647015,2.925694,0.,3.64608,2.922425,0.,         67P    983
3.644975,2.919173,0.,3.643871,2.915921,0.,3.642766,2.912668,0.,       67P    984
3.641449,2.909446,0.,3.640133,2.906224,0.,3.638816,2.903002,0.,       67P    985
3.637245,2.899823,0.,3.635674,2.896644,0.,3.634103,2.893465,0.,       67P    986
3.632235,2.890342,0.,3.630367,2.88722,0.,3.628499,2.884097,0.,        67P    987
3.626471,2.881248,0.,3.624444,2.878399,0.,3.622416,2.87555,0.,        67P    988
3.620139,2.872786,0.,3.617862,2.870023,0.,3.615586,2.86726,0.,        67P    989
3.61307,2.864588,0.,3.610554,2.861916,0.,3.608038,2.859244,0.,        67P    990
3.605293,2.85667,0.,3.602548,2.854096,0.,3.599803,2.851523,0.,        67P    991
3.596839,2.849054,0.,3.593876,2.846585,0.,3.590912,2.844116,0.,       67P    992
3.58774,2.84176,0.,3.584567,2.839404,0.,3.581394,2.837048,0.,         67P    993
3.577526,2.834497,0.,3.573657,2.831947,0.,3.569788,2.829396,0.,       67P    994
3.565713,2.827007,0.,3.561638,2.824618,0.,3.557563,2.822229,0.,       67P    995
3.55331,2.819991,0.,3.549058,2.817752,0.,3.544805,2.815513,0.,        67P    996
3.540405,2.813414,0.,3.536004,2.811315,0.,3.531604,2.809215,0.,       67P    997
3.526211,2.806897,0.,3.520818,2.804578,0.,3.515425,2.80226,0.,        67P    998
3.509884,2.800131,0.,3.504344,2.798001,0.,3.498803,2.795872,0.,       67P    999
3.493139,2.793914,0.,3.487476,2.791957,0.,3.481813,2.789999,0.,       67P   1000
3.475462,2.788028,0.,3.469111,2.786056,0.,3.462759,2.784085,0.,       67P   1001
3.456311,2.782298,0.,3.449863,2.780512,0.,3.443415,2.778726,0.,       67P   1002
3.436881,2.777111,0.,3.430348,2.775496,0.,3.423815,2.773882,0.,       67P   1003
3.417219,2.772421,0.,3.410624,2.770961,0.,3.404029,2.7695,0.,         67P   1004
3.395436,2.76781,0.,3.386844,2.76612,0.,3.378251,2.76443,0.,          67P   1005
3.369603,2.762916,0.,3.360955,2.761401,0.,3.352307,2.759887,0.,       67P   1006
3.343619,2.758508,0.,3.334932,2.757129,0.,3.326245,2.755749,0.,       67P   1007
3.315904,2.754207,0.,3.305564,2.752666,0.,3.295223,2.751124,0.,       67P   1008
3.284869,2.749658,0.,3.274515,2.748193,0.,3.264161,2.746727,0.,       67P   1009
3.253791,2.745354,0.,3.243422,2.74398,0.,3.233052,2.742607,0.,        67P   1010
3.222666,2.741342,0.,3.212279,2.740078,0.,3.201893,2.738813,0.,       67P   1011
3.191488,2.737673,0.,3.181082,2.736533,0.,3.170677,2.735393,0.,       67P   1012
3.164989,2.734917,0.,3.159301,2.734441,0.,3.153613,2.733965,0.,       67P   1013
3.147913,2.733716,0.,3.142212,2.733466,0.,3.136511,2.733217,0.,       67P   1014
3.130809,2.73321,0.,3.125108,2.733204,0.,3.119406,2.733197,0.,        67P   1015
3.113716,2.733447,0.,3.108026,2.733698,0.,3.102336,2.733949,0.,       67P   1016
3.09667,2.734472,0.,3.091004,2.734995,0.,3.085338,2.735518,0.,        67P   1017
3.080333,2.736244,0.,3.075327,2.73697,0.,3.070321,2.737696,0.,        67P   1018
3.065397,2.738689,0.,3.060473,2.739682,0.,3.055549,2.740675,0.,       67P   1019
3.050725,2.741934,0.,3.045901,2.743193,0.,3.041076,2.744453,0.,       67P   1020
3.03637,2.745978,0.,3.031664,2.747503,0.,3.026957,2.749027,0.,        67P   1021
3.022387,2.750817,0.,3.017817,2.752607,0.,3.013247,2.754396,0.,       67P   1022
3.008831,2.75645,0.,3.004416,2.758503,0.,3.,2.760556,0.,              67P   1023
2.997572,2.762498,0.,2.995144,2.764439,0.,2.992717,2.766381,0.,       67P   1024
2.990369,2.76847,0.,2.988021,2.770559,0.,2.985673,2.772648,0.,        67P   1025
2.983423,2.774891,0.,2.981172,2.777134,0.,2.978922,2.779377,0.,       67P   1026
2.976787,2.781779,0.,2.974651,2.784182,0.,2.972516,2.786584,0.,       67P   1027
2.970513,2.789152,0.,2.96851,2.79172,0.,2.966507,2.794287,0.,         67P   1028
2.964655,2.797027,0.,2.962802,2.799767,0.,2.96095,2.802506,0.,        67P   1029
2.959015,2.805811,0.,2.957079,2.809117,0.,2.955144,2.812422,0.,       67P   1030
2.953392,2.815863,0.,2.951639,2.819304,0.,2.949887,2.822746,0.,       67P   1031
2.948323,2.826309,0.,2.946759,2.829873,0.,2.945196,2.833436,0.,       67P   1032
2.943825,2.83711,0.,2.942455,2.840783,0.,2.941084,2.844456,0.,        67P   1033
2.939763,2.848667,0.,2.938443,2.852878,0.,2.937122,2.857089,0.,       67P   1034
2.935999,2.861361,0.,2.934877,2.865634,0.,2.933754,2.869906,0.,       67P   1035
2.932811,2.874227,0.,2.931867,2.878548,0.,2.930923,2.882869,0.,       67P   1036
2.930138,2.887224,0.,2.929353,2.89158,0.,2.928568,2.895935,0.,        67P   1037
2.927922,2.900313,0.,2.927276,2.90469,0.,2.926631,2.909068,0.,        67P   1038
2.926105,2.913454,0.,2.925579,2.917841,0.,2.925053,2.922228,0.,       67P   1039
2.924576,2.927445,0.,2.924099,2.932663,0.,2.923623,2.93788,0.,        67P   1040
2.9233,2.943085,0.,2.922977,2.94829,0.,2.922654,2.953496,0.,          67P   1041
2.922458,2.958685,0.,2.922261,2.963874,0.,2.922064,2.969063,0.,       67P   1042
2.921965,2.974231,0.,2.921866,2.9794,0.,2.921768,2.984569,0.,         67P   1043
2.921739,2.989713,0.,2.921711,2.994856,0.,2.921683,3.,0.,0.,68.,      67P   1044
0.,0.,1.;                                                             67P   1045
126,3,3,1,0,1,0,0.,0.,0.,0.,1.,1.,1.,1.,1.,1.,1.,1.,2.921683,3.,      69P   1046
0.,2.775107,3.,0.,2.628531,3.,0.,2.481955,3.,0.,0.,1.,0.,0.,1.;       69P   1047
126,3,3,1,0,1,0,0.,0.,0.,0.,1.,1.,1.,1.,1.,1.,1.,1.,2.481955,3.,      71P   1048
0.,2.377533,3.,0.,2.27311,3.,0.,2.168688,3.,0.,0.,1.,0.,0.,1.;        71P   1049
126,162,3,1,0,1,0,0.,0.,0.,0.,1.,1.,1.,2.,2.,2.,3.,3.,3.,4.,4.,       73P   1050
4.,5.,5.,5.,6.,6.,6.,7.,7.,7.,8.,8.,8.,9.,9.,9.,10.,10.,10.,11.,      73P   1051
11.,11.,12.,12.,12.,13.,13.,13.,14.,14.,14.,15.,15.,15.,16.,16.,      73P   1052
16.,17.,17.,17.,18.,18.,18.,19.,19.,19.,20.,20.,20.,21.,21.,21.,      73P   1053
22.,22.,22.,23.,23.,23.,24.,24.,24.,25.,25.,25.,26.,26.,26.,27.,      73P   1054
27.,27.,28.,28.,28.,29.,29.,29.,30.,30.,30.,31.,31.,31.,32.,32.,      73P   1055
32.,33.,33.,33.,34.,34.,34.,35.,35.,35.,36.,36.,36.,37.,37.,37.,      73P   1056
38.,38.,38.,39.,39.,39.,40.,40.,40.,41.,41.,41.,42.,42.,42.,43.,      73P   1057
43.,43.,44.,44.,44.,45.,45.,45.,46.,46.,46.,47.,47.,47.,48.,48.,      73P   1058
48.,49.,49.,49.,50.,50.,50.,51.,51.,51.,52.,52.,52.,53.,53.,53.,      73P   1059
54.,54.,54.,54.,1.,1.,1.,1.,1.,1.,1.,1.,1.,1.,1.,1.,1.,1.,1.,1.,      73P   1060
1.,1.,1.,1.,1.,1.,1.,1.,1.,1.,1.,1.,1.,1.,1.,1.,1.,1.,1.,1.,1.,       73P   1061
1.,1.,1.,1.,1.,1.,1.,1.,1.,1.,1.,1.,1.,1.,1.,1.,1.,1.,1.,1.,1.,       73P   1062
1.,1.,1.,1.,1.,1.,1.,1.,1.,1.,1.,1.,1.,1.,1.,1.,1.,1.,1.,1.,1.,       73P   1063
1.,1.,1.,1.,1.,1.,1.,1.,1.,1.,1.,1.,1.,1.,1.,1.,1.,1.,1.,1.,1.,       73P   1064
1.,1.,1.,1.,1.,1.,1.,1.,1.,1.,1.,1.,1.,1.,1.,1.,1.,1.,1.,1.,1.,       73P   1065
1.,1.,1.,1.,1.,1.,1.,1.,1.,1.,1.,1.,1.,1.,1.,1.,1.,1.,1.,1.,1.,       73P   1066
1.,1.,1.,1.,1.,1.,1.,1.,1.,1.,1.,1.,1.,1.,1.,1.,1.,1.,1.,1.,1.,       73P   1067
2.168688,3.,0.,2.168707,2.995473,0.,2.168726,2.990945,0.,             73P   1068
2.168744,2.986418,0.,2.168679,2.981869,0.,2.168613,2.977321,0.,       73P   1069
2.168547,2.972772,0.,2.168376,2.969746,0.,2.168206,2.966719,0.,       73P   1070
2.168035,2.963693,0.,2.167724,2.960666,0.,2.167413,2.957638,0.,       73P   1071
2.167102,2.954611,0.,2.16662,2.951588,0.,2.166137,2.948566,0.,        73P   1072
2.165654,2.945544,0.,2.16515,2.943243,0.,2.164645,2.940943,0.,        73P   1073
2.16414,2.938643,0.,2.163504,2.936358,0.,2.162867,2.934074,0.,        73P   1074
2.16223,2.93179,0.,2.161449,2.929529,0.,2.160667,2.927268,0.,         73P   1075
2.159886,2.925008,0.,2.158947,2.922777,0.,2.158008,2.920546,0.,       73P   1076
2.157069,2.918315,0.,2.155857,2.915938,0.,2.154646,2.91356,0.,        73P   1077
2.153435,2.911183,0.,2.152021,2.90887,0.,2.150607,2.906557,0.,        73P   1078
2.149194,2.904245,0.,2.147576,2.902008,0.,2.145958,2.899772,0.,       73P   1079
2.144339,2.897535,0.,2.142515,2.895386,0.,2.14069,2.893236,0.,        73P   1080
2.138866,2.891087,0.,2.137025,2.889218,0.,2.135184,2.887348,0.,       73P   1081
2.133343,2.885478,0.,2.131346,2.883711,0.,2.129349,2.881943,0.,       73P   1082
2.127353,2.880176,0.,2.125209,2.878521,0.,2.123065,2.876865,0.,       73P   1083
2.120921,2.875209,0.,2.118635,2.873665,0.,2.11635,2.872121,0.,        73P   1084
2.114064,2.870578,0.,2.111647,2.869155,0.,2.109229,2.867732,0.,       73P   1085
2.106812,2.866309,0.,2.10427,2.865014,0.,2.101728,2.863718,0.,        73P   1086
2.099186,2.862422,0.,2.096531,2.861258,0.,2.093877,2.860094,0.,       73P   1087
2.091222,2.85893,0.,2.088456,2.857907,0.,2.085691,2.856883,0.,        73P   1088
2.082925,2.85586,0.,2.079937,2.854945,0.,2.07695,2.85403,0.,          73P   1089
2.073962,2.853115,0.,2.070908,2.852366,0.,2.067854,2.851617,0.,       73P   1090
2.064801,2.850868,0.,2.061695,2.850285,0.,2.058589,2.849703,0.,       73P   1091
2.055483,2.84912,0.,2.052338,2.848705,0.,2.049193,2.84829,0.,         73P   1092
2.046048,2.847875,0.,2.042877,2.847629,0.,2.039706,2.847383,0.,       73P   1093
2.036536,2.847137,0.,2.033352,2.847061,0.,2.030168,2.846984,0.,       73P   1094
2.026985,2.846908,0.,2.023964,2.846984,0.,2.020943,2.84706,0.,        73P   1095
2.017922,2.847136,0.,2.014922,2.847335,0.,2.011922,2.847534,0.,       73P   1096
2.008922,2.847733,0.,2.005948,2.848038,0.,2.002974,2.848342,0.,       73P   1097
2.,2.848647,0.,1.993605,2.849166,0.,1.987211,2.849685,0.,             73P   1098
1.980816,2.850204,0.,1.974509,2.850889,0.,1.968202,2.851573,0.,       73P   1099
1.961894,2.852258,0.,1.955691,2.853107,0.,1.949488,2.853956,0.,       73P   1100
1.943286,2.854804,0.,1.937205,2.855815,0.,1.931124,2.856826,0.,       73P   1101
1.925043,2.857836,0.,1.919102,2.859007,0.,1.913161,2.860178,0.,       73P   1102
1.907221,2.861348,0.,1.901437,2.862677,0.,1.895654,2.864006,0.,       73P   1103
1.889871,2.865335,0.,1.883784,2.866956,0.,1.877697,2.868576,0.,       73P   1104
1.87161,2.870196,0.,1.865786,2.871981,0.,1.859962,2.873766,0.,        73P   1105
1.854138,2.875551,0.,1.848587,2.877491,0.,1.843037,2.879432,0.,       73P   1106
1.837487,2.881373,0.,1.832221,2.883461,0.,1.826955,2.885549,0.,       73P   1107
1.821689,2.887638,0.,1.816719,2.889865,0.,1.811748,2.892092,0.,       73P   1108
1.806778,2.894319,0.,1.802113,2.896676,0.,1.797449,2.899033,0.,       73P   1109
1.792785,2.90139,0.,1.788437,2.903867,0.,1.78409,2.906345,0.,         73P   1110
1.779743,2.908823,0.,1.776053,2.911186,0.,1.772363,2.913549,0.,       73P   1111
1.768673,2.915912,0.,1.765276,2.918351,0.,1.761879,2.920789,0.,       73P   1112
1.758482,2.923228,0.,1.755383,2.925737,0.,1.752285,2.928245,0.,       73P   1113
1.749187,2.930754,0.,1.746394,2.933327,0.,1.7436,2.935899,0.,         73P   1114
1.740806,2.938472,0.,1.738323,2.941103,0.,1.73584,2.943734,0.,        73P   1115
1.733356,2.946364,0.,1.731189,2.949047,0.,1.729021,2.951729,0.,       73P   1116
1.726854,2.954412,0.,1.724853,2.9574,0.,1.722853,2.960387,0.,         73P   1117
1.720853,2.963375,0.,1.719268,2.966398,0.,1.717682,2.969421,0.,       73P   1118
1.716097,2.972443,0.,1.714943,2.975492,0.,1.71379,2.97854,0.,         73P   1119
1.712637,2.981588,0.,1.711933,2.984653,0.,1.711228,2.987718,0.,       73P   1120
1.710524,2.990783,0.,1.710286,2.993856,0.,1.710047,2.996928,0.,       73P   1121
1.709809,3.,0.,0.,54.,0.,0.,1.;                                       73P   1122
126,3,3,1,0,1,0,0.,0.,0.,0.,1.,1.,1.,1.,1.,1.,1.,1.,1.709809,3.,      75P   1123
0.,1.473206,3.,0.,1.236603,3.,0.,1.,3.,0.,0.,1.,0.,0.,1.;             75P   1124
126,3,3,1,0,1,0,0.,0.,0.,0.,1.,1.,1.,1.,1.,1.,1.,1.,1.,3.,0.,1.,      77P   1125
2.333333,0.,1.,1.666667,0.,1.,1.,0.,0.,1.,0.,0.,1.;                   77P   1126
126,3,3,1,0,1,0,0.,0.,0.,0.,1.,1.,1.,1.,1.,1.,1.,1.,1.,1.,0.,2.,      79P   1127
1.,0.,3.,1.,0.,4.,1.,0.,0.,1.,0.,0.,1.;                               79P   1128
126,3,3,1,0,1,0,0.,0.,0.,0.,1.,1.,1.,1.,1.,1.,1.,1.,4.,1.,0.,4.,      81P   1129
1.666667,0.,4.,2.333333,0.,4.,3.,0.,0.,1.,0.,0.,1.;                   81P   1130
126,3,3,1,0,1,0,0.,0.,0.,0.,1.,1.,1.,1.,1.,1.,1.,1.,4.,3.,0.,         83P   1131
3.885506,3.,0.,3.771012,3.,0.,3.656518,3.,0.,0.,1.,0.,0.,1.;          83P   1132
510,87,1,1,89;                                                        85P   1133
128,18,12,6,6,0,0,1,0,0,1.,1.,1.,1.,1.,1.,1.,2.,2.,2.,2.,2.,2.,       87P   1134
3.,3.,3.,3.,3.,3.,4.,4.,4.,4.,4.,4.,4.,1.,1.,1.,1.,1.,1.,1.,2.,       87P   1135
2.,2.,2.,2.,2.,3.,3.,3.,3.,3.,3.,3.,1.,1.,1.,1.,1.,1.,1.,1.,1.,       87P   1136
1.,1.,1.,1.,1.,1.,1.,1.,1.,1.,1.,1.,1.,1.,1.,1.,1.,1.,1.,1.,1.,       87P   1137
1.,1.,1.,1.,1.,1.,1.,1.,1.,1.,1.,1.,1.,1.,1.,1.,1.,1.,1.,1.,1.,       87P   1138
1.,1.,1.,1.,1.,1.,1.,1.,1.,1.,1.,1.,1.,1.,1.,1.,1.,1.,1.,1.,1.,       87P   1139
1.,1.,1.,1.,1.,1.,1.,1.,1.,1.,1.,1.,1.,1.,1.,1.,1.,1.,1.,1.,1.,       87P   1140
1.,1.,1.,1.,1.,1.,1.,1.,1.,1.,1.,1.,1.,1.,1.,1.,1.,1.,1.,1.,1.,       87P   1141
1.,1.,1.,1.,1.,1.,1.,1.,1.,1.,1.,1.,1.,1.,1.,1.,1.,1.,1.,1.,1.,       87P   1142
1.,1.,1.,1.,1.,1.,1.,1.,1.,1.,1.,1.,1.,1.,1.,1.,1.,1.,1.,1.,1.,       87P   1143
1.,1.,1.,1.,1.,1.,1.,1.,1.,1.,1.,1.,1.,1.,1.,1.,1.,1.,1.,1.,1.,       87P   1144
1.,1.,1.,1.,1.,1.,1.,1.,1.,1.,1.,1.,1.,1.,1.,1.,1.,1.,1.,1.,1.,       87P   1145
1.,1.,1.,1.,1.,1.,1.,1.,1.,1.,1.,1.,1.,1.,1.,1.,1.,1.,1.,1.,1.,       87P   1146
1.,1.,1.,1.,1.,1.,1.,1.,1.,1.,1.,1.,1.,1.,1.,1.,1.,1.,1.,1.,1.,       87P   1147
1.,1.,1.,1.,1.,1.,1.,26.57043,0.5590135,-1.136868D-013,26.31508,      87P   1148
6.010395,-1.136868D-013,27.44996,11.29528,-1.136868D-013,             87P   1149
29.30549,16.50018,-1.136868D-013,31.21209,21.71159,                   87P   1150
-1.136868D-013,32.50018,27.01603,-1.136868D-013,32.50018,32.5,        87P   1151
-1.136868D-013,32.50018,56.66667,-1.136868D-013,30.2616,66.5,         87P   1152
-1.136868D-013,26.21338,66.75,-1.136868D-013,20.78445,62.16667,       87P   1153
-1.136868D-013,14.40374,57.5,-1.136868D-013,7.50018,57.5,             87P   1154
-1.136868D-013,-1.759079,57.5,-1.136868D-013,-10.57389,55.05556,      87P   1155
-1.136868D-013,-18.49982,50.5,-1.136868D-013,-25.09241,44.16667,      87P   1156
-1.136868D-013,-29.90723,36.38889,-1.136868D-013,-32.49982,27.5,      87P   1157
-1.136868D-013,26.57043,0.5590135,-2.761245,26.31508,6.010395,        87P   1158
-2.198443,27.44996,11.29528,-2.700301,29.30549,16.50018,              87P   1159
-3.790768,31.21209,21.71159,-4.993795,32.50018,27.01603,              87P   1160
-5.833333,32.50018,32.5,-5.833333,32.50018,56.66667,-5.833333,        87P   1161
30.2616,66.5,-4.942809,26.21338,66.75,-3.607023,20.78445,             87P   1162
62.16667,-2.271236,14.40374,57.5,-1.380712,7.50018,57.5,              87P   1163
-1.380712,-1.759079,57.5,-1.380712,-10.57389,55.05556,-1.380712,      87P   1164
-18.49982,50.5,-1.380712,-25.09241,44.16667,-1.380712,-29.90723,      87P   1165
36.38889,-1.380712,-32.49982,27.5,-1.380712,25.80684,0.9759091,       87P   1166
-5.493848,25.72601,6.3185,-4.346681,26.96863,11.49938,-4.665254,      87P   1167
28.87159,16.61605,-5.819695,30.79534,21.75337,-7.202223,              87P   1168
32.08495,27.02039,-8.2,32.08495,32.5,-8.2,32.08495,53.09938,          87P   1169
-8.2,29.88355,62.13621,-7.131371,25.90257,63.33183,-5.528427,         87P   1170
20.56381,60.40757,-3.925483,14.28908,57.08477,-2.856854,7.50018,      87P   1171
57.08477,-2.856854,-1.620259,57.08477,-2.856854,-10.32777,            87P   1172
54.67481,-2.856854,-18.17419,50.18312,-2.856854,-24.71239,            87P   1173
43.93919,-2.856854,-29.49841,36.26983,-2.856854,-32.08459,27.5,       87P   1174
-2.856854,24.40015,1.711635,-7.936005,24.64684,6.856491,              87P   1175
-6.266547,26.08645,11.86062,-6.010701,28.07656,16.83178,              87P   1176
-6.602239,30.02772,21.84936,-7.524639,31.31591,27.04713,-8.25,        87P   1177
31.31591,32.5,-8.25,31.31591,47.70809,-8.25,29.18338,55.51285,        87P   1178
-7.448528,25.32693,58.09514,-6.24632,20.15517,57.63582,               87P   1179
-5.044113,14.07671,56.31573,-4.242641,7.50018,56.31573,               87P   1180
-4.242641,-1.379012,56.31573,-4.242641,-9.888216,53.97027,            87P   1181
-4.242641,-17.57981,49.59765,-4.242641,-24.00841,43.51901,            87P   1182
-4.242641,-28.73582,36.04948,-4.242641,-31.31555,27.5,-4.242641,      87P   1183
22.47087,2.668128,-9.825913,23.15958,7.553324,-7.772961,              87P   1184
24.86354,12.34061,-6.844182,26.97786,17.1378,-6.64763,28.96829,       87P   1185
22.01486,-6.85763,30.25449,27.11426,-7.133333,30.25449,32.5,          87P   1186
-7.133333,30.25449,42.23605,-7.133333,28.217,48.73412,-6.777124,      87P   1187
24.53242,52.6396,-6.242809,19.59116,54.59787,-5.708494,13.78361,      87P   1188
55.25431,-5.352285,7.50018,55.25431,-5.352285,-1.071729,              87P   1189
55.25431,-5.352285,-9.30994,52.9994,-5.352285,-16.77801,              87P   1190
48.79306,-5.352285,-23.04249,42.9425,-5.352285,-27.67951,             87P   1191
35.74693,-5.352285,-30.25413,27.5,-5.352285,20.1395,3.747321,         87P   1192
-10.90177,21.3535,8.334882,-8.649823,23.36874,12.89732,-7.23602,      87P   1193
25.63952,17.5218,-6.437187,27.67905,22.26394,-6.085377,28.9621,       87P   1194
27.23979,-6.,28.9621,32.5,-6.,28.9621,38.42655,-6.,27.04034,          87P   1195
43.90424,-6.,23.56503,48.56485,-6.,18.90442,52.04016,-6.,             87P   1196
13.42673,53.96192,-6.,7.50018,53.96192,-6.,-0.7348025,53.96192,       87P   1197
-6.,-8.648696,51.82026,-6.,-15.83253,47.82008,-6.,-21.87985,          87P   1198
42.24768,-6.,-26.39216,35.38266,-6.,-28.96174,27.5,-6.,17.52653,      87P   1199
4.85115,-10.90177,19.33247,9.120868,-8.679751,21.68839,13.48127,      87P   1200
-7.254994,24.1387,17.96588,-6.451069,26.22783,22.60819,               87P   1201
-6.091547,27.50018,27.44173,-6.,27.50018,32.5,-6.,27.50018,           87P   1202
38.02285,-6.,25.70932,43.12742,-6.,22.47074,47.47056,-6.,             87P   1203
18.1276,50.70914,-6.,13.02303,52.5,-6.,7.50018,52.5,-6.,              87P   1204
-0.4046246,52.5,-6.,-7.960097,50.49101,-6.,-14.8068,46.72977,         87P   1205
-6.,-20.58528,41.47302,-6.,-24.9361,34.97752,-6.,-27.49982,27.5,      87P   1206
-6.,15.37001,5.76216,-10.90177,17.84677,9.69255,-8.704451,            87P   1207
20.57984,13.85701,-7.265643,23.21911,18.2301,-6.459667,25.34637,      87P   1208
22.82142,-6.095368,26.59466,27.56681,-6.,26.59466,32.5,-6.,           87P   1209
26.59466,37.7728,-6.,24.88488,42.64625,-6.,21.79294,46.79276,         87P   1210
-6.,17.64643,49.8847,-6.,12.77298,51.59448,-6.,7.50018,51.59448,      87P   1211
-6.,-0.2001122,51.59448,-6.,-7.533579,49.585,-6.,-14.08744,           87P   1212
45.86484,-6.,-19.52894,40.84139,-6.,-23.79166,34.70668,-6.,           87P   1213
-26.52251,27.5,-6.,13.45994,6.193911,-9.749908,16.48062,              87P   1214
9.935504,-7.779546,19.58683,13.97774,-6.469298,22.4646,18.27876,      87P   1215
-5.72676,24.71823,22.83878,-5.380951,26.01356,27.56947,-5.28298,      87P   1216
26.01356,32.5,-5.28298,26.01356,37.61233,-5.28298,24.35582,           87P   1217
42.33747,-5.28298,21.35797,46.35779,-5.28298,17.33765,49.35564,       87P   1218
-5.28298,12.61251,51.01338,-5.28298,7.50018,51.01338,-5.28298,        87P   1219
-0.01138685,51.01338,-5.28298,-7.168414,49.06152,-5.286442,           87P   1220
-13.55765,45.45325,-5.291636,-18.86189,40.61436,-5.29683,             87P   1221
-23.08351,34.71218,-5.300292,-25.8809,27.73077,-5.300292,             87P   1222
11.88875,6.294933,-7.764995,15.38064,9.93248,-6.157876,18.83182,      87P   1223
13.90405,-5.083703,21.93661,18.17122,-4.467175,24.32802,22.7271,      87P   1224
-4.174063,25.68521,27.49842,-4.086705,25.68521,32.5,-4.086705,        87P   1225
25.68521,37.52166,-4.086705,24.05687,42.163,-4.086705,21.11219,       87P   1226
46.11201,-4.086705,17.16318,49.05669,-4.086705,12.52184,              87P   1227
50.68503,-4.086705,7.50018,50.68503,-4.086705,0.1489938,              87P   1228
50.68503,-4.086705,-6.874525,48.81935,-4.094495,-13.18997,            87P   1229
45.35361,-4.106181,-18.48896,40.65117,-4.117867,-22.70282,            87P   1230
34.88159,-4.125658,-25.50486,28.07692,-4.125658,10.74887,             87P   1231
6.213753,-5.265834,14.60472,9.803727,-4.169473,18.33083,              87P   1232
13.74154,-3.419226,21.61677,18.00058,-2.96521,24.12487,22.56821,      87P   1233
-2.731351,25.53797,27.40234,-2.64894,25.53797,32.5,-2.64894,          87P   1234
25.53797,37.481,-2.64894,23.92281,42.08476,-2.64894,21.00198,         87P   1235
46.0018,-2.64894,17.08494,48.92263,-2.64894,12.48118,50.53779,        87P   1236
-2.64894,7.50018,50.53779,-2.64894,0.268472,50.53779,-2.64894,        87P   1237
-6.663341,48.75763,-2.659327,-12.96031,45.42525,-2.674908,            87P   1238
-18.3195,40.81206,-2.69049,-22.54452,35.10328,-2.700877,              87P   1239
-25.32428,28.42308,-2.700877,10.13272,6.098899,-2.571234,             87P   1240
14.1856,9.680154,-2.047161,18.06967,13.60861,-1.669589,21.46404,      87P   1241
17.86954,-1.417676,24.04784,22.44822,-1.270577,25.50018,              87P   1242
27.32995,-1.20745,25.50018,32.5,-1.20745,25.50018,37.47056,           87P   1243
-1.20745,23.88841,42.06468,-1.20745,20.97369,45.97351,-1.20745,       87P   1244
17.06486,48.88823,-1.20745,12.47074,50.5,-1.20745,7.50018,50.5,       87P   1245
-1.20745,0.3344899,50.5,-1.20745,-6.55008,48.77656,-1.216106,         87P   1246
-12.85313,45.52996,-1.22909,-18.27424,40.96046,-1.242075,             87P   1247
-22.51302,35.26833,-1.250731,-25.26905,28.65385,-1.250731,            87P   1248
10.13272,6.098899,-1.136868D-013,14.1856,9.680154,                    87P   1249
-1.136868D-013,18.06967,13.60861,-1.136868D-013,21.46404,             87P   1250
17.86954,-1.136868D-013,24.04784,22.44822,-1.136868D-013,             87P   1251
25.50018,27.32995,-1.136868D-013,25.50018,32.5,-1.136868D-013,        87P   1252
25.50018,37.47056,-1.136868D-013,23.88841,42.06468,                   87P   1253
-1.136868D-013,20.97369,45.97351,-1.136868D-013,17.06486,             87P   1254
48.88823,-1.136868D-013,12.47074,50.5,-1.136868D-013,7.50018,         87P   1255
50.5,-1.136868D-013,0.3344899,50.5,-1.136868D-013,-6.55008,           87P   1256
48.77656,-1.136868D-013,-12.85313,45.52996,-1.136868D-013,            87P   1257
-18.27424,40.96046,-1.136868D-013,-22.51302,35.26833,                 87P   1258
-1.136868D-013,-25.26905,28.65385,-1.136868D-013,1.,4.,1.,3.;         87P   1259
508,4,0,5,10,1,1,0,91,0,5,11,1,1,1,93,0,5,12,1,1,0,95,0,5,13,1,       89P   1260
1,1,97;                                                               89P   1261
126,101,3,1,0,1,0,0.,0.,0.,0.,1.,1.,2.312996317,2.312996317,          91P   1262
2.312996317,3.312996317,3.312996317,3.312996317,4.312996317,          91P   1263
4.312996317,4.312996317,5.312996317,5.312996317,5.312996317,          91P   1264
6.312996317,6.312996317,6.312996317,7.312996317,7.312996317,          91P   1265
7.312996317,8.312996317,8.312996317,8.312996317,9.312996317,          91P   1266
9.312996317,9.312996317,10.31299632,10.31299632,10.31299632,          91P   1267
11.31299632,11.31299632,11.31299632,12.31299632,12.31299632,          91P   1268
12.31299632,13.31299632,13.31299632,13.31299632,14.31299632,          91P   1269
14.31299632,14.31299632,15.31299632,15.31299632,15.31299632,          91P   1270
16.31299632,16.31299632,16.31299632,17.31299632,17.31299632,          91P   1271
17.31299632,18.31299632,18.31299632,18.31299632,19.31299632,          91P   1272
19.31299632,19.31299632,20.31299632,20.31299632,20.31299632,          91P   1273
21.31299632,21.31299632,21.31299632,22.31299632,22.31299632,          91P   1274
22.31299632,23.31299632,23.31299632,23.31299632,24.31299632,          91P   1275
24.31299632,24.31299632,25.31299632,25.31299632,25.31299632,          91P   1276
26.31299632,26.31299632,26.31299632,27.31299632,27.31299632,          91P   1277
27.31299632,28.31299632,28.31299632,28.31299632,29.31299632,          91P   1278
29.31299632,29.31299632,30.31299632,30.31299632,30.31299632,          91P   1279
31.31299632,31.31299632,31.31299632,32.31299632,32.31299632,          91P   1280
32.31299632,33.31299632,33.31299632,33.31299632,34.31299632,          91P   1281
34.31299632,34.31299632,34.31299632,1.,1.,1.,1.,1.,1.,1.,1.,1.,       91P   1282
1.,1.,1.,1.,1.,1.,1.,1.,1.,1.,1.,1.,1.,1.,1.,1.,1.,1.,1.,1.,1.,       91P   1283
1.,1.,1.,1.,1.,1.,1.,1.,1.,1.,1.,1.,1.,1.,1.,1.,1.,1.,1.,1.,1.,       91P   1284
1.,1.,1.,1.,1.,1.,1.,1.,1.,1.,1.,1.,1.,1.,1.,1.,1.,1.,1.,1.,1.,       91P   1285
1.,1.,1.,1.,1.,1.,1.,1.,1.,1.,1.,1.,1.,1.,1.,1.,1.,1.,1.,1.,1.,       91P   1286
1.,1.,1.,1.,1.,1.,1.,1.,1.,3.960375,1.,0.,3.960383,1.073646,0.,       91P   1287
3.959869,1.147292,0.,3.958066,1.317625,0.,3.956705,1.414316,0.,       91P   1288
3.954081,1.510978,0.,3.953616,1.526699,0.,3.953151,1.542419,0.,       91P   1289
3.952686,1.55814,0.,3.952143,1.573737,0.,3.951599,1.589335,0.,        91P   1290
3.951055,1.604933,0.,3.950421,1.620379,0.,3.949787,1.635825,0.,       91P   1291
3.949153,1.65127,0.,3.948416,1.666526,0.,3.947679,1.681782,0.,        91P   1292
3.946942,1.697038,0.,3.946088,1.712059,0.,3.945234,1.727081,0.,       91P   1293
3.94438,1.742102,0.,3.943483,1.755241,0.,3.942586,1.768379,0.,        91P   1294
3.941688,1.781517,0.,3.940664,1.794168,0.,3.939639,1.806818,0.,       91P   1295
3.938615,1.819469,0.,3.937488,1.831714,0.,3.936361,1.843959,0.,       91P   1296
3.935235,1.856205,0.,3.934032,1.868128,0.,3.93283,1.880051,0.,        91P   1297
3.931627,1.891975,0.,3.928932,1.916509,0.,3.926451,1.941067,0.,       91P   1298
3.923731,1.965599,0.,3.922971,1.971643,0.,3.922211,1.977687,0.,       91P   1299
3.921451,1.983731,0.,3.91928,1.996849,0.,3.917196,2.009981,0.,        91P   1300
3.915201,2.023127,0.,3.913878,2.029912,0.,3.912555,2.036696,0.,       91P   1301
3.911232,2.043481,0.,3.909825,2.049631,0.,3.908418,2.055781,0.,       91P   1302
3.907011,2.061931,0.,3.904029,2.073889,0.,3.901138,2.085869,0.,       91P   1303
3.898339,2.09787,0.,3.896948,2.104568,0.,3.895557,2.111265,0.,        91P   1304
3.894165,2.117962,0.,3.8925,2.126444,0.,3.890834,2.134925,0.,         91P   1305
3.889168,2.143406,0.,3.885725,2.160031,0.,3.882361,2.176672,0.,       91P   1306
3.879076,2.193329,0.,3.877471,2.20218,0.,3.875865,2.211031,0.,        91P   1307
3.87426,2.219882,0.,3.872769,2.229559,0.,3.871278,2.239236,0.,        91P   1308
3.869787,2.248913,0.,3.868454,2.259692,0.,3.86712,2.270471,0.,        91P   1309
3.865787,2.28125,0.,3.864822,2.291195,0.,3.863857,2.30114,0.,         91P   1310
3.862892,2.311085,0.,3.862088,2.321634,0.,3.861283,2.332184,0.,       91P   1311
3.860478,2.342733,0.,3.859838,2.353745,0.,3.859197,2.364756,0.,       91P   1312
3.858556,2.375767,0.,3.858084,2.387123,0.,3.857612,2.39848,0.,        91P   1313
3.85714,2.409836,0.,3.856775,2.423098,0.,3.856409,2.43636,0.,         91P   1314
3.856044,2.449623,0.,3.855829,2.462785,0.,3.855613,2.475946,0.,       91P   1315
3.855398,2.489108,0.,3.855317,2.502146,0.,3.855237,2.515183,0.,       91P   1316
3.855156,2.528221,0.,3.855195,2.541107,0.,3.855233,2.553993,0.,       91P   1317
3.855273,2.56688,0.,3.855877,2.656313,0.,3.857353,2.745737,0.,        91P   1318
3.858653,2.835162,0.,3.858965,2.862084,0.,3.85928,2.889007,0.,        91P   1319
3.859593,2.915929,0.,3.859727,2.943953,0.,3.85986,2.971976,0.,        91P   1320
3.859993,3.,0.,0.,34.31299632,0.,0.,1.;                               91P   1321
126,3,3,1,0,1,0,0.,0.,0.,0.,1.,1.,1.,1.,1.,1.,1.,1.,3.859993,3.,      93P   1322
0.,3.02821,3.,0.,2.196426,3.,0.,1.364642,3.,0.,0.,1.,0.,0.,1.;        93P   1323
126,180,3,1,0,1,0,0.,0.,0.,0.,1.,1.,1.,2.,2.,2.,3.,3.,3.,4.,4.,       95P   1324
4.,5.,5.,5.,6.,6.,6.,7.,7.,7.,8.,8.,8.,9.,9.,9.,10.,10.,10.,11.,      95P   1325
11.,11.,12.,12.,12.,13.,13.,13.,14.,14.,14.,15.,15.,15.,16.,16.,      95P   1326
16.,17.,17.,17.,18.,18.,18.,19.,19.,19.,20.,20.,20.,21.,21.,21.,      95P   1327
22.,22.,22.,23.,23.,23.,24.,24.,24.,25.,25.,25.,26.,26.,26.,27.,      95P   1328
27.,27.,28.,28.,28.,29.,29.,29.,30.,30.,30.,31.,31.,31.,32.,32.,      95P   1329
32.,33.,33.,33.,34.,34.,34.,35.,35.,35.,36.,36.,36.,37.,37.,37.,      95P   1330
38.,38.,38.,39.,39.,39.,40.,40.,40.,41.,41.,41.,42.,42.,42.,43.,      95P   1331
43.,43.,44.,44.,44.,45.,45.,45.,46.,46.,46.,47.,47.,47.,48.,48.,      95P   1332
48.,49.,49.,49.,50.,50.,50.,51.,51.,51.,52.,52.,52.,53.,53.,53.,      95P   1333
54.,54.,54.,55.,55.,55.,56.,56.,56.,57.,57.,57.,58.,58.,58.,59.,      95P   1334
59.,59.,60.,60.,60.,60.,1.,1.,1.,1.,1.,1.,1.,1.,1.,1.,1.,1.,1.,       95P   1335
1.,1.,1.,1.,1.,1.,1.,1.,1.,1.,1.,1.,1.,1.,1.,1.,1.,1.,1.,1.,1.,       95P   1336
1.,1.,1.,1.,1.,1.,1.,1.,1.,1.,1.,1.,1.,1.,1.,1.,1.,1.,1.,1.,1.,       95P   1337
1.,1.,1.,1.,1.,1.,1.,1.,1.,1.,1.,1.,1.,1.,1.,1.,1.,1.,1.,1.,1.,       95P   1338
1.,1.,1.,1.,1.,1.,1.,1.,1.,1.,1.,1.,1.,1.,1.,1.,1.,1.,1.,1.,1.,       95P   1339
1.,1.,1.,1.,1.,1.,1.,1.,1.,1.,1.,1.,1.,1.,1.,1.,1.,1.,1.,1.,1.,       95P   1340
1.,1.,1.,1.,1.,1.,1.,1.,1.,1.,1.,1.,1.,1.,1.,1.,1.,1.,1.,1.,1.,       95P   1341
1.,1.,1.,1.,1.,1.,1.,1.,1.,1.,1.,1.,1.,1.,1.,1.,1.,1.,1.,1.,1.,       95P   1342
1.,1.,1.,1.,1.,1.,1.,1.,1.,1.,1.,1.,1.,1.,1.,1.,1.,1.,1.,1.,1.,       95P   1343
1.364642,3.,0.,1.364467,2.979871,0.,1.364292,2.959743,0.,             95P   1344
1.364116,2.939614,0.,1.363594,2.919789,0.,1.363073,2.899964,0.,       95P   1345
1.362551,2.880139,0.,1.361676,2.860531,0.,1.360801,2.840924,0.,       95P   1346
1.359926,2.821317,0.,1.358683,2.801849,0.,1.357439,2.782381,0.,       95P   1347
1.356196,2.762913,0.,1.354563,2.743509,0.,1.352931,2.724105,0.,       95P   1348
1.351298,2.704701,0.,1.349653,2.688278,0.,1.348008,2.671855,0.,       95P   1349
1.346363,2.655432,0.,1.344538,2.638917,0.,1.342713,2.622402,0.,       95P   1350
1.340889,2.605887,0.,1.338893,2.589219,0.,1.336898,2.572551,0.,       95P   1351
1.334903,2.555883,0.,1.332745,2.53898,0.,1.330589,2.522077,0.,        95P   1352
1.328428,2.505174,0.,1.322489,2.457694,0.,1.31516,2.410408,0.,        95P   1353
1.308481,2.363031,0.,1.30518,2.338798,0.,1.302166,2.314525,0.,        95P   1354
1.299549,2.290208,0.,1.298873,2.283171,0.,1.298198,2.276134,0.,       95P   1355
1.297523,2.269097,0.,1.297012,2.261998,0.,1.296502,2.254899,0.,       95P   1356
1.295991,2.2478,0.,1.295706,2.240669,0.,1.295422,2.233539,0.,         95P   1357
1.295137,2.226408,0.,1.295139,2.219268,0.,1.295142,2.212128,0.,       95P   1358
1.295145,2.204989,0.,1.295452,2.198372,0.,1.29576,2.191755,0.,        95P   1359
1.296067,2.185139,0.,1.296646,2.178905,0.,1.297225,2.172671,0.,       95P   1360
1.297804,2.166437,0.,1.298616,2.160551,0.,1.299427,2.154664,0.,       95P   1361
1.300239,2.148778,0.,1.301244,2.143207,0.,1.302249,2.137637,0.,       95P   1362
1.303255,2.132066,0.,1.304414,2.126785,0.,1.305574,2.121505,0.,       95P   1363
1.306734,2.116224,0.,1.308009,2.111213,0.,1.309284,2.106202,0.,       95P   1364
1.310559,2.101191,0.,1.31191,2.096437,0.,1.313261,2.091683,0.,        95P   1365
1.314612,2.08693,0.,1.316418,2.081687,0.,1.318224,2.076444,0.,        95P   1366
1.320029,2.071202,0.,1.321998,2.066794,0.,1.323966,2.062386,0.,       95P   1367
1.325935,2.057978,0.,1.328017,2.054128,0.,1.330099,2.050279,0.,       95P   1368
1.332181,2.046429,0.,1.336476,2.039263,0.,1.340782,2.032103,0.,       95P   1369
1.345098,2.02495,0.,1.347221,2.021072,0.,1.349343,2.017194,0.,        95P   1370
1.351466,2.013317,0.,1.353503,2.008878,0.,1.355539,2.004439,0.,       95P   1371
1.357575,2.,0.,1.361468,1.992816,0.,1.365361,1.985633,0.,             95P   1372
1.369253,1.978449,0.,1.372932,1.970306,0.,1.376611,1.962163,0.,       95P   1373
1.38029,1.954021,0.,1.383804,1.945058,0.,1.387319,1.936095,0.,        95P   1374
1.390833,1.927132,0.,1.394234,1.917494,0.,1.397636,1.907856,0.,       95P   1375
1.401037,1.898218,0.,1.404375,1.888056,0.,1.407714,1.877895,0.,       95P   1376
1.411052,1.867734,0.,1.421282,1.835814,0.,1.430982,1.803726,0.,       95P   1377
1.441515,1.771903,0.,1.445119,1.761409,0.,1.448723,1.750915,0.,       95P   1378
1.452326,1.740421,0.,1.456127,1.730374,0.,1.459927,1.720328,0.,       95P   1379
1.463727,1.710281,0.,1.46835,1.699087,0.,1.472974,1.687893,0.,        95P   1380
1.477597,1.676698,0.,1.482335,1.665799,0.,1.487073,1.654899,0.,       95P   1381
1.491811,1.644,0.,1.496649,1.633405,0.,1.501486,1.62281,0.,           95P   1382
1.506324,1.612216,0.,1.511247,1.601941,0.,1.51617,1.591666,0.,        95P   1383
1.521093,1.581392,0.,1.525515,1.572788,0.,1.529937,1.564184,0.,       95P   1384
1.534359,1.55558,0.,1.538847,1.547477,0.,1.543331,1.539372,0.,        95P   1385
1.547822,1.531271,0.,1.564012,1.503188,0.,1.580129,1.475054,0.,       95P   1386
1.597251,1.447523,0.,1.600927,1.441117,0.,1.604616,1.434718,0.,       95P   1387
1.608298,1.428315,0.,1.614028,1.417994,0.,1.61961,1.407592,0.,        95P   1388
1.625043,1.397112,0.,1.627768,1.391535,0.,1.630494,1.385958,0.,       95P   1389
1.633219,1.380381,0.,1.635862,1.374361,0.,1.638506,1.368342,0.,       95P   1390
1.641149,1.362322,0.,1.64338,1.356542,0.,1.645612,1.350762,0.,        95P   1391
1.647843,1.344982,0.,1.649924,1.338864,0.,1.652004,1.332746,0.,       95P   1392
1.654084,1.326628,0.,1.655983,1.320306,0.,1.657883,1.313984,0.,       95P   1393
1.659783,1.307663,0.,1.661472,1.301248,0.,1.663161,1.294834,0.,       95P   1394
1.66485,1.288419,0.,1.666299,1.281994,0.,1.667747,1.275569,0.,        95P   1395
1.669196,1.269143,0.,1.670373,1.262762,0.,1.67155,1.256381,0.,        95P   1396
1.672727,1.25,0.,1.675609,1.232382,0.,1.678301,1.214733,0.,           95P   1397
1.680801,1.197056,0.,1.681845,1.18926,0.,1.682888,1.181464,0.,        95P   1398
1.683932,1.173668,0.,1.686518,1.153333,0.,1.688711,1.132947,0.,       95P   1399
1.690467,1.112523,0.,1.691281,1.10187,0.,1.692096,1.091217,0.,        95P   1400
1.69291,1.080564,0.,1.693443,1.070886,0.,1.693976,1.061208,0.,        95P   1401
1.694509,1.05153,0.,1.6948,1.042626,0.,1.695091,1.033721,0.,          95P   1402
1.695382,1.024817,0.,1.69547,1.016545,0.,1.695558,1.008272,0.,        95P   1403
1.695647,1.,0.,0.,60.,0.,0.,1.;                                       95P   1404
126,3,3,1,0,1,0,0.,0.,0.,0.,1.,1.,1.,1.,1.,1.,1.,1.,1.695647,1.,      97P   1405
0.,2.450556,1.,0.,3.205466,1.,0.,3.960375,1.,0.,0.,1.,0.,0.,1.;       97P   1406
510,101,1,1,103;                                                      99P   1407
128,84,24,6,6,0,0,1,0,0,1.,1.,1.,1.,1.,1.,1.,2.,2.,2.,2.,2.,2.,      101P   1408
3.,3.,3.,3.,3.,3.,4.,4.,4.,4.,4.,4.,5.,5.,5.,5.,5.,5.,6.,6.,6.,      101P   1409
6.,6.,6.,7.,7.,7.,7.,7.,7.,8.,8.,8.,8.,8.,8.,9.,9.,9.,9.,9.,9.,      101P   1410
10.,10.,10.,10.,10.,10.,11.,11.,11.,11.,11.,11.,12.,12.,12.,12.,     101P   1411
12.,12.,13.,13.,13.,13.,13.,13.,14.,14.,14.,14.,14.,14.,15.,15.,     101P   1412
15.,15.,15.,15.,15.,1.,1.,1.,1.,1.,1.,1.,2.,2.,2.,2.,2.,2.,3.,       101P   1413
3.,3.,3.,3.,3.,4.,4.,4.,4.,4.,4.,5.,5.,5.,5.,5.,5.,5.,1.,1.,1.,      101P   1414
1.,1.,1.,1.,1.,1.,1.,1.,1.,1.,1.,1.,1.,1.,1.,1.,1.,1.,1.,1.,1.,      101P   1415
1.,1.,1.,1.,1.,1.,1.,1.,1.,1.,1.,1.,1.,1.,1.,1.,1.,1.,1.,1.,1.,      101P   1416
1.,1.,1.,1.,1.,1.,1.,1.,1.,1.,1.,1.,1.,1.,1.,1.,1.,1.,1.,1.,1.,      101P   1417
1.,1.,1.,1.,1.,1.,1.,1.,1.,1.,1.,1.,1.,1.,1.,1.,1.,1.,1.,1.,1.,      101P   1418
1.,1.,1.,1.,1.,1.,1.,1.,1.,1.,1.,1.,1.,1.,1.,1.,1.,1.,1.,1.,1.,      101P   1419
1.,1.,1.,1.,1.,1.,1.,1.,1.,1.,1.,1.,1.,1.,1.,1.,1.,1.,1.,1.,1.,      101P   1420
1.,1.,1.,1.,1.,1.,1.,1.,1.,1.,1.,1.,1.,1.,1.,1.,1.,1.,1.,1.,1.,      101P   1421
1.,1.,1.,1.,1.,1.,1.,1.,1.,1.,1.,1.,1.,1.,1.,1.,1.,1.,1.,1.,1.,      101P   1422
1.,1.,1.,1.,1.,1.,1.,1.,1.,1.,1.,1.,1.,1.,1.,1.,1.,1.,1.,1.,1.,      101P   1423
1.,1.,1.,1.,1.,1.,1.,1.,1.,1.,1.,1.,1.,1.,1.,1.,1.,1.,1.,1.,1.,      101P   1424
1.,1.,1.,1.,1.,1.,1.,1.,1.,1.,1.,1.,1.,1.,1.,1.,1.,1.,1.,1.,1.,      101P   1425
1.,1.,1.,1.,1.,1.,1.,1.,1.,1.,1.,1.,1.,1.,1.,1.,1.,1.,1.,1.,1.,      101P   1426
1.,1.,1.,1.,1.,1.,1.,1.,1.,1.,1.,1.,1.,1.,1.,1.,1.,1.,1.,1.,1.,      101P   1427
1.,1.,1.,1.,1.,1.,1.,1.,1.,1.,1.,1.,1.,1.,1.,1.,1.,1.,1.,1.,1.,      101P   1428
1.,1.,1.,1.,1.,1.,1.,1.,1.,1.,1.,1.,1.,1.,1.,1.,1.,1.,1.,1.,1.,      101P   1429
1.,1.,1.,1.,1.,1.,1.,1.,1.,1.,1.,1.,1.,1.,1.,1.,1.,1.,1.,1.,1.,      101P   1430
1.,1.,1.,1.,1.,1.,1.,1.,1.,1.,1.,1.,1.,1.,1.,1.,1.,1.,1.,1.,1.,      101P   1431
1.,1.,1.,1.,1.,1.,1.,1.,1.,1.,1.,1.,1.,1.,1.,1.,1.,1.,1.,1.,1.,      101P   1432
1.,1.,1.,1.,1.,1.,1.,1.,1.,1.,1.,1.,1.,1.,1.,1.,1.,1.,1.,1.,1.,      101P   1433
1.,1.,1.,1.,1.,1.,1.,1.,1.,1.,1.,1.,1.,1.,1.,1.,1.,1.,1.,1.,1.,      101P   1434
1.,1.,1.,1.,1.,1.,1.,1.,1.,1.,1.,1.,1.,1.,1.,1.,1.,1.,1.,1.,1.,      101P   1435
1.,1.,1.,1.,1.,1.,1.,1.,1.,1.,1.,1.,1.,1.,1.,1.,1.,1.,1.,1.,1.,      101P   1436
1.,1.,1.,1.,1.,1.,1.,1.,1.,1.,1.,1.,1.,1.,1.,1.,1.,1.,1.,1.,1.,      101P   1437
1.,1.,1.,1.,1.,1.,1.,1.,1.,1.,1.,1.,1.,1.,1.,1.,1.,1.,1.,1.,1.,      101P   1438
1.,1.,1.,1.,1.,1.,1.,1.,1.,1.,1.,1.,1.,1.,1.,1.,1.,1.,1.,1.,1.,      101P   1439
1.,1.,1.,1.,1.,1.,1.,1.,1.,1.,1.,1.,1.,1.,1.,1.,1.,1.,1.,1.,1.,      101P   1440
1.,1.,1.,1.,1.,1.,1.,1.,1.,1.,1.,1.,1.,1.,1.,1.,1.,1.,1.,1.,1.,      101P   1441
1.,1.,1.,1.,1.,1.,1.,1.,1.,1.,1.,1.,1.,1.,1.,1.,1.,1.,1.,1.,1.,      101P   1442
1.,1.,1.,1.,1.,1.,1.,1.,1.,1.,1.,1.,1.,1.,1.,1.,1.,1.,1.,1.,1.,      101P   1443
1.,1.,1.,1.,1.,1.,1.,1.,1.,1.,1.,1.,1.,1.,1.,1.,1.,1.,1.,1.,1.,      101P   1444
1.,1.,1.,1.,1.,1.,1.,1.,1.,1.,1.,1.,1.,1.,1.,1.,1.,1.,1.,1.,1.,      101P   1445
1.,1.,1.,1.,1.,1.,1.,1.,1.,1.,1.,1.,1.,1.,1.,1.,1.,1.,1.,1.,1.,      101P   1446
1.,1.,1.,1.,1.,1.,1.,1.,1.,1.,1.,1.,1.,1.,1.,1.,1.,1.,1.,1.,1.,      101P   1447
1.,1.,1.,1.,1.,1.,1.,1.,1.,1.,1.,1.,1.,1.,1.,1.,1.,1.,1.,1.,1.,      101P   1448
1.,1.,1.,1.,1.,1.,1.,1.,1.,1.,1.,1.,1.,1.,1.,1.,1.,1.,1.,1.,1.,      101P   1449
1.,1.,1.,1.,1.,1.,1.,1.,1.,1.,1.,1.,1.,1.,1.,1.,1.,1.,1.,1.,1.,      101P   1450
1.,1.,1.,1.,1.,1.,1.,1.,1.,1.,1.,1.,1.,1.,1.,1.,1.,1.,1.,1.,1.,      101P   1451
1.,1.,1.,1.,1.,1.,1.,1.,1.,1.,1.,1.,1.,1.,1.,1.,1.,1.,1.,1.,1.,      101P   1452
1.,1.,1.,1.,1.,1.,1.,1.,1.,1.,1.,1.,1.,1.,1.,1.,1.,1.,1.,1.,1.,      101P   1453
1.,1.,1.,1.,1.,1.,1.,1.,1.,1.,1.,1.,1.,1.,1.,1.,1.,1.,1.,1.,1.,      101P   1454
1.,1.,1.,1.,1.,1.,1.,1.,1.,1.,1.,1.,1.,1.,1.,1.,1.,1.,1.,1.,1.,      101P   1455
1.,1.,1.,1.,1.,1.,1.,1.,1.,1.,1.,1.,1.,1.,1.,1.,1.,1.,1.,1.,1.,      101P   1456
1.,1.,1.,1.,1.,1.,1.,1.,1.,1.,1.,1.,1.,1.,1.,1.,1.,1.,1.,1.,1.,      101P   1457
1.,1.,1.,1.,1.,1.,1.,1.,1.,1.,1.,1.,1.,1.,1.,1.,1.,1.,1.,1.,1.,      101P   1458
1.,1.,1.,1.,1.,1.,1.,1.,1.,1.,1.,1.,1.,1.,1.,1.,1.,1.,1.,1.,1.,      101P   1459
1.,1.,1.,1.,1.,1.,1.,1.,1.,1.,1.,1.,1.,1.,1.,1.,1.,1.,1.,1.,1.,      101P   1460
1.,1.,1.,1.,1.,1.,1.,1.,1.,1.,1.,1.,1.,1.,1.,1.,1.,1.,1.,1.,1.,      101P   1461
1.,1.,1.,1.,1.,1.,1.,1.,1.,1.,1.,1.,1.,1.,1.,1.,1.,1.,1.,1.,1.,      101P   1462
1.,1.,1.,1.,1.,1.,1.,1.,1.,1.,1.,1.,1.,1.,1.,1.,1.,1.,1.,1.,1.,      101P   1463
1.,1.,1.,1.,1.,1.,1.,1.,1.,1.,1.,1.,1.,1.,1.,1.,1.,1.,1.,1.,1.,      101P   1464
1.,1.,1.,1.,1.,1.,1.,1.,1.,1.,1.,1.,1.,1.,1.,1.,1.,1.,1.,1.,1.,      101P   1465
1.,1.,1.,1.,1.,1.,1.,1.,1.,1.,1.,1.,1.,1.,1.,1.,1.,1.,1.,1.,1.,      101P   1466
1.,1.,1.,1.,1.,1.,1.,1.,1.,1.,1.,1.,1.,1.,1.,1.,1.,1.,1.,1.,1.,      101P   1467
1.,1.,1.,1.,1.,1.,1.,1.,1.,1.,1.,1.,1.,1.,1.,1.,1.,1.,1.,1.,1.,      101P   1468
1.,1.,1.,1.,1.,1.,1.,1.,1.,1.,1.,1.,1.,1.,1.,1.,1.,1.,1.,1.,1.,      101P   1469
1.,1.,1.,1.,1.,1.,1.,1.,1.,1.,1.,1.,1.,1.,1.,1.,1.,1.,1.,1.,1.,      101P   1470
1.,1.,1.,1.,1.,1.,1.,1.,1.,1.,1.,1.,1.,1.,1.,1.,1.,1.,1.,1.,1.,      101P   1471
1.,1.,1.,1.,1.,1.,1.,1.,1.,1.,1.,1.,1.,1.,1.,1.,1.,1.,1.,1.,1.,      101P   1472
1.,1.,1.,1.,1.,1.,1.,1.,1.,1.,1.,1.,1.,1.,1.,1.,1.,1.,1.,1.,1.,      101P   1473
1.,1.,1.,1.,1.,1.,1.,1.,1.,1.,1.,1.,1.,1.,1.,1.,1.,1.,1.,1.,1.,      101P   1474
1.,1.,1.,1.,1.,1.,1.,1.,1.,1.,1.,1.,1.,1.,1.,1.,1.,1.,1.,1.,1.,      101P   1475
1.,1.,1.,1.,1.,1.,1.,1.,1.,1.,1.,1.,1.,1.,1.,1.,1.,1.,1.,1.,1.,      101P   1476
1.,1.,1.,1.,1.,1.,1.,1.,1.,1.,1.,1.,1.,1.,1.,1.,1.,1.,1.,1.,1.,      101P   1477
1.,1.,1.,1.,1.,1.,1.,1.,1.,1.,1.,1.,1.,1.,1.,1.,1.,1.,1.,1.,1.,      101P   1478
1.,1.,1.,1.,1.,1.,1.,1.,1.,1.,1.,1.,1.,1.,1.,1.,1.,1.,1.,1.,1.,      101P   1479
1.,1.,1.,1.,1.,1.,1.,1.,1.,1.,1.,1.,1.,1.,1.,1.,1.,1.,1.,1.,1.,      101P   1480
1.,1.,1.,1.,1.,1.,1.,1.,1.,1.,1.,1.,1.,1.,1.,1.,1.,1.,1.,1.,1.,      101P   1481
1.,1.,1.,1.,1.,1.,1.,1.,1.,1.,1.,1.,1.,1.,1.,1.,1.,1.,1.,1.,1.,      101P   1482
1.,1.,1.,1.,1.,1.,1.,1.,1.,1.,1.,1.,1.,1.,1.,1.,1.,1.,1.,1.,1.,      101P   1483
1.,1.,1.,1.,1.,1.,1.,1.,1.,1.,1.,1.,1.,1.,1.,1.,1.,1.,1.,1.,1.,      101P   1484
1.,1.,1.,1.,1.,1.,1.,1.,1.,1.,1.,1.,1.,1.,1.,1.,1.,1.,1.,1.,1.,      101P   1485
1.,1.,1.,1.,1.,1.,1.,1.,1.,1.,1.,1.,1.,1.,1.,1.,1.,1.,1.,1.,1.,      101P   1486
1.,1.,1.,1.,1.,1.,1.,1.,1.,1.,1.,1.,1.,1.,1.,1.,1.,1.,1.,1.,1.,      101P   1487
1.,1.,1.,1.,1.,1.,1.,1.,1.,1.,1.,1.,1.,1.,1.,1.,1.,1.,1.,1.,1.,      101P   1488
1.,1.,1.,1.,1.,1.,1.,1.,1.,1.,1.,1.,1.,1.,1.,1.,1.,1.,1.,1.,1.,      101P   1489
1.,1.,1.,1.,1.,1.,1.,1.,1.,1.,1.,1.,1.,1.,1.,1.,1.,1.,1.,1.,1.,      101P   1490
1.,1.,1.,1.,1.,1.,1.,1.,1.,1.,1.,1.,1.,1.,1.,1.,1.,1.,1.,1.,1.,      101P   1491
1.,1.,1.,1.,1.,1.,1.,1.,1.,1.,1.,1.,1.,1.,1.,1.,1.,1.,1.,1.,1.,      101P   1492
1.,1.,1.,1.,1.,1.,1.,1.,1.,1.,1.,1.,1.,1.,1.,1.,1.,1.,1.,1.,1.,      101P   1493
1.,1.,1.,1.,1.,1.,1.,1.,1.,1.,1.,1.,1.,1.,1.,1.,1.,1.,1.,1.,1.,      101P   1494
1.,1.,1.,1.,1.,1.,1.,1.,1.,1.,1.,1.,1.,1.,1.,1.,1.,1.,1.,1.,1.,      101P   1495
1.,1.,1.,1.,1.,1.,1.,1.,1.,1.,1.,1.,1.,1.,1.,1.,1.,1.,1.,1.,1.,      101P   1496
1.,1.,1.,1.,1.,1.,1.,1.,1.,1.,1.,1.,1.,1.,1.,1.,1.,1.,1.,1.,1.,      101P   1497
1.,1.,1.,1.,1.,1.,1.,1.,1.,1.,1.,1.,1.,1.,1.,1.,1.,1.,1.,1.,1.,      101P   1498
1.,1.,1.,1.,1.,1.,1.,1.,1.,1.,1.,1.,1.,1.,1.,1.,1.,1.,1.,1.,1.,      101P   1499
1.,1.,1.,1.,1.,1.,1.,1.,1.,1.,1.,1.,1.,1.,1.,1.,1.,1.,1.,1.,1.,      101P   1500
1.,1.,1.,1.,1.,1.,1.,1.,1.,1.,1.,1.,1.,1.,1.,1.,1.,1.,1.,1.,1.,      101P   1501
1.,1.,1.,1.,1.,1.,1.,1.,1.,1.,1.,1.,1.,1.,1.,1.,1.,1.,1.,1.,1.,      101P   1502
1.,1.,1.,1.,1.,1.,1.,1.,1.,1.,1.,1.,1.,1.,1.,1.,1.,1.,1.,1.,1.,      101P   1503
1.,1.,1.,1.,1.,1.,1.,1.,1.,1.,1.,1.,1.,1.,1.,1.,1.,1.,1.,1.,1.,      101P   1504
1.,1.,1.,1.,1.,1.,1.,1.,1.,1.,1.,1.,1.,1.,1.,1.,1.,1.,1.,1.,1.,      101P   1505
1.,1.,1.,1.,1.,1.,1.,1.,1.,1.,1.,1.,1.,1.,1.,1.,1.,1.,1.,1.,1.,      101P   1506
1.,1.,1.,1.,1.,1.,1.,1.,1.,1.,1.,1.,1.,1.,1.,1.,1.,1.,1.,1.,1.,      101P   1507
1.,1.,1.,1.,1.,1.,1.,1.,1.,1.,1.,1.,1.,1.,1.,1.,1.,1.,1.,1.,1.,      101P   1508
1.,1.,1.,1.,1.,1.,1.,1.,1.,1.,1.,1.,1.,1.,1.,1.,1.,1.,1.,1.,1.,      101P   1509
1.,1.,1.,1.,1.,1.,1.,1.,1.,1.,1.,1.,1.,1.,1.,1.,1.,1.,1.,1.,1.,      101P   1510
1.,1.,1.,1.,1.,1.,1.,1.,1.,1.,1.,1.,1.,1.,1.,1.,1.,1.,1.,1.,1.,      101P   1511
1.,1.,1.,1.,1.,1.,1.,1.,1.,1.,1.,1.,1.,1.,1.,1.,1.,1.,1.,1.,1.,      101P   1512
1.,1.,1.,1.,1.,1.,1.,1.,1.,1.,1.,1.,1.,1.,1.,1.,1.,1.,1.,1.,1.,      101P   1513
1.,1.,1.,1.,1.,1.,1.,1.,1.,1.,1.,1.,1.,1.,1.,1.,1.,1.,1.,1.,1.,      101P   1514
1.,1.,1.,1.,1.,1.,1.,1.,1.,1.,1.,1.,1.,1.,1.,1.,1.,1.,1.,1.,1.,      101P   1515
1.,31.08797,22.68629,-1.136868D-013,31.08797,22.68629,-0.473362,     101P   1516
31.08256,22.67834,-0.9467889,31.06975,22.66072,-1.419633,            101P   1517
31.04756,22.63168,-1.891246,31.01401,22.58948,-2.360981,             101P   1518
30.96711,22.53239,-2.828188,30.92852,22.48542,-3.212602,             101P   1519
30.88149,22.42662,-3.595363,30.82156,22.35318,-3.972959,             101P   1520
30.74426,22.26224,-4.341882,30.64512,22.15097,-4.698619,             101P   1521
30.51966,22.01653,-5.039661,30.43716,21.92813,-5.263932,             101P   1522
30.33802,21.80733,-5.463063,30.2257,21.65907,-5.636417,30.10366,     101P   1523
21.48828,-5.783356,29.97534,21.2999,-5.903244,29.84422,21.09885,     101P   1524
-5.995444,29.74556,20.94758,-6.06481,29.64706,20.79099,              101P   1525
-6.120765,29.54825,20.63068,-6.166232,29.44867,20.46829,             101P   1526
-6.204132,29.34789,20.30543,-6.237389,29.24545,20.14373,             101P   1527
-6.268926,29.14522,19.98554,-6.299779,29.04619,19.82566,             101P   1528
-6.325039,28.94711,19.66517,-6.34642,28.84679,19.50515,              101P   1529
-6.365637,28.74399,19.34667,-6.384404,28.6375,19.1908,-6.404436,     101P   1530
28.46332,18.93587,-6.437202,28.2868,18.68185,-6.46635,28.10589,      101P   1531
18.43086,-6.493612,27.91853,18.185,-6.520722,27.72266,17.94638,      101P   1532
-6.549413,27.51625,17.71709,-6.581416,27.28248,17.45743,             101P   1533
-6.61766,27.03993,17.20613,-6.655148,26.78856,16.96405,-6.69427,     101P   1534
26.52833,16.73202,-6.735419,26.2592,16.5109,-6.778987,25.98114,      101P   1535
16.30153,-6.825365,25.38435,15.85217,-6.924902,24.72314,             101P   1536
15.51295,-7.029552,24.02776,15.2318,-7.139464,23.32849,14.95666,     101P   1537
-7.25479,22.65558,14.63548,-7.375678,22.03931,14.21619,-7.50228,     101P   1538
21.82699,14.07174,-7.545895,21.63353,13.90025,-7.593133,             101P   1539
21.44777,13.71801,-7.63773,21.25857,13.54133,-7.673424,21.05479,     101P   1540
13.38653,-7.693952,20.8253,13.2699,-7.693051,20.64051,13.17599,      101P   1541
-7.692326,20.44893,13.08826,-7.681629,20.25566,13.0145,              101P   1542
-7.655246,20.06578,12.96255,-7.607462,19.88438,12.9402,              101P   1543
-7.532561,19.71655,12.95527,-7.42483,19.56598,12.96878,              101P   1544
-7.328182,19.43867,13.01045,-7.211168,19.33078,13.07199,             101P   1545
-7.078242,19.23847,13.14512,-6.933856,19.15791,13.22156,             101P   1546
-6.782463,19.08526,13.29302,-6.628514,19.0079,13.36913,              101P   1547
-6.464569,18.9437,13.44798,-6.296534,18.8896,13.52718,-6.124764,     101P   1548
18.84257,13.60433,-5.949617,18.79954,13.67703,-5.771452,             101P   1549
18.75746,13.74288,-5.590625,18.6644,13.88851,-5.190681,18.59147,     101P   1550
14.0169,-4.78122,18.53561,14.12953,-4.364052,18.49377,14.2279,       101P   1551
-3.940987,18.46289,14.31348,-3.513835,18.43993,14.38777,             101P   1552
-3.084408,18.41276,14.47566,-2.576321,18.38969,14.5381,-2.06458,     101P   1553
18.3714,14.57903,-1.550131,18.35857,14.60242,-1.03392,18.35187,      101P   1554
14.61221,-0.5168946,18.35199,14.61236,-1.136868D-013,30.97262,       101P   1555
22.23084,-1.136868D-013,30.97262,22.23084,-0.4617946,30.96718,       101P   1556
22.22351,-0.923644,30.95443,22.20693,-1.384945,30.93251,             101P   1557
22.17916,-1.845066,30.89958,22.13827,-2.303341,30.85376,             101P   1558
22.08234,-2.759077,30.81681,22.03723,-3.126616,30.77322,             101P   1559
21.98152,-3.49281,30.71807,21.9123,-3.854249,30.64638,21.82668,      101P   1560
-4.207469,30.5532,21.72174,-4.548951,30.43364,21.59457,              101P   1561
-4.875131,30.35685,21.51292,-5.084636,30.26983,21.39545,             101P   1562
-5.270917,30.17396,21.25042,-5.433138,30.07098,21.08573,             101P   1563
-5.571375,29.96039,20.90953,-5.68571,29.84267,20.72893,              101P   1564
-5.777052,29.75014,20.58697,-5.848567,29.66224,20.4338,              101P   1565
-5.907942,29.57633,20.27454,-5.957393,29.4906,20.11382,              101P   1566
-6.000164,29.40137,19.95678,-6.038418,29.3057,19.80781,              101P   1567
-6.075389,29.20804,19.65565,-6.112812,29.1144,19.49839,              101P   1568
-6.146378,29.02203,19.33905,-6.176751,28.92853,19.18051,             101P   1569
-6.205135,28.83092,19.02583,-6.232044,28.72655,18.87785,             101P   1570
-6.258578,28.55168,18.6297,-6.302762,28.37653,18.38001,              101P   1571
-6.346248,28.19776,18.13225,-6.388569,28.01232,17.8898,              101P   1572
-6.430052,27.81702,17.65614,-6.470504,27.60893,17.4346,              101P   1573
-6.510386,27.37171,17.18197,-6.555795,27.12667,16.93631,             101P   1574
-6.604932,26.87316,16.69899,-6.656035,26.61064,16.4714,              101P   1575
-6.708021,26.3386,16.25491,-6.759675,26.05663,16.05093,              101P   1576
-6.810142,25.45289,15.61421,-6.91822,24.78637,15.28164,              101P   1577
-7.030926,24.08624,15.00444,-7.149234,23.38169,14.73391,             101P   1578
-7.273662,22.70242,14.42164,-7.403674,22.07882,14.01864,             101P   1579
-7.537102,21.85823,13.87588,-7.584253,21.65552,13.71185,             101P   1580
-7.637659,21.46057,13.54007,-7.688596,21.26264,13.37357,             101P   1581
-7.727771,21.05051,13.22628,-7.749826,20.81146,13.11198,             101P   1582
-7.747528,20.61689,13.01889,-7.745669,20.41483,12.93555,             101P   1583
-7.734839,20.21127,12.86804,-7.708235,20.0118,12.82217,-7.65868,     101P   1584
19.82091,12.80439,-7.580295,19.64272,12.82119,-7.465413,             101P   1585
19.48584,12.83599,-7.364257,19.35147,12.87634,-7.243203,             101P   1586
19.23588,12.93538,-7.105991,19.13601,13.00612,-6.956631,             101P   1587
19.04903,13.0814,-6.799629,18.97222,13.15395,-6.639866,18.89224,     101P   1588
13.22941,-6.473602,18.82522,13.306,-6.30287,18.7683,13.38215,        101P   1589
-6.128069,18.71875,13.45623,-5.949649,18.67367,13.52673,             101P   1590
-5.768283,18.63022,13.5921,-5.584685,18.53533,13.73478,              101P   1591
-5.183839,18.46107,13.85992,-4.773331,18.40424,13.96931,             101P   1592
-4.355039,18.36164,14.06479,-3.930854,18.32999,14.14822,             101P   1593
-3.502687,18.30604,14.22144,-3.072449,18.27786,14.30758,             101P   1594
-2.566284,18.25444,14.36891,-2.056537,18.23624,14.40922,             101P   1595
-1.544107,18.22369,14.43233,-1.029912,18.21725,14.44205,             101P   1596
-0.5148906,18.21736,14.44218,-1.136868D-013,30.90955,21.76608,       101P   1597
-1.136868D-013,30.90955,21.76608,-0.4509161,30.90409,21.75932,       101P   1598
-0.9019028,30.89141,21.74369,-1.352355,30.86973,21.71709,            101P   1599
-1.801639,30.83729,21.67741,-2.249087,30.79231,21.62255,             101P   1600
-2.694005,30.75673,21.57914,-3.045961,30.71524,21.52648,             101P   1601
-3.396838,30.66314,21.46147,-3.743372,30.59567,21.38106,             101P   1602
-4.082261,30.50812,21.28213,-4.410166,30.39577,21.16161,             101P   1603
-4.723717,30.32592,21.08663,-4.918931,30.24893,20.97442,             101P   1604
-5.092109,30.16543,20.83494,-5.24352,30.07659,20.67777,              101P   1605
-5.374629,29.98068,20.51269,-5.486789,29.87708,20.34826,             101P   1606
-5.582339,29.79323,20.21547,-5.659009,29.71443,20.06751,             101P   1607
-5.721739,29.63762,19.91158,-5.773916,29.56082,19.75428,             101P   1608
-5.820241,29.47948,19.60277,-5.863703,29.39001,19.46335,             101P   1609
-5.908638,29.29622,19.31727,-5.955241,29.20648,19.16373,             101P   1610
-5.996537,29.11782,19.00698,-6.033887,29.02779,18.85112,             101P   1611
-6.069373,28.93304,18.70046,-6.103766,28.8307,18.559,-6.138625,      101P   1612
28.65612,18.31757,-6.19764,28.48061,18.07299,-6.2539,28.30093,       101P   1613
17.82963,-6.307624,28.1143,17.59181,-6.360066,27.91755,17.36385,     101P   1614
-6.410902,27.70803,17.14995,-6.460754,27.46708,16.90379,             101P   1615
-6.517922,27.21829,16.66379,-6.57692,26.96107,16.43174,              101P   1616
-6.636468,26.695,16.20942,-6.696062,26.41963,15.99854,-6.754528,     101P   1617
26.13477,15.80083,-6.811194,25.5226,15.37579,-6.932903,24.85085,     101P   1618
15.05028,-7.052979,24.14691,14.77822,-7.175289,23.43821,             101P   1619
14.51359,-7.303106,22.75268,14.21071,-7.43853,22.11902,13.82326,     101P   1620
-7.581699,21.89199,13.68432,-7.632934,21.67992,13.52669,             101P   1621
-7.689747,21.47386,13.36278,-7.743552,21.26441,13.2047,              101P   1622
-7.785295,21.04212,13.06507,-7.809223,20.79646,12.95647,             101P   1623
-7.808195,20.59086,12.86523,-7.807306,20.37796,12.78619,             101P   1624
-7.795466,20.16369,12.72425,-7.766267,19.95372,12.68417,             101P   1625
-7.713002,19.75302,12.67105,-7.630071,19.56628,12.69009,             101P   1626
-7.510529,19.40226,12.70682,-7.405552,19.25982,12.74654,             101P   1627
-7.280432,19.1361,12.80352,-7.13882,19.02876,12.8719,-6.984532,      101P   1628
18.93559,12.94583,-6.821893,18.85447,13.01931,-6.655482,             101P   1629
18.77209,13.0938,-6.486578,18.70189,13.16839,-6.312897,18.64154,     101P   1630
13.24205,-6.134994,18.5888,13.31367,-5.953429,18.54124,13.38233,     101P   1631
-5.768949,18.49649,13.44704,-5.582308,18.39995,13.58649,             101P   1632
-5.17982,18.32387,13.70874,-4.767836,18.26528,13.81558,              101P   1633
-4.348215,18.22113,13.90884,-3.922819,18.18835,13.99041,             101P   1634
-3.493509,18.16386,14.06213,-3.06213,18.1352,14.14603,-2.557404,     101P   1635
18.11148,14.20619,-2.049288,18.0931,14.24612,-1.538618,18.08046,     101P   1636
14.26929,-1.026256,18.07399,14.27919,-0.5130822,18.07409,            101P   1637
14.2793,-1.136868D-013,30.89857,21.29749,-1.136868D-013,             101P   1638
30.89857,21.29749,-0.4408332,30.89308,21.29123,-0.8817637,           101P   1639
30.88042,21.27647,-1.322161,30.8589,21.25092,-1.761382,30.82684,     101P   1640
21.21233,-2.198768,30.78257,21.15844,-2.633649,30.74816,             101P   1641
21.11656,-2.971615,30.70799,21.06685,-3.308783,30.65787,             101P   1642
21.00597,-3.642016,30.59358,20.93056,-3.968182,30.51092,             101P   1643
20.83723,-4.284169,30.40569,20.7226,-4.586875,30.3425,20.65367,      101P   1644
-4.769071,30.27423,20.548,-4.930862,30.20085,20.41587,-5.073683,     101P   1645
30.12297,20.26735,-5.20002,30.03862,20.11256,-5.312087,29.94659,     101P   1646
19.96065,-5.41284,29.87117,19.83611,-5.495312,29.7998,19.69457,      101P   1647
-5.561812,29.72957,19.54392,-5.617195,29.65854,19.3917,              101P   1648
-5.667418,29.58234,19.24574,-5.716534,29.4974,19.11323,              101P   1649
-5.769698,29.40739,18.97276,-5.825997,29.32005,18.82377,             101P   1650
-5.87469,29.2329,18.67098,-5.918344,29.14393,18.51905,-5.960174,     101P   1651
29.05015,18.37269,-6.001693,28.94908,18.23645,-6.045122,             101P   1652
28.77472,18.00132,-6.11984,28.59724,17.7626,-6.187694,28.41432,      101P   1653
17.52495,-6.250817,28.22413,17.29305,-6.312243,28.02428,             101P   1654
17.07143,-6.372384,27.81302,16.86458,-6.432609,27.56792,             101P   1655
16.62444,-6.502298,27.3144,16.39036,-6.56975,27.05232,16.16425,      101P   1656
-6.635495,26.78171,15.94803,-6.700587,26.50259,15.7434,              101P   1657
-6.764809,26.21524,15.55212,-6.828433,25.59374,15.13819,             101P   1658
-6.965806,24.91667,14.8201,-7.092431,24.20932,14.55403,              101P   1659
-7.216014,23.49695,14.29617,-7.343741,22.80512,14.00299,             101P   1660
-7.482059,22.1598,13.6305,-7.635937,21.92731,13.49627,-7.691382,     101P   1661
21.7056,13.34459,-7.749661,21.48719,13.18746,-7.803896,21.26461,     101P   1662
13.03708,-7.847187,21.03111,12.90516,-7.872975,20.78032,             101P   1663
12.80361,-7.874947,20.56283,12.71496,-7.876402,20.33881,             101P   1664
12.64021,-7.862911,20.11362,12.58344,-7.829467,19.89275,             101P   1665
12.54889,-7.77106,19.68201,12.54047,-7.682828,19.48734,12.56214,     101P   1666
-7.560106,19.31552,12.58124,-7.451738,19.16431,12.62084,             101P   1667
-7.322586,19.03207,12.67619,-7.176527,18.91716,12.74243,             101P   1668
-7.017306,18.8178,12.81503,-6.848938,18.73224,12.88934,              101P   1669
-6.675321,18.64753,12.96276,-6.503497,18.57383,13.03562,             101P   1670
-6.326694,18.50954,13.1072,-6.145641,18.45305,13.17684,              101P   1671
-5.960986,18.40264,13.24396,-5.7734,18.35655,13.30796,-5.583489,     101P   1672
18.25833,13.44426,-5.178842,18.18004,13.56395,-4.765022,             101P   1673
18.11908,13.66871,-4.343824,18.07281,13.76021,-3.917016,             101P   1674
18.03859,13.84014,-3.48633,18.01376,13.91019,-3.05347,17.98488,      101P   1675
13.99168,-2.549809,17.96082,14.05072,-2.043002,17.94209,14.0904,     101P   1676
-1.533822,17.92915,14.1138,-1.023059,17.92249,14.12401,              101P   1677
-0.5115124,17.92259,14.1241,-1.136868D-013,30.93951,20.83056,        101P   1678
-1.136868D-013,30.93951,20.83056,-0.4316524,30.93393,20.82474,       101P   1679
-0.8634263,30.92118,20.81071,-1.294664,30.89972,20.78608,            101P   1680
-1.724716,30.86796,20.74845,-2.152935,30.82435,20.69545,             101P   1681
-2.578684,30.79097,20.65487,-2.904549,30.75168,20.60798,             101P   1682
-3.229902,30.70287,20.55105,-3.551692,30.64091,20.48033,             101P   1683
-3.866925,30.56217,20.39208,-4.172673,30.46301,20.28252,             101P   1684
-4.466061,30.40508,20.21853,-4.637461,30.34379,20.11982,             101P   1685
-4.790337,30.27843,19.99604,-4.927083,30.20888,19.85686,             101P   1686
-5.05077,30.13338,19.7118,-5.164095,30.05035,19.56993,-5.270089,     101P   1687
29.98129,19.45213,-5.357776,29.91522,19.31748,-5.428451,             101P   1688
29.84945,19.17356,-5.488019,29.78192,19.02781,-5.543042,             101P   1689
29.70884,18.88767,-5.598403,29.62688,18.76034,-5.659596,             101P   1690
29.53947,18.62457,-5.724709,29.453,18.48066,-5.780547,29.36565,      101P   1691
18.33305,-5.830587,29.27598,18.18621,-5.878738,29.18168,             101P   1692
18.04454,-5.92719,29.08085,17.9124,-5.978614,28.90574,17.68287,      101P   1693
-6.067856,28.72481,17.45072,-6.146481,28.53698,17.22015,             101P   1694
-6.218344,28.34155,16.99548,-6.287871,28.13722,16.78069,             101P   1695
-6.356404,27.92335,16.57991,-6.426039,27.67371,16.3455,              101P   1696
-6.507344,27.41478,16.11781,-6.582264,27.14708,15.89846,             101P   1697
-6.653204,26.87123,15.6891,-6.722726,26.58782,15.49104,              101P   1698
-6.791804,26.29774,15.30573,-6.861769,25.66677,14.90258,             101P   1699
-7.013989,24.98409,14.59222,-7.14621,24.27298,14.33274,              101P   1700
-7.269892,23.55665,14.08223,-7.396153,22.8583,13.79889,              101P   1701
-7.535978,22.20108,13.44077,-7.699683,21.96306,13.31095,             101P   1702
-7.75891,21.73135,13.16547,-7.817914,21.5001,13.01558,-7.871725,     101P   1703
21.264,12.87321,-7.915808,21.01907,12.74891,-7.942927,20.76308,      101P   1704
12.65363,-7.947678,20.53328,12.56784,-7.951927,20.29789,             101P   1705
12.49752,-7.936544,20.06162,12.44598,-7.898232,19.82976,             101P   1706
12.41694,-7.833996,19.60888,12.41318,-7.739992,19.40601,             101P   1707
12.43751,-7.614077,19.22598,12.45912,-7.502358,19.06561,             101P   1708
12.49892,-7.369236,18.92448,12.55304,-7.218767,18.80168,             101P   1709
12.61756,-7.054618,18.69588,12.68909,-6.880417,18.60574,             101P   1710
12.76424,-6.699339,18.51861,12.83679,-6.524372,18.44112,             101P   1711
12.90815,-6.344354,18.3725,12.97796,-6.16012,18.31186,13.04591,      101P   1712
-5.972349,18.25826,13.11172,-5.781577,18.21072,13.17517,             101P   1713
-5.588219,18.1106,13.30868,-5.181119,18.02974,13.42614,              101P   1714
-4.765177,17.96601,13.52907,-4.342107,17.91726,13.61902,             101P   1715
-3.913574,17.88135,13.69749,-3.48118,17.85614,13.766,-3.046488,      101P   1716
17.82697,13.84522,-2.543624,17.80252,13.90324,-2.037847,             101P   1717
17.78335,13.94272,-1.529873,17.77004,13.96638,-1.020424,             101P   1718
17.76314,13.9769,-0.5102241,17.76324,13.97698,-1.136868D-013,        101P   1719
31.0322,20.37079,-1.136868D-013,31.0322,20.37079,-0.4234804,         101P   1720
31.02642,20.36531,-0.8470908,31.01347,20.35188,-1.270168,            101P   1721
30.99192,20.32801,-1.692062,30.96039,20.29121,-2.112141,             101P   1722
30.91746,20.23898,-2.529786,30.88499,20.19948,-2.845732,             101P   1723
30.84638,20.15518,-3.1614,30.79847,20.10191,-3.47381,30.73811,       101P   1724
20.03548,-3.780052,30.66213,19.95169,-4.077285,30.56734,             101P   1725
19.84634,-4.362731,30.51286,19.78578,-4.526785,30.45688,             101P   1726
19.69368,-4.674508,30.39783,19.57853,-4.808509,30.3345,19.44892,     101P   1727
-4.931656,30.26506,19.31327,-5.046508,30.18751,19.17993,             101P   1728
-5.15562,30.12192,19.06698,-5.247864,30.05895,18.93913,-5.32384,     101P   1729
29.99586,18.80282,-5.389359,29.93011,18.66457,-5.450441,             101P   1730
29.85839,18.5307,-5.512063,29.77749,18.40757,-5.579358,29.69067,     101P   1731
18.27532,-5.651559,29.60352,18.13675,-5.71462,29.51473,17.99533,     101P   1732
-5.77189,29.42314,17.85462,-5.826899,29.3271,17.71804,-5.881974,     101P   1733
29.22515,17.58905,-5.939644,29.04747,17.3642,-6.040155,28.86174,     101P   1734
17.13927,-6.129015,28.66794,16.91717,-6.210237,28.46623,             101P   1735
16.70096,-6.288045,28.25635,16.49339,-6.364264,28.03848,             101P   1736
16.29737,-6.441131,27.7839,16.0684,-6.530957,27.51922,15.8477,       101P   1737
-6.612558,27.24554,15.63605,-6.68895,26.96399,15.43428,              101P   1738
-6.763051,26.67569,15.24291,-6.836501,26.38196,15.06256,             101P   1739
-6.911116,25.74213,14.66982,-7.07365,25.05331,14.36761,              101P   1740
-7.210467,24.33731,14.11548,-7.335198,23.61588,13.8729,              101P   1741
-7.461341,22.9106,13.5994,-7.602636,22.24276,13.25451,-7.772806,     101P   1742
21.99804,13.128,-7.835173,21.75593,12.98927,-7.894968,21.51233,      101P   1743
12.84798,-7.948414,21.26375,12.71446,-7.992283,21.00797,             101P   1744
12.59762,-8.019785,20.74476,12.50675,-8.026283,20.50286,             101P   1745
12.42321,-8.032262,20.25589,12.35746,-8.01492,20.00848,12.31167,     101P   1746
-7.972198,19.76589,12.28849,-7.902412,19.53479,12.28951,             101P   1747
-7.80274,19.32239,12.31638,-7.672371,19.13407,12.3402,-7.556778,     101P   1748
18.96449,12.38026,-7.419706,18.81415,12.4335,-7.264973,18.68288,     101P   1749
12.49693,-7.095975,18.57009,12.56801,-6.915916,18.47518,             101P   1750
12.64426,-6.727495,18.38536,12.71637,-6.549227,18.30386,             101P   1751
12.78649,-6.365982,18.23064,12.85466,-6.178542,18.16558,             101P   1752
12.92103,-5.987539,18.10852,12.98573,-5.793415,18.05928,             101P   1753
13.04893,-5.596494,17.95684,13.18037,-5.186876,17.87313,13.2959,     101P   1754
-4.7686,17.80644,13.39707,-4.343316,17.75505,13.48545,-3.912631,     101P   1755
17.71725,13.56255,-3.478088,17.69136,13.6299,-3.041205,17.66157,     101P   1756
13.70733,-2.538974,17.6366,13.76447,-2.033987,17.61702,13.80373,     101P   1757
-1.526923,17.6034,13.82752,-1.018457,17.59635,13.83824,              101P   1758
-0.5092599,17.59643,13.8383,-1.136868D-013,31.17645,19.92365,        101P   1759
-1.136868D-013,31.17645,19.92365,-0.4164235,31.17036,19.91843,       101P   1760
-0.8329582,31.15702,19.90545,-1.248975,31.13525,19.88217,            101P   1761
-1.663845,31.10388,19.84602,-2.07694,31.06172,19.79448,-2.48763,     101P   1762
31.03006,19.75576,-2.796134,30.99215,19.71376,-3.104489,             101P   1763
30.94502,19.66378,-3.40979,30.88566,19.60112,-3.709134,30.81109,     101P   1764
19.5211,-3.999619,30.71831,19.41902,-4.278341,30.66465,19.35996,     101P   1765
-4.43958,30.61213,19.27344,-4.587097,30.55795,19.16653,              101P   1766
-4.722442,30.49928,19.04634,-4.847169,30.4333,18.91996,              101P   1767
-4.962827,30.3572,18.79448,-5.070969,30.2903,18.68418,-5.166031,     101P   1768
30.22795,18.5625,-5.249023,30.16636,18.43424,-5.32343,30.10174,      101P   1769
18.30417,-5.392739,30.0303,18.1771,-5.460437,29.94825,18.05781,      101P   1770
-5.530011,29.8587,17.92762,-5.605937,29.7693,17.79441,-5.676639,     101P   1771
29.67845,17.66005,-5.743194,29.58454,17.52638,-5.80668,29.48598,     101P   1772
17.39527,-5.868175,29.38115,17.26859,-5.928757,29.19798,             101P   1773
17.04725,-6.034608,29.00625,16.83011,-6.133559,28.80615,             101P   1774
16.61791,-6.226489,28.59792,16.4114,-6.314282,28.38175,16.21131,     101P   1775
-6.397816,28.15788,16.0184,-6.477974,27.89801,15.79447,              101P   1776
-6.571017,27.62759,15.58147,-6.658845,27.34797,15.37864,             101P   1777
-6.742377,27.06052,15.18521,-6.822532,26.7666,15.00043,              101P   1778
-6.900228,26.46759,14.82353,-6.976384,25.82038,14.44065,             101P   1779
-7.141222,25.12461,14.14716,-7.281551,24.40173,13.90333,             101P   1780
-7.410242,23.67316,13.66939,-7.540163,22.96036,13.40558,             101P   1781
-7.684183,22.28475,13.07216,-7.855171,22.03099,12.94692,             101P   1782
-7.919396,21.77801,12.81608,-7.981297,21.52339,12.68597,             101P   1783
-8.036124,21.2647,12.5629,-8.079127,20.99951,12.4532,-8.105555,      101P   1784
20.72538,12.3632,-8.110657,20.4723,12.28011,-8.115367,20.21353,      101P   1785
12.21913,-8.096305,19.95482,12.1804,-8.0511,19.70192,12.16403,       101P   1786
-7.977381,19.4606,12.17015,-7.872778,19.23659,12.1989,-7.73492,      101P   1787
19.04035,12.22408,-7.614145,18.86192,12.2641,-7.473047,18.70202,     101P   1788
12.31679,-7.314342,18.56138,12.38004,-7.140746,18.44073,             101P   1789
12.45169,-6.954975,18.34078,12.5296,-6.759745,18.2478,12.60208,      101P   1790
-6.578126,18.16208,12.67116,-6.391724,18.08416,12.73765,             101P   1791
-6.201039,18.01458,12.80234,-6.006573,17.95386,12.86604,             101P   1792
-5.808829,17.90255,12.92955,-5.608307,17.79713,13.06001,             101P   1793
-5.196352,17.71036,13.17388,-4.775603,17.64074,13.2731,-4.34771,     101P   1794
17.58677,13.35961,-3.914319,17.54695,13.43536,-3.47708,17.5198,      101P   1795
13.50228,-3.03764,17.48879,13.57868,-2.535984,17.46312,13.63517,     101P   1796
-2.03159,17.44322,13.67408,-1.525126,17.42953,13.69771,              101P   1797
-1.017261,17.4225,13.7084,-0.5086629,17.42257,13.70845,              101P   1798
-1.136868D-013,31.3207,19.47651,-1.136868D-013,31.3207,19.47651,     101P   1799
-0.4093667,31.31439,19.4713,-0.8188255,31.30077,19.45845,            101P   1800
-1.227764,31.27883,19.43555,-1.635579,31.24757,19.4002,              101P   1801
-2.041678,31.20598,19.34998,-2.445473,31.17497,19.31253,             101P   1802
-2.746582,31.13794,19.2723,-3.047593,31.09187,19.22469,              101P   1803
-3.345661,31.03376,19.16512,-3.637954,30.96058,19.08899,             101P   1804
-3.921654,30.86929,18.99169,-4.193952,30.81612,18.93502,             101P   1805
-4.352547,30.76757,18.85262,-4.499588,30.71904,18.75167,             101P   1806
-4.635766,30.66588,18.63934,-4.761778,30.60327,18.52272,             101P   1807
-4.878286,30.5269,18.40901,-4.986313,30.45718,18.3048,-5.084948,     101P   1808
30.39586,18.18837,-5.174706,30.33699,18.06506,-5.257203,             101P   1809
30.27505,17.9403,-5.3345,30.20418,17.81947,-5.408244,30.119,         101P   1810
17.70805,-5.480664,30.02458,17.58432,-5.560936,29.93328,             101P   1811
17.45588,-5.639091,29.84182,17.32533,-5.71429,29.74733,17.19539,     101P   1812
-5.786288,29.64669,17.06873,-5.854248,29.53714,16.94814,             101P   1813
-5.91787,29.34529,16.73691,-6.029286,29.14783,16.52735,              101P   1814
-6.138061,28.9433,16.32099,-6.242105,28.73069,16.11968,              101P   1815
-6.340674,28.5089,15.92517,-6.431906,28.27727,15.73944,              101P   1816
-6.514816,28.01009,15.5253,-6.610449,27.73406,15.31998,              101P   1817
-6.704348,27.44965,15.12323,-6.795093,27.15753,14.93509,             101P   1818
-6.88224,26.8584,14.75549,-6.964627,26.5532,14.58455,-7.041638,      101P   1819
25.89666,14.21696,-7.207294,25.19455,13.93112,-7.351159,             101P   1820
24.46634,13.69119,-7.484934,23.7318,13.46158,-7.62051,23.01134,      101P   1821
13.20648,-7.768122,22.32675,12.8898,-7.937536,22.06348,12.76783,     101P   1822
-8.002721,21.80007,12.64397,-8.067071,21.53483,12.5227,              101P   1823
-8.124223,21.26582,12.40827,-8.167824,20.99062,12.30562,             101P   1824
-8.193185,20.70601,12.21966,-8.19503,20.44213,12.13993,              101P   1825
-8.196754,20.17217,12.08415,-8.175775,19.90233,12.05123,             101P   1826
-8.128637,19.63851,12.04022,-8.052042,19.3862,12.05051,              101P   1827
-7.942968,19.1508,12.08142,-7.797468,18.94681,12.10821,              101P   1828
-7.671378,18.75989,12.14863,-7.52604,18.59089,12.20117,              101P   1829
-7.363234,18.44115,12.26433,-7.185068,18.31239,12.33624,             101P   1830
-6.993788,18.20638,12.41494,-6.791995,18.10928,12.48697,             101P   1831
-6.607254,18.01932,12.55505,-6.417632,17.93723,12.62029,             101P   1832
-6.223567,17.86377,12.68381,-6.025563,17.79971,12.74674,             101P   1833
-5.824204,17.74582,12.81016,-5.62012,17.63639,12.93886,              101P   1834
-5.205906,17.54648,13.05103,-4.78265,17.47441,13.14867,              101P   1835
-4.352097,17.4185,13.23379,-3.915995,17.37701,13.30843,              101P   1836
-3.476078,17.34824,13.37466,-3.034074,17.31561,13.44972,             101P   1837
-2.532985,17.28915,13.50551,-2.029186,17.26905,13.54415,             101P   1838
-1.523327,17.25549,13.56779,-1.016065,17.24865,13.57857,             101P   1839
-0.5080659,17.24871,13.57861,-1.136868D-013,31.51418,19.04926,       101P   1840
-1.136868D-013,31.51418,19.04926,-0.4035715,31.50773,19.044,         101P   1841
-0.8072139,31.4939,19.0312,-1.210332,31.47179,19.00857,-1.61234,     101P   1842
31.44048,18.9738,-2.012664,31.39906,18.92462,-2.410739,31.36826,     101P   1843
18.88806,-2.70665,31.3313,18.84907,-3.00239,31.28533,18.80321,       101P   1844
-3.295258,31.22746,18.74603,-3.582565,31.15483,18.67308,             101P   1845
-3.861638,31.06455,18.57989,-4.129817,31.01164,18.52527,             101P   1846
-4.286992,30.96434,18.44691,-4.434538,30.91746,18.35168,             101P   1847
-4.572713,30.86577,18.24647,-4.701721,30.80383,18.13803,             101P   1848
-4.821563,30.72685,18.0333,-4.93262,30.65507,17.93546,-5.036036,     101P   1849
30.5924,17.82418,-5.131965,30.53239,17.70543,-5.221359,30.46912,     101P   1850
17.58536,-5.305679,30.39622,17.46991,-5.385671,30.30799,             101P   1851
17.36522,-5.46276,30.20912,17.24776,-5.54908,30.11428,17.12383,      101P   1852
-5.633553,30.01969,16.99688,-5.715094,29.92201,16.87052,             101P   1853
-5.793289,29.81763,16.74821,-5.866866,29.70337,16.63355,             101P   1854
-5.935167,29.50258,16.43193,-6.055174,29.29775,16.22917,             101P   1855
-6.171877,29.08671,16.02811,-6.283201,28.86784,15.83192,             101P   1856
-6.388493,28.63937,15.64348,-6.485557,28.40011,15.46593,             101P   1857
-6.573156,28.12465,15.26154,-6.674027,27.84199,15.06322,             101P   1858
-6.772537,27.55202,14.87188,-6.867339,27.25487,14.68872,             101P   1859
-6.958053,26.95065,14.51468,-7.043354,26.63981,14.3509,              101P   1860
-7.122481,25.97184,13.99896,-7.292539,25.26296,13.72012,-7.4388,     101P   1861
24.53035,13.48325,-7.573899,23.79152,13.25716,-7.710197,             101P   1862
23.06457,13.01065,-7.85855,22.36892,12.71189,-8.028896,22.09575,     101P   1863
12.59427,-8.095802,21.82167,12.47642,-8.16079,21.54531,12.36215,     101P   1864
-8.217748,21.26514,12.25514,-8.260582,20.97935,12.15961,             101P   1865
-8.284676,20.68561,12.07974,-8.285,20.40881,12.00423,-8.28537,       101P   1866
20.12679,11.95338,-8.261645,19.8455,11.92563,-8.210636,19.57075,     101P   1867
11.91959,-8.129336,19.30806,11.93408,-8.014993,19.06298,             101P   1868
11.96782,-7.864157,18.85088,11.99702,-7.733627,18.65489,             101P   1869
12.03848,-7.584132,18.47656,12.0912,-7.417075,18.31786,12.15418,     101P   1870
-7.234142,18.18105,12.22618,-7.037163,18.06845,12.30588,             101P   1871
-6.828269,17.96712,12.37751,-6.640425,17.87267,12.44491,             101P   1872
-6.447601,17.78612,12.50937,-6.250205,17.70852,12.57215,             101P   1873
-6.048688,17.64088,12.63458,-5.843581,17.58423,12.69796,             101P   1874
-5.635439,17.4707,12.82482,-5.218634,17.37737,12.93565,              101P   1875
-4.792673,17.30249,13.03228,-4.359305,17.24425,13.1166,              101P   1876
-3.920282,17.20085,13.19051,-3.477348,17.17047,13.25592,             101P   1877
-3.032238,17.13626,13.32952,-2.531364,17.10899,13.38465,             101P   1878
-2.02785,17.0886,13.42319,-1.522318,17.07507,13.44702,-1.015401,     101P   1879
17.06834,13.45801,-0.5077427,17.06838,13.45804,-1.136868D-013,       101P   1880
31.75383,18.64643,-1.136868D-013,31.75383,18.64643,-0.3990734,       101P   1881
31.74727,18.64108,-0.7981944,31.73327,18.62822,-1.196785,            101P   1882
31.71095,18.60568,-1.594273,31.67946,18.5713,-1.990096,31.6379,      101P   1883
18.52293,-2.383697,31.60698,18.48692,-2.67666,31.56944,18.44868,     101P   1884
-2.969292,31.5227,18.40393,-3.259076,31.46415,18.34841,              101P   1885
-3.543503,31.39118,18.27782,-3.820077,31.3012,18.18791,-4.08631,     101P   1886
31.24797,18.13468,-4.243824,31.19968,18.06,-4.393362,31.15127,       101P   1887
17.97006,-4.534962,31.0977,17.87112,-4.668549,31.03372,17.76928,     101P   1888
-4.79364,30.95469,17.67082,-4.909957,30.88074,17.57875,              101P   1889
-5.018875,30.81465,17.47231,-5.120677,30.75048,17.35792,             101P   1890
-5.216307,30.68272,17.24218,-5.307054,30.60549,17.13139,             101P   1891
-5.393335,30.51346,17.03202,-5.476059,30.40993,16.92025,             101P   1892
-5.569133,30.31012,16.80057,-5.659041,30.21043,16.67717,             101P   1893
-5.745383,30.10757,16.55436,-5.828184,29.99802,16.4362,              101P   1894
-5.906611,29.87863,16.32687,-5.980248,29.66829,16.13423,             101P   1895
-6.109953,29.45468,15.9378,-6.233022,29.23553,15.74187,              101P   1896
-6.349011,29.00894,15.55078,-6.458251,28.77288,15.36853,             101P   1897
-6.559611,28.52577,15.19919,-6.652546,28.24134,15.00428,             101P   1898
-6.759493,27.95132,14.81256,-6.861332,27.65521,14.62639,             101P   1899
-6.958057,27.35267,14.44808,-7.050064,27.04334,14.27972,             101P   1900
-7.136936,26.72709,14.12341,-7.218528,26.04657,13.78696,             101P   1901
-7.394061,25.33063,13.51476,-7.541658,24.59408,13.28062,             101P   1902
-7.675753,23.85181,13.05769,-7.809834,23.11896,12.81953,             101P   1903
-7.95697,22.41119,12.53882,-8.129015,22.12782,12.42613,              101P   1904
-8.197916,21.84284,12.31372,-8.26215,21.55501,12.20539,              101P   1905
-8.317033,21.2632,12.10505,-8.357908,20.96648,12.01652,              101P   1906
-8.380438,20.66423,11.94365,-8.380419,20.37323,11.8731,              101P   1907
-8.380368,20.07864,11.82704,-8.353261,19.7858,11.80397,              101P   1908
-8.297048,19.50016,11.8025,-8.209797,19.22737,11.82112,              101P   1909
-8.089664,18.97327,11.85824,-7.934888,18.75266,11.89043,             101P   1910
-7.800485,18.54719,11.93345,-7.646908,18.35937,11.98671,             101P   1911
-7.475496,18.19172,12.04964,-7.287638,18.04683,12.12176,             101P   1912
-7.084804,17.92724,12.20259,-6.868495,17.82156,12.27393,             101P   1913
-6.677485,17.72239,12.341,-6.48144,17.63114,12.4051,-6.28073,        101P   1914
17.54914,12.46755,-6.075703,17.4777,12.52976,-5.866747,17.41813,     101P   1915
12.59315,-5.654219,17.3004,12.71828,-5.234501,17.20341,12.82813,     101P   1916
-4.805601,17.12538,12.92425,-4.369213,17.0645,13.00824,              101P   1917
-3.927038,17.01897,13.08172,-3.480779,16.98695,13.14634,             101P   1918
-3.03213,16.95118,13.21847,-2.531155,16.92304,13.27303,              101P   1919
-2.027629,16.90229,13.31157,-1.52214,16.8887,13.33571,-1.015291,     101P   1920
16.88204,13.34699,-0.5077008,16.88206,13.34701,-1.136868D-013,       101P   1921
32.03659,18.2726,-1.136868D-013,32.03659,18.2726,-0.3959082,         101P   1922
32.02992,18.26707,-0.7918396,32.01573,18.254,-1.187233,31.99316,     101P   1923
18.23138,-1.581531,31.96136,18.1972,-1.974176,31.91947,18.14945,     101P   1924
-2.364616,31.88812,18.1137,-2.656929,31.84945,18.0757,-2.948684,     101P   1925
31.8012,18.0314,-3.237566,31.7411,17.97672,-3.521254,31.6669,        101P   1926
17.90761,-3.797436,31.57636,17.82003,-4.063805,31.52192,             101P   1927
17.76731,-4.223984,31.47055,17.69548,-4.377288,31.41783,             101P   1928
17.60991,-4.523729,31.35945,17.51608,-4.663168,31.29088,17.4193,     101P   1929
-4.794949,31.20805,17.32505,-4.918397,31.13098,17.23749,             101P   1930
-5.033234,31.05958,17.13533,-5.140806,30.98891,17.02508,             101P   1931
-5.242311,30.91428,16.9134,-5.339054,30.83073,16.8066,-5.431504,     101P   1932
30.73366,16.71114,-5.520326,30.62481,16.60422,-5.619988,30.5188,     101P   1933
16.48852,-5.714668,30.4125,16.36869,-5.804905,30.30294,16.24939,     101P   1934
-5.891331,30.18698,16.13507,-5.973904,30.06169,16.03017,             101P   1935
-6.052713,29.8412,15.84572,-6.191483,29.61777,15.65548,              101P   1936
-6.319731,29.38928,15.46481,-6.438937,29.15377,15.2789,-6.55054,     101P   1937
28.90917,15.10256,-6.654918,28.65361,14.94054,-6.752535,             101P   1938
28.36001,14.75455,-6.864741,28.06226,14.56935,-6.968873,             101P   1939
27.75956,14.38847,-7.066393,27.45122,14.21511,-7.158525,             101P   1940
27.13649,14.05229,-7.245981,26.81471,13.9029,-7.329397,26.12163,     101P   1941
13.58118,-7.509124,25.39852,13.31557,-7.657056,24.65787,             101P   1942
13.08434,-7.789152,23.91208,12.86471,-7.919953,23.17333,12.6346,     101P   1943
-8.064767,22.45344,12.37097,-8.237659,22.1597,12.26314,              101P   1944
-8.308243,21.86363,12.15605,-8.370924,21.56417,12.0535,              101P   1945
-8.422762,21.26059,11.95958,-8.460848,20.95283,11.87777,             101P   1946
-8.481363,20.6419,11.81159,-8.481137,20.33636,11.7464,-8.480963,     101P   1947
20.02904,11.70518,-8.450189,19.72459,11.68663,-8.388202,             101P   1948
19.42807,11.68953,-8.294418,19.14515,11.71217,-8.16815,18.88178,     101P   1949
11.75282,-8.009562,18.65234,11.78823,-7.871414,18.43717,             101P   1950
11.83315,-7.713793,18.23969,11.88737,-7.53801,18.06296,11.95063,     101P   1951
-7.345183,17.9098,12.02317,-7.136423,17.783,12.10524,-6.912601,      101P   1952
17.67284,12.17647,-6.718278,17.56878,12.24353,-6.518953,             101P   1953
17.47258,12.30767,-6.314912,17.38594,12.37017,-6.106359,             101P   1954
17.31049,12.43246,-5.893489,17.24788,12.49595,-5.676418,             101P   1955
17.12583,12.61963,-5.253475,17.02495,12.72887,-4.821365,16.9435,     101P   1956
12.82487,-4.381703,16.87973,12.9089,-3.936122,16.83186,12.98224,     101P   1957
-3.486258,16.79814,13.04616,-3.033747,16.76076,13.11698,             101P   1958
-2.532395,16.7317,13.17106,-2.028567,16.71054,13.2097,-1.522829,     101P   1959
16.69685,13.23418,-1.015759,16.69023,13.24579,-0.5079478,            101P   1960
16.69024,13.24579,-1.136868D-013,32.35938,17.93232,                  101P   1961
-1.136868D-013,32.35938,17.93232,-0.3941112,32.35258,17.92651,       101P   1962
-0.7882227,32.33816,17.91305,-1.18179,32.31527,17.89015,             101P   1963
-1.574268,32.28307,17.85598,-1.965109,32.24072,17.80872,             101P   1964
-2.353767,32.2087,17.77296,-2.647771,32.16844,17.7347,-2.940958,     101P   1965
32.11804,17.69012,-3.231188,32.05562,17.63544,-3.516314,             101P   1966
31.97927,17.56684,-3.79419,31.88713,17.48056,-4.062674,31.83028,     101P   1967
17.42726,-4.228428,31.77399,17.35724,-4.387884,31.71475,             101P   1968
17.27494,-4.540962,31.6491,17.18492,-4.68745,31.57349,17.09158,      101P   1969
-4.826721,31.48456,16.99948,-4.95801,31.40262,16.91466,              101P   1970
-5.078949,31.32424,16.81608,-5.192563,31.24544,16.70981,             101P   1971
-5.300072,31.16227,16.60199,-5.402638,31.07071,16.49848,             101P   1972
-5.500865,30.96685,16.40526,-5.595324,30.8515,16.30185,              101P   1973
-5.700151,30.73823,16.18985,-5.799183,30.62432,16.0738,              101P   1974
-5.893298,30.50705,15.95818,-5.98325,30.38363,15.84731,              101P   1975
-6.069431,30.25134,15.74549,-6.152162,30.02008,15.56766,             101P   1976
-6.296687,29.78612,15.38361,-6.429127,29.54748,15.19883,             101P   1977
-6.55157,29.30212,15.01856,-6.665617,29.04798,14.84777,              101P   1978
-6.772361,28.78301,14.69129,-6.872673,28.48063,14.51287,             101P   1979
-6.987061,28.17512,14.33426,-7.092541,27.86553,14.15929,             101P   1980
-7.190892,27.55088,13.99142,-7.283366,27.23017,13.834,-7.37103,      101P   1981
26.90237,13.69019,-7.454705,26.19796,13.38128,-7.634443,             101P   1982
25.46765,13.1226,-7.781777,24.72206,12.89547,-7.912508,23.97162,     101P   1983
12.68023,-8.0412,23.22637,12.45788,-8.183603,22.4956,12.20872,       101P   1984
-8.354591,22.19147,12.1049,-8.425828,21.88418,12.00328,              101P   1985
-8.486675,21.5731,11.90709,-8.53539,21.25799,11.81989,-8.57025,      101P   1986
20.9393,11.74449,-8.588221,20.61865,11.68377,-8.587007,20.29931,     101P   1987
11.62329,-8.585803,19.97946,11.58694,-8.551263,19.66342,             101P   1988
11.57327,-8.483802,19.35596,11.58082,-8.38381,19.06247,11.60762,     101P   1989
-8.251493,18.78863,11.65171,-8.088082,18.55015,11.6901,              101P   1990
-7.945767,18.32521,11.73708,-7.784089,18.11789,11.79271,             101P   1991
-7.60405,17.93174,11.85703,-7.406375,17.77003,11.93059,              101P   1992
-7.191744,17.63598,12.01401,-6.960515,17.52124,12.08539,             101P   1993
-6.762648,17.4121,12.15273,-6.559942,17.31073,12.21724,              101P   1994
-6.352517,17.2192,12.28015,-6.140401,17.13956,12.34281,              101P   1995
-5.923588,17.07383,12.40657,-5.701992,16.94731,12.52928,             101P   1996
-5.275531,16.84235,12.63826,-4.839899,16.75728,12.73444,             101P   1997
-4.39666,16.6904,12.81876,-3.94739,16.64004,12.89218,-3.493671,      101P   1998
16.60449,12.95565,-3.037087,16.56541,13.02543,-2.535116,             101P   1999
16.53537,13.07919,-2.03071,16.51377,13.11796,-1.524425,16.49998,     101P   2000
13.14278,-1.016827,16.49339,13.15467,-0.5084913,16.49338,            101P   2001
13.15466,-1.136868D-013,32.71914,17.63015,-1.136868D-013,            101P   2002
32.71914,17.63015,-0.3937181,32.71217,17.62392,-0.7874169,           101P   2003
32.69744,17.6099,-1.180566,32.67414,17.5865,-1.572637,32.64146,      101P   2004
17.55215,-1.963098,32.59861,17.50527,-2.351419,32.56572,             101P   2005
17.46929,-2.649504,32.52355,17.43028,-2.946529,32.47054,             101P   2006
17.38474,-3.240458,32.4051,17.32915,-3.529252,32.32565,17.26001,     101P   2007
-3.810875,32.23061,17.17378,-4.08329,32.16966,17.11848,              101P   2008
-4.257999,32.10706,17.04934,-4.426977,32.03989,16.96952,             101P   2009
-4.589388,31.96524,16.88218,-4.744396,31.88021,16.79048,             101P   2010
-4.891167,31.78187,16.69759,-5.028865,31.69187,16.61257,             101P   2011
-5.154888,31.60504,16.51686,-5.275389,31.51749,16.41496,             101P   2012
-5.390301,31.42528,16.31136,-5.499555,31.32452,16.21057,             101P   2013
-5.603082,31.21128,16.11707,-5.700814,31.08757,16.01493,             101P   2014
-5.807571,30.96618,15.90644,-5.910931,30.84423,15.79488,             101P   2015
-6.010285,30.71885,15.68357,-6.10502,30.58718,15.5758,-6.194527,     101P   2016
30.44635,15.47488,-6.278195,30.20376,15.30102,-6.422327,             101P   2017
29.95895,15.1234,-6.558399,29.70971,14.94588,-6.685934,29.45383,     101P   2018
14.77235,-6.80445,29.1891,14.60668,-6.913469,28.91331,14.45276,      101P   2019
-7.012511,28.60319,14.27969,-7.123881,28.29033,14.10791,             101P   2020
-7.230001,27.97364,13.94006,-7.330475,27.65204,13.77873,             101P   2021
-7.424907,27.32444,13.62655,-7.512903,26.98974,13.48613,             101P   2022
-7.594067,26.27651,13.18689,-7.767025,25.53909,12.93589,             101P   2023
-7.912889,24.787,12.71505,-8.044369,24.02971,12.50626,-8.174172,     101P   2024
23.27673,12.29142,-8.315006,22.53756,12.05245,-8.479579,             101P   2025
22.22319,11.95082,-8.549571,21.90457,11.85521,-8.60902,21.58205,     101P   2026
11.76699,-8.655752,21.25596,11.68754,-8.68759,20.92667,11.61821,     101P   2027
-8.702358,20.59452,11.56039,-8.697881,20.2632,11.5027,-8.693414,     101P   2028
19.93134,11.47134,-8.655302,19.60371,11.46361,-8.583742,             101P   2029
19.28509,11.47678,-8.478932,18.98025,11.50817,-8.341068,             101P   2030
18.69396,11.55505,-8.170348,18.4464,11.59559,-8.022724,18.21182,     101P   2031
11.64454,-7.856899,17.99438,11.70213,-7.672903,17.79823,             101P   2032
11.76859,-7.470763,17.62752,11.84416,-7.250507,17.48642,             101P   2033
11.92907,-7.012164,17.36699,12.00094,-6.810438,17.25264,             101P   2034
12.06883,-6.604208,17.14588,12.13398,-6.393308,17.04923,12.1976,     101P   2035
-6.177568,16.96521,12.26095,-5.956822,16.89634,12.32523,-5.7309,     101P   2036
16.76519,12.44764,-5.300646,16.65599,12.55674,-4.861146,             101P   2037
16.56713,12.65327,-4.413973,16.497,12.738,-3.9607,16.44398,          101P   2038
12.81167,-3.502901,16.40647,12.87506,-3.042149,16.36554,             101P   2039
12.94424,-2.539356,16.33446,12.99784,-2.034103,16.31241,             101P   2040
13.03674,-1.526966,16.29854,13.0618,-1.018519,16.29201,13.0739,      101P   2041
-0.5093388,16.29198,13.07388,-1.136868D-013,33.0789,17.32797,        101P   2042
-1.136868D-013,33.0789,17.32797,-0.393325,33.07186,17.32126,         101P   2043
-0.786611,33.05693,17.30657,-1.179342,33.03328,17.28261,             101P   2044
-1.571004,33.00008,17.24812,-1.961085,32.9565,17.20182,              101P   2045
-2.349072,32.92256,17.16576,-2.651239,32.87866,17.12587,             101P   2046
-2.952096,32.82333,17.07911,-3.249729,32.7551,17.02242,              101P   2047
-3.542208,32.67252,16.95274,-3.827589,32.5741,16.86701,              101P   2048
-4.103906,32.50873,16.80999,-4.287552,32.44033,16.74127,             101P   2049
-4.466063,32.36603,16.66317,-4.637911,32.28295,16.57797,             101P   2050
-4.801621,32.18827,16.48802,-4.955933,32.07917,16.3957,-5.09972,     101P   2051
31.97988,16.31174,-5.230534,31.8848,16.21879,-5.357897,31.78932,     101P   2052
16.12036,-5.480376,31.68894,16.02007,-5.596687,31.57919,             101P   2053
15.92164,-5.70567,31.4557,15.82888,-5.806304,31.32271,15.72912,      101P   2054
-5.914586,31.1933,15.62407,-6.022274,31.0639,15.51628,-6.127081,     101P   2055
30.93104,15.4085,-6.226998,30.7913,15.30351,-6.31999,30.64137,       101P   2056
15.20427,-6.404228,30.38646,15.03574,-6.547334,30.13088,             101P   2057
14.86458,-6.687006,29.8716,14.69352,-6.819884,29.60576,14.52586,     101P   2058
-6.94344,29.33062,14.36489,-7.054992,29.04362,14.21424,              101P   2059
-7.152349,28.72531,14.0473,-7.260235,28.40511,13.8824,-7.366966,     101P   2060
28.08155,13.72124,-7.469741,27.75324,13.56599,-7.56648,27.41884,     101P   2061
13.41879,-7.654986,27.0771,13.28206,-7.733428,26.35477,12.99315,     101P   2062
-7.899158,25.6106,12.74913,-8.044039,24.85248,12.53328,              101P   2063
-8.177097,24.08859,12.33005,-8.308879,23.32765,12.12289,             101P   2064
-8.448073,22.57952,11.89618,-8.604566,22.25468,11.79761,             101P   2065
-8.672605,21.92504,11.70737,-8.731171,21.59128,11.62574,             101P   2066
-8.776965,21.254,11.55305,-8.806881,20.91365,11.4899,-8.818325,      101P   2067
20.57039,11.437,-8.808754,20.22749,11.38415,-8.799199,19.88417,      101P   2068
11.35809,-8.757268,19.54508,11.35545,-8.682248,19.21477,             101P   2069
11.37326,-8.573632,18.8979,11.40859,-8.430748,18.59928,11.4584,      101P   2070
-8.252614,18.34275,11.50119,-8.09959,18.09886,11.55241,              101P   2071
-7.929365,17.87176,11.61225,-7.741214,17.66592,11.68092,             101P   2072
-7.534583,17.48602,11.75831,-7.308922,17.33686,11.84413,             101P   2073
-7.063814,17.2119,11.916,-6.858521,17.09225,11.98444,-6.648718,      101P   2074
16.98052,12.05048,-6.43419,16.87931,12.1151,-6.214701,16.79122,      101P   2075
12.17925,-5.989996,16.71884,12.24388,-5.759808,16.58237,             101P   2076
12.36569,-5.325874,16.46881,12.47487,-4.882481,16.37643,             101P   2077
12.57188,-4.431318,16.30344,12.65717,-3.974008,16.24804,             101P   2078
12.73121,-3.512129,16.20845,12.79448,-3.047211,16.16555,12.863,      101P   2079
-2.543599,16.13341,12.91644,-2.037499,16.11094,12.95548,             101P   2080
-1.529507,16.09704,12.98081,-1.020211,16.09062,12.99312,             101P   2081
-0.5101862,16.09057,12.99311,-1.136868D-013,33.46981,17.06879,       101P   2082
-1.136868D-013,33.46981,17.06879,-0.3944349,33.46288,17.06179,       101P   2083
-0.7888416,33.44798,17.04662,-1.182662,33.42408,17.02213,            101P   2084
-1.575353,33.39018,16.98716,-1.96639,33.34524,16.94055,              101P   2085
-2.355263,33.30959,16.90356,-2.663974,33.26365,16.86231,             101P   2086
-2.971265,33.20582,16.81396,-3.275097,33.1345,16.75565,              101P   2087
-3.573468,33.04809,16.68453,-3.864403,32.94495,16.59771,             101P   2088
-4.145948,32.87367,16.53757,-4.340887,32.79757,16.46767,             101P   2089
-4.530629,32.71407,16.38957,-4.713256,32.62055,16.30475,             101P   2090
-4.886891,32.51447,16.21485,-5.049912,32.39325,16.12157,             101P   2091
-5.200861,32.28391,16.03755,-5.336896,32.17892,15.94578,-5.4709,     101P   2092
32.07352,15.84916,-5.600469,31.96305,15.75077,-5.723379,             101P   2093
31.84291,15.65381,-5.837559,31.70861,15.56161,-5.941103,             101P   2094
31.56587,15.46379,-6.051041,31.42734,15.36098,-6.162188,             101P   2095
31.28919,15.25555,-6.27121,31.14768,15.15015,-6.375109,30.99911,     101P   2096
15.04743,-6.470858,30.83994,14.95024,-6.55568,30.57206,14.78688,     101P   2097
-6.698324,30.30458,14.62056,-6.839988,30.03416,14.45407,             101P   2098
-6.975895,29.7576,14.29083,-7.102246,29.47182,14.13422,              101P   2099
-7.215063,29.17395,13.98804,-7.310938,28.84691,13.82772,             101P   2100
-7.416126,28.51883,13.66867,-7.522149,28.18805,13.51275,             101P   2101
-7.625177,27.85295,13.36234,-7.722213,27.51199,13.21977,             101P   2102
-7.810111,27.16374,13.08764,-7.886154,26.43095,12.80972,             101P   2103
-8.046128,25.67956,12.57124,-8.188715,24.91595,12.35845,             101P   2104
-8.320986,24.14672,12.15895,-8.451798,23.37905,11.95912,             101P   2105
-8.587845,22.62115,11.74637,-8.737231,22.28464,11.65164,             101P   2106
-8.803704,21.94343,11.56591,-8.860272,21.59826,11.48936,             101P   2107
-8.903584,21.24985,11.42223,-8.930472,20.89877,11.36501,             101P   2108
-8.93827,20.54542,11.3183,-8.924405,20.1891,11.27106,-8.910506,      101P   2109
19.83315,11.25009,-8.864037,19.48206,11.25207,-8.784222,             101P   2110
19.14028,11.2741,-8.670518,18.81241,11.31323,-8.522238,18.50324,     101P   2111
11.36637,-8.338479,18.23779,11.412,-8.180709,17.98445,11.46582,      101P   2112
-8.006101,17.74766,11.52802,-7.813544,17.53218,11.5988,              101P   2113
-7.602108,17.34298,11.67808,-7.370874,17.18512,11.76568,             101P   2114
-7.119079,17.05443,11.83815,-6.910744,16.92948,11.90743,             101P   2115
-6.697597,16.81283,11.97443,-6.479395,16.70705,12.04006,             101P   2116
-6.25589,16.61472,12.10522,-6.026831,16.5384,12.17079,-5.791968,     101P   2117
16.39624,12.29284,-5.354763,16.27822,12.40248,-4.907601,             101P   2118
16.18231,12.50007,-4.452235,16.10646,12.58595,-3.990386,             101P   2119
16.04861,12.6605,-3.523744,16.00671,12.72408,-3.053977,15.96166,     101P   2120
12.79237,-2.549369,15.9284,12.84581,-2.042203,15.90552,12.885,       101P   2121
-1.533083,15.89165,12.91052,-1.022609,15.88537,12.92297,             101P   2122
-0.5113817,15.88531,12.92295,-1.136868D-013,33.88685,16.85484,       101P   2123
-1.136868D-013,33.88685,16.85484,-0.3969755,33.88014,16.84761,       101P   2124
-0.7939469,33.86541,16.83201,-1.190288,33.84133,16.80692,            101P   2125
-1.585406,33.80659,16.77121,-1.978743,33.75986,16.72373,             101P   2126
-2.369776,33.72198,16.68521,-2.687288,33.67373,16.64205,             101P   2127
-3.003317,33.61319,16.5915,-3.31559,33.53846,16.53087,-3.621937,     101P   2128
33.4476,16.45737,-3.92027,33.33861,16.36824,-4.208596,33.26008,      101P   2129
16.30389,-4.416864,33.17478,16.23116,-4.619385,33.08048,             101P   2130
16.15112,-4.814058,32.9749,16.06471,-4.998786,32.85577,15.97306,     101P   2131
-5.171654,32.72084,15.87743,-5.330873,32.60066,15.79244,             101P   2132
-5.472483,32.48443,15.70035,-5.612883,32.36755,15.60388,             101P   2133
-5.749046,32.24548,15.50587,-5.878078,32.11372,15.40928,-5.9972,     101P   2134
31.96787,15.31719,-6.103764,31.81491,15.22081,-6.21537,31.66643,     101P   2135
15.11914,-6.329171,31.51854,15.01482,-6.441282,31.36746,             101P   2136
14.91066,-6.548071,31.20941,14.80951,-6.645888,31.04071,             101P   2137
14.71433,-6.731276,30.75936,14.5558,-6.873556,30.47924,14.393,       101P   2138
-7.015769,30.19691,14.22953,-7.152736,29.90904,14.06939,             101P   2139
-7.279991,29.61235,13.91655,-7.392928,29.30366,13.77522,             101P   2140
-7.487353,28.96762,13.62152,-7.590065,28.63138,13.46747,             101P   2141
-7.694213,28.29317,13.31569,-7.795838,27.95122,13.16915,             101P   2142
-7.891563,27.60382,13.03074,-7.977888,27.24934,12.90354,             101P   2143
-8.05161,26.50546,12.63667,-8.206279,25.74667,12.40273,              101P   2144
-8.345423,24.97787,12.19176,-8.475177,24.20402,11.99474,             101P   2145
-8.602964,23.43033,11.80169,-8.734685,22.66237,11.60334,             101P   2146
-8.877249,22.31348,11.5129,-8.942179,21.96039,11.43109,              101P   2147
-8.995826,21.60374,11.35859,-9.03547,21.24424,11.29611,-9.05844,     101P   2148
20.8826,11.24445,-9.062277,20.51966,11.20446,-9.044649,20.1489,      101P   2149
11.16341,-9.026711,19.7797,11.14735,-8.975158,19.41636,11.15356,     101P   2150
-8.889663,19.06325,11.17942,-8.77006,18.72491,11.22221,              101P   2151
-8.616156,18.40597,11.27909,-8.427818,18.13151,11.32802,             101P   2152
-8.265729,17.86862,11.38475,-8.086738,17.62216,11.44949,             101P   2153
-7.889589,17.3971,11.52247,-7.673131,17.1985,11.60385,-7.436228,     101P   2154
17.03146,11.69383,-7.177853,16.89488,11.76737,-6.966738,             101P   2155
16.76459,11.83779,-6.750343,16.64303,11.90597,-6.52841,16.53267,     101P   2156
11.97279,-6.300722,16.43597,12.03919,-6.067077,16.3554,12.10609,     101P   2157
-5.827302,16.2073,12.22897,-5.386926,16.08472,12.33949,              101P   2158
-4.935943,15.98525,12.4379,-4.47615,15.90652,12.52456,-4.00939,      101P   2159
15.84614,12.59982,-3.53752,15.80175,12.664,-3.062426,15.75445,       101P   2160
12.73235,-2.5566,15.72002,12.78593,-2.048121,15.69674,12.82531,      101P   2161
-1.537592,15.6829,12.85101,-1.025637,15.67679,12.86358,              101P   2162
-0.5128901,15.67671,12.86356,-1.136868D-013,34.32501,16.68835,       101P   2163
-1.136868D-013,34.32501,16.68835,-0.4008743,34.31859,16.68084,       101P   2164
-0.8017681,34.30408,16.66471,-1.201991,34.27982,16.63888,            101P   2165
-1.600897,34.24415,16.60222,-1.997883,34.19539,16.55363,             101P   2166
-2.392394,34.15486,16.5132,-2.720745,34.10405,16.46751,              101P   2167
-3.047537,34.04061,16.41399,-3.370258,33.96215,16.35014,             101P   2168
-3.686552,33.86629,16.27333,-3.994174,33.75054,16.18096,             101P   2169
-4.29103,33.66362,16.11151,-4.514321,33.56798,16.03433,              101P   2170
-4.731034,33.46168,15.95028,-4.938981,33.3427,15.86015,              101P   2171
-5.135939,33.20904,15.76487,-5.319757,33.05866,15.66553,             101P   2172
-5.488345,32.92693,15.57869,-5.635795,32.79849,15.48488,             101P   2173
-5.782334,32.66901,15.38694,-5.924592,32.53418,15.28773,             101P   2174
-6.059258,32.3897,15.19024,-6.183074,32.23132,15.09751,              101P   2175
-6.292844,32.06781,15.00197,-6.405996,31.90879,14.90048,             101P   2176
-6.521733,31.7505,14.79615,-6.635952,31.58916,14.69217,              101P   2177
-6.744669,31.42102,14.59173,-6.843899,31.2423,14.49807,              101P   2178
-6.929745,30.94731,14.34371,-7.071294,30.65419,14.1834,              101P   2179
-7.212825,30.35951,14.02179,-7.349298,30.05989,13.86366,             101P   2180
-7.475951,29.7519,13.71374,-7.587963,29.43211,13.57679,              101P   2181
-7.680666,29.08713,13.42923,-7.780583,28.74272,13.27949,             101P   2182
-7.881873,28.397,13.13112,-7.980865,28.04814,12.98776,-8.074089,     101P   2183
27.69428,12.85299,-8.158001,27.33358,12.73041,-8.229163,             101P   2184
26.57879,12.47401,-8.378031,25.81266,12.24403,-8.512741,             101P   2185
25.03873,12.0344,-8.638848,24.26038,11.83922,-8.762405,23.48087,     101P   2186
11.65226,-8.888923,22.70308,11.46739,-9.024299,22.34169,             101P   2187
11.38126,-9.087353,21.97665,11.30305,-9.137452,21.60851,             101P   2188
11.23409,-9.172709,21.23792,11.17571,-9.191151,20.86574,             101P   2189
11.12916,-9.190672,20.49313,11.09565,-9.169301,20.1078,11.06091,     101P   2190
-9.147266,19.72529,11.04968,-9.090327,19.34968,11.05991,             101P   2191
-8.998769,18.98526,11.08942,-8.872936,18.63643,11.13582,             101P   2192
-8.713261,18.30761,11.19667,-8.52051,18.02395,11.24916,              101P   2193
-8.354232,17.75145,11.30909,-8.170842,17.49532,11.37669,             101P   2194
-7.969028,17.26069,11.4522,-7.747476,17.05262,11.53601,              101P   2195
-7.504895,16.87615,11.62872,-7.240031,16.73355,11.70359,             101P   2196
-7.026107,16.59785,11.7755,-6.806419,16.47135,11.84519,              101P   2197
-6.580707,16.35636,11.91356,-6.348783,16.2552,11.98148,              101P   2198
-6.110493,16.17022,12.04991,-5.865732,16.01605,12.17396,             101P   2199
-5.421967,15.8888,12.28574,-4.966935,15.78571,12.38539,              101P   2200
-4.502484,15.70403,12.47321,-4.030575,15.64106,12.54945,             101P   2201
-3.553228,15.59408,12.61439,-3.072533,15.54448,12.68293,             101P   2202
-2.565225,15.50885,12.73678,-2.055155,15.48515,12.77642,             101P   2203
-1.542938,15.47135,12.80237,-1.029222,15.46542,12.81509,             101P   2204
-0.5146766,15.46531,12.81507,-1.136868D-013,34.77926,16.57156,       101P   2205
-1.136868D-013,34.77926,16.57156,-0.4060589,34.77312,16.5636,        101P   2206
-0.8121455,34.75883,16.54671,-1.217539,34.73437,16.51989,            101P   2207
-1.621555,34.69772,16.48215,-2.023546,34.64685,16.43249,-2.4229,     101P   2208
34.60343,16.39008,-2.76393,34.54984,16.34119,-3.103207,34.48321,     101P   2209
16.28369,-3.43812,34.40067,16.21548,-3.766192,34.29931,16.13438,     101P   2210
-4.085044,34.17617,16.03822,-4.392431,34.08015,15.96319,             101P   2211
-4.632247,33.9734,15.88,-4.864431,33.85418,15.78977,-5.086759,       101P   2212
33.72066,15.69358,-5.296961,33.57103,15.5926,-5.492753,33.40344,     101P   2213
15.48812,-5.671862,33.25961,15.39855,-5.825423,33.11836,             101P   2214
15.30174,-5.977869,32.97557,15.20079,-6.125719,32.82714,             101P   2215
15.09882,-6.265492,32.66892,14.99898,-6.393709,32.49681,             101P   2216
14.90448,-6.506895,32.32255,14.8089,-6.621354,32.15275,14.70672,     101P   2217
-6.738419,31.98369,14.60149,-6.853939,31.81161,14.49677,             101P   2218
-6.963769,31.63276,14.3961,-7.063772,31.44335,14.30301,              101P   2219
-7.149815,31.13495,14.15158,-7.289742,30.8289,13.99292,              101P   2220
-7.429591,30.52175,13.83248,-7.564473,30.21002,13.67561,             101P   2221
-7.689455,29.89019,13.52763,-7.799603,29.55865,13.39379,             101P   2222
-7.889951,29.20519,13.25121,-7.986153,28.85286,13.10519,             101P   2223
-8.083786,28.49973,12.95989,-8.17937,28.14388,12.8194,-8.269351,     101P   2224
27.78334,12.68775,-8.350158,27.41615,12.5689,-8.418178,26.65147,     101P   2225
12.32148,-8.559734,25.87833,12.0954,-8.68918,25.09903,11.88749,      101P   2226
-8.811142,24.31567,11.69437,-8.930155,23.53002,11.51267,             101P   2227
-9.050918,22.7432,11.33883,-9.178056,22.36979,11.25626,              101P   2228
-9.238493,21.99302,11.18151,-9.284723,21.61343,11.11619,             101P   2229
-9.315396,21.23172,11.06189,-9.329025,20.84879,11.02005,             101P   2230
-9.323842,20.46589,10.99203,-9.298174,20.06675,10.96281,             101P   2231
-9.27142,19.6714,10.95625,-9.208975,19.28377,10.97063,-9.111513,     101P   2232
18.90793,11.00401,-8.979685,18.54807,11.05426,-8.814271,             101P   2233
18.20829,11.11922,-8.616431,17.91516,11.17526,-8.445758,             101P   2234
17.63299,11.23872,-8.257965,17.36717,11.30971,-8.051574,             101P   2235
17.12292,11.38838,-7.825048,16.90534,11.47509,-7.576869,             101P   2236
16.71946,11.57045,-7.305505,16.57075,11.64672,-7.088443,             101P   2237
16.42953,11.72046,-6.865289,16.29796,11.79223,-6.635771,             101P   2238
16.17826,11.86268,-6.399686,16.07262,11.93248,-6.156865,             101P   2239
15.98325,12.00236,-5.907182,15.82298,12.12765,-5.459487,             101P   2240
15.69097,12.24109,-5.000001,15.58413,12.34256,-4.530655,             101P   2241
15.49941,12.43212,-4.053498,15.43378,12.50971,-3.570644,             101P   2242
15.38422,12.57537,-3.084278,15.33233,12.6441,-2.575176,15.29549,     101P   2243
12.6983,-2.063208,15.27135,12.73836,-1.549021,15.25756,12.76468,     101P   2244
-1.033288,15.25177,12.77764,-0.5167063,15.25164,12.77762,            101P   2245
-1.136868D-013,35.24459,16.50669,-1.136868D-013,35.24459,            101P   2246
16.50669,-0.4124569,35.23866,16.49798,-0.8249136,35.22447,           101P   2247
16.47989,-1.236687,35.19972,16.45175,-1.647094,35.16209,             101P   2248
16.41288,-2.055452,35.10926,16.3626,-2.461077,35.06297,16.31855,     101P   2249
-2.816452,35.00632,16.26566,-3.169582,34.93604,16.20277,             101P   2250
-3.518083,34.84889,16.12871,-3.859571,34.74161,16.0423,              101P   2251
-4.191664,34.61096,15.94238,-4.511978,34.50579,15.86195,-4.7698,     101P   2252
34.38755,15.77135,-5.018553,34.25463,15.67257,-5.256093,             101P   2253
34.10545,15.56765,-5.480277,33.9384,15.4586,-5.688964,33.7519,       101P   2254
15.34744,-5.880011,33.59563,15.25429,-6.040096,33.44131,             101P   2255
15.15338,-6.198287,33.28488,15.04812,-6.351204,33.12226,             101P   2256
14.94187,-6.495462,32.94939,14.83804,-6.62768,32.7622,14.74,         101P   2257
-6.744473,32.5772,14.64312,-6.859896,32.39665,14.53955,              101P   2258
-6.977861,32.21673,14.4329,-7.094122,32.0336,14.3268,-7.204432,      101P   2259
31.84346,14.22486,-7.304544,31.64248,14.13068,-7.390212,             101P   2260
31.32135,13.9802,-7.527093,31.00287,13.82264,-7.664586,30.6834,      101P   2261
13.66328,-7.797371,30.3593,13.5074,-7.920128,30.02692,13.3603,       101P   2262
-8.027538,29.68263,13.22725,-8.11428,29.32156,13.08773,              101P   2263
-8.205249,28.96186,12.94497,-8.298655,28.60154,12.80288,             101P   2264
-8.390567,28.23857,12.66537,-8.477054,27.87097,12.53633,             101P   2265
-8.554183,27.49673,12.41968,-8.618023,26.72407,12.17885,             101P   2266
-8.749826,25.9445,11.95707,-8.873346,25.1593,11.75223,-8.991261,     101P   2267
24.36974,11.56219,-9.106255,23.57709,11.38482,-9.221007,             101P   2268
22.78262,11.21799,-9.338199,22.39835,11.1373,-9.394882,22.01029,     101P   2269
11.06611,-9.43733,21.61934,11.0053,-9.463858,21.22638,10.95572,      101P   2270
-9.472783,20.8323,10.91825,-9.462419,20.43798,10.89377,              101P   2271
-9.431084,20.02667,10.86823,-9.398398,19.61952,10.86614,             101P   2272
-9.330557,19.22031,10.88522,-9.227952,18.83281,10.92322,             101P   2273
-9.090973,18.46083,10.97785,-8.920012,18.10813,11.04686,             101P   2274
-8.715458,17.80521,11.10613,-8.539776,17.51331,11.17345,             101P   2275
-8.347597,17.2377,11.24863,-8.136934,16.98369,11.33144,-7.9058,      101P   2276
16.75658,11.42168,-7.652207,16.56165,11.51914,-7.374169,16.4068,     101P   2277
11.59656,-7.153296,16.25988,11.67254,-6.926373,16.12305,             101P   2278
11.74715,-6.69307,15.99849,11.82047,-6.453055,15.88837,11.89259,     101P   2279
-6.206,15.79488,11.96358,-5.951575,15.6286,12.08985,-5.499067,       101P   2280
15.49172,12.20533,-5.034542,15.38096,12.30942,-4.560068,             101P   2281
15.29305,12.40149,-4.077713,15.22471,12.48092,-3.589546,             101P   2282
15.17267,12.54708,-3.097636,15.11858,12.61585,-2.586384,             101P   2283
15.08054,12.67047,-2.072184,15.05591,12.71112,-1.555741,             101P   2284
15.04207,12.73802,-1.037759,15.03639,12.75136,-0.5189441,            101P   2285
15.03624,12.75134,-1.136868D-013,35.70992,16.44182,                  101P   2286
-1.136868D-013,35.70992,16.44182,-0.4188549,35.70405,16.43238,       101P   2287
-0.8376818,35.68979,16.41313,-1.255827,35.66465,16.38367,            101P   2288
-1.67261,35.62611,16.34366,-2.087329,35.57167,16.29271,              101P   2289
-2.499253,35.52283,16.24697,-2.868999,35.46285,16.19012,             101P   2290
-3.235985,35.38845,16.12192,-3.598001,35.29631,16.04208,             101P   2291
-3.952795,35.18317,15.95038,-4.298081,35.04574,15.84654,             101P   2292
-4.631525,34.93203,15.76058,-4.907517,34.801,15.66282,-5.17255,      101P   2293
34.65255,15.55599,-5.424532,34.48659,15.4429,-5.661896,34.30279,     101P   2294
15.32581,-5.883396,34.10038,15.20674,-6.088168,33.93418,15.109,      101P   2295
-6.256274,33.76613,15.00413,-6.42006,33.59403,14.89537,              101P   2296
-6.576772,33.41546,14.78588,-6.724037,33.22773,14.67842,             101P   2297
-6.85974,33.02758,14.57553,-6.982049,32.83395,14.47603,              101P   2298
-7.100322,32.64218,14.37122,-7.218963,32.44981,14.26416,             101P   2299
-7.334518,32.25422,14.15781,-7.443699,32.05257,14.05499,             101P   2300
-7.543393,31.84161,13.95835,-7.63061,31.51029,13.80662,              101P   2301
-7.767519,31.17897,13.6502,-7.902533,30.84551,13.49336,              101P   2302
-8.031264,30.50756,13.34015,-8.149445,30.16238,13.19467,             101P   2303
-8.253173,29.8066,13.06072,-8.338599,29.43925,12.92247,              101P   2304
-8.426733,29.07201,12.78303,-8.515814,28.70365,12.64526,             101P   2305
-8.602601,28.33281,12.51197,-8.683864,27.95795,12.38611,             101P   2306
-8.756607,27.57729,12.27049,-8.817823,26.79795,12.03384,             101P   2307
-8.943089,26.01191,11.81613,-9.060971,25.22017,11.61543,             101P   2308
-9.173436,24.42377,11.4299,-9.282486,23.62392,11.25772,              101P   2309
-9.390105,22.82204,11.09715,-9.498341,22.42701,11.01799,             101P   2310
-9.55175,22.02772,10.95002,-9.590853,21.62534,10.8935,-9.61353,      101P   2311
21.22098,10.84864,-9.617777,20.81563,10.81583,-9.60184,20.41006,     101P   2312
10.79551,-9.563992,19.98678,10.7743,-9.524495,19.56807,10.7768,      101P   2313
-9.451111,19.15733,10.80034,-9.343655,18.75798,10.84264,             101P   2314
-9.201972,18.3736,10.90145,-9.025744,18.00797,10.9745,-8.814485,     101P   2315
17.69526,11.03699,-8.6338,17.39376,11.10829,-8.437093,17.10861,      101P   2316
11.18775,-8.222017,16.84503,11.27473,-7.986227,16.60832,             101P   2317
11.36844,-7.727327,16.40384,11.46784,-7.442832,16.24246,             101P   2318
11.54628,-7.218323,16.08972,11.62447,-6.987638,15.94773,             101P   2319
11.70197,-6.750488,15.81852,11.77822,-6.506472,15.70411,             101P   2320
11.85269,-6.25514,15.60651,11.92481,-5.995967,15.43426,12.05204,     101P   2321
-5.53864,15.29241,12.16956,-5.069102,15.17759,12.27623,-4.58952,     101P   2322
15.08638,12.37081,-4.101966,15.01537,12.45208,-3.608467,             101P   2323
14.96112,12.5188,-3.110994,14.90512,12.58765,-2.597574,14.86593,     101P   2324
12.64268,-2.081146,14.84073,12.68392,-1.562456,14.82669,             101P   2325
12.71137,-1.042231,14.821,12.72508,-0.521182,14.82083,12.72506,      101P   2326
-1.136868D-013,36.1788,16.42992,-1.136868D-013,36.1788,16.42992,     101P   2327
-0.4265501,36.17305,16.42034,-0.8531318,36.15879,16.40063,           101P   2328
-1.278976,36.13329,16.37024,-1.703318,36.0938,16.32861,              101P   2329
-2.125404,36.03758,16.27518,-2.544483,35.98583,16.22606,             101P   2330
-2.930391,35.92248,16.16512,-3.313494,35.84402,16.09217,-3.6912,     101P   2331
35.74694,16.00703,-4.06101,35.62776,15.90944,-4.420511,35.48292,     101P   2332
15.79909,-4.767356,35.35946,15.70509,-5.063161,35.21514,             101P   2333
15.59901,-5.34586,35.05098,15.48346,-5.613681,34.868,15.36117,       101P   2334
-5.865459,34.6669,15.23426,-6.100398,34.44785,15.10468,              101P   2335
-6.318149,34.27068,14.99984,-6.49418,34.08868,14.88985,              101P   2336
-6.663453,33.90091,14.77697,-6.8241,33.70626,14.66334,-6.974603,     101P   2337
33.50324,14.55092,-7.113722,33.28988,14.44146,-7.240484,             101P   2338
33.08706,14.33739,-7.360884,32.88402,14.23042,-7.479754,             101P   2339
32.67929,14.12245,-7.594438,32.47121,14.01525,-7.702409,             101P   2340
32.25787,13.91065,-7.801366,32.03699,13.81034,-7.88911,31.69495,     101P   2341
13.65501,-8.024858,31.35093,13.49863,-8.15658,31.00374,13.34369,     101P   2342
-8.280799,30.65202,13.19246,-8.394107,30.29396,13.04768,             101P   2343
-8.493613,29.92717,12.91177,-8.57644,29.55348,12.77335,              101P   2344
-8.660708,29.17889,12.63643,-8.744793,28.80271,12.50251,             101P   2345
-8.826037,28.42413,12.37297,-8.901767,28.04214,12.24967,             101P   2346
-8.969686,27.65547,12.13432,-9.027456,26.86943,11.89988,             101P   2347
-9.144789,26.07691,11.68502,-9.256383,25.27877,11.4877,              101P   2348
-9.363112,24.47596,11.30619,-9.465982,23.6695,11.13884,              101P   2349
-9.566006,22.86064,10.98439,-9.664384,22.45377,10.90657,             101P   2350
-9.714059,22.04275,10.84099,-9.749038,21.62888,10.78768,             101P   2351
-9.767138,21.21336,10.74671,-9.766295,20.79728,10.7183,-9.74472,     101P   2352
20.38153,10.70282,-9.700668,19.9453,10.68651,-9.654506,19.51406,     101P   2353
10.6933,-9.575015,19.09115,10.72085,-9.461842,18.67995,10.76708,     101P   2354
-9.314668,18.28403,10.82995,-9.133047,17.90717,10.90736,             101P   2355
-8.91644,17.5849,10.97356,-8.731215,17.27392,11.04882,-8.52992,      101P   2356
16.97925,11.13234,-8.31006,16.70606,11.22333,-8.069188,16.45963,     101P   2357
11.3208,-7.804834,16.24529,11.42362,-7.514523,16.07743,11.50413,     101P   2358
-7.287252,15.91909,11.58472,-7.053153,15.77207,11.6648,              101P   2359
-6.812003,15.63823,11.74367,-6.56351,15.51936,11.82062,              101P   2360
-6.307354,15.41727,11.8949,-6.043176,15.23893,12.02465,              101P   2361
-5.581888,15.09218,12.14453,-5.107653,14.97339,12.2534,              101P   2362
-4.622736,14.87895,12.35001,-4.129349,14.80522,12.43308,             101P   2363
-3.629686,14.74858,12.50133,-3.125922,14.69057,12.5712,-2.6103,      101P   2364
14.65021,12.62692,-2.091503,14.62446,12.66858,-1.570309,             101P   2365
14.61028,12.69626,-1.047489,14.60461,12.71005,-0.523801,             101P   2366
14.60442,12.71004,-1.136868D-013,36.64578,16.47023,                  101P   2367
-1.136868D-013,36.64578,16.47023,-0.4353795,36.64023,16.46086,       101P   2368
-0.8708983,36.62608,16.4411,-1.3056,36.60028,16.40994,-1.738586,     101P   2369
36.5598,16.36637,-2.169023,36.50158,16.30933,-2.596129,36.44661,     101P   2370
16.25558,-2.999663,36.37993,16.1904,-3.400666,36.29762,16.11302,     101P   2371
-3.79585,36.19578,16.02275,-4.182209,36.07047,15.91865,              101P   2372
-4.556998,35.9176,15.79975,-4.9177,35.78349,15.6956,-5.234373,       101P   2373
35.6257,15.58007,-5.535937,35.44598,15.45507,-5.820932,35.24607,     101P   2374
15.32257,-6.088319,35.02739,15.18422,-6.337306,34.79096,             101P   2375
15.04167,-6.567419,34.60215,14.92778,-6.751099,34.40618,             101P   2376
14.81146,-6.925823,34.20293,14.69352,-7.090616,33.9923,14.5747,      101P   2377
-7.244608,33.77386,14.45605,-7.387087,33.547,14.33851,-7.517435,     101P   2378
33.33466,14.22845,-7.639335,33.12047,14.11831,-7.758068,             101P   2379
32.90359,14.00859,-7.871717,32.68318,13.89965,-7.978368,             101P   2380
32.45814,13.79235,-8.076301,32.22734,13.68741,-8.163796,             101P   2381
31.87435,13.52691,-8.297474,31.51788,13.3693,-8.425191,31.15733,     101P   2382
13.21514,-8.544384,30.79212,13.06478,-8.652423,30.42129,             101P   2383
12.91967,-8.747199,30.04377,12.78102,-8.826523,29.66378,             101P   2384
12.64148,-8.906241,29.2821,12.50619,-8.984725,28.89839,12.37525,     101P   2385
-9.05991,28.51234,12.24864,-9.129675,28.12339,12.1272,-9.192327,     101P   2386
27.73098,12.01161,-9.246099,26.93835,11.77814,-9.354603,             101P   2387
26.13948,11.565,-9.459235,25.33523,11.37007,-9.559703,24.52639,      101P   2388
11.19175,-9.655934,23.71381,11.02863,-9.747916,22.89836,             101P   2389
10.87994,-9.835937,22.47905,10.80334,-9.88143,22.0561,10.73948,      101P   2390
-9.911644,21.63077,10.68852,-9.924575,21.20427,10.65065,             101P   2391
-9.918272,20.77778,10.62626,-9.890956,20.35241,10.61581,             101P   2392
-9.840895,19.90277,10.60468,-9.788049,19.45853,10.61554,             101P   2393
-9.702058,19.02312,10.64678,-9.582627,18.60011,10.6967,              101P   2394
-9.429497,18.19312,10.76353,-9.242401,17.80585,10.84552,             101P   2395
-9.021178,17.47413,10.91574,-8.831682,17.15375,10.99501,             101P   2396
-8.625722,16.84965,11.08256,-8.400828,16.56691,11.17762,             101P   2397
-8.154623,16.3107,11.27923,-7.884779,16.08626,11.38655,              101P   2398
-7.589112,15.91195,11.46991,-7.359575,15.74811,11.55314,             101P   2399
-7.122219,15.59622,11.63573,-6.876939,15.4578,11.71713,              101P   2400
-6.623674,15.33439,11.79673,-6.362388,15.22755,11.87391,             101P   2401
-6.093095,15.04303,12.00722,-5.628244,14.89143,12.12984,             101P   2402
-5.149385,14.76879,12.24086,-4.658909,14.6712,12.33935,              101P   2403
-4.159252,14.59476,12.42429,-3.652897,14.53557,12.49469,             101P   2404
-3.142378,14.47548,12.56615,-2.62442,14.43395,12.62275,              101P   2405
-2.103062,14.40767,12.66479,-1.579111,14.39338,12.69254,             101P   2406
-1.05339,14.38777,12.70628,-0.5267353,14.38756,12.70628,             101P   2407
-1.136868D-013,37.10544,16.56197,-1.136868D-013,37.10544,            101P   2408
16.56197,-0.4451799,37.10019,16.55289,-0.8906146,37.08626,           101P   2409
16.53317,-1.335162,37.06024,16.50125,-1.777779,37.01873,             101P   2410
16.45554,-2.217524,36.9583,16.39445,-2.653553,36.8998,16.33537,      101P   2411
-3.075861,36.82993,16.26573,-3.496041,36.74413,16.18386,             101P   2412
-3.910062,36.63779,16.08824,-4.3143,36.50634,15.977,-4.705509,       101P   2413
36.34492,15.84825,-5.080785,36.19956,15.73241,-5.418873,             101P   2414
36.02845,15.60621,-5.74022,35.83366,15.47063,-6.0435,35.61721,       101P   2415
15.3267,-6.32752,35.38093,15.17547,-6.591168,35.12639,15.01814,      101P   2416
-6.833445,34.92562,14.89397,-7.024442,34.71585,14.76993,             101P   2417
-7.204593,34.49755,14.64549,-7.373674,34.2713,14.52013,-7.5313,      101P   2418
34.03753,14.39401,-7.677088,33.79688,14.2674,-7.810556,33.57494,     101P   2419
14.15058,-7.933536,33.34983,14.03612,-8.051812,33.12118,             101P   2420
13.92331,-8.164173,32.88875,13.81142,-8.26928,32.6522,13.70043,      101P   2421
-8.365912,32.41138,13.59031,-8.45275,32.04751,13.4239,-8.583826,     101P   2422
31.67898,13.2636,-8.706906,31.30559,13.10848,-8.820426,30.92734,     101P   2423
12.95745,-8.922632,30.54402,12.81089,-9.012179,30.15583,             101P   2424
12.66908,-9.087568,29.76968,12.52802,-9.162441,29.38122,             101P   2425
12.39332,-9.234785,28.99039,12.26406,-9.30327,28.59722,12.13923,     101P   2426
-9.366487,28.20159,12.01885,-9.423413,27.80356,11.90278,             101P   2427
-9.472932,27.00457,11.6698,-9.572233,26.19966,11.45735,              101P   2428
-9.669211,25.38963,11.26359,-9.762634,24.57515,11.08731,             101P   2429
-9.851532,23.75683,10.92751,-9.935031,22.93509,10.78401,             101P   2430
-10.01261,22.50334,10.70851,-10.05355,22.06853,10.64591,             101P   2431
-10.07857,21.63184,10.59665,-10.08591,21.19448,10.56124,             101P   2432
-10.07382,20.75768,10.54033,-10.04057,20.32277,10.53462,             101P   2433
-9.98446,19.85972,10.5285,-9.92477,19.40248,10.54332,-9.832079,      101P   2434
18.95462,10.57816,-9.7062,18.51983,10.6317,-9.546968,18.10182,       101P   2435
10.70247,-9.354343,17.70415,10.78906,-9.128557,17.36294,             101P   2436
10.86336,-8.934823,17.03324,10.9468,-8.724127,16.71983,11.03863,     101P   2437
-8.494109,16.42766,11.1381,-8.242536,16.16173,11.24429,              101P   2438
-7.967279,15.92704,11.35668,-7.666472,15.7462,11.44328,              101P   2439
-7.434742,15.57693,11.52946,-7.194094,15.42027,11.61479,             101P   2440
-6.944598,15.27738,11.69894,-6.68647,15.14947,11.78144,              101P   2441
-6.420003,15.03776,11.86187,-6.145617,14.84695,11.99925,             101P   2442
-5.677116,14.69054,12.12502,-5.193463,14.56416,12.23849,             101P   2443
-4.697213,14.46355,12.3391,-4.19106,14.38444,12.42611,-3.677794,     101P   2444
14.32261,12.49888,-3.160318,14.2604,12.57209,-2.639797,14.21769,     101P   2445
12.62971,-2.115631,14.19092,12.6722,-1.588668,14.17655,12.70006,     101P   2446
-1.059792,14.17102,12.71376,-0.5299191,14.1708,12.71377,             101P   2447
-1.136868D-013,37.55234,16.70435,-1.136868D-013,37.55234,            101P   2448
16.70435,-0.4557885,37.54749,16.69534,-0.9119066,37.53394,           101P   2449
16.67535,-1.367107,37.50781,16.64243,-1.820236,37.46524,             101P   2450
16.59459,-2.27023,37.40234,16.52984,-2.716115,37.34002,16.46567,     101P   2451
-3.158077,37.26719,16.39118,-3.598161,37.17834,16.30407,             101P   2452
-4.031865,37.06793,16.2022,-4.455042,36.93041,16.0831,-4.863874,     101P   2453
36.76,15.94431,-5.25484,36.60319,15.8166,-5.614667,36.41929,         101P   2454
15.67828,-5.956339,36.21022,15.53007,-6.278508,35.97792,15.3727,     101P   2455
-6.579764,35.72418,15.20714,-6.858652,35.45079,15.03451,             101P   2456
-7.11369,35.23813,14.90021,-7.312022,35.01498,14.76688,              101P   2457
-7.497568,34.78225,14.63364,-7.670765,34.541,14.49962,-7.831789,     101P   2458
34.29226,14.36469,-7.980731,34.03742,14.22884,-8.117503,             101P   2459
33.80604,14.1055,-8.241626,33.57039,13.98541,-8.35918,33.3305,       101P   2460
13.86755,-8.469762,33.0866,13.7509,-8.572806,32.83888,13.63508,      101P   2461
-8.667786,32.58785,13.51977,-8.754055,32.21346,13.34782,             101P   2462
-8.882641,31.83338,13.18322,-9.000566,31.44781,13.02466,             101P   2463
-9.107524,31.05718,12.87079,-9.203012,30.66186,12.72147,             101P   2464
-9.286745,30.26276,12.57654,-9.358294,29.8707,12.43419,              101P   2465
-9.428514,29.47587,12.29893,-9.494252,29.07841,12.1696,              101P   2466
-9.555235,28.67859,12.04499,-9.611121,28.27662,11.92471,             101P   2467
-9.661812,27.87295,11.80826,-9.707133,27.06792,11.57607,             101P   2468
-9.797449,26.25745,11.36338,-9.886076,25.44211,11.16934,             101P   2469
-9.971395,24.62235,10.99359,-10.05199,23.79852,10.83593,             101P   2470
-10.12655,22.97076,10.69684,-10.194,22.52713,10.62225,-10.23024,     101P   2471
22.08081,10.5606,-10.24988,21.63295,10.51266,-10.25139,21.18475,     101P   2472
10.47922,-10.23319,20.73751,10.46116,-10.19365,20.29263,             101P   2473
10.45937,-10.13115,19.81667,10.45745,-10.06428,19.34693,             101P   2474
10.47615,-9.964866,18.88699,10.51478,-9.832693,18.44051,             101P   2475
10.57216,-9.667551,18.0111,10.647,-9.469387,17.60222,10.73806,       101P   2476
-9.238432,17.25134,10.8162,-9.040242,16.91233,10.90413,              101P   2477
-8.824764,16.58978,11.00087,-8.589737,16.28839,11.10542,             101P   2478
-8.333006,16.01287,11.21671,-8.05252,15.76791,11.33406,              101P   2479
-7.746475,15.58039,11.4239,-7.512204,15.40564,11.5134,-7.268053,     101P   2480
15.24429,11.60207,-7.014319,15.09709,11.68952,-6.751458,             101P   2481
14.96482,11.77525,-6.480007,14.84829,11.85881,-6.200633,             101P   2482
14.65109,12.00021,-5.727911,14.48988,12.12957,-5.239054,             101P   2483
14.35987,12.24621,-4.736835,14.25638,12.34959,-4.224173,             101P   2484
14.17472,12.43903,-3.704086,14.11024,12.51391,-3.1797,14.04588,      101P   2485
12.58865,-2.656286,14.00199,12.64731,-2.129013,13.97476,             101P   2486
12.69044,-1.598787,13.96034,12.71865,-1.066552,13.95493,             101P   2487
12.73249,-0.5332866,13.95468,12.73252,-1.136868D-013,37.98103,       101P   2488
16.89661,-1.136868D-013,37.98103,16.89661,-0.4670421,37.97674,       101P   2489
16.88704,-0.934389,37.96374,16.86598,-1.400858,37.93762,             101P   2490
16.83153,-1.865268,37.89395,16.78177,-2.326435,37.82832,             101P   2491
16.71481,-2.783177,37.76189,16.64704,-3.245453,37.68639,16.567,      101P   2492
-3.705546,37.59505,16.47287,-4.159156,37.48106,16.36281,             101P   2493
-4.601984,37.33763,16.23501,-5.02973,37.15799,16.08764,              101P   2494
-5.438094,36.98999,15.94983,-5.819974,36.79417,15.7975,              101P   2495
-6.181978,36.57193,15.63306,-6.522824,36.32469,15.45892,             101P   2496
-6.841234,36.05385,15.2775,-7.135927,35.76083,15.0912,-7.405622,     101P   2497
35.53671,14.9487,-7.611895,35.30084,14.80427,-7.802725,35.05455,     101P   2498
14.65872,-7.979328,34.79918,14.51287,-8.142919,34.53606,             101P   2499
14.36754,-8.294715,34.26654,14.22355,-8.435932,34.02611,             101P   2500
14.09511,-8.561904,33.78044,13.96792,-8.678496,33.53004,             101P   2501
13.84222,-8.786443,33.27541,13.71827,-8.886484,33.01705,13.5963,     101P   2502
-8.979355,32.75546,13.47656,-9.065794,32.37118,13.30066,             101P   2503
-9.192777,31.98022,13.12993,-9.305126,31.58331,12.96465,             101P   2504
-9.404303,31.18116,12.80506,-9.49177,30.77448,12.65144,              101P   2505
-9.568989,30.36401,12.50403,-9.637422,29.96637,12.36124,             101P   2506
-9.703715,29.56562,12.22412,-9.762458,29.16213,12.09247,             101P   2507
-9.814951,28.75626,11.96611,-9.862487,28.34838,11.84485,             101P   2508
-9.906365,27.93886,11.7285,-9.947881,27.12826,11.49818,              101P   2509
-10.03006,26.31286,11.28442,-10.10963,25.49276,11.08841,             101P   2510
-10.1855,24.66806,10.91131,-10.25654,23.83887,10.75433,              101P   2511
-10.32166,23.00529,10.61864,-10.37973,22.55093,10.54469,             101P   2512
-10.41139,22.09371,10.48393,-10.42578,21.63492,10.43724,             101P   2513
-10.42141,21.17585,10.40548,-10.39678,20.7178,10.38951,              101P   2514
-10.35039,20.26206,10.39019,-10.28074,19.77415,10.39093,             101P   2515
-10.20617,19.2929,10.41351,-10.10022,18.82159,10.45645,              101P   2516
-9.962291,18.36351,10.51827,-9.791785,17.92194,10.59748,             101P   2517
-9.588107,17.50018,10.6926,-9.35066,17.13932,10.77398,-9.147501,     101P   2518
16.79099,10.86693,-8.927245,16.4595,10.96967,-8.687578,16.14915,     101P   2519
11.08042,-8.426189,15.86427,11.19738,-8.140765,15.60915,             101P   2520
11.31876,-7.828991,15.4147,11.41128,-7.591362,15.23433,11.50457,     101P   2521
-7.343323,15.06832,11.5976,-7.085423,14.91699,11.68933,-6.81821,     101P   2522
14.78063,11.77873,-6.542232,14.65954,11.86476,-6.258037,             101P   2523
14.45585,12.00947,-5.780007,14.28982,12.14292,-5.285292,             101P   2524
14.15629,12.26389,-4.776936,14.05008,12.37117,-4.257985,             101P   2525
13.96603,12.46353,-3.731485,13.89898,12.53976,-3.200481,             101P   2526
13.83247,12.61539,-2.673743,13.78743,12.67504,-2.143007,             101P   2527
13.75975,12.71916,-1.609271,13.74532,12.74816,-1.073527,             101P   2528
13.74002,12.76247,-0.5367719,13.73976,12.7625,-1.136868D-013,1.,     101P   2529
15.,1.,5.;                                                           101P   2530
508,4,0,5,12,0,1,1,105,0,5,14,1,1,1,107,0,5,1,0,1,1,109,0,5,15,      103P   2531
1,1,1,111;                                                           103P   2532
126,3,3,1,0,1,0,0.,0.,0.,0.,1.,1.,1.,1.,1.,1.,1.,1.,1.,1.,0.,        105P   2533
5.666667,1.,0.,10.33333,1.,0.,15.,1.,0.,0.,1.,0.,0.,1.;              105P   2534
126,3,3,1,0,1,0,0.,0.,0.,0.,1.,1.,1.,1.,1.,1.,1.,1.,15.,1.,0.,       107P   2535
15.,2.333333,0.,15.,3.666667,0.,15.,5.,0.,0.,1.,0.,0.,1.;            107P   2536
126,3,3,1,0,1,0,0.,0.,0.,0.,1.,1.,1.,1.,1.,1.,1.,1.,15.,5.,0.,       109P   2537
10.33333,5.,0.,5.666667,5.,0.,1.,5.,0.,0.,1.,0.,0.,1.;               109P   2538
126,3,3,1,0,1,0,0.,0.,0.,0.,1.,1.,1.,1.,1.,1.,1.,1.,1.,5.,0.,1.,     111P   2539
3.666667,0.,1.,2.333333,0.,1.,1.,0.,0.,1.,0.,0.,1.;                  111P   2540
510,115,1,1,117;                                                     113P   2541
128,66,24,6,6,0,0,1,0,0,1.,1.,1.,1.,1.,1.,1.,2.,2.,2.,2.,2.,2.,      115P   2542
3.,3.,3.,3.,3.,3.,4.,4.,4.,4.,4.,4.,5.,5.,5.,5.,5.,5.,6.,6.,6.,      115P   2543
6.,6.,6.,7.,7.,7.,7.,7.,7.,8.,8.,8.,8.,8.,8.,9.,9.,9.,9.,9.,9.,      115P   2544
10.,10.,10.,10.,10.,10.,11.,11.,11.,11.,11.,11.,12.,12.,12.,12.,     115P   2545
12.,12.,12.,1.,1.,1.,1.,1.,1.,1.,2.,2.,2.,2.,2.,2.,3.,3.,3.,3.,      115P   2546
3.,3.,4.,4.,4.,4.,4.,4.,5.,5.,5.,5.,5.,5.,5.,1.,1.,1.,1.,1.,1.,      115P   2547
1.,1.,1.,1.,1.,1.,1.,1.,1.,1.,1.,1.,1.,1.,1.,1.,1.,1.,1.,1.,1.,      115P   2548
1.,1.,1.,1.,1.,1.,1.,1.,1.,1.,1.,1.,1.,1.,1.,1.,1.,1.,1.,1.,1.,      115P   2549
1.,1.,1.,1.,1.,1.,1.,1.,1.,1.,1.,1.,1.,1.,1.,1.,1.,1.,1.,1.,1.,      115P   2550
1.,1.,1.,1.,1.,1.,1.,1.,1.,1.,1.,1.,1.,1.,1.,1.,1.,1.,1.,1.,1.,      115P   2551
1.,1.,1.,1.,1.,1.,1.,1.,1.,1.,1.,1.,1.,1.,1.,1.,1.,1.,1.,1.,1.,      115P   2552
1.,1.,1.,1.,1.,1.,1.,1.,1.,1.,1.,1.,1.,1.,1.,1.,1.,1.,1.,1.,1.,      115P   2553
1.,1.,1.,1.,1.,1.,1.,1.,1.,1.,1.,1.,1.,1.,1.,1.,1.,1.,1.,1.,1.,      115P   2554
1.,1.,1.,1.,1.,1.,1.,1.,1.,1.,1.,1.,1.,1.,1.,1.,1.,1.,1.,1.,1.,      115P   2555
1.,1.,1.,1.,1.,1.,1.,1.,1.,1.,1.,1.,1.,1.,1.,1.,1.,1.,1.,1.,1.,      115P   2556
1.,1.,1.,1.,1.,1.,1.,1.,1.,1.,1.,1.,1.,1.,1.,1.,1.,1.,1.,1.,1.,      115P   2557
1.,1.,1.,1.,1.,1.,1.,1.,1.,1.,1.,1.,1.,1.,1.,1.,1.,1.,1.,1.,1.,      115P   2558
1.,1.,1.,1.,1.,1.,1.,1.,1.,1.,1.,1.,1.,1.,1.,1.,1.,1.,1.,1.,1.,      115P   2559
1.,1.,1.,1.,1.,1.,1.,1.,1.,1.,1.,1.,1.,1.,1.,1.,1.,1.,1.,1.,1.,      115P   2560
1.,1.,1.,1.,1.,1.,1.,1.,1.,1.,1.,1.,1.,1.,1.,1.,1.,1.,1.,1.,1.,      115P   2561
1.,1.,1.,1.,1.,1.,1.,1.,1.,1.,1.,1.,1.,1.,1.,1.,1.,1.,1.,1.,1.,      115P   2562
1.,1.,1.,1.,1.,1.,1.,1.,1.,1.,1.,1.,1.,1.,1.,1.,1.,1.,1.,1.,1.,      115P   2563
1.,1.,1.,1.,1.,1.,1.,1.,1.,1.,1.,1.,1.,1.,1.,1.,1.,1.,1.,1.,1.,      115P   2564
1.,1.,1.,1.,1.,1.,1.,1.,1.,1.,1.,1.,1.,1.,1.,1.,1.,1.,1.,1.,1.,      115P   2565
1.,1.,1.,1.,1.,1.,1.,1.,1.,1.,1.,1.,1.,1.,1.,1.,1.,1.,1.,1.,1.,      115P   2566
1.,1.,1.,1.,1.,1.,1.,1.,1.,1.,1.,1.,1.,1.,1.,1.,1.,1.,1.,1.,1.,      115P   2567
1.,1.,1.,1.,1.,1.,1.,1.,1.,1.,1.,1.,1.,1.,1.,1.,1.,1.,1.,1.,1.,      115P   2568
1.,1.,1.,1.,1.,1.,1.,1.,1.,1.,1.,1.,1.,1.,1.,1.,1.,1.,1.,1.,1.,      115P   2569
1.,1.,1.,1.,1.,1.,1.,1.,1.,1.,1.,1.,1.,1.,1.,1.,1.,1.,1.,1.,1.,      115P   2570
1.,1.,1.,1.,1.,1.,1.,1.,1.,1.,1.,1.,1.,1.,1.,1.,1.,1.,1.,1.,1.,      115P   2571
1.,1.,1.,1.,1.,1.,1.,1.,1.,1.,1.,1.,1.,1.,1.,1.,1.,1.,1.,1.,1.,      115P   2572
1.,1.,1.,1.,1.,1.,1.,1.,1.,1.,1.,1.,1.,1.,1.,1.,1.,1.,1.,1.,1.,      115P   2573
1.,1.,1.,1.,1.,1.,1.,1.,1.,1.,1.,1.,1.,1.,1.,1.,1.,1.,1.,1.,1.,      115P   2574
1.,1.,1.,1.,1.,1.,1.,1.,1.,1.,1.,1.,1.,1.,1.,1.,1.,1.,1.,1.,1.,      115P   2575
1.,1.,1.,1.,1.,1.,1.,1.,1.,1.,1.,1.,1.,1.,1.,1.,1.,1.,1.,1.,1.,      115P   2576
1.,1.,1.,1.,1.,1.,1.,1.,1.,1.,1.,1.,1.,1.,1.,1.,1.,1.,1.,1.,1.,      115P   2577
1.,1.,1.,1.,1.,1.,1.,1.,1.,1.,1.,1.,1.,1.,1.,1.,1.,1.,1.,1.,1.,      115P   2578
1.,1.,1.,1.,1.,1.,1.,1.,1.,1.,1.,1.,1.,1.,1.,1.,1.,1.,1.,1.,1.,      115P   2579
1.,1.,1.,1.,1.,1.,1.,1.,1.,1.,1.,1.,1.,1.,1.,1.,1.,1.,1.,1.,1.,      115P   2580
1.,1.,1.,1.,1.,1.,1.,1.,1.,1.,1.,1.,1.,1.,1.,1.,1.,1.,1.,1.,1.,      115P   2581
1.,1.,1.,1.,1.,1.,1.,1.,1.,1.,1.,1.,1.,1.,1.,1.,1.,1.,1.,1.,1.,      115P   2582
1.,1.,1.,1.,1.,1.,1.,1.,1.,1.,1.,1.,1.,1.,1.,1.,1.,1.,1.,1.,1.,      115P   2583
1.,1.,1.,1.,1.,1.,1.,1.,1.,1.,1.,1.,1.,1.,1.,1.,1.,1.,1.,1.,1.,      115P   2584
1.,1.,1.,1.,1.,1.,1.,1.,1.,1.,1.,1.,1.,1.,1.,1.,1.,1.,1.,1.,1.,      115P   2585
1.,1.,1.,1.,1.,1.,1.,1.,1.,1.,1.,1.,1.,1.,1.,1.,1.,1.,1.,1.,1.,      115P   2586
1.,1.,1.,1.,1.,1.,1.,1.,1.,1.,1.,1.,1.,1.,1.,1.,1.,1.,1.,1.,1.,      115P   2587
1.,1.,1.,1.,1.,1.,1.,1.,1.,1.,1.,1.,1.,1.,1.,1.,1.,1.,1.,1.,1.,      115P   2588
1.,1.,1.,1.,1.,1.,1.,1.,1.,1.,1.,1.,1.,1.,1.,1.,1.,1.,1.,1.,1.,      115P   2589
1.,1.,1.,1.,1.,1.,1.,1.,1.,1.,1.,1.,1.,1.,1.,1.,1.,1.,1.,1.,1.,      115P   2590
1.,1.,1.,1.,1.,1.,1.,1.,1.,1.,1.,1.,1.,1.,1.,1.,1.,1.,1.,1.,1.,      115P   2591
1.,1.,1.,1.,1.,1.,1.,1.,1.,1.,1.,1.,1.,1.,1.,1.,1.,1.,1.,1.,1.,      115P   2592
1.,1.,1.,1.,1.,1.,1.,1.,1.,1.,1.,1.,1.,1.,1.,1.,1.,1.,1.,1.,1.,      115P   2593
1.,1.,1.,1.,1.,1.,1.,1.,1.,1.,1.,1.,1.,1.,1.,1.,1.,1.,1.,1.,1.,      115P   2594
1.,1.,1.,1.,1.,1.,1.,1.,1.,1.,1.,1.,1.,1.,1.,1.,1.,1.,1.,1.,1.,      115P   2595
1.,1.,1.,1.,1.,1.,1.,1.,1.,1.,1.,1.,1.,1.,1.,1.,1.,1.,1.,1.,1.,      115P   2596
1.,1.,1.,1.,1.,1.,1.,1.,1.,1.,1.,1.,1.,1.,1.,1.,1.,1.,1.,1.,1.,      115P   2597
1.,1.,1.,1.,1.,1.,1.,1.,1.,1.,1.,1.,1.,1.,1.,1.,1.,1.,1.,1.,1.,      115P   2598
1.,1.,1.,1.,1.,1.,1.,1.,1.,1.,1.,1.,1.,1.,1.,1.,1.,1.,1.,1.,1.,      115P   2599
1.,1.,1.,1.,1.,1.,1.,1.,1.,1.,1.,1.,1.,1.,1.,1.,1.,1.,1.,1.,1.,      115P   2600
1.,1.,1.,1.,1.,1.,1.,1.,1.,1.,1.,1.,1.,1.,1.,1.,1.,1.,1.,1.,1.,      115P   2601
1.,1.,1.,1.,1.,1.,1.,1.,1.,1.,1.,1.,1.,1.,1.,1.,1.,1.,1.,1.,1.,      115P   2602
1.,1.,1.,1.,1.,1.,1.,1.,1.,1.,1.,1.,1.,1.,1.,1.,1.,1.,1.,1.,1.,      115P   2603
1.,1.,1.,1.,1.,1.,1.,1.,1.,1.,1.,1.,1.,1.,1.,1.,1.,1.,1.,1.,1.,      115P   2604
1.,1.,1.,1.,1.,1.,1.,1.,1.,1.,1.,1.,1.,1.,1.,1.,1.,1.,1.,1.,1.,      115P   2605
1.,1.,1.,1.,1.,1.,1.,1.,1.,1.,1.,1.,1.,1.,1.,1.,1.,1.,1.,1.,1.,      115P   2606
1.,1.,1.,1.,1.,1.,1.,1.,1.,1.,1.,1.,1.,1.,1.,1.,1.,1.,1.,1.,1.,      115P   2607
1.,1.,1.,1.,1.,1.,1.,1.,1.,1.,1.,1.,1.,1.,1.,1.,1.,1.,1.,1.,1.,      115P   2608
1.,1.,1.,1.,1.,1.,1.,1.,1.,1.,1.,1.,1.,1.,1.,1.,1.,1.,1.,1.,1.,      115P   2609
1.,1.,1.,1.,1.,1.,1.,1.,1.,1.,1.,1.,1.,1.,1.,1.,1.,1.,1.,1.,1.,      115P   2610
1.,1.,1.,1.,1.,1.,1.,1.,1.,1.,1.,1.,1.,1.,1.,1.,1.,1.,1.,1.,1.,      115P   2611
1.,1.,1.,1.,1.,1.,1.,1.,1.,1.,1.,1.,1.,1.,1.,1.,1.,1.,1.,1.,1.,      115P   2612
1.,1.,1.,1.,1.,1.,1.,1.,1.,1.,1.,1.,1.,1.,1.,1.,1.,1.,1.,1.,1.,      115P   2613
1.,1.,1.,1.,1.,1.,1.,1.,1.,1.,1.,1.,1.,1.,1.,1.,1.,1.,1.,1.,1.,      115P   2614
1.,1.,1.,1.,1.,1.,1.,1.,1.,1.,1.,1.,1.,1.,1.,1.,1.,1.,1.,1.,1.,      115P   2615
1.,1.,1.,1.,1.,1.,1.,1.,1.,1.,1.,1.,1.,1.,1.,1.,1.,1.,1.,1.,1.,      115P   2616
1.,1.,1.,1.,1.,1.,1.,1.,1.,1.,1.,1.,1.,1.,1.,1.,1.,1.,1.,1.,1.,      115P   2617
1.,1.,1.,1.,1.,1.,1.,1.,1.,1.,1.,1.,1.,1.,1.,1.,1.,1.,1.,1.,1.,      115P   2618
1.,1.,1.,1.,1.,1.,1.,1.,1.,1.,1.,1.,1.,1.,1.,1.,1.,1.,1.,1.,1.,      115P   2619
1.,1.,1.,1.,1.,1.,1.,1.,1.,1.,1.,1.,1.,1.,1.,1.,1.,1.,1.,1.,1.,      115P   2620
1.,1.,1.,1.,1.,1.,1.,1.,1.,1.,1.,1.,1.,1.,1.,1.,1.,1.,1.,1.,1.,      115P   2621
1.,1.,1.,1.,1.,1.,1.,1.,1.,1.,1.,1.,1.,1.,1.,1.,1.,1.,1.,1.,1.,      115P   2622
1.,1.,1.,1.,1.,1.,1.,1.,1.,1.,1.,1.,1.,1.,1.,1.,1.,1.,1.,1.,1.,      115P   2623
1.,1.,1.,1.,1.,1.,1.,1.,1.,1.,1.,1.,1.,1.,1.,1.,1.,1.,1.,1.,1.,      115P   2624
1.,1.,1.,1.,1.,1.,1.,1.,1.,1.,1.,1.,1.,1.,1.,1.,1.,1.,1.,1.,1.,      115P   2625
1.,1.,1.,1.,1.,1.,1.,1.,1.,1.,1.,1.,1.,1.,1.,1.,1.,1.,1.,1.,1.,      115P   2626
1.,1.,1.,1.,1.,1.,1.,1.,1.,1.,-22.53439,33.92809,-1.136868D-013,     115P   2627
-22.53437,33.92812,-0.3241922,-22.5315,33.92595,-0.64843,            115P   2628
-22.52833,33.92108,-0.9726224,-22.52742,33.91301,-1.296678,          115P   2629
-22.53132,33.90126,-1.620507,-22.54259,33.88533,-1.944017,           115P   2630
-22.55136,33.87293,-2.195951,-22.56472,33.85721,-2.44755,            115P   2631
-22.58385,33.83838,-2.698489,-22.60994,33.81667,-2.948445,           115P   2632
-22.64417,33.7923,-3.197095,-22.68774,33.76549,-3.444114,            115P   2633
-22.72192,33.74446,-3.637885,-22.76467,33.71761,-3.829354,           115P   2634
-22.81694,33.68444,-4.017168,-22.87966,33.64443,-4.199973,           115P   2635
-22.95375,33.59707,-4.376416,-23.04016,33.54183,-4.545145,           115P   2636
-23.11487,33.49407,-4.69104,-23.19978,33.438,-4.827865,              115P   2637
-23.29363,33.37376,-4.95485,-23.39521,33.30151,-5.071225,            115P   2638
-23.50327,33.22141,-5.176222,-23.61658,33.1336,-5.269069,            115P   2639
-23.81868,32.97698,-5.434666,-24.02638,32.79611,-5.562386,           115P   2640
-24.23996,32.59951,-5.660565,-24.45968,32.39573,-5.737541,           115P   2641
-24.68582,32.19329,-5.801651,-24.91863,32.00072,-5.861232,           115P   2642
-25.1104,31.84211,-5.910309,-25.29276,31.66804,-5.947878,            115P   2643
-25.47321,31.48981,-5.974785,-25.65923,31.3187,-5.991877,            115P   2644
-25.85832,31.166,-6.,-26.07796,31.043,-6.,-26.20239,30.97331,        115P   2645
-6.,-26.33297,30.91644,-5.996919,-26.46754,30.86809,-5.990553,       115P   2646
-26.60396,30.82398,-5.980697,-26.74007,30.77983,-5.967146,           115P   2647
-26.87373,30.73134,-5.949696,-27.17515,30.62201,-5.910343,           115P   2648
-27.47353,30.51129,-5.853295,-27.76815,30.40344,-5.77702,            115P   2649
-28.0583,30.30271,-5.679988,-28.34326,30.21336,-5.560669,            115P   2650
-28.62232,30.13964,-5.41753,-28.99413,30.04141,-5.226813,            115P   2651
-29.34707,29.96042,-4.998063,-29.67902,29.89418,-4.735013,           115P   2652
-29.98787,29.84023,-4.441391,-30.27153,29.79609,-4.12093,            115P   2653
-30.52788,29.75931,-3.777359,-30.74394,29.72831,-3.487783,           115P   2654
-30.94003,29.7029,-3.18415,-31.11586,29.68189,-2.86801,              115P   2655
-31.27113,29.66409,-2.540917,-31.40553,29.6483,-2.20442,             115P   2656
-31.51877,29.63333,-1.860074,-31.61762,29.62026,-1.559497,           115P   2657
-31.69997,29.60833,-1.253872,-31.76418,29.59826,-0.9441547,          115P   2658
-31.80862,29.59082,-0.6312996,-31.83165,29.58672,-0.3162629,         115P   2659
-31.83165,29.58672,-1.136868D-013,-22.74357,33.59601,                115P   2660
-1.136868D-013,-22.74355,33.59604,-0.3212007,-22.7407,33.59379,      115P   2661
-0.642447,-22.73753,33.58885,-0.9636446,-22.73656,33.58079,          115P   2662
-1.284704,-22.74031,33.5692,-1.605542,-22.7513,33.55366,             115P   2663
-1.926078,-22.75977,33.54167,-2.173382,-22.7723,33.52577,            115P   2664
-2.420354,-22.79018,33.50654,-2.66666,-22.8147,33.48455,             115P   2665
-2.911993,-22.84718,33.4604,-3.156067,-22.88893,33.43466,            115P   2666
-3.398619,-22.92132,33.41469,-3.586805,-22.96124,33.38679,           115P   2667
-3.772796,-23.00972,33.35175,-3.955199,-23.06769,33.31033,           115P   2668
-4.132757,-23.13636,33.26341,-4.304312,-23.21687,33.21177,           115P   2669
-4.468834,-23.28597,33.16744,-4.610093,-23.3644,33.1092,             115P   2670
-4.742685,-23.45071,33.04048,-4.865667,-23.54302,32.96439,           115P   2671
-4.978684,-23.64089,32.88476,-5.081289,-23.74357,32.80504,           115P   2672
-5.173462,-23.93267,32.65825,-5.342741,-24.12698,32.47483,           115P   2673
-5.475953,-24.32601,32.27058,-5.580226,-24.52743,32.06026,           115P   2674
-5.665623,-24.73466,31.86169,-5.737431,-24.95121,31.69067,           115P   2675
-5.803888,-25.13923,31.54182,-5.861095,-25.31789,31.37227,           115P   2676
-5.909736,-25.4944,31.19597,-5.948592,-25.67596,31.02685,            115P   2677
-5.977808,-25.87007,30.87907,-5.995216,-26.08468,30.7666,-6.,        115P   2678
-26.20883,30.70143,-6.00271,-26.33925,30.64705,-6.002867,            115P   2679
-26.4737,30.60005,-5.999926,-26.60995,30.55704,-5.993396,            115P   2680
-26.74579,30.51462,-5.982586,-26.87902,30.4694,-5.96686,             115P   2681
-27.18396,30.36579,-5.930809,-27.48668,30.26045,-5.878741,           115P   2682
-27.78581,30.15766,-5.807798,-28.08006,30.06173,-5.715372,           115P   2683
-28.36814,29.97698,-5.598819,-28.64882,29.90776,-5.455701,           115P   2684
-29.02494,29.81497,-5.263915,-29.3833,29.7388,-5.035174,             115P   2685
-29.7209,29.67671,-4.772401,-30.03498,29.62626,-4.4787,              115P   2686
-30.32264,29.58501,-4.157136,-30.58102,29.5505,-3.810848,            115P   2687
-30.79892,29.52139,-3.518809,-30.99747,29.49775,-3.213011,           115P   2688
-31.17594,29.4783,-2.894801,-31.3336,29.46184,-2.565551,             115P   2689
-31.46972,29.44713,-2.226637,-31.58358,29.43292,-1.879452,           115P   2690
-31.68322,29.42049,-1.575622,-31.76657,29.40925,-1.266786,           115P   2691
-31.83181,29.39983,-0.9538765,-31.87711,29.39291,-0.6378246,         115P   2692
-31.90067,29.38912,-0.3195578,-31.90067,29.38912,-1.136868D-013,     115P   2693
-22.92031,33.2461,-1.136868D-013,-22.92029,33.24613,-0.3182416,      115P   2694
-22.91757,33.24385,-0.6365229,-22.91455,33.2389,-0.9547559,          115P   2695
-22.91362,33.23088,-1.272858,-22.91716,33.21943,-1.590751,           115P   2696
-22.92758,33.20417,-1.908362,-22.93556,33.19249,-2.151527,           115P   2697
-22.94746,33.17656,-2.394347,-22.96448,33.1572,-2.636528,            115P   2698
-22.9878,33.13519,-2.877807,-23.01864,33.11134,-3.117945,            115P   2699
-23.05819,33.08645,-3.356733,-23.0885,33.06737,-3.539901,            115P   2700
-23.12611,33.03903,-3.720789,-23.17173,33.00308,-3.898304,           115P   2701
-23.22593,32.9611,-4.071524,-23.28964,32.91482,-4.239637,            115P   2702
-23.36372,32.86588,-4.401988,-23.42628,32.82452,-4.539341,           115P   2703
-23.49814,32.76579,-4.667759,-23.57762,32.69507,-4.787002,           115P   2704
-23.66247,32.61739,-4.89754,-23.75219,32.53862,-4.999713,            115P   2705
-23.84604,32.46418,-5.094346,-24.01913,32.32695,-5.268831,           115P   2706
-24.19824,32.14545,-5.407182,-24.38301,31.93969,-5.517173,           115P   2707
-24.57076,31.72846,-5.610138,-24.76615,31.53416,-5.691039,           115P   2708
-24.97404,31.37674,-5.768285,-25.15784,31.23749,-5.836225,           115P   2709
-25.33352,31.07373,-5.89506,-25.50785,30.90133,-5.94354,             115P   2710
-25.68748,30.73614,-5.982073,-25.8795,30.59412,-6.007463,            115P   2711
-26.09137,30.49096,-6.018345,-26.21643,30.42992,-6.024645,           115P   2712
-26.34716,30.37817,-6.027644,-26.48156,30.33297,-6.027052,           115P   2713
-26.61764,30.29158,-6.022624,-26.75339,30.25125,-6.01385,            115P   2714
-26.88683,30.20924,-6.000291,-27.19598,30.11175,-5.968774,           115P   2715
-27.50308,30.01192,-5.920262,-27.8067,29.91424,-5.852096,            115P   2716
-28.10545,29.82325,-5.761923,-28.39769,29.74334,-5.647046,           115P   2717
-28.68183,29.67898,-5.505197,-29.06454,29.59223,-5.314105,           115P   2718
-29.42848,29.52089,-5.084701,-29.77097,29.46271,-4.820215,           115P   2719
-30.08944,29.41556,-4.524108,-30.38104,29.37717,-4.199714,           115P   2720
-30.64299,29.34533,-3.850587,-30.86386,29.31849,-3.556206,           115P   2721
-31.06492,29.29658,-3.247768,-31.24551,29.27851,-2.92667,            115P   2722
-31.405,29.26317,-2.594347,-31.54271,29.24946,-2.252245,             115P   2723
-31.65799,29.23627,-1.901846,-31.75912,29.2247,-1.594443,            115P   2724
-31.84365,29.21419,-1.281948,-31.90977,29.20537,-0.9653038,          115P   2725
-31.95565,29.19886,-0.6454611,-31.97951,29.19529,-0.3233736,         115P   2726
-31.97951,29.19529,-1.136868D-013,-23.06355,32.8814,                 115P   2727
-1.136868D-013,-23.06354,32.88143,-0.3153404,-23.06101,32.87916,     115P   2728
-0.6307121,-23.0582,32.87423,-0.9460379,-23.05734,32.86628,          115P   2729
-1.261243,-23.06067,32.85496,-1.576257,-23.07041,32.83992,           115P   2730
-1.891008,-23.07782,32.82847,-2.130587,-23.0892,32.81263,            115P   2731
-2.369805,-23.10556,32.79333,-2.608431,-23.12789,32.77149,           115P   2732
-2.846253,-23.15721,32.74802,-3.083081,-23.19453,32.72386,           115P   2733
-3.318744,-23.22285,32.70552,-3.497693,-23.25843,32.6772,            115P   2734
-3.674227,-23.3016,32.64105,-3.847701,-23.35259,32.59917,            115P   2735
-4.017594,-23.41188,32.55378,-4.183473,-23.47993,32.50702,           115P   2736
-4.34501,-23.53634,32.46819,-4.479316,-23.6018,32.41015,             115P   2737
-4.604279,-23.67473,32.33931,-4.720709,-23.75311,32.2618,            115P   2738
-4.829956,-23.83629,32.18439,-4.933239,-23.92351,32.11353,           115P   2739
-5.032104,-24.08139,31.98498,-5.212211,-24.24519,31.80855,           115P   2740
-5.35613,-24.41603,31.60608,-5.472745,-24.59301,31.39853,            115P   2741
-5.573679,-24.7815,31.20949,-5.664804,-24.98706,31.06066,            115P   2742
-5.754441,-25.16741,30.93026,-5.833668,-25.34124,30.77343,           115P   2743
-5.90204,-25.5149,30.60697,-5.959021,-25.69453,30.44776,             115P   2744
-6.005341,-25.8867,30.31236,-6.037792,-26.09803,30.21721,            115P   2745
-6.054849,-26.22484,30.15999,-6.064987,-26.35634,30.11105,           115P   2746
-6.070464,-26.49092,30.06808,-6.07152,-26.62698,30.02877,            115P   2747
-6.068406,-26.76292,29.99078,-6.061134,-26.89712,29.95179,           115P   2748
-6.049775,-27.21116,29.86043,-6.023115,-27.52297,29.76631,           115P   2749
-5.977052,-27.83136,29.67405,-5.909927,-28.13508,29.58834,           115P   2750
-5.820333,-28.4323,29.5135,-5.70614,-28.72121,29.45396,              115P   2751
-5.565825,-29.11192,29.37339,-5.376029,-29.48176,29.30691,           115P   2752
-5.145229,-29.82886,29.25265,-4.877578,-30.15141,29.20882,           115P   2753
-4.577419,-30.44707,29.17336,-4.24888,-30.7136,29.14431,             115P   2754
-3.896451,-30.93813,29.11985,-3.599565,-31.14178,29.09968,           115P   2755
-3.287992,-31.32426,29.0829,-2.963323,-31.48531,29.06862,            115P   2756
-2.627192,-31.62459,29.05591,-2.281245,-31.74178,29.04384,           115P   2757
-1.927189,-31.84484,29.03322,-1.615833,-31.93068,29.02346,           115P   2758
-1.299218,-31.99761,29.01521,-0.9783233,-32.04393,29.00907,          115P   2759
-0.6541454,-32.06794,29.00569,-0.3276951,-32.06794,29.00569,         115P   2760
-1.136868D-013,-23.17228,32.50497,-1.136868D-013,-23.17227,          115P   2761
32.505,-0.312523,-23.16992,32.50273,-0.6250689,-23.16731,            115P   2762
32.49784,-0.9375718,-23.16652,32.48996,-1.249966,-23.16964,          115P   2763
32.47878,-1.562183,-23.17875,32.46394,-1.874156,-23.18567,           115P   2764
32.45268,-2.110764,-23.19656,32.43702,-2.347003,-23.21228,           115P   2765
32.41792,-2.582699,-23.23368,32.39638,-2.817689,-23.26164,           115P   2766
32.37337,-3.05182,-23.297,32.34988,-3.284943,-23.32366,32.33218,     115P   2767
-3.460714,-23.35741,32.3042,-3.633965,-23.39832,32.26837,            115P   2768
-3.804486,-23.44641,32.2271,-3.972122,-23.50181,32.18284,            115P   2769
-4.136754,-23.56471,32.13801,-4.298304,-23.61627,32.10129,           115P   2770
-4.430717,-23.6762,32.0447,-4.553375,-23.74326,31.97505,             115P   2771
-4.668203,-23.816,31.89903,-4.777372,-23.89366,31.82361,             115P   2772
-4.882954,-23.97554,31.75561,-4.987117,-24.12184,31.63432,           115P   2773
-5.173086,-24.27255,31.46462,-5.322956,-24.43105,31.26864,           115P   2774
-5.446845,-24.59952,31.06815,-5.556177,-24.78388,30.886,             115P   2775
-5.658524,-24.99023,30.74413,-5.762369,-25.16884,30.62148,           115P   2776
-5.852218,-25.34229,30.47255,-5.929601,-25.51668,30.31401,           115P   2777
-5.994586,-25.69782,30.16269,-6.047833,-25.89184,30.03476,           115P   2778
-6.086603,-26.10461,29.94646,-6.109324,-26.23365,29.89289,           115P   2779
-6.123108,-26.36633,29.84695,-6.130734,-26.50147,29.8066,            115P   2780
-6.133016,-26.63791,29.76973,-6.130745,-26.77444,29.73424,           115P   2781
-6.124553,-26.90986,29.69801,-6.115101,-27.22946,29.61241,           115P   2782
-6.092744,-27.54661,29.52426,-6.048307,-27.86034,29.43798,           115P   2783
-5.981259,-28.16954,29.35807,-5.891202,-28.47233,29.28849,           115P   2784
-5.776808,-28.76682,29.23338,-5.637392,-29.16612,29.15865,           115P   2785
-5.448365,-29.54224,29.09709,-5.215384,-29.89424,29.04702,           115P   2786
-4.943645,-30.22107,29.00678,-4.63845,-30.52106,28.97438,            115P   2787
-4.30485,-30.79267,28.94795,-3.948315,-31.02109,28.92573,            115P   2788
-3.648473,-31.22744,28.9073,-3.333248,-31.41187,28.89189,            115P   2789
-3.00446,-31.57453,28.87875,-2.663968,-31.71546,28.86707,            115P   2790
-2.313642,-31.83476,28.85607,-1.955415,-31.9399,28.84638,            115P   2791
-1.63966,-32.02713,28.83737,-1.318452,-32.09488,28.82968,            115P   2792
-0.9928191,-32.14161,28.82394,-0.6638128,-32.16575,28.82075,         115P   2793
-0.332507,-32.16575,28.82075,-1.136868D-013,-23.24544,32.11985,      115P   2794
-1.136868D-013,-23.24544,32.11988,-0.3098151,-23.24319,32.11761,     115P   2795
-0.6196475,-23.24069,32.11274,-0.9294387,-23.23992,32.10493,         115P   2796
-1.239128,-23.24289,32.09388,-1.548652,-23.25157,32.07927,           115P   2797
-1.857946,-23.25816,32.0682,-2.092261,-23.26851,32.05276,            115P   2798
-2.326211,-23.28349,32.03395,-2.559659,-23.30393,32.0128,            115P   2799
-2.792468,-23.33069,31.99031,-3.024501,-23.36462,31.9675,            115P   2800
-3.25562,-23.39014,31.95034,-3.429507,-23.4221,31.92289,             115P   2801
-3.600901,-23.46063,31.88773,-3.76984,-23.5059,31.84743,             115P   2802
-3.936359,-23.55805,31.80456,-4.100495,-23.61728,31.7617,            115P   2803
-4.262271,-23.66569,31.72666,-4.394434,-23.721,31.67186,             115P   2804
-4.516912,-23.78274,31.6042,-4.632204,-23.85035,31.53057,            115P   2805
-4.742816,-23.92342,31.45785,-4.851207,-24.00166,31.39296,           115P   2806
-4.959769,-24.14114,31.27715,-5.153079,-24.28245,31.11496,           115P   2807
-5.311534,-24.43143,30.92771,-5.445179,-24.59349,30.7368,            115P   2808
-5.564167,-24.77527,30.56345,-5.677032,-24.98351,30.42884,           115P   2809
-5.792085,-25.16285,30.31274,-5.891096,-25.33777,30.17257,           115P   2810
-5.977278,-25.51424,30.02384,-6.050392,-25.69806,29.88212,           115P   2811
-6.110236,-25.89515,29.76242,-6.154547,-26.11109,29.67983,           115P   2812
-6.181584,-26.24237,29.62965,-6.198027,-26.3766,29.58694,            115P   2813
-6.207454,-26.51289,29.54962,-6.210947,-26.65034,29.51558,           115P   2814
-6.209557,-26.78801,29.4827,-6.204264,-26.92498,29.44885,            115P   2815
-6.196056,-27.25083,29.36826,-6.176525,-27.57425,29.28642,           115P   2816
-6.133206,-27.8942,29.20695,-6.066098,-28.20946,29.13354,            115P   2817
-5.975226,-28.51821,29.0694,-5.859851,-28.81855,29.01791,            115P   2818
-5.719703,-29.22602,28.94804,-5.529564,-29.60893,28.89147,           115P   2819
-5.293537,-29.96671,28.84618,-5.017406,-30.29861,28.81015,           115P   2820
-4.706984,-30.60341,28.78107,-4.367886,-30.87999,28.75676,           115P   2821
-4.006054,-31.11203,28.73636,-3.702477,-31.32125,28.71966,           115P   2822
-3.38306,-31.50801,28.70585,-3.049761,-31.67265,28.6941,             115P   2823
-2.704559,-31.81545,28.68358,-2.349446,-31.93669,28.67344,           115P   2824
-1.986459,-32.0438,28.66448,-1.665783,-32.13243,28.65618,            115P   2825
-1.339493,-32.2011,28.64911,-1.008666,-32.24835,28.64384,            115P   2826
-0.6743945,-32.27272,28.64092,-0.3377939,-32.27272,28.64092,         115P   2827
-1.136868D-013,-23.28202,31.72908,-1.136868D-013,-23.28202,          115P   2828
31.72911,-0.3072424,-23.27974,31.72682,-0.6145021,-23.27719,         115P   2829
31.72193,-0.9217194,-23.27636,31.71418,-1.228834,-23.27924,          115P   2830
31.70328,-1.535787,-23.28784,31.68897,-1.842518,-23.29437,           115P   2831
31.67811,-2.07528,-23.30407,31.66291,-2.307704,-23.31804,            115P   2832
31.64442,-2.539641,-23.33736,31.62369,-2.770945,-23.36312,           115P   2833
31.60177,-3.001469,-23.39641,31.57971,-3.231064,-23.42158,           115P   2834
31.56303,-3.404606,-23.45161,31.53619,-3.575934,-23.48733,           115P   2835
31.50187,-3.744958,-23.52956,31.46276,-3.911589,-23.57913,           115P   2836
31.42155,-4.075738,-23.63685,31.38093,-4.237317,-23.68468,           115P   2837
31.34727,-4.37118,-23.73656,31.29436,-4.49652,-23.79334,             115P   2838
31.22909,-4.615226,-23.85585,31.15835,-4.729188,-23.92493,           115P   2839
31.08905,-4.840296,-24.00141,31.02809,-4.95044,-24.14171,            115P   2840
30.91626,-5.152487,-24.27943,30.76196,-5.323881,-24.42268,           115P   2841
30.585,-5.471654,-24.57959,30.40522,-5.602842,-24.75828,             115P   2842
30.24245,-5.724481,-24.96685,30.1165,-5.843604,-25.15055,            115P   2843
30.00558,-5.948519,-25.3292,29.87506,-6.043588,-25.50902,            115P   2844
29.73801,-6.126114,-25.69619,29.60751,-6.193397,-25.89693,           115P   2845
29.49663,-6.242739,-26.11744,29.41844,-6.271443,-26.25051,           115P   2846
29.37125,-6.288765,-26.38664,29.33199,-6.299659,-26.52486,           115P   2847
29.29819,-6.304799,-26.66421,29.26743,-6.304858,-26.80373,           115P   2848
29.23726,-6.30051,-26.94246,29.20524,-6.292428,-27.27516,            115P   2849
29.12844,-6.273047,-27.60615,29.05338,-6.230705,-27.93361,           115P   2850
28.98193,-6.164446,-28.25567,28.91599,-6.073308,-28.5705,            115P   2851
28.85746,-5.956334,-28.87626,28.80821,-5.812565,-29.29036,           115P   2852
28.74151,-5.617852,-29.68071,28.69002,-5.377821,-30.04585,           115P   2853
28.65049,-5.097724,-30.38432,28.61968,-4.782811,-30.69465,           115P   2854
28.59435,-4.438333,-30.97538,28.57124,-4.069542,-31.21019,           115P   2855
28.55191,-3.761076,-31.4225,28.53695,-3.436898,-31.61233,            115P   2856
28.52514,-3.098868,-31.77973,28.51526,-2.748845,-31.92473,           115P   2857
28.50609,-2.388687,-32.04738,28.4964,-2.020254,-32.15598,            115P   2858
28.48782,-1.694043,-32.24594,28.48015,-1.362166,-32.31574,           115P   2859
28.47379,-1.025724,-32.36381,28.46915,-0.6858152,-32.38862,          115P   2860
28.46663,-0.3435407,-32.38862,28.46663,-1.136868D-013,-23.31859,     115P   2861
31.33832,-1.136868D-013,-23.31859,31.33835,-0.3046697,-23.31629,     115P   2862
31.33598,-0.6093568,-23.3137,31.33103,-0.9139987,-23.31281,          115P   2863
31.32329,-1.218537,-23.31561,31.31256,-1.522918,-23.32411,           115P   2864
31.29866,-1.82709,-23.33057,31.28809,-2.058302,-23.33964,            115P   2865
31.27299,-2.289195,-23.35262,31.25459,-2.51961,-23.37083,            115P   2866
31.23412,-2.749398,-23.39559,31.21282,-2.97841,-23.42821,            115P   2867
31.19192,-3.206508,-23.45299,31.17605,-3.379725,-23.48114,           115P   2868
31.14929,-3.550954,-23.51412,31.11499,-3.720008,-23.55332,           115P   2869
31.07647,-3.886715,-23.60028,31.03708,-4.050886,-23.65643,           115P   2870
31.00016,-4.212362,-23.7036,30.9691,-4.348006,-23.7521,30.91712,     115P   2871
-4.476133,-23.80407,30.85238,-4.598133,-23.86139,30.78304,           115P   2872
-4.715452,-23.92644,30.71727,-4.829309,-24.00116,30.66322,           115P   2873
-4.94111,-24.14229,30.56084,-5.152036,-24.27638,30.41311,            115P   2874
-5.336023,-24.41422,30.24173,-5.497612,-24.56544,30.06863,           115P   2875
-5.642094,-24.74097,29.9155,-5.772911,-24.9502,29.80416,             115P   2876
-5.895125,-25.13852,29.70365,-6.00508,-25.32074,29.58254,            115P   2877
-6.108802,-25.50377,29.45396,-6.200959,-25.69424,29.33131,           115P   2878
-6.277018,-25.89879,29.22786,-6.331954,-26.12379,29.15704,           115P   2879
-6.361301,-26.2586,29.11465,-6.378886,-26.3966,29.07871,             115P   2880
-6.391256,-26.53678,29.04732,-6.398404,-26.67811,29.01862,           115P   2881
-6.400411,-26.81954,28.99069,-6.397204,-26.95993,28.96164,           115P   2882
-6.3888,-27.29929,28.89135,-6.368489,-27.63768,28.82286,             115P   2883
-6.327162,-27.97271,28.75765,-6.26235,-28.30204,28.69742,            115P   2884
-6.171897,-28.62326,28.64381,-6.05357,-28.93396,28.59856,            115P   2885
-5.905405,-29.35403,28.53739,-5.70507,-29.75158,28.49109,            115P   2886
-5.461071,-30.12429,28.45612,-5.177495,-30.47,28.42917,              115P   2887
-4.858721,-30.78629,28.40682,-4.509055,-31.07077,28.38572,           115P   2888
-4.133031,-31.30801,28.36813,-3.819445,-31.52336,28.35493,           115P   2889
-3.490541,-31.71643,28.34477,-3.147906,-31.88685,28.33633,           115P   2890
-2.79317,-32.0342,28.3283,-2.427985,-32.15807,28.31935,              115P   2891
-2.054049,-32.26799,28.31142,-1.722252,-32.35926,28.30443,           115P   2892
-1.384798,-32.43022,28.2987,-1.042766,-32.4792,28.29457,             115P   2893
-0.6972358,-32.50453,28.29234,-0.3492875,-32.50453,28.29234,         115P   2894
-1.136868D-013,-23.31816,30.94631,-1.136868D-013,-23.31816,          115P   2895
30.94633,-0.3022524,-23.31591,30.94389,-0.6045176,-23.31337,         115P   2896
30.93886,-0.9067382,-23.31248,30.93113,-1.20886,-23.31518,           115P   2897
30.92058,-1.510835,-23.32342,30.90709,-1.812617,-23.32971,           115P   2898
30.89679,-2.042922,-23.33832,30.88183,-2.272921,-23.35065,           115P   2899
30.86357,-2.502466,-23.36808,30.84343,-2.731416,-23.39201,           115P   2900
30.82278,-2.959635,-23.42384,30.80303,-3.186994,-23.44816,           115P   2901
30.78792,-3.360694,-23.47506,30.7615,-3.532598,-23.50625,            115P   2902
30.72757,-3.702528,-23.5434,30.68996,-3.870319,-23.58835,            115P   2903
30.65249,-4.03578,-23.64279,30.61898,-4.198752,-23.68887,            115P   2904
30.5906,-4.336597,-23.73508,30.54045,-4.46803,-23.78414,             115P   2905
30.47739,-4.594096,-23.83846,30.41034,-4.715895,-23.90109,           115P   2906
30.34815,-4.834177,-23.97455,30.29968,-4.949892,-24.11366,           115P   2907
30.208,-5.168969,-24.24656,30.06835,-5.364638,-24.38415,             115P   2908
29.90405,-5.539782,-24.53571,29.73877,-5.698078,-24.71258,           115P   2909
29.59541,-5.840008,-24.92373,29.49705,-5.968074,-25.11628,           115P   2910
29.40714,-6.084757,-25.30408,29.29529,-6.195783,-25.49351,           115P   2911
29.17509,-6.295149,-25.69049,29.06054,-6.37775,-25.90089,            115P   2912
28.96506,-6.437263,-26.12998,28.90233,-6.46826,-26.26759,            115P   2913
28.86461,-6.486883,-26.40801,28.8319,-6.500258,-26.55037,            115P   2914
28.80289,-6.508316,-26.69376,28.77627,-6.511077,-26.8372,            115P   2915
28.7507,-6.508365,-26.97967,28.72482,-6.500106,-27.32702,            115P   2916
28.6616,-6.479958,-27.67324,28.59923,-6.438237,-28.0159,             115P   2917
28.53951,-6.372432,-28.35258,28.48443,-6.280375,-28.68064,           115P   2918
28.43579,-6.159691,-28.9974,28.39554,-6.008412,-29.42588,            115P   2919
28.34109,-5.803779,-29.8311,28.29978,-5.554922,-30.21079,            115P   2920
28.26855,-5.265923,-30.56281,28.24458,-4.941188,-30.88467,           115P   2921
28.22488,-4.585024,-31.1739,28.20652,-4.202052,-31.4146,             115P   2922
28.19125,-3.883353,-31.63314,28.17976,-3.549226,-31.82911,           115P   2923
28.17088,-3.201238,-32.00207,28.16348,-2.84101,-32.15158,            115P   2924
28.15639,-2.470191,-32.27716,28.14847,-2.090487,-32.38885,           115P   2925
28.14143,-1.752764,-32.48156,28.13515,-1.409302,-32.55361,           115P   2926
28.12997,-1.061194,-32.60332,28.12619,-0.7095373,-32.62901,          115P   2927
28.12415,-0.3554365,-32.62901,28.12415,-1.136868D-013,-23.28117,     115P   2928
30.55624,-1.136868D-013,-23.28117,30.55626,-0.3000099,-23.27902,     115P   2929
30.55374,-0.6000263,-23.27658,30.54863,-0.9,-23.27572,30.54091,      115P   2930
-1.199884,-23.27831,30.53052,-1.499633,-23.28623,30.51744,           115P   2931
-1.799205,-23.29231,30.50739,-2.029264,-23.3006,30.4926,             115P   2932
-2.259031,-23.3125,30.47456,-2.488374,-23.32939,30.4548,             115P   2933
-2.717167,-23.35268,30.43482,-2.945287,-23.38376,30.41614,           115P   2934
-3.172617,-23.40771,30.40173,-3.347727,-23.43384,30.37585,           115P   2935
-3.521213,-23.46396,30.34263,-3.692953,-23.49984,30.30621,           115P   2936
-3.862832,-23.54339,30.27073,-4.03071,-23.59644,30.24032,            115P   2937
-4.19646,-23.64153,30.21445,-4.337307,-23.68644,30.1667,             115P   2938
-4.47281,-23.73411,30.10622,-4.603787,-23.78716,30.04221,            115P   2939
-4.731074,-23.84886,29.98378,-4.855132,-23.92202,29.94001,           115P   2940
-4.97653,-24.05855,29.85862,-5.203641,-24.1926,29.7282,-5.41083,     115P   2941
-24.33378,29.5728,-5.599645,-24.49017,29.41696,-5.772075,            115P   2942
-24.6722,29.28381,-5.926238,-24.88766,29.19676,-6.061892,            115P   2943
-25.08491,29.1171,-6.186111,-25.2801,29.0146,-6.303408,              115P   2944
-25.47834,28.90324,-6.408236,-25.68422,28.79733,-6.495622,           115P   2945
-25.90225,28.71014,-6.558742,-26.13598,28.65531,-6.591779,           115P   2946
-26.27717,28.62212,-6.611713,-26.42051,28.59261,-6.625667,           115P   2947
-26.56533,28.56599,-6.633857,-26.71095,28.54152,-6.636544,           115P   2948
-26.85663,28.51833,-6.633821,-27.00159,28.49561,-6.625856,           115P   2949
-27.35793,28.43962,-6.606257,-27.71244,28.38312,-6.563015,           115P   2950
-28.06295,28.32851,-6.494453,-28.4072,28.27827,-6.399098,            115P   2951
-28.74259,28.23457,-6.275147,-29.06637,28.19972,-6.121233,           115P   2952
-29.50479,28.15251,-5.912817,-29.91807,28.11602,-5.6583,             115P   2953
-30.30449,28.08808,-5.362442,-30.66237,28.06661,-5.03021,            115P   2954
-30.9897,28.04933,-4.666476,-31.28448,28.03406,-4.276407,            115P   2955
-31.5293,28.02138,-3.952442,-31.75117,28.01156,-3.612626,            115P   2956
-31.94985,28.00376,-3.25866,-32.12512,27.99716,-2.892294,            115P   2957
-32.2767,27.9909,-2.515293,-32.40432,27.98414,-2.129473,             115P   2958
-32.51811,27.97811,-1.785465,-32.61235,27.97256,-1.435578,           115P   2959
-32.68544,27.96785,-1.080943,-32.73577,27.96436,-0.7226971,          115P   2960
-32.76174,27.96243,-0.3619946,-32.76174,27.96243,-1.136868D-013,     115P   2961
-23.20809,30.1713,-1.136868D-013,-23.20809,30.17131,-0.2979621,      115P   2962
-23.20602,30.16872,-0.5959243,-23.20367,30.16355,-0.893846,          115P   2963
-23.20285,30.15583,-1.191687,-23.20535,30.14561,-1.489405,           115P   2964
-23.21298,30.1329,-1.786961,-23.21889,30.12305,-2.017454,            115P   2965
-23.22695,30.10847,-2.247672,-23.23855,30.09073,-2.477496,           115P   2966
-23.25507,30.07141,-2.706813,-23.27791,30.0521,-2.935508,            115P   2967
-23.30845,30.03438,-3.163472,-23.33226,30.02056,-3.341042,           115P   2968
-23.35802,29.99539,-3.51714,-23.38759,29.96317,-3.691703,            115P   2969
-23.42282,29.9282,-3.864669,-23.4656,29.89476,-4.035952,             115P   2970
-23.51786,29.86712,-4.205461,-23.56263,29.8434,-4.350518,            115P   2971
-23.60732,29.79838,-4.491108,-23.65488,29.74112,-4.627908,           115P   2972
-23.70809,29.68077,-4.761563,-23.77015,29.62631,-4.892411,           115P   2973
-23.84406,29.58674,-5.020774,-23.97996,29.51417,-5.256706,           115P   2974
-24.11761,29.39373,-5.475888,-24.26508,29.24907,-5.678561,           115P   2975
-24.42934,29.10436,-5.864959,-24.61946,28.98206,-6.031633,           115P   2976
-24.84222,28.9049,-6.176019,-25.04542,28.83468,-6.307788,            115P   2977
-25.24952,28.74182,-6.430675,-25.45817,28.6401,-6.539882,            115P   2978
-25.67456,28.54351,-6.630738,-25.90175,28.46477,-6.696499,           115P   2979
-26.14177,28.41695,-6.731319,-26.28697,28.3881,-6.752417,            115P   2980
-26.4336,28.36179,-6.766581,-26.58124,28.33769,-6.774417,            115P   2981
-26.72944,28.31544,-6.776524,-26.87773,28.29463,-6.773397,           115P   2982
-27.0256,28.27484,-6.765558,-27.39156,28.2258,-6.746171,             115P   2983
-27.75487,28.1751,-6.700599,-28.11366,28.12562,-6.62824,             115P   2984
-28.46588,28.08022,-6.528517,-28.80908,28.04138,-6.40047,            115P   2985
-29.14067,28.01167,-6.243511,-29.58961,27.97148,-6.031022,           115P   2986
-30.01125,27.93969,-5.770148,-30.40456,27.91497,-5.466527,           115P   2987
-30.76839,27.89594,-5.125836,-31.10139,27.88105,-4.753686,           115P   2988
-31.40221,27.86877,-4.3559,-31.65144,27.85862,-4.026338,             115P   2989
-31.87675,27.85042,-3.680395,-32.07817,27.84367,-3.319962,           115P   2990
-32.25573,27.83783,-2.946951,-32.40942,27.83237,-2.563284,           115P   2991
-32.53924,27.82674,-2.170909,-32.65527,27.82171,-1.820236,           115P   2992
-32.75111,27.81686,-1.463523,-32.82524,27.81262,-1.101945,           115P   2993
-32.87618,27.80938,-0.7366912,-32.90239,27.80755,-0.3689684,         115P   2994
-32.90239,27.80755,-1.136868D-013,-23.09935,29.79467,                115P   2995
-1.136868D-013,-23.09936,29.79468,-0.2961286,-23.09733,29.79203,     115P   2996
-0.5922528,-23.09504,29.78681,-0.888338,-23.09423,29.77911,          115P   2997
-1.184348,-23.09667,29.76903,-1.480245,-23.10413,29.75665,           115P   2998
-1.775989,-23.10997,29.74695,-2.007616,-23.11784,29.73262,           115P   2999
-2.23899,-23.12916,29.71526,-2.469996,-23.1454,29.69646,             115P   3000
-2.700518,-23.16799,29.6778,-2.930443,-23.19838,29.66087,            115P   3001
-3.159656,-23.22241,29.64748,-3.340856,-23.24804,29.62321,           115P   3002
-3.520749,-23.27733,29.59231,-3.699265,-23.3123,29.55903,            115P   3003
-3.876329,-23.35501,29.52762,-4.051851,-23.40754,29.5023,            115P   3004
-4.225729,-23.45312,29.48028,-4.376639,-23.49849,29.43824,           115P   3005
-4.523774,-23.54681,29.38481,-4.667588,-23.60117,29.32865,           115P   3006
-4.808488,-23.66485,29.27834,-4.946698,-23.74113,29.24242,           115P   3007
-5.082371,-23.88,29.17695,-5.329417,-24.02363,29.06716,-5.56204,     115P   3008
-24.17918,28.93504,-5.778929,-24.35328,28.80295,-5.978514,           115P   3009
-24.55391,28.69188,-6.156777,-24.78763,28.62305,-6.309894,           115P   3010
-24.99886,28.56096,-6.448234,-25.21312,28.47807,-6.576265,           115P   3011
-25.43296,28.38701,-6.689405,-25.66063,28.30052,-6.782908,           115P   3012
-25.8983,28.23029,-6.850468,-26.14733,28.18828,-6.886339,            115P   3013
-26.29659,28.16318,-6.907796,-26.44681,28.14008,-6.921828,           115P   3014
-26.59771,28.11879,-6.929211,-26.74901,28.09907,-6.930685,           115P   3015
-26.90042,28.08068,-6.926955,-27.05162,28.06335,-6.91872,            115P   3016
-27.42741,28.02027,-6.898258,-27.80009,27.97545,-6.84985,            115P   3017
-28.16781,27.93165,-6.773492,-28.5286,27.89155,-6.669097,            115P   3018
-28.88016,27.85752,-6.536284,-29.22007,27.83198,-6.374893,           115P   3019
-29.67904,27.79751,-6.156944,-30.10927,27.77028,-5.889076,           115P   3020
-30.51006,27.74923,-5.577419,-30.88054,27.73321,-5.228037,           115P   3021
-31.21978,27.72092,-4.846964,-31.52681,27.7111,-4.440334,            115P   3022
-31.78028,27.703,-4.104624,-32.00913,27.69637,-3.752143,             115P   3023
-32.21354,27.69082,-3.384901,-32.39365,27.68596,-3.004905,           115P   3024
-32.54962,27.68138,-2.614165,-32.68161,27.67667,-2.2147,             115P   3025
-32.79982,27.67244,-1.856951,-32.89727,27.66825,-1.49302,            115P   3026
-32.97252,27.66448,-1.124125,-33.02413,27.66156,-0.7514919,          115P   3027
-33.05065,27.6599,-0.3763646,-33.05065,27.6599,-1.136868D-013,       115P   3028
-22.95543,29.42954,-1.136868D-013,-22.95543,29.42955,-0.2945289,     115P   3029
-22.95338,29.42686,-0.5890533,-22.95104,29.42161,-0.8835378,         115P   3030
-22.95021,29.41394,-1.177947,-22.95265,29.40398,-1.472244,           115P   3031
-22.96014,29.39186,-1.766395,-22.96609,29.38224,-1.999875,           115P   3032
-22.97373,29.36823,-2.233136,-22.9847,29.35136,-2.466041,            115P   3033
-23.00064,29.33314,-2.698454,-23.0232,29.31509,-2.930241,            115P   3034
-23.05401,29.29873,-3.161265,-23.07884,29.28555,-3.347373,           115P   3035
-23.10438,29.2624,-3.532426,-23.13326,29.23321,-3.716182,            115P   3036
-23.16808,29.20192,-3.898397,-23.21144,29.17248,-4.07883,            115P   3037
-23.26597,29.14881,-4.257238,-23.31446,29.12777,-4.415896,           115P   3038
-23.3612,29.08898,-4.571559,-23.41035,29.04011,-4.724067,            115P   3039
-23.46605,28.98882,-4.87326,-23.53245,28.94276,-5.018981,            115P   3040
-23.61368,28.90958,-5.161068,-23.76271,28.84873,-5.421716,           115P   3041
-23.91478,28.75047,-5.670496,-24.07841,28.63329,-5.903208,           115P   3042
-24.26215,28.51564,-6.115655,-24.47453,28.41599,-6.303638,           115P   3043
-24.72409,28.35282,-6.462957,-24.94664,28.29649,-6.60503,            115P   3044
-25.17212,28.22403,-6.738195,-25.403,28.14531,-6.856178,             115P   3045
-25.64175,28.0702,-6.952706,-25.8908,28.00857,-7.021504,             115P   3046
-26.15263,27.97027,-7.056299,-26.30562,27.94789,-7.076631,           115P   3047
-26.45963,27.92803,-7.09026,-26.61434,27.91009,-7.097541,            115P   3048
-26.76945,27.89349,-7.09883,-26.92463,27.87765,-7.094481,            115P   3049
-27.07957,27.86197,-7.084851,-27.46498,27.82296,-7.060895,           115P   3050
-27.8477,27.78434,-7.00954,-28.22535,27.74748,-6.930029,             115P   3051
-28.59558,27.71376,-6.821609,-28.95604,27.68455,-6.683526,           115P   3052
-29.30435,27.66122,-6.515023,-29.77167,27.62992,-6.288953,           115P   3053
-30.21067,27.60711,-6.013517,-30.62009,27.59083,-5.694285,           115P   3054
-30.99863,27.5791,-5.336826,-31.34502,27.56997,-4.946712,            115P   3055
-31.65798,27.56147,-4.529512,-31.91503,27.55449,-4.18684,            115P   3056
-32.14751,27.54935,-3.827433,-32.35539,27.54541,-3.453206,           115P   3057
-32.53864,27.54202,-3.066073,-32.69723,27.53853,-2.667949,           115P   3058
-32.83112,27.5343,-2.260748,-32.95122,27.53051,-1.895471,            115P   3059
-33.05026,27.52685,-1.523942,-33.12675,27.52365,-1.147396,           115P   3060
-33.17922,27.52121,-0.7670669,-33.2062,27.51983,-0.3841901,          115P   3061
-33.2062,27.51983,-1.136868D-013,-22.8115,29.06442,                  115P   3062
-1.136868D-013,-22.8115,29.06442,-0.2929292,-22.80943,29.06171,      115P   3063
-0.5858539,-22.80706,29.05645,-0.8787378,-22.8062,29.04881,          115P   3064
-1.171546,-22.80863,29.03896,-1.464245,-22.81615,29.02707,           115P   3065
-1.756801,-22.8222,29.01751,-1.992134,-22.82961,29.00381,            115P   3066
-2.227281,-22.84023,28.98744,-2.462086,-22.85588,28.96981,           115P   3067
-2.69639,-22.87841,28.95238,-2.930038,-22.90965,28.93659,            115P   3068
-3.162873,-22.93527,28.92362,-3.353889,-22.96065,28.9014,            115P   3069
-3.544103,-22.98902,28.87369,-3.733111,-23.02363,28.84425,           115P   3070
-3.920501,-23.06769,28.81687,-4.105851,-23.12439,28.79532,           115P   3071
-4.288747,-23.17595,28.77566,-4.455117,-23.22386,28.73961,           115P   3072
-4.619332,-23.2735,28.6944,-4.780659,-23.33026,28.64733,             115P   3073
-4.938348,-23.39946,28.60566,-5.091621,-23.48624,28.57675,           115P   3074
-5.239765,-23.64648,28.52328,-5.513358,-23.80654,28.43584,           115P   3075
-5.778171,-23.9775,28.33104,-6.027241,-24.17003,28.22577,            115P   3076
-6.253999,-24.39446,28.13713,-6.452181,-24.66056,28.08259,           115P   3077
-6.616021,-24.89504,28.03466,-6.760327,-25.1315,27.97257,            115P   3078
-6.898498,-25.37305,27.90457,-7.022036,-25.62269,27.83927,           115P   3079
-7.122953,-25.88333,27.78553,-7.193562,-26.15793,27.75226,           115P   3080
-7.22626,-26.31464,27.73337,-7.244868,-26.47241,27.71668,            115P   3081
-7.258131,-26.63094,27.70161,-7.26568,-26.7899,27.68761,             115P   3082
-7.267227,-26.94891,27.67412,-7.262422,-27.10752,27.66059,           115P   3083
-7.250981,-27.50238,27.6269,-7.222503,-27.89499,27.59438,            115P   3084
-7.168282,-28.28266,27.56362,-7.086248,-28.66269,27.53549,           115P   3085
-6.974575,-29.0323,27.51078,-6.831416,-29.38864,27.49046,            115P   3086
-6.655153,-29.86378,27.46339,-6.420092,-30.31137,27.44506,           115P   3087
-6.137124,-30.72961,27.43299,-5.81075,-31.1167,27.42496,             115P   3088
-5.445693,-31.47058,27.41866,-5.046677,-31.78914,27.41184,           115P   3089
-4.618691,-32.04951,27.40627,-4.268877,-32.2856,27.40263,            115P   3090
-3.902571,-32.4971,27.40014,-3.521459,-32.68368,27.39803,            115P   3091
-3.127272,-32.84497,27.39555,-2.721777,-32.98062,27.39194,           115P   3092
-2.306796,-33.10249,27.38869,-1.933953,-33.20308,27.38561,           115P   3093
-1.554833,-33.28086,27.38293,-1.170655,-33.33426,27.3809,            115P   3094
-0.782642,-33.36174,27.37977,-0.3920155,-33.36174,27.37977,          115P   3095
-1.136868D-013,-22.634,28.7149,-1.136868D-013,-22.634,28.7149,       115P   3096
-0.2915759,-22.63192,28.71215,-0.5831459,-22.62956,28.70685,         115P   3097
-0.8746753,-22.6287,28.69922,-1.166131,-22.63113,28.68948,           115P   3098
-1.45748,-22.63863,28.67785,-1.748693,-22.64476,28.66834,            115P   3099
-1.986527,-22.65211,28.65492,-2.224205,-22.66261,28.63898,           115P   3100
-2.461556,-22.67823,28.6219,-2.698405,-22.70091,28.60505,            115P   3101
-2.934575,-22.73258,28.58983,-3.169888,-22.75907,28.57708,           115P   3102
-3.366697,-22.78488,28.55572,-3.562941,-22.8136,28.52938,            115P   3103
-3.758083,-22.84883,28.50171,-3.951561,-22.89414,28.47633,           115P   3104
-4.142786,-22.95307,28.45691,-4.331161,-23.00774,28.43882,           115P   3105
-4.505962,-23.05817,28.40542,-4.679489,-23.11032,28.3637,            115P   3106
-4.850484,-23.17006,28.32067,-5.017631,-23.24326,28.28329,           115P   3107
-5.179526,-23.33553,28.25862,-5.334798,-23.5065,28.21287,            115P   3108
-5.622523,-23.67802,28.13527,-5.903146,-23.86144,28.0416,            115P   3109
-6.168176,-24.06755,27.94806,-6.409384,-24.3068,27.87069,            115P   3110
-6.618341,-24.58856,27.82594,-6.787156,-24.83569,27.78673,           115P   3111
-6.935229,-25.08524,27.7339,-7.077401,-25.34015,27.67523,            115P   3112
-7.204553,-25.60312,27.61889,-7.308065,-25.87663,27.57309,           115P   3113
-7.3794,-26.16294,27.54613,-7.410219,-26.32406,27.53105,             115P   3114
-7.427537,-26.48611,27.51731,-7.440012,-26.6488,27.50463,-7.447,     115P   3115
-26.81182,27.49276,-7.447947,-26.97479,27.48141,-7.442216,           115P   3116
-27.13725,27.47032,-7.429251,-27.54301,27.44259,-7.396889,           115P   3117
-27.9463,27.41545,-7.338695,-28.3443,27.38963,-7.252326,             115P   3118
-28.73418,27.36606,-7.135703,-29.11293,27.34562,-6.986697,           115P   3119
-29.47747,27.32932,-6.803466,-29.96224,27.30767,-6.559806,           115P   3120
-30.41912,27.29353,-6.268351,-30.84609,27.28472,-5.933349,           115P   3121
-31.24116,27.27934,-5.559297,-31.60205,27.27534,-5.150688,           115P   3122
-31.92643,27.27076,-4.712307,-32.19073,27.26705,-4.355124,           115P   3123
-32.43059,27.26483,-3.981422,-32.64558,27.26344,-3.592845,           115P   3124
-32.83527,27.26223,-3.191081,-32.99916,27.26055,-2.777856,           115P   3125
-33.13677,27.25774,-2.354953,-33.26066,27.25522,-1.974221,           115P   3126
-33.36289,27.25271,-1.587133,-33.44191,27.25047,-1.194925,           115P   3127
-33.49616,27.24873,-0.7988375,-33.52407,27.24774,-0.4001129,         115P   3128
-33.52407,27.24774,-1.136868D-013,-22.42476,28.38362,                115P   3129
-1.136868D-013,-22.42476,28.38362,-0.2904775,-22.4227,28.38082,      115P   3130
-0.5809472,-22.42036,28.37547,-0.8713769,-22.41952,28.36784,         115P   3131
-1.161735,-22.42195,28.35821,-1.451992,-22.42943,28.34682,           115P   3132
-1.742118,-22.43564,28.33736,-1.983079,-22.44305,28.32418,           115P   3133
-2.223909,-22.45366,28.30863,-2.464426,-22.46947,28.29203,           115P   3134
-2.704442,-22.49246,28.27572,-2.943763,-22.52463,28.26105,           115P   3135
-3.182188,-22.55208,28.2485,-3.385659,-22.57883,28.22793,            115P   3136
-3.58877,-22.60863,28.20286,-3.790873,-22.64521,28.17684,            115P   3137
-3.991278,-22.69232,28.15338,-4.189252,-22.75366,28.13602,           115P   3138
-4.38403,-22.81161,28.11953,-4.568109,-22.86577,28.0887,             115P   3139
-4.751706,-22.92208,28.0503,-4.933102,-22.98645,28.01112,            115P   3140
-5.110488,-23.0648,27.97787,-5.281897,-23.16284,27.9573,             115P   3141
-5.445328,-23.34462,27.91918,-5.748361,-23.53047,27.85076,           115P   3142
-6.044752,-23.73044,27.76747,-6.325313,-23.95407,27.68515,           115P   3143
-6.580743,-24.21079,27.6189,-6.800738,-24.50853,27.58414,            115P   3144
-6.975306,-24.76912,27.55374,-7.12806,-25.03347,27.50941,            115P   3145
-7.273368,-25.3038,27.45908,-7.40254,-25.58199,27.41095,             115P   3146
-7.507102,-25.86962,27.37283,-7.578215,-26.16764,27.35265,           115P   3147
-7.607342,-26.3337,27.34146,-7.623541,-26.50045,27.33048,            115P   3148
-7.634855,-26.66762,27.31985,-7.640653,-26.83494,27.30978,           115P   3149
-7.640355,-27.00208,27.30038,-7.633314,-27.16865,27.29181,           115P   3150
-7.618937,-27.58628,27.27028,-7.582903,-28.00082,27.24798,           115P   3151
-7.519834,-28.40946,27.22624,-7.42777,-28.80933,27.20648,            115P   3152
-7.304905,-29.19741,27.19002,-7.14936,-29.57057,27.17824,            115P   3153
-6.959483,-30.0661,27.1626,-6.707327,-30.53273,27.15239,             115P   3154
-6.406638,-30.96843,27.14618,-6.061903,-31.37123,27.14272,           115P   3155
-5.677778,-31.73896,27.14062,-5.258904,-32.06947,27.13857,           115P   3156
-4.810106,-32.3381,27.13691,-4.44531,-32.58186,27.13603,             115P   3157
-4.063797,-32.80031,27.13551,-3.667276,-32.99298,27.13494,           115P   3158
-3.257479,-33.15942,27.13391,-2.836158,-33.29917,27.13201,           115P   3159
-2.405096,-33.42525,27.1303,-2.016168,-33.52919,27.12836,            115P   3160
-1.620771,-33.60945,27.12648,-1.220176,-33.6645,27.12494,            115P   3161
-0.8156593,-33.69279,27.12403,-0.4085036,-33.69279,27.12403,         115P   3162
-1.136868D-013,-22.18563,28.07323,-1.136868D-013,-22.18563,          115P   3163
28.07323,-0.2896427,-22.1836,28.07038,-0.5792756,-22.18129,          115P   3164
28.06498,-0.8688692,-22.18047,28.05734,-1.158394,-22.18291,          115P   3165
28.04779,-1.447822,-22.19038,28.03663,-1.737124,-22.19669,           115P   3166
28.02719,-1.981814,-22.20429,28.01422,-2.226394,-22.21517,           115P   3167
27.99902,-2.470673,-22.23135,27.98286,-2.71445,-22.25482,            115P   3168
27.96703,-2.957516,-22.2876,27.95282,-3.199653,-22.31615,            115P   3169
27.94041,-3.410639,-22.34427,27.92058,-3.621426,-22.37573,           115P   3170
27.89672,-3.831265,-22.41429,27.87225,-4.039364,-22.46374,           115P   3171
27.85057,-4.244873,-22.52781,27.83506,-4.4469,-22.58943,             115P   3172
27.82008,-4.641222,-22.64827,27.79173,-4.835658,-22.71003,           115P   3173
27.75653,-5.028103,-22.78037,27.72103,-5.216345,-22.865,             115P   3174
27.69166,-5.397981,-22.96949,27.67485,-5.570515,-23.16294,           115P   3175
27.64377,-5.889922,-23.36527,27.58415,-6.202318,-23.58458,           115P   3176
27.51094,-6.498131,-23.82864,27.43948,-6.767328,-24.10531,           115P   3177
27.38389,-6.998289,-24.42094,27.35843,-7.179414,-24.69581,           115P   3178
27.33644,-7.337121,-24.97619,27.30016,-7.484944,-25.26333,           115P   3179
27.25769,-7.61504,-25.55813,27.21726,-7.719449,-25.86112,            115P   3180
27.18635,-7.789486,-26.17201,27.17257,-7.816795,-26.34334,           115P   3181
27.16508,-7.831811,-26.5151,27.15667,-7.841662,-26.68705,            115P   3182
27.14794,-7.845846,-26.85897,27.13951,-7.84387,-27.03058,            115P   3183
27.13191,-7.8352,-27.20159,27.1257,-7.819317,-27.63158,27.11009,     115P   3184
-7.779396,-28.05775,27.09223,-7.710803,-28.47734,27.07415,           115P   3185
-7.612197,-28.88751,27.05781,-7.482239,-29.28529,27.04504,           115P   3186
-7.319513,-29.66764,27.03766,-7.122723,-30.17441,27.02793,           115P   3187
-6.861885,-30.65103,27.02136,-6.55143,-31.09559,27.01744,            115P   3188
-6.196257,-31.50618,27.01558,-5.801311,-31.8809,27.01517,            115P   3189
-5.371517,-32.21787,27.01559,-4.911831,-32.49106,27.01594,           115P   3190
-4.539158,-32.73881,27.0163,-4.149499,-32.96073,27.01654,            115P   3191
-3.744659,-33.1564,27.01651,-3.326446,-33.32543,27.01606,            115P   3192
-2.896661,-33.46742,27.01504,-2.457101,-33.59579,27.01412,           115P   3193
-2.059684,-33.70148,27.01271,-1.655672,-33.78299,27.01114,           115P   3194
-1.246376,-33.83883,27.00977,-0.8331122,-33.86748,27.00891,          115P   3195
-0.4172088,-33.86748,27.00891,-1.136868D-013,-21.91846,27.78636,     115P   3196
-1.136868D-013,-21.91846,27.78636,-0.2890801,-21.91644,27.78347,     115P   3197
-0.5781489,-21.91415,27.77803,-0.8671788,-21.91336,27.77039,         115P   3198
-1.156142,-21.91583,27.7609,-1.445011,-21.92333,27.74991,            115P   3199
-1.733757,-21.92979,27.74043,-1.982754,-21.93766,27.72766,           115P   3200
-2.231661,-21.94894,27.7128,-2.480272,-21.96564,27.69705,            115P   3201
-2.728374,-21.98975,27.68163,-2.975746,-22.02329,27.66773,           115P   3202
-3.22216,-22.05313,27.65536,-3.441496,-22.08295,27.63625,            115P   3203
-3.660746,-22.11651,27.6136,-3.879059,-22.15755,27.59063,            115P   3204
-4.095551,-22.20986,27.57052,-4.309293,-22.2772,27.55646,            115P   3205
-4.519321,-22.3431,27.54267,-4.724944,-22.40732,27.51675,            115P   3206
-4.931034,-22.47535,27.4848,-5.135141,-22.5526,27.45291,             115P   3207
-5.33473,-22.6446,27.4271,-5.527117,-22.75678,27.41335,-5.70952,     115P   3208
-22.96382,27.388,-6.046103,-23.18412,27.33694,-6.37504,              115P   3209
-23.42418,27.27401,-6.686087,-23.69036,27.21326,-6.96848,            115P   3210
-23.98922,27.16763,-7.210037,-24.32622,27.1501,-7.398423,            115P   3211
-24.61636,27.13511,-7.560475,-24.91358,27.10652,-7.710417,           115P   3212
-25.21824,27.07201,-7.840946,-25.53043,27.03923,-7.944489,           115P   3213
-25.84999,27.0151,-8.012764,-26.17604,27.00668,-8.037743,            115P   3214
-26.35277,27.00216,-8.051215,-26.52975,26.99613,-8.05937,            115P   3215
-26.70678,26.9894,-8.061763,-26.88363,26.98275,-8.057932,            115P   3216
-27.06009,26.9769,-8.047396,-27.23596,26.97261,-8.029669,            115P   3217
-27.67829,26.96183,-7.985068,-28.11628,26.94816,-7.910554,           115P   3218
-28.54716,26.93384,-7.805144,-28.96808,26.92104,-7.667776,           115P   3219
-29.37615,26.91177,-7.497329,-29.76839,26.90802,-7.292707,           115P   3220
-30.28615,26.90309,-7.022569,-30.7728,26.89989,-6.702017,            115P   3221
-31.22646,26.89836,-6.336153,-31.64528,26.89835,-5.930044,           115P   3222
-32.02747,26.89967,-5.48874,-32.37128,26.90214,-5.017229,            115P   3223
-32.64899,26.90414,-4.636372,-32.9008,26.90565,-4.238306,            115P   3224
-33.1263,26.90669,-3.824887,-33.32511,26.90728,-3.397957,            115P   3225
-33.49684,26.90742,-2.959342,-33.64112,26.90711,-2.510844,           115P   3226
-33.77179,26.90684,-2.104655,-33.87925,26.9059,-1.691755,            115P   3227
-33.96205,26.90465,-1.273486,-34.0187,26.90346,-0.8511992,           115P   3228
-34.04776,26.90268,-0.4262497,-34.04776,26.90268,-1.136868D-013,     115P   3229
-21.62509,27.52566,-1.136868D-013,-21.62509,27.52566,-0.2887981,     115P   3230
-21.62306,27.52274,-0.5775848,-21.62078,27.51727,-0.8663324,         115P   3231
-21.62001,27.50963,-1.155014,-21.62253,27.50018,-1.443601,           115P   3232
-21.63012,27.48929,-1.732067,-21.6368,27.47971,-1.985924,            115P   3233
-21.645,27.46713,-2.239713,-21.65676,27.45263,-2.493203,             115P   3234
-21.67408,27.43728,-2.746165,-21.69899,27.42217,-2.998371,           115P   3235
-21.73351,27.40837,-3.24959,-21.7649,27.39583,-3.478086,             115P   3236
-21.79662,27.37751,-3.706575,-21.83249,27.35622,-3.934075,           115P   3237
-21.87636,27.33478,-4.159606,-21.93208,27.31598,-4.382188,           115P   3238
-22.00347,27.30264,-4.60084,-22.07466,27.28934,-4.81887,             115P   3239
-22.1446,27.26595,-5.03754,-22.21899,27.23765,-5.253995,             115P   3240
-22.30355,27.20959,-5.465377,-22.40399,27.18694,-5.668831,           115P   3241
-22.52602,27.17489,-5.861502,-22.75022,27.15274,-6.215498,           115P   3242
-22.98922,27.11054,-6.562089,-23.24961,27.05923,-6.88912,            115P   3243
-23.53796,27.0098,-7.184433,-23.86085,26.97319,-7.435871,            115P   3244
-24.22484,26.96038,-7.631277,-24.53161,26.94958,-7.79596,            115P   3245
-24.84606,26.92869,-7.948003,-25.16815,26.90328,-8.079384,           115P   3246
-25.49782,26.87894,-8.182084,-25.83502,26.86123,-8.24808,            115P   3247
-26.17971,26.85573,-8.269351,-26.36179,26.85283,-8.280588,           115P   3248
-26.54411,26.84902,-8.286914,-26.72647,26.84473,-8.287639,           115P   3249
-26.90866,26.84038,-8.282068,-27.09045,26.83639,-8.26951,            115P   3250
-27.27164,26.8332,-8.249271,-27.72579,26.82519,-8.198542,            115P   3251
-28.17565,26.81562,-8.118015,-28.61823,26.80589,-8.006241,           115P   3252
-29.05057,26.79739,-7.861773,-29.46967,26.79155,-7.68316,            115P   3253
-29.87255,26.78975,-7.468955,-30.40025,26.78739,-7.188387,           115P   3254
-30.89675,26.78723,-6.857607,-31.35998,26.78877,-6.481299,           115P   3255
-31.78786,26.7915,-6.064146,-32.17833,26.79493,-5.610832,            115P   3256
-32.52932,26.79855,-5.126043,-32.81126,26.80146,-4.736634,           115P   3257
-33.06714,26.80401,-4.329978,-33.29646,26.80608,-3.907841,           115P   3258
-33.4987,26.80759,-3.471989,-33.67335,26.80844,-3.024187,            115P   3259
-33.81988,26.80853,-2.566202,-33.95274,26.80861,-2.150962,           115P   3260
-34.06197,26.80804,-1.728933,-34.14611,26.80714,-1.301468,           115P   3261
-34.20368,26.80622,-0.8699215,-34.2332,26.80561,-0.4356475,          115P   3262
-34.2332,26.80561,-1.136868D-013,-21.33172,27.26496,                 115P   3263
-1.136868D-013,-21.33172,27.26496,-0.2885162,-21.32972,27.26204,     115P   3264
-0.5770207,-21.32748,27.25659,-0.8654861,-21.32675,27.24897,         115P   3265
-1.153885,-21.32931,27.23954,-1.442191,-21.3369,27.22867,            115P   3266
-1.730376,-21.34372,27.21892,-1.989094,-21.35237,27.20662,           115P   3267
-2.247768,-21.36476,27.19262,-2.506131,-21.38283,27.17778,           115P   3268
-2.763939,-21.40852,27.16297,-3.020969,-21.44374,27.14902,           115P   3269
-3.277018,-21.47643,27.13608,-3.5147,-21.51032,27.11879,             115P   3270
-3.75242,-21.54899,27.09931,-3.989024,-21.59605,27.07972,            115P   3271
-4.223469,-21.65508,27.06218,-4.454846,-21.72974,27.04883,           115P   3272
-4.682359,-21.80543,27.03529,-4.913031,-21.88148,27.01476,           115P   3273
-5.14426,-21.96312,26.99095,-5.372735,-22.05572,26.96741,            115P   3274
-5.595427,-22.16455,26.94799,-5.809779,-22.29525,26.93643,           115P   3275
-6.013483,-22.53447,26.91528,-6.386302,-22.79258,26.88201,           115P   3276
-6.750926,-23.07463,26.84384,-7.09319,-23.38632,26.80703,            115P   3277
-7.399739,-23.73314,26.78,-7.660187,-24.12346,26.77066,              115P   3278
-7.864138,-24.44629,26.76301,-8.032735,-24.77816,26.7498,            115P   3279
-8.186992,-25.11803,26.73412,-8.318585,-25.46533,26.71879,           115P   3280
-8.419465,-25.82005,26.70778,-8.482728,-26.18338,26.70478,           115P   3281
-8.50096,-26.37081,26.70327,-8.510313,-26.55849,26.7017,             115P   3282
-8.514767,-26.74619,26.70002,-8.513574,-26.93367,26.69814,           115P   3283
-8.505997,-27.12076,26.69606,-8.491335,-27.30732,26.69379,           115P   3284
-8.46887,-27.7734,26.6881,-8.41273,-28.23523,26.68262,-8.32621,      115P   3285
-28.6895,26.6777,-8.207715,-29.13307,26.67378,-8.055701,             115P   3286
-29.56303,26.6715,-7.868726,-29.97668,26.6715,-7.645161,             115P   3287
-30.51449,26.67152,-7.354456,-31.02091,26.67439,-7.013454,           115P   3288
-31.49365,26.67907,-6.626568,-31.93046,26.68465,-6.198232,           115P   3289
-32.32911,26.69024,-5.732865,-32.68736,26.69497,-5.234858,           115P   3290
-32.9736,26.69875,-4.836944,-33.23357,26.70232,-4.421692,            115P   3291
-33.46667,26.70544,-3.99081,-33.67229,26.7079,-3.546015,             115P   3292
-33.84982,26.70947,-3.089023,-33.99864,26.70994,-2.621561,           115P   3293
-34.13371,26.71037,-2.197278,-34.24472,26.71017,-1.766118,           115P   3294
-34.3302,26.70962,-1.329452,-34.38866,26.70899,-0.8886438,           115P   3295
-34.41864,26.70853,-0.4450454,-34.41864,26.70853,-1.136868D-013,     115P   3296
-21.01545,27.03335,-1.136868D-013,-21.01545,27.03335,-0.2885165,     115P   3297
-21.01348,27.03042,-0.5770209,-21.01129,27.02496,-0.8654864,         115P   3298
-21.01063,27.01733,-1.153886,-21.01322,27.00792,-1.442193,           115P   3299
-21.02082,26.99709,-1.730379,-21.02779,26.98716,-1.99446,            115P   3300
-21.03696,26.97505,-2.25848,-21.05015,26.96143,-2.522186,            115P   3301
-21.06914,26.94697,-2.785335,-21.09573,26.93236,-3.047699,           115P   3302
-21.13171,26.91827,-3.309063,-21.1658,26.90492,-3.556643,            115P   3303
-21.20221,26.88843,-3.804067,-21.24417,26.87038,-4.050274,           115P   3304
-21.29495,26.85231,-4.294271,-21.35774,26.83582,-4.53516,            115P   3305
-21.43582,26.82251,-4.772108,-21.51629,26.80877,-5.01635,            115P   3306
-21.59921,26.79053,-5.260303,-21.68922,26.77034,-5.500991,           115P   3307
-21.79104,26.75061,-5.735601,-21.90924,26.73406,-5.961692,           115P   3308
-22.04867,26.72331,-6.176968,-22.30396,26.70364,-6.571146,           115P   3309
-22.5825,26.6777,-6.952678,-22.88834,26.65004,-7.30873,              115P   3310
-23.22621,26.62419,-7.626786,-23.60011,26.60605,-7.896947,           115P   3311
-24.01615,26.60095,-8.109145,-24.35649,26.59684,-8.282678,           115P   3312
-24.7066,26.59005,-8.438349,-25.0653,26.58216,-8.568878,             115P   3313
-25.43177,26.57446,-8.667089,-25.80546,26.56953,-8.726945,           115P   3314
-26.18667,26.56961,-8.741946,-26.37985,26.5697,-8.749496,            115P   3315
-26.57321,26.57006,-8.751817,-26.76651,26.57041,-8.748285,           115P   3316
-26.95955,26.57044,-8.738288,-27.15214,26.56996,-8.72126,            115P   3317
-27.34412,26.56874,-8.696622,-27.82332,26.56569,-8.635123,           115P   3318
-28.29763,26.56364,-8.541994,-28.76384,26.5625,-8.415881,            115P   3319
-29.21886,26.56221,-8.255467,-29.65977,26.56301,-8.059579,           115P   3320
-30.08379,26.56511,-7.826917,-30.63271,26.56783,-7.525694,           115P   3321
-31.14954,26.57336,-7.173766,-31.63193,26.58051,-6.775499,           115P   3322
-32.0776,26.58827,-6.335293,-32.48423,26.59562,-5.857559,            115P   3323
-32.84949,26.6016,-5.346714,-33.1403,26.60636,-4.939975,             115P   3324
-33.40448,26.61085,-4.515758,-33.64139,26.6148,-4.075768,            115P   3325
-33.85036,26.61797,-3.62172,-34.03074,26.62012,-3.155338,            115P   3326
-34.18188,26.62101,-2.678355,-34.31926,26.62182,-2.244774,           115P   3327
-34.43209,26.62197,-1.804217,-34.51891,26.6217,-1.358078,            115P   3328
-34.57826,26.62127,-0.907743,-34.60867,26.62093,-0.4545925,          115P   3329
-34.60867,26.62093,-1.136868D-013,-20.67911,26.83235,                115P   3330
-1.136868D-013,-20.67911,26.83235,-0.2887957,-20.67718,26.82941,     115P   3331
-0.5775789,-20.67506,26.82392,-0.8663234,-20.67446,26.81627,         115P   3332
-1.155002,-20.6771,26.80685,-1.443589,-20.68471,26.79605,            115P   3333
-1.732056,-20.69182,26.78594,-2.001948,-20.70162,26.77394,           115P   3334
-2.271741,-20.71573,26.76057,-2.541217,-20.73578,26.74637,           115P   3335
-2.810148,-20.76339,26.73188,-3.078296,-20.80019,26.71763,           115P   3336
-3.345415,-20.83575,26.70386,-3.60349,-20.87498,26.68791,            115P   3337
-3.861077,-20.92068,26.67094,-4.117345,-20.97561,26.65403,           115P   3338
-4.371418,-21.04254,26.63837,-4.622389,-21.12418,26.6251,            115P   3339
-4.869304,-21.20966,26.61118,-5.127849,-21.30016,26.59467,           115P   3340
-5.384782,-21.39949,26.57726,-5.637898,-21.51153,26.56059,           115P   3341
-5.884846,-21.63989,26.54651,-6.123271,-21.78817,26.53678,           115P   3342
-6.350686,-22.06021,26.51892,-6.767909,-22.36049,26.49888,           115P   3343
-7.165804,-22.69209,26.47941,-7.534688,-23.05841,26.46274,           115P   3344
-7.864146,-23.46165,26.45251,-8.144295,-23.90354,26.45199,           115P   3345
-8.364894,-24.26235,26.4516,-8.543978,-24.63149,26.4501,             115P   3346
-8.700468,-25.00999,26.4483,-8.828936,-25.39682,26.44685,            115P   3347
-8.923703,-25.79056,26.44723,-8.979582,-26.18956,26.45068,           115P   3348
-8.99127,-26.38882,26.45244,-8.99706,-26.58809,26.45442,             115P   3349
-8.997028,-26.78724,26.45629,-8.990813,-26.98606,26.45775,           115P   3350
-8.978058,-27.18437,26.45855,-8.95844,-27.38192,26.45844,            115P   3351
-8.931644,-27.87498,26.45814,-8.864763,-28.36213,26.45893,           115P   3352
-8.764537,-28.84051,26.46065,-8.630107,-29.30718,26.46316,           115P   3353
-8.460623,-29.7592,26.46653,-8.255362,-30.19354,26.47082,            115P   3354
-8.013654,-30.75421,26.47637,-7.701627,-31.28176,26.48419,           115P   3355
-7.338257,-31.77394,26.49325,-6.928008,-32.22847,26.50261,           115P   3356
-6.475386,-32.64302,26.51138,-5.984948,-33.01527,26.51864,           115P   3357
-5.461317,-33.31086,26.52442,-5.045502,-33.57935,26.52971,           115P   3358
-4.612028,-33.82009,26.5343,-4.162633,-34.0324,26.538,-3.699062,     115P   3359
-34.21564,26.5406,-3.223075,-34.36913,26.54192,-2.736444,            115P   3360
-34.5089,26.54312,-2.293345,-34.62359,26.54357,-1.843163,            115P   3361
-34.71176,26.54353,-1.387317,-34.77198,26.54324,-0.9272251,          115P   3362
-34.80281,26.54297,-0.4643111,-34.80281,26.54297,-1.136868D-013,     115P   3363
-20.32554,26.66349,-1.136868D-013,-20.32554,26.66349,-0.2893507,     115P   3364
-20.32366,26.66052,-0.5786884,-20.32161,26.65499,-0.8679874,         115P   3365
-20.32108,26.6473,-1.157221,-20.32377,26.63787,-1.446364,            115P   3366
-20.33139,26.62709,-1.735387,-20.33867,26.61679,-2.011486,           115P   3367
-20.34916,26.60481,-2.287443,-20.3643,26.59157,-2.563076,            115P   3368
-20.38552,26.5775,-2.838173,-20.41426,26.56303,-3.112493,            115P   3369
-20.45193,26.54859,-3.385762,-20.48903,26.53436,-3.654819,           115P   3370
-20.53135,26.51873,-3.923014,-20.58112,26.50249,-4.18976,            115P   3371
-20.6406,26.48641,-4.454318,-20.71196,26.47132,-4.715799,            115P   3372
-20.79733,26.45802,-4.973163,-20.888,26.44388,-5.246547,             115P   3373
-20.98667,26.42858,-5.516823,-21.09612,26.41321,-5.78262,            115P   3374
-21.21914,26.39889,-6.042154,-21.35825,26.38679,-6.293252,           115P   3375
-21.51565,26.37805,-6.533368,-21.80479,26.36202,-6.974459,           115P   3376
-22.12806,26.34663,-7.388818,-22.48714,26.33349,-7.770166,           115P   3377
-22.88358,26.32423,-8.110599,-23.31755,26.32068,-8.40055,            115P   3378
-23.78623,26.32453,-8.629983,-24.16402,26.32769,-8.814868,           115P   3379
-24.55294,26.33046,-8.971833,-24.95209,26.33338,-9.097565,           115P   3380
-25.36009,26.3369,-9.188196,-25.77462,26.34173,-9.239597,            115P   3381
-26.19204,26.34843,-9.247895,-26.39758,26.35177,-9.251936,           115P   3382
-26.603,26.35505,-9.249385,-26.80819,26.35805,-9.240229,             115P   3383
-27.01301,26.36054,-9.22445,-27.21723,26.36235,-9.202051,            115P   3384
-27.42056,26.36326,-9.173055,-27.92779,26.36555,-9.100712,           115P   3385
-28.42804,26.36863,-8.993044,-28.91878,26.37249,-8.849818,           115P   3386
-29.39731,26.3771,-8.670779,-29.86065,26.38255,-8.455758,            115P   3387
-30.30561,26.38892,-8.204805,-30.87829,26.39712,-7.881795,           115P   3388
-31.41674,26.40687,-7.50666,-31.91881,26.41739,-7.084031,            115P   3389
-32.38228,26.42794,-6.618587,-32.80487,26.43782,-6.115079,           115P   3390
-33.18428,26.44631,-5.57837,-33.48477,26.45303,-5.153297,            115P   3391
-33.75763,26.459,-4.710355,-34.00223,26.46409,-4.251325,             115P   3392
-34.21792,26.46817,-3.777999,-34.40404,26.47113,-3.292181,           115P   3393
-34.55996,26.47285,-2.795688,-34.70216,26.47442,-2.342885,           115P   3394
-34.81873,26.47512,-1.882888,-34.90827,26.47525,-1.41714,            115P   3395
-34.96937,26.47506,-0.9470963,-35.00062,26.47482,-0.4742237,         115P   3396
-35.00062,26.47482,-1.136868D-013,-19.95759,26.52829,                115P   3397
-1.136868D-013,-19.95758,26.52829,-0.2901781,-19.95575,26.52529,     115P   3398
-0.5803429,-19.95377,26.51971,-0.8704688,-19.95331,26.51197,         115P   3399
-1.16053,-19.95607,26.5025,-1.4505,-19.96371,26.49172,-1.740352,     115P   3400
-19.97116,26.4812,-2.023,-19.9824,26.46916,-2.305477,-19.99865,      115P   3401
26.45595,-2.587613,-20.02114,26.4419,-2.869206,-20.05109,            115P   3402
26.42735,-3.150023,-20.0897,26.41265,-3.429795,-20.12839,            115P   3403
26.39792,-3.710203,-20.174,26.38238,-3.989443,-20.22814,             115P   3404
26.36656,-4.267046,-20.29244,26.35099,-4.542384,-20.36847,           115P   3405
26.33618,-4.814657,-20.45775,26.32269,-5.082902,-20.55378,           115P   3406
26.30818,-5.371457,-20.66107,26.29365,-5.655558,-20.78121,           115P   3407
26.27973,-5.934357,-20.91575,26.26712,-6.206565,-21.06603,           115P   3408
26.25644,-6.470414,-21.23301,26.24836,-6.723743,-21.5394,            115P   3409
26.23355,-7.188559,-21.88686,26.22175,-7.620145,-22.27481,           115P   3410
26.21363,-8.014249,-22.70236,26.21021,-8.364993,-23.16751,           115P   3411
26.21193,-8.664127,-23.66486,26.21931,-8.903008,-24.06166,           115P   3412
26.22521,-9.093532,-24.47107,26.23137,-9.2509,-24.89161,             115P   3413
26.23803,-9.373586,-25.32122,26.24551,-9.459515,-25.75689,           115P   3414
26.25391,-9.506011,-26.19411,26.26333,-9.510781,-26.40605,           115P   3415
26.26791,-9.513058,-26.61776,26.27218,-9.507878,-26.82918,           115P   3416
26.27602,-9.495612,-27.04016,26.27928,-9.476623,-27.2505,            115P   3417
26.28185,-9.451279,-27.45991,26.28359,-9.419971,-27.98117,           115P   3418
26.28793,-9.342017,-28.49465,26.29278,-9.226712,-28.99796,           115P   3419
26.29827,-9.074444,-29.48853,26.3045,-8.885568,-29.96347,            115P   3420
26.3116,-8.660474,-30.41966,26.31966,-8.3998,-31.00424,26.33,        115P   3421
-8.06573,-31.55361,26.34129,-7.678702,-32.06567,26.35297,            115P   3422
-7.243509,-32.53824,26.36448,-6.764979,-32.96913,26.37527,           115P   3423
-6.248003,-33.35609,26.38479,-5.697576,-33.66151,26.39229,           115P   3424
-5.263133,-33.93879,26.39882,-4.810589,-34.18729,26.40429,           115P   3425
-4.341765,-34.4064,26.40868,-3.858489,-34.59548,26.41192,            115P   3426
-3.362601,-34.7539,26.41397,-2.855947,-34.89856,26.41584,            115P   3427
-2.393289,-35.01704,26.41675,-1.923322,-35.10796,26.417,             115P   3428
-1.447518,-35.16994,26.41687,-0.9673624,-35.20162,26.41666,          115P   3429
-0.4843528,-35.20162,26.41666,-1.136868D-013,-19.57808,26.42826,     115P   3430
-1.136868D-013,-19.57807,26.42826,-0.2912748,-19.57628,26.42523,     115P   3431
-0.582536,-19.57437,26.4196,-0.8737577,-19.57399,26.41181,           115P   3432
-1.164914,-19.57681,26.40228,-1.45598,-19.58449,26.39146,            115P   3433
-1.746929,-19.59213,26.38069,-2.036415,-19.60417,26.36852,           115P   3434
-2.325734,-19.6216,26.35524,-2.61468,-19.64542,26.3411,              115P   3435
-2.903044,-19.67664,26.32637,-3.190621,-19.71624,26.31133,           115P   3436
-3.477203,-19.7566,26.296,-3.769217,-19.80565,26.28036,              115P   3437
-4.059926,-19.86436,26.26471,-4.348731,-19.93367,26.24933,           115P   3438
-4.635034,-20.01454,26.23451,-4.918235,-20.10793,26.22054,           115P   3439
-5.197737,-20.20945,26.20536,-5.501587,-20.32568,26.19129,           115P   3440
-5.80014,-20.45683,26.17847,-6.092356,-20.60314,26.16704,            115P   3441
-6.377189,-20.76483,26.15715,-6.653599,-20.94214,26.14894,           115P   3442
-6.920542,-21.26587,26.13396,-7.4079,-21.63864,26.12497,             115P   3443
-7.858189,-22.05645,26.12138,-8.266105,-22.5153,26.1226,             115P   3444
-8.626342,-23.01117,26.12802,-8.933598,-23.54004,26.13707,           115P   3445
-9.182566,-23.95547,26.14417,-9.37813,-24.38606,26.15298,            115P   3446
-9.536116,-24.82859,26.16303,-9.655854,-25.27985,26.17383,           115P   3447
-9.736676,-25.73664,26.18492,-9.777911,-26.19575,26.19583,           115P   3448
-9.77889,-26.41409,26.20102,-9.779356,-26.63224,26.20598,            115P   3449
-9.771503,-26.85003,26.21053,-9.756062,-27.06732,26.21447,           115P   3450
-9.733762,-27.28396,26.21763,-9.705335,-27.49982,26.21981,           115P   3451
-9.67151,-28.03456,26.22521,-9.587714,-28.56128,26.23137,            115P   3452
-9.464741,-29.07735,26.23827,-9.30344,-29.58014,26.24591,            115P   3453
-9.104661,-30.06702,26.25426,-8.869254,-30.53537,26.26333,           115P   3454
-8.598071,-31.13139,26.27487,-8.25296,-31.69154,26.28729,            115P   3455
-7.854109,-32.21367,26.30002,-7.406385,-32.6956,26.31248,            115P   3456
-6.914655,-33.13519,26.32409,-6.383784,-33.53027,26.33428,           115P   3457
-5.818639,-33.84057,26.34227,-5.37478,-34.12227,26.34921,            115P   3458
-4.912578,-34.37475,26.35504,-4.433869,-34.59737,26.35972,           115P   3459
-3.940492,-34.78949,26.36321,-3.434283,-34.95049,26.36546,           115P   3460
-2.91708,-35.09761,26.36752,-2.44445,-35.21801,26.36857,             115P   3461
-1.964396,-35.31033,26.36891,-1.478422,-35.37323,26.36884,           115P   3462
-0.9880288,-35.40535,26.36866,-0.4947207,-35.40535,26.36866,         115P   3463
-1.136868D-013,1.,12.,1.,5.;                                         115P   3464
508,4,0,5,10,0,1,1,119,0,5,16,1,1,1,121,0,5,4,0,1,1,123,0,5,17,      117P   3465
1,1,1,125;                                                           117P   3466
126,3,3,1,0,1,0,0.,0.,0.,0.,1.,1.,1.,1.,1.,1.,1.,1.,1.,1.,0.,        119P   3467
4.666667,1.,0.,8.333333,1.,0.,12.,1.,0.,0.,1.,0.,0.,1.;              119P   3468
126,3,3,1,0,1,0,0.,0.,0.,0.,1.,1.,1.,1.,1.,1.,1.,1.,12.,1.,0.,       121P   3469
12.,2.333333,0.,12.,3.666667,0.,12.,5.,0.,0.,1.,0.,0.,1.;            121P   3470
126,3,3,1,0,1,0,0.,0.,0.,0.,1.,1.,1.,1.,1.,1.,1.,1.,12.,5.,0.,       123P   3471
8.333333,5.,0.,4.666667,5.,0.,1.,5.,0.,0.,1.,0.,0.,1.;               123P   3472
126,3,3,1,0,1,0,0.,0.,0.,0.,1.,1.,1.,1.,1.,1.,1.,1.,1.,5.,0.,1.,     125P   3473
3.666667,0.,1.,2.333333,0.,1.,1.,0.,0.,1.,0.,0.,1.;                  125P   3474
510,129,1,1,131;                                                     127P   3475
128,6,6,6,6,0,0,1,0,0,1.,1.,1.,1.,1.,1.,1.,2.,2.,2.,2.,2.,2.,2.,     129P   3476
1.,1.,1.,1.,1.,1.,1.,2.,2.,2.,2.,2.,2.,2.,1.,1.,1.,1.,1.,1.,1.,      129P   3477
1.,1.,1.,1.,1.,1.,1.,1.,1.,1.,1.,1.,1.,1.,1.,1.,1.,1.,1.,1.,1.,      129P   3478
1.,1.,1.,1.,1.,1.,1.,1.,1.,1.,1.,1.,1.,1.,1.,1.,1.,1.,1.,1.,1.,      129P   3479
-72.64482,-82.665,7.858881D-005,-48.42988,-82.665,4.335703D-005,     129P   3480
-24.21494,-82.665,8.125252D-006,1.979808D-006,-82.665,               129P   3481
-2.710653D-005,24.21494,-82.665,-6.233831D-005,48.42988,-82.665,     129P   3482
-9.757009D-005,72.64482,-82.665,-0.0001328019,-72.64482,-55.11,      129P   3483
8.723348D-005,-48.42988,-55.11,5.20017D-005,-24.21494,-55.11,        129P   3484
1.676992D-005,1.979821D-006,-55.11,-1.846186D-005,24.21494,          129P   3485
-55.11,-5.369364D-005,48.42988,-55.11,-8.892542D-005,72.64482,       129P   3486
-55.11,-0.0001241572,-72.64482,-27.555,9.587814D-005,-48.42988,      129P   3487
-27.555,6.064636D-005,-24.21494,-27.555,2.541458D-005,               129P   3488
1.979834D-006,-27.555,-9.817195D-006,24.21494,-27.555,               129P   3489
-4.504897D-005,48.42988,-27.555,-8.028075D-005,72.64482,-27.555,     129P   3490
-0.0001155125,-72.64482,4.014566D-013,0.0001045228,-48.42988,        129P   3491
4.014566D-013,6.929103D-005,-24.21494,4.014566D-013,                 129P   3492
3.405925D-005,1.979846D-006,4.014566D-013,-1.172529D-006,            129P   3493
24.21494,4.014566D-013,-3.640431D-005,48.42988,4.014566D-013,        129P   3494
-7.163609D-005,72.64482,4.014566D-013,-0.0001068679,-72.64482,       129P   3495
27.555,0.0001131675,-48.42988,27.555,7.79357D-005,-24.21494,         129P   3496
27.555,4.270392D-005,1.979859D-006,27.555,7.472137D-006,             129P   3497
24.21494,27.555,-2.775964D-005,48.42988,27.555,-6.299142D-005,       129P   3498
72.64482,27.555,-9.82232D-005,-72.64482,55.11,0.0001218121,          129P   3499
-48.42988,55.11,8.658036D-005,-24.21494,55.11,5.134858D-005,         129P   3500
1.979871D-006,55.11,1.61168D-005,24.21494,55.11,-1.911498D-005,      129P   3501
48.42988,55.11,-5.434676D-005,72.64482,55.11,-8.957854D-005,         129P   3502
-72.64482,82.665,0.0001304568,-48.42988,82.665,9.522503D-005,        129P   3503
-24.21494,82.665,5.999325D-005,1.979884D-006,82.665,                 129P   3504
2.476147D-005,24.21494,82.665,-1.047031D-005,48.42988,82.665,        129P   3505
-4.570209D-005,72.64482,82.665,-8.093387D-005,1.,2.,1.,2.;           129P   3506
508,5,0,5,2,0,1,0,133,0,5,14,0,1,0,135,0,5,11,0,1,0,137,0,5,17,      131P   3507
0,1,0,139,0,5,3,0,1,0,141;                                           131P   3508
126,39,3,1,0,1,0,0.,0.,0.,0.,1.,1.,1.,2.,2.,2.,3.,3.,3.,4.,4.,       133P   3509
4.,5.,5.,5.,6.,6.,6.,7.,7.,7.,8.,8.,8.,9.,9.,9.,10.,10.,10.,11.,     133P   3510
11.,11.,12.,12.,12.,13.,13.,13.,13.,1.,1.,1.,1.,1.,1.,1.,1.,1.,      133P   3511
1.,1.,1.,1.,1.,1.,1.,1.,1.,1.,1.,1.,1.,1.,1.,1.,1.,1.,1.,1.,1.,      133P   3512
1.,1.,1.,1.,1.,1.,1.,1.,1.,1.,1.460034,1.624131,0.,1.468209,         133P   3513
1.620334,0.,1.476394,1.616557,0.,1.484587,1.6128,0.,1.488703,        133P   3514
1.610951,0.,1.492818,1.609101,0.,1.496933,1.607252,0.,1.501082,      133P   3515
1.605462,0.,1.50523,1.603673,0.,1.509378,1.601883,0.,1.513572,       133P   3516
1.60018,0.,1.517766,1.598476,0.,1.521959,1.596772,0.,1.526212,       133P   3517
1.59518,0.,1.530465,1.593587,0.,1.534717,1.591995,0.,1.537939,       133P   3518
1.590897,0.,1.54116,1.589799,0.,1.544381,1.588702,0.,1.547641,       133P   3519
1.587699,0.,1.5509,1.586696,0.,1.554159,1.585694,0.,1.557457,        133P   3520
1.584796,0.,1.560755,1.583898,0.,1.564053,1.583001,0.,1.567391,      133P   3521
1.582218,0.,1.570729,1.581435,0.,1.574067,1.580652,0.,1.575764,      133P   3522
1.580309,0.,1.577461,1.579967,0.,1.579157,1.579624,0.,1.580863,      133P   3523
1.579321,0.,1.582568,1.579017,0.,1.584273,1.578714,0.,1.585985,      133P   3524
1.578446,0.,1.587698,1.578178,0.,1.58941,1.57791,0.,1.59113,         133P   3525
1.577673,0.,1.592849,1.577435,0.,1.594569,1.577198,0.,0.,13.,0.,     133P   3526
0.,1.;                                                               133P   3527
126,30,3,1,0,1,0,0.,0.,0.,0.,1.,1.,1.,2.,2.,2.,3.,3.,3.,4.,4.,       135P   3528
4.,5.,5.,5.,6.,6.,6.,7.,7.,7.,8.,8.,8.,9.,9.,9.,10.,10.,10.,10.,     135P   3529
1.,1.,1.,1.,1.,1.,1.,1.,1.,1.,1.,1.,1.,1.,1.,1.,1.,1.,1.,1.,1.,      135P   3530
1.,1.,1.,1.,1.,1.,1.,1.,1.,1.,1.594569,1.577198,0.,1.595756,         135P   3531
1.577103,0.,1.596944,1.577008,0.,1.598131,1.576914,0.,1.599323,      135P   3532
1.576933,0.,1.600515,1.576952,0.,1.601707,1.576971,0.,1.602891,      135P   3533
1.5771,0.,1.604075,1.57723,0.,1.605259,1.577359,0.,1.606421,         135P   3534
1.577594,0.,1.607584,1.577829,0.,1.608747,1.578064,0.,1.609876,      135P   3535
1.578402,0.,1.611006,1.578739,0.,1.612135,1.579076,0.,1.613218,      135P   3536
1.579515,0.,1.6143,1.579954,0.,1.615383,1.580394,0.,1.616406,        135P   3537
1.580932,0.,1.617429,1.58147,0.,1.618452,1.582008,0.,1.619407,       135P   3538
1.582636,0.,1.620361,1.583265,0.,1.621315,1.583894,0.,1.622191,      135P   3539
1.584605,0.,1.623068,1.585317,0.,1.623944,1.586028,0.,1.624732,      135P   3540
1.586814,0.,1.625521,1.5876,0.,1.62631,1.588385,0.,0.,10.,0.,0.,     135P   3541
1.;                                                                  135P   3542
126,183,3,1,0,1,0,0.,0.,0.,0.,1.,1.,1.,2.,2.,2.,3.,3.,3.,4.,4.,      137P   3543
4.,5.,5.,5.,6.,6.,6.,7.,7.,7.,8.,8.,8.,9.,9.,9.,10.,10.,10.,11.,     137P   3544
11.,11.,12.,12.,12.,13.,13.,13.,14.,14.,14.,15.,15.,15.,16.,16.,     137P   3545
16.,17.,17.,17.,18.,18.,18.,19.,19.,19.,20.,20.,20.,21.,21.,21.,     137P   3546
22.,22.,22.,23.,23.,23.,24.,24.,24.,25.,25.,25.,26.,26.,26.,27.,     137P   3547
27.,27.,28.,28.,28.,29.,29.,29.,30.,30.,30.,31.,31.,31.,32.,32.,     137P   3548
32.,33.,33.,33.,34.,34.,34.,35.,35.,35.,36.,36.,36.,37.,37.,37.,     137P   3549
38.,38.,38.,39.,39.,39.,40.,40.,40.,41.,41.,41.,42.,42.,42.,43.,     137P   3550
43.,43.,44.,44.,44.,45.,45.,45.,46.,46.,46.,47.,47.,47.,48.,48.,     137P   3551
48.,49.,49.,49.,50.,50.,50.,51.,51.,51.,52.,52.,52.,53.,53.,53.,     137P   3552
54.,54.,54.,55.,55.,55.,56.,56.,56.,57.,57.,57.,58.,58.,58.,59.,     137P   3553
59.,59.,60.,60.,60.,61.,61.,61.,61.,1.,1.,1.,1.,1.,1.,1.,1.,1.,      137P   3554
1.,1.,1.,1.,1.,1.,1.,1.,1.,1.,1.,1.,1.,1.,1.,1.,1.,1.,1.,1.,1.,      137P   3555
1.,1.,1.,1.,1.,1.,1.,1.,1.,1.,1.,1.,1.,1.,1.,1.,1.,1.,1.,1.,1.,      137P   3556
1.,1.,1.,1.,1.,1.,1.,1.,1.,1.,1.,1.,1.,1.,1.,1.,1.,1.,1.,1.,1.,      137P   3557
1.,1.,1.,1.,1.,1.,1.,1.,1.,1.,1.,1.,1.,1.,1.,1.,1.,1.,1.,1.,1.,      137P   3558
1.,1.,1.,1.,1.,1.,1.,1.,1.,1.,1.,1.,1.,1.,1.,1.,1.,1.,1.,1.,1.,      137P   3559
1.,1.,1.,1.,1.,1.,1.,1.,1.,1.,1.,1.,1.,1.,1.,1.,1.,1.,1.,1.,1.,      137P   3560
1.,1.,1.,1.,1.,1.,1.,1.,1.,1.,1.,1.,1.,1.,1.,1.,1.,1.,1.,1.,1.,      137P   3561
1.,1.,1.,1.,1.,1.,1.,1.,1.,1.,1.,1.,1.,1.,1.,1.,1.,1.,1.,1.,1.,      137P   3562
1.,1.,1.,1.,1.,1.,1.,1.62631,1.588385,0.,1.62848,1.590874,0.,        137P   3563
1.630651,1.593363,0.,1.632822,1.595851,0.,1.634889,1.598408,0.,      137P   3564
1.636957,1.600964,0.,1.639024,1.603521,0.,1.640978,1.606145,0.,      137P   3565
1.642932,1.608769,0.,1.644887,1.611393,0.,1.646718,1.614084,0.,      137P   3566
1.648549,1.616775,0.,1.65038,1.619466,0.,1.652078,1.622224,0.,       137P   3567
1.653775,1.624981,0.,1.655473,1.627739,0.,1.656665,1.629885,0.,      137P   3568
1.657856,1.632031,0.,1.659047,1.634177,0.,1.660138,1.636364,0.,      137P   3569
1.661229,1.638552,0.,1.662321,1.640739,0.,1.663305,1.642965,0.,      137P   3570
1.66429,1.645191,0.,1.665275,1.647417,0.,1.666148,1.649679,0.,       137P   3571
1.66702,1.65194,0.,1.667893,1.654201,0.,1.668646,1.656494,0.,        137P   3572
1.6694,1.658786,0.,1.670153,1.661079,0.,1.670782,1.663401,0.,        137P   3573
1.67141,1.665722,0.,1.672039,1.668043,0.,1.672536,1.67039,0.,        137P   3574
1.673033,1.672736,0.,1.673531,1.675083,0.,1.67389,1.677451,0.,       137P   3575
1.67425,1.67982,0.,1.674609,1.682188,0.,1.674798,1.684081,0.,        137P   3576
1.674987,1.685974,0.,1.675175,1.687867,0.,1.675277,1.689764,0.,      137P   3577
1.675378,1.691661,0.,1.675479,1.693558,0.,1.675484,1.695455,0.,      137P   3578
1.675488,1.697352,0.,1.675493,1.69925,0.,1.675393,1.701144,0.,       137P   3579
1.675292,1.703038,0.,1.675192,1.704932,0.,1.674977,1.70682,0.,       137P   3580
1.674763,1.708707,0.,1.674548,1.710594,0.,1.674211,1.712471,0.,      137P   3581
1.673874,1.714348,0.,1.673536,1.716225,0.,1.673001,1.718366,0.,      137P   3582
1.672466,1.720508,0.,1.671932,1.722649,0.,1.671255,1.724757,0.,      137P   3583
1.670579,1.726864,0.,1.669902,1.728971,0.,1.669086,1.73104,0.,       137P   3584
1.66827,1.733108,0.,1.667454,1.735176,0.,1.666501,1.7372,0.,         137P   3585
1.665547,1.739224,0.,1.664594,1.741248,0.,1.663503,1.743222,0.,      137P   3586
1.662412,1.745195,0.,1.661321,1.747169,0.,1.660096,1.74908,0.,       137P   3587
1.658871,1.750992,0.,1.657646,1.752903,0.,1.656293,1.754746,0.,      137P   3588
1.654939,1.75659,0.,1.653586,1.758433,0.,1.652109,1.760201,0.,       137P   3589
1.650632,1.761969,0.,1.649155,1.763737,0.,1.64756,1.765424,0.,       137P   3590
1.645965,1.767111,0.,1.64437,1.768797,0.,1.642662,1.770396,0.,       137P   3591
1.640954,1.771995,0.,1.639246,1.773594,0.,1.637431,1.775099,0.,      137P   3592
1.635616,1.776603,0.,1.633801,1.778107,0.,1.631883,1.779511,0.,      137P   3593
1.629966,1.780915,0.,1.628049,1.782318,0.,1.626034,1.783614,0.,      137P   3594
1.62402,1.784911,0.,1.622006,1.786207,0.,1.619906,1.787391,0.,       137P   3595
1.617806,1.788575,0.,1.615706,1.789759,0.,1.61353,1.790831,0.,       137P   3596
1.611354,1.791903,0.,1.609178,1.792975,0.,1.606933,1.793932,0.,      137P   3597
1.604688,1.794889,0.,1.602444,1.795846,0.,1.600139,1.796685,0.,      137P   3598
1.597834,1.797524,0.,1.595529,1.798363,0.,1.593172,1.79908,0.,       137P   3599
1.590816,1.799798,0.,1.588459,1.800515,0.,1.586058,1.801108,0.,      137P   3600
1.583657,1.801701,0.,1.581257,1.802294,0.,1.57882,1.80276,0.,        137P   3601
1.576384,1.803226,0.,1.573948,1.803691,0.,1.571484,1.804027,0.,      137P   3602
1.56902,1.804362,0.,1.566556,1.804697,0.,1.564072,1.804894,0.,       137P   3603
1.561589,1.80511,0.,1.559106,1.805289,0.,1.552892,1.805658,0.,       137P   3604
1.546676,1.805407,0.,1.540461,1.805246,0.,1.53675,1.805024,0.,       137P   3605
1.53304,1.804788,0.,1.529329,1.80456,0.,1.525635,1.804182,0.,        137P   3606
1.521941,1.803805,0.,1.518247,1.803427,0.,1.514577,1.802904,0.,      137P   3607
1.510906,1.802381,0.,1.507236,1.801858,0.,1.503595,1.801191,0.,      137P   3608
1.499955,1.800524,0.,1.496314,1.799857,0.,1.492711,1.799045,0.,      137P   3609
1.489105,1.798245,0.,1.485506,1.79742,0.,1.478342,1.795641,0.,       137P   3610
1.471258,1.79359,0.,1.464251,1.791268,0.,1.460785,1.790039,0.,       137P   3611
1.457327,1.788785,0.,1.453866,1.787543,0.,1.450475,1.786158,0.,      137P   3612
1.447084,1.784773,0.,1.443693,1.783388,0.,1.440379,1.781867,0.,      137P   3613
1.437065,1.780346,0.,1.43375,1.778824,0.,1.430519,1.777171,0.,       137P   3614
1.427287,1.775517,0.,1.424056,1.773864,0.,1.420915,1.77208,0.,       137P   3615
1.417767,1.770307,0.,1.414633,1.768512,0.,1.408484,1.764821,0.,      137P   3616
1.402489,1.760893,0.,1.396655,1.756721,0.,1.393809,1.754594,0.,      137P   3617
1.390977,1.752445,0.,1.388138,1.750307,0.,1.385414,1.748055,0.,      137P   3618
1.382691,1.745804,0.,1.379967,1.743552,0.,1.377364,1.741193,0.,      137P   3619
1.374761,1.738834,0.,1.372158,1.736476,0.,1.369682,1.734014,0.,      137P   3620
1.367206,1.731552,0.,1.36473,1.72909,0.,1.362387,1.72653,0.,         137P   3621
1.360043,1.723969,0.,1.3577,1.721409,0.,1.355496,1.718754,0.,        137P   3622
1.353292,1.716099,0.,1.351088,1.713444,0.,1.34903,1.710698,0.,       137P   3623
1.346972,1.707953,0.,1.344913,1.705207,0.,0.,61.,0.,0.,1.;           137P   3624
126,51,3,1,0,1,0,0.,0.,0.,0.,1.,1.,1.,2.,2.,2.,3.,3.,3.,4.,4.,       139P   3625
4.,5.,5.,5.,6.,6.,6.,7.,7.,7.,8.,8.,8.,9.,9.,9.,10.,10.,10.,11.,     139P   3626
11.,11.,12.,12.,12.,13.,13.,13.,14.,14.,14.,15.,15.,15.,16.,16.,     139P   3627
16.,17.,17.,17.,17.,1.,1.,1.,1.,1.,1.,1.,1.,1.,1.,1.,1.,1.,1.,       139P   3628
1.,1.,1.,1.,1.,1.,1.,1.,1.,1.,1.,1.,1.,1.,1.,1.,1.,1.,1.,1.,1.,      139P   3629
1.,1.,1.,1.,1.,1.,1.,1.,1.,1.,1.,1.,1.,1.,1.,1.,1.,1.344913,         139P   3630
1.705207,0.,1.343534,1.7032,0.,1.342359,1.701082,0.,1.34145,         139P   3631
1.69882,0.,1.341075,1.697691,0.,1.340722,1.69655,0.,1.340358,        139P   3632
1.695416,0.,1.340155,1.694249,0.,1.339952,1.693081,0.,1.339749,      139P   3633
1.691914,0.,1.339706,1.690733,0.,1.339662,1.689552,0.,1.339618,      139P   3634
1.688372,0.,1.339729,1.687193,0.,1.339839,1.686015,0.,1.339949,      139P   3635
1.684836,0.,1.340214,1.683678,0.,1.340479,1.68252,0.,1.340744,       139P   3636
1.681363,0.,1.341165,1.680244,0.,1.341585,1.679125,0.,1.342006,      139P   3637
1.678006,0.,1.342448,1.677147,0.,1.34289,1.676287,0.,1.343331,       139P   3638
1.675427,0.,1.34386,1.674601,0.,1.344389,1.673774,0.,1.344919,       139P   3639
1.672948,0.,1.345533,1.672168,0.,1.346147,1.671388,0.,1.346761,      139P   3640
1.670608,0.,1.347458,1.669889,0.,1.348154,1.66917,0.,1.348851,       139P   3641
1.668451,0.,1.349629,1.667806,0.,1.350406,1.667161,0.,1.351184,      139P   3642
1.666516,0.,1.351805,1.666069,0.,1.352424,1.665618,0.,1.353047,      139P   3643
1.665175,0.,1.354325,1.664275,0.,1.355652,1.663453,0.,1.357026,      139P   3644
1.662707,0.,1.357736,1.662371,0.,1.358451,1.662042,0.,1.359164,      139P   3645
1.661709,0.,1.359915,1.66146,0.,1.360667,1.66121,0.,1.361418,        139P   3646
1.66096,0.,1.362705,1.660619,0.,1.363991,1.660279,0.,1.365278,       139P   3647
1.659939,0.,0.,17.,0.,0.,1.;                                         139P   3648
126,21,3,1,0,1,0,0.,0.,0.,0.,1.,1.,1.,2.,2.,2.,3.,3.,3.,4.,4.,       141P   3649
4.,5.,5.,5.,6.,6.,6.,7.,7.,7.,7.,1.,1.,1.,1.,1.,1.,1.,1.,1.,1.,      141P   3650
1.,1.,1.,1.,1.,1.,1.,1.,1.,1.,1.,1.,1.365278,1.659939,0.,            141P   3651
1.369787,1.658772,0.,1.37427,1.657511,0.,1.37876,1.656273,0.,        141P   3652
1.381626,1.655427,0.,1.384494,1.654586,0.,1.387358,1.653733,0.,      141P   3653
1.393052,1.651973,0.,1.398694,1.650062,0.,1.404281,1.647986,0.,      141P   3654
1.409004,1.646142,0.,1.413719,1.644274,0.,1.418438,1.642421,0.,      141P   3655
1.4231,1.640459,0.,1.427762,1.638498,0.,1.432423,1.636536,0.,        141P   3656
1.437041,1.634495,0.,1.441658,1.632455,0.,1.446275,1.630414,0.,      141P   3657
1.450862,1.62832,0.,1.455448,1.626225,0.,1.460034,1.624131,0.,       141P   3658
0.,7.,0.,0.,1.;                                                      141P   3659
510,145,1,1,147;                                                     143P   3660
128,1,24,1,3,0,0,1,0,0,0.,0.,1.,1.,0.,0.,0.,0.,1.,1.,1.,2.,2.,       145P   3661
2.,3.,3.,3.,4.,4.,4.,5.,5.,5.,6.,6.,6.,7.,7.,7.,8.,8.,8.,8.,1.,      145P   3662
1.,1.,1.,1.,1.,1.,1.,1.,1.,1.,1.,1.,1.,1.,1.,1.,1.,1.,1.,1.,1.,      145P   3663
1.,1.,1.,1.,1.,1.,1.,1.,1.,1.,1.,1.,1.,1.,1.,1.,1.,1.,1.,1.,1.,      145P   3664
1.,1.,1.,1.,1.,1.,1.,-72.49982,-42.49904,-1.782502D-006,             145P   3665
-52.49982,-42.49904,-1.782502D-006,-72.49982,-42.50648,              145P   3666
-3.998803,-52.49982,-42.50648,-3.998803,-72.49982,-41.70071,         145P   3667
-7.994736,-52.49982,-41.70071,-7.994736,-72.49982,-40.14317,         145P   3668
-11.67766,-52.49982,-40.14317,-11.67766,-72.49982,-38.64025,         145P   3669
-15.23143,-52.49982,-38.64025,-15.23143,-72.49982,-36.44168,         145P   3670
-18.48539,-52.49982,-36.44168,-18.48539,-72.49982,-33.71378,         145P   3671
-21.21378,-52.49982,-33.71378,-21.21378,-72.49982,-30.98577,         145P   3672
-23.94228,-52.49982,-30.98577,-23.94228,-72.49982,-27.73121,         145P   3673
-26.13899,-52.49982,-27.73121,-26.13899,-72.49982,-24.1778,          145P   3674
-27.64351,-52.49982,-24.1778,-27.64351,-72.49982,-20.49494,          145P   3675
-29.20283,-52.49982,-20.49494,-29.20283,-72.49982,-16.49846,         145P   3676
-30.00153,-52.49982,-16.49846,-30.00153,-72.49982,-12.5,             145P   3677
-30.00153,-52.49982,-12.5,-30.00153,-72.49982,-8.501544,             145P   3678
-30.00153,-52.49982,-8.501544,-30.00153,-72.49982,-4.505059,         145P   3679
-29.20283,-52.49982,-4.505059,-29.20283,-72.49982,-0.8221994,        145P   3680
-27.64351,-52.49982,-0.8221994,-27.64351,-72.49982,2.731209,         145P   3681
-26.13899,-52.49982,2.731209,-26.13899,-72.49982,5.985766,           145P   3682
-23.94228,-52.49982,5.985766,-23.94228,-72.49982,8.713777,           145P   3683
-21.21378,-52.49982,8.713777,-21.21378,-72.49982,11.44168,           145P   3684
-18.48539,-52.49982,11.44168,-18.48539,-72.49982,13.64025,           145P   3685
-15.23143,-52.49982,13.64025,-15.23143,-72.49982,15.14317,           145P   3686
-11.67766,-52.49982,15.14317,-11.67766,-72.49982,16.70071,           145P   3687
-7.994736,-52.49982,16.70071,-7.994736,-72.49982,17.50648,           145P   3688
-3.998803,-52.49982,17.50648,-3.998803,-72.49982,17.49904,           145P   3689
-1.782502D-006,-52.49982,17.49904,-1.782502D-006,0.,1.,0.,8.;        145P   3690
508,4,0,5,18,1,1,1,149,0,5,19,1,1,1,151,0,5,20,1,1,1,153,0,5,6,      147P   3691
0,1,1,155;                                                           147P   3692
126,3,3,1,0,1,0,0.,0.,0.,0.,1.,1.,1.,1.,1.,1.,1.,1.,1.,8.,0.,        149P   3693
0.6666667,8.,0.,0.3333333,8.,0.,0.,8.,0.,0.,1.,0.,0.,1.;             149P   3694
126,3,3,1,0,1,0,0.,0.,0.,0.,1.,1.,1.,1.,1.,1.,1.,1.,0.,8.,0.,0.,     151P   3695
5.333333,0.,0.,2.666667,0.,0.,0.,0.,0.,1.,0.,0.,1.;                  151P   3696
126,3,3,1,0,1,0,0.,0.,0.,0.,1.,1.,1.,1.,1.,1.,1.,1.,0.,0.,0.,        153P   3697
0.3333333,0.,0.,0.6666667,0.,0.,1.,0.,0.,0.,1.,0.,0.,1.;             153P   3698
126,3,3,1,0,1,0,0.,0.,0.,0.,1.,1.,1.,1.,1.,1.,1.,1.,1.,0.,0.,1.,     155P   3699
2.666667,0.,1.,5.333333,0.,1.,8.,0.,0.,1.,0.,0.,1.;                  155P   3700
510,159,1,1,161;                                                     157P   3701
128,6,6,6,6,0,0,1,0,0,1.,1.,1.,1.,1.,1.,1.,2.,2.,2.,2.,2.,2.,2.,     159P   3702
1.,1.,1.,1.,1.,1.,1.,2.,2.,2.,2.,2.,2.,2.,1.,1.,1.,1.,1.,1.,1.,      159P   3703
1.,1.,1.,1.,1.,1.,1.,1.,1.,1.,1.,1.,1.,1.,1.,1.,1.,1.,1.,1.,1.,      159P   3704
1.,1.,1.,1.,1.,1.,1.,1.,1.,1.,1.,1.,1.,1.,1.,1.,1.,1.,1.,1.,1.,      159P   3705
-72.64482,-82.665,7.858881D-005,-48.42988,-82.665,4.335703D-005,     159P   3706
-24.21494,-82.665,8.125252D-006,1.979808D-006,-82.665,               159P   3707
-2.710653D-005,24.21494,-82.665,-6.233831D-005,48.42988,-82.665,     159P   3708
-9.757009D-005,72.64482,-82.665,-0.0001328019,-72.64482,-55.11,      159P   3709
8.723348D-005,-48.42988,-55.11,5.20017D-005,-24.21494,-55.11,        159P   3710
1.676992D-005,1.979821D-006,-55.11,-1.846186D-005,24.21494,          159P   3711
-55.11,-5.369364D-005,48.42988,-55.11,-8.892542D-005,72.64482,       159P   3712
-55.11,-0.0001241572,-72.64482,-27.555,9.587814D-005,-48.42988,      159P   3713
-27.555,6.064636D-005,-24.21494,-27.555,2.541458D-005,               159P   3714
1.979834D-006,-27.555,-9.817195D-006,24.21494,-27.555,               159P   3715
-4.504897D-005,48.42988,-27.555,-8.028075D-005,72.64482,-27.555,     159P   3716
-0.0001155125,-72.64482,4.014566D-013,0.0001045228,-48.42988,        159P   3717
4.014566D-013,6.929103D-005,-24.21494,4.014566D-013,                 159P   3718
3.405925D-005,1.979846D-006,4.014566D-013,-1.172529D-006,            159P   3719
24.21494,4.014566D-013,-3.640431D-005,48.42988,4.014566D-013,        159P   3720
-7.163609D-005,72.64482,4.014566D-013,-0.0001068679,-72.64482,       159P   3721
27.555,0.0001131675,-48.42988,27.555,7.79357D-005,-24.21494,         159P   3722
27.555,4.270392D-005,1.979859D-006,27.555,7.472137D-006,             159P   3723
24.21494,27.555,-2.775964D-005,48.42988,27.555,-6.299142D-005,       159P   3724
72.64482,27.555,-9.82232D-005,-72.64482,55.11,0.0001218121,          159P   3725
-48.42988,55.11,8.658036D-005,-24.21494,55.11,5.134858D-005,         159P   3726
1.979871D-006,55.11,1.61168D-005,24.21494,55.11,-1.911498D-005,      159P   3727
48.42988,55.11,-5.434676D-005,72.64482,55.11,-8.957854D-005,         159P   3728
-72.64482,82.665,0.0001304568,-48.42988,82.665,9.522503D-005,        159P   3729
-24.21494,82.665,5.999325D-005,1.979884D-006,82.665,                 159P   3730
2.476147D-005,24.21494,82.665,-1.047031D-005,48.42988,82.665,        159P   3731
-4.570209D-005,72.64482,82.665,-8.093387D-005,1.,2.,1.,2.;           159P   3732
508,8,0,5,18,0,1,0,163,0,5,5,0,1,0,165,0,5,16,0,1,0,167,0,5,13,      161P   3733
0,1,0,169,0,5,15,0,1,0,171,0,5,9,0,1,0,173,0,5,21,1,1,0,175,0,5,     161P   3734
22,1,1,0,177;                                                        161P   3735
126,3,3,1,0,1,0,0.,0.,0.,0.,1.,1.,1.,1.,1.,1.,1.,1.,1.000998,        163P   3736
1.605843,0.,1.046884,1.605845,0.,1.092769,1.605847,0.,1.138655,      163P   3737
1.605848,0.,0.,1.,0.,0.,1.;                                          163P   3738
126,36,3,1,0,1,0,0.,0.,0.,0.,1.,1.,1.,2.,2.,2.,3.,3.,3.,4.,4.,       165P   3739
4.,5.,5.,5.,6.,6.,6.,7.,7.,7.,8.,8.,8.,9.,9.,9.,10.,10.,10.,11.,     165P   3740
11.,11.,12.,12.,12.,12.,1.,1.,1.,1.,1.,1.,1.,1.,1.,1.,1.,1.,1.,      165P   3741
1.,1.,1.,1.,1.,1.,1.,1.,1.,1.,1.,1.,1.,1.,1.,1.,1.,1.,1.,1.,1.,      165P   3742
1.,1.,1.,1.138655,1.605848,0.,1.141485,1.607969,0.,1.144315,         165P   3743
1.610089,0.,1.147146,1.61221,0.,1.150076,1.614224,0.,1.153005,       165P   3744
1.616238,0.,1.155935,1.618252,0.,1.158957,1.620157,0.,1.161979,      165P   3745
1.622062,0.,1.165002,1.623968,0.,1.168111,1.625762,0.,1.17122,       165P   3746
1.627556,0.,1.174328,1.629351,0.,1.177518,1.631032,0.,1.180707,      165P   3747
1.632714,0.,1.183896,1.634395,0.,1.187161,1.63596,0.,1.190426,       165P   3748
1.637525,0.,1.193691,1.639089,0.,1.197028,1.640534,0.,1.200365,      165P   3749
1.641979,0.,1.203702,1.643424,0.,1.207104,1.644747,0.,1.210506,      165P   3750
1.64607,0.,1.213908,1.647393,0.,1.217368,1.648593,0.,1.220829,       165P   3751
1.649793,0.,1.224289,1.650993,0.,1.227801,1.652068,0.,1.231314,      165P   3752
1.653142,0.,1.234826,1.654217,0.,1.238384,1.655166,0.,1.241941,      165P   3753
1.656115,0.,1.245499,1.657062,0.,1.249085,1.657957,0.,1.252735,      165P   3754
1.658567,0.,1.25632,1.659464,0.,0.,12.,0.,0.,1.;                     165P   3755
126,27,3,1,0,1,0,0.,0.,0.,0.,1.,1.,1.,2.,2.,2.,3.,3.,3.,4.,4.,       167P   3756
4.,5.,5.,5.,6.,6.,6.,7.,7.,7.,8.,8.,8.,9.,9.,9.,9.,1.,1.,1.,1.,      167P   3757
1.,1.,1.,1.,1.,1.,1.,1.,1.,1.,1.,1.,1.,1.,1.,1.,1.,1.,1.,1.,1.,      167P   3758
1.,1.,1.,1.25632,1.659464,0.,1.257514,1.659717,0.,1.258672,          167P   3759
1.660101,0.,1.259848,1.66042,0.,1.260614,1.660681,0.,1.26138,        167P   3760
1.660942,0.,1.262146,1.661203,0.,1.26289,1.661513,0.,1.263635,       167P   3761
1.661823,0.,1.26438,1.662134,0.,1.265477,1.66271,0.,1.266575,        167P   3762
1.663287,0.,1.267672,1.663864,0.,1.268692,1.664543,0.,1.269712,      167P   3763
1.665223,0.,1.270732,1.665902,0.,1.27166,1.666676,0.,1.272589,       167P   3764
1.667449,0.,1.273517,1.668223,0.,1.27434,1.669082,0.,1.275164,       167P   3765
1.669941,0.,1.275987,1.6708,0.,1.276688,1.671737,0.,1.277399,        167P   3766
1.672669,0.,1.278096,1.673608,0.,1.279125,1.675342,0.,1.280135,      167P   3767
1.677085,0.,1.280861,1.678972,0.,0.,9.,0.,0.,1.;                     167P   3768
126,260,3,1,0,1,0,0.,0.,0.,0.,1.,1.,1.,2.,2.,2.,3.,3.,3.,4.,4.,      169P   3769
4.,5.,5.,5.,6.,6.,6.,7.,7.,7.,8.,8.,8.,9.,9.,9.,10.,10.,10.,11.,     169P   3770
11.,11.,12.,12.,12.,13.,13.,13.,14.,14.,14.,15.,15.,15.,16.,16.,     169P   3771
16.,17.,17.,17.,18.,18.,18.,19.,19.,19.,20.,20.,20.,21.,21.,21.,     169P   3772
22.,22.,22.,23.,23.,23.,24.,24.,24.,25.,25.,25.,26.,26.,26.,27.,     169P   3773
27.,27.,28.,28.,28.,29.,29.,29.,30.,30.,30.,31.,31.,31.,32.,32.,     169P   3774
32.,33.,33.,33.,34.,34.,34.,35.,35.,35.,36.,36.,36.,37.,37.,37.,     169P   3775
38.,38.,38.,39.,39.,39.,40.,40.,40.,41.,41.,41.,42.,42.,42.,43.,     169P   3776
43.,43.,44.,44.,44.,45.,45.,45.,46.,46.,46.,47.,47.,47.,48.,48.,     169P   3777
48.,49.,49.,49.,50.,50.,50.,51.,51.,51.,52.,52.,52.,53.,53.,53.,     169P   3778
54.,54.,54.,55.,55.,55.,56.,56.,56.,57.,57.,57.,58.,58.,58.,59.,     169P   3779
59.,59.,60.,60.,60.,61.,61.,61.,62.,62.,62.,63.,63.,63.,64.,64.,     169P   3780
64.,65.,65.,65.,66.,66.,66.,67.,67.,67.,68.,68.,68.,69.,69.,69.,     169P   3781
70.,70.,70.,71.,71.,71.,72.,72.,72.,73.,73.,73.,74.,74.,74.,75.,     169P   3782
75.,75.,76.,76.,76.,77.,77.,77.,78.,78.,78.,79.,79.,79.16081849,     169P   3783
79.16081849,79.16081849,80.16081849,80.16081849,80.16081849,         169P   3784
81.16081849,81.16081849,81.16081849,82.16081849,82.16081849,         169P   3785
82.16081849,83.16081849,83.16081849,83.16081849,84.16081849,         169P   3786
84.16081849,84.16081849,85.16081849,85.16081849,85.16081849,         169P   3787
86.16081849,86.16081849,86.16081849,86.16081849,1.,1.,1.,1.,1.,      169P   3788
1.,1.,1.,1.,1.,1.,1.,1.,1.,1.,1.,1.,1.,1.,1.,1.,1.,1.,1.,1.,1.,      169P   3789
1.,1.,1.,1.,1.,1.,1.,1.,1.,1.,1.,1.,1.,1.,1.,1.,1.,1.,1.,1.,1.,      169P   3790
1.,1.,1.,1.,1.,1.,1.,1.,1.,1.,1.,1.,1.,1.,1.,1.,1.,1.,1.,1.,1.,      169P   3791
1.,1.,1.,1.,1.,1.,1.,1.,1.,1.,1.,1.,1.,1.,1.,1.,1.,1.,1.,1.,1.,      169P   3792
1.,1.,1.,1.,1.,1.,1.,1.,1.,1.,1.,1.,1.,1.,1.,1.,1.,1.,1.,1.,1.,      169P   3793
1.,1.,1.,1.,1.,1.,1.,1.,1.,1.,1.,1.,1.,1.,1.,1.,1.,1.,1.,1.,1.,      169P   3794
1.,1.,1.,1.,1.,1.,1.,1.,1.,1.,1.,1.,1.,1.,1.,1.,1.,1.,1.,1.,1.,      169P   3795
1.,1.,1.,1.,1.,1.,1.,1.,1.,1.,1.,1.,1.,1.,1.,1.,1.,1.,1.,1.,1.,      169P   3796
1.,1.,1.,1.,1.,1.,1.,1.,1.,1.,1.,1.,1.,1.,1.,1.,1.,1.,1.,1.,1.,      169P   3797
1.,1.,1.,1.,1.,1.,1.,1.,1.,1.,1.,1.,1.,1.,1.,1.,1.,1.,1.,1.,1.,      169P   3798
1.,1.,1.,1.,1.,1.,1.,1.,1.,1.,1.,1.,1.,1.,1.,1.,1.,1.,1.,1.,1.,      169P   3799
1.,1.,1.,1.,1.,1.,1.,1.,1.,1.,1.,1.,1.,1.,1.,1.,1.,1.,1.,1.,1.,      169P   3800
1.,1.,1.,1.,1.280861,1.678972,0.,1.281268,1.679881,0.,1.28167,       169P   3801
1.680792,0.,1.28208,1.681699,0.,1.283466,1.685137,0.,1.284934,       169P   3802
1.688539,0.,1.286487,1.691905,0.,1.287844,1.694716,0.,1.289239,      169P   3803
1.69751,0.,1.290663,1.700288,0.,1.291392,1.701671,0.,1.29212,        169P   3804
1.703055,0.,1.292849,1.704439,0.,1.293608,1.70581,0.,1.294368,       169P   3805
1.707181,0.,1.295128,1.708552,0.,1.296925,1.71155,0.,1.298721,       169P   3806
1.714549,0.,1.300517,1.717547,0.,1.302448,1.720479,0.,1.304379,      169P   3807
1.723412,0.,1.30631,1.726344,0.,1.308372,1.729206,0.,1.310435,       169P   3808
1.732069,0.,1.312498,1.734931,0.,1.314691,1.737718,0.,1.316884,      169P   3809
1.740505,0.,1.319077,1.743291,0.,1.321365,1.745962,0.,1.323653,      169P   3810
1.748632,0.,1.325941,1.751303,0.,1.328348,1.75389,0.,1.330756,       169P   3811
1.756478,0.,1.333163,1.759065,0.,1.335686,1.761566,0.,1.338209,      169P   3812
1.764068,0.,1.340732,1.766569,0.,1.343366,1.76898,0.,1.346,          169P   3813
1.771391,0.,1.348633,1.773802,0.,1.351374,1.77612,0.,1.354114,       169P   3814
1.778437,0.,1.356855,1.780755,0.,1.359697,1.782975,0.,1.36254,       169P   3815
1.785196,0.,1.365383,1.787416,0.,1.368324,1.789536,0.,1.371264,      169P   3816
1.791656,0.,1.374205,1.793776,0.,1.377239,1.795791,0.,1.380274,      169P   3817
1.797807,0.,1.383308,1.799822,0.,1.386435,1.801732,0.,1.389562,      169P   3818
1.803642,0.,1.392689,1.805551,0.,1.3959,1.80735,0.,1.399111,         169P   3819
1.809149,0.,1.402322,1.810947,0.,1.405612,1.812632,0.,1.408901,      169P   3820
1.814317,0.,1.412191,1.816002,0.,1.415554,1.817571,0.,1.418917,      169P   3821
1.81914,0.,1.42228,1.820709,0.,1.425711,1.82216,0.,1.429143,         169P   3822
1.82361,0.,1.432574,1.825061,0.,1.436068,1.82639,0.,1.439562,        169P   3823
1.82772,0.,1.443056,1.82905,0.,1.446608,1.830256,0.,1.45016,         169P   3824
1.831463,0.,1.453712,1.832669,0.,1.457316,1.83375,0.,1.46092,        169P   3825
1.83483,0.,1.464524,1.835911,0.,1.468233,1.836876,0.,1.471942,       169P   3826
1.837842,0.,1.475651,1.838807,0.,1.4794,1.839638,0.,1.48315,         169P   3827
1.84047,0.,1.4869,1.841301,0.,1.490685,1.842,0.,1.49447,1.8427,      169P   3828
0.,1.498254,1.843399,0.,1.502068,1.843969,0.,1.505882,1.844538,      169P   3829
0.,1.509696,1.845108,0.,1.512732,1.845457,0.,1.515767,1.845807,      169P   3830
0.,1.518803,1.846156,0.,1.521849,1.846412,0.,1.524896,1.846668,      169P   3831
0.,1.527942,1.846923,0.,1.530997,1.847097,0.,1.534051,1.84727,       169P   3832
0.,1.537106,1.847444,0.,1.540165,1.847547,0.,1.543224,1.84765,       169P   3833
0.,1.546283,1.847753,0.,1.550191,1.84784,0.,1.554103,1.847807,       169P   3834
0.,1.55801,1.847961,0.,1.558856,1.848023,0.,1.559702,1.848085,       169P   3835
0.,1.560548,1.848147,0.,1.561392,1.848239,0.,1.562236,1.84833,       169P   3836
0.,1.56308,1.848422,0.,1.565602,1.848733,0.,1.568111,1.849143,       169P   3837
0.,1.570617,1.849562,0.,1.572276,1.849881,0.,1.573935,1.8502,0.,     169P   3838
1.575594,1.85052,0.,1.577235,1.85091,0.,1.578877,1.851301,0.,        169P   3839
1.580519,1.851691,0.,1.582142,1.852135,0.,1.583766,1.85258,0.,       169P   3840
1.585389,1.853024,0.,1.587783,1.853765,0.,1.590176,1.854506,0.,      169P   3841
1.592569,1.855246,0.,1.594929,1.856067,0.,1.597288,1.856888,0.,      169P   3842
1.599647,1.857708,0.,1.601978,1.858593,0.,1.604307,1.85948,0.,       169P   3843
1.606638,1.860363,0.,1.61662,1.864328,0.,1.626447,1.86867,0.,        169P   3844
1.636394,1.872719,0.,1.638362,1.873499,0.,1.640333,1.87427,0.,       169P   3845
1.642303,1.875046,0.,1.644302,1.87576,0.,1.646301,1.876473,0.,       169P   3846
1.6483,1.877187,0.,1.650332,1.87782,0.,1.652365,1.878453,0.,         169P   3847
1.654397,1.879085,0.,1.655626,1.87941,0.,1.656855,1.879734,0.,       169P   3848
1.658084,1.880058,0.,1.659332,1.880326,0.,1.66058,1.880594,0.,       169P   3849
1.661828,1.880862,0.,1.663092,1.881058,0.,1.664355,1.881255,0.,      169P   3850
1.665618,1.881452,0.,1.666893,1.881563,0.,1.668169,1.881673,0.,      169P   3851
1.669444,1.881784,0.,1.670727,1.881795,0.,1.672011,1.881805,0.,      169P   3852
1.673294,1.881816,0.,1.674465,1.881714,0.,1.675636,1.881612,0.,      169P   3853
1.676807,1.88151,0.,1.677954,1.881286,0.,1.6791,1.881063,0.,         169P   3854
1.680247,1.880839,0.,1.681353,1.880496,0.,1.68246,1.880152,0.,       169P   3855
1.683566,1.879809,0.,1.684616,1.879347,0.,1.685665,1.878886,0.,      169P   3856
1.686715,1.878424,0.,1.687692,1.877846,0.,1.688668,1.877268,0.,      169P   3857
1.689645,1.87669,0.,1.690603,1.875961,0.,1.69156,1.875233,0.,        169P   3858
1.692518,1.874504,0.,1.693383,1.873696,0.,1.694247,1.872889,0.,      169P   3859
1.695112,1.872081,0.,1.695891,1.871207,0.,1.696669,1.870333,0.,      169P   3860
1.697448,1.869459,0.,1.698148,1.868532,0.,1.698849,1.867605,0.,      169P   3861
1.699549,1.866678,0.,1.700178,1.865711,0.,1.700807,1.864743,0.,      169P   3862
1.701436,1.863776,0.,1.702001,1.862781,0.,1.702566,1.861787,0.,      169P   3863
1.703132,1.860792,0.,1.703907,1.859221,0.,1.704682,1.857649,0.,      169P   3864
1.705457,1.856078,0.,1.706135,1.854471,0.,1.706813,1.852864,0.,      169P   3865
1.707491,1.851257,0.,1.708083,1.849623,0.,1.708676,1.847988,0.,      169P   3866
1.709268,1.846354,0.,1.709788,1.8447,0.,1.710307,1.843045,0.,        169P   3867
1.710827,1.841391,0.,1.711285,1.839724,0.,1.711743,1.838058,0.,      169P   3868
1.712201,1.836391,0.,1.712884,1.833511,0.,1.713566,1.830631,0.,      169P   3869
1.714249,1.827751,0.,1.714823,1.824853,0.,1.715396,1.821954,0.,      169P   3870
1.71597,1.819055,0.,1.716449,1.816143,0.,1.716929,1.81323,0.,        169P   3871
1.717408,1.810317,0.,1.717808,1.807394,0.,1.718207,1.804472,0.,      169P   3872
1.718606,1.801549,0.,1.71894,1.798621,0.,1.719273,1.795692,0.,       169P   3873
1.719606,1.792764,0.,1.720103,1.787296,0.,1.720599,1.781829,0.,      169P   3874
1.721096,1.776361,0.,1.721459,1.770885,0.,1.721822,1.76541,0.,       169P   3875
1.722185,1.759934,0.,1.722434,1.754452,0.,1.722683,1.748971,0.,      169P   3876
1.722931,1.74349,0.,1.723084,1.738005,0.,1.723237,1.73252,0.,        169P   3877
1.72339,1.727035,0.,1.723465,1.721549,0.,1.723541,1.716063,0.,       169P   3878
1.723617,1.710577,0.,1.723635,1.705093,0.,1.723652,1.699608,0.,      169P   3879
1.723672,1.693241,0.,1.723624,1.69236,0.,1.723624,1.691478,0.,       169P   3880
1.723536,1.68883,0.,1.723341,1.686188,0.,1.723137,1.683548,0.,       169P   3881
1.722952,1.681662,0.,1.722768,1.679776,0.,1.722584,1.67789,0.,       169P   3882
1.722335,1.67601,0.,1.722087,1.674129,0.,1.721839,1.672249,0.,       169P   3883
1.721443,1.669841,0.,1.721047,1.667433,0.,1.720651,1.665025,0.,      169P   3884
1.720173,1.662628,0.,1.719695,1.660231,0.,1.719217,1.657834,0.,      169P   3885
1.718668,1.65545,0.,1.71812,1.653064,0.,1.717571,1.65068,0.,         169P   3886
1.716485,1.646163,0.,1.715227,1.641691,0.,1.713995,1.637214,0.,      169P   3887
0.,86.16081849,0.,0.,1.;                                             169P   3888
126,56,3,1,0,1,0,0.,0.,0.,0.,1.,1.,7.213424407,7.213424407,          171P   3889
7.213424407,8.213424407,8.213424407,8.213424407,9.213424407,         171P   3890
9.213424407,9.213424407,10.21342441,10.21342441,10.21342441,         171P   3891
11.21342441,11.21342441,11.21342441,12.21342441,12.21342441,         171P   3892
12.21342441,13.21342441,13.21342441,13.21342441,14.21342441,         171P   3893
14.21342441,14.21342441,15.21342441,15.21342441,15.21342441,         171P   3894
16.21342441,16.21342441,16.21342441,17.21342441,17.21342441,         171P   3895
17.21342441,18.21342441,18.21342441,18.21342441,19.21342441,         171P   3896
19.21342441,19.21342441,20.21342441,20.21342441,20.21342441,         171P   3897
21.21342441,21.21342441,21.21342441,22.21342441,22.21342441,         171P   3898
22.21342441,23.21342441,23.21342441,23.21342441,24.21342441,         171P   3899
24.21342441,24.21342441,24.21342441,1.,1.,1.,1.,1.,1.,1.,1.,1.,      171P   3900
1.,1.,1.,1.,1.,1.,1.,1.,1.,1.,1.,1.,1.,1.,1.,1.,1.,1.,1.,1.,1.,      171P   3901
1.,1.,1.,1.,1.,1.,1.,1.,1.,1.,1.,1.,1.,1.,1.,1.,1.,1.,1.,1.,1.,      171P   3902
1.,1.,1.,1.,1.,1.,1.713995,1.637214,0.,1.71396,1.63706,0.,           171P   3903
1.713903,1.636912,0.,1.713665,1.635802,0.,1.71346,1.634846,0.,       171P   3904
1.713256,1.63389,0.,1.713142,1.632761,0.,1.713027,1.631631,0.,       171P   3905
1.712913,1.630502,0.,1.712953,1.629374,0.,1.712994,1.628246,0.,      171P   3906
1.713035,1.627119,0.,1.713223,1.626005,0.,1.713412,1.624891,0.,      171P   3907
1.713601,1.623777,0.,1.713931,1.622689,0.,1.714261,1.621601,0.,      171P   3908
1.714591,1.620513,0.,1.715055,1.619463,0.,1.71552,1.618413,0.,       171P   3909
1.715984,1.617362,0.,1.716576,1.616362,0.,1.717168,1.615362,0.,      171P   3910
1.71776,1.614361,0.,1.718473,1.613423,0.,1.719186,1.612484,0.,       171P   3911
1.719898,1.611546,0.,1.720727,1.610684,0.,1.721547,1.60981,0.,       171P   3912
1.722384,1.608959,0.,1.724187,1.607286,0.,1.726157,1.605836,0.,      171P   3913
1.728277,1.60459,0.,1.729379,1.604011,0.,1.730496,1.603453,0.,       171P   3914
1.731606,1.602884,0.,1.732782,1.602432,0.,1.733958,1.601979,0.,      171P   3915
1.735134,1.601527,0.,1.73636,1.601193,0.,1.737585,1.600848,0.,       171P   3916
1.738812,1.600525,0.,1.741323,1.599986,0.,1.743862,1.599673,0.,      171P   3917
1.746428,1.599583,0.,1.747709,1.599598,0.,1.748992,1.599633,0.,      171P   3918
1.750274,1.599659,0.,1.751544,1.599812,0.,1.752814,1.599966,0.,      171P   3919
1.754084,1.60012,0.,1.755327,1.600402,0.,1.756569,1.600684,0.,       171P   3920
1.757812,1.600967,0.,1.759012,1.60138,0.,1.760212,1.601794,0.,       171P   3921
1.761412,1.602208,0.,0.,24.21342441,0.,0.,1.;                        171P   3922
126,21,3,1,0,1,0,0.,0.,0.,0.,1.,1.,1.,2.,2.,2.,3.,3.,3.,4.,4.,       173P   3923
4.,5.,5.,5.,6.,6.,6.,7.,7.,7.,7.,1.,1.,1.,1.,1.,1.,1.,1.,1.,1.,      173P   3924
1.,1.,1.,1.,1.,1.,1.,1.,1.,1.,1.,1.,1.761412,1.602208,0.,            173P   3925
1.763972,1.603262,0.,1.766532,1.604317,0.,1.769092,1.605371,0.,      173P   3926
1.771623,1.606453,0.,1.774155,1.607535,0.,1.776686,1.608617,0.,      173P   3927
1.779188,1.609764,0.,1.78169,1.610911,0.,1.784192,1.612058,0.,       173P   3928
1.787877,1.613894,0.,1.791561,1.615729,0.,1.795246,1.617565,0.,      173P   3929
1.798852,1.619508,0.,1.802458,1.621451,0.,1.806064,1.623394,0.,      173P   3930
1.809586,1.62545,0.,1.813109,1.627507,0.,1.816631,1.629563,0.,       173P   3931
1.820066,1.631739,0.,1.8235,1.633915,0.,1.826934,1.636091,0.,0.,     173P   3932
7.,0.,0.,1.;                                                         173P   3933
126,6,3,1,0,1,0,0.,0.,0.,0.,1.,1.,1.,2.,2.,2.,2.,1.,1.,1.,1.,1.,     175P   3934
1.,1.,1.826934,1.636091,0.,1.88429,1.636091,0.,1.941646,             175P   3935
1.636091,0.,1.999002,1.636091,0.,1.999002,1.636091,0.,1.999002,      175P   3936
1.636091,0.,1.999002,1.636091,0.,0.,2.,0.,0.,1.;                     175P   3937
126,9,3,1,0,1,0,0.,0.,0.,0.,1.,1.,1.,2.,2.,2.,3.,3.,3.,3.,1.,1.,     177P   3938
1.,1.,1.,1.,1.,1.,1.,1.,1.999002,1.636091,0.,1.999002,1.757062,      177P   3939
0.,1.999002,1.878032,0.,1.999002,1.999002,0.,1.666334,1.999002,      177P   3940
0.,1.333666,1.999002,0.,1.000998,1.999002,0.,1.000998,1.867949,      177P   3941
0.,1.000998,1.736896,0.,1.000998,1.605843,0.,0.,3.,0.,0.,1.;         177P   3942
510,181,1,1,183;                                                     179P   3943
128,6,48,6,6,0,0,1,0,0,1.,1.,1.,1.,1.,1.,1.,2.,2.,2.,2.,2.,2.,       181P   3944
2.,1.,1.,1.,1.,1.,1.,1.,2.,2.,2.,2.,2.,2.,3.,3.,3.,3.,3.,3.,4.,      181P   3945
4.,4.,4.,4.,4.,5.,5.,5.,5.,5.,5.,6.,6.,6.,6.,6.,6.,7.,7.,7.,7.,      181P   3946
7.,7.,8.,8.,8.,8.,8.,8.,9.,9.,9.,9.,9.,9.,9.,1.,1.,1.,1.,1.,1.,      181P   3947
1.,1.,1.,1.,1.,1.,1.,1.,1.,1.,1.,1.,1.,1.,1.,1.,1.,1.,1.,1.,1.,      181P   3948
1.,1.,1.,1.,1.,1.,1.,1.,1.,1.,1.,1.,1.,1.,1.,1.,1.,1.,1.,1.,1.,      181P   3949
1.,1.,1.,1.,1.,1.,1.,1.,1.,1.,1.,1.,1.,1.,1.,1.,1.,1.,1.,1.,1.,      181P   3950
1.,1.,1.,1.,1.,1.,1.,1.,1.,1.,1.,1.,1.,1.,1.,1.,1.,1.,1.,1.,1.,      181P   3951
1.,1.,1.,1.,1.,1.,1.,1.,1.,1.,1.,1.,1.,1.,1.,1.,1.,1.,1.,1.,1.,      181P   3952
1.,1.,1.,1.,1.,1.,1.,1.,1.,1.,1.,1.,1.,1.,1.,1.,1.,1.,1.,1.,1.,      181P   3953
1.,1.,1.,1.,1.,1.,1.,1.,1.,1.,1.,1.,1.,1.,1.,1.,1.,1.,1.,1.,1.,      181P   3954
1.,1.,1.,1.,1.,1.,1.,1.,1.,1.,1.,1.,1.,1.,1.,1.,1.,1.,1.,1.,1.,      181P   3955
1.,1.,1.,1.,1.,1.,1.,1.,1.,1.,1.,1.,1.,1.,1.,1.,1.,1.,1.,1.,1.,      181P   3956
1.,1.,1.,1.,1.,1.,1.,1.,1.,1.,1.,1.,1.,1.,1.,1.,1.,1.,1.,1.,1.,      181P   3957
1.,1.,1.,1.,1.,1.,1.,1.,1.,1.,1.,1.,1.,1.,1.,1.,1.,1.,1.,1.,1.,      181P   3958
1.,1.,1.,1.,1.,1.,1.,1.,1.,1.,1.,1.,1.,1.,1.,1.,1.,1.,1.,1.,1.,      181P   3959
1.,1.,1.,1.,1.,1.,1.,1.,1.,1.,1.,1.,1.,1.,1.,1.,1.,1.,1.,1.,1.,      181P   3960
1.,1.,1.,1.,1.,1.,1.,1.,1.,1.,1.,1.,1.,1.,1.,1.,1.,1.,1.,1.,1.,      181P   3961
1.,1.,1.,1.,1.,1.,1.,1.,1.,1.,1.,1.,1.,1.,1.,1.,1.,1.,1.,1.,1.,      181P   3962
1.,1.,1.,1.,1.,1.,1.,1.,1.,1.,1.,1.,1.,1.,1.,1.,1.,1.,1.,1.,1.,      181P   3963
1.,57.49982,-57.49847,-5.977553D-006,65.83315,-57.49847,             181P   3964
-5.977553D-006,74.16649,-57.49847,-5.977553D-006,82.49982,           181P   3965
-57.49847,-5.977553D-006,90.83315,-57.49847,-5.977553D-006,          181P   3966
99.16649,-57.49847,-5.977553D-006,107.4998,-57.49847,                181P   3967
-5.977553D-006,57.50257,-57.50731,-2.424692,65.83591,-57.50731,      181P   3968
-2.424692,74.16924,-57.50731,-2.424692,82.50257,-57.50731,           181P   3969
-2.424692,90.83591,-57.50731,-2.424692,99.16924,-57.50731,           181P   3970
-2.424692,107.5026,-57.50731,-2.424692,57.37343,-57.21042,           181P   3971
-4.822705,65.70676,-57.21042,-4.822705,74.04009,-57.21042,           181P   3972
-4.822705,82.37343,-57.21042,-4.822705,90.70676,-57.21042,           181P   3973
-4.822705,99.04009,-57.21042,-4.822705,107.3734,-57.21042,           181P   3974
-4.822705,57.13237,-56.63832,-7.167844,65.4657,-56.63832,            181P   3975
-7.167844,73.79904,-56.63832,-7.167844,82.13237,-56.63832,           181P   3976
-7.167844,90.4657,-56.63832,-7.167844,98.79904,-56.63832,            181P   3977
-7.167844,107.1324,-56.63832,-7.167844,56.7994,-55.82154,            181P   3978
-9.433906,65.13273,-55.82154,-9.433906,73.46606,-55.82154,           181P   3979
-9.433906,81.7994,-55.82154,-9.433906,90.13273,-55.82154,            181P   3980
-9.433906,98.46606,-55.82154,-9.433906,106.7994,-55.82154,           181P   3981
-9.433906,56.39449,-54.79061,-11.59469,64.72783,-54.79061,           181P   3982
-11.59469,73.06116,-54.79061,-11.59469,81.39449,-54.79061,           181P   3983
-11.59469,89.72783,-54.79061,-11.59469,98.06116,-54.79061,           181P   3984
-11.59469,106.3945,-54.79061,-11.59469,55.93766,-53.57604,           181P   3985
-13.62399,64.27099,-53.57604,-13.62399,72.60432,-53.57604,           181P   3986
-13.62399,80.93766,-53.57604,-13.62399,89.27099,-53.57604,           181P   3987
-13.62399,97.60432,-53.57604,-13.62399,105.9377,-53.57604,           181P   3988
-13.62399,55.44305,-52.26107,-15.82105,63.77639,-52.26107,           181P   3989
-15.82105,72.10972,-52.26107,-15.82105,80.44305,-52.26107,           181P   3990
-15.82105,88.77639,-52.26107,-15.82105,97.10972,-52.26107,           181P   3991
-15.82105,105.4431,-52.26107,-15.82105,54.89547,-50.75173,           181P   3992
-17.87979,63.2288,-50.75173,-17.87979,71.56214,-50.75173,            181P   3993
-17.87979,79.89547,-50.75173,-17.87979,88.2288,-50.75173,            181P   3994
-17.87979,96.56214,-50.75173,-17.87979,104.8955,-50.75173,           181P   3995
-17.87979,54.31113,-49.07366,-19.80104,62.64446,-49.07366,           181P   3996
-19.80104,70.9778,-49.07366,-19.80104,79.31113,-49.07366,            181P   3997
-19.80104,87.64446,-49.07366,-19.80104,95.9778,-49.07366,            181P   3998
-19.80104,104.3111,-49.07366,-19.80104,53.70627,-47.25254,           181P   3999
-21.58561,62.0396,-47.25254,-21.58561,70.37293,-47.25254,            181P   4000
-21.58561,78.70627,-47.25254,-21.58561,87.0396,-47.25254,            181P   4001
-21.58561,95.37293,-47.25254,-21.58561,103.7063,-47.25254,           181P   4002
-21.58561,53.0971,-45.31403,-23.23431,61.43044,-45.31403,            181P   4003
-23.23431,69.76377,-45.31403,-23.23431,78.0971,-45.31403,            181P   4004
-23.23431,86.43044,-45.31403,-23.23431,94.76377,-45.31403,           181P   4005
-23.23431,103.0971,-45.31403,-23.23431,52.49987,-43.28377,           181P   4006
-24.74795,60.8332,-43.28377,-24.74795,69.16653,-43.28377,            181P   4007
-24.74795,77.49987,-43.28377,-24.74795,85.8332,-43.28377,            181P   4008
-24.74795,94.16653,-43.28377,-24.74795,102.4999,-43.28377,           181P   4009
-24.74795,51.86182,-41.11479,-26.36501,60.19515,-41.11479,           181P   4010
-26.36501,68.52849,-41.11479,-26.36501,76.86182,-41.11479,           181P   4011
-26.36501,85.19515,-41.11479,-26.36501,93.52849,-41.11479,           181P   4012
-26.36501,101.8618,-41.11479,-26.36501,51.23202,-38.83306,           181P   4013
-27.83793,59.56536,-38.83306,-27.83793,67.89869,-38.83306,           181P   4014
-27.83793,76.23202,-38.83306,-27.83793,84.56536,-38.83306,           181P   4015
-27.83793,92.89869,-38.83306,-27.83793,101.232,-38.83306,            181P   4016
-27.83793,50.62385,-36.4522,-29.16475,58.95718,-36.4522,             181P   4017
-29.16475,67.29052,-36.4522,-29.16475,75.62385,-36.4522,             181P   4018
-29.16475,83.95718,-36.4522,-29.16475,92.29052,-36.4522,             181P   4019
-29.16475,100.6239,-36.4522,-29.16475,50.05067,-33.98581,            181P   4020
-30.34351,58.38401,-33.98581,-30.34351,66.71734,-33.98581,           181P   4021
-30.34351,75.05067,-33.98581,-30.34351,83.38401,-33.98581,           181P   4022
-30.34351,91.71734,-33.98581,-30.34351,100.0507,-33.98581,           181P   4023
-30.34351,49.52587,-31.44749,-31.37225,57.8592,-31.44749,            181P   4024
-31.37225,66.19254,-31.44749,-31.37225,74.52587,-31.44749,           181P   4025
-31.37225,82.8592,-31.44749,-31.37225,91.19254,-31.44749,            181P   4026
-31.37225,99.52587,-31.44749,-31.37225,49.06281,-28.85086,           181P   4027
-32.24901,57.39614,-28.85086,-32.24901,65.72947,-28.85086,           181P   4028
-32.24901,74.06281,-28.85086,-32.24901,82.39614,-28.85086,           181P   4029
-32.24901,90.72947,-28.85086,-32.24901,99.06281,-28.85086,           181P   4030
-32.24901,48.59838,-26.24658,-33.12835,56.93172,-26.24658,           181P   4031
-33.12835,65.26505,-26.24658,-33.12835,73.59838,-26.24658,           181P   4032
-33.12835,81.93172,-26.24658,-33.12835,90.26505,-26.24658,           181P   4033
-33.12835,98.59838,-26.24658,-33.12835,48.19321,-23.57228,           181P   4034
-33.8534,56.52654,-23.57228,-33.8534,64.85987,-23.57228,             181P   4035
-33.8534,73.19321,-23.57228,-33.8534,81.52654,-23.57228,             181P   4036
-33.8534,89.85987,-23.57228,-33.8534,98.19321,-23.57228,             181P   4037
-33.8534,47.86405,-20.84422,-34.41366,56.19739,-20.84422,            181P   4038
-34.41366,64.53072,-20.84422,-34.41366,72.86405,-20.84422,           181P   4039
-34.41366,81.19739,-20.84422,-34.41366,89.53072,-20.84422,           181P   4040
-34.41366,97.86405,-20.84422,-34.41366,47.62769,-18.07865,           181P   4041
-34.79863,55.96102,-18.07865,-34.79863,64.29435,-18.07865,           181P   4042
-34.79863,72.62769,-18.07865,-34.79863,80.96102,-18.07865,           181P   4043
-34.79863,89.29435,-18.07865,-34.79863,97.62769,-18.07865,           181P   4044
-34.79863,47.50088,-15.29182,-34.9978,55.83422,-15.29182,            181P   4045
-34.9978,64.16755,-15.29182,-34.9978,72.50088,-15.29182,             181P   4046
-34.9978,80.83422,-15.29182,-34.9978,89.16755,-15.29182,             181P   4047
-34.9978,97.50088,-15.29182,-34.9978,47.50041,-12.5,-35.00069,       181P   4048
55.83375,-12.5,-35.00069,64.16708,-12.5,-35.00069,72.50041,          181P   4049
-12.5,-35.00069,80.83375,-12.5,-35.00069,89.16708,-12.5,             181P   4050
-35.00069,97.50041,-12.5,-35.00069,47.49999,-9.977992,-35.00329,     181P   4051
55.83332,-9.977992,-35.00329,64.16665,-9.977992,-35.00329,           181P   4052
72.49999,-9.977992,-35.00329,80.83332,-9.977992,-35.00329,           181P   4053
89.16665,-9.977992,-35.00329,97.49999,-9.977992,-35.00329,           181P   4054
47.49991,-7.451053,-34.83681,55.83324,-7.451053,-34.83681,           181P   4055
64.16658,-7.451053,-34.83681,72.49991,-7.451053,-34.83681,           181P   4056
80.83324,-7.451053,-34.83681,89.16658,-7.451053,-34.83681,           181P   4057
97.49991,-7.451053,-34.83681,47.50004,-4.940021,-34.48981,           181P   4058
55.83338,-4.940021,-34.48981,64.16671,-4.940021,-34.48981,           181P   4059
72.50004,-4.940021,-34.48981,80.83338,-4.940021,-34.48981,           181P   4060
89.16671,-4.940021,-34.48981,97.50004,-4.940021,-34.48981,           181P   4061
47.50024,-2.465734,-33.95084,55.83357,-2.465734,-33.95084,           181P   4062
64.16691,-2.465734,-33.95084,72.50024,-2.465734,-33.95084,           181P   4063
80.83357,-2.465734,-33.95084,89.16691,-2.465734,-33.95084,           181P   4064
97.50024,-2.465734,-33.95084,47.50035,-0.04903163,-33.20845,         181P   4065
55.83368,-0.04903163,-33.20845,64.16701,-0.04903163,-33.20845,       181P   4066
72.50035,-0.04903163,-33.20845,80.83368,-0.04903163,-33.20845,       181P   4067
89.16701,-0.04903163,-33.20845,97.50035,-0.04903163,-33.20845,       181P   4068
47.50023,2.289249,-32.25122,55.83356,2.289249,-32.25122,             181P   4069
64.16689,2.289249,-32.25122,72.50023,2.289249,-32.25122,             181P   4070
80.83356,2.289249,-32.25122,89.16689,2.289249,-32.25122,             181P   4071
97.50023,2.289249,-32.25122,47.50012,4.359808,-31.40359,             181P   4072
55.83345,4.359808,-31.40359,64.16679,4.359808,-31.40359,             181P   4073
72.50012,4.359808,-31.40359,80.83345,4.359808,-31.40359,             181P   4074
89.16679,4.359808,-31.40359,97.50012,4.359808,-31.40359,             181P   4075
47.50011,6.3584,-30.38454,55.83344,6.3584,-30.38454,64.16677,        181P   4076
6.3584,-30.38454,72.50011,6.3584,-30.38454,80.83344,6.3584,          181P   4077
-30.38454,89.16677,6.3584,-30.38454,97.50011,6.3584,-30.38454,       181P   4078
47.50014,8.267652,-29.20188,55.83348,8.267652,-29.20188,             181P   4079
64.16681,8.267652,-29.20188,72.50014,8.267652,-29.20188,             181P   4080
80.83348,8.267652,-29.20188,89.16681,8.267652,-29.20188,             181P   4081
97.50014,8.267652,-29.20188,47.5002,10.07019,-27.86338,55.83353,     181P   4082
10.07019,-27.86338,64.16686,10.07019,-27.86338,72.5002,10.07019,     181P   4083
-27.86338,80.83353,10.07019,-27.86338,89.16686,10.07019,             181P   4084
-27.86338,97.5002,10.07019,-27.86338,47.50023,11.74864,              181P   4085
-26.37683,55.83356,11.74864,-26.37683,64.16689,11.74864,             181P   4086
-26.37683,72.50023,11.74864,-26.37683,80.83356,11.74864,             181P   4087
-26.37683,89.16689,11.74864,-26.37683,97.50023,11.74864,             181P   4088
-26.37683,47.50019,13.28564,-24.75003,55.83353,13.28564,             181P   4089
-24.75003,64.16686,13.28564,-24.75003,72.50019,13.28564,             181P   4090
-24.75003,80.83353,13.28564,-24.75003,89.16686,13.28564,             181P   4091
-24.75003,97.50019,13.28564,-24.75003,47.50016,14.79319,             181P   4092
-23.15439,55.8335,14.79319,-23.15439,64.16683,14.79319,              181P   4093
-23.15439,72.50016,14.79319,-23.15439,80.8335,14.79319,              181P   4094
-23.15439,89.16683,14.79319,-23.15439,97.50016,14.79319,             181P   4095
-23.15439,47.50016,16.16052,-21.43261,55.83349,16.16052,             181P   4096
-21.43261,64.16683,16.16052,-21.43261,72.50016,16.16052,             181P   4097
-21.43261,80.83349,16.16052,-21.43261,89.16683,16.16052,             181P   4098
-21.43261,97.50016,16.16052,-21.43261,47.50017,17.38319,             181P   4099
-19.6017,55.8335,17.38319,-19.6017,64.16684,17.38319,-19.6017,       181P   4100
72.50017,17.38319,-19.6017,80.8335,17.38319,-19.6017,89.16684,       181P   4101
17.38319,-19.6017,97.50017,17.38319,-19.6017,47.50019,18.45676,      181P   4102
-17.67862,55.83352,18.45676,-17.67862,64.16685,18.45676,             181P   4103
-17.67862,72.50019,18.45676,-17.67862,80.83352,18.45676,             181P   4104
-17.67862,89.16685,18.45676,-17.67862,97.50019,18.45676,             181P   4105
-17.67862,47.50019,19.37678,-15.68037,55.83353,19.37678,             181P   4106
-15.68037,64.16686,19.37678,-15.68037,72.50019,19.37678,             181P   4107
-15.68037,80.83353,19.37678,-15.68037,89.16686,19.37678,             181P   4108
-15.68037,97.50019,19.37678,-15.68037,47.50018,20.13882,             181P   4109
-13.62394,55.83352,20.13882,-13.62394,64.16685,20.13882,             181P   4110
-13.62394,72.50018,20.13882,-13.62394,80.83352,20.13882,             181P   4111
-13.62394,89.16685,20.13882,-13.62394,97.50018,20.13882,             181P   4112
-13.62394,47.50017,20.94414,-11.45068,55.83351,20.94414,             181P   4113
-11.45068,64.16684,20.94414,-11.45068,72.50017,20.94414,             181P   4114
-11.45068,80.83351,20.94414,-11.45068,89.16684,20.94414,             181P   4115
-11.45068,97.50017,20.94414,-11.45068,47.50017,21.57858,             181P   4116
-9.217221,55.83351,21.57858,-9.217221,64.16684,21.57858,             181P   4117
-9.217221,72.50017,21.57858,-9.217221,80.83351,21.57858,             181P   4118
-9.217221,89.16684,21.57858,-9.217221,97.50017,21.57858,             181P   4119
-9.217221,47.50018,22.04676,-6.939493,55.83351,22.04676,             181P   4120
-6.939493,64.16685,22.04676,-6.939493,72.50018,22.04676,             181P   4121
-6.939493,80.83351,22.04676,-6.939493,89.16685,22.04676,             181P   4122
-6.939493,97.50018,22.04676,-6.939493,47.50019,22.35331,             181P   4123
-4.633426,55.83352,22.35331,-4.633426,64.16685,22.35331,             181P   4124
-4.633426,72.50019,22.35331,-4.633426,80.83352,22.35331,             181P   4125
-4.633426,89.16685,22.35331,-4.633426,97.50019,22.35331,             181P   4126
-4.633426,47.50019,22.50285,-2.314951,55.83352,22.50285,             181P   4127
-2.314951,64.16685,22.50285,-2.314951,72.50019,22.50285,             181P   4128
-2.314951,80.83352,22.50285,-2.314951,89.16685,22.50285,             181P   4129
-2.314951,97.50019,22.50285,-2.314951,47.50018,22.5,                 181P   4130
-1.136868D-013,55.83351,22.5,-1.136868D-013,64.16685,22.5,           181P   4131
-1.136868D-013,72.50018,22.5,-1.136868D-013,80.83351,22.5,           181P   4132
-1.136868D-013,89.16685,22.5,-1.136868D-013,97.50018,22.5,           181P   4133
-1.136868D-013,1.,2.,1.,9.;                                          181P   4134
508,4,0,5,23,1,1,0,185,0,5,21,0,1,1,187,0,5,8,0,1,1,189,0,5,24,      183P   4135
1,1,1,191;                                                           183P   4136
126,23,3,1,0,1,0,0.,0.,0.,0.,1.,1.,3.500506597,3.500506597,          185P   4137
5.501803988,5.501803988,8.004756813,8.004756813,11.01088303,         185P   4138
11.01088303,16.02343911,16.02343911,21.03657209,21.03657209,         185P   4139
23.54141936,23.54141936,28.48994805,28.48994805,32.20482521,         185P   4140
32.20482521,64.04604244,64.04604244,64.04604244,64.04604244,1.,      185P   4141
1.,1.,1.,1.,1.,1.,1.,1.,1.,1.,1.,1.,1.,1.,1.,1.,1.,1.,1.,1.,1.,      185P   4142
1.,1.,1.3,1.,0.,1.300063,1.041666,0.,1.300138,1.083336,0.,           185P   4143
1.30158,1.229182,0.,1.303591,1.333361,0.,1.309333,1.520847,0.,       185P   4144
1.312117,1.604198,0.,1.320675,1.791678,0.,1.324964,1.895896,0.,      185P   4145
1.338785,2.125032,0.,1.346765,2.250038,0.,1.36978,2.583367,0.,       185P   4146
1.38409,2.791743,0.,1.41591,3.208281,0.,1.43174,3.416572,0.,         185P   4147
1.452495,3.729143,0.,1.45906,3.833308,0.,1.477319,4.143339,0.,       185P   4148
1.486752,4.349339,0.,1.497818,4.710157,0.,1.499985,4.86495,0.,       185P   4149
1.500023,6.346494,0.,1.499993,7.673247,0.,1.499993,9.,0.,0.,         185P   4150
64.04604244,0.,0.,1.;                                                185P   4151
126,3,3,1,0,1,0,0.,0.,0.,0.,1.,1.,1.,1.,1.,1.,1.,1.,1.499993,9.,     187P   4152
0.,1.333329,9.,0.,1.166664,9.,0.,1.,9.,0.,0.,1.,0.,0.,1.;            187P   4153
126,3,3,1,0,1,0,0.,0.,0.,0.,1.,1.,1.,1.,1.,1.,1.,1.,1.,9.,0.,1.,     189P   4154
6.333333,0.,1.,3.666667,0.,1.,1.,0.,0.,1.,0.,0.,1.;                  189P   4155
126,3,3,1,0,1,0,0.,0.,0.,0.,1.,1.,1.,1.,1.,1.,1.,1.,1.,1.,0.,        191P   4156
1.1,1.,0.,1.2,1.,0.,1.3,1.,0.,0.,1.,0.,0.,1.;                        191P   4157
510,195,1,1,197;                                                     193P   4158
128,6,6,6,6,0,0,1,0,0,1.,1.,1.,1.,1.,1.,1.,2.,2.,2.,2.,2.,2.,2.,     195P   4159
1.,1.,1.,1.,1.,1.,1.,2.,2.,2.,2.,2.,2.,2.,1.,1.,1.,1.,1.,1.,1.,      195P   4160
1.,1.,1.,1.,1.,1.,1.,1.,1.,1.,1.,1.,1.,1.,1.,1.,1.,1.,1.,1.,1.,      195P   4161
1.,1.,1.,1.,1.,1.,1.,1.,1.,1.,1.,1.,1.,1.,1.,1.,1.,1.,1.,1.,1.,      195P   4162
-72.64482,-82.665,7.858881D-005,-48.42988,-82.665,4.335703D-005,     195P   4163
-24.21494,-82.665,8.125252D-006,1.979808D-006,-82.665,               195P   4164
-2.710653D-005,24.21494,-82.665,-6.233831D-005,48.42988,-82.665,     195P   4165
-9.757009D-005,72.64482,-82.665,-0.0001328019,-72.64482,-55.11,      195P   4166
8.723348D-005,-48.42988,-55.11,5.20017D-005,-24.21494,-55.11,        195P   4167
1.676992D-005,1.979821D-006,-55.11,-1.846186D-005,24.21494,          195P   4168
-55.11,-5.369364D-005,48.42988,-55.11,-8.892542D-005,72.64482,       195P   4169
-55.11,-0.0001241572,-72.64482,-27.555,9.587814D-005,-48.42988,      195P   4170
-27.555,6.064636D-005,-24.21494,-27.555,2.541458D-005,               195P   4171
1.979834D-006,-27.555,-9.817195D-006,24.21494,-27.555,               195P   4172
-4.504897D-005,48.42988,-27.555,-8.028075D-005,72.64482,-27.555,     195P   4173
-0.0001155125,-72.64482,4.014566D-013,0.0001045228,-48.42988,        195P   4174
4.014566D-013,6.929103D-005,-24.21494,4.014566D-013,                 195P   4175
3.405925D-005,1.979846D-006,4.014566D-013,-1.172529D-006,            195P   4176
24.21494,4.014566D-013,-3.640431D-005,48.42988,4.014566D-013,        195P   4177
-7.163609D-005,72.64482,4.014566D-013,-0.0001068679,-72.64482,       195P   4178
27.555,0.0001131675,-48.42988,27.555,7.79357D-005,-24.21494,         195P   4179
27.555,4.270392D-005,1.979859D-006,27.555,7.472137D-006,             195P   4180
24.21494,27.555,-2.775964D-005,48.42988,27.555,-6.299142D-005,       195P   4181
72.64482,27.555,-9.82232D-005,-72.64482,55.11,0.0001218121,          195P   4182
-48.42988,55.11,8.658036D-005,-24.21494,55.11,5.134858D-005,         195P   4183
1.979871D-006,55.11,1.61168D-005,24.21494,55.11,-1.911498D-005,      195P   4184
48.42988,55.11,-5.434676D-005,72.64482,55.11,-8.957854D-005,         195P   4185
-72.64482,82.665,0.0001304568,-48.42988,82.665,9.522503D-005,        195P   4186
-24.21494,82.665,5.999325D-005,1.979884D-006,82.665,                 195P   4187
2.476147D-005,24.21494,82.665,-1.047031D-005,48.42988,82.665,        195P   4188
-4.570209D-005,72.64482,82.665,-8.093387D-005,1.,2.,1.,2.;           195P   4189
508,5,0,5,20,0,1,0,199,0,5,25,1,1,0,201,0,5,24,0,1,0,203,0,5,7,      197P   4190
0,1,0,205,0,5,26,0,1,0,207;                                          197P   4191
126,3,3,1,0,1,0,0.,0.,0.,0.,1.,1.,1.,1.,1.,1.,1.,1.,1.138675,        199P   4192
1.242962,0.,1.092783,1.242924,0.,1.04689,1.242953,0.,1.000998,       199P   4193
1.242944,0.,0.,1.,0.,0.,1.;                                          199P   4194
126,9,3,1,0,1,0,0.,0.,0.,0.,1.,1.,1.,2.,2.,2.,3.,3.,3.,3.,1.,1.,     201P   4195
1.,1.,1.,1.,1.,1.,1.,1.,1.000998,1.242944,0.,1.000998,1.162296,      201P   4196
0.,1.000998,1.081647,0.,1.000998,1.000998,0.,1.333666,1.000998,      201P   4197
0.,1.666334,1.000998,0.,1.999002,1.000998,0.,1.999002,1.051405,      201P   4198
0.,1.999002,1.101813,0.,1.999002,1.15222,0.,0.,3.,0.,0.,1.;          201P   4199
126,5,3,1,0,1,0,0.,0.,0.,0.,1.,1.,1.000028829,1.000028829,           203P   4200
1.000028829,1.000028829,1.,1.,1.,1.,1.,1.,1.999002,1.15222,0.,       203P   4201
1.964588,1.152217,0.,1.930174,1.152215,0.,1.89576,1.152212,0.,       203P   4202
1.895759,1.152212,0.,1.895758,1.152213,0.,0.,1.000028829,0.,0.,      203P   4203
1.;                                                                  203P   4204
126,239,3,1,0,1,0,0.,0.,0.,0.,1.,1.,1.,2.,2.,2.,3.,3.,3.,4.,4.,      205P   4205
4.,5.,5.,5.,6.,6.,6.,7.,7.,7.,8.,8.,8.,9.,9.,9.,10.,10.,10.,11.,     205P   4206
11.,11.,12.,12.,12.,13.,13.,13.,14.,14.,14.,15.,15.,15.,16.,16.,     205P   4207
16.,17.,17.,17.,18.,18.,18.,19.,19.,19.,20.,20.,21.00045332,         205P   4208
21.00045332,21.00045332,22.00045332,22.00045332,22.00045332,         205P   4209
23.00045332,23.00045332,23.00045332,24.00045332,24.00045332,         205P   4210
24.00045332,25.00045332,25.00045332,25.00045332,26.00045332,         205P   4211
26.00045332,26.00045332,27.00045332,27.00045332,27.00045332,         205P   4212
28.00045332,28.00045332,28.00045332,29.00045332,29.00045332,         205P   4213
29.00045332,30.00045332,30.00045332,30.00045332,31.00045332,         205P   4214
31.00045332,31.00045332,32.00045332,32.00045332,32.00045332,         205P   4215
33.00045332,33.00045332,33.00045332,34.00045332,34.00045332,         205P   4216
34.00045332,35.00045332,35.00045332,35.00045332,36.00045332,         205P   4217
36.00045332,36.00045332,37.00045332,37.00045332,37.00045332,         205P   4218
38.00045332,38.00045332,38.00045332,39.00045332,39.00045332,         205P   4219
39.00045332,40.00045332,40.00045332,40.00045332,41.00045332,         205P   4220
41.00045332,41.00045332,42.00045332,42.00045332,42.00045332,         205P   4221
43.00045332,43.00045332,43.00045332,44.00045332,44.00045332,         205P   4222
44.00045332,45.00045332,45.00045332,45.00045332,46.00045332,         205P   4223
46.00045332,46.00045332,47.00045332,47.00045332,47.00045332,         205P   4224
48.00045332,48.00045332,48.00045332,49.00045332,49.00045332,         205P   4225
49.00045332,50.00045332,50.00045332,50.00045332,51.00045332,         205P   4226
51.00045332,51.00045332,52.00045332,52.00045332,52.00045332,         205P   4227
53.00045332,53.00045332,53.00045332,54.00045332,54.00045332,         205P   4228
54.00045332,55.00045332,55.00045332,55.00045332,56.00045332,         205P   4229
56.00045332,56.00045332,57.00045332,57.00045332,57.00045332,         205P   4230
58.00045332,58.00045332,58.00045332,59.00045332,59.00045332,         205P   4231
59.00045332,60.00045332,60.00045332,60.00045332,61.00045332,         205P   4232
61.00045332,61.00045332,62.00045332,62.00045332,62.00045332,         205P   4233
63.00045332,63.00045332,63.00045332,64.00045332,64.00045332,         205P   4234
64.00045332,65.00045332,65.00045332,65.00045332,66.00045332,         205P   4235
66.00045332,66.00045332,67.00045332,67.00045332,67.00045332,         205P   4236
68.00045332,68.00045332,68.00045332,69.00045332,69.00045332,         205P   4237
69.00045332,70.00045332,70.00045332,70.00045332,71.00045332,         205P   4238
71.00045332,71.00045332,72.00045332,72.00045332,72.00045332,         205P   4239
73.00045332,73.00045332,73.00045332,74.00045332,74.00045332,         205P   4240
74.00045332,75.00045332,75.00045332,75.00045332,76.00045332,         205P   4241
76.00045332,76.00045332,77.00045332,77.00045332,77.00045332,         205P   4242
78.00045332,78.00045332,78.00045332,79.00045332,79.00045332,         205P   4243
79.00045332,80.00045332,80.00045332,80.00045332,80.00045332,1.,      205P   4244
1.,1.,1.,1.,1.,1.,1.,1.,1.,1.,1.,1.,1.,1.,1.,1.,1.,1.,1.,1.,1.,      205P   4245
1.,1.,1.,1.,1.,1.,1.,1.,1.,1.,1.,1.,1.,1.,1.,1.,1.,1.,1.,1.,1.,      205P   4246
1.,1.,1.,1.,1.,1.,1.,1.,1.,1.,1.,1.,1.,1.,1.,1.,1.,1.,1.,1.,1.,      205P   4247
1.,1.,1.,1.,1.,1.,1.,1.,1.,1.,1.,1.,1.,1.,1.,1.,1.,1.,1.,1.,1.,      205P   4248
1.,1.,1.,1.,1.,1.,1.,1.,1.,1.,1.,1.,1.,1.,1.,1.,1.,1.,1.,1.,1.,      205P   4249
1.,1.,1.,1.,1.,1.,1.,1.,1.,1.,1.,1.,1.,1.,1.,1.,1.,1.,1.,1.,1.,      205P   4250
1.,1.,1.,1.,1.,1.,1.,1.,1.,1.,1.,1.,1.,1.,1.,1.,1.,1.,1.,1.,1.,      205P   4251
1.,1.,1.,1.,1.,1.,1.,1.,1.,1.,1.,1.,1.,1.,1.,1.,1.,1.,1.,1.,1.,      205P   4252
1.,1.,1.,1.,1.,1.,1.,1.,1.,1.,1.,1.,1.,1.,1.,1.,1.,1.,1.,1.,1.,      205P   4253
1.,1.,1.,1.,1.,1.,1.,1.,1.,1.,1.,1.,1.,1.,1.,1.,1.,1.,1.,1.,1.,      205P   4254
1.,1.,1.,1.,1.,1.,1.,1.,1.,1.,1.,1.,1.,1.,1.,1.,1.,1.,1.,1.,1.,      205P   4255
1.,1.,1.,1.,1.,1.,1.,1.,1.895758,1.152213,0.,1.894009,1.152629,      205P   4256
0.,1.892261,1.153046,0.,1.890512,1.153463,0.,1.888771,1.153906,      205P   4257
0.,1.88703,1.154349,0.,1.88529,1.154792,0.,1.883557,1.15526,0.,      205P   4258
1.881825,1.155729,0.,1.880093,1.156198,0.,1.878371,1.156692,0.,      205P   4259
1.876648,1.157186,0.,1.874925,1.157681,0.,1.873212,1.158201,0.,      205P   4260
1.871499,1.15872,0.,1.869786,1.15924,0.,1.868084,1.159785,0.,        205P   4261
1.866381,1.16033,0.,1.864678,1.160875,0.,1.862986,1.161444,0.,       205P   4262
1.861294,1.162014,0.,1.859601,1.162584,0.,1.85792,1.163178,0.,       205P   4263
1.856239,1.163773,0.,1.854558,1.164367,0.,1.852888,1.164986,0.,      205P   4264
1.851218,1.165605,0.,1.849549,1.166224,0.,1.847891,1.166867,0.,      205P   4265
1.846233,1.167511,0.,1.844575,1.168154,0.,1.842929,1.168821,0.,      205P   4266
1.841284,1.169489,0.,1.839638,1.170156,0.,1.838005,1.170847,0.,      205P   4267
1.836372,1.171538,0.,1.834739,1.172229,0.,1.833119,1.172944,0.,      205P   4268
1.8315,1.173659,0.,1.82988,1.174373,0.,1.826436,1.175986,0.,         205P   4269
1.822992,1.1776,0.,1.819548,1.179213,0.,1.816163,1.180918,0.,        205P   4270
1.812777,1.182622,0.,1.809392,1.184327,0.,1.806061,1.186114,0.,      205P   4271
1.802731,1.187902,0.,1.799401,1.189689,0.,1.796123,1.191551,0.,      205P   4272
1.792845,1.193413,0.,1.789567,1.195274,0.,1.786338,1.197201,0.,      205P   4273
1.783109,1.199128,0.,1.77988,1.201055,0.,1.776697,1.203038,0.,       205P   4274
1.773514,1.205021,0.,1.770332,1.207005,0.,1.762845,1.211763,0.,      205P   4275
1.755395,1.216578,0.,1.740471,1.226179,0.,1.732997,1.230965,0.,      205P   4276
1.725467,1.235661,0.,1.722684,1.237352,0.,1.7199,1.239043,0.,        205P   4277
1.717117,1.240733,0.,1.714281,1.242357,0.,1.711444,1.24398,0.,       205P   4278
1.708608,1.245604,0.,1.705714,1.247146,0.,1.70282,1.248689,0.,       205P   4279
1.699926,1.250231,0.,1.696972,1.251679,0.,1.694017,1.253127,0.,      205P   4280
1.691062,1.254575,0.,1.688042,1.255914,0.,1.685022,1.257253,0.,      205P   4281
1.682002,1.258593,0.,1.678914,1.25981,0.,1.675825,1.261027,0.,       205P   4282
1.672737,1.262244,0.,1.669798,1.26324,0.,1.66686,1.264237,0.,        205P   4283
1.663921,1.265233,0.,1.660924,1.266079,0.,1.657927,1.266925,0.,      205P   4284
1.65493,1.267771,0.,1.651884,1.268466,0.,1.648837,1.269161,0.,       205P   4285
1.645791,1.269856,0.,1.642704,1.270399,0.,1.639617,1.270941,0.,      205P   4286
1.63653,1.271484,0.,1.633412,1.271874,0.,1.630293,1.272264,0.,       205P   4287
1.627175,1.272654,0.,1.624368,1.272865,0.,1.621561,1.273077,0.,      205P   4288
1.618754,1.273289,0.,1.61594,1.273367,0.,1.613126,1.273445,0.,       205P   4289
1.610312,1.273522,0.,1.607498,1.273471,0.,1.604684,1.273419,0.,      205P   4290
1.60187,1.273368,0.,1.599061,1.273191,0.,1.596253,1.273015,0.,       205P   4291
1.593444,1.272839,0.,1.590648,1.272542,0.,1.587852,1.272245,0.,      205P   4292
1.585056,1.271948,0.,1.582278,1.271535,0.,1.5795,1.271122,0.,        205P   4293
1.576722,1.270709,0.,1.573969,1.270184,0.,1.571216,1.269659,0.,      205P   4294
1.568463,1.269135,0.,1.565314,1.268402,0.,1.562165,1.267669,0.,      205P   4295
1.559015,1.266935,0.,1.555907,1.266085,0.,1.552798,1.265234,0.,      205P   4296
1.549689,1.264384,0.,1.546619,1.263428,0.,1.543549,1.262472,0.,      205P   4297
1.540478,1.261517,0.,1.537445,1.260469,0.,1.534412,1.259421,0.,      205P   4298
1.531379,1.258373,0.,1.528381,1.257245,0.,1.525384,1.256117,0.,      205P   4299
1.522386,1.254989,0.,1.519422,1.253794,0.,1.516458,1.252598,0.,      205P   4300
1.513494,1.251403,0.,1.510562,1.250153,0.,1.50763,1.248903,0.,       205P   4301
1.504698,1.247653,0.,1.501796,1.24636,0.,1.498894,1.245068,0.,       205P   4302
1.495993,1.243775,0.,1.492596,1.242207,0.,1.4892,1.240639,0.,        205P   4303
1.485803,1.239071,0.,1.47224,1.23271,0.,1.45881,1.226071,0.,         205P   4304
1.445268,1.219667,0.,1.44187,1.218082,0.,1.438473,1.216496,0.,       205P   4305
1.435075,1.214911,0.,1.431654,1.21337,0.,1.428233,1.211829,0.,       205P   4306
1.424812,1.210288,0.,1.421361,1.208808,0.,1.417909,1.207328,0.,      205P   4307
1.414457,1.205848,0.,1.410967,1.204445,0.,1.407477,1.203042,0.,      205P   4308
1.403987,1.201639,0.,1.40045,1.200328,0.,1.396914,1.199018,0.,       205P   4309
1.393377,1.197707,0.,1.389787,1.196506,0.,1.386197,1.195305,0.,      205P   4310
1.382606,1.194103,0.,1.378954,1.193027,0.,1.375302,1.19195,0.,       205P   4311
1.371651,1.190874,0.,1.368719,1.190129,0.,1.365788,1.189385,0.,      205P   4312
1.362857,1.18864,0.,1.3599,1.18801,0.,1.356942,1.18738,0.,           205P   4313
1.353985,1.18675,0.,1.350999,1.186242,0.,1.348012,1.185734,0.,       205P   4314
1.345026,1.185226,0.,1.342009,1.184848,0.,1.338991,1.18447,0.,       205P   4315
1.335973,1.184093,0.,1.334108,1.183922,0.,1.332243,1.183752,0.,      205P   4316
1.330377,1.183581,0.,1.32851,1.183459,0.,1.326643,1.183338,0.,       205P   4317
1.324776,1.183216,0.,1.322905,1.183158,0.,1.321033,1.183099,0.,      205P   4318
1.319162,1.18304,0.,1.315507,1.183073,0.,1.311853,1.183106,0.,       205P   4319
1.308199,1.18314,0.,1.304551,1.183321,0.,1.300902,1.183503,0.,       205P   4320
1.297254,1.183685,0.,1.293618,1.184005,0.,1.289981,1.184326,0.,      205P   4321
1.286345,1.184646,0.,1.282727,1.185096,0.,1.279108,1.185546,0.,      205P   4322
1.27549,1.185995,0.,1.271622,1.18662,0.,1.267753,1.187245,0.,        205P   4323
1.263885,1.18787,0.,1.260051,1.188642,0.,1.256217,1.189415,0.,       205P   4324
1.252383,1.190188,0.,1.24859,1.191106,0.,1.244797,1.192024,0.,       205P   4325
1.241004,1.192942,0.,1.23726,1.194003,0.,1.233515,1.195064,0.,       205P   4326
1.229771,1.196125,0.,1.226081,1.197328,0.,1.222392,1.19853,0.,       205P   4327
1.218703,1.199732,0.,1.215076,1.201072,0.,1.21145,1.202413,0.,       205P   4328
1.207823,1.203754,0.,1.204266,1.20523,0.,1.200708,1.206707,0.,       205P   4329
1.197151,1.208184,0.,1.19367,1.209795,0.,1.190189,1.211406,0.,       205P   4330
1.186709,1.213017,0.,1.183311,1.214759,0.,1.179914,1.216501,0.,      205P   4331
1.176517,1.218244,0.,1.17321,1.220115,0.,1.169903,1.221987,0.,       205P   4332
1.166596,1.223859,0.,1.163387,1.225858,0.,1.160178,1.227856,0.,      205P   4333
1.156968,1.229855,0.,1.153864,1.231978,0.,1.150759,1.234102,0.,      205P   4334
1.147654,1.236225,0.,1.144662,1.23847,0.,1.141669,1.240716,0.,       205P   4335
1.138676,1.242961,0.,0.,80.00045332,0.,0.,1.;                        205P   4336
126,3,3,1,0,1,0,0.,0.,0.,0.,1.,1.,1.,1.,1.,1.,1.,1.,1.138676,        207P   4337
1.242961,0.,1.138676,1.242962,0.,1.138675,1.242962,0.,1.138675,      207P   4338
1.242962,0.,0.,1.,0.,0.,1.;                                          207P   4339
S      1G      4D    208P   4339                                        T      1
