solid
	facet normal 0 -0.751064414680007 0.660228933780835
		outer loop
			vertex 997.520361664626 -645.0212882936 1103.20457867562
			vertex 1506.45577036702 -645.02128829355 1103.20457867567
			vertex 992.979380824095 -644.147283408787 1104.13698596418
		endloop
	endfacet
	facet normal 0 -0.707364170439356 0.706849298209061
		outer loop
			vertex 992.979380824095 -644.147283408787 1104.13698596418
			vertex 1506.45577036702 -645.02128829355 1103.20457867567
			vertex 1511.00868600292 -644.144890524692 1104.13938018601
		endloop
	endfacet
	facet normal 0 -0.707364170439356 0.706849298209061
		outer loop
			vertex 992.979380824095 -644.147283408787 1104.13698596418
			vertex 1511.00868600292 -644.144890524692 1104.13938018601
			vertex 997.571703557405 -643.204578675729 1105.0212882935
		endloop
	endfacet
	facet normal 0 -0.660228933786469 0.751064414675054
		outer loop
			vertex 997.571703557405 -643.204578675729 1105.0212882935
			vertex 1511.00868600292 -644.144890524692 1104.13938018601
			vertex 1506.42829644259 -643.204578675729 1105.0212882935
		endloop
	endfacet
	facet normal 0 -0.660228933786469 0.751064414675054
		outer loop
			vertex 997.571703557405 -643.204578675729 1105.0212882935
			vertex 1506.42829644259 -643.204578675729 1105.0212882935
			vertex 1478.74647363413 -636.808781551161 1108.80533152562
		endloop
	endfacet
	facet normal 0 -0.751064414680007 0.660228933780835
		outer loop
			vertex 997.520361664626 -645.0212882936 1103.20457867562
			vertex 1025.20218447285 -648.805331525652 1096.80878155109
			vertex 1506.45577036702 -645.02128829355 1103.20457867567
		endloop
	endfacet
	facet normal 0 -0.751064414677526 0.660228933783657
		outer loop
			vertex 1506.45577036702 -645.02128829355 1103.20457867567
			vertex 1025.20218447285 -648.805331525652 1096.80878155109
			vertex 1478.77394755868 -648.805331525639 1096.80878155112
		endloop
	endfacet
	facet normal 0 -0.940266576282489 0.340439077554278
		outer loop
			vertex 1025.20218447285 -648.805331525652 1096.80878155109
			vertex 1051.8684797356 -649.999989285714 1090.02070196384
			vertex 1478.77394755868 -648.805331525639 1096.80878155112
		endloop
	endfacet
	facet normal 0 -0.940266576281809 0.340439077556155
		outer loop
			vertex 1478.77394755868 -648.805331525639 1096.80878155112
			vertex 1051.8684797356 -649.999989285714 1090.02070196384
			vertex 1452.1076522956 -649.999989285714 1090.02070196384
		endloop
	endfacet
	facet normal 0 -1 0
		outer loop
			vertex 1051.94865810668 -650 1090
			vertex 1452.02747392469 -650 1090
			vertex 1051.8684797356 -649.999989285714 1090.02070196384
		endloop
	endfacet
	facet normal 0 -0.999999464285723 0.00103509819180392
		outer loop
			vertex 1051.8684797356 -649.999989285714 1090.02070196384
			vertex 1452.02747392469 -650 1090
			vertex 1452.1076522956 -649.999989285714 1090.02070196384
		endloop
	endfacet
	facet normal 0 -0.660228933786469 0.751064414675054
		outer loop
			vertex 997.571703557405 -643.204578675729 1105.0212882935
			vertex 1478.74647363413 -636.808781551161 1108.80533152562
			vertex 1025.25352636586 -636.808781551163 1108.80533152562
		endloop
	endfacet
	facet normal 0 -0.340439077558085 0.94026657628111
		outer loop
			vertex 1025.25352636586 -636.808781551163 1108.80533152562
			vertex 1478.74647363413 -636.808781551161 1108.80533152562
			vertex 1452.08017837074 -630.020701963836 1109.99998928571
		endloop
	endfacet
	facet normal 0 -0.340439077558085 0.94026657628111
		outer loop
			vertex 1025.25352636586 -636.808781551163 1108.80533152562
			vertex 1452.08017837074 -630.020701963836 1109.99998928571
			vertex 1051.91982162926 -630.020701963836 1109.99998928571
		endloop
	endfacet
	facet normal 0 -0.00103509819179281 0.999999464285723
		outer loop
			vertex 1051.91982162926 -630.020701963836 1109.99998928571
			vertex 1452.08017837074 -630.020701963836 1109.99998928571
			vertex 1052 -630 1110
		endloop
	endfacet
	facet normal 0 -0.00103509819179836 0.999999464285723
		outer loop
			vertex 1452.08017837074 -630.020701963836 1109.99998928571
			vertex 1452 -630 1110
			vertex 1052 -630 1110
		endloop
	endfacet
	facet normal -0.245839424079531 0 0.969310568171133
		outer loop
			vertex 978.248260487788 -640.805841267886 1100.79282461655
			vertex 992.979380824095 -644.147283408787 1104.13698596418
			vertex 987.471522610089 -379.320426873905 1102.97794388954
		endloop
	endfacet
	facet normal -0.215094924633038 0 0.976593146298451
		outer loop
			vertex 987.471522610089 -379.320426873905 1102.97794388954
			vertex 992.979380824095 -644.147283408787 1104.13698596418
			vertex 997.571703557405 -643.204578675729 1105.0212882935
		endloop
	endfacet
	facet normal -0.215094924633038 0 0.976593146298451
		outer loop
			vertex 987.471522610089 -379.320426873905 1102.97794388954
			vertex 997.571703557405 -643.204578675729 1105.0212882935
			vertex 1015.36887167856 -367.760381495521 1107.75520220123
		endloop
	endfacet
	facet normal -0.122103761071481 0 0.992517340670781
		outer loop
			vertex 1015.36887167856 -367.760381495521 1107.75520220123
			vertex 997.571703557405 -643.204578675729 1105.0212882935
			vertex 1025.25352636586 -636.808781551163 1108.80533152562
		endloop
	endfacet
	facet normal -0.122103761071481 0 0.992517340670781
		outer loop
			vertex 1015.36887167856 -367.760381495521 1107.75520220123
			vertex 1025.25352636586 -636.808781551163 1108.80533152562
			vertex 1043.59227209292 -354.712160375439 1109.88216037544
		endloop
	endfacet
	facet normal -0.0280257596902526 0 0.999607201251464
		outer loop
			vertex 1043.59227209292 -354.712160375439 1109.88216037544
			vertex 1025.25352636586 -636.808781551163 1108.80533152562
			vertex 1051.91982162926 -630.020701963836 1109.99998928571
		endloop
	endfacet
	facet normal -0.0280257596902526 0 0.999607201251464
		outer loop
			vertex 1043.59227209292 -354.712160375439 1109.88216037544
			vertex 1051.91982162926 -630.020701963836 1109.99998928571
			vertex 1047.79572316752 -354.800538647241 1109.97053864724
		endloop
	endfacet
	facet normal -0.0140142561082694 0 0.999901795490803
		outer loop
			vertex 1047.79572316752 -354.800538647241 1109.97053864724
			vertex 1051.91982162926 -630.020701963836 1109.99998928571
			vertex 1052 -354.83 1110
		endloop
	endfacet
	facet normal -0.000267261235783837 0 0.999999964285715
		outer loop
			vertex 1051.91982162926 -630.020701963836 1109.99998928571
			vertex 1052 -630 1110
			vertex 1052 -354.83 1110
		endloop
	endfacet
	facet normal -0.215094924633038 0 0.976593146298451
		outer loop
			vertex 987.471522610089 -379.320426873905 1102.97794388954
			vertex 960.148537419178 -389.289401281123 1095.59290751306
			vertex 978.248260487788 -640.805841267886 1100.79282461655
		endloop
	endfacet
	facet normal -0.245839424079531 0 0.969310568171133
		outer loop
			vertex 978.248260487788 -640.805841267886 1100.79282461655
			vertex 960.148537419178 -389.289401281123 1095.59290751306
			vertex 963.785186203525 -636.752859134798 1096.73706880495
		endloop
	endfacet
	facet normal -0.294049379321583 0 0.955790229349825
		outer loop
			vertex 963.785186203525 -636.752859134798 1096.73706880495
			vertex 960.148537419178 -389.289401281123 1095.59290751306
			vertex 949.428135066511 -631.938541799003 1091.91986719915
		endloop
	endfacet
	facet normal -0.341906598245586 0 0.939733940046932
		outer loop
			vertex 949.428135066511 -631.938541799003 1091.91986719915
			vertex 960.148537419178 -389.289401281123 1095.59290751306
			vertex 933.643116261094 -397.578571509337 1085.6658268114
		endloop
	endfacet
	facet normal -0.341906598245586 0 0.939733940046932
		outer loop
			vertex 949.428135066511 -631.938541799003 1091.91986719915
			vertex 933.643116261094 -397.578571509337 1085.6658268114
			vertex 935.471160706078 -626.46517429741 1086.44353783877
		endloop
	endfacet
	facet normal -0.388429464313063 0 0.921478459462546
		outer loop
			vertex 935.471160706078 -626.46517429741 1086.44353783877
			vertex 933.643116261094 -397.578571509337 1085.6658268114
			vertex 908.93600173593 -613.718372734591 1073.69052391146
		endloop
	endfacet
	facet normal -0.394522945796354 0 0.918886089371347
		outer loop
			vertex 933.643116261094 -397.578571509337 1085.6658268114
			vertex 908.191182205595 -404.11415618098 1073.28506209919
			vertex 908.93600173593 -613.718372734591 1073.69052391146
		endloop
	endfacet
	facet normal -0.476879994213566 0 0.878968413038187
		outer loop
			vertex 908.93600173593 -613.718372734591 1073.69052391146
			vertex 908.191182205595 -404.11415618098 1073.28506209919
			vertex 884.51808644313 -598.931724921545 1058.89718486019
		endloop
	endfacet
	facet normal -0.47936272598135 0 0.877616873663975
		outer loop
			vertex 908.191182205595 -404.11415618098 1073.28506209919
			vertex 884.01928130067 -408.837982472117 1058.56081377654
			vertex 884.51808644313 -598.931724921545 1058.89718486019
		endloop
	endfacet
	facet normal -0.558273045189567 0 0.82965728286731
		outer loop
			vertex 884.51808644313 -598.931724921545 1058.89718486019
			vertex 884.01928130067 -408.837982472117 1058.56081377654
			vertex 862.50292885372 -582.616241195263 1042.57441825571
		endloop
	endfacet
	facet normal -0.559935728997767 0 0.828536045921805
		outer loop
			vertex 884.01928130067 -408.837982472117 1058.56081377654
			vertex 861.342566100559 -411.708003905049 1041.62414144229
			vertex 862.50292885372 -582.616241195263 1042.57441825571
		endloop
	endfacet
	facet normal -0.631656903820935 0 0.775248060852364
		outer loop
			vertex 862.50292885372 -582.616241195263 1042.57441825571
			vertex 861.342566100559 -411.708003905049 1041.62414144229
			vertex 843.08450051067 -565.350327772464 1025.30052037356
		endloop
	endfacet
	facet normal -0.635524779664804 0 0.772080471474316
		outer loop
			vertex 861.342566100559 -411.708003905049 1041.62414144229
			vertex 840.362880606536 -412.698674601344 1022.62579734086
			vertex 843.08450051067 -565.350327772464 1025.30052037356
		endloop
	endfacet
	facet normal -0.696384998297766 0 0.717668401245185
		outer loop
			vertex 843.08450051067 -565.350327772464 1025.30052037356
			vertex 840.362880606536 -412.698674601344 1022.62579734086
			vertex 830.277443890183 -552.142537260933 1012.08622278042
		endloop
	endfacet
	facet normal -0.705457064644879 0 0.708752657802869
		outer loop
			vertex 840.362880606536 -412.698674601344 1022.62579734086
			vertex 821.266963666281 -411.801176664072 1001.73488452606
			vertex 830.277443890183 -552.142537260933 1012.08622278042
		endloop
	endfacet
	facet normal -0.73907628199341 0 0.673621740589478
		outer loop
			vertex 830.277443890183 -552.142537260933 1012.08622278042
			vertex 821.266963666281 -411.801176664072 1001.73488452606
			vertex 818.502178980186 -538.421711550028 998.358083391712
		endloop
	endfacet
	facet normal -0.778326070066046 0 0.627860277972373
		outer loop
			vertex 818.502178980186 -538.421711550028 998.358083391712
			vertex 821.266963666281 -411.801176664072 1001.73488452606
			vertex 807.778967503046 -524.301120035785 984.229179009887
		endloop
	endfacet
	facet normal -0.814071376772479 0 0.580764834954528
		outer loop
			vertex 807.778967503046 -524.301120035785 984.229179009887
			vertex 821.266963666281 -411.801176664072 1001.73488452606
			vertex 804.224786823257 -409.023498665355 979.137351685603
		endloop
	endfacet
	facet normal -0.814071376772479 0 0.580764834954528
		outer loop
			vertex 807.778967503046 -524.301120035785 984.229179009887
			vertex 804.224786823257 -409.023498665355 979.137351685603
			vertex 798.113944291799 -509.899775054612 969.818242753861
		endloop
	endfacet
	facet normal -0.846286852360671 0 0.532727475846204
		outer loop
			vertex 798.113944291799 -509.899775054612 969.818242753861
			vertex 804.224786823257 -409.023498665355 979.137351685603
			vertex 789.388041410801 -404.390364540582 955.034338023602
		endloop
	endfacet
	facet normal -0.846286852360671 0 0.532727475846204
		outer loop
			vertex 798.113944291799 -509.899775054612 969.818242753861
			vertex 789.388041410801 -404.390364540582 955.034338023602
			vertex 789.505505702202 -495.338556438891 955.245815839736
		endloop
	endfacet
	facet normal -0.874983074098694 0 0.484153508756055
		outer loop
			vertex 789.505505702202 -495.338556438891 955.245815839736
			vertex 789.388041410801 -404.390364540582 955.034338023602
			vertex 781.937095922546 -480.743092692814 940.637007931336
		endloop
	endfacet
	facet normal -0.875373195297331 0 0.483447793412009
		outer loop
			vertex 789.388041410801 -404.390364540582 955.034338023602
			vertex 776.888788357206 -397.943013522243 929.64038293333
			vertex 781.937095922546 -480.743092692814 940.637007931336
		endloop
	endfacet
	facet normal -0.900209680258179 0 0.435456693104454
		outer loop
			vertex 781.937095922546 -480.743092692814 940.637007931336
			vertex 776.888788357206 -397.943013522243 929.64038293333
			vertex 775.384911846202 -466.241957627582 926.119748459331
		endloop
	endfacet
	facet normal -0.922051815352653 0 0.387066466908304
		outer loop
			vertex 775.384911846202 -466.241957627582 926.119748459331
			vertex 776.888788357206 -397.943013522243 929.64038293333
			vertex 769.809370183592 -451.96775083452 911.825578534171
		endloop
	endfacet
	facet normal -0.940635432721362 0 0.339418595113904
		outer loop
			vertex 769.809370183592 -451.96775083452 911.825578534171
			vertex 776.888788357206 -397.943013522243 929.64038293333
			vertex 766.838282719787 -389.738833072131 903.181516395687
		endloop
	endfacet
	facet normal -0.940635432721362 0 0.339418595113904
		outer loop
			vertex 769.809370183592 -451.96775083452 911.825578534171
			vertex 766.838282719787 -389.738833072131 903.181516395687
			vertex 761.220542179159 -424.007855050878 883.80587313634
		endloop
	endfacet
	facet normal -0.969264859402805 0 0.246019577121133
		outer loop
			vertex 761.220542179159 -424.007855050878 883.80587313634
			vertex 766.838282719787 -389.738833072131 903.181516395687
			vertex 759.325983410682 -379.850848079197 875.893247100713
		endloop
	endfacet
	facet normal -0.969264859402805 0 0.246019577121133
		outer loop
			vertex 761.220542179159 -424.007855050878 883.80587313634
			vertex 759.325983410682 -379.850848079197 875.893247100713
			vertex 758.12482410196 -410.554637689933 870.30533692633
		endloop
	endfacet
	facet normal -0.979587442530109 0 0.201018512673135
		outer loop
			vertex 758.12482410196 -410.554637689933 870.30533692633
			vertex 759.325983410682 -379.850848079197 875.893247100713
			vertex 755.772782758982 -397.747783844142 857.428216977369
		endloop
	endfacet
	facet normal -0.975580055297727 0 0.219644157002376
		outer loop
			vertex 759.325983410682 -379.850848079197 875.893247100713
			vertex 754.418756928763 -368.367070869647 848.018466199695
			vertex 755.772782758982 -397.747783844142 857.428216977369
		endloop
	endfacet
	facet normal -0.987424057470007 0 0.158094056591222
		outer loop
			vertex 755.772782758982 -397.747783844142 857.428216977369
			vertex 754.418756928763 -368.367070869647 848.018466199695
			vertex 754.067090833241 -385.588929159467 845.156530480575
		endloop
	endfacet
	facet normal -0.999448096493685 0 0.033219006835693
		outer loop
			vertex 752.165571051895 -361.406170080311 819.965702050708
			vertex 752.266604292862 -363.808208498215 822.644820989972
			vertex 752.160282185174 -355.389717814826 819.805285346463
		endloop
	endfacet
	facet normal -0.99946572604942 0 0.0326842844882095
		outer loop
			vertex 752.160282185174 -355.389717814826 819.805285346463
			vertex 752.266604292862 -363.808208498215 822.644820989972
			vertex 752.54285955659 -368.872408287785 828.039430075689
		endloop
	endfacet
	facet normal -0.99946572604942 0 0.0326842844882095
		outer loop
			vertex 752.160282185174 -355.389717814826 819.805285346463
			vertex 752.54285955659 -368.872408287785 828.039430075689
			vertex 754.418756928763 -368.367070869647 848.018466199695
		endloop
	endfacet
	facet normal -0.991937476904123 0 0.126728220665649
		outer loop
			vertex 754.418756928763 -368.367070869647 848.018466199695
			vertex 752.54285955659 -368.872408287785 828.039430075689
			vertex 752.925703971258 -374.192414102849 833.549213466968
		endloop
	endfacet
	facet normal -0.991937476904123 0 0.126728220665649
		outer loop
			vertex 754.418756928763 -368.367070869647 848.018466199695
			vertex 752.925703971258 -374.192414102849 833.549213466968
			vertex 754.067090833241 -385.588929159467 845.156530480575
		endloop
	endfacet
	facet normal -0.999448096493685 0 0.033219006835693
		outer loop
			vertex 752.165571051895 -361.406170080311 819.965702050708
			vertex 752.160282185174 -355.389717814826 819.805285346463
			vertex 752.086617499345 -359.097065614964 817.208536399006
		endloop
	endfacet
	facet normal -0.999711275002183 0 0.024028454663354
		outer loop
			vertex 752.086617499345 -359.097065614964 817.208536399006
			vertex 752.160282185174 -355.389717814826 819.805285346463
			vertex 752.040073222732 -355.509926777268 814.903297643026
		endloop
	endfacet
	facet normal -0.999711275002183 0 0.024028454663354
		outer loop
			vertex 752.086617499345 -359.097065614964 817.208536399006
			vertex 752.040073222732 -355.509926777268 814.903297643026
			vertex 752.055195196528 -357.994429545343 815.754482722814
		endloop
	endfacet
	facet normal -0.999816016011573 0 0.0191816090760459
		outer loop
			vertex 752.055195196528 -357.994429545343 815.754482722814
			vertex 752.040073222732 -355.509926777268 814.903297643026
			vertex 752.02916236186 -356.949537550854 814.182889751407
		endloop
	endfacet
	facet normal -1 0 0
		outer loop
			vertex 752 -355.55 810
			vertex 752.000747631595 -355.590308524948 810.6722640222
			vertex 752.040073222732 -355.509926777268 814.903297643026
		endloop
	endfacet
	facet normal -0.999866422590893 0 0.0163443254767555
		outer loop
			vertex 752.040073222732 -355.509926777268 814.903297643026
			vertex 752.000747631595 -355.590308524948 810.6722640222
			vertex 752.002747073416 -355.696530033561 811.283836634149
		endloop
	endfacet
	facet normal -0.999866422590893 0 0.0163443254767555
		outer loop
			vertex 752.040073222732 -355.509926777268 814.903297643026
			vertex 752.002747073416 -355.696530033561 811.283836634149
			vertex 752.009338704278 -356.033628794273 812.367094285412
		endloop
	endfacet
	facet normal -0.999968870985737 0 0.00789031428470566
		outer loop
			vertex 752.009338704278 -356.033628794273 812.367094285412
			vertex 752.018349848775 -356.466079825973 813.318067592415
			vertex 752.040073222732 -355.509926777268 814.903297643026
		endloop
	endfacet
	facet normal -0.999866422590893 0 0.0163443254767555
		outer loop
			vertex 752.040073222732 -355.509926777268 814.903297643026
			vertex 752.018349848775 -356.466079825973 813.318067592415
			vertex 752.02916236186 -356.949537550854 814.182889751407
		endloop
	endfacet
	facet normal 0 0 1
		outer loop
			vertex 1052 -630 1110
			vertex 1452 -630 1110
			vertex 1052 -354.83 1110
		endloop
	endfacet
	facet normal 0 0 1
		outer loop
			vertex 1052 -354.83 1110
			vertex 1452 -630 1110
			vertex 1452 -354.83 1110
		endloop
	endfacet
	facet normal 0 0 1
		outer loop
			vertex 1452 -354.83 1110
			vertex 1452 -630 1110
			vertex 1453.77621936957 -354.824741695169 1109.99474169517
		endloop
	endfacet
	facet normal 0.00592073123190614 0 0.99998247231723
		outer loop
			vertex 1453.77621936957 -354.824741695169 1109.99474169517
			vertex 1452 -630 1110
			vertex 1452.08017837074 -630.020701963836 1109.99998928571
		endloop
	endfacet
	facet normal 0.00592073123190614 0 0.99998247231723
		outer loop
			vertex 1453.77621936957 -354.824741695169 1109.99474169517
			vertex 1452.08017837074 -630.020701963836 1109.99998928571
			vertex 1455.55237647312 -354.808966965008 1109.97896696501
		endloop
	endfacet
	facet normal 0.0118412549104141 0 0.999929889883359
		outer loop
			vertex 1455.55237647312 -354.808966965008 1109.97896696501
			vertex 1452.08017837074 -630.020701963836 1109.99998928571
			vertex 1478.74647363413 -636.808781551161 1108.80533152562
		endloop
	endfacet
	facet normal 0.0118412549104141 0 0.999929889883359
		outer loop
			vertex 1455.55237647312 -354.808966965008 1109.97896696501
			vertex 1478.74647363413 -636.808781551161 1108.80533152562
			vertex 1484.59174724915 -368.451356510603 1108.22437528017
		endloop
	endfacet
	facet normal 0.108639157497175 0 0.994081250933898
		outer loop
			vertex 1484.59174724915 -368.451356510603 1108.22437528017
			vertex 1478.74647363413 -636.808781551161 1108.80533152562
			vertex 1506.42829644259 -643.204578675729 1105.0212882935
		endloop
	endfacet
	facet normal 0.108639157497175 0 0.994081250933898
		outer loop
			vertex 1484.59174724915 -368.451356510603 1108.22437528017
			vertex 1506.42829644259 -643.204578675729 1105.0212882935
			vertex 1513.32462391334 -380.538241945274 1103.66526948532
		endloop
	endfacet
	facet normal 0.204415413044474 0 0.978884231617742
		outer loop
			vertex 1513.32462391334 -380.538241945274 1103.66526948532
			vertex 1506.42829644259 -643.204578675729 1105.0212882935
			vertex 1511.00868600292 -644.144890524692 1104.13938018601
		endloop
	endfacet
	facet normal 0.204415413044474 0 0.978884231617742
		outer loop
			vertex 1513.32462391334 -380.538241945274 1103.66526948532
			vertex 1511.00868600292 -644.144890524692 1104.13938018601
			vertex 1511.40875572027 -644.064386439967 1104.0588372142
		endloop
	endfacet
	facet normal 0.198029185734237 0 0.980196124047343
		outer loop
			vertex 1511.40875572027 -644.064386439967 1104.0588372142
			vertex 1526.40514077111 -640.633358665194 1100.62632627496
			vertex 1513.32462391334 -380.538241945274 1103.66526948532
		endloop
	endfacet
	facet normal 0.204415413044474 0 0.978884231617742
		outer loop
			vertex 1513.32462391334 -380.538241945274 1103.66526948532
			vertex 1526.40514077111 -640.633358665194 1100.62632627496
			vertex 1541.48080132921 -390.9559577086 1096.34452359611
		endloop
	endfacet
	facet normal 0.248017430083904 0 0.968755569983768
		outer loop
			vertex 1526.40514077111 -640.633358665194 1100.62632627496
			vertex 1541.12082431304 -636.4653118906 1096.45676580204
			vertex 1541.48080132921 -390.9559577086 1096.34452359611
		endloop
	endfacet
	facet normal 0.298269337764027 0 0.954481745320364
		outer loop
			vertex 1541.48080132921 -390.9559577086 1096.34452359611
			vertex 1541.12082431304 -636.4653118906 1096.45676580204
			vertex 1555.49081830394 -631.593920225439 1091.58382422619
		endloop
	endfacet
	facet normal 0.298269337764027 0 0.954481745320364
		outer loop
			vertex 1541.48080132921 -390.9559577086 1096.34452359611
			vertex 1555.49081830394 -631.593920225439 1091.58382422619
			vertex 1568.79549766337 -399.606535179389 1086.33098220353
		endloop
	endfacet
	facet normal 0.389318325544551 0 0.921103274011762
		outer loop
			vertex 1568.79549766337 -399.606535179389 1086.33098220353
			vertex 1555.49081830394 -631.593920225439 1091.58382422619
			vertex 1569.4561385584 -626.062508722843 1086.0508205294
		endloop
	endfacet
	facet normal 0.389318325544551 0 0.921103274011762
		outer loop
			vertex 1568.79549766337 -399.606535179389 1086.33098220353
			vertex 1569.4561385584 -626.062508722843 1086.0508205294
			vertex 1595.99496741038 -613.198329818883 1073.18329992704
		endloop
	endfacet
	facet normal 0.389318325544551 0 0.921103274011762
		outer loop
			vertex 1568.79549766337 -399.606535179389 1086.33098220353
			vertex 1595.99496741038 -613.198329818883 1073.18329992704
			vertex 1595.01184440462 -406.408623976558 1073.71881305661
		endloop
	endfacet
	facet normal 0.476706148015402 0 0.879062710188709
		outer loop
			vertex 1595.01184440462 -406.408623976558 1073.71881305661
			vertex 1595.99496741038 -613.198329818883 1073.18329992704
			vertex 1620.40077655997 -598.295048198086 1058.27641542039
		endloop
	endfacet
	facet normal 0.476706148015402 0 0.879062710188709
		outer loop
			vertex 1595.01184440462 -406.408623976558 1073.71881305661
			vertex 1620.40077655997 -598.295048198086 1058.27641542039
			vertex 1619.88330196586 -411.298256981421 1058.6266215051
		endloop
	endfacet
	facet normal 0.559611006552869 0 0.828755405016996
		outer loop
			vertex 1619.88330196586 -411.298256981421 1058.6266215051
			vertex 1620.40077655997 -598.295048198086 1058.27641542039
			vertex 1642.3903239468 -581.866309177206 1041.84375028763
		endloop
	endfacet
	facet normal 0.559611006552869 0 0.828755405016996
		outer loop
			vertex 1619.88330196586 -411.298256981421 1058.6266215051
			vertex 1642.3903239468 -581.866309177206 1041.84375028763
			vertex 1643.17597815232 -414.229451887059 1041.19633512991
		endloop
	endfacet
	facet normal 0.637253260507731 0 0.770654450433049
		outer loop
			vertex 1643.17597815232 -414.229451887059 1041.19633512991
			vertex 1642.3903239468 -581.866309177206 1041.84375028763
			vertex 1661.77216709557 -564.492805675748 1024.46593648416
		endloop
	endfacet
	facet normal 0.637253260507731 0 0.770654450433049
		outer loop
			vertex 1643.17597815232 -414.229451887059 1041.19633512991
			vertex 1661.77216709557 -564.492805675748 1024.46593648416
			vertex 1664.67082769326 -415.174643617798 1021.59186905046
		endloop
	endfacet
	facet normal 0.708902758977521 0 0.705306230168186
		outer loop
			vertex 1664.67082769326 -415.174643617798 1021.59186905046
			vertex 1661.77216709557 -564.492805675748 1024.46593648416
			vertex 1674.51865484003 -551.239649274303 1011.20927085938
		endloop
	endfacet
	facet normal 0.708902758977521 0 0.705306230168186
		outer loop
			vertex 1664.67082769326 -415.174643617798 1021.59186905046
			vertex 1674.51865484003 -551.239649274303 1011.20927085938
			vertex 1684.16571215256 -414.124943552301 999.997584460161
		endloop
	endfacet
	facet normal 0.77388570717519 0 0.63332528153387
		outer loop
			vertex 1684.16571215256 -414.124943552301 999.997584460161
			vertex 1674.51865484003 -551.239649274303 1011.20927085938
			vertex 1686.23372001179 -537.476489976188 997.442162838139
		endloop
	endfacet
	facet normal 0.77388570717519 0 0.63332528153387
		outer loop
			vertex 1684.16571215256 -414.124943552301 999.997584460161
			vertex 1686.23372001179 -537.476489976188 997.442162838139
			vertex 1696.89624631646 -523.317611571521 983.278791008182
		endloop
	endfacet
	facet normal 0.77388570717519 0 0.63332528153387
		outer loop
			vertex 1684.16571215256 -414.124943552301 999.997584460161
			vertex 1696.89624631646 -523.317611571521 983.278791008182
			vertex 1701.47730084678 -411.09022311252 976.616554886376
		endloop
	endfacet
	facet normal 0.831591002822602 0 0.555388516287922
		outer loop
			vertex 1701.47730084678 -411.09022311252 976.616554886376
			vertex 1696.89624631646 -523.317611571521 983.278791008182
			vertex 1706.49974472952 -508.883175293781 968.839163724216
		endloop
	endfacet
	facet normal 0.831591002822602 0 0.555388516287922
		outer loop
			vertex 1701.47730084678 -411.09022311252 976.616554886376
			vertex 1706.49974472952 -508.883175293781 968.839163724216
			vertex 1716.44279489433 -406.099020932447 951.668656478678
		endloop
	endfacet
	facet normal 0.88147598298111 0 0.472228854928928
		outer loop
			vertex 1716.44279489433 -406.099020932447 951.668656478678
			vertex 1706.49974472952 -508.883175293781 968.839163724216
			vertex 1715.04569365694 -494.295232603603 954.245146842779
		endloop
	endfacet
	facet normal 0.88147598298111 0 0.472228854928928
		outer loop
			vertex 1716.44279489433 -406.099020932447 951.668656478678
			vertex 1715.04569365694 -494.295232603603 954.245146842779
			vertex 1722.55092414419 -479.680618757545 939.623290518041
		endloop
	endfacet
	facet normal 0.88147598298111 0 0.472228854928928
		outer loop
			vertex 1716.44279489433 -406.099020932447 951.668656478678
			vertex 1722.55092414419 -479.680618757545 939.623290518041
			vertex 1728.92145818275 -399.19827447964 925.38850028465
		endloop
	endfacet
	facet normal 0.923071527275826 0 0.384628334282168
		outer loop
			vertex 1728.92145818275 -399.19827447964 925.38850028465
			vertex 1722.55092414419 -479.680618757545 939.623290518041
			vertex 1729.03968531867 -465.169132606311 925.103039107154
		endloop
	endfacet
	facet normal 0.923071527275826 0 0.384628334282168
		outer loop
			vertex 1728.92145818275 -399.19827447964 925.38850028465
			vertex 1729.03968531867 -465.169132606311 925.103039107154
			vertex 1734.55232374532 -450.894545114361 910.81757954901
		endloop
	endfacet
	facet normal 0.923071527275826 0 0.384628334282168
		outer loop
			vertex 1728.92145818275 -399.19827447964 925.38850028465
			vertex 1734.55232374532 -450.894545114361 910.81757954901
			vertex 1738.79594085679 -390.452878653379 898.023225958085
		endloop
	endfacet
	facet normal 0.955986469522636 0 0.293410753193617
		outer loop
			vertex 1738.79594085679 -390.452878653379 898.023225958085
			vertex 1734.55232374532 -450.894545114361 910.81757954901
			vertex 1743.03300356702 -422.909407606903 882.799662325858
		endloop
	endfacet
	facet normal 0.955986469522636 0 0.293410753193617
		outer loop
			vertex 1738.79594085679 -390.452878653379 898.023225958085
			vertex 1743.03300356702 -422.909407606903 882.799662325858
			vertex 1745.97338288125 -379.945075510402 869.830177647666
		endloop
	endfacet
	facet normal 0.979911276270849 0 0.199433925492221
		outer loop
			vertex 1745.97338288125 -379.945075510402 869.830177647666
			vertex 1743.03300356702 -422.909407606903 882.799662325858
			vertex 1746.07900232917 -409.438653967987 869.302785853098
		endloop
	endfacet
	facet normal 0.979911276270849 0 0.199433925492221
		outer loop
			vertex 1745.97338288125 -379.945075510402 869.830177647666
			vertex 1746.07900232917 -409.438653967987 869.302785853098
			vertex 1748.38150083368 -396.629290524642 856.454342785006
		endloop
	endfacet
	facet normal 0.979911276270849 0 0.199433925492221
		outer loop
			vertex 1745.97338288125 -379.945075510402 869.830177647666
			vertex 1748.38150083368 -396.629290524642 856.454342785006
			vertex 1750.38628730049 -367.773680857269 841.074483922165
		endloop
	endfacet
	facet normal 0.994620957668303 0 0.103581613073883
		outer loop
			vertex 1750.38628730049 -367.773680857269 841.074483922165
			vertex 1748.38150083368 -396.629290524642 856.454342785006
			vertex 1750.04328775196 -384.446693729152 844.208166071859
		endloop
	endfacet
	facet normal 0.994620957668303 0 0.103581613073883
		outer loop
			vertex 1750.38628730049 -367.773680857269 841.074483922165
			vertex 1750.04328775196 -384.446693729152 844.208166071859
			vertex 1751.14278730214 -373.022365280581 832.66258601984
		endloop
	endfacet
	facet normal 0.997142624340467 0 0.0755419533994679
		outer loop
			vertex 1751.14278730214 -373.022365280581 832.66258601984
			vertex 1751.50598623778 -367.681082058057 827.209422062854
			vertex 1750.38628730049 -367.773680857269 841.074483922165
		endloop
	endfacet
	facet normal 0.994620957668303 0 0.103581613073883
		outer loop
			vertex 1750.38628730049 -367.773680857269 841.074483922165
			vertex 1751.50598623778 -367.681082058057 827.209422062854
			vertex 1751.76321618432 -362.5890751078 821.91697204961
		endloop
	endfacet
	facet normal 0.994620957668303 0 0.103581613073883
		outer loop
			vertex 1750.38628730049 -367.773680857269 841.074483922165
			vertex 1751.76321618432 -362.5890751078 821.91697204961
			vertex 1751.85502838178 -360.170427143622 819.325339359099
		endloop
	endfacet
	facet normal 0.999516761272598 0 0.0310844645303317
		outer loop
			vertex 1751.85502838178 -360.170427143622 819.325339359099
			vertex 1751.9251712075 -357.833975010669 816.700125084579
			vertex 1750.38628730049 -367.773680857269 841.074483922165
		endloop
	endfacet
	facet normal 0.994620957668303 0 0.103581613073883
		outer loop
			vertex 1750.38628730049 -367.773680857269 841.074483922165
			vertex 1751.9251712075 -357.833975010669 816.700125084579
			vertex 1751.95240359002 -356.71092879187 815.34374218783
		endloop
	endfacet
	facet normal 0.994620957668303 0 0.103581613073883
		outer loop
			vertex 1750.38628730049 -367.773680857269 841.074483922165
			vertex 1751.95240359002 -356.71092879187 815.34374218783
			vertex 1751.99315498252 -354.053154982518 812.026564490636
		endloop
	endfacet
	facet normal 0.999977183275061 0 0.00675521496878588
		outer loop
			vertex 1751.99315498252 -354.053154982518 812.026564490636
			vertex 1751.95240359002 -356.71092879187 815.34374218783
			vertex 1751.9746604327 -355.628970237261 813.89911506455
		endloop
	endfacet
	facet normal 0.999977183275061 0 0.00675521496878588
		outer loop
			vertex 1751.99315498252 -354.053154982518 812.026564490636
			vertex 1751.9746604327 -355.628970237261 813.89911506455
			vertex 1751.98385799014 -355.11543335249 813.112064483965
		endloop
	endfacet
	facet normal 0.999946193300462 0 0.0103735482798828
		outer loop
			vertex 1751.98385799014 -355.11543335249 813.112064483965
			vertex 1751.99159185493 -354.639822668212 812.246066864656
			vertex 1751.99315498252 -354.053154982518 812.026564490636
		endloop
	endfacet
	facet normal 0.999977183275061 0 0.00675521496878588
		outer loop
			vertex 1751.99315498252 -354.053154982518 812.026564490636
			vertex 1751.99159185493 -354.639822668212 812.246066864656
			vertex 1751.99742317666 -354.246121262429 811.243417615301
		endloop
	endfacet
	facet normal 0.999977183275061 0 0.00675521496878588
		outer loop
			vertex 1751.99315498252 -354.053154982518 812.026564490636
			vertex 1751.99742317666 -354.246121262429 811.243417615301
			vertex 1751.99828874075 -354.058288740749 811.013288025313
		endloop
	endfacet
	facet normal 0.999994295802496 0 0.00337762675104288
		outer loop
			vertex 1751.99828874075 -354.058288740749 811.013288025313
			vertex 1751.99742317666 -354.246121262429 811.243417615301
			vertex 1751.99927233713 -354.113411918786 810.660755025792
		endloop
	endfacet
	facet normal 0.999994295802496 0 0.00337762675104288
		outer loop
			vertex 1751.99828874075 -354.058288740749 811.013288025313
			vertex 1751.99927233713 -354.113411918786 810.660755025792
			vertex 1752 -354.06 810
		endloop
	endfacet
	facet normal -0.408248290463863 0.816496580927726 0.408248290463863
		outer loop
			vertex 1057.55 -50 514.415567531637
			vertex 752.160282185174 -355.389717814826 819.805285346463
			vertex 1249.52392098824 -50 706.389488519877
		endloop
	endfacet
	facet normal -0.408248290463863 0.816496580927726 0.408248290463863
		outer loop
			vertex 1249.52392098824 -50 706.389488519877
			vertex 752.160282185174 -355.389717814826 819.805285346463
			vertex 754.418756928763 -368.367070869647 848.018466199695
		endloop
	endfacet
	facet normal -0.408248290463863 0.816496580927726 0.408248290463863
		outer loop
			vertex 1249.52392098824 -50 706.389488519877
			vertex 754.418756928763 -368.367070869647 848.018466199695
			vertex 759.325983410682 -379.850848079197 875.893247100713
		endloop
	endfacet
	facet normal -0.408248290463863 0.816496580927726 0.408248290463863
		outer loop
			vertex 759.325983410682 -379.850848079197 875.893247100713
			vertex 766.838282719787 -389.738833072131 903.181516395687
			vertex 1249.52392098824 -50 706.389488519877
		endloop
	endfacet
	facet normal -0.408248290463863 0.816496580927726 0.408248290463863
		outer loop
			vertex 1249.52392098824 -50 706.389488519877
			vertex 766.838282719787 -389.738833072131 903.181516395687
			vertex 776.888788357206 -397.943013522243 929.64038293333
		endloop
	endfacet
	facet normal -0.408248290463863 0.816496580927726 0.408248290463863
		outer loop
			vertex 1249.52392098824 -50 706.389488519877
			vertex 776.888788357206 -397.943013522243 929.64038293333
			vertex 789.388041410801 -404.390364540582 955.034338023602
		endloop
	endfacet
	facet normal -0.408248290463863 0.816496580927726 0.408248290463863
		outer loop
			vertex 789.388041410801 -404.390364540582 955.034338023602
			vertex 804.224786823257 -409.023498665355 979.137351685603
			vertex 1249.52392098824 -50 706.389488519877
		endloop
	endfacet
	facet normal -0.408248290463863 0.816496580927726 0.408248290463863
		outer loop
			vertex 1249.52392098824 -50 706.389488519877
			vertex 804.224786823257 -409.023498665355 979.137351685603
			vertex 821.266963666281 -411.801176664072 1001.73488452606
		endloop
	endfacet
	facet normal -0.408248290463863 0.816496580927726 0.408248290463863
		outer loop
			vertex 1249.52392098824 -50 706.389488519877
			vertex 821.266963666281 -411.801176664072 1001.73488452606
			vertex 840.362880606536 -412.698674601344 1022.62579734086
		endloop
	endfacet
	facet normal -0.408248290463863 0.816496580927726 0.408248290463863
		outer loop
			vertex 840.362880606536 -412.698674601344 1022.62579734086
			vertex 861.342566100559 -411.708003905049 1041.62414144229
			vertex 1249.52392098824 -50 706.389488519877
		endloop
	endfacet
	facet normal -0.408248290463863 0.816496580927726 0.408248290463863
		outer loop
			vertex 1249.52392098824 -50 706.389488519877
			vertex 861.342566100559 -411.708003905049 1041.62414144229
			vertex 884.01928130067 -408.837982472117 1058.56081377654
		endloop
	endfacet
	facet normal -0.408248290463863 0.816496580927726 0.408248290463863
		outer loop
			vertex 1249.52392098824 -50 706.389488519877
			vertex 884.01928130067 -408.837982472117 1058.56081377654
			vertex 908.191182205595 -404.11415618098 1073.28506209919
		endloop
	endfacet
	facet normal -0.408248290463863 0.816496580927726 0.408248290463863
		outer loop
			vertex 1249.52392098824 -50 706.389488519877
			vertex 908.191182205595 -404.11415618098 1073.28506209919
			vertex 1249.52392098824 -148.780511480123 903.950511480123
		endloop
	endfacet
	facet normal -0.408248290463863 0.816496580927726 0.408248290463863
		outer loop
			vertex 1249.52392098824 -148.780511480123 903.950511480123
			vertex 908.191182205595 -404.11415618098 1073.28506209919
			vertex 933.643116261094 -397.578571509337 1085.6658268114
		endloop
	endfacet
	facet normal -0.408248290463863 0.816496580927726 0.408248290463863
		outer loop
			vertex 1249.52392098824 -148.780511480123 903.950511480123
			vertex 933.643116261094 -397.578571509337 1085.6658268114
			vertex 960.148537419178 -389.289401281123 1095.59290751306
		endloop
	endfacet
	facet normal -0.408248290463863 0.816496580927726 0.408248290463863
		outer loop
			vertex 960.148537419178 -389.289401281123 1095.59290751306
			vertex 987.471522610089 -379.320426873905 1102.97794388954
			vertex 1249.52392098824 -148.780511480123 903.950511480123
		endloop
	endfacet
	facet normal -0.408248290463863 0.816496580927726 0.408248290463863
		outer loop
			vertex 1249.52392098824 -148.780511480123 903.950511480123
			vertex 987.471522610089 -379.320426873905 1102.97794388954
			vertex 1015.36887167856 -367.760381495521 1107.75520220123
		endloop
	endfacet
	facet normal -0.408248290463863 0.816496580927726 0.408248290463863
		outer loop
			vertex 1249.52392098824 -148.780511480123 903.950511480123
			vertex 1015.36887167856 -367.760381495521 1107.75520220123
			vertex 1043.59227209292 -354.712160375439 1109.88216037544
		endloop
	endfacet
	facet normal 0.408248290463863 0.816496580927726 0.408248290463863
		outer loop
			vertex 1541.48080132921 -390.9559577086 1096.34452359611
			vertex 1568.79549766337 -399.606535179389 1086.33098220353
			vertex 1249.52392098824 -148.780511480123 903.950511480123
		endloop
	endfacet
	facet normal 0.408248290463863 0.816496580927726 0.408248290463863
		outer loop
			vertex 1249.52392098824 -148.780511480123 903.950511480123
			vertex 1568.79549766337 -399.606535179389 1086.33098220353
			vertex 1595.01184440462 -406.408623976558 1073.71881305661
		endloop
	endfacet
	facet normal 0.408248290463863 0.816496580927726 0.408248290463863
		outer loop
			vertex 1249.52392098824 -148.780511480123 903.950511480123
			vertex 1595.01184440462 -406.408623976558 1073.71881305661
			vertex 1249.52392098824 -50 706.389488519877
		endloop
	endfacet
	facet normal 0.408248290463863 0.816496580927726 0.408248290463863
		outer loop
			vertex 1249.52392098824 -50 706.389488519877
			vertex 1595.01184440462 -406.408623976558 1073.71881305661
			vertex 1619.88330196586 -411.298256981421 1058.6266215051
		endloop
	endfacet
	facet normal 0.408248290463863 0.816496580927726 0.408248290463863
		outer loop
			vertex 1249.52392098824 -50 706.389488519877
			vertex 1619.88330196586 -411.298256981421 1058.6266215051
			vertex 1643.17597815232 -414.229451887059 1041.19633512991
		endloop
	endfacet
	facet normal 0.408248290463863 0.816496580927726 0.408248290463863
		outer loop
			vertex 1455.55237647312 -354.808966965008 1109.97896696501
			vertex 1484.59174724915 -368.451356510603 1108.22437528017
			vertex 1249.52392098824 -148.780511480123 903.950511480123
		endloop
	endfacet
	facet normal 0.408248290463863 0.816496580927726 0.408248290463863
		outer loop
			vertex 1249.52392098824 -148.780511480123 903.950511480123
			vertex 1484.59174724915 -368.451356510603 1108.22437528017
			vertex 1513.32462391334 -380.538241945274 1103.66526948532
		endloop
	endfacet
	facet normal 0.408248290463863 0.816496580927726 0.408248290463863
		outer loop
			vertex 1249.52392098824 -148.780511480123 903.950511480123
			vertex 1513.32462391334 -380.538241945274 1103.66526948532
			vertex 1541.48080132921 -390.9559577086 1096.34452359611
		endloop
	endfacet
	facet normal 0.408248290463863 0.816496580927726 0.408248290463863
		outer loop
			vertex 1643.17597815232 -414.229451887059 1041.19633512991
			vertex 1664.67082769326 -415.174643617798 1021.59186905046
			vertex 1249.52392098824 -50 706.389488519877
		endloop
	endfacet
	facet normal 0.408248290463863 0.816496580927726 0.408248290463863
		outer loop
			vertex 1249.52392098824 -50 706.389488519877
			vertex 1664.67082769326 -415.174643617798 1021.59186905046
			vertex 1684.16571215256 -414.124943552301 999.997584460161
		endloop
	endfacet
	facet normal 0.408248290463863 0.816496580927726 0.408248290463863
		outer loop
			vertex 1249.52392098824 -50 706.389488519877
			vertex 1684.16571215256 -414.124943552301 999.997584460161
			vertex 1701.47730084678 -411.09022311252 976.616554886376
		endloop
	endfacet
	facet normal 0.408248290463863 0.816496580927726 0.408248290463863
		outer loop
			vertex 1701.47730084678 -411.09022311252 976.616554886376
			vertex 1716.44279489433 -406.099020932447 951.668656478678
			vertex 1249.52392098824 -50 706.389488519877
		endloop
	endfacet
	facet normal 0.408248290463863 0.816496580927726 0.408248290463863
		outer loop
			vertex 1249.52392098824 -50 706.389488519877
			vertex 1716.44279489433 -406.099020932447 951.668656478678
			vertex 1728.92145818275 -399.19827447964 925.38850028465
		endloop
	endfacet
	facet normal 0.408248290463863 0.816496580927726 0.408248290463863
		outer loop
			vertex 1249.52392098824 -50 706.389488519877
			vertex 1728.92145818275 -399.19827447964 925.38850028465
			vertex 1738.79594085679 -390.452878653379 898.023225958085
		endloop
	endfacet
	facet normal 0.408248290463863 0.816496580927726 0.408248290463863
		outer loop
			vertex 1738.79594085679 -390.452878653379 898.023225958085
			vertex 1745.97338288125 -379.945075510402 869.830177647666
			vertex 1249.52392098824 -50 706.389488519877
		endloop
	endfacet
	facet normal 0.408248290463863 0.816496580927726 0.408248290463863
		outer loop
			vertex 1249.52392098824 -50 706.389488519877
			vertex 1745.97338288125 -379.945075510402 869.830177647666
			vertex 1750.38628730049 -367.773680857269 841.074483922165
		endloop
	endfacet
	facet normal 0.408248290463863 0.816496580927726 0.408248290463863
		outer loop
			vertex 1249.52392098824 -50 706.389488519877
			vertex 1750.38628730049 -367.773680857269 841.074483922165
			vertex 1751.99315498252 -354.053154982518 812.026564490636
		endloop
	endfacet
	facet normal 0.408248290463863 0.816496580927726 0.408248290463863
		outer loop
			vertex 1751.99315498252 -354.053154982518 812.026564490636
			vertex 1447.94 -50 507.973409508117
			vertex 1249.52392098824 -50 706.389488519877
		endloop
	endfacet
	facet normal 0 0.707106781186547 0.707106781186547
		outer loop
			vertex 1043.59227209292 -354.712160375439 1109.88216037544
			vertex 1052 -354.83 1110
			vertex 1249.52392098824 -148.780511480123 903.950511480123
		endloop
	endfacet
	facet normal 0 0.707106781186547 0.707106781186547
		outer loop
			vertex 1249.52392098824 -148.780511480123 903.950511480123
			vertex 1052 -354.83 1110
			vertex 1452 -354.83 1110
		endloop
	endfacet
	facet normal 0 0.707106781186547 0.707106781186547
		outer loop
			vertex 1249.52392098824 -148.780511480123 903.950511480123
			vertex 1452 -354.83 1110
			vertex 1455.55237647312 -354.808966965008 1109.97896696501
		endloop
	endfacet
	facet normal 0 0.707106781186547 0.707106781186547
		outer loop
			vertex 1455.55237647312 -354.808966965008 1109.97896696501
			vertex 1452 -354.83 1110
			vertex 1453.77621936957 -354.824741695169 1109.99474169517
		endloop
	endfacet
	facet normal 0 0.707106781186547 0.707106781186547
		outer loop
			vertex 1043.59227209292 -354.712160375439 1109.88216037544
			vertex 1047.79572316752 -354.800538647241 1109.97053864724
			vertex 1052 -354.83 1110
		endloop
	endfacet
	facet normal 0.707106781186548 0.707106781186547 0
		outer loop
			vertex 1751.99315498252 -354.053154982518 812.026564490636
			vertex 1752 -354.06 810
			vertex 1447.94 -50 507.973409508117
		endloop
	endfacet
	facet normal 0.707106781186548 0.707106781186547 0
		outer loop
			vertex 1447.94 -50 507.973409508117
			vertex 1752 -354.06 810
			vertex 1752 -354.06 200
		endloop
	endfacet
	facet normal 0.707106781186548 0.707106781186547 0
		outer loop
			vertex 1447.94 -50 507.973409508117
			vertex 1752 -354.06 200
			vertex 1447.94 -50 200
		endloop
	endfacet
	facet normal 0.707106781186548 0.707106781186547 0
		outer loop
			vertex 1751.99315498252 -354.053154982518 812.026564490636
			vertex 1751.99828874075 -354.058288740749 811.013288025313
			vertex 1752 -354.06 810
		endloop
	endfacet
	facet normal 0 -1 0
		outer loop
			vertex 1051.94865810668 -650 1090
			vertex 1051.8684797356 -649.999989285714 1090.02070196384
			vertex 1051.94865810668 -650 200
		endloop
	endfacet
	facet normal 0 -1 0
		outer loop
			vertex 1051.94865810668 -650 200
			vertex 1051.8684797356 -649.999989285714 1090.02070196384
			vertex 1025.20218447285 -648.805331525652 1096.80878155109
		endloop
	endfacet
	facet normal 0 -1 0
		outer loop
			vertex 1051.94865810668 -650 200
			vertex 1025.20218447285 -648.805331525652 1096.80878155109
			vertex 1018.75330287678 -648.157791095856 200
		endloop
	endfacet
	facet normal -0.110651184099685 -0.993859303652855 0
		outer loop
			vertex 1018.75330287678 -648.157791095856 200
			vertex 1025.20218447285 -648.805331525652 1096.80878155109
			vertex 997.520361664626 -645.0212882936 1103.20457867562
		endloop
	endfacet
	facet normal -0.110651184099685 -0.993859303652855 0
		outer loop
			vertex 1018.75330287678 -648.157791095856 200
			vertex 997.520361664626 -645.0212882936 1103.20457867562
			vertex 985.965632840077 -642.653789274402 200
		endloop
	endfacet
	facet normal -0.219943417555354 -0.975512630914675 0
		outer loop
			vertex 985.965632840077 -642.653789274402 200
			vertex 997.520361664626 -645.0212882936 1103.20457867562
			vertex 992.979380824095 -644.147283408787 1104.13698596418
		endloop
	endfacet
	facet normal -0.219943417555354 -0.975512630914675 0
		outer loop
			vertex 985.965632840077 -642.653789274402 200
			vertex 992.979380824095 -644.147283408787 1104.13698596418
			vertex 978.248260487788 -640.805841267886 1100.79282461655
		endloop
	endfacet
	facet normal -0.245668284238214 -0.969353957086601 0
		outer loop
			vertex 978.248260487788 -640.805841267886 1100.79282461655
			vertex 963.785186203525 -636.752859134798 1096.73706880495
			vertex 985.965632840077 -642.653789274402 200
		endloop
	endfacet
	facet normal -0.219943417555354 -0.975512630914675 0
		outer loop
			vertex 985.965632840077 -642.653789274402 200
			vertex 963.785186203525 -636.752859134798 1096.73706880495
			vertex 953.988326247833 -633.555591343397 200
		endloop
	endfacet
	facet normal -0.293878239677194 -0.955842863782658 0
		outer loop
			vertex 963.785186203525 -636.752859134798 1096.73706880495
			vertex 949.428135066511 -631.938541799003 1091.91986719915
			vertex 953.988326247833 -633.555591343397 200
		endloop
	endfacet
	facet normal -0.326534439529501 -0.945185304477992 0
		outer loop
			vertex 953.988326247833 -633.555591343397 200
			vertex 949.428135066511 -631.938541799003 1091.91986719915
			vertex 935.471160706078 -626.46517429741 1086.44353783877
		endloop
	endfacet
	facet normal -0.326534439529501 -0.945185304477992 0
		outer loop
			vertex 953.988326247833 -633.555591343397 200
			vertex 935.471160706078 -626.46517429741 1086.44353783877
			vertex 923.21410895961 -620.974935844443 200
		endloop
	endfacet
	facet normal -0.429115163823576 -0.903249786148143 0
		outer loop
			vertex 923.21410895961 -620.974935844443 200
			vertex 935.471160706078 -626.46517429741 1086.44353783877
			vertex 908.93600173593 -613.718372734591 1073.69052391146
		endloop
	endfacet
	facet normal -0.429115163823576 -0.903249786148143 0
		outer loop
			vertex 923.21410895961 -620.974935844443 200
			vertex 908.93600173593 -613.718372734591 1073.69052391146
			vertex 894.020931222786 -605.066330748072 200
		endloop
	endfacet
	facet normal -0.526425756279659 -0.850221102493574 0
		outer loop
			vertex 894.020931222786 -605.066330748072 200
			vertex 908.93600173593 -613.718372734591 1073.69052391146
			vertex 884.51808644313 -598.931724921545 1058.89718486019
		endloop
	endfacet
	facet normal -0.526425756279659 -0.850221102493574 0
		outer loop
			vertex 894.020931222786 -605.066330748072 200
			vertex 884.51808644313 -598.931724921545 1058.89718486019
			vertex 866.767325917138 -586.025155880693 200
		endloop
	endfacet
	facet normal -0.617271107298483 -0.78675051960231 0
		outer loop
			vertex 866.767325917138 -586.025155880693 200
			vertex 884.51808644313 -598.931724921545 1058.89718486019
			vertex 862.50292885372 -582.616241195263 1042.57441825571
		endloop
	endfacet
	facet normal -0.617271107298483 -0.78675051960231 0
		outer loop
			vertex 866.767325917138 -586.025155880693 200
			vertex 862.50292885372 -582.616241195263 1042.57441825571
			vertex 841.788005271763 -564.085263388212 200
		endloop
	endfacet
	facet normal -0.700535509449735 -0.713617544627373 0
		outer loop
			vertex 841.788005271763 -564.085263388212 200
			vertex 862.50292885372 -582.616241195263 1042.57441825571
			vertex 843.08450051067 -565.350327772464 1025.30052037356
		endloop
	endfacet
	facet normal -0.700535509449735 -0.713617544627373 0
		outer loop
			vertex 841.788005271763 -564.085263388212 200
			vertex 843.08450051067 -565.350327772464 1025.30052037356
			vertex 830.277443890183 -552.142537260933 1012.08622278042
		endloop
	endfacet
	facet normal -0.700535509449735 -0.713617544627373 0
		outer loop
			vertex 841.788005271763 -564.085263388212 200
			vertex 830.277443890183 -552.142537260933 1012.08622278042
			vertex 819.389750132741 -539.516105705999 200
		endloop
	endfacet
	facet normal -0.77519635991314 -0.631720352353331 0
		outer loop
			vertex 819.389750132741 -539.516105705999 200
			vertex 830.277443890183 -552.142537260933 1012.08622278042
			vertex 818.502178980186 -538.421711550028 998.358083391712
		endloop
	endfacet
	facet normal -0.77519635991314 -0.631720352353331 0
		outer loop
			vertex 819.389750132741 -539.516105705999 200
			vertex 818.502178980186 -538.421711550028 998.358083391712
			vertex 807.778967503046 -524.301120035785 984.229179009887
		endloop
	endfacet
	facet normal -0.77519635991314 -0.631720352353331 0
		outer loop
			vertex 819.389750132741 -539.516105705999 200
			vertex 807.778967503046 -524.301120035785 984.229179009887
			vertex 799.847642267103 -512.619426307719 200
		endloop
	endfacet
	facet normal -0.840336719465268 -0.542064754359063 0
		outer loop
			vertex 799.847642267103 -512.619426307719 200
			vertex 807.778967503046 -524.301120035785 984.229179009887
			vertex 798.113944291799 -509.899775054612 969.818242753861
		endloop
	endfacet
	facet normal -0.840336719465268 -0.542064754359063 0
		outer loop
			vertex 799.847642267103 -512.619426307719 200
			vertex 798.113944291799 -509.899775054612 969.818242753861
			vertex 789.505505702202 -495.338556438891 955.245815839736
		endloop
	endfacet
	facet normal -0.840336719465268 -0.542064754359063 0
		outer loop
			vertex 799.847642267103 -512.619426307719 200
			vertex 789.505505702202 -495.338556438891 955.245815839736
			vertex 783.40168597562 -483.725553875233 200
		endloop
	endfacet
	facet normal -0.895156573770211 -0.445751846250778 0
		outer loop
			vertex 783.40168597562 -483.725553875233 200
			vertex 789.505505702202 -495.338556438891 955.245815839736
			vertex 781.937095922546 -480.743092692814 940.637007931336
		endloop
	endfacet
	facet normal -0.895156573770211 -0.445751846250778 0
		outer loop
			vertex 783.40168597562 -483.725553875233 200
			vertex 781.937095922546 -480.743092692814 940.637007931336
			vertex 775.384911846202 -466.241957627582 926.119748459331
		endloop
	endfacet
	facet normal -0.895156573770211 -0.445751846250778 0
		outer loop
			vertex 783.40168597562 -483.725553875233 200
			vertex 775.384911846202 -466.241957627582 926.119748459331
			vertex 770.253860505741 -453.189345402344 200
		endloop
	endfacet
	facet normal -0.938982658669806 -0.343964484674482 0
		outer loop
			vertex 770.253860505741 -453.189345402344 200
			vertex 775.384911846202 -466.241957627582 926.119748459331
			vertex 769.809370183592 -451.96775083452 911.825578534171
		endloop
	endfacet
	facet normal -0.938982658669806 -0.343964484674482 0
		outer loop
			vertex 770.253860505741 -453.189345402344 200
			vertex 769.809370183592 -451.96775083452 911.825578534171
			vertex 761.220542179159 -424.007855050878 883.80587313634
		endloop
	endfacet
	facet normal -0.938982658669806 -0.343964484674482 0
		outer loop
			vertex 770.253860505741 -453.189345402344 200
			vertex 761.220542179159 -424.007855050878 883.80587313634
			vertex 760.565639465139 -421.385828056703 200
		endloop
	endfacet
	facet normal -0.971276728805149 -0.237952760189009 0
		outer loop
			vertex 760.565639465139 -421.385828056703 200
			vertex 761.220542179159 -424.007855050878 883.80587313634
			vertex 758.12482410196 -410.554637689933 870.30533692633
		endloop
	endfacet
	facet normal -0.971276728805149 -0.237952760189009 0
		outer loop
			vertex 760.565639465139 -421.385828056703 200
			vertex 758.12482410196 -410.554637689933 870.30533692633
			vertex 754.45600770092 -388.705593323889 200
		endloop
	endfacet
	facet normal -0.991642168019211 -0.129018644412965 0
		outer loop
			vertex 754.45600770092 -388.705593323889 200
			vertex 758.12482410196 -410.554637689933 870.30533692633
			vertex 755.772782758982 -397.747783844142 857.428216977369
		endloop
	endfacet
	facet normal -0.991642168019211 -0.129018644412965 0
		outer loop
			vertex 754.45600770092 -388.705593323889 200
			vertex 755.772782758982 -397.747783844142 857.428216977369
			vertex 754.067090833241 -385.588929159467 845.156530480575
		endloop
	endfacet
	facet normal -0.992938557578142 -0.118629763864891 0
		outer loop
			vertex 754.067090833241 -385.588929159467 845.156530480575
			vertex 752.925703971258 -374.192414102849 833.549213466968
			vertex 754.45600770092 -388.705593323889 200
		endloop
	endfacet
	facet normal -0.991642168019211 -0.129018644412965 0
		outer loop
			vertex 754.45600770092 -388.705593323889 200
			vertex 752.925703971258 -374.192414102849 833.549213466968
			vertex 752 -355.55 200
		endloop
	endfacet
	facet normal -0.996743180451416 -0.0806413803428298 0
		outer loop
			vertex 752.925703971258 -374.192414102849 833.549213466968
			vertex 752.54285955659 -368.872408287785 828.039430075689
			vertex 752 -355.55 200
		endloop
	endfacet
	facet normal -0.999828860355611 -0.0185000000000004 0
		outer loop
			vertex 752 -355.55 200
			vertex 752.54285955659 -368.872408287785 828.039430075689
			vertex 752.266604292862 -363.808208498215 822.644820989972
		endloop
	endfacet
	facet normal -0.999828860355611 -0.0185000000000004 0
		outer loop
			vertex 752 -355.55 200
			vertex 752.266604292862 -363.808208498215 822.644820989972
			vertex 752.165571051895 -361.406170080311 819.965702050708
		endloop
	endfacet
	facet normal -0.999276956849296 -0.0380205669343688 0
		outer loop
			vertex 752.165571051895 -361.406170080311 819.965702050708
			vertex 752.086617499345 -359.097065614964 817.208536399006
			vertex 752 -355.55 200
		endloop
	endfacet
	facet normal -0.999828860355611 -0.0185000000000004 0
		outer loop
			vertex 752 -355.55 200
			vertex 752.086617499345 -359.097065614964 817.208536399006
			vertex 752.055195196528 -357.994429545343 815.754482722814
		endloop
	endfacet
	facet normal -0.999828860355611 -0.0185000000000004 0
		outer loop
			vertex 752 -355.55 200
			vertex 752.055195196528 -357.994429545343 815.754482722814
			vertex 752.02916236186 -356.949537550854 814.182889751407
		endloop
	endfacet
	facet normal -0.999731652482745 -0.0231651251695147 0
		outer loop
			vertex 752.02916236186 -356.949537550854 814.182889751407
			vertex 752.018349848775 -356.466079825973 813.318067592415
			vertex 752 -355.55 200
		endloop
	endfacet
	facet normal -0.999828860355611 -0.0185000000000004 0
		outer loop
			vertex 752 -355.55 200
			vertex 752.018349848775 -356.466079825973 813.318067592415
			vertex 752 -355.55 810
		endloop
	endfacet
	facet normal -0.999767694193029 -0.0215535994199097 0
		outer loop
			vertex 752.018349848775 -356.466079825973 813.318067592415
			vertex 752.009338704278 -356.033628794273 812.367094285412
			vertex 752 -355.55 810
		endloop
	endfacet
	facet normal -0.999828860355611 -0.0185000000000004 0
		outer loop
			vertex 752 -355.55 810
			vertex 752.009338704278 -356.033628794273 812.367094285412
			vertex 752.002747073416 -355.696530033561 811.283836634149
		endloop
	endfacet
	facet normal -0.999828860355611 -0.0185000000000004 0
		outer loop
			vertex 752 -355.55 810
			vertex 752.002747073416 -355.696530033561 811.283836634149
			vertex 752.000747631595 -355.590308524948 810.6722640222
		endloop
	endfacet
	facet normal 0 -1 0
		outer loop
			vertex 1452.02747392469 -650 1090
			vertex 1051.94865810668 -650 1090
			vertex 1452.02747392469 -650 200
		endloop
	endfacet
	facet normal 0 -1 0
		outer loop
			vertex 1452.02747392469 -650 200
			vertex 1051.94865810668 -650 1090
			vertex 1051.94865810668 -650 200
		endloop
	endfacet
	facet normal 0.197937605985255 -0.980214621466557 0
		outer loop
			vertex 1511.40875572027 -644.064386439967 1104.0588372142
			vertex 1511.00868600292 -644.144890524692 1104.13938018601
			vertex 1518.21815424503 -642.606893013017 200
		endloop
	endfacet
	facet normal 0.220635601067777 -0.975356310043392 0
		outer loop
			vertex 1518.21815424503 -642.606893013017 200
			vertex 1511.00868600292 -644.144890524692 1104.13938018601
			vertex 1506.45577036702 -645.02128829355 1103.20457867567
		endloop
	endfacet
	facet normal 0.220635601067777 -0.975356310043392 0
		outer loop
			vertex 1518.21815424503 -642.606893013017 200
			vertex 1506.45577036702 -645.02128829355 1103.20457867567
			vertex 1485.32861576769 -648.145994358389 200
		endloop
	endfacet
	facet normal 0.111003806143322 -0.993819981194631 0
		outer loop
			vertex 1485.32861576769 -648.145994358389 200
			vertex 1506.45577036702 -645.02128829355 1103.20457867567
			vertex 1478.77394755868 -648.805331525639 1096.80878155112
		endloop
	endfacet
	facet normal 0.111003806143322 -0.993819981194631 0
		outer loop
			vertex 1485.32861576769 -648.145994358389 200
			vertex 1478.77394755868 -648.805331525639 1096.80878155112
			vertex 1452.02747392469 -650 200
		endloop
	endfacet
	facet normal 0 -1 0
		outer loop
			vertex 1452.02747392469 -650 200
			vertex 1478.77394755868 -648.805331525639 1096.80878155112
			vertex 1452.1076522956 -649.999989285714 1090.02070196384
		endloop
	endfacet
	facet normal 0 -1 0
		outer loop
			vertex 1452.02747392469 -650 200
			vertex 1452.1076522956 -649.999989285714 1090.02070196384
			vertex 1452.02747392469 -650 1090
		endloop
	endfacet
	facet normal 0.197937605985255 -0.980214621466557 0
		outer loop
			vertex 1511.40875572027 -644.064386439967 1104.0588372142
			vertex 1518.21815424503 -642.606893013017 200
			vertex 1526.40514077111 -640.633358665194 1100.62632627496
		endloop
	endfacet
	facet normal 0.247925850230048 -0.968779011326994 0
		outer loop
			vertex 1526.40514077111 -640.633358665194 1100.62632627496
			vertex 1518.21815424503 -642.606893013017 200
			vertex 1550.28957342412 -633.451159464843 200
		endloop
	endfacet
	facet normal 0.247925850230048 -0.968779011326994 0
		outer loop
			vertex 1526.40514077111 -640.633358665194 1100.62632627496
			vertex 1550.28957342412 -633.451159464843 200
			vertex 1541.12082431304 -636.4653118906 1096.45676580204
		endloop
	endfacet
	facet normal 0.296977834627835 -0.954884372968666 0
		outer loop
			vertex 1541.12082431304 -636.4653118906 1096.45676580204
			vertex 1550.28957342412 -633.451159464843 200
			vertex 1555.49081830394 -631.593920225439 1091.58382422619
		endloop
	endfacet
	facet normal 0.344878198680746 -0.938647446102488 0
		outer loop
			vertex 1555.49081830394 -631.593920225439 1091.58382422619
			vertex 1550.28957342412 -633.451159464843 200
			vertex 1569.4561385584 -626.062508722843 1086.0508205294
		endloop
	endfacet
	facet normal 0.391428882112348 -0.920208362409448 0
		outer loop
			vertex 1569.4561385584 -626.062508722843 1086.0508205294
			vertex 1550.28957342412 -633.451159464843 200
			vertex 1581.1464693577 -620.791958924876 200
		endloop
	endfacet
	facet normal 0.391428882112348 -0.920208362409448 0
		outer loop
			vertex 1569.4561385584 -626.062508722843 1086.0508205294
			vertex 1581.1464693577 -620.791958924876 200
			vertex 1595.99496741038 -613.198329818883 1073.18329992704
		endloop
	endfacet
	facet normal 0.479891644952276 -0.877327766062946 0
		outer loop
			vertex 1595.99496741038 -613.198329818883 1073.18329992704
			vertex 1581.1464693577 -620.791958924876 200
			vertex 1610.40744965146 -604.785759587912 200
		endloop
	endfacet
	facet normal 0.479891644952276 -0.877327766062946 0
		outer loop
			vertex 1595.99496741038 -613.198329818883 1073.18329992704
			vertex 1610.40744965146 -604.785759587912 200
			vertex 1620.40077655997 -598.295048198086 1058.27641542039
		endloop
	endfacet
	facet normal 0.561244342117585 -0.827650160660287 0
		outer loop
			vertex 1620.40077655997 -598.295048198086 1058.27641542039
			vertex 1610.40744965146 -604.785759587912 200
			vertex 1637.71084748845 -585.630398679761 200
		endloop
	endfacet
	facet normal 0.561244342117585 -0.827650160660287 0
		outer loop
			vertex 1620.40077655997 -598.295048198086 1058.27641542039
			vertex 1637.71084748845 -585.630398679761 200
			vertex 1642.3903239468 -581.866309177206 1041.84375028763
		endloop
	endfacet
	facet normal 0.634542833407034 -0.772887697257353 0
		outer loop
			vertex 1642.3903239468 -581.866309177206 1041.84375028763
			vertex 1637.71084748845 -585.630398679761 200
			vertex 1662.7191918445 -563.562637181694 200
		endloop
	endfacet
	facet normal 0.634542833407034 -0.772887697257353 0
		outer loop
			vertex 1642.3903239468 -581.866309177206 1041.84375028763
			vertex 1662.7191918445 -563.562637181694 200
			vertex 1661.77216709557 -564.492805675748 1024.46593648416
		endloop
	endfacet
	facet normal 0.699148977236261 -0.71497601891916 0
		outer loop
			vertex 1661.77216709557 -564.492805675748 1024.46593648416
			vertex 1662.7191918445 -563.562637181694 200
			vertex 1674.51865484003 -551.239649274303 1011.20927085938
		endloop
	endfacet
	facet normal 0.702305726399361 -0.711875457272314 0
		outer loop
			vertex 1662.7191918445 -563.562637181694 200
			vertex 1685.1233786428 -538.855233455813 200
			vertex 1674.51865484003 -551.239649274303 1011.20927085938
		endloop
	endfacet
	facet normal 0.741638415034399 -0.670799866834561 0
		outer loop
			vertex 1674.51865484003 -551.239649274303 1011.20927085938
			vertex 1685.1233786428 -538.855233455813 200
			vertex 1686.23372001179 -537.476489976188 997.442162838139
		endloop
	endfacet
	facet normal 0.780687486956978 -0.624921633253961 0
		outer loop
			vertex 1686.23372001179 -537.476489976188 997.442162838139
			vertex 1685.1233786428 -538.855233455813 200
			vertex 1696.89624631646 -523.317611571521 983.278791008182
		endloop
	endfacet
	facet normal 0.816230555558278 -0.577726302130192 0
		outer loop
			vertex 1696.89624631646 -523.317611571521 983.278791008182
			vertex 1685.1233786428 -538.855233455813 200
			vertex 1704.64649129186 -511.813571941434 200
		endloop
	endfacet
	facet normal 0.816230555558278 -0.577726302130192 0
		outer loop
			vertex 1696.89624631646 -523.317611571521 983.278791008182
			vertex 1704.64649129186 -511.813571941434 200
			vertex 1706.49974472952 -508.883175293781 968.839163724216
		endloop
	endfacet
	facet normal 0.848240902682758 -0.529610584312606 0
		outer loop
			vertex 1706.49974472952 -508.883175293781 968.839163724216
			vertex 1704.64649129186 -511.813571941434 200
			vertex 1715.04569365694 -494.295232603603 954.245146842779
		endloop
	endfacet
	facet normal 0.8420633912239 -0.539378573138112 0
		outer loop
			vertex 1704.64649129186 -511.813571941434 200
			vertex 1721.04722338509 -482.77188859193 200
			vertex 1715.04569365694 -494.295232603603 954.245146842779
		endloop
	endfacet
	facet normal 0.876728869756871 -0.480984915496151 0
		outer loop
			vertex 1715.04569365694 -494.295232603603 954.245146842779
			vertex 1721.04722338509 -482.77188859193 200
			vertex 1722.55092414419 -479.680618757545 939.623290518041
		endloop
	endfacet
	facet normal 0.901744834064988 -0.432268729191816 0
		outer loop
			vertex 1722.55092414419 -479.680618757545 939.623290518041
			vertex 1721.04722338509 -482.77188859193 200
			vertex 1729.03968531867 -465.169132606311 925.103039107154
		endloop
	endfacet
	facet normal 0.923375605838808 -0.383897760532429 0
		outer loop
			vertex 1729.03968531867 -465.169132606311 925.103039107154
			vertex 1721.04722338509 -482.77188859193 200
			vertex 1734.12286125695 -452.089139705781 200
		endloop
	endfacet
	facet normal 0.923375605838808 -0.383897760532429 0
		outer loop
			vertex 1729.03968531867 -465.169132606311 925.103039107154
			vertex 1734.12286125695 -452.089139705781 200
			vertex 1734.55232374532 -450.894545114361 910.81757954901
		endloop
	endfacet
	facet normal 0.94174949940208 -0.336315150381204 0
		outer loop
			vertex 1734.55232374532 -450.894545114361 910.81757954901
			vertex 1734.12286125695 -452.089139705781 200
			vertex 1743.03300356702 -422.909407606903 882.799662325858
		endloop
	endfacet
	facet normal 0.940317957774175 -0.340297132352604 0
		outer loop
			vertex 1734.12286125695 -452.089139705781 200
			vertex 1743.71178953156 -420.144565213221 200
			vertex 1743.03300356702 -422.909407606903 882.799662325858
		endloop
	endfacet
	facet normal 0.970018432141085 -0.243031358689677 0
		outer loop
			vertex 1743.03300356702 -422.909407606903 882.799662325858
			vertex 1743.71178953156 -420.144565213221 200
			vertex 1746.07900232917 -409.438653967987 869.302785853098
		endloop
	endfacet
	facet normal 0.9722810520229 -0.233815217377402 0
		outer loop
			vertex 1743.71178953156 -420.144565213221 200
			vertex 1749.69548869482 -387.333001256436 200
			vertex 1746.07900232917 -409.438653967987 869.302785853098
		endloop
	endfacet
	facet normal 0.980175818508379 -0.198129666661582 0
		outer loop
			vertex 1746.07900232917 -409.438653967987 869.302785853098
			vertex 1749.69548869482 -387.333001256436 200
			vertex 1748.38150083368 -396.629290524642 856.454342785006
		endloop
	endfacet
	facet normal 0.999119140865427 -0.0419635836926663 0
		outer loop
			vertex 1751.76321618432 -362.5890751078 821.91697204961
			vertex 1751.50598623778 -367.681082058057 827.209422062854
			vertex 1752 -354.06 200
		endloop
	endfacet
	facet normal 0.999908420251019 -0.0135333333333337 0
		outer loop
			vertex 1752 -354.06 200
			vertex 1751.50598623778 -367.681082058057 827.209422062854
			vertex 1751.14278730214 -373.022365280581 832.66258601984
		endloop
	endfacet
	facet normal 0.999908420251019 -0.0135333333333337 0
		outer loop
			vertex 1752 -354.06 200
			vertex 1751.14278730214 -373.022365280581 832.66258601984
			vertex 1749.69548869482 -387.333001256436 200
		endloop
	endfacet
	facet normal 0.992226715900414 -0.124443337521454 0
		outer loop
			vertex 1749.69548869482 -387.333001256436 200
			vertex 1751.14278730214 -373.022365280581 832.66258601984
			vertex 1750.04328775196 -384.446693729152 844.208166071859
		endloop
	endfacet
	facet normal 0.992226715900414 -0.124443337521454 0
		outer loop
			vertex 1749.69548869482 -387.333001256436 200
			vertex 1750.04328775196 -384.446693729152 844.208166071859
			vertex 1748.38150083368 -396.629290524642 856.454342785006
		endloop
	endfacet
	facet normal 0.999899830839874 -0.0141537375414313 0
		outer loop
			vertex 1751.99742317666 -354.246121262429 811.243417615301
			vertex 1751.99159185493 -354.639822668212 812.246066864656
			vertex 1752 -354.06 810
		endloop
	endfacet
	facet normal 0.999908420251019 -0.0135333333333337 0
		outer loop
			vertex 1752 -354.06 810
			vertex 1751.99159185493 -354.639822668212 812.246066864656
			vertex 1751.98385799014 -355.11543335249 813.112064483965
		endloop
	endfacet
	facet normal 0.999908420251019 -0.0135333333333337 0
		outer loop
			vertex 1752 -354.06 810
			vertex 1751.98385799014 -355.11543335249 813.112064483965
			vertex 1752 -354.06 200
		endloop
	endfacet
	facet normal 0.999908420251019 -0.0135333333333337 0
		outer loop
			vertex 1752 -354.06 200
			vertex 1751.98385799014 -355.11543335249 813.112064483965
			vertex 1751.9746604327 -355.628970237261 813.89911506455
		endloop
	endfacet
	facet normal 0.999908420251019 -0.0135333333333337 0
		outer loop
			vertex 1752 -354.06 200
			vertex 1751.9746604327 -355.628970237261 813.89911506455
			vertex 1751.95240359002 -356.71092879187 815.34374218783
		endloop
	endfacet
	facet normal 0.999908420251019 -0.0135333333333337 0
		outer loop
			vertex 1752 -354.06 810
			vertex 1751.99927233713 -354.113411918786 810.660755025792
			vertex 1751.99742317666 -354.246121262429 811.243417615301
		endloop
	endfacet
	facet normal 0.999749765551085 -0.0223697626395664 0
		outer loop
			vertex 1751.95240359002 -356.71092879187 815.34374218783
			vertex 1751.9251712075 -357.833975010669 816.700125084579
			vertex 1752 -354.06 200
		endloop
	endfacet
	facet normal 0.999908420251019 -0.0135333333333337 0
		outer loop
			vertex 1752 -354.06 200
			vertex 1751.9251712075 -357.833975010669 816.700125084579
			vertex 1751.85502838178 -360.170427143622 819.325339359099
		endloop
	endfacet
	facet normal 0.999908420251019 -0.0135333333333337 0
		outer loop
			vertex 1752 -354.06 200
			vertex 1751.85502838178 -360.170427143622 819.325339359099
			vertex 1751.76321618432 -362.5890751078 821.91697204961
		endloop
	endfacet
	facet normal -0.707106781186548 0.707106781186547 0
		outer loop
			vertex 752.040073222732 -355.509926777268 814.903297643026
			vertex 752.160282185174 -355.389717814826 819.805285346463
			vertex 752 -355.55 810
		endloop
	endfacet
	facet normal -0.707106781186548 0.707106781186547 0
		outer loop
			vertex 752 -355.55 810
			vertex 752.160282185174 -355.389717814826 819.805285346463
			vertex 1057.55 -50 514.415567531637
		endloop
	endfacet
	facet normal -0.707106781186548 0.707106781186547 0
		outer loop
			vertex 752 -355.55 810
			vertex 1057.55 -50 514.415567531637
			vertex 752 -355.55 200
		endloop
	endfacet
	facet normal -0.707106781186548 0.707106781186547 0
		outer loop
			vertex 752 -355.55 200
			vertex 1057.55 -50 514.415567531637
			vertex 1057.55 -50 200
		endloop
	endfacet
	facet normal 0 0 -1
		outer loop
			vertex 1018.75330287678 -648.157791095856 200
			vertex 985.965632840077 -642.653789274402 200
			vertex 1051.94865810668 -650 200
		endloop
	endfacet
	facet normal 0 0 -1
		outer loop
			vertex 1051.94865810668 -650 200
			vertex 985.965632840077 -642.653789274402 200
			vertex 953.988326247833 -633.555591343397 200
		endloop
	endfacet
	facet normal 0 0 -1
		outer loop
			vertex 1051.94865810668 -650 200
			vertex 953.988326247833 -633.555591343397 200
			vertex 923.21410895961 -620.974935844443 200
		endloop
	endfacet
	facet normal 0 0 -1
		outer loop
			vertex 923.21410895961 -620.974935844443 200
			vertex 894.020931222786 -605.066330748072 200
			vertex 1051.94865810668 -650 200
		endloop
	endfacet
	facet normal 0 0 -1
		outer loop
			vertex 1051.94865810668 -650 200
			vertex 894.020931222786 -605.066330748072 200
			vertex 866.767325917138 -586.025155880693 200
		endloop
	endfacet
	facet normal 0 0 -1
		outer loop
			vertex 1051.94865810668 -650 200
			vertex 866.767325917138 -586.025155880693 200
			vertex 841.788005271763 -564.085263388212 200
		endloop
	endfacet
	facet normal 0 0 -1
		outer loop
			vertex 841.788005271763 -564.085263388212 200
			vertex 819.389750132741 -539.516105705999 200
			vertex 1051.94865810668 -650 200
		endloop
	endfacet
	facet normal 0 0 -1
		outer loop
			vertex 1051.94865810668 -650 200
			vertex 819.389750132741 -539.516105705999 200
			vertex 799.847642267103 -512.619426307719 200
		endloop
	endfacet
	facet normal 0 0 -1
		outer loop
			vertex 1051.94865810668 -650 200
			vertex 799.847642267103 -512.619426307719 200
			vertex 783.40168597562 -483.725553875233 200
		endloop
	endfacet
	facet normal 0 0 -1
		outer loop
			vertex 1447.94 -50 200
			vertex 1752 -354.06 200
			vertex 752 -355.55 200
		endloop
	endfacet
	facet normal 0 0 -1
		outer loop
			vertex 752 -355.55 200
			vertex 1752 -354.06 200
			vertex 1749.69548869482 -387.333001256436 200
		endloop
	endfacet
	facet normal 0 0 -1
		outer loop
			vertex 752 -355.55 200
			vertex 1749.69548869482 -387.333001256436 200
			vertex 754.45600770092 -388.705593323889 200
		endloop
	endfacet
	facet normal 0 0 -1
		outer loop
			vertex 754.45600770092 -388.705593323889 200
			vertex 1749.69548869482 -387.333001256436 200
			vertex 1743.71178953156 -420.144565213221 200
		endloop
	endfacet
	facet normal 0 0 -1
		outer loop
			vertex 754.45600770092 -388.705593323889 200
			vertex 1743.71178953156 -420.144565213221 200
			vertex 760.565639465139 -421.385828056703 200
		endloop
	endfacet
	facet normal 0 0 -1
		outer loop
			vertex 760.565639465139 -421.385828056703 200
			vertex 1743.71178953156 -420.144565213221 200
			vertex 1734.12286125695 -452.089139705781 200
		endloop
	endfacet
	facet normal 0 0 -1
		outer loop
			vertex 760.565639465139 -421.385828056703 200
			vertex 1734.12286125695 -452.089139705781 200
			vertex 770.253860505741 -453.189345402344 200
		endloop
	endfacet
	facet normal 0 0 -1
		outer loop
			vertex 770.253860505741 -453.189345402344 200
			vertex 1734.12286125695 -452.089139705781 200
			vertex 1721.04722338509 -482.77188859193 200
		endloop
	endfacet
	facet normal 0 0 -1
		outer loop
			vertex 770.253860505741 -453.189345402344 200
			vertex 1721.04722338509 -482.77188859193 200
			vertex 783.40168597562 -483.725553875233 200
		endloop
	endfacet
	facet normal 0 0 -1
		outer loop
			vertex 783.40168597562 -483.725553875233 200
			vertex 1721.04722338509 -482.77188859193 200
			vertex 1452.02747392469 -650 200
		endloop
	endfacet
	facet normal 0 0 -1
		outer loop
			vertex 783.40168597562 -483.725553875233 200
			vertex 1452.02747392469 -650 200
			vertex 1051.94865810668 -650 200
		endloop
	endfacet
	facet normal 0 0 -1
		outer loop
			vertex 752 -355.55 200
			vertex 1057.55 -50 200
			vertex 1447.94 -50 200
		endloop
	endfacet
	facet normal 0 0 -1
		outer loop
			vertex 1721.04722338509 -482.77188859193 200
			vertex 1704.64649129186 -511.813571941434 200
			vertex 1452.02747392469 -650 200
		endloop
	endfacet
	facet normal 0 0 -1
		outer loop
			vertex 1452.02747392469 -650 200
			vertex 1704.64649129186 -511.813571941434 200
			vertex 1685.1233786428 -538.855233455813 200
		endloop
	endfacet
	facet normal 0 0 -1
		outer loop
			vertex 1452.02747392469 -650 200
			vertex 1685.1233786428 -538.855233455813 200
			vertex 1662.7191918445 -563.562637181694 200
		endloop
	endfacet
	facet normal 0 0 -1
		outer loop
			vertex 1662.7191918445 -563.562637181694 200
			vertex 1637.71084748845 -585.630398679761 200
			vertex 1452.02747392469 -650 200
		endloop
	endfacet
	facet normal 0 0 -1
		outer loop
			vertex 1452.02747392469 -650 200
			vertex 1637.71084748845 -585.630398679761 200
			vertex 1610.40744965146 -604.785759587912 200
		endloop
	endfacet
	facet normal 0 0 -1
		outer loop
			vertex 1452.02747392469 -650 200
			vertex 1610.40744965146 -604.785759587912 200
			vertex 1581.1464693577 -620.791958924876 200
		endloop
	endfacet
	facet normal 0 0 -1
		outer loop
			vertex 1581.1464693577 -620.791958924876 200
			vertex 1550.28957342412 -633.451159464843 200
			vertex 1452.02747392469 -650 200
		endloop
	endfacet
	facet normal 0 0 -1
		outer loop
			vertex 1452.02747392469 -650 200
			vertex 1550.28957342412 -633.451159464843 200
			vertex 1518.21815424503 -642.606893013017 200
		endloop
	endfacet
	facet normal 0 0 -1
		outer loop
			vertex 1452.02747392469 -650 200
			vertex 1518.21815424503 -642.606893013017 200
			vertex 1485.32861576769 -648.145994358389 200
		endloop
	endfacet
	facet normal 0 1 0
		outer loop
			vertex 1249.52392098824 -50 706.389488519877
			vertex 1447.94 -50 507.973409508117
			vertex 1057.55 -50 514.415567531637
		endloop
	endfacet
	facet normal 0 1 0
		outer loop
			vertex 1057.55 -50 514.415567531637
			vertex 1447.94 -50 507.973409508117
			vertex 1057.55 -50 200
		endloop
	endfacet
	facet normal 0 1 0
		outer loop
			vertex 1447.94 -50 507.973409508117
			vertex 1447.94 -50 200
			vertex 1057.55 -50 200
		endloop
	endfacet
	facet normal 0 0.660228933786499 0.751064414675028
		outer loop
			vertex 1506.4282964426 -1856.79542132427 1105.0212882935
			vertex 1511.00097950794 -1855.85665497321 1104.14092611723
			vertex 992.976139206182 -1855.85206662294 1104.13633549256
		endloop
	endfacet
	facet normal 0 0.707396668853067 0.706816774628039
		outer loop
			vertex 992.976139206182 -1855.85206662294 1104.13633549256
			vertex 1511.00097950794 -1855.85665497321 1104.14092611723
			vertex 1506.44035685047 -1854.97871170628 1103.20457867548
		endloop
	endfacet
	facet normal 0 0.707396668853067 0.706816774628039
		outer loop
			vertex 992.976139206182 -1855.85206662294 1104.13633549256
			vertex 1506.44035685047 -1854.97871170628 1103.20457867548
			vertex 997.513877818518 -1854.97871170635 1103.20457867556
		endloop
	endfacet
	facet normal 0 0.751064414682492 0.660228933778008
		outer loop
			vertex 997.513877818518 -1854.97871170635 1103.20457867556
			vertex 1506.44035685047 -1854.97871170628 1103.20457867548
			vertex 1478.75853404254 -1851.19466847431 1096.80878155099
		endloop
	endfacet
	facet normal 0 0.751064414682492 0.660228933778008
		outer loop
			vertex 997.513877818518 -1854.97871170635 1103.20457867556
			vertex 1478.75853404254 -1851.19466847431 1096.80878155099
			vertex 1025.19570062663 -1851.19466847433 1096.80878155105
		endloop
	endfacet
	facet normal 0 0.940266576283182 0.340439077552363
		outer loop
			vertex 1025.19570062663 -1851.19466847433 1096.80878155105
			vertex 1478.75853404254 -1851.19466847431 1096.80878155099
			vertex 1452.0922387806 -1850.00001071429 1090.02070196384
		endloop
	endfacet
	facet normal 0 0.940266576283182 0.340439077552363
		outer loop
			vertex 1025.19570062663 -1851.19466847433 1096.80878155105
			vertex 1452.0922387806 -1850.00001071429 1090.02070196384
			vertex 1051.86199588905 -1850.00001071429 1090.02070196384
		endloop
	endfacet
	facet normal 0 0.999999464285723 0.00103509819180391
		outer loop
			vertex 1051.86199588905 -1850.00001071429 1090.02070196384
			vertex 1452.0922387806 -1850.00001071429 1090.02070196384
			vertex 1051.94217426031 -1850 1090
		endloop
	endfacet
	facet normal 0 0.999999464285723 0.00103509819180392
		outer loop
			vertex 1452.0922387806 -1850.00001071429 1090.02070196384
			vertex 1452.01206040909 -1850 1090
			vertex 1051.94217426031 -1850 1090
		endloop
	endfacet
	facet normal 0 0.707396668853067 0.706816774628039
		outer loop
			vertex 992.976139206182 -1855.85206662294 1104.13633549256
			vertex 997.571703557404 -1856.79542132427 1105.0212882935
			vertex 1506.4282964426 -1856.79542132427 1105.0212882935
		endloop
	endfacet
	facet normal 0 0.660228933786499 0.751064414675028
		outer loop
			vertex 1506.4282964426 -1856.79542132427 1105.0212882935
			vertex 997.571703557404 -1856.79542132427 1105.0212882935
			vertex 1025.25352636586 -1863.19121844884 1108.80533152562
		endloop
	endfacet
	facet normal 0 0.660228933786499 0.751064414675028
		outer loop
			vertex 1506.4282964426 -1856.79542132427 1105.0212882935
			vertex 1025.25352636586 -1863.19121844884 1108.80533152562
			vertex 1478.74647363414 -1863.19121844884 1108.80533152562
		endloop
	endfacet
	facet normal 0 0.340439077558055 0.940266576281121
		outer loop
			vertex 1478.74647363414 -1863.19121844884 1108.80533152562
			vertex 1025.25352636586 -1863.19121844884 1108.80533152562
			vertex 1051.91982162926 -1869.97929803616 1109.99998928571
		endloop
	endfacet
	facet normal 0 0.340439077558055 0.940266576281121
		outer loop
			vertex 1478.74647363414 -1863.19121844884 1108.80533152562
			vertex 1051.91982162926 -1869.97929803616 1109.99998928571
			vertex 1452.08017837074 -1869.97929803616 1109.99998928571
		endloop
	endfacet
	facet normal 0 0.00103509819180391 0.999999464285723
		outer loop
			vertex 1452.08017837074 -1869.97929803616 1109.99998928571
			vertex 1051.91982162926 -1869.97929803616 1109.99998928571
			vertex 1452 -1870 1110
		endloop
	endfacet
	facet normal 0 0.00103509819180391 0.999999464285723
		outer loop
			vertex 1051.91982162926 -1869.97929803616 1109.99998928571
			vertex 1052 -1870 1110
			vertex 1452 -1870 1110
		endloop
	endfacet
	facet normal 0 0 1
		outer loop
			vertex 1452 -1870 1110
			vertex 1052 -1870 1110
			vertex 1452 -2146.08 1110
		endloop
	endfacet
	facet normal 0 0 1
		outer loop
			vertex 1452 -2146.08 1110
			vertex 1052 -1870 1110
			vertex 1055.58791947761 -2146.08 1110
		endloop
	endfacet
	facet normal 0 0 1
		outer loop
			vertex 1052 -1870 1110
			vertex 1052 -2144.2860402612 1110
			vertex 1055.58791947761 -2146.08 1110
		endloop
	endfacet
	facet normal 0 0 1
		outer loop
			vertex 1052 -1870 1110
			vertex 1051.91982162926 -1869.97929803616 1109.99998928571
			vertex 1052 -2144.2860402612 1110
		endloop
	endfacet
	facet normal 0 0 1
		outer loop
			vertex 1052 -2144.2860402612 1110
			vertex 1051.91982162926 -1869.97929803616 1109.99998928571
			vertex 1023.03596724736 -2130.50475663391 1108.59853450194
		endloop
	endfacet
	facet normal -0.000267261235784577 0 0.999999964285715
		outer loop
			vertex 1051.91982162926 -1869.97929803616 1109.99998928571
			vertex 1025.25352636586 -1863.19121844884 1108.80533152562
			vertex 1023.03596724736 -2130.50475663391 1108.59853450194
		endloop
	endfacet
	facet normal -0.0965467758421353 0 0.995328448339787
		outer loop
			vertex 1023.03596724736 -2130.50475663391 1108.59853450194
			vertex 1025.25352636586 -1863.19121844884 1108.80533152562
			vertex 997.571703557404 -1856.79542132427 1105.0212882935
		endloop
	endfacet
	facet normal -0.0965467758421353 0 0.995328448339787
		outer loop
			vertex 1023.03596724736 -2130.50475663391 1108.59853450194
			vertex 997.571703557404 -1856.79542132427 1105.0212882935
			vertex 994.342548445303 -2118.2536984615 1104.40723204469
		endloop
	endfacet
	facet normal -0.192191505182323 0 0.981357440148977
		outer loop
			vertex 994.342548445303 -2118.2536984615 1104.40723204469
			vertex 997.571703557404 -1856.79542132427 1105.0212882935
			vertex 992.976139206182 -1855.85206662294 1104.13633549256
		endloop
	endfacet
	facet normal -0.192191505182323 0 0.981357440148977
		outer loop
			vertex 994.342548445303 -2118.2536984615 1104.40723204469
			vertex 992.976139206182 -1855.85206662294 1104.13633549256
			vertex 978.351617395093 -1859.16634338286 1100.81901868017
		endloop
	endfacet
	facet normal -0.192191505182323 0 0.981357440148977
		outer loop
			vertex 994.342548445303 -2118.2536984615 1104.40723204469
			vertex 978.351617395093 -1859.16634338286 1100.81901868017
			vertex 966.187829170315 -2107.64732864627 1097.46525240018
		endloop
	endfacet
	facet normal -0.286040569432284 0 0.958217508000587
		outer loop
			vertex 966.187829170315 -2107.64732864627 1097.46525240018
			vertex 978.351617395093 -1859.16634338286 1100.81901868017
			vertex 963.990876689927 -1863.18199279737 1096.80026885307
		endloop
	endfacet
	facet normal -0.286040569432284 0 0.958217508000587
		outer loop
			vertex 966.187829170315 -2107.64732864627 1097.46525240018
			vertex 963.990876689927 -1863.18199279737 1096.80026885307
			vertex 949.636799032701 -1867.98331773698 1091.99569848531
		endloop
	endfacet
	facet normal -0.286040569432284 0 0.958217508000587
		outer loop
			vertex 966.187829170315 -2107.64732864627 1097.46525240018
			vertex 949.636799032701 -1867.98331773698 1091.99569848531
			vertex 938.834861873538 -2098.78474359724 1087.83745520145
		endloop
	endfacet
	facet normal -0.377217127088206 0 0.926124850671506
		outer loop
			vertex 938.834861873538 -2098.78474359724 1087.83745520145
			vertex 949.636799032701 -1867.98331773698 1091.99569848531
			vertex 935.681753489509 -1873.44346949999 1086.53221426939
		endloop
	endfacet
	facet normal -0.377217127088206 0 0.926124850671506
		outer loop
			vertex 938.834861873538 -2098.78474359724 1087.83745520145
			vertex 935.681753489509 -1873.44346949999 1086.53221426939
			vertex 912.539208154547 -2091.74874736222 1075.6137939525
		endloop
	endfacet
	facet normal -0.464869306151509 0 0.885379313174989
		outer loop
			vertex 912.539208154547 -2091.74874736222 1075.6137939525
			vertex 935.681753489509 -1873.44346949999 1086.53221426939
			vertex 909.147491800731 -1886.16353803678 1073.80515707843
		endloop
	endfacet
	facet normal -0.464869306151509 0 0.885379313174989
		outer loop
			vertex 912.539208154547 -2091.74874736222 1075.6137939525
			vertex 909.147491800731 -1886.16353803678 1073.80515707843
			vertex 887.546551022917 -2086.605077981 1060.90847558331
		endloop
	endfacet
	facet normal -0.548178163256944 0 0.836361585277709
		outer loop
			vertex 887.546551022917 -2086.605077981 1060.90847558331
			vertex 909.147491800731 -1886.16353803678 1073.80515707843
			vertex 884.726886030351 -1900.92361135151 1059.03755809696
		endloop
	endfacet
	facet normal -0.548178163256944 0 0.836361585277709
		outer loop
			vertex 887.546551022917 -2086.605077981 1060.90847558331
			vertex 884.726886030351 -1900.92361135151 1059.03755809696
			vertex 864.09039945648 -2083.40179328804 1043.85889340278
		endloop
	endfacet
	facet normal -0.626365335145068 0 0.779529644675946
		outer loop
			vertex 864.09039945648 -2083.40179328804 1043.85889340278
			vertex 884.726886030351 -1900.92361135151 1059.03755809696
			vertex 862.705965540102 -1917.21327935382 1042.73970120694
		endloop
	endfacet
	facet normal -0.626365335145068 0 0.779529644675946
		outer loop
			vertex 864.09039945648 -2083.40179328804 1043.85889340278
			vertex 862.705965540102 -1917.21327935382 1042.73970120694
			vertex 843.279276145338 -1934.45465685786 1025.48934877062
		endloop
	endfacet
	facet normal -0.626365335145068 0 0.779529644675946
		outer loop
			vertex 864.09039945648 -2083.40179328804 1043.85889340278
			vertex 843.279276145338 -1934.45465685786 1025.48934877062
			vertex 842.38990670282 -2082.16882190321 1024.62434341879
		endloop
	endfacet
	facet normal -0.698700310990599 0 0.71541447806264
		outer loop
			vertex 842.38990670282 -2082.16882190321 1024.62434341879
			vertex 843.279276145338 -1934.45465685786 1025.48934877062
			vertex 830.45841459676 -1947.65208390867 1012.28460571911
		endloop
	endfacet
	facet normal -0.698700310990599 0 0.71541447806264
		outer loop
			vertex 842.38990670282 -2082.16882190321 1024.62434341879
			vertex 830.45841459676 -1947.65208390867 1012.28460571911
			vertex 822.647822707841 -2082.91768360554 1003.38453601916
		endloop
	endfacet
	facet normal -0.764507257640531 0 0.644615120063868
		outer loop
			vertex 822.647822707841 -2082.91768360554 1003.38453601916
			vertex 830.45841459676 -1947.65208390867 1012.28460571911
			vertex 818.669431451423 -1961.36323936618 998.565229511693
		endloop
	endfacet
	facet normal -0.764507257640531 0 0.644615120063868
		outer loop
			vertex 822.647822707841 -2082.91768360554 1003.38453601916
			vertex 818.669431451423 -1961.36323936618 998.565229511693
			vertex 807.932397267756 -1975.47507690048 984.444050566944
		endloop
	endfacet
	facet normal -0.764507257640531 0 0.644615120063868
		outer loop
			vertex 822.647822707841 -2082.91768360554 1003.38453601916
			vertex 807.932397267756 -1975.47507690048 984.444050566944
			vertex 805.048599802066 -2085.64138170277 980.337916918929
		endloop
	endfacet
	facet normal -0.823171333993113 0 0.56779305639643
		outer loop
			vertex 805.048599802066 -2085.64138170277 980.337916918929
			vertex 807.932397267756 -1975.47507690048 984.444050566944
			vertex 798.253367709516 -1989.86883679048 970.039515749197
		endloop
	endfacet
	facet normal -0.823171333993113 0 0.56779305639643
		outer loop
			vertex 805.048599802066 -2085.64138170277 980.337916918929
			vertex 798.253367709516 -1989.86883679048 970.039515749197
			vertex 789.756669343465 -2090.31446840216 955.699813061538
		endloop
	endfacet
	facet normal -0.874144435521785 0 0.485666043538459
		outer loop
			vertex 789.756669343465 -2090.31446840216 955.699813061538
			vertex 798.253367709516 -1989.86883679048 970.039515749197
			vertex 789.630711189164 -2004.42389643096 955.471868345647
		endloop
	endfacet
	facet normal -0.874144435521785 0 0.485666043538459
		outer loop
			vertex 789.756669343465 -2090.31446840216 955.699813061538
			vertex 789.630711189164 -2004.42389643096 955.471868345647
			vertex 782.047933516585 -2019.01489087163 940.865892429364
		endloop
	endfacet
	facet normal -0.874144435521785 0 0.485666043538459
		outer loop
			vertex 789.756669343465 -2090.31446840216 955.699813061538
			vertex 782.047933516585 -2019.01489087163 940.865892429364
			vertex 776.91490541828 -2096.89328257186 929.700420796946
		endloop
	endfacet
	facet normal -0.916950315272401 0 0.399001402656488
		outer loop
			vertex 776.91490541828 -2096.89328257186 929.700420796946
			vertex 782.047933516585 -2019.01489087163 940.865892429364
			vertex 775.481331378871 -2033.51351285629 926.349174015283
		endloop
	endfacet
	facet normal -0.916950315272401 0 0.399001402656488
		outer loop
			vertex 776.91490541828 -2096.89328257186 929.700420796946
			vertex 775.481331378871 -2033.51351285629 926.349174015283
			vertex 769.891492271731 -2047.78741374087 912.05287780033
		endloop
	endfacet
	facet normal -0.916950315272401 0 0.399001402656488
		outer loop
			vertex 776.91490541828 -2096.89328257186 929.700420796946
			vertex 769.891492271731 -2047.78741374087 912.05287780033
			vertex 766.643289953681 -2105.31635767136 902.58265513335
		endloop
	endfacet
	facet normal -0.951189033487731 0 0.308608850444501
		outer loop
			vertex 766.643289953681 -2105.31635767136 902.58265513335
			vertex 769.891492271731 -2047.78741374087 912.05287780033
			vertex 761.278010405218 -2075.74137187894 884.031917211775
		endloop
	endfacet
	facet normal -0.951189033487731 0 0.308608850444501
		outer loop
			vertex 766.643289953681 -2105.31635767136 902.58265513335
			vertex 761.278010405218 -2075.74137187894 884.031917211775
			vertex 759.037791714221 -2115.50499603973 874.599880157164
		endloop
	endfacet
	facet normal -0.976540694285929 0 0.215332933857214
		outer loop
			vertex 759.037791714221 -2115.50499603973 874.599880157164
			vertex 761.278010405218 -2075.74137187894 884.031917211775
			vertex 758.17096430104 -2089.19048300969 870.529882647551
		endloop
	endfacet
	facet normal -0.976540694285929 0 0.215332933857214
		outer loop
			vertex 759.037791714221 -2115.50499603973 874.599880157164
			vertex 758.17096430104 -2089.19048300969 870.529882647551
			vertex 755.807658355808 -2101.99637003296 857.645532333471
		endloop
	endfacet
	facet normal -0.976540694285929 0 0.215332933857214
		outer loop
			vertex 759.037791714221 -2115.50499603973 874.599880157164
			vertex 755.807658355808 -2101.99637003296 857.645532333471
			vertex 754.169469655756 -2127.36400417598 846.013541826182
		endloop
	endfacet
	facet normal -0.992768434480814 0 0.120045139420609
		outer loop
			vertex 754.169469655756 -2127.36400417598 846.013541826182
			vertex 755.807658355808 -2101.99637003296 857.645532333471
			vertex 754.091939922911 -2114.14978514487 845.366477646289
		endloop
	endfacet
	facet normal -0.992768434480814 0 0.120045139420609
		outer loop
			vertex 754.169469655756 -2127.36400417598 846.013541826182
			vertex 754.091939922911 -2114.14978514487 845.366477646289
			vertex 752.941024724206 -2125.53957122022 833.742984374167
		endloop
	endfacet
	facet normal -0.996863250919314 0 0.0791432812472252
		outer loop
			vertex 752.941024724206 -2125.53957122022 833.742984374167
			vertex 752.553697197271 -2130.85477078026 828.218444987876
			vertex 754.169469655756 -2127.36400417598 846.013541826182
		endloop
	endfacet
	facet normal -0.992768434480814 0 0.120045139420609
		outer loop
			vertex 754.169469655756 -2127.36400417598 846.013541826182
			vertex 752.553697197271 -2130.85477078026 828.218444987876
			vertex 752.273127573376 -2135.91232958413 822.798513404063
		endloop
	endfacet
	facet normal -0.992768434480814 0 0.120045139420609
		outer loop
			vertex 754.169469655756 -2127.36400417598 846.013541826182
			vertex 752.273127573376 -2135.91232958413 822.798513404063
			vertex 752.170008296127 -2138.31032450646 820.098320397727
		endloop
	endfacet
	facet normal -0.999433305679578 0 0.0336610679924247
		outer loop
			vertex 752.170008296127 -2138.31032450646 820.098320397727
			vertex 752.089085661588 -2140.61249459072 817.310503450365
			vertex 754.169469655756 -2127.36400417598 846.013541826182
		endloop
	endfacet
	facet normal -0.992768434480814 0 0.120045139420609
		outer loop
			vertex 754.169469655756 -2127.36400417598 846.013541826182
			vertex 752.089085661588 -2140.61249459072 817.310503450365
			vertex 752.083809014231 -2140.78258214172 817.090725252946
		endloop
	endfacet
	facet normal -0.245302148016685 0.969446675262957 0
		outer loop
			vertex 978.351617395093 -1859.16634338286 1100.81901868017
			vertex 992.976139206182 -1855.85206662294 1104.13633549256
			vertex 986.006540518162 -1857.3355296538 200
		endloop
	endfacet
	facet normal -0.219785445807147 0.975548234487334 0
		outer loop
			vertex 986.006540518162 -1857.3355296538 200
			vertex 992.976139206182 -1855.85206662294 1104.13633549256
			vertex 997.513877818518 -1854.97871170635 1103.20457867556
		endloop
	endfacet
	facet normal -0.219785445807147 0.975548234487334 0
		outer loop
			vertex 986.006540518162 -1857.3355296538 200
			vertex 997.513877818518 -1854.97871170635 1103.20457867556
			vertex 1018.77096011204 -1851.83952214968 200
		endloop
	endfacet
	facet normal -0.110570713827547 0.99386825950106 0
		outer loop
			vertex 1018.77096011204 -1851.83952214968 200
			vertex 997.513877818518 -1854.97871170635 1103.20457867556
			vertex 1025.19570062663 -1851.19466847433 1096.80878155105
		endloop
	endfacet
	facet normal -0.110570713827547 0.99386825950106 0
		outer loop
			vertex 1018.77096011204 -1851.83952214968 200
			vertex 1025.19570062663 -1851.19466847433 1096.80878155105
			vertex 1051.94217426031 -1850 200
		endloop
	endfacet
	facet normal 0 1 0
		outer loop
			vertex 1051.94217426031 -1850 200
			vertex 1025.19570062663 -1851.19466847433 1096.80878155105
			vertex 1051.86199588905 -1850.00001071429 1090.02070196384
		endloop
	endfacet
	facet normal 0 1 0
		outer loop
			vertex 1051.94217426031 -1850 200
			vertex 1051.86199588905 -1850.00001071429 1090.02070196384
			vertex 1051.94217426031 -1850 1090
		endloop
	endfacet
	facet normal -0.245302148016685 0.969446675262957 0
		outer loop
			vertex 978.351617395093 -1859.16634338286 1100.81901868017
			vertex 986.006540518162 -1857.3355296538 200
			vertex 963.990876689927 -1863.18199279737 1096.80026885307
		endloop
	endfacet
	facet normal -0.293170991901264 0.956060024008759 0
		outer loop
			vertex 963.990876689927 -1863.18199279737 1096.80026885307
			vertex 986.006540518162 -1857.3355296538 200
			vertex 954.050721315762 -1866.42062232876 200
		endloop
	endfacet
	facet normal -0.293170991901264 0.956060024008759 0
		outer loop
			vertex 963.990876689927 -1863.18199279737 1096.80026885307
			vertex 954.050721315762 -1866.42062232876 200
			vertex 949.636799032701 -1867.98331773698 1091.99569848531
		endloop
	endfacet
	facet normal -0.341018298465951 0.940056657926206 0
		outer loop
			vertex 949.636799032701 -1867.98331773698 1091.99569848531
			vertex 954.050721315762 -1866.42062232876 200
			vertex 935.681753489509 -1873.44346949999 1086.53221426939
		endloop
	endfacet
	facet normal -0.32630484314848 0.945264592237457 0
		outer loop
			vertex 954.050721315762 -1866.42062232876 200
			vertex 923.295392086402 -1878.98338531319 200
			vertex 935.681753489509 -1873.44346949999 1086.53221426939
		endloop
	endfacet
	facet normal -0.387534735902644 0.921855101666671 0
		outer loop
			vertex 935.681753489509 -1873.44346949999 1086.53221426939
			vertex 923.295392086402 -1878.98338531319 200
			vertex 909.147491800731 -1886.16353803678 1073.80515707843
		endloop
	endfacet
	facet normal -0.428822607246347 0.903388715622708 0
		outer loop
			vertex 923.295392086402 -1878.98338531319 200
			vertex 894.11772022567 -1894.86975540193 200
			vertex 909.147491800731 -1886.16353803678 1073.80515707843
		endloop
	endfacet
	facet normal -0.475982274865251 0.87945487321073 0
		outer loop
			vertex 909.147491800731 -1886.16353803678 1073.80515707843
			vertex 894.11772022567 -1894.86975540193 200
			vertex 884.726886030351 -1900.92361135151 1059.03755809696
		endloop
	endfacet
	facet normal -0.526081513448787 0.85043414866022 0
		outer loop
			vertex 894.11772022567 -1894.86975540193 200
			vertex 866.875525557993 -1913.88491039729 200
			vertex 884.726886030351 -1900.92361135151 1059.03755809696
		endloop
	endfacet
	facet normal -0.55738429409985 0.830254628828296 0
		outer loop
			vertex 884.726886030351 -1900.92361135151 1059.03755809696
			vertex 866.875525557993 -1913.88491039729 200
			vertex 862.705965540102 -1917.21327935382 1042.73970120694
		endloop
	endfacet
	facet normal -0.616888829007712 0.787050298675691 0
		outer loop
			vertex 866.875525557993 -1913.88491039729 200
			vertex 841.902892220017 -1935.79565830731 200
			vertex 862.705965540102 -1917.21327935382 1042.73970120694
		endloop
	endfacet
	facet normal -0.630787362400682 0.77595573548727 0
		outer loop
			vertex 862.705965540102 -1917.21327935382 1042.73970120694
			vertex 841.902892220017 -1935.79565830731 200
			vertex 843.279276145338 -1934.45465685786 1025.48934877062
		endloop
	endfacet
	facet normal -0.695542993716563 0.718484477140461 0
		outer loop
			vertex 843.279276145338 -1934.45465685786 1025.48934877062
			vertex 841.902892220017 -1935.79565830731 200
			vertex 830.45841459676 -1947.65208390867 1012.28460571911
		endloop
	endfacet
	facet normal -0.738280286033086 0.674494046863947 0
		outer loop
			vertex 830.45841459676 -1947.65208390867 1012.28460571911
			vertex 841.902892220017 -1935.79565830731 200
			vertex 819.506071626151 -1960.33329709133 200
		endloop
	endfacet
	facet normal -0.738280286033086 0.674494046863947 0
		outer loop
			vertex 830.45841459676 -1947.65208390867 1012.28460571911
			vertex 819.506071626151 -1960.33329709133 200
			vertex 818.669431451423 -1961.36323936618 998.565229511693
		endloop
	endfacet
	facet normal -0.777575809362946 0.628789202112727 0
		outer loop
			vertex 818.669431451423 -1961.36323936618 998.565229511693
			vertex 819.506071626151 -1960.33329709133 200
			vertex 807.932397267756 -1975.47507690048 984.444050566944
		endloop
	endfacet
	facet normal -0.774787008780516 0.63222234302889 0
		outer loop
			vertex 819.506071626151 -1960.33329709133 200
			vertex 799.959726760161 -1987.19690988241 200
			vertex 807.932397267756 -1975.47507690048 984.444050566944
		endloop
	endfacet
	facet normal -0.813367188317569 0.581750648446886 0
		outer loop
			vertex 807.932397267756 -1975.47507690048 984.444050566944
			vertex 799.959726760161 -1987.19690988241 200
			vertex 798.253367709516 -1989.86883679048 970.039515749197
		endloop
	endfacet
	facet normal -0.845629355169303 0.533770544031748 0
		outer loop
			vertex 798.253367709516 -1989.86883679048 970.039515749197
			vertex 799.959726760161 -1987.19690988241 200
			vertex 789.630711189164 -2004.42389643096 955.471868345647
		endloop
	endfacet
	facet normal -0.874372973711295 0.485254472254781 0
		outer loop
			vertex 789.630711189164 -2004.42389643096 955.471868345647
			vertex 799.959726760161 -1987.19690988241 200
			vertex 783.503563850887 -2016.05705527554 200
		endloop
	endfacet
	facet normal -0.874372973711295 0.485254472254781 0
		outer loop
			vertex 789.630711189164 -2004.42389643096 955.471868345647
			vertex 783.503563850887 -2016.05705527554 200
			vertex 782.047933516585 -2019.01489087163 940.865892429364
		endloop
	endfacet
	facet normal -0.899647469145737 0.436617030427891 0
		outer loop
			vertex 782.047933516585 -2019.01489087163 940.865892429364
			vertex 783.503563850887 -2016.05705527554 200
			vertex 775.481331378871 -2033.51351285629 926.349174015283
		endloop
	endfacet
	facet normal -0.894795368031398 0.446476482414869 0
		outer loop
			vertex 783.503563850887 -2016.05705527554 200
			vertex 770.339392739466 -2046.5598074261 200
			vertex 775.481331378871 -2033.51351285629 926.349174015283
		endloop
	endfacet
	facet normal -0.921537682246276 0.388288939064921 0
		outer loop
			vertex 775.481331378871 -2033.51351285629 926.349174015283
			vertex 770.339392739466 -2046.5598074261 200
			vertex 769.891492271731 -2047.78741374087 912.05287780033
		endloop
	endfacet
	facet normal -0.940168939961918 0.340708620863756 0
		outer loop
			vertex 769.891492271731 -2047.78741374087 912.05287780033
			vertex 770.339392739466 -2046.5598074261 200
			vertex 761.278010405218 -2075.74137187894 884.031917211775
		endloop
	endfacet
	facet normal -0.96888054618363 0.247528760403536 0
		outer loop
			vertex 761.278010405218 -2075.74137187894 884.031917211775
			vertex 770.339392739466 -2046.5598074261 200
			vertex 760.628651988176 -2078.3310964127 200
		endloop
	endfacet
	facet normal -0.96888054618363 0.247528760403536 0
		outer loop
			vertex 761.278010405218 -2075.74137187894 884.031917211775
			vertex 760.628651988176 -2078.3310964127 200
			vertex 758.17096430104 -2089.19048300969 870.529882647551
		endloop
	endfacet
	facet normal -0.97924105959576 0.202699154418002 0
		outer loop
			vertex 758.17096430104 -2089.19048300969 870.529882647551
			vertex 760.628651988176 -2078.3310964127 200
			vertex 754.490429081696 -2110.98129563659 200
		endloop
	endfacet
	facet normal -0.97924105959576 0.202699154418002 0
		outer loop
			vertex 758.17096430104 -2089.19048300969 870.529882647551
			vertex 754.490429081696 -2110.98129563659 200
			vertex 755.807658355808 -2101.99637003296 857.645532333471
		endloop
	endfacet
	facet normal -0.987115053014971 0.160012099890135 0
		outer loop
			vertex 755.807658355808 -2101.99637003296 857.645532333471
			vertex 754.490429081696 -2110.98129563659 200
			vertex 754.091939922911 -2114.14978514487 845.366477646289
		endloop
	endfacet
	facet normal -0.992834114457985 0.119500716183751 0
		outer loop
			vertex 754.091939922911 -2114.14978514487 845.366477646289
			vertex 754.490429081696 -2110.98129563659 200
			vertex 752.941024724206 -2125.53957122022 833.742984374167
		endloop
	endfacet
	facet normal -0.996670498453668 0.081534762599252 0
		outer loop
			vertex 752.941024724206 -2125.53957122022 833.742984374167
			vertex 754.490429081696 -2110.98129563659 200
			vertex 752 -2144.11 200
		endloop
	endfacet
	facet normal -0.996670498453668 0.081534762599252 0
		outer loop
			vertex 752.941024724206 -2125.53957122022 833.742984374167
			vertex 752 -2144.11 200
			vertex 752.553697197271 -2130.85477078026 828.218444987876
		endloop
	endfacet
	facet normal -0.997961590210118 0.0638174307324624 0
		outer loop
			vertex 752.553697197271 -2130.85477078026 828.218444987876
			vertex 752 -2144.11 200
			vertex 752.273127573376 -2135.91232958413 822.798513404063
		endloop
	endfacet
	facet normal -0.999807048669292 0.0196434577200744 0
		outer loop
			vertex 752.000059401353 -2144.10696267891 810.190601762366
			vertex 752.000236042003 -2144.0979919597 810.376332633953
			vertex 752 -2144.11 810
		endloop
	endfacet
	facet normal -0.999807247534355 0.0196333333333332 0
		outer loop
			vertex 752 -2144.11 810
			vertex 752.000236042003 -2144.0979919597 810.376332633953
			vertex 752.037441063156 -2142.44017156635 813.729178452852
		endloop
	endfacet
	facet normal -0.999807247534355 0.0196333333333332 0
		outer loop
			vertex 752 -2144.11 810
			vertex 752.037441063156 -2142.44017156635 813.729178452852
			vertex 752 -2144.11 200
		endloop
	endfacet
	facet normal -0.999807247534355 0.0196333333333332 0
		outer loop
			vertex 752 -2144.11 200
			vertex 752.037441063156 -2142.44017156635 813.729178452852
			vertex 752.083809014231 -2140.78258214172 817.090725252946
		endloop
	endfacet
	facet normal -0.999807247534355 0.0196333333333332 0
		outer loop
			vertex 752 -2144.11 200
			vertex 752.083809014231 -2140.78258214172 817.090725252946
			vertex 752.089085661588 -2140.61249459072 817.310503450365
		endloop
	endfacet
	facet normal -0.999510295329061 0.0312916846975986 0
		outer loop
			vertex 752.089085661588 -2140.61249459072 817.310503450365
			vertex 752.170008296127 -2138.31032450646 820.098320397727
			vertex 752 -2144.11 200
		endloop
	endfacet
	facet normal -0.999807247534355 0.0196333333333332 0
		outer loop
			vertex 752 -2144.11 200
			vertex 752.170008296127 -2138.31032450646 820.098320397727
			vertex 752.273127573376 -2135.91232958413 822.798513404063
		endloop
	endfacet
	facet normal 0.408248290463863 -0.816496580927726 0.408248290463863
		outer loop
			vertex 1750.33171679848 -2133.69718218249 841.59409362633
			vertex 1745.89669035376 -2121.60885448649 870.205775463059
			vertex 1449.31 -2450 510.010174789797
		endloop
	endfacet
	facet normal 0.408248290463863 -0.816496580927726 0.408248290463863
		outer loop
			vertex 1449.31 -2450 510.010174789797
			vertex 1745.89669035376 -2121.60885448649 870.205775463059
			vertex 1738.72418670796 -2111.1696563296 898.256675422645
		endloop
	endfacet
	facet normal 0.408248290463863 -0.816496580927726 0.408248290463863
		outer loop
			vertex 1449.31 -2450 510.010174789797
			vertex 1738.72418670796 -2111.1696563296 898.256675422645
			vertex 1256.3740471337 -2450 702.946127656095
		endloop
	endfacet
	facet normal 0.408248290463863 -0.816496580927726 0.408248290463863
		outer loop
			vertex 1256.3740471337 -2450 702.946127656095
			vertex 1738.72418670796 -2111.1696563296 898.256675422645
			vertex 1728.88101357228 -2102.47682278756 925.485515642393
		endloop
	endfacet
	facet normal 0.408248290463863 -0.816496580927726 0.408248290463863
		outer loop
			vertex 1256.3740471337 -2450 702.946127656095
			vertex 1728.88101357228 -2102.47682278756 925.485515642393
			vertex 1716.4588543951 -2095.61132256272 951.638675269263
		endloop
	endfacet
	facet normal 0.408248290463863 -0.816496580927726 0.408248290463863
		outer loop
			vertex 1449.31 -2450 510.010174789797
			vertex 1751.98795634327 -2147.32204365673 812.688131133067
			vertex 1750.33171679848 -2133.69718218249 841.59409362633
		endloop
	endfacet
	facet normal 0.408248290463863 -0.816496580927726 0.408248290463863
		outer loop
			vertex 1716.4588543951 -2095.61132256272 951.638675269263
			vertex 1701.57341438391 -2090.63710380744 976.472552791009
			vertex 1256.3740471337 -2450 702.946127656095
		endloop
	endfacet
	facet normal 0.408248290463863 -0.816496580927726 0.408248290463863
		outer loop
			vertex 1256.3740471337 -2450 702.946127656095
			vertex 1701.57341438391 -2090.63710380744 976.472552791009
			vertex 1684.36334277839 -2087.60049848422 999.755835042966
		endloop
	endfacet
	facet normal 0.408248290463863 -0.816496580927726 0.408248290463863
		outer loop
			vertex 1256.3740471337 -2450 702.946127656095
			vertex 1684.36334277839 -2087.60049848422 999.755835042966
			vertex 1664.98894141313 -2086.52979081033 1021.27165175602
		endloop
	endfacet
	facet normal 0.408248290463863 -0.816496580927726 0.408248290463863
		outer loop
			vertex 1256.3740471337 -2450 702.946127656095
			vertex 1664.98894141313 -2086.52979081033 1021.27165175602
			vertex 1256.3740471337 -2346.8661276561 909.213872343905
		endloop
	endfacet
	facet normal 0.408248290463863 -0.816496580927726 0.408248290463863
		outer loop
			vertex 1256.3740471337 -2346.8661276561 909.213872343905
			vertex 1664.98894141313 -2086.52979081033 1021.27165175602
			vertex 1643.63067159908 -2087.43495380669 1040.81959557734
		endloop
	endfacet
	facet normal 0.408248290463863 -0.816496580927726 0.408248290463863
		outer loop
			vertex 1256.3740471337 -2346.8661276561 909.213872343905
			vertex 1643.63067159908 -2087.43495380669 1040.81959557734
			vertex 1620.48747323106 -2090.30755640503 1058.21758874869
		endloop
	endfacet
	facet normal 0.408248290463863 -0.816496580927726 0.408248290463863
		outer loop
			vertex 1620.48747323106 -2090.30755640503 1058.21758874869
			vertex 1595.77491177807 -2095.12084197833 1073.30357905507
			vertex 1256.3740471337 -2346.8661276561 909.213872343905
		endloop
	endfacet
	facet normal 0.408248290463863 -0.816496580927726 0.408248290463863
		outer loop
			vertex 1256.3740471337 -2346.8661276561 909.213872343905
			vertex 1595.77491177807 -2095.12084197833 1073.30357905507
			vertex 1569.72317041597 -2101.82997756335 1085.93704924713
		endloop
	endfacet
	facet normal 0.408248290463863 -0.816496580927726 0.408248290463863
		outer loop
			vertex 1256.3740471337 -2346.8661276561 909.213872343905
			vertex 1569.72317041597 -2101.82997756335 1085.93704924713
			vertex 1542.57490600469 -2110.37247145363 1096.00032587786
		endloop
	endfacet
	facet normal 0.408248290463863 -0.816496580927726 0.408248290463863
		outer loop
			vertex 1542.57490600469 -2110.37247145363 1096.00032587786
			vertex 1514.58298888034 -2120.66875527349 1103.39967536247
			vertex 1256.3740471337 -2346.8661276561 909.213872343905
		endloop
	endfacet
	facet normal 0.408248290463863 -0.816496580927726 0.408248290463863
		outer loop
			vertex 1256.3740471337 -2346.8661276561 909.213872343905
			vertex 1514.58298888034 -2120.66875527349 1103.39967536247
			vertex 1486.00814751473 -2132.62292511135 1108.06617705237
		endloop
	endfacet
	facet normal 0.408248290463863 -0.816496580927726 0.408248290463863
		outer loop
			vertex 1256.3740471337 -2346.8661276561 909.213872343905
			vertex 1486.00814751473 -2132.62292511135 1108.06617705237
			vertex 1457.11653998084 -2146.12363480895 1109.95636519105
		endloop
	endfacet
	facet normal 0.707106781186548 -0.707106781186547 0
		outer loop
			vertex 1751.99698907071 -2147.31301092929 811.34407905629
			vertex 1751.98795634327 -2147.32204365673 812.688131133067
			vertex 1752 -2147.31 810
		endloop
	endfacet
	facet normal 0.707106781186548 -0.707106781186547 0
		outer loop
			vertex 1752 -2147.31 810
			vertex 1751.98795634327 -2147.32204365673 812.688131133067
			vertex 1449.31 -2450 510.010174789797
		endloop
	endfacet
	facet normal 0.707106781186548 -0.707106781186547 0
		outer loop
			vertex 1752 -2147.31 810
			vertex 1449.31 -2450 510.010174789797
			vertex 1752 -2147.31 200
		endloop
	endfacet
	facet normal 0.707106781186548 -0.707106781186547 0
		outer loop
			vertex 1752 -2147.31 200
			vertex 1449.31 -2450 510.010174789797
			vertex 1449.31 -2450 200
		endloop
	endfacet
	facet normal 0 -1 0
		outer loop
			vertex 1256.3740471337 -2450 702.946127656095
			vertex 1057.89 -2450 504.462080522393
			vertex 1449.31 -2450 510.010174789797
		endloop
	endfacet
	facet normal 0 -1 0
		outer loop
			vertex 1449.31 -2450 510.010174789797
			vertex 1057.89 -2450 504.462080522393
			vertex 1449.31 -2450 200
		endloop
	endfacet
	facet normal 0 -1 0
		outer loop
			vertex 1057.89 -2450 504.462080522393
			vertex 1057.89 -2450 200
			vertex 1449.31 -2450 200
		endloop
	endfacet
	facet normal -0.408248290463863 -0.816496580927726 0.408248290463863
		outer loop
			vertex 842.38990670282 -2082.16882190321 1024.62434341879
			vertex 822.647822707841 -2082.91768360554 1003.38453601916
			vertex 1256.3740471337 -2346.8661276561 909.213872343905
		endloop
	endfacet
	facet normal -0.408248290463863 -0.816496580927726 0.408248290463863
		outer loop
			vertex 1256.3740471337 -2346.8661276561 909.213872343905
			vertex 822.647822707841 -2082.91768360554 1003.38453601916
			vertex 805.048599802066 -2085.64138170277 980.337916918929
		endloop
	endfacet
	facet normal -0.408248290463863 -0.816496580927726 0.408248290463863
		outer loop
			vertex 1256.3740471337 -2346.8661276561 909.213872343905
			vertex 805.048599802066 -2085.64138170277 980.337916918929
			vertex 1256.3740471337 -2450 702.946127656095
		endloop
	endfacet
	facet normal -0.408248290463863 -0.816496580927726 0.408248290463863
		outer loop
			vertex 1256.3740471337 -2450 702.946127656095
			vertex 805.048599802066 -2085.64138170277 980.337916918929
			vertex 789.756669343465 -2090.31446840216 955.699813061538
		endloop
	endfacet
	facet normal -0.408248290463863 -0.816496580927726 0.408248290463863
		outer loop
			vertex 1256.3740471337 -2450 702.946127656095
			vertex 789.756669343465 -2090.31446840216 955.699813061538
			vertex 776.91490541828 -2096.89328257186 929.700420796946
		endloop
	endfacet
	facet normal -0.408248290463863 -0.816496580927726 0.408248290463863
		outer loop
			vertex 1055.58791947761 -2146.08 1110
			vertex 1052 -2144.2860402612 1110
			vertex 1256.3740471337 -2346.8661276561 909.213872343905
		endloop
	endfacet
	facet normal -0.408248290463863 -0.816496580927726 0.408248290463863
		outer loop
			vertex 1256.3740471337 -2346.8661276561 909.213872343905
			vertex 1052 -2144.2860402612 1110
			vertex 1023.03596724736 -2130.50475663391 1108.59853450194
		endloop
	endfacet
	facet normal -0.408248290463863 -0.816496580927726 0.408248290463863
		outer loop
			vertex 1256.3740471337 -2346.8661276561 909.213872343905
			vertex 1023.03596724736 -2130.50475663391 1108.59853450194
			vertex 994.342548445303 -2118.2536984615 1104.40723204469
		endloop
	endfacet
	facet normal -0.408248290463863 -0.816496580927726 0.408248290463863
		outer loop
			vertex 994.342548445303 -2118.2536984615 1104.40723204469
			vertex 966.187829170315 -2107.64732864627 1097.46525240018
			vertex 1256.3740471337 -2346.8661276561 909.213872343905
		endloop
	endfacet
	facet normal -0.408248290463863 -0.816496580927726 0.408248290463863
		outer loop
			vertex 1256.3740471337 -2346.8661276561 909.213872343905
			vertex 966.187829170315 -2107.64732864627 1097.46525240018
			vertex 938.834861873538 -2098.78474359724 1087.83745520145
		endloop
	endfacet
	facet normal -0.408248290463863 -0.816496580927726 0.408248290463863
		outer loop
			vertex 1256.3740471337 -2346.8661276561 909.213872343905
			vertex 938.834861873538 -2098.78474359724 1087.83745520145
			vertex 912.539208154547 -2091.74874736222 1075.6137939525
		endloop
	endfacet
	facet normal -0.408248290463863 -0.816496580927726 0.408248290463863
		outer loop
			vertex 912.539208154547 -2091.74874736222 1075.6137939525
			vertex 887.546551022917 -2086.605077981 1060.90847558331
			vertex 1256.3740471337 -2346.8661276561 909.213872343905
		endloop
	endfacet
	facet normal -0.408248290463863 -0.816496580927726 0.408248290463863
		outer loop
			vertex 1256.3740471337 -2346.8661276561 909.213872343905
			vertex 887.546551022917 -2086.605077981 1060.90847558331
			vertex 864.09039945648 -2083.40179328804 1043.85889340278
		endloop
	endfacet
	facet normal -0.408248290463863 -0.816496580927726 0.408248290463863
		outer loop
			vertex 1256.3740471337 -2346.8661276561 909.213872343905
			vertex 864.09039945648 -2083.40179328804 1043.85889340278
			vertex 842.38990670282 -2082.16882190321 1024.62434341879
		endloop
	endfacet
	facet normal -0.408248290463863 -0.816496580927726 0.408248290463863
		outer loop
			vertex 1256.3740471337 -2450 702.946127656095
			vertex 776.91490541828 -2096.89328257186 929.700420796946
			vertex 1057.89 -2450 504.462080522393
		endloop
	endfacet
	facet normal -0.408248290463863 -0.816496580927726 0.408248290463863
		outer loop
			vertex 1057.89 -2450 504.462080522393
			vertex 776.91490541828 -2096.89328257186 929.700420796946
			vertex 766.643289953681 -2105.31635767136 902.58265513335
		endloop
	endfacet
	facet normal -0.408248290463863 -0.816496580927726 0.408248290463863
		outer loop
			vertex 1057.89 -2450 504.462080522393
			vertex 766.643289953681 -2105.31635767136 902.58265513335
			vertex 759.037791714221 -2115.50499603973 874.599880157164
		endloop
	endfacet
	facet normal -0.408248290463863 -0.816496580927726 0.408248290463863
		outer loop
			vertex 759.037791714221 -2115.50499603973 874.599880157164
			vertex 754.169469655756 -2127.36400417598 846.013541826182
			vertex 1057.89 -2450 504.462080522393
		endloop
	endfacet
	facet normal -0.408248290463863 -0.816496580927726 0.408248290463863
		outer loop
			vertex 1057.89 -2450 504.462080522393
			vertex 754.169469655756 -2127.36400417598 846.013541826182
			vertex 752.083809014231 -2140.78258214172 817.090725252946
		endloop
	endfacet
	facet normal -0.408248290463863 -0.816496580927726 0.408248290463863
		outer loop
			vertex 1057.89 -2450 504.462080522393
			vertex 752.083809014231 -2140.78258214172 817.090725252946
			vertex 752.037441063156 -2142.44017156635 813.729178452852
		endloop
	endfacet
	facet normal -0.408248290463863 -0.816496580927726 0.408248290463863
		outer loop
			vertex 752.000236042003 -2144.0979919597 810.376332633953
			vertex 752.000220952224 -2144.10409903739 810.364103399836
			vertex 752.037441063156 -2142.44017156635 813.729178452852
		endloop
	endfacet
	facet normal -0.408248290463863 -0.816496580927726 0.408248290463863
		outer loop
			vertex 752.037441063156 -2142.44017156635 813.729178452852
			vertex 752.000220952224 -2144.10409903739 810.364103399836
			vertex 752.000206359116 -2144.11020635912 810.351874163278
		endloop
	endfacet
	facet normal -0.408248290463863 -0.816496580927726 0.408248290463863
		outer loop
			vertex 752.037441063156 -2142.44017156635 813.729178452852
			vertex 752.000206359116 -2144.11020635912 810.351874163278
			vertex 1057.89 -2450 504.462080522393
		endloop
	endfacet
	facet normal 0 -0.707106781186547 0.707106781186548
		outer loop
			vertex 1055.58791947761 -2146.08 1110
			vertex 1256.3740471337 -2346.8661276561 909.213872343905
			vertex 1452 -2146.08 1110
		endloop
	endfacet
	facet normal 0 -0.707106781186547 0.707106781186548
		outer loop
			vertex 1452 -2146.08 1110
			vertex 1256.3740471337 -2346.8661276561 909.213872343905
			vertex 1457.11653998084 -2146.12363480895 1109.95636519105
		endloop
	endfacet
	facet normal 0 -0.707106781186547 0.707106781186548
		outer loop
			vertex 1452 -2146.08 1110
			vertex 1457.11653998084 -2146.12363480895 1109.95636519105
			vertex 1454.55836302018 -2146.09090890058 1109.98909109942
		endloop
	endfacet
	facet normal 0 0 -1
		outer loop
			vertex 1051.94217426031 -1850 200
			vertex 1452.01206040909 -1850 200
			vertex 783.503563850887 -2016.05705527554 200
		endloop
	endfacet
	facet normal 0 0 -1
		outer loop
			vertex 783.503563850887 -2016.05705527554 200
			vertex 1452.01206040909 -1850 200
			vertex 1721.46349477204 -2018.10638938999 200
		endloop
	endfacet
	facet normal 0 0 -1
		outer loop
			vertex 783.503563850887 -2016.05705527554 200
			vertex 1721.46349477204 -2018.10638938999 200
			vertex 770.339392739466 -2046.5598074261 200
		endloop
	endfacet
	facet normal 0 0 -1
		outer loop
			vertex 770.339392739466 -2046.5598074261 200
			vertex 1721.46349477204 -2018.10638938999 200
			vertex 1734.47195987283 -2048.92376542957 200
		endloop
	endfacet
	facet normal 0 0 -1
		outer loop
			vertex 770.339392739466 -2046.5598074261 200
			vertex 1734.47195987283 -2048.92376542957 200
			vertex 760.628651988176 -2078.3310964127 200
		endloop
	endfacet
	facet normal 0 0 -1
		outer loop
			vertex 760.628651988176 -2078.3310964127 200
			vertex 1734.47195987283 -2048.92376542957 200
			vertex 1743.96872397563 -2080.99777830322 200
		endloop
	endfacet
	facet normal 0 0 -1
		outer loop
			vertex 760.628651988176 -2078.3310964127 200
			vertex 1743.96872397563 -2080.99777830322 200
			vertex 754.490429081696 -2110.98129563659 200
		endloop
	endfacet
	facet normal 0 0 -1
		outer loop
			vertex 754.490429081696 -2110.98129563659 200
			vertex 1743.96872397563 -2080.99777830322 200
			vertex 1749.83571794556 -2113.92966576812 200
		endloop
	endfacet
	facet normal 0 0 -1
		outer loop
			vertex 754.490429081696 -2110.98129563659 200
			vertex 1749.83571794556 -2113.92966576812 200
			vertex 752 -2144.11 200
		endloop
	endfacet
	facet normal 0 0 -1
		outer loop
			vertex 752 -2144.11 200
			vertex 1749.83571794556 -2113.92966576812 200
			vertex 1752 -2147.31 200
		endloop
	endfacet
	facet normal 0 0 -1
		outer loop
			vertex 752 -2144.11 200
			vertex 1752 -2147.31 200
			vertex 1057.89 -2450 200
		endloop
	endfacet
	facet normal 0 0 -1
		outer loop
			vertex 1057.89 -2450 200
			vertex 1752 -2147.31 200
			vertex 1449.31 -2450 200
		endloop
	endfacet
	facet normal 0 0 -1
		outer loop
			vertex 783.503563850887 -2016.05705527554 200
			vertex 799.959726760161 -1987.19690988241 200
			vertex 1051.94217426031 -1850 200
		endloop
	endfacet
	facet normal 0 0 -1
		outer loop
			vertex 1051.94217426031 -1850 200
			vertex 799.959726760161 -1987.19690988241 200
			vertex 819.506071626151 -1960.33329709133 200
		endloop
	endfacet
	facet normal 0 0 -1
		outer loop
			vertex 1051.94217426031 -1850 200
			vertex 819.506071626151 -1960.33329709133 200
			vertex 841.902892220017 -1935.79565830731 200
		endloop
	endfacet
	facet normal 0 0 -1
		outer loop
			vertex 841.902892220017 -1935.79565830731 200
			vertex 866.875525557993 -1913.88491039729 200
			vertex 1051.94217426031 -1850 200
		endloop
	endfacet
	facet normal 0 0 -1
		outer loop
			vertex 1051.94217426031 -1850 200
			vertex 866.875525557993 -1913.88491039729 200
			vertex 894.11772022567 -1894.86975540193 200
		endloop
	endfacet
	facet normal 0 0 -1
		outer loop
			vertex 1051.94217426031 -1850 200
			vertex 894.11772022567 -1894.86975540193 200
			vertex 923.295392086402 -1878.98338531319 200
		endloop
	endfacet
	facet normal 0 0 -1
		outer loop
			vertex 923.295392086402 -1878.98338531319 200
			vertex 954.050721315762 -1866.42062232876 200
			vertex 1051.94217426031 -1850 200
		endloop
	endfacet
	facet normal 0 0 -1
		outer loop
			vertex 1051.94217426031 -1850 200
			vertex 954.050721315762 -1866.42062232876 200
			vertex 986.006540518162 -1857.3355296538 200
		endloop
	endfacet
	facet normal 0 0 -1
		outer loop
			vertex 1051.94217426031 -1850 200
			vertex 986.006540518162 -1857.3355296538 200
			vertex 1018.77096011204 -1851.83952214968 200
		endloop
	endfacet
	facet normal 0 0 -1
		outer loop
			vertex 1485.41045910177 -1851.86488471707 200
			vertex 1518.39363003915 -1857.43635356824 200
			vertex 1452.01206040909 -1850 200
		endloop
	endfacet
	facet normal 0 0 -1
		outer loop
			vertex 1452.01206040909 -1850 200
			vertex 1518.39363003915 -1857.43635356824 200
			vertex 1550.55150781187 -1866.64513890608 200
		endloop
	endfacet
	facet normal 0 0 -1
		outer loop
			vertex 1452.01206040909 -1850 200
			vertex 1550.55150781187 -1866.64513890608 200
			vertex 1581.48428752131 -1879.37675191034 200
		endloop
	endfacet
	facet normal 0 0 -1
		outer loop
			vertex 1581.48428752131 -1879.37675191034 200
			vertex 1610.80739537992 -1895.47290597757 200
			vertex 1452.01206040909 -1850 200
		endloop
	endfacet
	facet normal 0 0 -1
		outer loop
			vertex 1452.01206040909 -1850 200
			vertex 1610.80739537992 -1895.47290597757 200
			vertex 1638.15626994966 -1914.73348462963 200
		endloop
	endfacet
	facet normal 0 0 -1
		outer loop
			vertex 1452.01206040909 -1850 200
			vertex 1638.15626994966 -1914.73348462963 200
			vertex 1663.19089457577 -1936.91902947471 200
		endloop
	endfacet
	facet normal 0 0 -1
		outer loop
			vertex 1663.19089457577 -1936.91902947471 200
			vertex 1685.60002466584 -1961.75371728933 200
			vertex 1452.01206040909 -1850 200
		endloop
	endfacet
	facet normal 0 0 -1
		outer loop
			vertex 1452.01206040909 -1850 200
			vertex 1685.60002466584 -1961.75371728933 200
			vertex 1705.10505725835 -1988.92878920844 200
		endloop
	endfacet
	facet normal 0 0 -1
		outer loop
			vertex 1452.01206040909 -1850 200
			vertex 1705.10505725835 -1988.92878920844 200
			vertex 1721.46349477204 -2018.10638938999 200
		endloop
	endfacet
	facet normal 0 1 0
		outer loop
			vertex 1051.94217426031 -1850 1090
			vertex 1452.01206040909 -1850 1090
			vertex 1051.94217426031 -1850 200
		endloop
	endfacet
	facet normal 0 1 0
		outer loop
			vertex 1051.94217426031 -1850 200
			vertex 1452.01206040909 -1850 1090
			vertex 1452.01206040909 -1850 200
		endloop
	endfacet
	facet normal 0 1 0
		outer loop
			vertex 1452.01206040909 -1850 1090
			vertex 1452.0922387806 -1850.00001071429 1090.02070196384
			vertex 1452.01206040909 -1850 200
		endloop
	endfacet
	facet normal 0 1 0
		outer loop
			vertex 1452.01206040909 -1850 200
			vertex 1452.0922387806 -1850.00001071429 1090.02070196384
			vertex 1478.75853404254 -1851.19466847431 1096.80878155099
		endloop
	endfacet
	facet normal 0 1 0
		outer loop
			vertex 1452.01206040909 -1850 200
			vertex 1478.75853404254 -1851.19466847431 1096.80878155099
			vertex 1485.41045910177 -1851.86488471707 200
		endloop
	endfacet
	facet normal 0.111327995642282 0.993783717609758 0
		outer loop
			vertex 1485.41045910177 -1851.86488471707 200
			vertex 1478.75853404254 -1851.19466847431 1096.80878155099
			vertex 1506.44035685047 -1854.97871170628 1103.20457867548
		endloop
	endfacet
	facet normal 0.111327995642282 0.993783717609758 0
		outer loop
			vertex 1485.41045910177 -1851.86488471707 200
			vertex 1506.44035685047 -1854.97871170628 1103.20457867548
			vertex 1518.39363003915 -1857.43635356824 200
		endloop
	endfacet
	facet normal 0.221271898766861 0.975212154772544 0
		outer loop
			vertex 1518.39363003915 -1857.43635356824 200
			vertex 1506.44035685047 -1854.97871170628 1103.20457867548
			vertex 1511.00097950794 -1855.85665497321 1104.14092611723
		endloop
	endfacet
	facet normal 0.221271898766861 0.975212154772544 0
		outer loop
			vertex 1518.39363003915 -1857.43635356824 200
			vertex 1511.00097950794 -1855.85665497321 1104.14092611723
			vertex 1512.21127984757 -1856.10196669764 1103.89556270743
		endloop
	endfacet
	facet normal 0.200664064794947 0.979660111007879 0
		outer loop
			vertex 1512.21127984757 -1856.10196669764 1103.89556270743
			vertex 1527.22856738792 -1859.58260346518 1100.41427269019
			vertex 1518.39363003915 -1857.43635356824 200
		endloop
	endfacet
	facet normal 0.221271898766861 0.975212154772544 0
		outer loop
			vertex 1518.39363003915 -1857.43635356824 200
			vertex 1527.22856738792 -1859.58260346518 1100.41427269019
			vertex 1550.55150781187 -1866.64513890608 200
		endloop
	endfacet
	facet normal 0.250721986433201 0.968059133275953 0
		outer loop
			vertex 1527.22856738792 -1859.58260346518 1100.41427269019
			vertex 1541.96049618275 -1863.80202848051 1096.19418080484
			vertex 1550.55150781187 -1866.64513890608 200
		endloop
	endfacet
	facet normal 0.32846482467592 0.944516203646405 0
		outer loop
			vertex 1550.55150781187 -1866.64513890608 200
			vertex 1541.96049618275 -1863.80202848051 1096.19418080484
			vertex 1556.34226431614 -1868.72609682864 1091.2694294275
		endloop
	endfacet
	facet normal 0.32846482467592 0.944516203646405 0
		outer loop
			vertex 1550.55150781187 -1866.64513890608 200
			vertex 1556.34226431614 -1868.72609682864 1091.2694294275
			vertex 1570.31510457539 -1874.31106344107 1085.68376090971
		endloop
	endfacet
	facet normal 0.32846482467592 0.944516203646405 0
		outer loop
			vertex 1550.55150781187 -1866.64513890608 200
			vertex 1570.31510457539 -1874.31106344107 1085.68376090971
			vertex 1581.48428752131 -1879.37675191034 200
		endloop
	endfacet
	facet normal 0.431574090374086 0.902077493632216 0
		outer loop
			vertex 1581.48428752131 -1879.37675191034 200
			vertex 1570.31510457539 -1874.31106344107 1085.68376090971
			vertex 1596.85692962488 -1887.28349145541 1072.70985885507
		endloop
	endfacet
	facet normal 0.431574090374086 0.902077493632216 0
		outer loop
			vertex 1581.48428752131 -1879.37675191034 200
			vertex 1596.85692962488 -1887.28349145541 1072.70985885507
			vertex 1610.80739537992 -1895.47290597757 200
		endloop
	endfacet
	facet normal 0.529317783236098 0.848423646741428 0
		outer loop
			vertex 1610.80739537992 -1895.47290597757 200
			vertex 1596.85692962488 -1887.28349145541 1072.70985885507
			vertex 1621.251151917 -1902.29426751571 1057.69749206395
		endloop
	endfacet
	facet normal 0.529317783236098 0.848423646741428 0
		outer loop
			vertex 1610.80739537992 -1895.47290597757 200
			vertex 1621.251151917 -1902.29426751571 1057.69749206395
			vertex 1638.15626994966 -1914.73348462963 200
		endloop
	endfacet
	facet normal 0.620480698468565 0.784221717901234 0
		outer loop
			vertex 1638.15626994966 -1914.73348462963 200
			vertex 1621.251151917 -1902.29426751571 1057.69749206395
			vertex 1643.21663786486 -1918.82731657923 1041.16270764044
		endloop
	endfacet
	facet normal 0.620480698468565 0.784221717901234 0
		outer loop
			vertex 1638.15626994966 -1914.73348462963 200
			vertex 1643.21663786486 -1918.82731657923 1041.16270764044
			vertex 1663.19089457577 -1936.91902947471 200
		endloop
	endfacet
	facet normal 0.703929447222282 0.71026990175097 0
		outer loop
			vertex 1663.19089457577 -1936.91902947471 200
			vertex 1643.21663786486 -1918.82731657923 1041.16270764044
			vertex 1662.56428822347 -1936.29983771087 1023.68827886654
		endloop
	endfacet
	facet normal 0.703929447222282 0.71026990175097 0
		outer loop
			vertex 1663.19089457577 -1936.91902947471 200
			vertex 1662.56428822347 -1936.29983771087 1023.68827886654
			vertex 1675.25498933368 -1949.59464409185 1010.39192077336
		endloop
	endfacet
	facet normal 0.703929447222282 0.71026990175097 0
		outer loop
			vertex 1663.19089457577 -1936.91902947471 200
			vertex 1675.25498933368 -1949.59464409185 1010.39192077336
			vertex 1685.60002466584 -1961.75371728933 200
		endloop
	endfacet
	facet normal 0.778626547522517 0.627487609035561 0
		outer loop
			vertex 1685.60002466584 -1961.75371728933 200
			vertex 1675.25498933368 -1949.59464409185 1010.39192077336
			vertex 1686.91458991869 -1963.39667304683 996.588143898089
		endloop
	endfacet
	facet normal 0.778626547522517 0.627487609035561 0
		outer loop
			vertex 1685.60002466584 -1961.75371728933 200
			vertex 1686.91458991869 -1963.39667304683 996.588143898089
			vertex 1697.52116336927 -1977.59065341258 982.392172324491
		endloop
	endfacet
	facet normal 0.778626547522517 0.627487609035561 0
		outer loop
			vertex 1685.60002466584 -1961.75371728933 200
			vertex 1697.52116336927 -1977.59065341258 982.392172324491
			vertex 1705.10505725835 -1988.92878920844 200
		endloop
	endfacet
	facet normal 0.843643322830876 0.536904035971865 0
		outer loop
			vertex 1705.10505725835 -1988.92878920844 200
			vertex 1697.52116336927 -1977.59065341258 982.392172324491
			vertex 1707.067884572 -1992.05530537376 967.925217302252
		endloop
	endfacet
	facet normal 0.843643322830876 0.536904035971865 0
		outer loop
			vertex 1705.10505725835 -1988.92878920844 200
			vertex 1707.067884572 -1992.05530537376 967.925217302252
			vertex 1715.55611295108 -2006.66743415716 953.310390276474
		endloop
	endfacet
	facet normal 0.843643322830876 0.536904035971865 0
		outer loop
			vertex 1705.10505725835 -1988.92878920844 200
			vertex 1715.55611295108 -2006.66743415716 953.310390276474
			vertex 1721.46349477204 -2018.10638938999 200
		endloop
	endfacet
	facet normal 0.898171447876517 0.439645368700048 0
		outer loop
			vertex 1721.46349477204 -2018.10638938999 200
			vertex 1715.55611295108 -2006.66743415716 953.310390276474
			vertex 1723.00294055898 -2021.2990175811 938.675585129378
		endloop
	endfacet
	facet normal 0.898171447876517 0.439645368700048 0
		outer loop
			vertex 1721.46349477204 -2018.10638938999 200
			vertex 1723.00294055898 -2021.2990175811 938.675585129378
			vertex 1729.4330397379 -2035.81904517552 924.151652632701
		endloop
	endfacet
	facet normal 0.898171447876517 0.439645368700048 0
		outer loop
			vertex 1721.46349477204 -2018.10638938999 200
			vertex 1729.4330397379 -2035.81904517552 924.151652632701
			vertex 1734.47195987283 -2048.92376542957 200
		endloop
	endfacet
	facet normal 0.941532998212453 0.336920781901427 0
		outer loop
			vertex 1734.47195987283 -2048.92376542957 200
			vertex 1729.4330397379 -2035.81904517552 924.151652632701
			vertex 1734.88748104209 -2050.09256082903 909.873285064927
		endloop
	endfacet
	facet normal 0.941532998212453 0.336920781901427 0
		outer loop
			vertex 1734.47195987283 -2048.92376542957 200
			vertex 1734.88748104209 -2050.09256082903 909.873285064927
			vertex 1743.26857525923 -2078.09977359319 881.851353963992
		endloop
	endfacet
	facet normal 0.941532998212453 0.336920781901427 0
		outer loop
			vertex 1734.47195987283 -2048.92376542957 200
			vertex 1743.26857525923 -2078.09977359319 881.851353963992
			vertex 1743.96872397563 -2080.99777830322 200
		endloop
	endfacet
	facet normal 0.97318887855515 0.230007405655925 0
		outer loop
			vertex 1743.96872397563 -2080.99777830322 200
			vertex 1743.26857525923 -2078.09977359319 881.851353963992
			vertex 1746.26874596538 -2091.58594602771 868.353374110946
		endloop
	endfacet
	facet normal 0.97318887855515 0.230007405655925 0
		outer loop
			vertex 1743.96872397563 -2080.99777830322 200
			vertex 1746.26874596538 -2091.58594602771 868.353374110946
			vertex 1749.83571794556 -2113.92966576812 200
		endloop
	endfacet
	facet normal 0.992745525121564 0.120234447439615 0
		outer loop
			vertex 1749.83571794556 -2113.92966576812 200
			vertex 1746.26874596538 -2091.58594602771 868.353374110946
			vertex 1748.52542798122 -2104.39492516133 855.526591796125
		endloop
	endfacet
	facet normal 0.992745525121564 0.120234447439615 0
		outer loop
			vertex 1749.83571794556 -2113.92966576812 200
			vertex 1748.52542798122 -2104.39492516133 855.526591796125
			vertex 1750.14691084533 -2116.5992372039 843.292935487691
		endloop
	endfacet
	facet normal 0.993782834787465 0.111335875986986 0
		outer loop
			vertex 1750.14691084533 -2116.5992372039 843.292935487691
			vertex 1751.20770084237 -2128.04621340823 831.788798879716
			vertex 1749.83571794556 -2113.92966576812 200
		endloop
	endfacet
	facet normal 0.992745525121564 0.120234447439615 0
		outer loop
			vertex 1749.83571794556 -2113.92966576812 200
			vertex 1751.20770084237 -2128.04621340823 831.788798879716
			vertex 1752 -2147.31 200
		endloop
	endfacet
	facet normal 0.997318801444281 0.0731792886392268 0
		outer loop
			vertex 1751.20770084237 -2128.04621340823 831.788798879716
			vertex 1751.79245221405 -2138.52321084701 821.15731130177
			vertex 1752 -2147.31 200
		endloop
	endfacet
	facet normal 0.99995979863637 0.0089666666666662 0
		outer loop
			vertex 1752 -2147.31 200
			vertex 1751.79245221405 -2138.52321084701 821.15731130177
			vertex 1751.87572300311 -2140.95655730927 818.634277813653
		endloop
	endfacet
	facet normal 0.99995979863637 0.0089666666666662 0
		outer loop
			vertex 1752 -2147.31 200
			vertex 1751.87572300311 -2140.95655730927 818.634277813653
			vertex 1751.9375521608 -2143.31423919874 816.120849923384
		endloop
	endfacet
	facet normal 0.999751639172385 0.0222858693375313 0
		outer loop
			vertex 1751.9375521608 -2143.31423919874 816.120849923384
			vertex 1751.96073437103 -2144.45085696047 814.853641477526
			vertex 1752 -2147.31 200
		endloop
	endfacet
	facet normal 0.99995979863637 0.0089666666666662 0
		outer loop
			vertex 1752 -2147.31 200
			vertex 1751.96073437103 -2144.45085696047 814.853641477526
			vertex 1751.97918674882 -2145.55892856542 813.533768175704
		endloop
	endfacet
	facet normal 0.99995979863637 0.0089666666666662 0
		outer loop
			vertex 1752 -2147.31 200
			vertex 1751.97918674882 -2145.55892856542 813.533768175704
			vertex 1751.98664102519 -2146.09474915089 812.831113989905
		endloop
	endfacet
	facet normal 0.999915268720336 0.0130175028303533 0
		outer loop
			vertex 1751.98664102519 -2146.09474915089 812.831113989905
			vertex 1751.99288378973 -2146.60800886342 812.066319316885
			vertex 1752 -2147.31 200
		endloop
	endfacet
	facet normal 0.99995979863637 0.0089666666666662 0
		outer loop
			vertex 1752 -2147.31 200
			vertex 1751.99288378973 -2146.60800886342 812.066319316885
			vertex 1752 -2147.31 810
		endloop
	endfacet
	facet normal 0.999936077935481 0.0113066371219335 0
		outer loop
			vertex 1751.99288378973 -2146.60800886342 812.066319316885
			vertex 1751.99550044758 -2146.84790498497 811.643079819151
			vertex 1752 -2147.31 810
		endloop
	endfacet
	facet normal 0.99995979863637 0.0089666666666662 0
		outer loop
			vertex 1752 -2147.31 810
			vertex 1751.99550044758 -2146.84790498497 811.643079819151
			vertex 1751.9976967158 -2147.06435532479 811.175570165717
		endloop
	endfacet
	facet normal 0.99995979863637 0.0089666666666662 0
		outer loop
			vertex 1752 -2147.31 810
			vertex 1751.9976967158 -2147.06435532479 811.175570165717
			vertex 1751.99931754501 -2147.23494013321 810.639900404834
		endloop
	endfacet
	facet normal 0.999957523786403 0.00921686622262255 0
		outer loop
			vertex 1751.99931754501 -2147.23494013321 810.639900404834
			vertex 1751.99981357422 -2147.28926483119 810.335797517572
			vertex 1752 -2147.31 810
		endloop
	endfacet
	facet normal 0.200704266158578 0 0.979651875691435
		outer loop
			vertex 1512.21127984757 -1856.10196669764 1103.89556270743
			vertex 1511.00097950794 -1855.85665497321 1104.14092611723
			vertex 1514.58298888034 -2120.66875527349 1103.39967536247
		endloop
	endfacet
	facet normal 0.208609962934464 0 0.977998917874903
		outer loop
			vertex 1514.58298888034 -2120.66875527349 1103.39967536247
			vertex 1511.00097950794 -1855.85665497321 1104.14092611723
			vertex 1506.4282964426 -1856.79542132427 1105.0212882935
		endloop
	endfacet
	facet normal 0.208609962934464 0 0.977998917874903
		outer loop
			vertex 1514.58298888034 -2120.66875527349 1103.39967536247
			vertex 1506.4282964426 -1856.79542132427 1105.0212882935
			vertex 1486.00814751473 -2132.62292511135 1108.06617705237
		endloop
	endfacet
	facet normal 0.113360491715763 0 0.993553923507909
		outer loop
			vertex 1486.00814751473 -2132.62292511135 1108.06617705237
			vertex 1506.4282964426 -1856.79542132427 1105.0212882935
			vertex 1478.74647363414 -1863.19121844884 1108.80533152562
		endloop
	endfacet
	facet normal 0.113360491715763 0 0.993553923507909
		outer loop
			vertex 1486.00814751473 -2132.62292511135 1108.06617705237
			vertex 1478.74647363414 -1863.19121844884 1108.80533152562
			vertex 1457.11653998084 -2146.12363480895 1109.95636519105
		endloop
	endfacet
	facet normal 0.0170551332694783 0 0.999854550636821
		outer loop
			vertex 1457.11653998084 -2146.12363480895 1109.95636519105
			vertex 1478.74647363414 -1863.19121844884 1108.80533152562
			vertex 1452.08017837074 -1869.97929803616 1109.99998928571
		endloop
	endfacet
	facet normal 0.0170551332694783 0 0.999854550636821
		outer loop
			vertex 1457.11653998084 -2146.12363480895 1109.95636519105
			vertex 1452.08017837074 -1869.97929803616 1109.99998928571
			vertex 1454.55836302018 -2146.09090890058 1109.98909109942
		endloop
	endfacet
	facet normal 0.00852787673393696 0 0.999963636998071
		outer loop
			vertex 1454.55836302018 -2146.09090890058 1109.98909109942
			vertex 1452.08017837074 -1869.97929803616 1109.99998928571
			vertex 1452 -2146.08 1110
		endloop
	endfacet
	facet normal 0.000267261235783837 0 0.999999964285715
		outer loop
			vertex 1452.08017837074 -1869.97929803616 1109.99998928571
			vertex 1452 -1870 1110
			vertex 1452 -2146.08 1110
		endloop
	endfacet
	facet normal 0.200704266158578 0 0.979651875691435
		outer loop
			vertex 1512.21127984757 -1856.10196669764 1103.89556270743
			vertex 1514.58298888034 -2120.66875527349 1103.39967536247
			vertex 1527.22856738792 -1859.58260346518 1100.41427269019
		endloop
	endfacet
	facet normal 0.250762187842625 0 0.968048720441477
		outer loop
			vertex 1527.22856738792 -1859.58260346518 1100.41427269019
			vertex 1514.58298888034 -2120.66875527349 1103.39967536247
			vertex 1542.57490600469 -2110.37247145363 1096.00032587786
		endloop
	endfacet
	facet normal 0.250762187842625 0 0.968048720441477
		outer loop
			vertex 1527.22856738792 -1859.58260346518 1100.41427269019
			vertex 1542.57490600469 -2110.37247145363 1096.00032587786
			vertex 1541.96049618275 -1863.80202848051 1096.19418080484
		endloop
	endfacet
	facet normal 0.299868320609157 0 0.953980602682803
		outer loop
			vertex 1541.96049618275 -1863.80202848051 1096.19418080484
			vertex 1542.57490600469 -2110.37247145363 1096.00032587786
			vertex 1556.34226431614 -1868.72609682864 1091.2694294275
		endloop
	endfacet
	facet normal 0.301916353348951 0 0.953334419592868
		outer loop
			vertex 1542.57490600469 -2110.37247145363 1096.00032587786
			vertex 1569.72317041597 -2101.82997756335 1085.93704924713
			vertex 1556.34226431614 -1868.72609682864 1091.2694294275
		endloop
	endfacet
	facet normal 0.347807934071364 0 0.93756580622216
		outer loop
			vertex 1556.34226431614 -1868.72609682864 1091.2694294275
			vertex 1569.72317041597 -2101.82997756335 1085.93704924713
			vertex 1570.31510457539 -1874.31106344107 1085.68376090971
		endloop
	endfacet
	facet normal 0.392410568053233 0 0.919790164157097
		outer loop
			vertex 1569.72317041597 -2101.82997756335 1085.93704924713
			vertex 1595.77491177807 -2095.12084197833 1073.30357905507
			vertex 1570.31510457539 -1874.31106344107 1085.68376090971
		endloop
	endfacet
	facet normal 0.39438368191795 0 0.918945869698995
		outer loop
			vertex 1570.31510457539 -1874.31106344107 1085.68376090971
			vertex 1595.77491177807 -2095.12084197833 1073.30357905507
			vertex 1596.85692962488 -1887.28349145541 1072.70985885507
		endloop
	endfacet
	facet normal 0.47924970592691 0 0.87767859685022
		outer loop
			vertex 1595.77491177807 -2095.12084197833 1073.30357905507
			vertex 1620.48747323106 -2090.30755640503 1058.21758874869
			vertex 1596.85692962488 -1887.28349145541 1072.70985885507
		endloop
	endfacet
	facet normal 0.482856432082936 0 0.875699529516909
		outer loop
			vertex 1596.85692962488 -1887.28349145541 1072.70985885507
			vertex 1620.48747323106 -2090.30755640503 1058.21758874869
			vertex 1621.251151917 -1902.29426751571 1057.69749206395
		endloop
	endfacet
	facet normal 0.561624910770193 0 0.827391962495632
		outer loop
			vertex 1620.48747323106 -2090.30755640503 1058.21758874869
			vertex 1643.63067159908 -2087.43495380669 1040.81959557734
			vertex 1621.251151917 -1902.29426751571 1057.69749206395
		endloop
	endfacet
	facet normal 0.564170506389986 0 0.825658306879829
		outer loop
			vertex 1621.251151917 -1902.29426751571 1057.69749206395
			vertex 1643.63067159908 -2087.43495380669 1040.81959557734
			vertex 1643.21663786486 -1918.82731657923 1041.16270764044
		endloop
	endfacet
	facet normal 0.637388792882871 0 0.770542358801459
		outer loop
			vertex 1643.21663786486 -1918.82731657923 1041.16270764044
			vertex 1643.63067159908 -2087.43495380669 1040.81959557734
			vertex 1662.56428822347 -1936.29983771087 1023.68827886654
		endloop
	endfacet
	facet normal 0.701880960744904 0 0.712294262888458
		outer loop
			vertex 1662.56428822347 -1936.29983771087 1023.68827886654
			vertex 1643.63067159908 -2087.43495380669 1040.81959557734
			vertex 1664.98894141313 -2086.52979081033 1021.27165175602
		endloop
	endfacet
	facet normal 0.701880960744904 0 0.712294262888458
		outer loop
			vertex 1662.56428822347 -1936.29983771087 1023.68827886654
			vertex 1664.98894141313 -2086.52979081033 1021.27165175602
			vertex 1675.25498933368 -1949.59464409185 1010.39192077336
		endloop
	endfacet
	facet normal 0.744184487757258 0 0.667974137359724
		outer loop
			vertex 1675.25498933368 -1949.59464409185 1010.39192077336
			vertex 1664.98894141313 -2086.52979081033 1021.27165175602
			vertex 1684.36334277839 -2087.60049848422 999.755835042966
		endloop
	endfacet
	facet normal 0.744184487757258 0 0.667974137359724
		outer loop
			vertex 1675.25498933368 -1949.59464409185 1010.39192077336
			vertex 1684.36334277839 -2087.60049848422 999.755835042966
			vertex 1686.91458991869 -1963.39667304683 996.588143898089
		endloop
	endfacet
	facet normal 0.783048633062299 0 0.621960479660296
		outer loop
			vertex 1686.91458991869 -1963.39667304683 996.588143898089
			vertex 1684.36334277839 -2087.60049848422 999.755835042966
			vertex 1697.52116336927 -1977.59065341258 982.392172324491
		endloop
	endfacet
	facet normal 0.774544475927959 0 0.632519450143222
		outer loop
			vertex 1684.36334277839 -2087.60049848422 999.755835042966
			vertex 1701.57341438391 -2090.63710380744 976.472552791009
			vertex 1697.52116336927 -1977.59065341258 982.392172324491
		endloop
	endfacet
	facet normal 0.818405229445104 0 0.574641523401248
		outer loop
			vertex 1697.52116336927 -1977.59065341258 982.392172324491
			vertex 1701.57341438391 -2090.63710380744 976.472552791009
			vertex 1707.067884572 -1992.05530537376 967.925217302252
		endloop
	endfacet
	facet normal 0.831911381279713 0 0.554908509303363
		outer loop
			vertex 1701.57341438391 -2090.63710380744 976.472552791009
			vertex 1716.4588543951 -2095.61132256272 951.638675269263
			vertex 1707.067884572 -1992.05530537376 967.925217302252
		endloop
	endfacet
	facet normal 0.850226281906676 0 0.526417391007506
		outer loop
			vertex 1707.067884572 -1992.05530537376 967.925217302252
			vertex 1716.4588543951 -2095.61132256272 951.638675269263
			vertex 1715.55611295108 -2006.66743415716 953.310390276474
		endloop
	endfacet
	facet normal 0.878521876653812 0 0.47770211663825
		outer loop
			vertex 1715.55611295108 -2006.66743415716 953.310390276474
			vertex 1716.4588543951 -2095.61132256272 951.638675269263
			vertex 1723.00294055898 -2021.2990175811 938.675585129378
		endloop
	endfacet
	facet normal 0.903343135196588 0 0.428918617097928
		outer loop
			vertex 1723.00294055898 -2021.2990175811 938.675585129378
			vertex 1716.4588543951 -2095.61132256272 951.638675269263
			vertex 1728.88101357228 -2102.47682278756 925.485515642393
		endloop
	endfacet
	facet normal 0.903343135196588 0 0.428918617097928
		outer loop
			vertex 1723.00294055898 -2021.2990175811 938.675585129378
			vertex 1728.88101357228 -2102.47682278756 925.485515642393
			vertex 1729.4330397379 -2035.81904517552 924.151652632701
		endloop
	endfacet
	facet normal 0.924778384932593 0 0.380506161266102
		outer loop
			vertex 1729.4330397379 -2035.81904517552 924.151652632701
			vertex 1728.88101357228 -2102.47682278756 925.485515642393
			vertex 1734.88748104209 -2050.09256082903 909.873285064927
		endloop
	endfacet
	facet normal 0.922936711907584 0 0.384951718807978
		outer loop
			vertex 1728.88101357228 -2102.47682278756 925.485515642393
			vertex 1738.72418670796 -2111.1696563296 898.256675422645
			vertex 1734.88748104209 -2050.09256082903 909.873285064927
		endloop
	endfacet
	facet normal 0.942958270140305 0 0.332910950216425
		outer loop
			vertex 1734.88748104209 -2050.09256082903 909.873285064927
			vertex 1738.72418670796 -2111.1696563296 898.256675422645
			vertex 1743.26857525923 -2078.09977359319 881.851353963992
		endloop
	endfacet
	facet normal 0.955747289026537 0 0.294188918075485
		outer loop
			vertex 1738.72418670796 -2111.1696563296 898.256675422645
			vertex 1745.89669035376 -2121.60885448649 870.205775463059
			vertex 1743.26857525923 -2078.09977359319 881.851353963992
		endloop
	endfacet
	facet normal 0.970895250864096 0 0.239504513213308
		outer loop
			vertex 1743.26857525923 -2078.09977359319 881.851353963992
			vertex 1745.89669035376 -2121.60885448649 870.205775463059
			vertex 1746.26874596538 -2091.58594602771 868.353374110946
		endloop
	endfacet
	facet normal 0.980900118840452 0 0.194512099517707
		outer loop
			vertex 1746.26874596538 -2091.58594602771 868.353374110946
			vertex 1745.89669035376 -2121.60885448649 870.205775463059
			vertex 1748.52542798122 -2104.39492516133 855.526591796125
		endloop
	endfacet
	facet normal 0.988418093270642 0 0.15175530598707
		outer loop
			vertex 1748.52542798122 -2104.39492516133 855.526591796125
			vertex 1745.89669035376 -2121.60885448649 870.205775463059
			vertex 1750.33171679848 -2133.69718218249 841.59409362633
		endloop
	endfacet
	facet normal 0.988418093270642 0 0.15175530598707
		outer loop
			vertex 1748.52542798122 -2104.39492516133 855.526591796125
			vertex 1750.33171679848 -2133.69718218249 841.59409362633
			vertex 1750.14691084533 -2116.5992372039 843.292935487691
		endloop
	endfacet
	facet normal 0.993823036151096 0 0.110976451625636
		outer loop
			vertex 1750.14691084533 -2116.5992372039 843.292935487691
			vertex 1750.33171679848 -2133.69718218249 841.59409362633
			vertex 1751.20770084237 -2128.04621340823 831.788798879716
		endloop
	endfacet
	facet normal 0.9998691145701 0 0.0161788049250885
		outer loop
			vertex 1751.96073437103 -2144.45085696047 814.853641477526
			vertex 1751.9375521608 -2143.31423919874 816.120849923384
			vertex 1751.98795634327 -2147.32204365673 812.688131133067
		endloop
	endfacet
	facet normal 0.999959854477566 0 0.00896043711022329
		outer loop
			vertex 1751.98795634327 -2147.32204365673 812.688131133067
			vertex 1751.9375521608 -2143.31423919874 816.120849923384
			vertex 1751.87572300311 -2140.95655730927 818.634277813653
		endloop
	endfacet
	facet normal 0.999959854477566 0 0.00896043711022329
		outer loop
			vertex 1751.98795634327 -2147.32204365673 812.688131133067
			vertex 1751.87572300311 -2140.95655730927 818.634277813653
			vertex 1750.33171679848 -2133.69718218249 841.59409362633
		endloop
	endfacet
	facet normal 0.994439055994946 0 0.1053136454211
		outer loop
			vertex 1750.33171679848 -2133.69718218249 841.59409362633
			vertex 1751.87572300311 -2140.95655730927 818.634277813653
			vertex 1751.79245221405 -2138.52321084701 821.15731130177
		endloop
	endfacet
	facet normal 0.994439055994946 0 0.1053136454211
		outer loop
			vertex 1750.33171679848 -2133.69718218249 841.59409362633
			vertex 1751.79245221405 -2138.52321084701 821.15731130177
			vertex 1751.20770084237 -2128.04621340823 831.788798879716
		endloop
	endfacet
	facet normal 0.999997725150034 0 0.00213300134944842
		outer loop
			vertex 1751.99931754501 -2147.23494013321 810.639900404834
			vertex 1751.9976967158 -2147.06435532479 811.175570165717
			vertex 1751.99698907071 -2147.31301092929 811.34407905629
		endloop
	endfacet
	facet normal 0.999989963569026 0 0.00448026352096731
		outer loop
			vertex 1751.99698907071 -2147.31301092929 811.34407905629
			vertex 1751.9976967158 -2147.06435532479 811.175570165717
			vertex 1751.99550044758 -2146.84790498497 811.643079819151
		endloop
	endfacet
	facet normal 0.999989963569026 0 0.00448026352096731
		outer loop
			vertex 1751.99698907071 -2147.31301092929 811.34407905629
			vertex 1751.99550044758 -2146.84790498497 811.643079819151
			vertex 1751.98795634327 -2147.32204365673 812.688131133067
		endloop
	endfacet
	facet normal 0.999959854477566 0 0.00896043711022329
		outer loop
			vertex 1751.98795634327 -2147.32204365673 812.688131133067
			vertex 1751.99550044758 -2146.84790498497 811.643079819151
			vertex 1751.99288378973 -2146.60800886342 812.066319316885
		endloop
	endfacet
	facet normal 0.999959854477566 0 0.00896043711022329
		outer loop
			vertex 1751.98795634327 -2147.32204365673 812.688131133067
			vertex 1751.99288378973 -2146.60800886342 812.066319316885
			vertex 1751.98664102519 -2146.09474915089 812.831113989905
		endloop
	endfacet
	facet normal 1 0 0
		outer loop
			vertex 1752 -2147.31 810
			vertex 1751.99981357422 -2147.28926483119 810.335797517572
			vertex 1751.99698907071 -2147.31301092929 811.34407905629
		endloop
	endfacet
	facet normal 0.999989963569026 0 0.00448026352096731
		outer loop
			vertex 1751.99698907071 -2147.31301092929 811.34407905629
			vertex 1751.99981357422 -2147.28926483119 810.335797517572
			vertex 1751.99931754501 -2147.23494013321 810.639900404834
		endloop
	endfacet
	facet normal 0.999955470083966 0 0.00943704663301811
		outer loop
			vertex 1751.98664102519 -2146.09474915089 812.831113989905
			vertex 1751.97918674882 -2145.55892856542 813.533768175704
			vertex 1751.98795634327 -2147.32204365673 812.688131133067
		endloop
	endfacet
	facet normal 0.999959854477566 0 0.00896043711022329
		outer loop
			vertex 1751.98795634327 -2147.32204365673 812.688131133067
			vertex 1751.97918674882 -2145.55892856542 813.533768175704
			vertex 1751.96073437103 -2144.45085696047 814.853641477526
		endloop
	endfacet
	facet normal -0.999999828034056 0 0.000586457039647067
		outer loop
			vertex 752.000051589783 -2144.11005158978 810.175937111894
			vertex 752.000206359116 -2144.11020635912 810.351874163278
			vertex 752.000059401353 -2144.10696267891 810.190601762366
		endloop
	endfacet
	facet normal -0.999999798172027 0 0.000635339205459188
		outer loop
			vertex 752.000059401353 -2144.10696267891 810.190601762366
			vertex 752.000206359116 -2144.11020635912 810.351874163278
			vertex 752.000220952224 -2144.10409903739 810.364103399836
		endloop
	endfacet
	facet normal -0.999999798172027 0 0.000635339205459188
		outer loop
			vertex 752.000059401353 -2144.10696267891 810.190601762366
			vertex 752.000220952224 -2144.10409903739 810.364103399836
			vertex 752.000236042003 -2144.0979919597 810.376332633953
		endloop
	endfacet
	facet normal -0.999999798172027 0 0.000635339205459188
		outer loop
			vertex 752.000059401353 -2144.10696267891 810.190601762366
			vertex 752 -2144.11 810
			vertex 752.000051589783 -2144.11005158978 810.175937111894
		endloop
	endfacet
	facet normal -0.707106781186548 -0.707106781186547 0
		outer loop
			vertex 752.000206359116 -2144.11020635912 810.351874163278
			vertex 752 -2144.11 810
			vertex 1057.89 -2450 504.462080522393
		endloop
	endfacet
	facet normal -0.707106781186548 -0.707106781186547 0
		outer loop
			vertex 1057.89 -2450 504.462080522393
			vertex 752 -2144.11 810
			vertex 752 -2144.11 200
		endloop
	endfacet
	facet normal -0.707106781186548 -0.707106781186547 0
		outer loop
			vertex 1057.89 -2450 504.462080522393
			vertex 752 -2144.11 200
			vertex 1057.89 -2450 200
		endloop
	endfacet
	facet normal -0.707106781186548 -0.707106781186547 0
		outer loop
			vertex 752.000206359116 -2144.11020635912 810.351874163278
			vertex 752.000051589783 -2144.11005158978 810.175937111894
			vertex 752 -2144.11 810
		endloop
	endfacet
endsolid
