solid
	facet normal 0 0 1
		outer loop
			vertex 0 -500 1000
			vertex 49.9999999999998 -500 1000
			vertex 0 -482.635182233307 1001.51922469878
		endloop
	endfacet
	facet normal 0 -0.173648177666931 0.984807753012208
		outer loop
			vertex 0 -482.635182233307 1001.51922469878
			vertex 49.9999999999998 -500 1000
			vertex 49.9999999999998 -482.635182233307 1001.51922469878
		endloop
	endfacet
	facet normal 0 -0.173648177666931 0.984807753012208
		outer loop
			vertex 0 -482.635182233307 1001.51922469878
			vertex 49.9999999999998 -482.635182233307 1001.51922469878
			vertex 0 -465.797985667433 1006.03073792141
		endloop
	endfacet
	facet normal 0 -0.342020143325668 0.939692620785909
		outer loop
			vertex 0 -465.797985667433 1006.03073792141
			vertex 49.9999999999998 -482.635182233307 1001.51922469878
			vertex 49.9999999999998 -465.797985667433 1006.03073792141
		endloop
	endfacet
	facet normal 0 -0.342020143325668 0.939692620785909
		outer loop
			vertex 0 -465.797985667433 1006.03073792141
			vertex 49.9999999999998 -465.797985667433 1006.03073792141
			vertex 0 -450 1013.39745962156
		endloop
	endfacet
	facet normal 0 -0.5 0.866025403784438
		outer loop
			vertex 0 -450 1013.39745962156
			vertex 49.9999999999998 -465.797985667433 1006.03073792141
			vertex 49.9999999999998 -450 1013.39745962156
		endloop
	endfacet
	facet normal 0 -0.5 0.866025403784438
		outer loop
			vertex 0 -450 1013.39745962156
			vertex 49.9999999999998 -450 1013.39745962156
			vertex 0 -435.721239031346 1023.3955556881
		endloop
	endfacet
	facet normal 0 -0.642787609686539 0.766044443118978
		outer loop
			vertex 0 -435.721239031346 1023.3955556881
			vertex 49.9999999999998 -450 1013.39745962156
			vertex 49.9999999999998 -435.721239031346 1023.3955556881
		endloop
	endfacet
	facet normal 0 -0.642787609686539 0.766044443118978
		outer loop
			vertex 0 -435.721239031346 1023.3955556881
			vertex 49.9999999999998 -435.721239031346 1023.3955556881
			vertex 0 -423.395555688102 1035.72123903135
		endloop
	endfacet
	facet normal 0 -0.766044443118978 0.642787609686539
		outer loop
			vertex 0 -423.395555688102 1035.72123903135
			vertex 49.9999999999998 -435.721239031346 1023.3955556881
			vertex 49.9999999999998 -423.395555688102 1035.72123903135
		endloop
	endfacet
	facet normal 0 -0.766044443118978 0.642787609686539
		outer loop
			vertex 0 -423.395555688102 1035.72123903135
			vertex 49.9999999999998 -423.395555688102 1035.72123903135
			vertex 0 -413.397459621556 1050
		endloop
	endfacet
	facet normal 0 -0.866025403784439 0.5
		outer loop
			vertex 0 -413.397459621556 1050
			vertex 49.9999999999998 -423.395555688102 1035.72123903135
			vertex 49.9999999999998 -413.397459621556 1050
		endloop
	endfacet
	facet normal 0 -0.866025403784439 0.5
		outer loop
			vertex 0 -413.397459621556 1050
			vertex 49.9999999999998 -413.397459621556 1050
			vertex 0 -406.030737921409 1065.79798566743
		endloop
	endfacet
	facet normal 0 -0.939692620785909 0.342020143325668
		outer loop
			vertex 0 -406.030737921409 1065.79798566743
			vertex 49.9999999999998 -413.397459621556 1050
			vertex 49.9999999999998 -406.030737921409 1065.79798566743
		endloop
	endfacet
	facet normal 0 -0.939692620785909 0.342020143325668
		outer loop
			vertex 0 -406.030737921409 1065.79798566743
			vertex 49.9999999999998 -406.030737921409 1065.79798566743
			vertex 0 -401.519224698779 1082.63518223331
		endloop
	endfacet
	facet normal 0 -0.984807753012208 0.173648177666932
		outer loop
			vertex 0 -401.519224698779 1082.63518223331
			vertex 49.9999999999998 -406.030737921409 1065.79798566743
			vertex 49.9999999999998 -401.519224698779 1082.63518223331
		endloop
	endfacet
	facet normal 0 -0.984807753012208 0.173648177666932
		outer loop
			vertex 0 -401.519224698779 1082.63518223331
			vertex 49.9999999999998 -401.519224698779 1082.63518223331
			vertex 0 -400 1100
		endloop
	endfacet
	facet normal 0 -1 0
		outer loop
			vertex 0 -400 1100
			vertex 49.9999999999998 -401.519224698779 1082.63518223331
			vertex 49.9999999999998 -400 1100
		endloop
	endfacet
	facet normal 0 -1 0
		outer loop
			vertex 49.9999999999998 -400 1100
			vertex 50 -400 1990.25999999995
			vertex 0 -400 1100
		endloop
	endfacet
	facet normal 0 -1 0
		outer loop
			vertex 0 -400 1100
			vertex 50 -400 1990.25999999995
			vertex 0 -400 2150
		endloop
	endfacet
	facet normal 0 -1 0
		outer loop
			vertex 0 -400 2150
			vertex 50 -400 1990.25999999995
			vertex 49.9999999999998 -400 2150
		endloop
	endfacet
	facet normal 0 -1 0
		outer loop
			vertex 49.9999999999998 -400 2150
			vertex 50 -400 1990.25999999995
			vertex 2450 -400 1990.25999999995
		endloop
	endfacet
	facet normal 0 -1 0
		outer loop
			vertex 49.9999999999998 -400 2150
			vertex 2450 -400 1990.25999999995
			vertex 2450 -400 2150
		endloop
	endfacet
	facet normal 0 -1 0
		outer loop
			vertex 2450 -400 2150
			vertex 2450 -400 1990.25999999995
			vertex 2500 -400 2150
		endloop
	endfacet
	facet normal 0 -1 0
		outer loop
			vertex 2450 -400 1100
			vertex 2500 -400 1100
			vertex 2450 -400 1990.25999999995
		endloop
	endfacet
	facet normal 0 -1 0
		outer loop
			vertex 2450 -400 1990.25999999995
			vertex 2500 -400 1100
			vertex 2500 -400 2150
		endloop
	endfacet
	facet normal 0 -1 0
		outer loop
			vertex 2450 -400 2400
			vertex 50 -400 2400
			vertex 2450 -400 2150
		endloop
	endfacet
	facet normal 0 -1 0
		outer loop
			vertex 2450 -400 2150
			vertex 50 -400 2400
			vertex 49.9999999999998 -400 2150
		endloop
	endfacet
	facet normal 0 0 -1
		outer loop
			vertex 2500 -500 2250
			vertex 2450 -500 2250
			vertex 2500 -482.635182233307 2248.48077530122
		endloop
	endfacet
	facet normal 0 -0.173648177666931 -0.984807753012208
		outer loop
			vertex 2500 -482.635182233307 2248.48077530122
			vertex 2450 -500 2250
			vertex 2450 -482.635182233307 2248.48077530122
		endloop
	endfacet
	facet normal 0 -0.173648177666931 -0.984807753012208
		outer loop
			vertex 2500 -482.635182233307 2248.48077530122
			vertex 2450 -482.635182233307 2248.48077530122
			vertex 2500 -465.797985667433 2243.96926207859
		endloop
	endfacet
	facet normal 0 -0.342020143325669 -0.939692620785908
		outer loop
			vertex 2500 -465.797985667433 2243.96926207859
			vertex 2450 -482.635182233307 2248.48077530122
			vertex 2450 -465.797985667433 2243.96926207859
		endloop
	endfacet
	facet normal 0 -0.342020143325669 -0.939692620785908
		outer loop
			vertex 2500 -465.797985667433 2243.96926207859
			vertex 2450 -465.797985667433 2243.96926207859
			vertex 2500 -450 2236.60254037844
		endloop
	endfacet
	facet normal 0 -0.5 -0.866025403784439
		outer loop
			vertex 2500 -450 2236.60254037844
			vertex 2450 -465.797985667433 2243.96926207859
			vertex 2450 -450 2236.60254037844
		endloop
	endfacet
	facet normal 0 -0.5 -0.866025403784439
		outer loop
			vertex 2500 -450 2236.60254037844
			vertex 2450 -450 2236.60254037844
			vertex 2500 -435.721239031346 2226.6044443119
		endloop
	endfacet
	facet normal 0 -0.64278760968654 -0.766044443118977
		outer loop
			vertex 2500 -435.721239031346 2226.6044443119
			vertex 2450 -450 2236.60254037844
			vertex 2450 -435.721239031346 2226.6044443119
		endloop
	endfacet
	facet normal 0 -0.64278760968654 -0.766044443118977
		outer loop
			vertex 2500 -435.721239031346 2226.6044443119
			vertex 2450 -435.721239031346 2226.6044443119
			vertex 2500 -423.395555688102 2214.27876096865
		endloop
	endfacet
	facet normal 0 -0.766044443118977 -0.642787609686541
		outer loop
			vertex 2500 -423.395555688102 2214.27876096865
			vertex 2450 -435.721239031346 2226.6044443119
			vertex 2450 -423.395555688102 2214.27876096865
		endloop
	endfacet
	facet normal 0 -0.766044443118977 -0.642787609686541
		outer loop
			vertex 2500 -423.395555688102 2214.27876096865
			vertex 2450 -423.395555688102 2214.27876096865
			vertex 2500 -413.397459621556 2200
		endloop
	endfacet
	facet normal 0 -0.86602540378444 -0.499999999999999
		outer loop
			vertex 2500 -413.397459621556 2200
			vertex 2450 -423.395555688102 2214.27876096865
			vertex 2450 -413.397459621556 2200
		endloop
	endfacet
	facet normal 0 -0.86602540378444 -0.499999999999999
		outer loop
			vertex 2500 -413.397459621556 2200
			vertex 2450 -413.397459621556 2200
			vertex 2500 -406.030737921409 2184.20201433257
		endloop
	endfacet
	facet normal 0 -0.939692620785909 -0.342020143325668
		outer loop
			vertex 2500 -406.030737921409 2184.20201433257
			vertex 2450 -413.397459621556 2200
			vertex 2450 -406.030737921409 2184.20201433257
		endloop
	endfacet
	facet normal 0 -0.939692620785909 -0.342020143325668
		outer loop
			vertex 2500 -406.030737921409 2184.20201433257
			vertex 2450 -406.030737921409 2184.20201433257
			vertex 2500 -401.519224698779 2167.36481776669
		endloop
	endfacet
	facet normal 0 -0.984807753012208 -0.173648177666932
		outer loop
			vertex 2500 -401.519224698779 2167.36481776669
			vertex 2450 -406.030737921409 2184.20201433257
			vertex 2450 -401.519224698779 2167.36481776669
		endloop
	endfacet
	facet normal 0 -0.984807753012208 -0.173648177666932
		outer loop
			vertex 2500 -401.519224698779 2167.36481776669
			vertex 2450 -401.519224698779 2167.36481776669
			vertex 2500 -400 2150
		endloop
	endfacet
	facet normal 0 -1 0
		outer loop
			vertex 2500 -400 2150
			vertex 2450 -401.519224698779 2167.36481776669
			vertex 2450 -400 2150
		endloop
	endfacet
	facet normal 0 -1 0
		outer loop
			vertex 0 -400 2150
			vertex 49.9999999999998 -400 2150
			vertex 0 -401.519224698779 2167.36481776669
		endloop
	endfacet
	facet normal 0 -0.984807753012208 -0.173648177666932
		outer loop
			vertex 0 -401.519224698779 2167.36481776669
			vertex 49.9999999999998 -400 2150
			vertex 49.9999999999998 -401.519224698779 2167.36481776669
		endloop
	endfacet
	facet normal 0 -0.984807753012208 -0.173648177666932
		outer loop
			vertex 0 -401.519224698779 2167.36481776669
			vertex 49.9999999999998 -401.519224698779 2167.36481776669
			vertex 0 -406.030737921409 2184.20201433257
		endloop
	endfacet
	facet normal 0 -0.939692620785909 -0.342020143325668
		outer loop
			vertex 0 -406.030737921409 2184.20201433257
			vertex 49.9999999999998 -401.519224698779 2167.36481776669
			vertex 49.9999999999998 -406.030737921409 2184.20201433257
		endloop
	endfacet
	facet normal 0 -0.939692620785909 -0.342020143325668
		outer loop
			vertex 0 -406.030737921409 2184.20201433257
			vertex 49.9999999999998 -406.030737921409 2184.20201433257
			vertex 0 -413.397459621556 2200
		endloop
	endfacet
	facet normal 0 -0.86602540378444 -0.499999999999999
		outer loop
			vertex 0 -413.397459621556 2200
			vertex 49.9999999999998 -406.030737921409 2184.20201433257
			vertex 49.9999999999998 -413.397459621556 2200
		endloop
	endfacet
	facet normal 0 -0.86602540378444 -0.499999999999999
		outer loop
			vertex 0 -413.397459621556 2200
			vertex 49.9999999999998 -413.397459621556 2200
			vertex 0 -423.395555688102 2214.27876096865
		endloop
	endfacet
	facet normal 0 -0.766044443118977 -0.642787609686541
		outer loop
			vertex 0 -423.395555688102 2214.27876096865
			vertex 49.9999999999998 -413.397459621556 2200
			vertex 49.9999999999998 -423.395555688102 2214.27876096865
		endloop
	endfacet
	facet normal 0 -0.766044443118977 -0.642787609686541
		outer loop
			vertex 0 -423.395555688102 2214.27876096865
			vertex 49.9999999999998 -423.395555688102 2214.27876096865
			vertex 0 -435.721239031346 2226.6044443119
		endloop
	endfacet
	facet normal 0 -0.64278760968654 -0.766044443118977
		outer loop
			vertex 0 -435.721239031346 2226.6044443119
			vertex 49.9999999999998 -423.395555688102 2214.27876096865
			vertex 49.9999999999998 -435.721239031346 2226.6044443119
		endloop
	endfacet
	facet normal 0 -0.64278760968654 -0.766044443118977
		outer loop
			vertex 0 -435.721239031346 2226.6044443119
			vertex 49.9999999999998 -435.721239031346 2226.6044443119
			vertex 0 -450 2236.60254037844
		endloop
	endfacet
	facet normal 0 -0.5 -0.866025403784439
		outer loop
			vertex 0 -450 2236.60254037844
			vertex 49.9999999999998 -435.721239031346 2226.6044443119
			vertex 49.9999999999998 -450 2236.60254037844
		endloop
	endfacet
	facet normal 0 -0.5 -0.866025403784439
		outer loop
			vertex 0 -450 2236.60254037844
			vertex 49.9999999999998 -450 2236.60254037844
			vertex 0 -465.797985667433 2243.96926207859
		endloop
	endfacet
	facet normal 0 -0.342020143325669 -0.939692620785908
		outer loop
			vertex 0 -465.797985667433 2243.96926207859
			vertex 49.9999999999998 -450 2236.60254037844
			vertex 49.9999999999998 -465.797985667433 2243.96926207859
		endloop
	endfacet
	facet normal 0 -0.342020143325669 -0.939692620785908
		outer loop
			vertex 0 -465.797985667433 2243.96926207859
			vertex 49.9999999999998 -465.797985667433 2243.96926207859
			vertex 0 -482.635182233307 2248.48077530122
		endloop
	endfacet
	facet normal 0 -0.173648177666931 -0.984807753012208
		outer loop
			vertex 0 -482.635182233307 2248.48077530122
			vertex 49.9999999999998 -465.797985667433 2243.96926207859
			vertex 49.9999999999998 -482.635182233307 2248.48077530122
		endloop
	endfacet
	facet normal 0 -0.173648177666931 -0.984807753012208
		outer loop
			vertex 0 -482.635182233307 2248.48077530122
			vertex 49.9999999999998 -482.635182233307 2248.48077530122
			vertex 0 -500 2250
		endloop
	endfacet
	facet normal 0 0 -1
		outer loop
			vertex 0 -500 2250
			vertex 49.9999999999998 -482.635182233307 2248.48077530122
			vertex 50 -500 2250
		endloop
	endfacet
	facet normal 0 0 -1
		outer loop
			vertex 0 -500 2250
			vertex 50 -500 2250
			vertex 0 -2000 2250
		endloop
	endfacet
	facet normal 0 0 -1
		outer loop
			vertex 0 -2000 2250
			vertex 50 -500 2250
			vertex 50 -2000 2250
		endloop
	endfacet
	facet normal 0 1 0
		outer loop
			vertex 0 -2100 1100
			vertex 49.9999999999998 -2100 1100
			vertex 0 -2098.48077530122 1082.63518223331
		endloop
	endfacet
	facet normal 0 0.984807753012208 0.173648177666932
		outer loop
			vertex 0 -2098.48077530122 1082.63518223331
			vertex 49.9999999999998 -2100 1100
			vertex 49.9999999999998 -2098.48077530122 1082.63518223331
		endloop
	endfacet
	facet normal 0 0.984807753012208 0.173648177666932
		outer loop
			vertex 0 -2098.48077530122 1082.63518223331
			vertex 49.9999999999998 -2098.48077530122 1082.63518223331
			vertex 0 -2093.96926207859 1065.79798566743
		endloop
	endfacet
	facet normal 0 0.939692620785908 0.34202014332567
		outer loop
			vertex 0 -2093.96926207859 1065.79798566743
			vertex 49.9999999999998 -2098.48077530122 1082.63518223331
			vertex 49.9999999999998 -2093.96926207859 1065.79798566743
		endloop
	endfacet
	facet normal 0 0.939692620785908 0.34202014332567
		outer loop
			vertex 0 -2093.96926207859 1065.79798566743
			vertex 49.9999999999998 -2093.96926207859 1065.79798566743
			vertex 0 -2086.60254037844 1050
		endloop
	endfacet
	facet normal 0 0.866025403784438 0.5
		outer loop
			vertex 0 -2086.60254037844 1050
			vertex 49.9999999999998 -2093.96926207859 1065.79798566743
			vertex 49.9999999999998 -2086.60254037844 1050
		endloop
	endfacet
	facet normal 0 0.866025403784438 0.5
		outer loop
			vertex 0 -2086.60254037844 1050
			vertex 49.9999999999998 -2086.60254037844 1050
			vertex 0 -2076.6044443119 1035.72123903135
		endloop
	endfacet
	facet normal 0 0.766044443118977 0.64278760968654
		outer loop
			vertex 0 -2076.6044443119 1035.72123903135
			vertex 49.9999999999998 -2086.60254037844 1050
			vertex 49.9999999999998 -2076.6044443119 1035.72123903135
		endloop
	endfacet
	facet normal 0 0.766044443118977 0.64278760968654
		outer loop
			vertex 0 -2076.6044443119 1035.72123903135
			vertex 49.9999999999998 -2076.6044443119 1035.72123903135
			vertex 0 -2064.27876096865 1023.3955556881
		endloop
	endfacet
	facet normal 0 0.642787609686538 0.766044443118979
		outer loop
			vertex 0 -2064.27876096865 1023.3955556881
			vertex 49.9999999999998 -2076.6044443119 1035.72123903135
			vertex 49.9999999999998 -2064.27876096865 1023.3955556881
		endloop
	endfacet
	facet normal 0 0.642787609686538 0.766044443118979
		outer loop
			vertex 0 -2064.27876096865 1023.3955556881
			vertex 49.9999999999998 -2064.27876096865 1023.3955556881
			vertex 0 -2050 1013.39745962156
		endloop
	endfacet
	facet normal 0 0.500000000000002 0.866025403784437
		outer loop
			vertex 0 -2050 1013.39745962156
			vertex 49.9999999999998 -2064.27876096865 1023.3955556881
			vertex 49.9999999999998 -2050 1013.39745962156
		endloop
	endfacet
	facet normal 0 0.500000000000002 0.866025403784437
		outer loop
			vertex 0 -2050 1013.39745962156
			vertex 49.9999999999998 -2050 1013.39745962156
			vertex 0 -2034.20201433257 1006.03073792141
		endloop
	endfacet
	facet normal 0 0.342020143325672 0.939692620785907
		outer loop
			vertex 0 -2034.20201433257 1006.03073792141
			vertex 49.9999999999998 -2050 1013.39745962156
			vertex 49.9999999999998 -2034.20201433257 1006.03073792141
		endloop
	endfacet
	facet normal 0 0.342020143325672 0.939692620785907
		outer loop
			vertex 0 -2034.20201433257 1006.03073792141
			vertex 49.9999999999998 -2034.20201433257 1006.03073792141
			vertex 0 -2017.36481776669 1001.51922469878
		endloop
	endfacet
	facet normal 0 0.173648177666932 0.984807753012208
		outer loop
			vertex 0 -2017.36481776669 1001.51922469878
			vertex 49.9999999999998 -2034.20201433257 1006.03073792141
			vertex 49.9999999999998 -2017.36481776669 1001.51922469878
		endloop
	endfacet
	facet normal 0 0.173648177666932 0.984807753012208
		outer loop
			vertex 0 -2017.36481776669 1001.51922469878
			vertex 49.9999999999998 -2017.36481776669 1001.51922469878
			vertex 0 -2000 1000
		endloop
	endfacet
	facet normal 0 0 1
		outer loop
			vertex 0 -2000 1000
			vertex 49.9999999999998 -2017.36481776669 1001.51922469878
			vertex 49.9999999999998 -2000 1000
		endloop
	endfacet
	facet normal 0 0 1
		outer loop
			vertex 49.9999999999998 -500 1000
			vertex 0 -500 1000
			vertex 49.9999999999998 -2000 1000
		endloop
	endfacet
	facet normal 0 0 1
		outer loop
			vertex 49.9999999999998 -2000 1000
			vertex 0 -500 1000
			vertex 0 -2000 1000
		endloop
	endfacet
	facet normal 0 1 0
		outer loop
			vertex 49.9999999999998 -2100 2150
			vertex 0 -2100 2150
			vertex 49.9999999999998 -2098.48077530122 2167.36481776669
		endloop
	endfacet
	facet normal 0 0.984807753012208 -0.173648177666932
		outer loop
			vertex 49.9999999999998 -2098.48077530122 2167.36481776669
			vertex 0 -2100 2150
			vertex 0 -2098.48077530122 2167.36481776669
		endloop
	endfacet
	facet normal 0 0.984807753012208 -0.173648177666932
		outer loop
			vertex 49.9999999999998 -2098.48077530122 2167.36481776669
			vertex 0 -2098.48077530122 2167.36481776669
			vertex 49.9999999999998 -2093.96926207859 2184.20201433257
		endloop
	endfacet
	facet normal 0 0.939692620785909 -0.342020143325668
		outer loop
			vertex 49.9999999999998 -2093.96926207859 2184.20201433257
			vertex 0 -2098.48077530122 2167.36481776669
			vertex 0 -2093.96926207859 2184.20201433257
		endloop
	endfacet
	facet normal 0 0.939692620785909 -0.342020143325668
		outer loop
			vertex 49.9999999999998 -2093.96926207859 2184.20201433257
			vertex 0 -2093.96926207859 2184.20201433257
			vertex 49.9999999999998 -2086.60254037844 2200
		endloop
	endfacet
	facet normal 0 0.866025403784439 -0.499999999999999
		outer loop
			vertex 49.9999999999998 -2086.60254037844 2200
			vertex 0 -2093.96926207859 2184.20201433257
			vertex 0 -2086.60254037844 2200
		endloop
	endfacet
	facet normal 0 0.866025403784439 -0.499999999999999
		outer loop
			vertex 49.9999999999998 -2086.60254037844 2200
			vertex 0 -2086.60254037844 2200
			vertex 49.9999999999998 -2076.6044443119 2214.27876096865
		endloop
	endfacet
	facet normal 0 0.76604444311898 -0.642787609686537
		outer loop
			vertex 49.9999999999998 -2076.6044443119 2214.27876096865
			vertex 0 -2086.60254037844 2200
			vertex 0 -2076.6044443119 2214.27876096865
		endloop
	endfacet
	facet normal 0 0.76604444311898 -0.642787609686537
		outer loop
			vertex 49.9999999999998 -2076.6044443119 2214.27876096865
			vertex 0 -2076.6044443119 2214.27876096865
			vertex 49.9999999999998 -2064.27876096865 2226.6044443119
		endloop
	endfacet
	facet normal 0 0.642787609686541 -0.766044443118976
		outer loop
			vertex 49.9999999999998 -2064.27876096865 2226.6044443119
			vertex 0 -2076.6044443119 2214.27876096865
			vertex 0 -2064.27876096865 2226.6044443119
		endloop
	endfacet
	facet normal 0 0.642787609686541 -0.766044443118976
		outer loop
			vertex 49.9999999999998 -2064.27876096865 2226.6044443119
			vertex 0 -2064.27876096865 2226.6044443119
			vertex 49.9999999999998 -2050 2236.60254037844
		endloop
	endfacet
	facet normal 0 0.499999999999999 -0.866025403784439
		outer loop
			vertex 49.9999999999998 -2050 2236.60254037844
			vertex 0 -2064.27876096865 2226.6044443119
			vertex 0 -2050 2236.60254037844
		endloop
	endfacet
	facet normal 0 0.499999999999999 -0.866025403784439
		outer loop
			vertex 49.9999999999998 -2050 2236.60254037844
			vertex 0 -2050 2236.60254037844
			vertex 49.9999999999998 -2034.20201433257 2243.96926207859
		endloop
	endfacet
	facet normal 0 0.342020143325668 -0.939692620785909
		outer loop
			vertex 49.9999999999998 -2034.20201433257 2243.96926207859
			vertex 0 -2050 2236.60254037844
			vertex 0 -2034.20201433257 2243.96926207859
		endloop
	endfacet
	facet normal 0 0.342020143325668 -0.939692620785909
		outer loop
			vertex 49.9999999999998 -2034.20201433257 2243.96926207859
			vertex 0 -2034.20201433257 2243.96926207859
			vertex 49.9999999999998 -2017.36481776669 2248.48077530122
		endloop
	endfacet
	facet normal 0 0.173648177666932 -0.984807753012208
		outer loop
			vertex 49.9999999999998 -2017.36481776669 2248.48077530122
			vertex 0 -2034.20201433257 2243.96926207859
			vertex 0 -2017.36481776669 2248.48077530122
		endloop
	endfacet
	facet normal 0 0.173648177666932 -0.984807753012208
		outer loop
			vertex 49.9999999999998 -2017.36481776669 2248.48077530122
			vertex 0 -2017.36481776669 2248.48077530122
			vertex 50 -2000 2250
		endloop
	endfacet
	facet normal 0 0 -1
		outer loop
			vertex 50 -2000 2250
			vertex 0 -2017.36481776669 2248.48077530122
			vertex 0 -2000 2250
		endloop
	endfacet
	facet normal 0 1 0
		outer loop
			vertex 2500 -2100 2150
			vertex 2450 -2100 2150
			vertex 2500 -2098.48077530122 2167.36481776669
		endloop
	endfacet
	facet normal 0 0.984807753012208 -0.173648177666932
		outer loop
			vertex 2500 -2098.48077530122 2167.36481776669
			vertex 2450 -2100 2150
			vertex 2450 -2098.48077530122 2167.36481776669
		endloop
	endfacet
	facet normal 0 0.984807753012208 -0.173648177666932
		outer loop
			vertex 2500 -2098.48077530122 2167.36481776669
			vertex 2450 -2098.48077530122 2167.36481776669
			vertex 2500 -2093.96926207859 2184.20201433257
		endloop
	endfacet
	facet normal 0 0.939692620785909 -0.342020143325668
		outer loop
			vertex 2500 -2093.96926207859 2184.20201433257
			vertex 2450 -2098.48077530122 2167.36481776669
			vertex 2450 -2093.96926207859 2184.20201433257
		endloop
	endfacet
	facet normal 0 0.939692620785909 -0.342020143325668
		outer loop
			vertex 2500 -2093.96926207859 2184.20201433257
			vertex 2450 -2093.96926207859 2184.20201433257
			vertex 2500 -2086.60254037844 2200
		endloop
	endfacet
	facet normal 0 0.866025403784439 -0.499999999999999
		outer loop
			vertex 2500 -2086.60254037844 2200
			vertex 2450 -2093.96926207859 2184.20201433257
			vertex 2450 -2086.60254037844 2200
		endloop
	endfacet
	facet normal 0 0.866025403784439 -0.499999999999999
		outer loop
			vertex 2500 -2086.60254037844 2200
			vertex 2450 -2086.60254037844 2200
			vertex 2500 -2076.6044443119 2214.27876096865
		endloop
	endfacet
	facet normal 0 0.76604444311898 -0.642787609686537
		outer loop
			vertex 2500 -2076.6044443119 2214.27876096865
			vertex 2450 -2086.60254037844 2200
			vertex 2450 -2076.6044443119 2214.27876096865
		endloop
	endfacet
	facet normal 0 0.76604444311898 -0.642787609686537
		outer loop
			vertex 2500 -2076.6044443119 2214.27876096865
			vertex 2450 -2076.6044443119 2214.27876096865
			vertex 2500 -2064.27876096865 2226.6044443119
		endloop
	endfacet
	facet normal 0 0.642787609686541 -0.766044443118976
		outer loop
			vertex 2500 -2064.27876096865 2226.6044443119
			vertex 2450 -2076.6044443119 2214.27876096865
			vertex 2450 -2064.27876096865 2226.6044443119
		endloop
	endfacet
	facet normal 0 0.642787609686541 -0.766044443118976
		outer loop
			vertex 2500 -2064.27876096865 2226.6044443119
			vertex 2450 -2064.27876096865 2226.6044443119
			vertex 2500 -2050 2236.60254037844
		endloop
	endfacet
	facet normal 0 0.499999999999999 -0.866025403784439
		outer loop
			vertex 2500 -2050 2236.60254037844
			vertex 2450 -2064.27876096865 2226.6044443119
			vertex 2450 -2050 2236.60254037844
		endloop
	endfacet
	facet normal 0 0.499999999999999 -0.866025403784439
		outer loop
			vertex 2500 -2050 2236.60254037844
			vertex 2450 -2050 2236.60254037844
			vertex 2500 -2034.20201433257 2243.96926207859
		endloop
	endfacet
	facet normal 0 0.342020143325668 -0.939692620785909
		outer loop
			vertex 2500 -2034.20201433257 2243.96926207859
			vertex 2450 -2050 2236.60254037844
			vertex 2450 -2034.20201433257 2243.96926207859
		endloop
	endfacet
	facet normal 0 0.342020143325668 -0.939692620785909
		outer loop
			vertex 2500 -2034.20201433257 2243.96926207859
			vertex 2450 -2034.20201433257 2243.96926207859
			vertex 2500 -2017.36481776669 2248.48077530122
		endloop
	endfacet
	facet normal 0 0.173648177666932 -0.984807753012208
		outer loop
			vertex 2500 -2017.36481776669 2248.48077530122
			vertex 2450 -2034.20201433257 2243.96926207859
			vertex 2450 -2017.36481776669 2248.48077530122
		endloop
	endfacet
	facet normal 0 0.173648177666932 -0.984807753012208
		outer loop
			vertex 2500 -2017.36481776669 2248.48077530122
			vertex 2450 -2017.36481776669 2248.48077530122
			vertex 2500 -2000 2250
		endloop
	endfacet
	facet normal 0 0 -1
		outer loop
			vertex 2500 -2000 2250
			vertex 2450 -2017.36481776669 2248.48077530122
			vertex 2450 -2000 2250
		endloop
	endfacet
	facet normal 0 0 -1
		outer loop
			vertex 2450 -500 2250
			vertex 2500 -500 2250
			vertex 2450 -2000 2250
		endloop
	endfacet
	facet normal 0 0 -1
		outer loop
			vertex 2450 -2000 2250
			vertex 2500 -500 2250
			vertex 2500 -2000 2250
		endloop
	endfacet
	facet normal 0 1 0
		outer loop
			vertex 2450 -2100 1100
			vertex 2500 -2100 1100
			vertex 2450 -2098.48077530122 1082.63518223331
		endloop
	endfacet
	facet normal 0 0.984807753012208 0.173648177666932
		outer loop
			vertex 2450 -2098.48077530122 1082.63518223331
			vertex 2500 -2100 1100
			vertex 2500 -2098.48077530122 1082.63518223331
		endloop
	endfacet
	facet normal 0 0.984807753012208 0.173648177666932
		outer loop
			vertex 2450 -2098.48077530122 1082.63518223331
			vertex 2500 -2098.48077530122 1082.63518223331
			vertex 2450 -2093.96926207859 1065.79798566743
		endloop
	endfacet
	facet normal 0 0.939692620785908 0.34202014332567
		outer loop
			vertex 2450 -2093.96926207859 1065.79798566743
			vertex 2500 -2098.48077530122 1082.63518223331
			vertex 2500 -2093.96926207859 1065.79798566743
		endloop
	endfacet
	facet normal 0 0.939692620785908 0.34202014332567
		outer loop
			vertex 2450 -2093.96926207859 1065.79798566743
			vertex 2500 -2093.96926207859 1065.79798566743
			vertex 2450 -2086.60254037844 1050
		endloop
	endfacet
	facet normal 0 0.866025403784438 0.5
		outer loop
			vertex 2450 -2086.60254037844 1050
			vertex 2500 -2093.96926207859 1065.79798566743
			vertex 2500 -2086.60254037844 1050
		endloop
	endfacet
	facet normal 0 0.866025403784438 0.5
		outer loop
			vertex 2450 -2086.60254037844 1050
			vertex 2500 -2086.60254037844 1050
			vertex 2450 -2076.6044443119 1035.72123903135
		endloop
	endfacet
	facet normal 0 0.766044443118977 0.64278760968654
		outer loop
			vertex 2450 -2076.6044443119 1035.72123903135
			vertex 2500 -2086.60254037844 1050
			vertex 2500 -2076.6044443119 1035.72123903135
		endloop
	endfacet
	facet normal 0 0.766044443118977 0.64278760968654
		outer loop
			vertex 2450 -2076.6044443119 1035.72123903135
			vertex 2500 -2076.6044443119 1035.72123903135
			vertex 2450 -2064.27876096865 1023.3955556881
		endloop
	endfacet
	facet normal 0 0.642787609686538 0.766044443118979
		outer loop
			vertex 2450 -2064.27876096865 1023.3955556881
			vertex 2500 -2076.6044443119 1035.72123903135
			vertex 2500 -2064.27876096865 1023.3955556881
		endloop
	endfacet
	facet normal 0 0.642787609686538 0.766044443118979
		outer loop
			vertex 2450 -2064.27876096865 1023.3955556881
			vertex 2500 -2064.27876096865 1023.3955556881
			vertex 2450 -2050 1013.39745962156
		endloop
	endfacet
	facet normal 0 0.500000000000002 0.866025403784437
		outer loop
			vertex 2450 -2050 1013.39745962156
			vertex 2500 -2064.27876096865 1023.3955556881
			vertex 2500 -2050 1013.39745962156
		endloop
	endfacet
	facet normal 0 0.500000000000002 0.866025403784437
		outer loop
			vertex 2450 -2050 1013.39745962156
			vertex 2500 -2050 1013.39745962156
			vertex 2450 -2034.20201433257 1006.03073792141
		endloop
	endfacet
	facet normal 0 0.342020143325672 0.939692620785907
		outer loop
			vertex 2450 -2034.20201433257 1006.03073792141
			vertex 2500 -2050 1013.39745962156
			vertex 2500 -2034.20201433257 1006.03073792141
		endloop
	endfacet
	facet normal 0 0.342020143325672 0.939692620785907
		outer loop
			vertex 2450 -2034.20201433257 1006.03073792141
			vertex 2500 -2034.20201433257 1006.03073792141
			vertex 2450 -2017.36481776669 1001.51922469878
		endloop
	endfacet
	facet normal 0 0.173648177666932 0.984807753012208
		outer loop
			vertex 2450 -2017.36481776669 1001.51922469878
			vertex 2500 -2034.20201433257 1006.03073792141
			vertex 2500 -2017.36481776669 1001.51922469878
		endloop
	endfacet
	facet normal 0 0.173648177666932 0.984807753012208
		outer loop
			vertex 2450 -2017.36481776669 1001.51922469878
			vertex 2500 -2017.36481776669 1001.51922469878
			vertex 2450 -2000 1000
		endloop
	endfacet
	facet normal 0 0 1
		outer loop
			vertex 2450 -2000 1000
			vertex 2500 -2017.36481776669 1001.51922469878
			vertex 2500 -2000 1000
		endloop
	endfacet
	facet normal 0 0 1
		outer loop
			vertex 2450 -2000 1000
			vertex 2500 -2000 1000
			vertex 2450 -500 1000
		endloop
	endfacet
	facet normal 0 0 1
		outer loop
			vertex 2450 -500 1000
			vertex 2500 -2000 1000
			vertex 2500 -500 1000
		endloop
	endfacet
	facet normal 0 -1 0
		outer loop
			vertex 2500 -400 1100
			vertex 2450 -400 1100
			vertex 2500 -401.519224698779 1082.63518223331
		endloop
	endfacet
	facet normal 0 -0.984807753012208 0.173648177666932
		outer loop
			vertex 2500 -401.519224698779 1082.63518223331
			vertex 2450 -400 1100
			vertex 2450 -401.519224698779 1082.63518223331
		endloop
	endfacet
	facet normal 0 -0.984807753012208 0.173648177666932
		outer loop
			vertex 2500 -401.519224698779 1082.63518223331
			vertex 2450 -401.519224698779 1082.63518223331
			vertex 2500 -406.030737921409 1065.79798566743
		endloop
	endfacet
	facet normal 0 -0.939692620785909 0.342020143325668
		outer loop
			vertex 2500 -406.030737921409 1065.79798566743
			vertex 2450 -401.519224698779 1082.63518223331
			vertex 2450 -406.030737921409 1065.79798566743
		endloop
	endfacet
	facet normal 0 -0.939692620785909 0.342020143325668
		outer loop
			vertex 2500 -406.030737921409 1065.79798566743
			vertex 2450 -406.030737921409 1065.79798566743
			vertex 2500 -413.397459621556 1050
		endloop
	endfacet
	facet normal 0 -0.866025403784439 0.5
		outer loop
			vertex 2500 -413.397459621556 1050
			vertex 2450 -406.030737921409 1065.79798566743
			vertex 2450 -413.397459621556 1050
		endloop
	endfacet
	facet normal 0 -0.866025403784439 0.5
		outer loop
			vertex 2500 -413.397459621556 1050
			vertex 2450 -413.397459621556 1050
			vertex 2500 -423.395555688102 1035.72123903135
		endloop
	endfacet
	facet normal 0 -0.766044443118978 0.642787609686539
		outer loop
			vertex 2500 -423.395555688102 1035.72123903135
			vertex 2450 -413.397459621556 1050
			vertex 2450 -423.395555688102 1035.72123903135
		endloop
	endfacet
	facet normal 0 -0.766044443118978 0.642787609686539
		outer loop
			vertex 2500 -423.395555688102 1035.72123903135
			vertex 2450 -423.395555688102 1035.72123903135
			vertex 2500 -435.721239031346 1023.3955556881
		endloop
	endfacet
	facet normal 0 -0.642787609686539 0.766044443118978
		outer loop
			vertex 2500 -435.721239031346 1023.3955556881
			vertex 2450 -423.395555688102 1035.72123903135
			vertex 2450 -435.721239031346 1023.3955556881
		endloop
	endfacet
	facet normal 0 -0.642787609686539 0.766044443118978
		outer loop
			vertex 2500 -435.721239031346 1023.3955556881
			vertex 2450 -435.721239031346 1023.3955556881
			vertex 2500 -450 1013.39745962156
		endloop
	endfacet
	facet normal 0 -0.5 0.866025403784438
		outer loop
			vertex 2500 -450 1013.39745962156
			vertex 2450 -435.721239031346 1023.3955556881
			vertex 2450 -450 1013.39745962156
		endloop
	endfacet
	facet normal 0 -0.5 0.866025403784438
		outer loop
			vertex 2500 -450 1013.39745962156
			vertex 2450 -450 1013.39745962156
			vertex 2500 -465.797985667433 1006.03073792141
		endloop
	endfacet
	facet normal 0 -0.342020143325668 0.939692620785909
		outer loop
			vertex 2500 -465.797985667433 1006.03073792141
			vertex 2450 -450 1013.39745962156
			vertex 2450 -465.797985667433 1006.03073792141
		endloop
	endfacet
	facet normal 0 -0.342020143325668 0.939692620785909
		outer loop
			vertex 2500 -465.797985667433 1006.03073792141
			vertex 2450 -465.797985667433 1006.03073792141
			vertex 2500 -482.635182233307 1001.51922469878
		endloop
	endfacet
	facet normal 0 -0.173648177666931 0.984807753012208
		outer loop
			vertex 2500 -482.635182233307 1001.51922469878
			vertex 2450 -465.797985667433 1006.03073792141
			vertex 2450 -482.635182233307 1001.51922469878
		endloop
	endfacet
	facet normal 0 -0.173648177666931 0.984807753012208
		outer loop
			vertex 2500 -482.635182233307 1001.51922469878
			vertex 2450 -482.635182233307 1001.51922469878
			vertex 2500 -500 1000
		endloop
	endfacet
	facet normal 0 0 1
		outer loop
			vertex 2500 -500 1000
			vertex 2450 -482.635182233307 1001.51922469878
			vertex 2450 -500 1000
		endloop
	endfacet
	facet normal -1 0 0
		outer loop
			vertex 2450 -400 1990.25999999995
			vertex 2450 -386.264976602267 1430.757175899
			vertex 2450 -400 1100
		endloop
	endfacet
	facet normal -1 0 0
		outer loop
			vertex 2450 -400 1100
			vertex 2450 -386.264976602267 1430.757175899
			vertex 2450 -379.289958419767 1288.77741910143
		endloop
	endfacet
	facet normal -1 0 0
		outer loop
			vertex 2450 -400 1100
			vertex 2450 -379.289958419767 1288.77741910143
			vertex 2450 -356.70165393174 1059.43451486731
		endloop
	endfacet
	facet normal -1 0 0
		outer loop
			vertex 2450 -450 1013.39745962156
			vertex 2450 -435.721239031346 1023.3955556881
			vertex 2450 -340.603704462614 978.504657758923
		endloop
	endfacet
	facet normal -1 0 0
		outer loop
			vertex 2450 -340.603704462614 978.504657758923
			vertex 2450 -435.721239031346 1023.3955556881
			vertex 2450 -423.395555688102 1035.72123903135
		endloop
	endfacet
	facet normal -1 0 0
		outer loop
			vertex 2450 -340.603704462614 978.504657758923
			vertex 2450 -423.395555688102 1035.72123903135
			vertex 2450 -356.70165393174 1059.43451486731
		endloop
	endfacet
	facet normal -1 0 0
		outer loop
			vertex 2450 -356.70165393174 1059.43451486731
			vertex 2450 -423.395555688102 1035.72123903135
			vertex 2450 -413.397459621556 1050
		endloop
	endfacet
	facet normal -1 0 0
		outer loop
			vertex 2450 -356.70165393174 1059.43451486731
			vertex 2450 -413.397459621556 1050
			vertex 2450 -406.030737921409 1065.79798566743
		endloop
	endfacet
	facet normal -1 0 0
		outer loop
			vertex 2450 -450 1013.39745962156
			vertex 2450 -340.603704462614 978.504657758923
			vertex 2450 -465.797985667433 1006.03073792141
		endloop
	endfacet
	facet normal -1 0 0
		outer loop
			vertex 2450 -465.797985667433 1006.03073792141
			vertex 2450 -340.603704462614 978.504657758923
			vertex 2450 -313.902678322726 914.042678322726
		endloop
	endfacet
	facet normal -1 0 0
		outer loop
			vertex 2450 -465.797985667433 1006.03073792141
			vertex 2450 -313.902678322726 914.042678322726
			vertex 2450 -482.635182233307 1001.51922469878
		endloop
	endfacet
	facet normal -1 0 0
		outer loop
			vertex 2450 -482.635182233307 1001.51922469878
			vertex 2450 -313.902678322726 914.042678322726
			vertex 2450 -500 1000
		endloop
	endfacet
	facet normal -1 0 0
		outer loop
			vertex 2450 -500 1000
			vertex 2450 -313.902678322726 914.042678322726
			vertex 2450 -49.9999999999998 400
		endloop
	endfacet
	facet normal -1 0 0
		outer loop
			vertex 2450 -49.9999999999998 400
			vertex 2450 -313.902678322726 914.042678322726
			vertex 2450 -98.07 698.21
		endloop
	endfacet
	facet normal -1 0 0
		outer loop
			vertex 2450 -49.9999999999998 400
			vertex 2450 -98.07 698.21
			vertex 2450 -49.9999999999998 698.21
		endloop
	endfacet
	facet normal -1 0 0
		outer loop
			vertex 2450 -49.9999999999998 400
			vertex 2450 -2450 400
			vertex 2450 -500 1000
		endloop
	endfacet
	facet normal -1 0 0
		outer loop
			vertex 2450 -500 1000
			vertex 2450 -2450 400
			vertex 2450 -2000 1000
		endloop
	endfacet
	facet normal -1 0 0
		outer loop
			vertex 2450 -2098.48077530122 2167.36481776669
			vertex 2450 -2100 2150
			vertex 2450 -2450 2398.69
		endloop
	endfacet
	facet normal -1 0 0
		outer loop
			vertex 2450 -2450 2398.69
			vertex 2450 -2100 2150
			vertex 2450 -2100 1100
		endloop
	endfacet
	facet normal -1 0 0
		outer loop
			vertex 2450 -2450 2398.69
			vertex 2450 -2100 1100
			vertex 2450 -2450 400
		endloop
	endfacet
	facet normal -1 0 0
		outer loop
			vertex 2450 -2450 400
			vertex 2450 -2100 1100
			vertex 2450 -2098.48077530122 1082.63518223331
		endloop
	endfacet
	facet normal -1 0 0
		outer loop
			vertex 2450 -2450 400
			vertex 2450 -2098.48077530122 1082.63518223331
			vertex 2450 -2093.96926207859 1065.79798566743
		endloop
	endfacet
	facet normal -1 0 0
		outer loop
			vertex 2450 -2500 2398.69
			vertex 2450 -2500 2400
			vertex 2450 -2450 2398.69
		endloop
	endfacet
	facet normal -1 0 0
		outer loop
			vertex 2450 -2450 2398.69
			vertex 2450 -2500 2400
			vertex 2450 -400 2400
		endloop
	endfacet
	facet normal -1 0 0
		outer loop
			vertex 2450 -2450 2398.69
			vertex 2450 -400 2400
			vertex 2450 -2000 2250
		endloop
	endfacet
	facet normal -1 0 0
		outer loop
			vertex 2450 -2000 2250
			vertex 2450 -400 2400
			vertex 2450 -500 2250
		endloop
	endfacet
	facet normal -1 0 0
		outer loop
			vertex 2450 -400 2150
			vertex 2450 -401.519224698779 2167.36481776669
			vertex 2450 -400 2400
		endloop
	endfacet
	facet normal -1 0 0
		outer loop
			vertex 2450 -400 2400
			vertex 2450 -401.519224698779 2167.36481776669
			vertex 2450 -406.030737921409 2184.20201433257
		endloop
	endfacet
	facet normal -1 0 0
		outer loop
			vertex 2450 -400 2400
			vertex 2450 -406.030737921409 2184.20201433257
			vertex 2450 -413.397459621556 2200
		endloop
	endfacet
	facet normal -1 0 0
		outer loop
			vertex 2450 -413.397459621556 2200
			vertex 2450 -423.395555688102 2214.27876096865
			vertex 2450 -400 2400
		endloop
	endfacet
	facet normal -1 0 0
		outer loop
			vertex 2450 -400 2400
			vertex 2450 -423.395555688102 2214.27876096865
			vertex 2450 -435.721239031346 2226.6044443119
		endloop
	endfacet
	facet normal -1 0 0
		outer loop
			vertex 2450 -400 2400
			vertex 2450 -435.721239031346 2226.6044443119
			vertex 2450 -450 2236.60254037844
		endloop
	endfacet
	facet normal -1 0 0
		outer loop
			vertex 2450 -450 2236.60254037844
			vertex 2450 -465.797985667433 2243.96926207859
			vertex 2450 -400 2400
		endloop
	endfacet
	facet normal -1 0 0
		outer loop
			vertex 2450 -400 2400
			vertex 2450 -465.797985667433 2243.96926207859
			vertex 2450 -482.635182233307 2248.48077530122
		endloop
	endfacet
	facet normal -1 0 0
		outer loop
			vertex 2450 -400 2400
			vertex 2450 -482.635182233307 2248.48077530122
			vertex 2450 -500 2250
		endloop
	endfacet
	facet normal -1 0 0
		outer loop
			vertex 2450 -2000 2250
			vertex 2450 -2017.36481776669 2248.48077530122
			vertex 2450 -2450 2398.69
		endloop
	endfacet
	facet normal -1 0 0
		outer loop
			vertex 2450 -2450 2398.69
			vertex 2450 -2017.36481776669 2248.48077530122
			vertex 2450 -2034.20201433257 2243.96926207859
		endloop
	endfacet
	facet normal -1 0 0
		outer loop
			vertex 2450 -2450 2398.69
			vertex 2450 -2034.20201433257 2243.96926207859
			vertex 2450 -2050 2236.60254037844
		endloop
	endfacet
	facet normal -1 0 0
		outer loop
			vertex 2450 -2050 2236.60254037844
			vertex 2450 -2064.27876096865 2226.6044443119
			vertex 2450 -2450 2398.69
		endloop
	endfacet
	facet normal -1 0 0
		outer loop
			vertex 2450 -2450 2398.69
			vertex 2450 -2064.27876096865 2226.6044443119
			vertex 2450 -2076.6044443119 2214.27876096865
		endloop
	endfacet
	facet normal -1 0 0
		outer loop
			vertex 2450 -2450 2398.69
			vertex 2450 -2076.6044443119 2214.27876096865
			vertex 2450 -2086.60254037844 2200
		endloop
	endfacet
	facet normal -1 0 0
		outer loop
			vertex 2450 -2086.60254037844 2200
			vertex 2450 -2093.96926207859 2184.20201433257
			vertex 2450 -2450 2398.69
		endloop
	endfacet
	facet normal -1 0 0
		outer loop
			vertex 2450 -2450 2398.69
			vertex 2450 -2093.96926207859 2184.20201433257
			vertex 2450 -2098.48077530122 2167.36481776669
		endloop
	endfacet
	facet normal -1 0 0
		outer loop
			vertex 2450 -2093.96926207859 1065.79798566743
			vertex 2450 -2086.60254037844 1050
			vertex 2450 -2450 400
		endloop
	endfacet
	facet normal -1 0 0
		outer loop
			vertex 2450 -2450 400
			vertex 2450 -2086.60254037844 1050
			vertex 2450 -2076.6044443119 1035.72123903135
		endloop
	endfacet
	facet normal -1 0 0
		outer loop
			vertex 2450 -2450 400
			vertex 2450 -2076.6044443119 1035.72123903135
			vertex 2450 -2064.27876096865 1023.3955556881
		endloop
	endfacet
	facet normal -1 0 0
		outer loop
			vertex 2450 -2064.27876096865 1023.3955556881
			vertex 2450 -2050 1013.39745962156
			vertex 2450 -2450 400
		endloop
	endfacet
	facet normal -1 0 0
		outer loop
			vertex 2450 -2450 400
			vertex 2450 -2050 1013.39745962156
			vertex 2450 -2034.20201433257 1006.03073792141
		endloop
	endfacet
	facet normal -1 0 0
		outer loop
			vertex 2450 -2450 400
			vertex 2450 -2034.20201433257 1006.03073792141
			vertex 2450 -2017.36481776669 1001.51922469878
		endloop
	endfacet
	facet normal -1 0 0
		outer loop
			vertex 2450 -2017.36481776669 1001.51922469878
			vertex 2450 -2000 1000
			vertex 2450 -2450 400
		endloop
	endfacet
	facet normal -1 0 0
		outer loop
			vertex 2450 -406.030737921409 1065.79798566743
			vertex 2450 -401.519224698779 1082.63518223331
			vertex 2450 -356.70165393174 1059.43451486731
		endloop
	endfacet
	facet normal -1 0 0
		outer loop
			vertex 2450 -356.70165393174 1059.43451486731
			vertex 2450 -401.519224698779 1082.63518223331
			vertex 2450 -400 1100
		endloop
	endfacet
	facet normal 1 0 0
		outer loop
			vertex 2500 -401.519224698779 2167.36481776669
			vertex 2500 -400 2150
			vertex 2500 0 2403.16
		endloop
	endfacet
	facet normal 1 0 0
		outer loop
			vertex 2500 0 2403.16
			vertex 2500 -400 2150
			vertex 2500 -400 1100
		endloop
	endfacet
	facet normal 1 0 0
		outer loop
			vertex 2500 0 2403.16
			vertex 2500 -400 1100
			vertex 2500 0 400
		endloop
	endfacet
	facet normal 1 0 0
		outer loop
			vertex 2500 0 400
			vertex 2500 -400 1100
			vertex 2500 -401.519224698779 1082.63518223331
		endloop
	endfacet
	facet normal 1 0 0
		outer loop
			vertex 2500 0 400
			vertex 2500 -401.519224698779 1082.63518223331
			vertex 2500 -406.030737921409 1065.79798566743
		endloop
	endfacet
	facet normal 1 0 0
		outer loop
			vertex 2500 -2497.77048111298 2402.10902174313
			vertex 2500 -2000 2250
			vertex 2500 -2496.65238938189 2403.16
		endloop
	endfacet
	facet normal 1 0 0
		outer loop
			vertex 2500 -2496.65238938189 2403.16
			vertex 2500 -2000 2250
			vertex 2500 -500 2250
		endloop
	endfacet
	facet normal 1 0 0
		outer loop
			vertex 2500 -2496.65238938189 2403.16
			vertex 2500 -500 2250
			vertex 2500 0 2403.16
		endloop
	endfacet
	facet normal 1 0 0
		outer loop
			vertex 2500 0 2403.16
			vertex 2500 -500 2250
			vertex 2500 -482.635182233307 2248.48077530122
		endloop
	endfacet
	facet normal 1 0 0
		outer loop
			vertex 2500 0 2403.16
			vertex 2500 -482.635182233307 2248.48077530122
			vertex 2500 -465.797985667433 2243.96926207859
		endloop
	endfacet
	facet normal 1 0 0
		outer loop
			vertex 2500 -2497.77048111298 2402.10902174313
			vertex 2500 -2498.88635297474 2401.05568684687
			vertex 2500 -2000 2250
		endloop
	endfacet
	facet normal 1 0 0
		outer loop
			vertex 2500 -2000 2250
			vertex 2500 -2498.88635297474 2401.05568684687
			vertex 2500 -2500 2400
		endloop
	endfacet
	facet normal 1 0 0
		outer loop
			vertex 2500 -2000 2250
			vertex 2500 -2500 2400
			vertex 2500 -2017.36481776669 2248.48077530122
		endloop
	endfacet
	facet normal 1 0 0
		outer loop
			vertex 2500 -2017.36481776669 2248.48077530122
			vertex 2500 -2500 2400
			vertex 2500 -2034.20201433257 2243.96926207859
		endloop
	endfacet
	facet normal 1 0 0
		outer loop
			vertex 2500 -2093.96926207859 1065.79798566743
			vertex 2500 -2098.48077530122 1082.63518223331
			vertex 2500 -2500 400
		endloop
	endfacet
	facet normal 1 0 0
		outer loop
			vertex 2500 -2500 400
			vertex 2500 -2098.48077530122 1082.63518223331
			vertex 2500 -2100 1100
		endloop
	endfacet
	facet normal 1 0 0
		outer loop
			vertex 2500 -2500 400
			vertex 2500 -2100 1100
			vertex 2500 -2500 2400
		endloop
	endfacet
	facet normal 1 0 0
		outer loop
			vertex 2500 -2500 2400
			vertex 2500 -2100 1100
			vertex 2500 -2100 2150
		endloop
	endfacet
	facet normal 1 0 0
		outer loop
			vertex 2500 -2500 2400
			vertex 2500 -2100 2150
			vertex 2500 -2098.48077530122 2167.36481776669
		endloop
	endfacet
	facet normal 1 0 0
		outer loop
			vertex 2500 -482.635182233307 1001.51922469878
			vertex 2500 -500 1000
			vertex 2500 0 400
		endloop
	endfacet
	facet normal 1 0 0
		outer loop
			vertex 2500 0 400
			vertex 2500 -500 1000
			vertex 2500 -2000 1000
		endloop
	endfacet
	facet normal 1 0 0
		outer loop
			vertex 2500 0 400
			vertex 2500 -2000 1000
			vertex 2500 -2500 400
		endloop
	endfacet
	facet normal 1 0 0
		outer loop
			vertex 2500 -2500 400
			vertex 2500 -2000 1000
			vertex 2500 -2017.36481776669 1001.51922469878
		endloop
	endfacet
	facet normal 1 0 0
		outer loop
			vertex 2500 -2500 400
			vertex 2500 -2017.36481776669 1001.51922469878
			vertex 2500 -2034.20201433257 1006.03073792141
		endloop
	endfacet
	facet normal 1 0 0
		outer loop
			vertex 2500 -2098.48077530122 2167.36481776669
			vertex 2500 -2093.96926207859 2184.20201433257
			vertex 2500 -2500 2400
		endloop
	endfacet
	facet normal 1 0 0
		outer loop
			vertex 2500 -2500 2400
			vertex 2500 -2093.96926207859 2184.20201433257
			vertex 2500 -2086.60254037844 2200
		endloop
	endfacet
	facet normal 1 0 0
		outer loop
			vertex 2500 -2500 2400
			vertex 2500 -2086.60254037844 2200
			vertex 2500 -2076.6044443119 2214.27876096865
		endloop
	endfacet
	facet normal 1 0 0
		outer loop
			vertex 2500 -2076.6044443119 2214.27876096865
			vertex 2500 -2064.27876096865 2226.6044443119
			vertex 2500 -2500 2400
		endloop
	endfacet
	facet normal 1 0 0
		outer loop
			vertex 2500 -2500 2400
			vertex 2500 -2064.27876096865 2226.6044443119
			vertex 2500 -2050 2236.60254037844
		endloop
	endfacet
	facet normal 1 0 0
		outer loop
			vertex 2500 -2500 2400
			vertex 2500 -2050 2236.60254037844
			vertex 2500 -2034.20201433257 2243.96926207859
		endloop
	endfacet
	facet normal 1 0 0
		outer loop
			vertex 2500 -465.797985667433 2243.96926207859
			vertex 2500 -450 2236.60254037844
			vertex 2500 0 2403.16
		endloop
	endfacet
	facet normal 1 0 0
		outer loop
			vertex 2500 0 2403.16
			vertex 2500 -450 2236.60254037844
			vertex 2500 -435.721239031346 2226.6044443119
		endloop
	endfacet
	facet normal 1 0 0
		outer loop
			vertex 2500 0 2403.16
			vertex 2500 -435.721239031346 2226.6044443119
			vertex 2500 -423.395555688102 2214.27876096865
		endloop
	endfacet
	facet normal 1 0 0
		outer loop
			vertex 2500 -423.395555688102 2214.27876096865
			vertex 2500 -413.397459621556 2200
			vertex 2500 0 2403.16
		endloop
	endfacet
	facet normal 1 0 0
		outer loop
			vertex 2500 0 2403.16
			vertex 2500 -413.397459621556 2200
			vertex 2500 -406.030737921409 2184.20201433257
		endloop
	endfacet
	facet normal 1 0 0
		outer loop
			vertex 2500 0 2403.16
			vertex 2500 -406.030737921409 2184.20201433257
			vertex 2500 -401.519224698779 2167.36481776669
		endloop
	endfacet
	facet normal 1 0 0
		outer loop
			vertex 2500 -406.030737921409 1065.79798566743
			vertex 2500 -413.397459621556 1050
			vertex 2500 0 400
		endloop
	endfacet
	facet normal 1 0 0
		outer loop
			vertex 2500 0 400
			vertex 2500 -413.397459621556 1050
			vertex 2500 -423.395555688102 1035.72123903135
		endloop
	endfacet
	facet normal 1 0 0
		outer loop
			vertex 2500 0 400
			vertex 2500 -423.395555688102 1035.72123903135
			vertex 2500 -435.721239031346 1023.3955556881
		endloop
	endfacet
	facet normal 1 0 0
		outer loop
			vertex 2500 -435.721239031346 1023.3955556881
			vertex 2500 -450 1013.39745962156
			vertex 2500 0 400
		endloop
	endfacet
	facet normal 1 0 0
		outer loop
			vertex 2500 0 400
			vertex 2500 -450 1013.39745962156
			vertex 2500 -465.797985667433 1006.03073792141
		endloop
	endfacet
	facet normal 1 0 0
		outer loop
			vertex 2500 0 400
			vertex 2500 -465.797985667433 1006.03073792141
			vertex 2500 -482.635182233307 1001.51922469878
		endloop
	endfacet
	facet normal 1 0 0
		outer loop
			vertex 2500 -2034.20201433257 1006.03073792141
			vertex 2500 -2050 1013.39745962156
			vertex 2500 -2500 400
		endloop
	endfacet
	facet normal 1 0 0
		outer loop
			vertex 2500 -2500 400
			vertex 2500 -2050 1013.39745962156
			vertex 2500 -2064.27876096865 1023.3955556881
		endloop
	endfacet
	facet normal 1 0 0
		outer loop
			vertex 2500 -2500 400
			vertex 2500 -2064.27876096865 1023.3955556881
			vertex 2500 -2076.6044443119 1035.72123903135
		endloop
	endfacet
	facet normal 1 0 0
		outer loop
			vertex 2500 -2076.6044443119 1035.72123903135
			vertex 2500 -2086.60254037844 1050
			vertex 2500 -2500 400
		endloop
	endfacet
	facet normal 1 0 0
		outer loop
			vertex 2500 -2500 400
			vertex 2500 -2086.60254037844 1050
			vertex 2500 -2093.96926207859 1065.79798566743
		endloop
	endfacet
	facet normal 0 1 0
		outer loop
			vertex 2450 -2100 2150
			vertex 2500 -2100 2150
			vertex 2450 -2100 1100
		endloop
	endfacet
	facet normal 0 1 0
		outer loop
			vertex 2450 -2100 1100
			vertex 2500 -2100 2150
			vertex 2500 -2100 1100
		endloop
	endfacet
	facet normal -1 0 0
		outer loop
			vertex 0 -2017.36481776669 1001.51922469878
			vertex 0 -2000 1000
			vertex 0 -2500 400
		endloop
	endfacet
	facet normal -1 0 0
		outer loop
			vertex 0 -2500 400
			vertex 0 -2000 1000
			vertex 0 -500 1000
		endloop
	endfacet
	facet normal -1 0 0
		outer loop
			vertex 0 -2500 400
			vertex 0 -500 1000
			vertex 0 0 400
		endloop
	endfacet
	facet normal -1 0 0
		outer loop
			vertex 0 0 400
			vertex 0 -500 1000
			vertex 0 -482.635182233307 1001.51922469878
		endloop
	endfacet
	facet normal -1 0 0
		outer loop
			vertex 0 0 400
			vertex 0 -482.635182233307 1001.51922469878
			vertex 0 -465.797985667433 1006.03073792141
		endloop
	endfacet
	facet normal -1 0 0
		outer loop
			vertex 0 -2098.48077530122 2167.36481776669
			vertex 0 -2100 2150
			vertex 0 -2500 2400
		endloop
	endfacet
	facet normal -1 0 0
		outer loop
			vertex 0 -2500 2400
			vertex 0 -2100 2150
			vertex 0 -2100 1100
		endloop
	endfacet
	facet normal -1 0 0
		outer loop
			vertex 0 -2500 2400
			vertex 0 -2100 1100
			vertex 0 -2500 400
		endloop
	endfacet
	facet normal -1 0 0
		outer loop
			vertex 0 -2500 400
			vertex 0 -2100 1100
			vertex 0 -2098.48077530122 1082.63518223331
		endloop
	endfacet
	facet normal -1 0 0
		outer loop
			vertex 0 -2500 400
			vertex 0 -2098.48077530122 1082.63518223331
			vertex 0 -2093.96926207859 1065.79798566743
		endloop
	endfacet
	facet normal -1 0 0
		outer loop
			vertex 0 -482.635182233307 2248.48077530122
			vertex 0 -500 2250
			vertex 0 0 2400
		endloop
	endfacet
	facet normal -1 0 0
		outer loop
			vertex 0 0 2400
			vertex 0 -500 2250
			vertex 0 -2000 2250
		endloop
	endfacet
	facet normal -1 0 0
		outer loop
			vertex 0 0 2400
			vertex 0 -2000 2250
			vertex 0 -2500 2400
		endloop
	endfacet
	facet normal -1 0 0
		outer loop
			vertex 0 -2500 2400
			vertex 0 -2000 2250
			vertex 0 -2017.36481776669 2248.48077530122
		endloop
	endfacet
	facet normal -1 0 0
		outer loop
			vertex 0 -2500 2400
			vertex 0 -2017.36481776669 2248.48077530122
			vertex 0 -2034.20201433257 2243.96926207859
		endloop
	endfacet
	facet normal -1 0 0
		outer loop
			vertex 0 -406.030737921409 1065.79798566743
			vertex 0 -401.519224698779 1082.63518223331
			vertex 0 0 400
		endloop
	endfacet
	facet normal -1 0 0
		outer loop
			vertex 0 0 400
			vertex 0 -401.519224698779 1082.63518223331
			vertex 0 -400 1100
		endloop
	endfacet
	facet normal -1 0 0
		outer loop
			vertex 0 0 400
			vertex 0 -400 1100
			vertex 0 0 2400
		endloop
	endfacet
	facet normal -1 0 0
		outer loop
			vertex 0 0 2400
			vertex 0 -400 1100
			vertex 0 -400 2150
		endloop
	endfacet
	facet normal -1 0 0
		outer loop
			vertex 0 0 2400
			vertex 0 -400 2150
			vertex 0 -401.519224698779 2167.36481776669
		endloop
	endfacet
	facet normal -1 0 0
		outer loop
			vertex 0 -2093.96926207859 1065.79798566743
			vertex 0 -2086.60254037844 1050
			vertex 0 -2500 400
		endloop
	endfacet
	facet normal -1 0 0
		outer loop
			vertex 0 -2500 400
			vertex 0 -2086.60254037844 1050
			vertex 0 -2076.6044443119 1035.72123903135
		endloop
	endfacet
	facet normal -1 0 0
		outer loop
			vertex 0 -2500 400
			vertex 0 -2076.6044443119 1035.72123903135
			vertex 0 -2064.27876096865 1023.3955556881
		endloop
	endfacet
	facet normal -1 0 0
		outer loop
			vertex 0 -2064.27876096865 1023.3955556881
			vertex 0 -2050 1013.39745962156
			vertex 0 -2500 400
		endloop
	endfacet
	facet normal -1 0 0
		outer loop
			vertex 0 -2500 400
			vertex 0 -2050 1013.39745962156
			vertex 0 -2034.20201433257 1006.03073792141
		endloop
	endfacet
	facet normal -1 0 0
		outer loop
			vertex 0 -2500 400
			vertex 0 -2034.20201433257 1006.03073792141
			vertex 0 -2017.36481776669 1001.51922469878
		endloop
	endfacet
	facet normal -1 0 0
		outer loop
			vertex 0 -465.797985667433 1006.03073792141
			vertex 0 -450 1013.39745962156
			vertex 0 0 400
		endloop
	endfacet
	facet normal -1 0 0
		outer loop
			vertex 0 0 400
			vertex 0 -450 1013.39745962156
			vertex 0 -435.721239031346 1023.3955556881
		endloop
	endfacet
	facet normal -1 0 0
		outer loop
			vertex 0 0 400
			vertex 0 -435.721239031346 1023.3955556881
			vertex 0 -423.395555688102 1035.72123903135
		endloop
	endfacet
	facet normal -1 0 0
		outer loop
			vertex 0 -423.395555688102 1035.72123903135
			vertex 0 -413.397459621556 1050
			vertex 0 0 400
		endloop
	endfacet
	facet normal -1 0 0
		outer loop
			vertex 0 0 400
			vertex 0 -413.397459621556 1050
			vertex 0 -406.030737921409 1065.79798566743
		endloop
	endfacet
	facet normal -1 0 0
		outer loop
			vertex 0 -401.519224698779 2167.36481776669
			vertex 0 -406.030737921409 2184.20201433257
			vertex 0 0 2400
		endloop
	endfacet
	facet normal -1 0 0
		outer loop
			vertex 0 0 2400
			vertex 0 -406.030737921409 2184.20201433257
			vertex 0 -413.397459621556 2200
		endloop
	endfacet
	facet normal -1 0 0
		outer loop
			vertex 0 0 2400
			vertex 0 -413.397459621556 2200
			vertex 0 -423.395555688102 2214.27876096865
		endloop
	endfacet
	facet normal -1 0 0
		outer loop
			vertex 0 -423.395555688102 2214.27876096865
			vertex 0 -435.721239031346 2226.6044443119
			vertex 0 0 2400
		endloop
	endfacet
	facet normal -1 0 0
		outer loop
			vertex 0 0 2400
			vertex 0 -435.721239031346 2226.6044443119
			vertex 0 -450 2236.60254037844
		endloop
	endfacet
	facet normal -1 0 0
		outer loop
			vertex 0 0 2400
			vertex 0 -450 2236.60254037844
			vertex 0 -465.797985667433 2243.96926207859
		endloop
	endfacet
	facet normal -1 0 0
		outer loop
			vertex 0 -465.797985667433 2243.96926207859
			vertex 0 -482.635182233307 2248.48077530122
			vertex 0 0 2400
		endloop
	endfacet
	facet normal -1 0 0
		outer loop
			vertex 0 -2034.20201433257 2243.96926207859
			vertex 0 -2050 2236.60254037844
			vertex 0 -2500 2400
		endloop
	endfacet
	facet normal -1 0 0
		outer loop
			vertex 0 -2500 2400
			vertex 0 -2050 2236.60254037844
			vertex 0 -2064.27876096865 2226.6044443119
		endloop
	endfacet
	facet normal -1 0 0
		outer loop
			vertex 0 -2500 2400
			vertex 0 -2064.27876096865 2226.6044443119
			vertex 0 -2076.6044443119 2214.27876096865
		endloop
	endfacet
	facet normal -1 0 0
		outer loop
			vertex 0 -2076.6044443119 2214.27876096865
			vertex 0 -2086.60254037844 2200
			vertex 0 -2500 2400
		endloop
	endfacet
	facet normal -1 0 0
		outer loop
			vertex 0 -2500 2400
			vertex 0 -2086.60254037844 2200
			vertex 0 -2093.96926207859 2184.20201433257
		endloop
	endfacet
	facet normal -1 0 0
		outer loop
			vertex 0 -2500 2400
			vertex 0 -2093.96926207859 2184.20201433257
			vertex 0 -2098.48077530122 2167.36481776669
		endloop
	endfacet
	facet normal 1 0 0
		outer loop
			vertex 49.9999999999998 -2093.96926207859 1065.79798566743
			vertex 49.9999999999998 -2098.48077530122 1082.63518223331
			vertex 49.9999999999998 -2450 400
		endloop
	endfacet
	facet normal 1 0 0
		outer loop
			vertex 49.9999999999998 -2450 400
			vertex 49.9999999999998 -2098.48077530122 1082.63518223331
			vertex 49.9999999999998 -2100 1100
		endloop
	endfacet
	facet normal 1 0 0
		outer loop
			vertex 49.9999999999998 -2450 400
			vertex 49.9999999999998 -2100 1100
			vertex 49.9999999999998 -2450 2400
		endloop
	endfacet
	facet normal 1 0 0
		outer loop
			vertex 49.9999999999998 -2450 2400
			vertex 49.9999999999998 -2100 1100
			vertex 49.9999999999998 -2100 2150
		endloop
	endfacet
	facet normal 1 0 0
		outer loop
			vertex 49.9999999999998 -2450 2400
			vertex 49.9999999999998 -2100 2150
			vertex 49.9999999999998 -2098.48077530122 2167.36481776669
		endloop
	endfacet
	facet normal 1 0 0
		outer loop
			vertex 50 -206.99 700
			vertex 50 -313.902678322726 914.042678322726
			vertex 50 -359.638824432171 547.351175567829
		endloop
	endfacet
	facet normal 1 0 0
		outer loop
			vertex 50 -359.638824432171 547.351175567829
			vertex 50 -313.902678322726 914.042678322726
			vertex 49.9999999999998 -500 1000
		endloop
	endfacet
	facet normal 1 0 0
		outer loop
			vertex 50 -359.638824432171 547.351175567829
			vertex 49.9999999999998 -500 1000
			vertex 49.9999999999998 -420.673679783985 400
		endloop
	endfacet
	facet normal 1 0 0
		outer loop
			vertex 49.9999999999998 -420.673679783985 400
			vertex 49.9999999999998 -500 1000
			vertex 49.9999999999998 -2000 1000
		endloop
	endfacet
	facet normal 1 0 0
		outer loop
			vertex 49.9999999999998 -420.673679783985 400
			vertex 49.9999999999998 -2000 1000
			vertex 49.9999999999998 -2450 400
		endloop
	endfacet
	facet normal 1 0 0
		outer loop
			vertex 49.9999999999998 -2450 400
			vertex 49.9999999999998 -2000 1000
			vertex 49.9999999999998 -2017.36481776669 1001.51922469878
		endloop
	endfacet
	facet normal 1 0 0
		outer loop
			vertex 49.9999999999998 -2450 400
			vertex 49.9999999999998 -2017.36481776669 1001.51922469878
			vertex 49.9999999999998 -2034.20201433257 1006.03073792141
		endloop
	endfacet
	facet normal 1 0 0
		outer loop
			vertex 50 -206.99 700
			vertex 50 -99.8599999999999 700
			vertex 50 -313.902678322726 914.042678322726
		endloop
	endfacet
	facet normal 1 0 0
		outer loop
			vertex 49.9999999999998 -435.721239031346 1023.3955556881
			vertex 49.9999999999998 -450 1013.39745962156
			vertex 50 -340.603704462614 978.504657758923
		endloop
	endfacet
	facet normal 1 0 0
		outer loop
			vertex 50 -340.603704462614 978.504657758923
			vertex 49.9999999999998 -450 1013.39745962156
			vertex 49.9999999999998 -465.797985667433 1006.03073792141
		endloop
	endfacet
	facet normal 1 0 0
		outer loop
			vertex 50 -340.603704462614 978.504657758923
			vertex 49.9999999999998 -465.797985667433 1006.03073792141
			vertex 50 -313.902678322726 914.042678322726
		endloop
	endfacet
	facet normal 1 0 0
		outer loop
			vertex 50 -313.902678322726 914.042678322726
			vertex 49.9999999999998 -465.797985667433 1006.03073792141
			vertex 49.9999999999998 -482.635182233307 1001.51922469878
		endloop
	endfacet
	facet normal 1 0 0
		outer loop
			vertex 50 -313.902678322726 914.042678322726
			vertex 49.9999999999998 -482.635182233307 1001.51922469878
			vertex 49.9999999999998 -500 1000
		endloop
	endfacet
	facet normal 1 0 0
		outer loop
			vertex 49.9999999999998 -435.721239031346 1023.3955556881
			vertex 50 -340.603704462614 978.504657758923
			vertex 49.9999999999998 -423.395555688102 1035.72123903135
		endloop
	endfacet
	facet normal 1 0 0
		outer loop
			vertex 49.9999999999998 -423.395555688102 1035.72123903135
			vertex 50 -340.603704462614 978.504657758923
			vertex 50 -356.70165393174 1059.43451486731
		endloop
	endfacet
	facet normal 1 0 0
		outer loop
			vertex 49.9999999999998 -423.395555688102 1035.72123903135
			vertex 50 -356.70165393174 1059.43451486731
			vertex 49.9999999999998 -413.397459621556 1050
		endloop
	endfacet
	facet normal 1 0 0
		outer loop
			vertex 49.9999999999998 -413.397459621556 1050
			vertex 50 -356.70165393174 1059.43451486731
			vertex 49.9999999999998 -406.030737921409 1065.79798566743
		endloop
	endfacet
	facet normal 1 0 0
		outer loop
			vertex 50 -379.289958419767 1288.77741910143
			vertex 49.9999999999998 -400 1100
			vertex 50 -356.70165393174 1059.43451486731
		endloop
	endfacet
	facet normal 1 0 0
		outer loop
			vertex 50 -356.70165393174 1059.43451486731
			vertex 49.9999999999998 -400 1100
			vertex 49.9999999999998 -401.519224698779 1082.63518223331
		endloop
	endfacet
	facet normal 1 0 0
		outer loop
			vertex 50 -356.70165393174 1059.43451486731
			vertex 49.9999999999998 -401.519224698779 1082.63518223331
			vertex 49.9999999999998 -406.030737921409 1065.79798566743
		endloop
	endfacet
	facet normal 1 0 0
		outer loop
			vertex 50 -379.289958419767 1288.77741910143
			vertex 50 -386.264976602267 1430.757175899
			vertex 49.9999999999998 -400 1100
		endloop
	endfacet
	facet normal 1 0 0
		outer loop
			vertex 49.9999999999998 -400 1100
			vertex 50 -386.264976602267 1430.757175899
			vertex 50 -400 1990.25999999995
		endloop
	endfacet
	facet normal 1 0 0
		outer loop
			vertex 49.9999999999998 -2034.20201433257 1006.03073792141
			vertex 49.9999999999998 -2050 1013.39745962156
			vertex 49.9999999999998 -2450 400
		endloop
	endfacet
	facet normal 1 0 0
		outer loop
			vertex 49.9999999999998 -2450 400
			vertex 49.9999999999998 -2050 1013.39745962156
			vertex 49.9999999999998 -2064.27876096865 1023.3955556881
		endloop
	endfacet
	facet normal 1 0 0
		outer loop
			vertex 49.9999999999998 -2450 400
			vertex 49.9999999999998 -2064.27876096865 1023.3955556881
			vertex 49.9999999999998 -2076.6044443119 1035.72123903135
		endloop
	endfacet
	facet normal 1 0 0
		outer loop
			vertex 49.9999999999998 -2076.6044443119 1035.72123903135
			vertex 49.9999999999998 -2086.60254037844 1050
			vertex 49.9999999999998 -2450 400
		endloop
	endfacet
	facet normal 1 0 0
		outer loop
			vertex 49.9999999999998 -2450 400
			vertex 49.9999999999998 -2086.60254037844 1050
			vertex 49.9999999999998 -2093.96926207859 1065.79798566743
		endloop
	endfacet
	facet normal 1 0 0
		outer loop
			vertex 49.9999999999998 -2098.48077530122 2167.36481776669
			vertex 49.9999999999998 -2093.96926207859 2184.20201433257
			vertex 49.9999999999998 -2450 2400
		endloop
	endfacet
	facet normal 1 0 0
		outer loop
			vertex 49.9999999999998 -2450 2400
			vertex 49.9999999999998 -2093.96926207859 2184.20201433257
			vertex 49.9999999999998 -2086.60254037844 2200
		endloop
	endfacet
	facet normal 1 0 0
		outer loop
			vertex 49.9999999999998 -2450 2400
			vertex 49.9999999999998 -2086.60254037844 2200
			vertex 49.9999999999998 -2076.6044443119 2214.27876096865
		endloop
	endfacet
	facet normal 1 0 0
		outer loop
			vertex 49.9999999999998 -2076.6044443119 2214.27876096865
			vertex 49.9999999999998 -2064.27876096865 2226.6044443119
			vertex 49.9999999999998 -2450 2400
		endloop
	endfacet
	facet normal 1 0 0
		outer loop
			vertex 49.9999999999998 -2450 2400
			vertex 49.9999999999998 -2064.27876096865 2226.6044443119
			vertex 49.9999999999998 -2050 2236.60254037844
		endloop
	endfacet
	facet normal 1 0 0
		outer loop
			vertex 49.9999999999998 -2450 2400
			vertex 49.9999999999998 -2050 2236.60254037844
			vertex 49.9999999999998 -2034.20201433257 2243.96926207859
		endloop
	endfacet
	facet normal 1 0 0
		outer loop
			vertex 49.9999999999998 -2034.20201433257 2243.96926207859
			vertex 49.9999999999998 -2017.36481776669 2248.48077530122
			vertex 49.9999999999998 -2450 2400
		endloop
	endfacet
	facet normal 1 0 0
		outer loop
			vertex 49.9999999999998 -2450 2400
			vertex 49.9999999999998 -2017.36481776669 2248.48077530122
			vertex 50 -2000 2250
		endloop
	endfacet
	facet normal 1 0 0
		outer loop
			vertex 49.9999999999998 -2450 2400
			vertex 50 -2000 2250
			vertex 50 -400 2400
		endloop
	endfacet
	facet normal 1 0 0
		outer loop
			vertex 50 -400 2400
			vertex 50 -2000 2250
			vertex 50 -500 2250
		endloop
	endfacet
	facet normal 1 0 0
		outer loop
			vertex 50 -400 2400
			vertex 50 -500 2250
			vertex 49.9999999999998 -482.635182233307 2248.48077530122
		endloop
	endfacet
	facet normal 1 0 0
		outer loop
			vertex 49.9999999999998 -482.635182233307 2248.48077530122
			vertex 49.9999999999998 -465.797985667433 2243.96926207859
			vertex 50 -400 2400
		endloop
	endfacet
	facet normal 1 0 0
		outer loop
			vertex 50 -400 2400
			vertex 49.9999999999998 -465.797985667433 2243.96926207859
			vertex 49.9999999999998 -450 2236.60254037844
		endloop
	endfacet
	facet normal 1 0 0
		outer loop
			vertex 50 -400 2400
			vertex 49.9999999999998 -450 2236.60254037844
			vertex 49.9999999999998 -435.721239031346 2226.6044443119
		endloop
	endfacet
	facet normal 1 0 0
		outer loop
			vertex 49.9999999999998 -435.721239031346 2226.6044443119
			vertex 49.9999999999998 -423.395555688102 2214.27876096865
			vertex 50 -400 2400
		endloop
	endfacet
	facet normal 1 0 0
		outer loop
			vertex 50 -400 2400
			vertex 49.9999999999998 -423.395555688102 2214.27876096865
			vertex 49.9999999999998 -413.397459621556 2200
		endloop
	endfacet
	facet normal 1 0 0
		outer loop
			vertex 50 -400 2400
			vertex 49.9999999999998 -413.397459621556 2200
			vertex 49.9999999999998 -406.030737921409 2184.20201433257
		endloop
	endfacet
	facet normal 1 0 0
		outer loop
			vertex 49.9999999999998 -406.030737921409 2184.20201433257
			vertex 49.9999999999998 -401.519224698779 2167.36481776669
			vertex 50 -400 2400
		endloop
	endfacet
	facet normal 1 0 0
		outer loop
			vertex 50 -400 2400
			vertex 49.9999999999998 -401.519224698779 2167.36481776669
			vertex 49.9999999999998 -400 2150
		endloop
	endfacet
	facet normal -1 0 0
		outer loop
			vertex 49.9999999999998 -420.673679783985 400
			vertex 49.9999999999998 -49.9999999999998 400
			vertex 50 -450 329.2
		endloop
	endfacet
	facet normal -1 0 0
		outer loop
			vertex 50 -450 329.2
			vertex 49.9999999999998 -49.9999999999998 400
			vertex 50 -50 200
		endloop
	endfacet
	facet normal -1 0 0
		outer loop
			vertex 50 -450 329.2
			vertex 50 -50 200
			vertex 50 -450 200
		endloop
	endfacet
	facet normal 0 1 0
		outer loop
			vertex 49.9999999999998 -49.9999999999998 400
			vertex 550 -50 400
			vertex 50 -50 200
		endloop
	endfacet
	facet normal 0 1 0
		outer loop
			vertex 50 -50 200
			vertex 550 -50 400
			vertex 550 -50 200
		endloop
	endfacet
	facet normal 0 -0.923879532511287 0.38268343236509
		outer loop
			vertex 50 -450 329.2
			vertex 550 -450 329.2
			vertex 49.9999999999998 -420.673679783985 400
		endloop
	endfacet
	facet normal 0 -0.923879532511287 0.38268343236509
		outer loop
			vertex 49.9999999999998 -420.673679783985 400
			vertex 550 -450 329.2
			vertex 550 -359.638824432171 547.351175567829
		endloop
	endfacet
	facet normal 0 -0.923879532511287 0.38268343236509
		outer loop
			vertex 49.9999999999998 -420.673679783985 400
			vertex 550 -359.638824432171 547.351175567829
			vertex 50 -359.638824432171 547.351175567829
		endloop
	endfacet
	facet normal 0 -0.707106781186548 0.707106781186547
		outer loop
			vertex 50 -359.638824432171 547.351175567829
			vertex 550 -359.638824432171 547.351175567829
			vertex 50 -206.99 700
		endloop
	endfacet
	facet normal 0 -0.707106781186548 0.707106781186547
		outer loop
			vertex 50 -206.99 700
			vertex 550 -359.638824432171 547.351175567829
			vertex 550 -206.99 700
		endloop
	endfacet
	facet normal 0 0 1
		outer loop
			vertex 50 -206.99 700
			vertex 550 -206.99 700
			vertex 50 -99.8599999999999 700
		endloop
	endfacet
	facet normal 0 0 1
		outer loop
			vertex 50 -99.8599999999999 700
			vertex 550 -206.99 700
			vertex 550 -99.86 700
		endloop
	endfacet
	facet normal 1 0 0
		outer loop
			vertex 550 -206.99 700
			vertex 550 -359.638824432171 547.351175567829
			vertex 550 -50 400
		endloop
	endfacet
	facet normal 1 0 0
		outer loop
			vertex 550 -50 400
			vertex 550 -359.638824432171 547.351175567829
			vertex 550 -450 329.2
		endloop
	endfacet
	facet normal 1 0 0
		outer loop
			vertex 550 -50 400
			vertex 550 -450 329.2
			vertex 550 -50 200
		endloop
	endfacet
	facet normal 1 0 0
		outer loop
			vertex 550 -50 200
			vertex 550 -450 329.2
			vertex 550 -450 200
		endloop
	endfacet
	facet normal 1 0 0
		outer loop
			vertex 550 -50 698.21
			vertex 550 -98.07 698.21
			vertex 550 -50 400
		endloop
	endfacet
	facet normal 1 0 0
		outer loop
			vertex 550 -50 400
			vertex 550 -98.07 698.21
			vertex 550 -206.99 700
		endloop
	endfacet
	facet normal 1 0 0
		outer loop
			vertex 550 -98.07 698.21
			vertex 550 -99.86 700
			vertex 550 -206.99 700
		endloop
	endfacet
	facet normal 0 -0.999698818696204 -0.0245412285229211
		outer loop
			vertex 50 -400 1990.25999999995
			vertex 50 -386.264976602267 1430.757175899
			vertex 2450 -400 1990.25999999995
		endloop
	endfacet
	facet normal 0 -0.999698818696204 -0.0245412285229211
		outer loop
			vertex 2450 -400 1990.25999999995
			vertex 50 -386.264976602267 1430.757175899
			vertex 2450 -386.264976602267 1430.757175899
		endloop
	endfacet
	facet normal 0 -0.998795456205173 -0.0490676743274179
		outer loop
			vertex 50 -386.264976602267 1430.757175899
			vertex 50 -379.289958419767 1288.77741910143
			vertex 2450 -386.264976602267 1430.757175899
		endloop
	endfacet
	facet normal 0 -0.998795456205173 -0.0490676743274179
		outer loop
			vertex 2450 -386.264976602267 1430.757175899
			vertex 50 -379.289958419767 1288.77741910143
			vertex 2450 -379.289958419767 1288.77741910143
		endloop
	endfacet
	facet normal 0 -0.995184726672197 -0.0980171403295614
		outer loop
			vertex 50 -379.289958419767 1288.77741910143
			vertex 50 -356.70165393174 1059.43451486731
			vertex 2450 -379.289958419767 1288.77741910143
		endloop
	endfacet
	facet normal 0 -0.995184726672197 -0.0980171403295614
		outer loop
			vertex 2450 -379.289958419767 1288.77741910143
			vertex 50 -356.70165393174 1059.43451486731
			vertex 2450 -356.70165393174 1059.43451486731
		endloop
	endfacet
	facet normal 0 -0.98078528040323 -0.195090322016128
		outer loop
			vertex 50 -356.70165393174 1059.43451486731
			vertex 50 -340.603704462614 978.504657758923
			vertex 2450 -356.70165393174 1059.43451486731
		endloop
	endfacet
	facet normal 0 -0.98078528040323 -0.195090322016128
		outer loop
			vertex 2450 -356.70165393174 1059.43451486731
			vertex 50 -340.603704462614 978.504657758923
			vertex 2450 -340.603704462614 978.504657758923
		endloop
	endfacet
	facet normal 0 -0.923879532511287 -0.38268343236509
		outer loop
			vertex 50 -340.603704462614 978.504657758923
			vertex 50 -313.902678322726 914.042678322726
			vertex 2450 -340.603704462614 978.504657758923
		endloop
	endfacet
	facet normal 0 -0.923879532511287 -0.38268343236509
		outer loop
			vertex 2450 -340.603704462614 978.504657758923
			vertex 50 -313.902678322726 914.042678322726
			vertex 2450 -313.902678322726 914.042678322726
		endloop
	endfacet
	facet normal 0 -0.707106781186547 -0.707106781186547
		outer loop
			vertex 2450 -98.07 698.21
			vertex 2450 -313.902678322726 914.042678322726
			vertex 550 -99.86 700
		endloop
	endfacet
	facet normal 0 -0.707106781186547 -0.707106781186547
		outer loop
			vertex 550 -99.86 700
			vertex 2450 -313.902678322726 914.042678322726
			vertex 50 -313.902678322726 914.042678322726
		endloop
	endfacet
	facet normal 0 -0.707106781186547 -0.707106781186547
		outer loop
			vertex 550 -99.86 700
			vertex 50 -313.902678322726 914.042678322726
			vertex 50 -99.8599999999999 700
		endloop
	endfacet
	facet normal 0 -0.707106781186547 -0.707106781186547
		outer loop
			vertex 550 -99.86 700
			vertex 550 -98.07 698.21
			vertex 2450 -98.07 698.21
		endloop
	endfacet
	facet normal 0 0 -1
		outer loop
			vertex 2450 -98.07 698.21
			vertex 550 -98.07 698.21
			vertex 2450 -49.9999999999998 698.21
		endloop
	endfacet
	facet normal 0 0 -1
		outer loop
			vertex 2450 -49.9999999999998 698.21
			vertex 550 -98.07 698.21
			vertex 550 -50 698.21
		endloop
	endfacet
	facet normal 0 -1 0
		outer loop
			vertex 550 -450 329.2
			vertex 50 -450 329.2
			vertex 550 -450 200
		endloop
	endfacet
	facet normal 0 -1 0
		outer loop
			vertex 550 -450 200
			vertex 50 -450 329.2
			vertex 50 -450 200
		endloop
	endfacet
	facet normal 0 0 -1
		outer loop
			vertex 50 -50 200
			vertex 550 -50 200
			vertex 50 -450 200
		endloop
	endfacet
	facet normal 0 0 -1
		outer loop
			vertex 50 -450 200
			vertex 550 -50 200
			vertex 550 -450 200
		endloop
	endfacet
	facet normal 0 0 -1
		outer loop
			vertex 50 -400 2400
			vertex 2450 -400 2400
			vertex 49.9999999999998 -2450 2400
		endloop
	endfacet
	facet normal 0 0 -1
		outer loop
			vertex 49.9999999999998 -2450 2400
			vertex 2450 -400 2400
			vertex 2250 -2450 2400
		endloop
	endfacet
	facet normal 0 0 -1
		outer loop
			vertex 2450 -400 2400
			vertex 2450 -2500 2400
			vertex 2250 -2450 2400
		endloop
	endfacet
	facet normal 0 0 -1
		outer loop
			vertex 2250 -2450 2400
			vertex 2450 -2500 2400
			vertex 2250 -2500 2400
		endloop
	endfacet
	facet normal 0 -1 0
		outer loop
			vertex 550 -50 400
			vertex 2450 -49.9999999999998 400
			vertex 550 -50 698.21
		endloop
	endfacet
	facet normal 0 -1 0
		outer loop
			vertex 550 -50 698.21
			vertex 2450 -49.9999999999998 400
			vertex 2450 -49.9999999999998 698.21
		endloop
	endfacet
	facet normal 1 0 0
		outer loop
			vertex 250 -2500 500
			vertex 250 -2450 500
			vertex 250 -2500 2250
		endloop
	endfacet
	facet normal 1 0 0
		outer loop
			vertex 250 -2500 2250
			vertex 250 -2450 500
			vertex 250 -2450 2250
		endloop
	endfacet
	facet normal 0 -0.688734030603378 0.725014093027732
		outer loop
			vertex 0 -2500 2400
			vertex 2250 -2500 2400
			vertex 1.45917254086605 -2473.6060487581 2423.87225453627
		endloop
	endfacet
	facet normal 0 -0.652444207499197 0.757836760853381
		outer loop
			vertex 1.45917254086605 -2473.6060487581 2423.87225453627
			vertex 2250 -2500 2400
			vertex 2498.56719046695 -2470.10534057949 2426.86686638535
		endloop
	endfacet
	facet normal 0 -0.652444207499197 0.757836760853381
		outer loop
			vertex 1.45917254086605 -2473.6060487581 2423.87225453627
			vertex 2498.56719046695 -2470.10534057949 2426.86686638535
			vertex 5.54214732547727 -2445.94383672322 2446.52772466159
		endloop
	endfacet
	facet normal 0 -0.614410615172844 0.788986435854842
		outer loop
			vertex 5.54214732547727 -2445.94383672322 2446.52772466159
			vertex 2498.56719046695 -2470.10534057949 2426.86686638535
			vertex 2494.55683815092 -2442.58200958196 2449.12994611516
		endloop
	endfacet
	facet normal 0 -0.614410615172844 0.788986435854842
		outer loop
			vertex 5.54214732547727 -2445.94383672322 2446.52772466159
			vertex 2494.55683815092 -2442.58200958196 2449.12994611516
			vertex 11.8820154322663 -2417.33803817226 2467.70046375786
		endloop
	endfacet
	facet normal 0 -0.575079638541513 0.81809743266616
		outer loop
			vertex 11.8820154322663 -2417.33803817226 2467.70046375786
			vertex 2494.55683815092 -2442.58200958196 2449.12994611516
			vertex 2488.3276432222 -2414.13293384328 2469.94061043273
		endloop
	endfacet
	facet normal 0 -0.575079638541513 0.81809743266616
		outer loop
			vertex 11.8820154322663 -2417.33803817226 2467.70046375786
			vertex 2488.3276432222 -2414.13293384328 2469.94061043273
			vertex 20.1922563476051 -2387.84836494385 2487.37410340621
		endloop
	endfacet
	facet normal 0 -0.534533435181691 0.845147328382964
		outer loop
			vertex 20.1922563476051 -2387.84836494385 2487.37410340621
			vertex 2488.3276432222 -2414.13293384328 2469.94061043273
			vertex 2480.16058045589 -2384.81731922994 2489.28072989866
		endloop
	endfacet
	facet normal 0 -0.534533435181691 0.845147328382964
		outer loop
			vertex 20.1922563476051 -2387.84836494385 2487.37410340621
			vertex 2480.16058045589 -2384.81731922994 2489.28072989866
			vertex 30.2194080019591 -2357.54393562728 2505.52561578166
		endloop
	endfacet
	facet normal 0 -0.492867105874025 0.870104600578208
		outer loop
			vertex 30.2194080019591 -2357.54393562728 2505.52561578166
			vertex 2480.16058045589 -2384.81731922994 2489.28072989866
			vertex 2470.30453408545 -2354.70360838951 2507.12609942616
		endloop
	endfacet
	facet normal 0 -0.492867105874025 0.870104600578208
		outer loop
			vertex 30.2194080019591 -2357.54393562728 2505.52561578166
			vertex 2470.30453408545 -2354.70360838951 2507.12609942616
			vertex 41.7495862103771 -2326.50846532673 2522.12696755455
		endloop
	endfacet
	facet normal 0 -0.450195395532679 0.892930067721529
		outer loop
			vertex 41.7495862103771 -2326.50846532673 2522.12696755455
			vertex 2470.30453408545 -2354.70360838951 2507.12609942616
			vertex 2458.96991387126 -2323.87459336852 2523.44822194808
		endloop
	endfacet
	facet normal 0 -0.450195395532679 0.892930067721529
		outer loop
			vertex 41.7495862103771 -2326.50846532673 2522.12696755455
			vertex 2458.96991387126 -2323.87459336852 2523.44822194808
			vertex 54.5825072714957 -2294.82802364129 2537.15268623169
		endloop
	endfacet
	facet normal 0 -0.406637181743241 0.91358973419359
		outer loop
			vertex 54.5825072714957 -2294.82802364129 2537.15268623169
			vertex 2458.96991387126 -2323.87459336852 2523.44822194808
			vertex 2446.35391368004 -2292.415477857 2538.22126334588
		endloop
	endfacet
	facet normal 0 -0.406637181743241 0.91358973419359
		outer loop
			vertex 54.5825072714957 -2294.82802364129 2537.15268623169
			vertex 2446.35391368004 -2292.415477857 2538.22126334588
			vertex 2432.6354586499 -2260.42059917522 2551.42358692341
		endloop
	endfacet
	facet normal 0 -0.688734030603378 0.725014093027732
		outer loop
			vertex 2450 -2500 2400
			vertex 2500 -2498.88635297474 2401.05568684687
			vertex 2250 -2500 2400
		endloop
	endfacet
	facet normal 0 -0.688734030603378 0.725014093027732
		outer loop
			vertex 2250 -2500 2400
			vertex 2500 -2498.88635297474 2401.05568684687
			vertex 2500 -2497.77048111298 2402.10902174313
		endloop
	endfacet
	facet normal 0 -0.688734030603378 0.725014093027732
		outer loop
			vertex 2250 -2500 2400
			vertex 2500 -2497.77048111298 2402.10902174313
			vertex 2500 -2496.65238938189 2403.16
		endloop
	endfacet
	facet normal 0 -0.688734030603378 0.725014093027732
		outer loop
			vertex 2450 -2500 2400
			vertex 2500 -2500 2400
			vertex 2500 -2498.88635297474 2401.05568684687
		endloop
	endfacet
	facet normal 0 -0.684131301893325 0.729358870357894
		outer loop
			vertex 2500 -2496.65238938189 2403.16
			vertex 2498.56719046695 -2470.10534057949 2426.86686638535
			vertex 2250 -2500 2400
		endloop
	endfacet
	facet normal 0 -0.406637181743241 0.91358973419359
		outer loop
			vertex 54.5825072714957 -2294.82802364129 2537.15268623169
			vertex 2432.6354586499 -2260.42059917522 2551.42358692341
			vertex 68.5366309966123 -2262.59794012142 2550.58119504659
		endloop
	endfacet
	facet normal 0 -0.362322926839402 0.932052625492
		outer loop
			vertex 68.5366309966123 -2262.59794012142 2550.58119504659
			vertex 2432.6354586499 -2260.42059917522 2551.42358692341
			vertex 2417.98968116111 -2227.99350304944 2563.03510354037
		endloop
	endfacet
	facet normal 0 -0.362322926839402 0.932052625492
		outer loop
			vertex 68.5366309966123 -2262.59794012142 2550.58119504659
			vertex 2417.98968116111 -2227.99350304944 2563.03510354037
			vertex 83.4341490755201 -2229.92320145648 2562.39222009839
		endloop
	endfacet
	facet normal 0 -0.317397657629261 0.948292532360905
		outer loop
			vertex 83.4341490755201 -2229.92320145648 2562.39222009839
			vertex 2417.98968116111 -2227.99350304944 2563.03510354037
			vertex 2402.58609212235 -2195.25195258505 2573.04360075439
		endloop
	endfacet
	facet normal 0 -0.317397657629261 0.948292532360905
		outer loop
			vertex 83.4341490755201 -2229.92320145648 2562.39222009839
			vertex 2402.58609212235 -2195.25195258505 2573.04360075439
			vertex 99.1028499012213 -2196.92343606986 2572.57325122963
		endloop
	endfacet
	facet normal 0 -0.272025111531543 0.962290153070399
		outer loop
			vertex 99.1028499012213 -2196.92343606986 2572.57325122963
			vertex 2402.58609212235 -2195.25195258505 2573.04360075439
			vertex 115.374455799036 -2163.71966455187 2581.11913925526
		endloop
	endfacet
	facet normal 0 -0.269726939521237 0.962936850523702
		outer loop
			vertex 2402.58609212235 -2195.25195258505 2573.04360075439
			vertex 2386.59041235134 -2162.31528336946 2581.44406492482
			vertex 115.374455799036 -2163.71966455187 2581.11913925526
		endloop
	endfacet
	facet normal 0 -0.226372422691661 0.974040823705407
		outer loop
			vertex 115.374455799036 -2163.71966455187 2581.11913925526
			vertex 2386.59041235134 -2162.31528336946 2581.44406492482
			vertex 2370.16314280836 -2129.30919656835 2588.24528967426
		endloop
	endfacet
	facet normal 0 -0.226372422691661 0.974040823705407
		outer loop
			vertex 115.374455799036 -2163.71966455187 2581.11913925526
			vertex 2370.16314280836 -2129.30919656835 2588.24528967426
			vertex 132.085948782555 -2130.43938703007 2588.03867061001
		endloop
	endfacet
	facet normal 0 -0.180614228909567 0.983554014945495
		outer loop
			vertex 132.085948782555 -2130.43938703007 2588.03867061001
			vertex 2370.16314280836 -2129.30919656835 2588.24528967426
			vertex 2353.46204300457 -2096.3614543617 2593.46369765201
		endloop
	endfacet
	facet normal 0 -0.180614228909567 0.983554014945495
		outer loop
			vertex 132.085948782555 -2130.43938703007 2588.03867061001
			vertex 2353.46204300457 -2096.3614543617 2593.46369765201
			vertex 149.077071198433 -2097.21219919872 2593.34835063957
		endloop
	endfacet
	facet normal 0 -0.134929293037357 0.990855229526715
		outer loop
			vertex 149.077071198433 -2097.21219919872 2593.34835063957
			vertex 2353.46204300457 -2096.3614543617 2593.46369765201
			vertex 166.192196175084 -2064.17323346231 2597.08098368684
		endloop
	endfacet
	facet normal 0 -0.133759576351387 0.991013812080486
		outer loop
			vertex 2353.46204300457 -2096.3614543617 2593.46369765201
			vertex 2336.64024297124 -2063.60526068356 2597.13179931781
			vertex 166.192196175084 -2064.17323346231 2597.08098368684
		endloop
	endfacet
	facet normal 0 -0.0895029372075917 0.9959865582583
		outer loop
			vertex 166.192196175084 -2064.17323346231 2597.08098368684
			vertex 2336.64024297124 -2063.60526068356 2597.13179931781
			vertex 2319.84887625608 -2031.17711445697 2599.29064257242
		endloop
	endfacet
	facet normal 0 -0.0895029372075917 0.9959865582583
		outer loop
			vertex 166.192196175084 -2064.17323346231 2597.08098368684
			vertex 2319.84887625608 -2031.17711445697 2599.29064257242
			vertex 183.277679469658 -2031.46097363727 2599.27803544069
		endloop
	endfacet
	facet normal 0 -0.0445259242271676 0.999008229231229
		outer loop
			vertex 183.277679469658 -2031.46097363727 2599.27803544069
			vertex 2319.84887625608 -2031.17711445697 2599.29064257242
			vertex 200.185487212301 -1999.21853223366 2599.99998620036
		endloop
	endfacet
	facet normal 0 -0.0441356368429341 0.999025548001886
		outer loop
			vertex 2319.84887625608 -2031.17711445697 2599.29064257242
			vertex 2303.23346847622 -1999.21807477889 2599.99998628933
			vertex 200.185487212301 -1999.21853223366 2599.99998620036
		endloop
	endfacet
	facet normal 0 -0.000194800060219374 0.999999981026468
		outer loop
			vertex 200.185487212301 -1999.21853223366 2599.99998620036
			vertex 2303.23346847622 -1999.21807477889 2599.99998628933
			vertex 200.259831219344 -1999.07685220186 2600
		endloop
	endfacet
	facet normal 0 -0.000194171092158277 0.999999981148793
		outer loop
			vertex 2303.23346847622 -1999.21807477889 2599.99998628933
			vertex 2303.16 -1999.07685220186 2600
			vertex 200.259831219344 -1999.07685220186 2600
		endloop
	endfacet
	facet normal 0 0 1
		outer loop
			vertex 2303.16 -1999.07685220186 2600
			vertex 2303.23346847622 -1999.21807477889 2599.99998628933
			vertex 2303.16 0 2600
		endloop
	endfacet
	facet normal 0 0 1
		outer loop
			vertex 2303.16 0 2600
			vertex 2303.23346847622 -1999.21807477889 2599.99998628933
			vertex 2319.84887625608 -2031.17711445697 2599.29064257242
		endloop
	endfacet
	facet normal 0 0 1
		outer loop
			vertex 2303.16 0 2600
			vertex 2319.84887625608 -2031.17711445697 2599.29064257242
			vertex 2328.85277567659 0 2598.31600651282
		endloop
	endfacet
	facet normal 0.130526192220051 0 0.99144486137381
		outer loop
			vertex 2328.85277567659 0 2598.31600651282
			vertex 2319.84887625608 -2031.17711445697 2599.29064257242
			vertex 2336.64024297124 -2063.60526068356 2597.13179931781
		endloop
	endfacet
	facet normal 0.130526192220051 0 0.99144486137381
		outer loop
			vertex 2328.85277567659 0 2598.31600651282
			vertex 2336.64024297124 -2063.60526068356 2597.13179931781
			vertex 2354.10594083798 0 2593.29283964674
		endloop
	endfacet
	facet normal 0.25881904510252 0 0.965925826289069
		outer loop
			vertex 2354.10594083798 0 2593.29283964674
			vertex 2336.64024297124 -2063.60526068356 2597.13179931781
			vertex 2353.46204300457 -2096.3614543617 2593.46369765201
		endloop
	endfacet
	facet normal 0.25881904510252 0 0.965925826289069
		outer loop
			vertex 2354.10594083798 0 2593.29283964674
			vertex 2353.46204300457 -2096.3614543617 2593.46369765201
			vertex 2370.16314280836 -2129.30919656835 2588.24528967426
		endloop
	endfacet
	facet normal 0.25881904510252 0 0.965925826289069
		outer loop
			vertex 2354.10594083798 0 2593.29283964674
			vertex 2370.16314280836 -2129.30919656835 2588.24528967426
			vertex 2378.48740682674 0 2585.01644717952
		endloop
	endfacet
	facet normal 0.382683432365091 0 0.923879532511286
		outer loop
			vertex 2378.48740682674 0 2585.01644717952
			vertex 2370.16314280836 -2129.30919656835 2588.24528967426
			vertex 2386.59041235134 -2162.31528336946 2581.44406492482
		endloop
	endfacet
	facet normal 0.382683432365091 0 0.923879532511286
		outer loop
			vertex 2378.48740682674 0 2585.01644717952
			vertex 2386.59041235134 -2162.31528336946 2581.44406492482
			vertex 2401.58 0 2573.62844048093
		endloop
	endfacet
	facet normal 0.5 0 0.866025403784438
		outer loop
			vertex 2401.58 0 2573.62844048093
			vertex 2386.59041235134 -2162.31528336946 2581.44406492482
			vertex 2402.58609212235 -2195.25195258505 2573.04360075439
		endloop
	endfacet
	facet normal 0.5 0 0.866025403784438
		outer loop
			vertex 2401.58 0 2573.62844048093
			vertex 2402.58609212235 -2195.25195258505 2573.04360075439
			vertex 2417.98968116111 -2227.99350304944 2563.03510354037
		endloop
	endfacet
	facet normal 0.5 0 0.866025403784438
		outer loop
			vertex 2401.58 0 2573.62844048093
			vertex 2417.98968116111 -2227.99350304944 2563.03510354037
			vertex 2422.98859968608 0 2559.32367150293
		endloop
	endfacet
	facet normal 0.60876142900872 0 0.793353340291236
		outer loop
			vertex 2422.98859968608 0 2559.32367150293
			vertex 2417.98968116111 -2227.99350304944 2563.03510354037
			vertex 2432.6354586499 -2260.42059917522 2551.42358692341
		endloop
	endfacet
	facet normal 0.60876142900872 0 0.793353340291236
		outer loop
			vertex 2422.98859968608 0 2559.32367150293
			vertex 2432.6354586499 -2260.42059917522 2551.42358692341
			vertex 2442.34689880876 0 2542.34689880876
		endloop
	endfacet
	facet normal 0.707106781186547 0 0.707106781186547
		outer loop
			vertex 2442.34689880876 0 2542.34689880876
			vertex 2432.6354586499 -2260.42059917522 2551.42358692341
			vertex 2446.35391368004 -2292.415477857 2538.22126334588
		endloop
	endfacet
	facet normal 0.707106781186547 0 0.707106781186547
		outer loop
			vertex 2442.34689880876 0 2542.34689880876
			vertex 2446.35391368004 -2292.415477857 2538.22126334588
			vertex 2459.32367150293 0 2522.98859968608
		endloop
	endfacet
	facet normal 0.793353340291236 0 0.60876142900872
		outer loop
			vertex 2459.32367150293 0 2522.98859968608
			vertex 2446.35391368004 -2292.415477857 2538.22126334588
			vertex 2458.96991387126 -2323.87459336852 2523.44822194808
		endloop
	endfacet
	facet normal 0.793353340291236 0 0.60876142900872
		outer loop
			vertex 2459.32367150293 0 2522.98859968608
			vertex 2458.96991387126 -2323.87459336852 2523.44822194808
			vertex 2470.30453408545 -2354.70360838951 2507.12609942616
		endloop
	endfacet
	facet normal 0.793353340291236 0 0.60876142900872
		outer loop
			vertex 2459.32367150293 0 2522.98859968608
			vertex 2470.30453408545 -2354.70360838951 2507.12609942616
			vertex 2473.62844048093 0 2501.58
		endloop
	endfacet
	facet normal 0.866025403784438 0 0.5
		outer loop
			vertex 2473.62844048093 0 2501.58
			vertex 2470.30453408545 -2354.70360838951 2507.12609942616
			vertex 2480.16058045589 -2384.81731922994 2489.28072989866
		endloop
	endfacet
	facet normal 0.866025403784438 0 0.5
		outer loop
			vertex 2473.62844048093 0 2501.58
			vertex 2480.16058045589 -2384.81731922994 2489.28072989866
			vertex 2485.01644717952 0 2478.48740682674
		endloop
	endfacet
	facet normal 0.923879532511286 0 0.382683432365091
		outer loop
			vertex 2485.01644717952 0 2478.48740682674
			vertex 2480.16058045589 -2384.81731922994 2489.28072989866
			vertex 2488.3276432222 -2414.13293384328 2469.94061043273
		endloop
	endfacet
	facet normal 0.923879532511286 0 0.382683432365091
		outer loop
			vertex 2485.01644717952 0 2478.48740682674
			vertex 2488.3276432222 -2414.13293384328 2469.94061043273
			vertex 2493.29283964674 0 2454.10594083798
		endloop
	endfacet
	facet normal 0.965925826289069 0 0.25881904510252
		outer loop
			vertex 2493.29283964674 0 2454.10594083798
			vertex 2488.3276432222 -2414.13293384328 2469.94061043273
			vertex 2494.55683815092 -2442.58200958196 2449.12994611516
		endloop
	endfacet
	facet normal 0.965925826289069 0 0.25881904510252
		outer loop
			vertex 2493.29283964674 0 2454.10594083798
			vertex 2494.55683815092 -2442.58200958196 2449.12994611516
			vertex 2498.31600651282 0 2428.85277567659
		endloop
	endfacet
	facet normal 0.99144486137381 0 0.130526192220051
		outer loop
			vertex 2498.31600651282 0 2428.85277567659
			vertex 2494.55683815092 -2442.58200958196 2449.12994611516
			vertex 2498.56719046695 -2470.10534057949 2426.86686638535
		endloop
	endfacet
	facet normal 0.99144486137381 0 0.130526192220051
		outer loop
			vertex 2498.31600651282 0 2428.85277567659
			vertex 2498.56719046695 -2470.10534057949 2426.86686638535
			vertex 2500 0 2403.16
		endloop
	endfacet
	facet normal 1 0 0
		outer loop
			vertex 2500 0 2403.16
			vertex 2498.56719046695 -2470.10534057949 2426.86686638535
			vertex 2500 -2496.65238938189 2403.16
		endloop
	endfacet
	facet normal -0.999999157192368 0 0.00129831219414724
		outer loop
			vertex 0 -2500 2400
			vertex 1.45917254086605 -2473.6060487581 2423.87225453627
			vertex 0 0 2400
		endloop
	endfacet
	facet normal -0.999999157192368 0 0.00129831219414724
		outer loop
			vertex 0 0 2400
			vertex 1.45917254086605 -2473.6060487581 2423.87225453627
			vertex 1.74433263382511 0 2426.11545111165
		endloop
	endfacet
	facet normal -0.992712766795554 0 0.120504616679678
		outer loop
			vertex 1.45917254086605 -2473.6060487581 2423.87225453627
			vertex 5.54214732547727 -2445.94383672322 2446.52772466159
			vertex 1.74433263382511 0 2426.11545111165
		endloop
	endfacet
	facet normal -0.991288817464889 0 0.131706037709222
		outer loop
			vertex 1.74433263382511 0 2426.11545111165
			vertex 5.54214732547727 -2445.94383672322 2446.52772466159
			vertex 6.87971592628218 0 2451.78035558336
		endloop
	endfacet
	facet normal -0.972324397752254 0 0.233634897940605
		outer loop
			vertex 5.54214732547727 -2445.94383672322 2446.52772466159
			vertex 11.8820154322663 -2417.33803817226 2467.70046375786
			vertex 6.87971592628218 0 2451.78035558336
		endloop
	endfacet
	facet normal -0.965645237656354 0 0.259863954775578
		outer loop
			vertex 6.87971592628218 0 2451.78035558336
			vertex 11.8820154322663 -2417.33803817226 2467.70046375786
			vertex 15.3184270294309 0 2476.55630436479
		endloop
	endfacet
	facet normal -0.940657317262116 0 0.339357940059222
		outer loop
			vertex 11.8820154322663 -2417.33803817226 2467.70046375786
			vertex 20.1922563476051 -2387.84836494385 2487.37410340621
			vertex 15.3184270294309 0 2476.55630436479
		endloop
	endfacet
	facet normal -0.923506462548251 0 0.383582864100596
		outer loop
			vertex 15.3184270294309 0 2476.55630436479
			vertex 20.1922563476051 -2387.84836494385 2487.37410340621
			vertex 26.9163155013752 0 2500.0200735866
		endloop
	endfacet
	facet normal -0.899168954717559 0 0.437601634905689
		outer loop
			vertex 20.1922563476051 -2387.84836494385 2487.37410340621
			vertex 30.2194080019591 -2357.54393562728 2505.52561578166
			vertex 26.9163155013752 0 2500.0200735866
		endloop
	endfacet
	facet normal -0.865592308588678 0 0.500749393721174
		outer loop
			vertex 26.9163155013752 0 2500.0200735866
			vertex 30.2194080019591 -2357.54393562728 2505.52561578166
			vertex 41.4752656905826 0 2521.77085408962
		endloop
	endfacet
	facet normal -0.849095383114824 0 0.528239557751112
		outer loop
			vertex 30.2194080019591 -2357.54393562728 2505.52561578166
			vertex 41.7495862103771 -2326.50846532673 2522.12696755455
			vertex 41.4752656905826 0 2521.77085408962
		endloop
	endfacet
	facet normal -0.792892067955462 0 0.609362099718477
		outer loop
			vertex 41.4752656905826 0 2521.77085408962
			vertex 41.7495862103771 -2326.50846532673 2522.12696755455
			vertex 54.5825072714957 -2294.82802364129 2537.15268623169
		endloop
	endfacet
	facet normal -0.792892067955462 0 0.609362099718477
		outer loop
			vertex 41.4752656905826 0 2521.77085408962
			vertex 54.5825072714957 -2294.82802364129 2537.15268623169
			vertex 58.7465809563382 0 2541.43709806485
		endloop
	endfacet
	facet normal -0.706647609422777 0 0.707565654972791
		outer loop
			vertex 58.7465809563382 0 2541.43709806485
			vertex 54.5825072714957 -2294.82802364129 2537.15268623169
			vertex 68.5366309966123 -2262.59794012142 2550.58119504659
		endloop
	endfacet
	facet normal -0.706647609422777 0 0.707565654972791
		outer loop
			vertex 58.7465809563382 0 2541.43709806485
			vertex 68.5366309966123 -2262.59794012142 2550.58119504659
			vertex 78.4352319159253 0 2558.68286584984
		endloop
	endfacet
	facet normal -0.608332164702979 0 0.793682541944692
		outer loop
			vertex 78.4352319159253 0 2558.68286584984
			vertex 68.5366309966123 -2262.59794012142 2550.58119504659
			vertex 83.4341490755201 -2229.92320145648 2562.39222009839
		endloop
	endfacet
	facet normal -0.608332164702979 0 0.793682541944692
		outer loop
			vertex 78.4352319159253 0 2558.68286584984
			vertex 83.4341490755201 -2229.92320145648 2562.39222009839
			vertex 100.204896149786 0 2573.2135644651
		endloop
	endfacet
	facet normal -0.499625162636363 0 0.866241708104954
		outer loop
			vertex 100.204896149786 0 2573.2135644651
			vertex 83.4341490755201 -2229.92320145648 2562.39222009839
			vertex 99.1028499012213 -2196.92343606986 2572.57325122963
		endloop
	endfacet
	facet normal -0.499625162636363 0 0.866241708104954
		outer loop
			vertex 100.204896149786 0 2573.2135644651
			vertex 99.1028499012213 -2196.92343606986 2572.57325122963
			vertex 115.374455799036 -2163.71966455187 2581.11913925526
		endloop
	endfacet
	facet normal -0.499625162636363 0 0.866241708104954
		outer loop
			vertex 100.204896149786 0 2573.2135644651
			vertex 115.374455799036 -2163.71966455187 2581.11913925526
			vertex 123.683703276188 0 2584.78097986455
		endloop
	endfacet
	facet normal -0.38238354111233 0 0.924003694519884
		outer loop
			vertex 123.683703276188 0 2584.78097986455
			vertex 115.374455799036 -2163.71966455187 2581.11913925526
			vertex 132.085948782555 -2130.43938703007 2588.03867061001
		endloop
	endfacet
	facet normal -0.38238354111233 0 0.924003694519884
		outer loop
			vertex 123.683703276188 0 2584.78097986455
			vertex 132.085948782555 -2130.43938703007 2588.03867061001
			vertex 148.470587257786 0 2593.18751693907
		endloop
	endfacet
	facet normal -0.258610026772983 0 0.965981808344483
		outer loop
			vertex 148.470587257786 0 2593.18751693907
			vertex 132.085948782555 -2130.43938703007 2588.03867061001
			vertex 149.077071198433 -2097.21219919872 2593.34835063957
		endloop
	endfacet
	facet normal -0.258610026772983 0 0.965981808344483
		outer loop
			vertex 148.470587257786 0 2593.18751693907
			vertex 149.077071198433 -2097.21219919872 2593.34835063957
			vertex 166.192196175084 -2064.17323346231 2597.08098368684
		endloop
	endfacet
	facet normal -0.258610026772983 0 0.965981808344483
		outer loop
			vertex 148.470587257786 0 2593.18751693907
			vertex 166.192196175084 -2064.17323346231 2597.08098368684
			vertex 174.142137429667 0 2598.28957484495
		endloop
	endfacet
	facet normal -0.130418924346732 0 0.991458977553908
		outer loop
			vertex 174.142137429667 0 2598.28957484495
			vertex 166.192196175084 -2064.17323346231 2597.08098368684
			vertex 183.277679469658 -2031.46097363727 2599.27803544069
		endloop
	endfacet
	facet normal -0.130418924346732 0 0.991458977553908
		outer loop
			vertex 174.142137429667 0 2598.28957484495
			vertex 183.277679469658 -2031.46097363727 2599.27803544069
			vertex 200.259831219344 0 2600
		endloop
	endfacet
	facet normal 0 0 1
		outer loop
			vertex 200.259831219344 0 2600
			vertex 183.277679469658 -2031.46097363727 2599.27803544069
			vertex 200.185487212301 -1999.21853223366 2599.99998620036
		endloop
	endfacet
	facet normal 0 0 1
		outer loop
			vertex 200.259831219344 0 2600
			vertex 200.185487212301 -1999.21853223366 2599.99998620036
			vertex 200.259831219344 -1999.07685220186 2600
		endloop
	endfacet
	facet normal 0 0 1
		outer loop
			vertex 2303.16 0 2600
			vertex 200.259831219344 0 2600
			vertex 2303.16 -1999.07685220186 2600
		endloop
	endfacet
	facet normal 0 0 1
		outer loop
			vertex 2303.16 -1999.07685220186 2600
			vertex 200.259831219344 0 2600
			vertex 200.259831219344 -1999.07685220186 2600
		endloop
	endfacet
	facet normal 0 1 0
		outer loop
			vertex 2328.85277567659 0 2598.31600651282
			vertex 2354.10594083798 0 2593.29283964674
			vertex 2303.16 0 2600
		endloop
	endfacet
	facet normal 0 1 0
		outer loop
			vertex 2303.16 0 2600
			vertex 2354.10594083798 0 2593.29283964674
			vertex 174.142137429667 0 2598.28957484495
		endloop
	endfacet
	facet normal 0 1 0
		outer loop
			vertex 2303.16 0 2600
			vertex 174.142137429667 0 2598.28957484495
			vertex 200.259831219344 0 2600
		endloop
	endfacet
	facet normal 0 1 0
		outer loop
			vertex 174.142137429667 0 2598.28957484495
			vertex 2354.10594083798 0 2593.29283964674
			vertex 148.470587257786 0 2593.18751693907
		endloop
	endfacet
	facet normal 0 1 0
		outer loop
			vertex 148.470587257786 0 2593.18751693907
			vertex 2354.10594083798 0 2593.29283964674
			vertex 2378.48740682674 0 2585.01644717952
		endloop
	endfacet
	facet normal 0 1 0
		outer loop
			vertex 148.470587257786 0 2593.18751693907
			vertex 2378.48740682674 0 2585.01644717952
			vertex 123.683703276188 0 2584.78097986455
		endloop
	endfacet
	facet normal 0 1 0
		outer loop
			vertex 123.683703276188 0 2584.78097986455
			vertex 2378.48740682674 0 2585.01644717952
			vertex 2401.58 0 2573.62844048093
		endloop
	endfacet
	facet normal 0 1 0
		outer loop
			vertex 123.683703276188 0 2584.78097986455
			vertex 2401.58 0 2573.62844048093
			vertex 100.204896149786 0 2573.2135644651
		endloop
	endfacet
	facet normal 0 1 0
		outer loop
			vertex 100.204896149786 0 2573.2135644651
			vertex 2401.58 0 2573.62844048093
			vertex 2422.98859968608 0 2559.32367150293
		endloop
	endfacet
	facet normal 0 1 0
		outer loop
			vertex 100.204896149786 0 2573.2135644651
			vertex 2422.98859968608 0 2559.32367150293
			vertex 78.4352319159253 0 2558.68286584984
		endloop
	endfacet
	facet normal 0 1 0
		outer loop
			vertex 78.4352319159253 0 2558.68286584984
			vertex 2422.98859968608 0 2559.32367150293
			vertex 2442.34689880876 0 2542.34689880876
		endloop
	endfacet
	facet normal 0 1 0
		outer loop
			vertex 78.4352319159253 0 2558.68286584984
			vertex 2442.34689880876 0 2542.34689880876
			vertex 58.7465809563382 0 2541.43709806485
		endloop
	endfacet
	facet normal 0 1 0
		outer loop
			vertex 58.7465809563382 0 2541.43709806485
			vertex 2442.34689880876 0 2542.34689880876
			vertex 2459.32367150293 0 2522.98859968608
		endloop
	endfacet
	facet normal 0 1 0
		outer loop
			vertex 58.7465809563382 0 2541.43709806485
			vertex 2459.32367150293 0 2522.98859968608
			vertex 41.4752656905826 0 2521.77085408962
		endloop
	endfacet
	facet normal 0 1 0
		outer loop
			vertex 41.4752656905826 0 2521.77085408962
			vertex 2459.32367150293 0 2522.98859968608
			vertex 2473.62844048093 0 2501.58
		endloop
	endfacet
	facet normal 0 1 0
		outer loop
			vertex 41.4752656905826 0 2521.77085408962
			vertex 2473.62844048093 0 2501.58
			vertex 26.9163155013752 0 2500.0200735866
		endloop
	endfacet
	facet normal 0 1 0
		outer loop
			vertex 26.9163155013752 0 2500.0200735866
			vertex 2473.62844048093 0 2501.58
			vertex 2485.01644717952 0 2478.48740682674
		endloop
	endfacet
	facet normal 0 1 0
		outer loop
			vertex 26.9163155013752 0 2500.0200735866
			vertex 2485.01644717952 0 2478.48740682674
			vertex 15.3184270294309 0 2476.55630436479
		endloop
	endfacet
	facet normal 0 1 0
		outer loop
			vertex 15.3184270294309 0 2476.55630436479
			vertex 2485.01644717952 0 2478.48740682674
			vertex 2493.29283964674 0 2454.10594083798
		endloop
	endfacet
	facet normal 0 1 0
		outer loop
			vertex 15.3184270294309 0 2476.55630436479
			vertex 2493.29283964674 0 2454.10594083798
			vertex 6.87971592628218 0 2451.78035558336
		endloop
	endfacet
	facet normal 0 1 0
		outer loop
			vertex 6.87971592628218 0 2451.78035558336
			vertex 2493.29283964674 0 2454.10594083798
			vertex 2498.31600651282 0 2428.85277567659
		endloop
	endfacet
	facet normal 0 1 0
		outer loop
			vertex 6.87971592628218 0 2451.78035558336
			vertex 2498.31600651282 0 2428.85277567659
			vertex 1.74433263382511 0 2426.11545111165
		endloop
	endfacet
	facet normal 0 1 0
		outer loop
			vertex 1.74433263382511 0 2426.11545111165
			vertex 2498.31600651282 0 2428.85277567659
			vertex 2500 0 2403.16
		endloop
	endfacet
	facet normal 0 1 0
		outer loop
			vertex 1.74433263382511 0 2426.11545111165
			vertex 2500 0 2403.16
			vertex 0 0 2400
		endloop
	endfacet
	facet normal 0 1 0
		outer loop
			vertex 0 0 2400
			vertex 2500 0 2403.16
			vertex 2500 0 400
		endloop
	endfacet
	facet normal 0 1 0
		outer loop
			vertex 0 0 2400
			vertex 2500 0 400
			vertex 0 0 400
		endloop
	endfacet
	facet normal 1 0 0
		outer loop
			vertex 2250 -2500 2398.69
			vertex 2250 -2450 2398.69
			vertex 2250 -2500 2400
		endloop
	endfacet
	facet normal 1 0 0
		outer loop
			vertex 2250 -2500 2400
			vertex 2250 -2450 2398.69
			vertex 2250 -2450 2400
		endloop
	endfacet
	facet normal 0 0 -1
		outer loop
			vertex 2250 -2500 2250
			vertex 250 -2500 2250
			vertex 2250 -2450 2250
		endloop
	endfacet
	facet normal 0 0 -1
		outer loop
			vertex 2250 -2450 2250
			vertex 250 -2500 2250
			vertex 250 -2450 2250
		endloop
	endfacet
	facet normal -1 0 0
		outer loop
			vertex 2250 -2500 2250
			vertex 2250 -2450 2250
			vertex 2250 -2500 500
		endloop
	endfacet
	facet normal -1 0 0
		outer loop
			vertex 2250 -2500 500
			vertex 2250 -2450 2250
			vertex 2250 -2450 500
		endloop
	endfacet
	facet normal 0 0 1
		outer loop
			vertex 2250 -2450 500
			vertex 250 -2450 500
			vertex 2250 -2500 500
		endloop
	endfacet
	facet normal 0 0 1
		outer loop
			vertex 2250 -2500 500
			vertex 250 -2450 500
			vertex 250 -2500 500
		endloop
	endfacet
	facet normal 0 1 0
		outer loop
			vertex 250 -2450 500
			vertex 49.9999999999998 -2450 400
			vertex 250 -2450 2250
		endloop
	endfacet
	facet normal 0 1 0
		outer loop
			vertex 250 -2450 2250
			vertex 49.9999999999998 -2450 400
			vertex 49.9999999999998 -2450 2400
		endloop
	endfacet
	facet normal 0 1 0
		outer loop
			vertex 250 -2450 2250
			vertex 49.9999999999998 -2450 2400
			vertex 2250 -2450 2400
		endloop
	endfacet
	facet normal 0 1 0
		outer loop
			vertex 250 -2450 500
			vertex 2250 -2450 500
			vertex 49.9999999999998 -2450 400
		endloop
	endfacet
	facet normal 0 1 0
		outer loop
			vertex 49.9999999999998 -2450 400
			vertex 2250 -2450 500
			vertex 2450 -2450 400
		endloop
	endfacet
	facet normal 0 1 0
		outer loop
			vertex 2250 -2450 500
			vertex 2250 -2450 2250
			vertex 2450 -2450 400
		endloop
	endfacet
	facet normal 0 1 0
		outer loop
			vertex 2450 -2450 400
			vertex 2250 -2450 2250
			vertex 2450 -2450 2398.69
		endloop
	endfacet
	facet normal 0 1 0
		outer loop
			vertex 2450 -2450 2398.69
			vertex 2250 -2450 2250
			vertex 2250 -2450 2398.69
		endloop
	endfacet
	facet normal 0 1 0
		outer loop
			vertex 2250 -2450 2398.69
			vertex 2250 -2450 2250
			vertex 250 -2450 2250
		endloop
	endfacet
	facet normal 0 1 0
		outer loop
			vertex 2250 -2450 2398.69
			vertex 250 -2450 2250
			vertex 2250 -2450 2400
		endloop
	endfacet
	facet normal 0 -1 0
		outer loop
			vertex 2250 -2500 2398.69
			vertex 2250 -2500 2400
			vertex 250 -2500 2250
		endloop
	endfacet
	facet normal 0 -1 0
		outer loop
			vertex 250 -2500 2250
			vertex 2250 -2500 2400
			vertex 0 -2500 2400
		endloop
	endfacet
	facet normal 0 -1 0
		outer loop
			vertex 250 -2500 2250
			vertex 0 -2500 2400
			vertex 0 -2500 400
		endloop
	endfacet
	facet normal 0 -1 0
		outer loop
			vertex 250 -2500 2250
			vertex 0 -2500 400
			vertex 250 -2500 500
		endloop
	endfacet
	facet normal 0 -1 0
		outer loop
			vertex 250 -2500 500
			vertex 0 -2500 400
			vertex 2500 -2500 400
		endloop
	endfacet
	facet normal 0 -1 0
		outer loop
			vertex 250 -2500 500
			vertex 2500 -2500 400
			vertex 2250 -2500 500
		endloop
	endfacet
	facet normal 0 -1 0
		outer loop
			vertex 2250 -2500 500
			vertex 2500 -2500 400
			vertex 2250 -2500 2250
		endloop
	endfacet
	facet normal 0 -1 0
		outer loop
			vertex 2500 -2500 400
			vertex 2500 -2500 2400
			vertex 2250 -2500 2250
		endloop
	endfacet
	facet normal 0 -1 0
		outer loop
			vertex 2250 -2500 2250
			vertex 2500 -2500 2400
			vertex 2450 -2500 2398.69
		endloop
	endfacet
	facet normal 0 -1 0
		outer loop
			vertex 2250 -2500 2250
			vertex 2450 -2500 2398.69
			vertex 2250 -2500 2398.69
		endloop
	endfacet
	facet normal 0 -1 0
		outer loop
			vertex 2500 -2500 2400
			vertex 2450 -2500 2400
			vertex 2450 -2500 2398.69
		endloop
	endfacet
	facet normal 0 -1 0
		outer loop
			vertex 250 -2500 2250
			vertex 2250 -2500 2250
			vertex 2250 -2500 2398.69
		endloop
	endfacet
	facet normal 0 0 1
		outer loop
			vertex 2250 -2500 2398.69
			vertex 2450 -2500 2398.69
			vertex 2250 -2450 2398.69
		endloop
	endfacet
	facet normal 0 0 1
		outer loop
			vertex 2250 -2450 2398.69
			vertex 2450 -2500 2398.69
			vertex 2450 -2450 2398.69
		endloop
	endfacet
	facet normal 0 0 -1
		outer loop
			vertex 49.9999999999998 -2450 400
			vertex 0 -2500 400
			vertex 49.9999999999998 -420.673679783985 400
		endloop
	endfacet
	facet normal 0 0 -1
		outer loop
			vertex 49.9999999999998 -420.673679783985 400
			vertex 0 -2500 400
			vertex 0 0 400
		endloop
	endfacet
	facet normal 0 0 -1
		outer loop
			vertex 49.9999999999998 -420.673679783985 400
			vertex 0 0 400
			vertex 49.9999999999998 -49.9999999999998 400
		endloop
	endfacet
	facet normal 0 0 -1
		outer loop
			vertex 49.9999999999998 -49.9999999999998 400
			vertex 0 0 400
			vertex 550 -50 400
		endloop
	endfacet
	facet normal 0 0 -1
		outer loop
			vertex 49.9999999999998 -2450 400
			vertex 2450 -2450 400
			vertex 0 -2500 400
		endloop
	endfacet
	facet normal 0 0 -1
		outer loop
			vertex 0 -2500 400
			vertex 2450 -2450 400
			vertex 2500 -2500 400
		endloop
	endfacet
	facet normal 0 0 -1
		outer loop
			vertex 2450 -2450 400
			vertex 2450 -49.9999999999998 400
			vertex 2500 -2500 400
		endloop
	endfacet
	facet normal 0 0 -1
		outer loop
			vertex 2500 -2500 400
			vertex 2450 -49.9999999999998 400
			vertex 2500 0 400
		endloop
	endfacet
	facet normal 0 0 -1
		outer loop
			vertex 2450 -49.9999999999998 400
			vertex 550 -50 400
			vertex 2500 0 400
		endloop
	endfacet
	facet normal 0 0 -1
		outer loop
			vertex 2500 0 400
			vertex 550 -50 400
			vertex 0 0 400
		endloop
	endfacet
	facet normal 0 1 0
		outer loop
			vertex 49.9999999999998 -2100 1100
			vertex 0 -2100 1100
			vertex 49.9999999999998 -2100 2150
		endloop
	endfacet
	facet normal 0 1 0
		outer loop
			vertex 49.9999999999998 -2100 2150
			vertex 0 -2100 1100
			vertex 0 -2100 2150
		endloop
	endfacet
	facet normal 0.707106781186548 0.707106781186547 0
		outer loop
			vertex 2303.16 316.98 2541.2
			vertex 2303.16 316.98 403.16
			vertex 2220.14 400 2458.18
		endloop
	endfacet
	facet normal 0.707106781186548 0.707106781186547 0
		outer loop
			vertex 2220.14 400 2458.18
			vertex 2303.16 316.98 403.16
			vertex 2220.14 400 403.16
		endloop
	endfacet
	facet normal 0 1 0
		outer loop
			vertex 2220.14 400 403.16
			vertex 287.719831219344 400 403.16
			vertex 2220.14 400 2458.18
		endloop
	endfacet
	facet normal 0 1 0
		outer loop
			vertex 2220.14 400 2458.18
			vertex 287.719831219344 400 403.16
			vertex 287.719831219344 400 2458.18
		endloop
	endfacet
	facet normal -5.2794851658075E-17 0 -1
		outer loop
			vertex 287.719831219344 400 403.16
			vertex 2220.14 400 403.16
			vertex 200.259831219343 312.54 403.16
		endloop
	endfacet
	facet normal -5.2794851658075E-17 0 -1
		outer loop
			vertex 200.259831219343 312.54 403.16
			vertex 2220.14 400 403.16
			vertex 2303.16 316.98 403.16
		endloop
	endfacet
	facet normal -5.2794851658075E-17 0 -1
		outer loop
			vertex 200.259831219343 312.54 403.16
			vertex 2303.16 316.98 403.16
			vertex 2303.16 0 403.16
		endloop
	endfacet
	facet normal -5.2794851658075E-17 0 -1
		outer loop
			vertex 2303.16 0 403.16
			vertex 200.259831219343 0 403.16
			vertex 200.259831219343 312.54 403.16
		endloop
	endfacet
	facet normal -0.707106781186547 0.707106781186548 3.92523114670943E-17
		outer loop
			vertex 287.719831219344 400 2458.18
			vertex 287.719831219344 400 403.16
			vertex 201.119831219344 313.4 2544.78
		endloop
	endfacet
	facet normal -0.707106781186547 0.707106781186548 3.92523114670943E-17
		outer loop
			vertex 201.119831219344 313.4 2544.78
			vertex 287.719831219344 400 403.16
			vertex 200.259831219343 312.54 403.16
		endloop
	endfacet
	facet normal -0.707106781186547 0.707106781186548 3.92523114670943E-17
		outer loop
			vertex 201.119831219344 313.4 2544.78
			vertex 200.259831219343 312.54 403.16
			vertex 200.259831219344 312.54 2544.78
		endloop
	endfacet
	facet normal 0 0.707106781186547 0.707106781186548
		outer loop
			vertex 2220.14 400 2458.18
			vertex 287.719831219344 400 2458.18
			vertex 2303.16 316.98 2541.2
		endloop
	endfacet
	facet normal 0 0.707106781186547 0.707106781186548
		outer loop
			vertex 2303.16 316.98 2541.2
			vertex 287.719831219344 400 2458.18
			vertex 201.119831219344 313.4 2544.78
		endloop
	endfacet
	facet normal 0 0.707106781186547 0.707106781186548
		outer loop
			vertex 2303.16 316.98 2541.2
			vertex 201.119831219344 313.4 2544.78
			vertex 2303.16 313.4 2544.78
		endloop
	endfacet
	facet normal 0 0 1
		outer loop
			vertex 201.119831219344 313.4 2544.78
			vertex 200.259831219344 312.54 2544.78
			vertex 2303.16 313.4 2544.78
		endloop
	endfacet
	facet normal 0 0 1
		outer loop
			vertex 2303.16 313.4 2544.78
			vertex 200.259831219344 312.54 2544.78
			vertex 2303.16 0 2544.78
		endloop
	endfacet
	facet normal 0 0 1
		outer loop
			vertex 200.259831219344 312.54 2544.78
			vertex 200.259831219344 0 2544.78
			vertex 2303.16 0 2544.78
		endloop
	endfacet
	facet normal -1 0 5.55111512312578E-17
		outer loop
			vertex 200.259831219344 312.54 2544.78
			vertex 200.259831219343 312.54 403.16
			vertex 200.259831219344 0 2544.78
		endloop
	endfacet
	facet normal -1 0 5.55111512312578E-17
		outer loop
			vertex 200.259831219344 0 2544.78
			vertex 200.259831219343 312.54 403.16
			vertex 200.259831219343 0 403.16
		endloop
	endfacet
	facet normal 1 0 0
		outer loop
			vertex 2303.16 316.98 2541.2
			vertex 2303.16 313.4 2544.78
			vertex 2303.16 316.98 403.16
		endloop
	endfacet
	facet normal 1 0 0
		outer loop
			vertex 2303.16 316.98 403.16
			vertex 2303.16 313.4 2544.78
			vertex 2303.16 0 403.16
		endloop
	endfacet
	facet normal 1 0 0
		outer loop
			vertex 2303.16 313.4 2544.78
			vertex 2303.16 0 2544.78
			vertex 2303.16 0 403.16
		endloop
	endfacet
	facet normal 0 -1 0
		outer loop
			vertex 2303.16 0 2544.78
			vertex 200.259831219344 0 2544.78
			vertex 2303.16 0 403.16
		endloop
	endfacet
	facet normal 0 -1 0
		outer loop
			vertex 2303.16 0 403.16
			vertex 200.259831219344 0 2544.78
			vertex 200.259831219343 0 403.16
		endloop
	endfacet
endsolid
