VERICUT-log
Version-9.0.1
*---------------------------------------------------------*
*
*   Wed Apr  1 21:07:23 2020
*   用户 = Administrator.
*   创建日期 = March 02, 2020 .
*   库日期 = 03/02/20.
*   用户名称 = LND-7330757468@CS.
*   用户号 = 062143.
*   服务号 = 001.
*   主机号 = 60745de1b8fc.
*
*---------------------------------------------------------*


*** 处理数控程序文件C:\Users\Administrator\Desktop\G682尝试后处理-26666.NC.NC
Wed Apr  1 21:07:35 2020



******************** 刀路警告报告 ********************
警告:在10行
M13
警告:M 13不支持


******************** 刀路警告报告 ********************
警告:在21行
M12
警告:M 12不支持


******************** 刀路警告报告 ********************
警告:在171行
M13
警告:M 13不支持


******************** 刀路警告报告 ********************
警告:在179行
M12
警告:M 12不支持


******************** 刀路错误报告 ********************
错误181行,文件名:G682尝试后处理-26666.NC.NC
G00 G43 Z15. H01
错误:在 181 行:G00 G43 Z15. H01,"Z"和"C"碰撞.


******************** 刀路错误报告 ********************
错误181行,文件名:G682尝试后处理-26666.NC.NC
G00 G43 Z15. H01
错误:在 181 行:G00 G43 Z15. H01,组件"Tool"上的刀具"1"快速进给去除材料,去除体积390.3442
当前刀具1: D25 EM, Line# 15, 记录: T1 M06


******************** 刀路错误报告 ********************
错误183行,文件名:G682尝试后处理-26666.NC.NC
Z7.
错误:在 183 行:Z7.,"Z"和"C"碰撞.


******************** 刀路错误报告 ********************
错误183行,文件名:G682尝试后处理-26666.NC.NC
Z7.
错误:在 183 行:Z7.,组件"Tool"上的刀具"1"快速进给去除材料,去除体积641.8923
当前刀具1: D25 EM, Line# 15, 记录: T1 M06


******************** 刀路错误报告 ********************
错误184行,文件名:G682尝试后处理-26666.NC.NC
G01 X30.8822 Y-28.4687 Z6.9333 F5000.
错误:在 184 行:G01 X30.8822 Y-28.4687 Z6.9333 F5000.,"Z"和"C"碰撞.


******************** 刀路错误报告 ********************
错误185行,文件名:G682尝试后处理-26666.NC.NC
X31.1435 Y-27.2196 Z6.8667
错误:在 185 行:X31.1435 Y-27.2196 Z6.8667,"Z"和"C"碰撞.


******************** 刀路错误报告 ********************
错误186行,文件名:G682尝试后处理-26666.NC.NC
X30.9685 Y-25.9556 Z6.8
错误:在 186 行:X30.9685 Y-25.9556 Z6.8,"Z"和"C"碰撞.


******************** 刀路错误报告 ********************
错误187行,文件名:G682尝试后处理-26666.NC.NC
X30.3777 Y-24.8246 Z6.7333
错误:在 187 行:X30.3777 Y-24.8246 Z6.7333,"Z"和"C"碰撞.


******************** 刀路错误报告 ********************
错误188行,文件名:G682尝试后处理-26666.NC.NC
X29.4402 Y-23.9588 Z6.6667
错误:在 188 行:X29.4402 Y-23.9588 Z6.6667,"Z"和"C"碰撞.


******************** 刀路错误报告 ********************
错误189行,文件名:G682尝试后处理-26666.NC.NC
X28.2657 Y-23.4598 Z6.6
错误:在 189 行:X28.2657 Y-23.4598 Z6.6,"Z"和"C"碰撞.


******************** 刀路错误报告 ********************
错误190行,文件名:G682尝试后处理-26666.NC.NC
X26.9918 Y-23.3858 Z6.5333
错误:在 190 行:X26.9918 Y-23.3858 Z6.5333,"Z"和"C"碰撞.


******************** 刀路错误报告 ********************
错误191行,文件名:G682尝试后处理-26666.NC.NC
X25.7674 Y-23.7456 Z6.4667
错误:在 191 行:X25.7674 Y-23.7456 Z6.4667,"Z"和"C"碰撞.


******************** 刀路错误报告 ********************
错误192行,文件名:G682尝试后处理-26666.NC.NC
X24.736 Y-24.497 Z6.4
错误:在 192 行:X24.736 Y-24.497 Z6.4,"Z"和"C"碰撞.


******************** 刀路错误报告 ********************
错误193行,文件名:G682尝试后处理-26666.NC.NC
X24.0183 Y-25.5521 Z6.3333
错误:在 193 行:X24.0183 Y-25.5521 Z6.3333,"Z"和"C"碰撞.


******************** 刀路错误报告 ********************
错误194行,文件名:G682尝试后处理-26666.NC.NC
X23.6982 Y-26.7874 Z6.2667
错误:在 194 行:X23.6982 Y-26.7874 Z6.2667,"Z"和"C"碰撞.


******************** 刀路错误报告 ********************
错误195行,文件名:G682尝试后处理-26666.NC.NC
X23.8132 Y-28.0583 Z6.2
错误:在 195 行:X23.8132 Y-28.0583 Z6.2,"Z"和"C"碰撞.


******************** 刀路错误报告 ********************
错误196行,文件名:G682尝试后处理-26666.NC.NC
X24.3498 Y-29.2161 Z6.1333
错误:在 196 行:X24.3498 Y-29.2161 Z6.1333,"Z"和"C"碰撞.


******************** 刀路错误报告 ********************
错误197行,文件名:G682尝试后处理-26666.NC.NC
X25.2453 Y-30.1252 Z6.0667
错误:在 197 行:X25.2453 Y-30.1252 Z6.0667,"Z"和"C"碰撞.


******************** 刀路错误报告 ********************
错误198行,文件名:G682尝试后处理-26666.NC.NC
X26.3948 Y-30.6792 Z6.
错误:在 198 行:X26.3948 Y-30.6792 Z6.,"Z"和"C"碰撞.


******************** 刀路错误报告 ********************
错误199行,文件名:G682尝试后处理-26666.NC.NC
X27.6638 Y-30.8134 Z5.9333
错误:在 199 行:X27.6638 Y-30.8134 Z5.9333,"Z"和"C"碰撞.


******************** 刀路错误报告 ********************
错误200行,文件名:G682尝试后处理-26666.NC.NC
X28.9038 Y-30.512 Z5.8667
错误:在 200 行:X28.9038 Y-30.512 Z5.8667,"Z"和"C"碰撞.


******************** 刀路错误报告 ********************
错误201行,文件名:G682尝试后处理-26666.NC.NC
X29.9696 Y-29.8102 Z5.8
错误:在 201 行:X29.9696 Y-29.8102 Z5.8,"Z"和"C"碰撞.


******************** 刀路错误报告 ********************
错误202行,文件名:G682尝试后处理-26666.NC.NC
X30.7365 Y-28.7903 Z5.7333
错误:在 202 行:X30.7365 Y-28.7903 Z5.7333,"Z"和"C"碰撞.


******************** 刀路错误报告 ********************
错误203行,文件名:G682尝试后处理-26666.NC.NC
X31.1147 Y-27.5715 Z5.6667
错误:在 203 行:X31.1147 Y-27.5715 Z5.6667,"Z"和"C"碰撞.


******************** 刀路错误报告 ********************
错误204行,文件名:G682尝试后处理-26666.NC.NC
X31.06 Y-26.2966 Z5.6
错误:在 204 行:X31.06 Y-26.2966 Z5.6,"Z"和"C"碰撞.


******************** 刀路错误报告 ********************
错误205行,文件名:G682尝试后处理-26666.NC.NC
X30.5788 Y-25.1148 Z5.5333
错误:在 205 行:X30.5788 Y-25.1148 Z5.5333,"Z"和"C"碰撞.


******************** 刀路错误报告 ********************
错误206行,文件名:G682尝试后处理-26666.NC.NC
X29.7273 Y-24.1643 Z5.4667
错误:在 206 行:X29.7273 Y-24.1643 Z5.4667,"Z"和"C"碰撞.


******************** 刀路错误报告 ********************
错误207行,文件名:G682尝试后处理-26666.NC.NC
X28.6053 Y-23.5564 Z5.4
错误:在 207 行:X28.6053 Y-23.5564 Z5.4,"Z"和"C"碰撞.


******************** 刀路错误报告 ********************
错误208行,文件名:G682尝试后处理-26666.NC.NC
X27.3441 Y-23.3624 Z5.3333
错误:在 208 行:X27.3441 Y-23.3624 Z5.3333,"Z"和"C"碰撞.


******************** 刀路错误报告 ********************
错误209行,文件名:G682尝试后处理-26666.NC.NC
X26.0912 Y-23.6048 Z5.2667
错误:在 209 行:X26.0912 Y-23.6048 Z5.2667,"Z"和"C"碰撞.


******************** 刀路错误报告 ********************
错误210行,文件名:G682尝试后处理-26666.NC.NC
X24.9934 Y-24.2553 Z5.2
错误:在 210 行:X24.9934 Y-24.2553 Z5.2,"Z"和"C"碰撞.


******************** 刀路错误报告 ********************
错误211行,文件名:G682尝试后处理-26666.NC.NC
X24.1791 Y-25.2378 Z5.1333
错误:在 211 行:X24.1791 Y-25.2378 Z5.1333,"Z"和"C"碰撞.


******************** 刀路错误报告 ********************
错误212行,文件名:G682尝试后处理-26666.NC.NC
X23.7436 Y-26.4373 Z5.0667
错误:在 212 行:X23.7436 Y-26.4373 Z5.0667,"Z"和"C"碰撞.


******************** 刀路错误报告 ********************
错误213行,文件名:G682尝试后处理-26666.NC.NC
X23.7675 Y-27.7083 Z5.
错误:在 213 行:X23.7675 Y-27.7083 Z5.,"Z"和"C"碰撞.


******************** 刀路错误报告 ********************
错误214行,文件名:G682尝试后处理-26666.NC.NC
X25. Y-35.
错误:在 214 行:X25. Y-35.,"Z"和"C"碰撞.


******************** 刀路错误报告 ********************
错误215行,文件名:G682尝试后处理-26666.NC.NC
X27.465 Y-20.4167
错误:在 215 行:X27.465 Y-20.4167,"Z"和"C"碰撞.


******************** 刀路错误报告 ********************
错误216行,文件名:G682尝试后处理-26666.NC.NC
G03 X27.5Y-20. Z5. R2.5
错误:在 216 行:G03 X27.5Y-20. Z5. R2.5,"Z"和"C"碰撞.


******************** 刀路错误报告 ********************
错误217行,文件名:G682尝试后处理-26666.NC.NC
G03 X25.Y-17.5 Z5. R2.5
错误:在 217 行:G03 X25.Y-17.5 Z5. R2.5,"Z"和"C"碰撞.


******************** 刀路错误报告 ********************
错误218行,文件名:G682尝试后处理-26666.NC.NC
G03 X22.5Y-20. Z5. R2.5
错误:在 218 行:G03 X22.5Y-20. Z5. R2.5,"Z"和"C"碰撞.


******************** 刀路错误报告 ********************
错误219行,文件名:G682尝试后处理-26666.NC.NC
G03 X22.535Y-20.4167 Z5. R2.5
错误:在 219 行:G03 X22.535Y-20.4167 Z5. R2.5,"Z"和"C"碰撞.


******************** 刀路错误报告 ********************
错误220行,文件名:G682尝试后处理-26666.NC.NC
G01 X23.7675 Y-27.7083
错误:在 220 行:G01 X23.7675 Y-27.7083,"Z"和"C"碰撞.


******************** 刀路错误报告 ********************
错误221行,文件名:G682尝试后处理-26666.NC.NC
X18.8374 Y-28.5417
错误:在 221 行:X18.8374 Y-28.5417,"Z"和"C"碰撞.


******************** 刀路错误报告 ********************
错误222行,文件名:G682尝试后处理-26666.NC.NC
X20.0699 Y-35.8333
错误:在 222 行:X20.0699 Y-35.8333,"Z"和"C"碰撞.


******************** 刀路错误报告 ********************
错误223行,文件名:G682尝试后处理-26666.NC.NC
G03 X25.Y-40. Z5. R5.
错误:在 223 行:G03 X25.Y-40. Z5. R5.,"Z"和"C"碰撞.


******************** 刀路错误报告 ********************
错误224行,文件名:G682尝试后处理-26666.NC.NC
G03 X29.9301Y-35.8333 Z5. R5.
错误:在 224 行:G03 X29.9301Y-35.8333 Z5. R5.,"Z"和"C"碰撞.


******************** 刀路错误报告 ********************
错误225行,文件名:G682尝试后处理-26666.NC.NC
G01 X32.3951 Y-21.25
错误:在 225 行:G01 X32.3951 Y-21.25,"Z"和"C"碰撞.


******************** 刀路错误报告 ********************
错误226行,文件名:G682尝试后处理-26666.NC.NC
G03 X32.5Y-20. Z5. R7.5
错误:在 226 行:G03 X32.5Y-20. Z5. R7.5,"Z"和"C"碰撞.


******************** 刀路错误报告 ********************
错误227行,文件名:G682尝试后处理-26666.NC.NC
G03 X25.Y-12.5 Z5. R7.5
错误:在 227 行:G03 X25.Y-12.5 Z5. R7.5,"Z"和"C"碰撞.


******************** 刀路错误报告 ********************
错误228行,文件名:G682尝试后处理-26666.NC.NC
G03 X17.5Y-20. Z5. R7.5
错误:在 228 行:G03 X17.5Y-20. Z5. R7.5,"Z"和"C"碰撞.


******************** 刀路错误报告 ********************
错误229行,文件名:G682尝试后处理-26666.NC.NC
G03 X17.6049Y-21.25 Z5. R7.5
错误:在 229 行:G03 X17.6049Y-21.25 Z5. R7.5,"Z"和"C"碰撞.


******************** 刀路错误报告 ********************
错误230行,文件名:G682尝试后处理-26666.NC.NC
G01 X18.8374 Y-28.5417
错误:在 230 行:G01 X18.8374 Y-28.5417,"Z"和"C"碰撞.


******************** 刀路错误报告 ********************
错误231行,文件名:G682尝试后处理-26666.NC.NC
X23.7675 Y-27.7083
错误:在 231 行:X23.7675 Y-27.7083,"Z"和"C"碰撞.


******************** 刀路错误报告 ********************
错误232行,文件名:G682尝试后处理-26666.NC.NC
Z8.
错误:在 232 行:Z8.,"Z"和"C"碰撞.


******************** 刀路错误报告 ********************
错误233行,文件名:G682尝试后处理-26666.NC.NC
G00 Z15.
错误:在 233 行:G00 Z15.,"Z"和"C"碰撞.


******************** 刀路警告报告 ********************
警告:在236行
M13
警告:M 13不支持


******************** 刀路错误报告 ********************
错误237行,文件名:G682尝试后处理-26666.NC.NC
G91 G28 Z0.0
错误:在 237 行:G91 G28 Z0.0,"Z"和"C"碰撞.


******************** 刀路警告报告 ********************
警告:在244行
M12
警告:M 12不支持


******************** 刀路警告报告 ********************
警告:在789行
M13
警告:M 13不支持


******************** 刀路警告报告 ********************
警告:在797行
M12
警告:M 12不支持


******************** 刀路警告报告 ********************
警告:在826行
M13
警告:M 13不支持


******************** 刀路警告报告 ********************
警告:在833行
M12
警告:M 12不支持


*** 结束数据处理数控程序文件C:\Users\Administrator\Desktop\G682尝试后处理-26666.NC.NC
Wed Apr  1 21:08:19 2020

***************************************************************************************************************
刀路文件 : C:\Users\Administrator\Desktop\G682尝试后处理-26666.NC.NC

                                  刀具摘要
                                 ==============

Seq.  记录        刀具描述  刀具高度  刀具夹长  时间      空刀时间  空刀时间 %
---------------------------------------------------------------------------------------------------------------
   1    15: T1 M06  1: D25 EM     200           150           0:01:33     0:00:54       58%           
===============================================================================================================
      总时间:                                              0:01:33     0:00:54       58%           

错误数: 55
警告数: 10
从最近的倒回总的循环时间: 0:01:38
从最近的倒回总空刀时间: 0:00:59 (60)%
***************************************************************************************************************


*** 处理数控程序文件C:\Users\Administrator\Desktop\G682尝试后处理-26666.NC.NC
Wed Apr  1 21:09:54 2020



******************** 刀路警告报告 ********************
警告:在10行
M13
警告:M 13不支持


******************** 刀路警告报告 ********************
警告:在21行
M12
警告:M 12不支持


******************** 刀路错误报告 ********************
错误23行,文件名:G682尝试后处理-26666.NC.NC
G00 G43 Z20. H01
错误:在 23 行:G00 G43 Z20. H01,"Tool CUTTER"和"C"碰撞.


******************** 刀路错误报告 ********************
错误25行,文件名:G682尝试后处理-26666.NC.NC
Z11.
错误:在 25 行:Z11.,"Tool CUTTER"和"C"碰撞.


******************** 刀路错误报告 ********************
错误26行,文件名:G682尝试后处理-26666.NC.NC
G01 Z8. F5000.
错误:在 26 行:G01 Z8. F5000.,"Tool CUTTER"和"C"碰撞.


******************** 刀路错误报告 ********************
错误27行,文件名:G682尝试后处理-26666.NC.NC
Y-50.
错误:在 27 行:Y-50.,"Tool CUTTER"和"C"碰撞.


******************** 刀路错误报告 ********************
错误28行,文件名:G682尝试后处理-26666.NC.NC
Y19.8328
错误:在 28 行:Y19.8328,"Tool CUTTER"和"C"碰撞.


******************** 刀路错误报告 ********************
错误29行,文件名:G682尝试后处理-26666.NC.NC
G02 X-16.6188Y21.8724 Z8. R2.5
错误:在 29 行:G02 X-16.6188Y21.8724 Z8. R2.5,"Tool CUTTER"和"C"碰撞.


******************** 刀路错误报告 ********************
错误30行,文件名:G682尝试后处理-26666.NC.NC
G01 X-13.3753 Y24.1659
错误:在 30 行:G01 X-13.3753 Y24.1659,"Tool CUTTER"和"A"碰撞.


******************** 刀路错误报告 ********************
错误30行,文件名:G682尝试后处理-26666.NC.NC
G01 X-13.3753 Y24.1659
错误:在 30 行:G01 X-13.3753 Y24.1659,"Tool CUTTER"和"C"碰撞.


******************** 刀路错误报告 ********************
错误31行,文件名:G682尝试后处理-26666.NC.NC
G02 X-12.6542Y24.3949 Z8. R1.25
错误:在 31 行:G02 X-12.6542Y24.3949 Z8. R1.25,"Tool CUTTER"和"A"碰撞.


******************** 刀路错误报告 ********************
错误31行,文件名:G682尝试后处理-26666.NC.NC
G02 X-12.6542Y24.3949 Z8. R1.25
错误:在 31 行:G02 X-12.6542Y24.3949 Z8. R1.25,"Tool CUTTER"和"C"碰撞.


******************** 刀路错误报告 ********************
错误32行,文件名:G682尝试后处理-26666.NC.NC
G02 X-11.4042Y23.1457 Z8. R1.25
错误:在 32 行:G02 X-11.4042Y23.1457 Z8. R1.25,"Tool CUTTER"和"A"碰撞.


******************** 刀路错误报告 ********************
错误32行,文件名:G682尝试后处理-26666.NC.NC
G02 X-11.4042Y23.1457 Z8. R1.25
错误:在 32 行:G02 X-11.4042Y23.1457 Z8. R1.25,"Tool CUTTER"和"C"碰撞.


******************** 刀路错误报告 ********************
错误33行,文件名:G682尝试后处理-26666.NC.NC
G01 Y-47.5009
错误:在 33 行:G01 Y-47.5009,"Tool CUTTER"和"A"碰撞.


******************** 刀路错误报告 ********************
错误33行,文件名:G682尝试后处理-26666.NC.NC
G01 Y-47.5009
错误:在 33 行:G01 Y-47.5009,"Tool CUTTER"和"C"碰撞.


*** 处理数控程序文件C:\Users\Administrator\Desktop\G682尝试后处理-26666.NC.NC
Wed Apr  1 21:10:14 2020



******************** 刀路警告报告 ********************
警告:在10行
M13
警告:M 13不支持


******************** 刀路警告报告 ********************
警告:在21行
M12
警告:M 12不支持


*** 处理数控程序文件C:\Users\Administrator\Desktop\G682尝试后处理-26666.NC.NC
Wed Apr  1 21:11:16 2020



******************** 刀路警告报告 ********************
警告:在10行
M13
警告:M 13不支持


******************** 刀路警告报告 ********************
警告:在21行
M12
警告:M 12不支持


*** 处理数控程序文件C:\Users\Administrator\Desktop\G682尝试后处理-26666.NC.NC
Wed Apr  1 21:11:44 2020



******************** 刀路警告报告 ********************
警告:在10行
M13
警告:M 13不支持


******************** 刀路警告报告 ********************
警告:在21行
M12
警告:M 12不支持


******************** 刀路警告报告 ********************
警告:在171行
M13
警告:M 13不支持


******************** 刀路警告报告 ********************
警告:在179行
M12
警告:M 12不支持


******************** 刀路错误报告 ********************
错误181行,文件名:G682尝试后处理-26666.NC.NC
G00 G43 Z15. H01
错误:在 181 行:G00 G43 Z15. H01,"Z"和"C"碰撞.


******************** 刀路错误报告 ********************
错误183行,文件名:G682尝试后处理-26666.NC.NC
Z7.
错误:在 183 行:Z7.,"Z"和"C"碰撞.


******************** 刀路错误报告 ********************
错误184行,文件名:G682尝试后处理-26666.NC.NC
G01 X30.8822 Y-28.4687 Z6.9333 F5000.
错误:在 184 行:G01 X30.8822 Y-28.4687 Z6.9333 F5000.,"Z"和"C"碰撞.


******************** 刀路错误报告 ********************
错误185行,文件名:G682尝试后处理-26666.NC.NC
X31.1435 Y-27.2196 Z6.8667
错误:在 185 行:X31.1435 Y-27.2196 Z6.8667,"Z"和"C"碰撞.


******************** 刀路错误报告 ********************
错误186行,文件名:G682尝试后处理-26666.NC.NC
X30.9685 Y-25.9556 Z6.8
错误:在 186 行:X30.9685 Y-25.9556 Z6.8,"Z"和"C"碰撞.


******************** 刀路错误报告 ********************
错误187行,文件名:G682尝试后处理-26666.NC.NC
X30.3777 Y-24.8246 Z6.7333
错误:在 187 行:X30.3777 Y-24.8246 Z6.7333,"Z"和"C"碰撞.


******************** 刀路错误报告 ********************
错误188行,文件名:G682尝试后处理-26666.NC.NC
X29.4402 Y-23.9588 Z6.6667
错误:在 188 行:X29.4402 Y-23.9588 Z6.6667,"Z"和"C"碰撞.


******************** 刀路错误报告 ********************
错误189行,文件名:G682尝试后处理-26666.NC.NC
X28.2657 Y-23.4598 Z6.6
错误:在 189 行:X28.2657 Y-23.4598 Z6.6,"Z"和"C"碰撞.


******************** 刀路错误报告 ********************
错误190行,文件名:G682尝试后处理-26666.NC.NC
X26.9918 Y-23.3858 Z6.5333
错误:在 190 行:X26.9918 Y-23.3858 Z6.5333,"Z"和"C"碰撞.


******************** 刀路错误报告 ********************
错误191行,文件名:G682尝试后处理-26666.NC.NC
X25.7674 Y-23.7456 Z6.4667
错误:在 191 行:X25.7674 Y-23.7456 Z6.4667,"Z"和"C"碰撞.


******************** 刀路错误报告 ********************
错误192行,文件名:G682尝试后处理-26666.NC.NC
X24.736 Y-24.497 Z6.4
错误:在 192 行:X24.736 Y-24.497 Z6.4,"Z"和"C"碰撞.


******************** 刀路错误报告 ********************
错误193行,文件名:G682尝试后处理-26666.NC.NC
X24.0183 Y-25.5521 Z6.3333
错误:在 193 行:X24.0183 Y-25.5521 Z6.3333,"Z"和"C"碰撞.


******************** 刀路错误报告 ********************
错误194行,文件名:G682尝试后处理-26666.NC.NC
X23.6982 Y-26.7874 Z6.2667
错误:在 194 行:X23.6982 Y-26.7874 Z6.2667,"Z"和"C"碰撞.


******************** 刀路错误报告 ********************
错误195行,文件名:G682尝试后处理-26666.NC.NC
X23.8132 Y-28.0583 Z6.2
错误:在 195 行:X23.8132 Y-28.0583 Z6.2,"Z"和"C"碰撞.


******************** 刀路错误报告 ********************
错误196行,文件名:G682尝试后处理-26666.NC.NC
X24.3498 Y-29.2161 Z6.1333
错误:在 196 行:X24.3498 Y-29.2161 Z6.1333,"Z"和"C"碰撞.


******************** 刀路错误报告 ********************
错误197行,文件名:G682尝试后处理-26666.NC.NC
X25.2453 Y-30.1252 Z6.0667
错误:在 197 行:X25.2453 Y-30.1252 Z6.0667,"Z"和"C"碰撞.


******************** 刀路错误报告 ********************
错误198行,文件名:G682尝试后处理-26666.NC.NC
X26.3948 Y-30.6792 Z6.
错误:在 198 行:X26.3948 Y-30.6792 Z6.,"Z"和"C"碰撞.


******************** 刀路错误报告 ********************
错误199行,文件名:G682尝试后处理-26666.NC.NC
X27.6638 Y-30.8134 Z5.9333
错误:在 199 行:X27.6638 Y-30.8134 Z5.9333,"Z"和"C"碰撞.


******************** 刀路错误报告 ********************
错误200行,文件名:G682尝试后处理-26666.NC.NC
X28.9038 Y-30.512 Z5.8667
错误:在 200 行:X28.9038 Y-30.512 Z5.8667,"Z"和"C"碰撞.


******************** 刀路错误报告 ********************
错误201行,文件名:G682尝试后处理-26666.NC.NC
X29.9696 Y-29.8102 Z5.8
错误:在 201 行:X29.9696 Y-29.8102 Z5.8,"Z"和"C"碰撞.


******************** 刀路错误报告 ********************
错误202行,文件名:G682尝试后处理-26666.NC.NC
X30.7365 Y-28.7903 Z5.7333
错误:在 202 行:X30.7365 Y-28.7903 Z5.7333,"Z"和"C"碰撞.


******************** 刀路错误报告 ********************
错误203行,文件名:G682尝试后处理-26666.NC.NC
X31.1147 Y-27.5715 Z5.6667
错误:在 203 行:X31.1147 Y-27.5715 Z5.6667,"Z"和"C"碰撞.


******************** 刀路错误报告 ********************
错误204行,文件名:G682尝试后处理-26666.NC.NC
X31.06 Y-26.2966 Z5.6
错误:在 204 行:X31.06 Y-26.2966 Z5.6,"Z"和"C"碰撞.


******************** 刀路错误报告 ********************
错误205行,文件名:G682尝试后处理-26666.NC.NC
X30.5788 Y-25.1148 Z5.5333
错误:在 205 行:X30.5788 Y-25.1148 Z5.5333,"Z"和"C"碰撞.


******************** 刀路错误报告 ********************
错误206行,文件名:G682尝试后处理-26666.NC.NC
X29.7273 Y-24.1643 Z5.4667
错误:在 206 行:X29.7273 Y-24.1643 Z5.4667,"Z"和"C"碰撞.


******************** 刀路错误报告 ********************
错误207行,文件名:G682尝试后处理-26666.NC.NC
X28.6053 Y-23.5564 Z5.4
错误:在 207 行:X28.6053 Y-23.5564 Z5.4,"Z"和"C"碰撞.


******************** 刀路错误报告 ********************
错误208行,文件名:G682尝试后处理-26666.NC.NC
X27.3441 Y-23.3624 Z5.3333
错误:在 208 行:X27.3441 Y-23.3624 Z5.3333,"Z"和"C"碰撞.


******************** 刀路错误报告 ********************
错误209行,文件名:G682尝试后处理-26666.NC.NC
X26.0912 Y-23.6048 Z5.2667
错误:在 209 行:X26.0912 Y-23.6048 Z5.2667,"Z"和"C"碰撞.


******************** 刀路错误报告 ********************
错误210行,文件名:G682尝试后处理-26666.NC.NC
X24.9934 Y-24.2553 Z5.2
错误:在 210 行:X24.9934 Y-24.2553 Z5.2,"Z"和"C"碰撞.


******************** 刀路错误报告 ********************
错误211行,文件名:G682尝试后处理-26666.NC.NC
X24.1791 Y-25.2378 Z5.1333
错误:在 211 行:X24.1791 Y-25.2378 Z5.1333,"Z"和"C"碰撞.


******************** 刀路错误报告 ********************
错误212行,文件名:G682尝试后处理-26666.NC.NC
X23.7436 Y-26.4373 Z5.0667
错误:在 212 行:X23.7436 Y-26.4373 Z5.0667,"Z"和"C"碰撞.


******************** 刀路错误报告 ********************
错误213行,文件名:G682尝试后处理-26666.NC.NC
X23.7675 Y-27.7083 Z5.
错误:在 213 行:X23.7675 Y-27.7083 Z5.,"Z"和"C"碰撞.


******************** 刀路错误报告 ********************
错误214行,文件名:G682尝试后处理-26666.NC.NC
X25. Y-35.
错误:在 214 行:X25. Y-35.,"Z"和"C"碰撞.


******************** 刀路错误报告 ********************
错误215行,文件名:G682尝试后处理-26666.NC.NC
X27.465 Y-20.4167
错误:在 215 行:X27.465 Y-20.4167,"Z"和"C"碰撞.


******************** 刀路错误报告 ********************
错误216行,文件名:G682尝试后处理-26666.NC.NC
G03 X27.5Y-20. Z5. R2.5
错误:在 216 行:G03 X27.5Y-20. Z5. R2.5,"Z"和"C"碰撞.


******************** 刀路错误报告 ********************
错误217行,文件名:G682尝试后处理-26666.NC.NC
G03 X25.Y-17.5 Z5. R2.5
错误:在 217 行:G03 X25.Y-17.5 Z5. R2.5,"Z"和"C"碰撞.


******************** 刀路错误报告 ********************
错误218行,文件名:G682尝试后处理-26666.NC.NC
G03 X22.5Y-20. Z5. R2.5
错误:在 218 行:G03 X22.5Y-20. Z5. R2.5,"Z"和"C"碰撞.


******************** 刀路错误报告 ********************
错误219行,文件名:G682尝试后处理-26666.NC.NC
G03 X22.535Y-20.4167 Z5. R2.5
错误:在 219 行:G03 X22.535Y-20.4167 Z5. R2.5,"Z"和"C"碰撞.


******************** 刀路错误报告 ********************
错误220行,文件名:G682尝试后处理-26666.NC.NC
G01 X23.7675 Y-27.7083
错误:在 220 行:G01 X23.7675 Y-27.7083,"Z"和"C"碰撞.


******************** 刀路错误报告 ********************
错误221行,文件名:G682尝试后处理-26666.NC.NC
X18.8374 Y-28.5417
错误:在 221 行:X18.8374 Y-28.5417,"Z"和"C"碰撞.


******************** 刀路错误报告 ********************
错误222行,文件名:G682尝试后处理-26666.NC.NC
X20.0699 Y-35.8333
错误:在 222 行:X20.0699 Y-35.8333,"Z"和"C"碰撞.


******************** 刀路错误报告 ********************
错误223行,文件名:G682尝试后处理-26666.NC.NC
G03 X25.Y-40. Z5. R5.
错误:在 223 行:G03 X25.Y-40. Z5. R5.,"Z"和"C"碰撞.


******************** 刀路错误报告 ********************
错误224行,文件名:G682尝试后处理-26666.NC.NC
G03 X29.9301Y-35.8333 Z5. R5.
错误:在 224 行:G03 X29.9301Y-35.8333 Z5. R5.,"Z"和"C"碰撞.


******************** 刀路错误报告 ********************
错误225行,文件名:G682尝试后处理-26666.NC.NC
G01 X32.3951 Y-21.25
错误:在 225 行:G01 X32.3951 Y-21.25,"Z"和"C"碰撞.


******************** 刀路错误报告 ********************
错误226行,文件名:G682尝试后处理-26666.NC.NC
G03 X32.5Y-20. Z5. R7.5
错误:在 226 行:G03 X32.5Y-20. Z5. R7.5,"Z"和"C"碰撞.


******************** 刀路错误报告 ********************
错误227行,文件名:G682尝试后处理-26666.NC.NC
G03 X25.Y-12.5 Z5. R7.5
错误:在 227 行:G03 X25.Y-12.5 Z5. R7.5,"Z"和"C"碰撞.


*** 处理数控程序文件C:\Users\Administrator\Desktop\G682尝试后处理-26666.NC.NC
Wed Apr  1 21:12:25 2020



******************** 刀路警告报告 ********************
警告:在10行
M13
警告:M 13不支持


******************** 刀路警告报告 ********************
警告:在21行
M12
警告:M 12不支持


*** 处理数控程序文件C:\Users\Administrator\Desktop\G682尝试后处理-26666.NC.NC
Wed Apr  1 21:12:58 2020



******************** 刀路警告报告 ********************
警告:在10行
M13
警告:M 13不支持


******************** 刀路警告报告 ********************
警告:在21行
M12
警告:M 12不支持


******************** 刀路错误报告 ********************
错误23行,文件名:G682尝试后处理-26666.NC.NC
G00 G43 Z20. H01
错误:在 23 行:G00 G43 Z20. H01,"Tool CUTTER"和"C"碰撞.


******************** 刀路错误报告 ********************
错误23行,文件名:G682尝试后处理-26666.NC.NC
G00 G43 Z20. H01
错误:在 23 行:G00 G43 Z20. H01,"Spindle"和"Cut Stock"碰撞.


******************** 刀路错误报告 ********************
错误23行,文件名:G682尝试后处理-26666.NC.NC
G00 G43 Z20. H01
错误:在 23 行:G00 G43 Z20. H01,"Tool CUTTER"和"A"碰撞.


******************** 刀路错误报告 ********************
错误23行,文件名:G682尝试后处理-26666.NC.NC
G00 G43 Z20. H01
错误:在 23 行:G00 G43 Z20. H01,"Spindle"和"Fixture"碰撞.


******************** 刀路错误报告 ********************
错误23行,文件名:G682尝试后处理-26666.NC.NC
G00 G43 Z20. H01
错误:在 23 行:G00 G43 Z20. H01,"Light_OFF"和"Fixture"碰撞.


******************** 刀路错误报告 ********************
错误23行,文件名:G682尝试后处理-26666.NC.NC
G00 G43 Z20. H01
错误:在 23 行:G00 G43 Z20. H01,"Light_OFF"和"Cut Stock"碰撞.


******************** 刀路错误报告 ********************
错误23行,文件名:G682尝试后处理-26666.NC.NC
G00 G43 Z20. H01
错误:在 23 行:G00 G43 Z20. H01,"Z"和"C"碰撞.


******************** 刀路错误报告 ********************
错误23行,文件名:G682尝试后处理-26666.NC.NC
G00 G43 Z20. H01
错误:在 23 行:G00 G43 Z20. H01,"Tool HOLDER"和"C"碰撞.


******************** 刀路错误报告 ********************
错误23行,文件名:G682尝试后处理-26666.NC.NC
G00 G43 Z20. H01
错误:在 23 行:G00 G43 Z20. H01,"Z"和"A"碰撞.


******************** 刀路错误报告 ********************
错误23行,文件名:G682尝试后处理-26666.NC.NC
G00 G43 Z20. H01
错误:在 23 行:G00 G43 Z20. H01,"Z"和"Fixture"碰撞.


******************** 刀路错误报告 ********************
错误23行,文件名:G682尝试后处理-26666.NC.NC
G00 G43 Z20. H01
错误:在 23 行:G00 G43 Z20. H01,"Z"和"Cut Stock"碰撞.


******************** 刀路错误报告 ********************
错误23行,文件名:G682尝试后处理-26666.NC.NC
G00 G43 Z20. H01
错误:在 23 行:G00 G43 Z20. H01,"W"和"Fixture"碰撞.


******************** 刀路错误报告 ********************
错误23行,文件名:G682尝试后处理-26666.NC.NC
G00 G43 Z20. H01
错误:在 23 行:G00 G43 Z20. H01,"W"和"Cut Stock"碰撞.


******************** 刀路错误报告 ********************
错误23行,文件名:G682尝试后处理-26666.NC.NC
G00 G43 Z20. H01
错误:在 23 行:G00 G43 Z20. H01,"Spindle"和"C"碰撞.


******************** 刀路错误报告 ********************
错误23行,文件名:G682尝试后处理-26666.NC.NC
G00 G43 Z20. H01
错误:在 23 行:G00 G43 Z20. H01,"Light_OFF"和"C"碰撞.


******************** 刀路错误报告 ********************
错误23行,文件名:G682尝试后处理-26666.NC.NC
G00 G43 Z20. H01
错误:在 23 行:G00 G43 Z20. H01,"Tool HOLDER"和"A"碰撞.


******************** 刀路错误报告 ********************
错误23行,文件名:G682尝试后处理-26666.NC.NC
G00 G43 Z20. H01
错误:在 23 行:G00 G43 Z20. H01,"Spindle"和"A"碰撞.


******************** 刀路错误报告 ********************
错误23行,文件名:G682尝试后处理-26666.NC.NC
G00 G43 Z20. H01
错误:在 23 行:G00 G43 Z20. H01,"Light_OFF"和"A"碰撞.


******************** 刀路错误报告 ********************
错误23行,文件名:G682尝试后处理-26666.NC.NC
G00 G43 Z20. H01
错误:在 23 行:G00 G43 Z20. H01,"W"和"C"碰撞.


******************** 刀路错误报告 ********************
错误23行,文件名:G682尝试后处理-26666.NC.NC
G00 G43 Z20. H01
错误:在 23 行:G00 G43 Z20. H01,"W"和"A"碰撞.


******************** 刀路错误报告 ********************
错误23行,文件名:G682尝试后处理-26666.NC.NC
G00 G43 Z20. H01
错误:在 23 行:G00 G43 Z20. H01,"Tool CUTTER"和"Base_A"碰撞.


******************** 刀路错误报告 ********************
错误23行,文件名:G682尝试后处理-26666.NC.NC
G00 G43 Z20. H01
错误:在 23 行:G00 G43 Z20. H01,组件"Tool"上的刀具"1"快速进给去除材料,去除体积3235.2496
当前刀具1: D25 EM, Line# 15, 记录: T1 M06


******************** 刀路错误报告 ********************
错误23行,文件名:G682尝试后处理-26666.NC.NC
G00 G43 Z20. H01
错误:在 23 行:G00 G43 Z20. H01,组件"Tool"上刀具 "1"的刀柄 "Holder2" 碰撞 "Stock"，碰撞体积 784875.3917


******************** 刀路错误报告 ********************
错误23行,文件名:G682尝试后处理-26666.NC.NC
G00 G43 Z20. H01
错误:在 23 行:G00 G43 Z20. H01 ,刀具 "1" 碰撞 "Fixture"


******************** 刀路错误报告 ********************
错误23行,文件名:G682尝试后处理-26666.NC.NC
G00 G43 Z20. H01
错误:在 23 行:G00 G43 Z20. H01,组件"Tool"上刀具"1"的刀杆与夹具"Fixture"碰撞


******************** 刀路错误报告 ********************
错误23行,文件名:G682尝试后处理-26666.NC.NC
G00 G43 Z20. H01
错误:在 23 行:G00 G43 Z20. H01,组件"Tool"上刀具"1"的刀柄"Holder2"与"Fixture"碰撞


*** 处理数控程序文件C:\Users\Administrator\Desktop\G682尝试后处理-26666.NC.NC
Wed Apr  1 21:17:17 2020



******************** 刀路警告报告 ********************
警告:在10行
M13
警告:M 13不支持


******************** 刀路警告报告 ********************
警告:在21行
M12
警告:M 12不支持


******************** 刀路错误报告 ********************
错误23行,文件名:G682尝试后处理-26666.NC.NC
G00 G43 Z20. H01
错误:在 23 行:G00 G43 Z20. H01,"Tool CUTTER"和"C"碰撞.


******************** 刀路错误报告 ********************
错误25行,文件名:G682尝试后处理-26666.NC.NC
Z11.
错误:在 25 行:Z11.,"Tool CUTTER"和"C"碰撞.


******************** 刀路错误报告 ********************
错误26行,文件名:G682尝试后处理-26666.NC.NC
G01 Z8. F5000.
错误:在 26 行:G01 Z8. F5000.,"Tool CUTTER"和"C"碰撞.


******************** 刀路错误报告 ********************
错误27行,文件名:G682尝试后处理-26666.NC.NC
Y-50.
错误:在 27 行:Y-50.,"Tool CUTTER"和"C"碰撞.


******************** 刀路错误报告 ********************
错误28行,文件名:G682尝试后处理-26666.NC.NC
Y19.8328
错误:在 28 行:Y19.8328,"Tool CUTTER"和"C"碰撞.


******************** 刀路错误报告 ********************
错误29行,文件名:G682尝试后处理-26666.NC.NC
G02 X-16.6188Y21.8724 Z8. R2.5
错误:在 29 行:G02 X-16.6188Y21.8724 Z8. R2.5,"Tool CUTTER"和"C"碰撞.


******************** 刀路错误报告 ********************
错误30行,文件名:G682尝试后处理-26666.NC.NC
G01 X-13.3753 Y24.1659
错误:在 30 行:G01 X-13.3753 Y24.1659,"Tool CUTTER"和"A"碰撞.


******************** 刀路错误报告 ********************
错误30行,文件名:G682尝试后处理-26666.NC.NC
G01 X-13.3753 Y24.1659
错误:在 30 行:G01 X-13.3753 Y24.1659,"Tool CUTTER"和"C"碰撞.


******************** 刀路错误报告 ********************
错误31行,文件名:G682尝试后处理-26666.NC.NC
G02 X-12.6542Y24.3949 Z8. R1.25
错误:在 31 行:G02 X-12.6542Y24.3949 Z8. R1.25,"Tool CUTTER"和"A"碰撞.


******************** 刀路错误报告 ********************
错误31行,文件名:G682尝试后处理-26666.NC.NC
G02 X-12.6542Y24.3949 Z8. R1.25
错误:在 31 行:G02 X-12.6542Y24.3949 Z8. R1.25,"Tool CUTTER"和"C"碰撞.


******************** 刀路错误报告 ********************
错误32行,文件名:G682尝试后处理-26666.NC.NC
G02 X-11.4042Y23.1457 Z8. R1.25
错误:在 32 行:G02 X-11.4042Y23.1457 Z8. R1.25,"Tool CUTTER"和"A"碰撞.


******************** 刀路错误报告 ********************
错误32行,文件名:G682尝试后处理-26666.NC.NC
G02 X-11.4042Y23.1457 Z8. R1.25
错误:在 32 行:G02 X-11.4042Y23.1457 Z8. R1.25,"Tool CUTTER"和"C"碰撞.


******************** 刀路错误报告 ********************
错误33行,文件名:G682尝试后处理-26666.NC.NC
G01 Y-47.5009
错误:在 33 行:G01 Y-47.5009,"Tool CUTTER"和"A"碰撞.


******************** 刀路错误报告 ********************
错误33行,文件名:G682尝试后处理-26666.NC.NC
G01 Y-47.5009
错误:在 33 行:G01 Y-47.5009,"Tool CUTTER"和"C"碰撞.


******************** 刀路错误报告 ********************
错误34行,文件名:G682尝试后处理-26666.NC.NC
G03 X-8.9051Y-50. Z8. R2.5
错误:在 34 行:G03 X-8.9051Y-50. Z8. R2.5,"Tool CUTTER"和"A"碰撞.


******************** 刀路错误报告 ********************
错误34行,文件名:G682尝试后处理-26666.NC.NC
G03 X-8.9051Y-50. Z8. R2.5
错误:在 34 行:G03 X-8.9051Y-50. Z8. R2.5,"Tool CUTTER"和"C"碰撞.


******************** 刀路错误报告 ********************
错误35行,文件名:G682尝试后处理-26666.NC.NC
G01 X-7.6337
错误:在 35 行:G01 X-7.6337,"Tool CUTTER"和"A"碰撞.


******************** 刀路错误报告 ********************
错误35行,文件名:G682尝试后处理-26666.NC.NC
G01 X-7.6337
错误:在 35 行:G01 X-7.6337,"Tool CUTTER"和"C"碰撞.


******************** 刀路错误报告 ********************
错误36行,文件名:G682尝试后处理-26666.NC.NC
G03 X-5.1337Y-47.5 Z8. R2.5
错误:在 36 行:G03 X-5.1337Y-47.5 Z8. R2.5,"Tool CUTTER"和"A"碰撞.


******************** 刀路错误报告 ********************
错误36行,文件名:G682尝试后处理-26666.NC.NC
G03 X-5.1337Y-47.5 Z8. R2.5
错误:在 36 行:G03 X-5.1337Y-47.5 Z8. R2.5,"Tool CUTTER"和"C"碰撞.


******************** 刀路错误报告 ********************
错误37行,文件名:G682尝试后处理-26666.NC.NC
G01 Y27.7509
错误:在 37 行:G01 Y27.7509,"Tool CUTTER"和"A"碰撞.


******************** 刀路错误报告 ********************
错误37行,文件名:G682尝试后处理-26666.NC.NC
G01 Y27.7509
错误:在 37 行:G01 Y27.7509,"Tool CUTTER"和"C"碰撞.


*** 处理数控程序文件C:\Users\Administrator\Desktop\G682尝试后处理-26666.NC.NC
Wed Apr  1 21:17:36 2020



******************** 刀路警告报告 ********************
警告:在10行
M13
警告:M 13不支持


******************** 刀路警告报告 ********************
警告:在21行
M12
警告:M 12不支持


******************** 刀路警告报告 ********************
警告:在171行
M13
警告:M 13不支持


******************** 刀路错误报告 ********************
错误7行,文件名:O9010
IF[#4NE0]THEN#3000=1(I NOT EQUAL TO 0 FOR 4-AXIS)
错误:#3000 Alarm Signal: 1, 在: IF[#4NE0]THEN#3000=1(I NOT EQUAL TO 0 FOR 4-AXIS)行


*** 处理数控程序文件C:\Users\Administrator\Desktop\G682尝试后处理-26666.NC.NC
Wed Apr  1 21:20:04 2020



*** 处理数控程序文件C:\Users\Administrator\Desktop\G682尝试后处理-26666.NC.NC
Wed Apr  1 21:20:23 2020



******************** 刀路警告报告 ********************
警告:在10行
M13
警告:M 13不支持


******************** 刀路警告报告 ********************
警告:在21行
M12
警告:M 12不支持


******************** 刀路警告报告 ********************
警告:在171行
M13
警告:M 13不支持


******************** 刀路错误报告 ********************
错误7行,文件名:O9010
IF[#4NE0]THEN#3000=1(I NOT EQUAL TO 0 FOR 4-AXIS)
错误:#3000 Alarm Signal: 1, 在: IF[#4NE0]THEN#3000=1(I NOT EQUAL TO 0 FOR 4-AXIS)行


*** 处理数控程序文件C:\Users\Administrator\Desktop\G682尝试后处理-26666.NC.NC
Wed Apr  1 21:22:32 2020



******************** 刀路警告报告 ********************
警告:在10行
M13
警告:M 13不支持


******************** 刀路警告报告 ********************
警告:在21行
M12
警告:M 12不支持


******************** 刀路警告报告 ********************
警告:在171行
M13
警告:M 13不支持


******************** 刀路错误报告 ********************
错误7行,文件名:O9010
IF[#4NE0]THEN#3000=1(I NOT EQUAL TO 0 FOR 4-AXIS)
错误:#3000 Alarm Signal: 1, 在: IF[#4NE0]THEN#3000=1(I NOT EQUAL TO 0 FOR 4-AXIS)行


*** 处理数控程序文件C:\Users\Administrator\Desktop\G682尝试后处理-888.NC.NC
Wed Apr  1 21:23:21 2020



******************** 刀路警告报告 ********************
警告:在10行
M13
警告:M 13不支持


******************** 刀路警告报告 ********************
警告:在21行
M12
警告:M 12不支持


******************** 刀路警告报告 ********************
警告:在171行
M13
警告:M 13不支持


******************** 刀路错误报告 ********************
错误176行,文件名:G682尝试后处理-888.NC.NC
G90 G00 G54 A-90.000 C90.000
错误:在 176 行:G90 G00 G54 A-90.000 C90.000,"Tool CUTTER"和"C"碰撞.


******************** 刀路错误报告 ********************
错误7行,文件名:O9010
IF[#4NE0]THEN#3000=1(I NOT EQUAL TO 0 FOR 4-AXIS)
错误:#3000 Alarm Signal: 1, 在: IF[#4NE0]THEN#3000=1(I NOT EQUAL TO 0 FOR 4-AXIS)行


******************** 刀路错误报告 ********************
错误132行,文件名:O9010
G0G90A#5(C#4)(FOR_5AXIS) 
错误:在 132 行:G0G90A#5(C#4)(FOR_5AXIS) ,"Tool CUTTER"和"C"碰撞.


******************** 刀路警告报告 ********************
警告:在179行
M12
警告:M 12不支持


******************** 刀路错误报告 ********************
错误181行,文件名:G682尝试后处理-888.NC.NC
G00 G43 Z15. H01
错误:在 181 行:G00 G43 Z15. H01,"Z"和"C"碰撞.


******************** 刀路错误报告 ********************
错误181行,文件名:G682尝试后处理-888.NC.NC
G00 G43 Z15. H01
错误:在 181 行:G00 G43 Z15. H01,组件"Tool"上的刀具"1"快速进给去除材料,去除体积1951.7215
当前刀具1: D25 EM, Line# 15, 记录: T1 M06


******************** 刀路错误报告 ********************
错误183行,文件名:G682尝试后处理-888.NC.NC
Z7.
错误:在 183 行:Z7.,"Z"和"C"碰撞.


******************** 刀路错误报告 ********************
错误183行,文件名:G682尝试后处理-888.NC.NC
Z7.
错误:在 183 行:Z7.,组件"Tool"上的刀具"1"快速进给去除材料,去除体积620.2156
当前刀具1: D25 EM, Line# 15, 记录: T1 M06


******************** 刀路错误报告 ********************
错误184行,文件名:G682尝试后处理-888.NC.NC
G01 X30.8822 Y-28.4687 Z6.9333 F5000.
错误:组件 "Tool"的刀具 "1" 的刀杆超出允许的碰撞间隙 0.05 与 "Stock" 在(184)行G01 X30.8822 Y-28.4687 Z6.9333 F5000.


******************** 刀路错误报告 ********************
错误184行,文件名:G682尝试后处理-888.NC.NC
G01 X30.8822 Y-28.4687 Z6.9333 F5000.
错误:在 184 行:G01 X30.8822 Y-28.4687 Z6.9333 F5000.,"Z"和"C"碰撞.


******************** 刀路错误报告 ********************
错误185行,文件名:G682尝试后处理-888.NC.NC
X31.1435 Y-27.2196 Z6.8667
错误:组件 "Tool"的刀具 "1" 的刀杆超出允许的碰撞间隙 0.05 与 "Stock" 在(185)行X31.1435 Y-27.2196 Z6.8667


******************** 刀路错误报告 ********************
错误185行,文件名:G682尝试后处理-888.NC.NC
X31.1435 Y-27.2196 Z6.8667
错误:在 185 行:X31.1435 Y-27.2196 Z6.8667,"Z"和"C"碰撞.


******************** 刀路错误报告 ********************
错误186行,文件名:G682尝试后处理-888.NC.NC
X30.9685 Y-25.9556 Z6.8
错误:组件 "Tool"的刀具 "1" 的刀杆超出允许的碰撞间隙 0.05 与 "Stock" 在(186)行X30.9685 Y-25.9556 Z6.8


******************** 刀路错误报告 ********************
错误186行,文件名:G682尝试后处理-888.NC.NC
X30.9685 Y-25.9556 Z6.8
错误:在 186 行:X30.9685 Y-25.9556 Z6.8,"Z"和"C"碰撞.


******************** 刀路错误报告 ********************
错误187行,文件名:G682尝试后处理-888.NC.NC
X30.3777 Y-24.8246 Z6.7333
错误:组件 "Tool"的刀具 "1" 的刀杆超出允许的碰撞间隙 0.05 与 "Stock" 在(187)行X30.3777 Y-24.8246 Z6.7333


******************** 刀路错误报告 ********************
错误187行,文件名:G682尝试后处理-888.NC.NC
X30.3777 Y-24.8246 Z6.7333
错误:在 187 行:X30.3777 Y-24.8246 Z6.7333,"Z"和"C"碰撞.


******************** 刀路错误报告 ********************
错误188行,文件名:G682尝试后处理-888.NC.NC
X29.4402 Y-23.9588 Z6.6667
错误:组件 "Tool"的刀具 "1" 的刀杆超出允许的碰撞间隙 0.05 与 "Stock" 在(188)行X29.4402 Y-23.9588 Z6.6667


******************** 刀路错误报告 ********************
错误188行,文件名:G682尝试后处理-888.NC.NC
X29.4402 Y-23.9588 Z6.6667
错误:在 188 行:X29.4402 Y-23.9588 Z6.6667,"Z"和"C"碰撞.


******************** 刀路错误报告 ********************
错误189行,文件名:G682尝试后处理-888.NC.NC
X28.2657 Y-23.4598 Z6.6
错误:组件 "Tool"的刀具 "1" 的刀杆超出允许的碰撞间隙 0.05 与 "Stock" 在(189)行X28.2657 Y-23.4598 Z6.6


******************** 刀路错误报告 ********************
错误189行,文件名:G682尝试后处理-888.NC.NC
X28.2657 Y-23.4598 Z6.6
错误:在 189 行:X28.2657 Y-23.4598 Z6.6,"Z"和"C"碰撞.


******************** 刀路错误报告 ********************
错误190行,文件名:G682尝试后处理-888.NC.NC
X26.9918 Y-23.3858 Z6.5333
错误:组件 "Tool"的刀具 "1" 的刀杆超出允许的碰撞间隙 0.05 与 "Stock" 在(190)行X26.9918 Y-23.3858 Z6.5333


******************** 刀路错误报告 ********************
错误190行,文件名:G682尝试后处理-888.NC.NC
X26.9918 Y-23.3858 Z6.5333
错误:在 190 行:X26.9918 Y-23.3858 Z6.5333,"Z"和"C"碰撞.


******************** 刀路错误报告 ********************
错误191行,文件名:G682尝试后处理-888.NC.NC
X25.7674 Y-23.7456 Z6.4667
错误:组件 "Tool"的刀具 "1" 的刀杆超出允许的碰撞间隙 0.05 与 "Stock" 在(191)行X25.7674 Y-23.7456 Z6.4667


******************** 刀路错误报告 ********************
错误191行,文件名:G682尝试后处理-888.NC.NC
X25.7674 Y-23.7456 Z6.4667
错误:在 191 行:X25.7674 Y-23.7456 Z6.4667,"Z"和"C"碰撞.


******************** 刀路错误报告 ********************
错误192行,文件名:G682尝试后处理-888.NC.NC
X24.736 Y-24.497 Z6.4
错误:组件 "Tool"的刀具 "1" 的刀杆超出允许的碰撞间隙 0.05 与 "Stock" 在(192)行X24.736 Y-24.497 Z6.4


******************** 刀路错误报告 ********************
错误192行,文件名:G682尝试后处理-888.NC.NC
X24.736 Y-24.497 Z6.4
错误:在 192 行:X24.736 Y-24.497 Z6.4,"Z"和"C"碰撞.


******************** 刀路错误报告 ********************
错误193行,文件名:G682尝试后处理-888.NC.NC
X24.0183 Y-25.5521 Z6.3333
错误:组件 "Tool"的刀具 "1" 的刀杆超出允许的碰撞间隙 0.05 与 "Stock" 在(193)行X24.0183 Y-25.5521 Z6.3333


******************** 刀路错误报告 ********************
错误193行,文件名:G682尝试后处理-888.NC.NC
X24.0183 Y-25.5521 Z6.3333
错误:在 193 行:X24.0183 Y-25.5521 Z6.3333,"Z"和"C"碰撞.


******************** 刀路错误报告 ********************
错误194行,文件名:G682尝试后处理-888.NC.NC
X23.6982 Y-26.7874 Z6.2667
错误:组件 "Tool"的刀具 "1" 的刀杆超出允许的碰撞间隙 0.05 与 "Stock" 在(194)行X23.6982 Y-26.7874 Z6.2667


******************** 刀路错误报告 ********************
错误194行,文件名:G682尝试后处理-888.NC.NC
X23.6982 Y-26.7874 Z6.2667
错误:在 194 行:X23.6982 Y-26.7874 Z6.2667,"Z"和"C"碰撞.


******************** 刀路错误报告 ********************
错误195行,文件名:G682尝试后处理-888.NC.NC
X23.8132 Y-28.0583 Z6.2
错误:组件 "Tool"的刀具 "1" 的刀杆超出允许的碰撞间隙 0.05 与 "Stock" 在(195)行X23.8132 Y-28.0583 Z6.2


******************** 刀路错误报告 ********************
错误195行,文件名:G682尝试后处理-888.NC.NC
X23.8132 Y-28.0583 Z6.2
错误:在 195 行:X23.8132 Y-28.0583 Z6.2,"Z"和"C"碰撞.


******************** 刀路错误报告 ********************
错误196行,文件名:G682尝试后处理-888.NC.NC
X24.3498 Y-29.2161 Z6.1333
错误:组件 "Tool"的刀具 "1" 的刀杆超出允许的碰撞间隙 0.05 与 "Stock" 在(196)行X24.3498 Y-29.2161 Z6.1333


******************** 刀路错误报告 ********************
错误196行,文件名:G682尝试后处理-888.NC.NC
X24.3498 Y-29.2161 Z6.1333
错误:在 196 行:X24.3498 Y-29.2161 Z6.1333,"Z"和"C"碰撞.


******************** 刀路错误报告 ********************
错误197行,文件名:G682尝试后处理-888.NC.NC
X25.2453 Y-30.1252 Z6.0667
错误:组件 "Tool"的刀具 "1" 的刀杆超出允许的碰撞间隙 0.05 与 "Stock" 在(197)行X25.2453 Y-30.1252 Z6.0667


******************** 刀路错误报告 ********************
错误197行,文件名:G682尝试后处理-888.NC.NC
X25.2453 Y-30.1252 Z6.0667
错误:在 197 行:X25.2453 Y-30.1252 Z6.0667,"Z"和"C"碰撞.


******************** 刀路错误报告 ********************
错误198行,文件名:G682尝试后处理-888.NC.NC
X26.3948 Y-30.6792 Z6.
错误:组件 "Tool"的刀具 "1" 的刀杆超出允许的碰撞间隙 0.05 与 "Stock" 在(198)行X26.3948 Y-30.6792 Z6.


******************** 刀路错误报告 ********************
错误198行,文件名:G682尝试后处理-888.NC.NC
X26.3948 Y-30.6792 Z6.
错误:在 198 行:X26.3948 Y-30.6792 Z6.,"Z"和"C"碰撞.


******************** 刀路错误报告 ********************
错误199行,文件名:G682尝试后处理-888.NC.NC
X27.6638 Y-30.8134 Z5.9333
错误:组件 "Tool"的刀具 "1" 的刀杆超出允许的碰撞间隙 0.05 与 "Stock" 在(199)行X27.6638 Y-30.8134 Z5.9333


******************** 刀路错误报告 ********************
错误199行,文件名:G682尝试后处理-888.NC.NC
X27.6638 Y-30.8134 Z5.9333
错误:在 199 行:X27.6638 Y-30.8134 Z5.9333,"Z"和"C"碰撞.


******************** 刀路错误报告 ********************
错误200行,文件名:G682尝试后处理-888.NC.NC
X28.9038 Y-30.512 Z5.8667
错误:组件 "Tool"的刀具 "1" 的刀杆超出允许的碰撞间隙 0.05 与 "Stock" 在(200)行X28.9038 Y-30.512 Z5.8667


******************** 刀路错误报告 ********************
错误200行,文件名:G682尝试后处理-888.NC.NC
X28.9038 Y-30.512 Z5.8667
错误:在 200 行:X28.9038 Y-30.512 Z5.8667,"Z"和"C"碰撞.


******************** 刀路错误报告 ********************
错误201行,文件名:G682尝试后处理-888.NC.NC
X29.9696 Y-29.8102 Z5.8
错误:组件 "Tool"的刀具 "1" 的刀杆超出允许的碰撞间隙 0.05 与 "Stock" 在(201)行X29.9696 Y-29.8102 Z5.8


******************** 刀路错误报告 ********************
错误201行,文件名:G682尝试后处理-888.NC.NC
X29.9696 Y-29.8102 Z5.8
错误:在 201 行:X29.9696 Y-29.8102 Z5.8,"Z"和"C"碰撞.


******************** 刀路错误报告 ********************
错误202行,文件名:G682尝试后处理-888.NC.NC
X30.7365 Y-28.7903 Z5.7333
错误:组件 "Tool"的刀具 "1" 的刀杆超出允许的碰撞间隙 0.05 与 "Stock" 在(202)行X30.7365 Y-28.7903 Z5.7333


******************** 刀路错误报告 ********************
错误202行,文件名:G682尝试后处理-888.NC.NC
X30.7365 Y-28.7903 Z5.7333
错误:在 202 行:X30.7365 Y-28.7903 Z5.7333,"Z"和"C"碰撞.


******************** 刀路错误报告 ********************
错误203行,文件名:G682尝试后处理-888.NC.NC
X31.1147 Y-27.5715 Z5.6667
错误:组件 "Tool"的刀具 "1" 的刀杆超出允许的碰撞间隙 0.05 与 "Stock" 在(203)行X31.1147 Y-27.5715 Z5.6667


******************** 刀路错误报告 ********************
错误203行,文件名:G682尝试后处理-888.NC.NC
X31.1147 Y-27.5715 Z5.6667
错误:在 203 行:X31.1147 Y-27.5715 Z5.6667,"Z"和"C"碰撞.


******************** 刀路错误报告 ********************
错误204行,文件名:G682尝试后处理-888.NC.NC
X31.06 Y-26.2966 Z5.6
错误:组件 "Tool"的刀具 "1" 的刀杆超出允许的碰撞间隙 0.05 与 "Stock" 在(204)行X31.06 Y-26.2966 Z5.6


******************** 刀路错误报告 ********************
错误204行,文件名:G682尝试后处理-888.NC.NC
X31.06 Y-26.2966 Z5.6
错误:在 204 行:X31.06 Y-26.2966 Z5.6,"Z"和"C"碰撞.


******************** 刀路错误报告 ********************
错误205行,文件名:G682尝试后处理-888.NC.NC
X30.5788 Y-25.1148 Z5.5333
错误:组件 "Tool"的刀具 "1" 的刀杆超出允许的碰撞间隙 0.05 与 "Stock" 在(205)行X30.5788 Y-25.1148 Z5.5333


******************** 刀路错误报告 ********************
错误205行,文件名:G682尝试后处理-888.NC.NC
X30.5788 Y-25.1148 Z5.5333
错误:在 205 行:X30.5788 Y-25.1148 Z5.5333,"Z"和"C"碰撞.


******************** 刀路错误报告 ********************
错误206行,文件名:G682尝试后处理-888.NC.NC
X29.7273 Y-24.1643 Z5.4667
错误:组件 "Tool"的刀具 "1" 的刀杆超出允许的碰撞间隙 0.05 与 "Stock" 在(206)行X29.7273 Y-24.1643 Z5.4667


******************** 刀路错误报告 ********************
错误206行,文件名:G682尝试后处理-888.NC.NC
X29.7273 Y-24.1643 Z5.4667
错误:在 206 行:X29.7273 Y-24.1643 Z5.4667,"Z"和"C"碰撞.


******************** 刀路错误报告 ********************
错误207行,文件名:G682尝试后处理-888.NC.NC
X28.6053 Y-23.5564 Z5.4
错误:组件 "Tool"的刀具 "1" 的刀杆超出允许的碰撞间隙 0.05 与 "Stock" 在(207)行X28.6053 Y-23.5564 Z5.4


******************** 刀路错误报告 ********************
错误207行,文件名:G682尝试后处理-888.NC.NC
X28.6053 Y-23.5564 Z5.4
错误:在 207 行:X28.6053 Y-23.5564 Z5.4,"Z"和"C"碰撞.


******************** 刀路错误报告 ********************
错误208行,文件名:G682尝试后处理-888.NC.NC
X27.3441 Y-23.3624 Z5.3333
错误:组件 "Tool"的刀具 "1" 的刀杆超出允许的碰撞间隙 0.05 与 "Stock" 在(208)行X27.3441 Y-23.3624 Z5.3333


******************** 刀路错误报告 ********************
错误208行,文件名:G682尝试后处理-888.NC.NC
X27.3441 Y-23.3624 Z5.3333
错误:在 208 行:X27.3441 Y-23.3624 Z5.3333,"Z"和"C"碰撞.


******************** 刀路错误报告 ********************
错误209行,文件名:G682尝试后处理-888.NC.NC
X26.0912 Y-23.6048 Z5.2667
错误:组件 "Tool"的刀具 "1" 的刀杆超出允许的碰撞间隙 0.05 与 "Stock" 在(209)行X26.0912 Y-23.6048 Z5.2667


******************** 刀路错误报告 ********************
错误209行,文件名:G682尝试后处理-888.NC.NC
X26.0912 Y-23.6048 Z5.2667
错误:在 209 行:X26.0912 Y-23.6048 Z5.2667,"Z"和"C"碰撞.


******************** 刀路错误报告 ********************
错误210行,文件名:G682尝试后处理-888.NC.NC
X24.9934 Y-24.2553 Z5.2
错误:组件 "Tool"的刀具 "1" 的刀杆超出允许的碰撞间隙 0.05 与 "Stock" 在(210)行X24.9934 Y-24.2553 Z5.2


******************** 刀路错误报告 ********************
错误210行,文件名:G682尝试后处理-888.NC.NC
X24.9934 Y-24.2553 Z5.2
错误:在 210 行:X24.9934 Y-24.2553 Z5.2,"Z"和"C"碰撞.


******************** 刀路错误报告 ********************
错误211行,文件名:G682尝试后处理-888.NC.NC
X24.1791 Y-25.2378 Z5.1333
错误:组件 "Tool"的刀具 "1" 的刀杆超出允许的碰撞间隙 0.05 与 "Stock" 在(211)行X24.1791 Y-25.2378 Z5.1333


******************** 刀路错误报告 ********************
错误211行,文件名:G682尝试后处理-888.NC.NC
X24.1791 Y-25.2378 Z5.1333
错误:在 211 行:X24.1791 Y-25.2378 Z5.1333,"Z"和"C"碰撞.


******************** 刀路错误报告 ********************
错误212行,文件名:G682尝试后处理-888.NC.NC
X23.7436 Y-26.4373 Z5.0667
错误:组件 "Tool"的刀具 "1" 的刀杆超出允许的碰撞间隙 0.05 与 "Stock" 在(212)行X23.7436 Y-26.4373 Z5.0667


******************** 刀路错误报告 ********************
错误212行,文件名:G682尝试后处理-888.NC.NC
X23.7436 Y-26.4373 Z5.0667
错误:在 212 行:X23.7436 Y-26.4373 Z5.0667,"Z"和"C"碰撞.


******************** 刀路错误报告 ********************
错误213行,文件名:G682尝试后处理-888.NC.NC
X23.7675 Y-27.7083 Z5.
错误:组件 "Tool"的刀具 "1" 的刀杆超出允许的碰撞间隙 0.05 与 "Stock" 在(213)行X23.7675 Y-27.7083 Z5.


******************** 刀路错误报告 ********************
错误213行,文件名:G682尝试后处理-888.NC.NC
X23.7675 Y-27.7083 Z5.
错误:在 213 行:X23.7675 Y-27.7083 Z5.,"Z"和"C"碰撞.


******************** 刀路错误报告 ********************
错误214行,文件名:G682尝试后处理-888.NC.NC
X25. Y-35.
错误:在 214 行:X25. Y-35.,"Z"和"C"碰撞.


******************** 刀路错误报告 ********************
错误214行,文件名:G682尝试后处理-888.NC.NC
X25. Y-35.
错误:组件 "Tool"的刀具 "1" 的刀杆超出允许的碰撞间隙 0.05 与 "Stock" 在(214)行X25. Y-35.


******************** 刀路错误报告 ********************
错误215行,文件名:G682尝试后处理-888.NC.NC
X27.465 Y-20.4167
错误:在 215 行:X27.465 Y-20.4167,"Z"和"C"碰撞.


******************** 刀路错误报告 ********************
错误215行,文件名:G682尝试后处理-888.NC.NC
X27.465 Y-20.4167
错误:组件 "Tool"的刀具 "1" 的刀杆超出允许的碰撞间隙 0.05 与 "Stock" 在(215)行X27.465 Y-20.4167


******************** 刀路错误报告 ********************
错误216行,文件名:G682尝试后处理-888.NC.NC
G03 X27.5Y-20. Z5. R2.5
错误:组件 "Tool"的刀具 "1" 的刀杆超出允许的碰撞间隙 0.05 与 "Stock" 在(216)行G03 X27.5Y-20. Z5. R2.5


******************** 刀路错误报告 ********************
错误216行,文件名:G682尝试后处理-888.NC.NC
G03 X27.5Y-20. Z5. R2.5
错误:在 216 行:G03 X27.5Y-20. Z5. R2.5,"Z"和"C"碰撞.


******************** 刀路错误报告 ********************
错误217行,文件名:G682尝试后处理-888.NC.NC
G03 X25.Y-17.5 Z5. R2.5
错误:组件 "Tool"的刀具 "1" 的刀杆超出允许的碰撞间隙 0.05 与 "Stock" 在(217)行G03 X25.Y-17.5 Z5. R2.5


******************** 刀路错误报告 ********************
错误217行,文件名:G682尝试后处理-888.NC.NC
G03 X25.Y-17.5 Z5. R2.5
错误:在 217 行:G03 X25.Y-17.5 Z5. R2.5,"Z"和"C"碰撞.


******************** 刀路错误报告 ********************
错误218行,文件名:G682尝试后处理-888.NC.NC
G03 X22.5Y-20. Z5. R2.5
错误:组件 "Tool"的刀具 "1" 的刀杆超出允许的碰撞间隙 0.05 与 "Stock" 在(218)行G03 X22.5Y-20. Z5. R2.5


******************** 刀路错误报告 ********************
错误218行,文件名:G682尝试后处理-888.NC.NC
G03 X22.5Y-20. Z5. R2.5
错误:在 218 行:G03 X22.5Y-20. Z5. R2.5,"Z"和"C"碰撞.


******************** 刀路错误报告 ********************
错误219行,文件名:G682尝试后处理-888.NC.NC
G03 X22.535Y-20.4167 Z5. R2.5
错误:组件 "Tool"的刀具 "1" 的刀杆超出允许的碰撞间隙 0.05 与 "Stock" 在(219)行G03 X22.535Y-20.4167 Z5. R2.5


******************** 刀路错误报告 ********************
错误219行,文件名:G682尝试后处理-888.NC.NC
G03 X22.535Y-20.4167 Z5. R2.5
错误:在 219 行:G03 X22.535Y-20.4167 Z5. R2.5,"Z"和"C"碰撞.


******************** 刀路错误报告 ********************
错误220行,文件名:G682尝试后处理-888.NC.NC
G01 X23.7675 Y-27.7083
错误:在 220 行:G01 X23.7675 Y-27.7083,"Z"和"C"碰撞.


******************** 刀路错误报告 ********************
错误220行,文件名:G682尝试后处理-888.NC.NC
G01 X23.7675 Y-27.7083
错误:组件 "Tool"的刀具 "1" 的刀杆超出允许的碰撞间隙 0.05 与 "Stock" 在(220)行G01 X23.7675 Y-27.7083


******************** 刀路错误报告 ********************
错误221行,文件名:G682尝试后处理-888.NC.NC
X18.8374 Y-28.5417
错误:组件 "Tool"的刀具 "1" 的刀杆超出允许的碰撞间隙 0.05 与 "Stock" 在(221)行X18.8374 Y-28.5417


******************** 刀路错误报告 ********************
错误221行,文件名:G682尝试后处理-888.NC.NC
X18.8374 Y-28.5417
错误:在 221 行:X18.8374 Y-28.5417,"Z"和"C"碰撞.


******************** 刀路错误报告 ********************
错误222行,文件名:G682尝试后处理-888.NC.NC
X20.0699 Y-35.8333
错误:在 222 行:X20.0699 Y-35.8333,"Z"和"C"碰撞.


******************** 刀路错误报告 ********************
错误222行,文件名:G682尝试后处理-888.NC.NC
X20.0699 Y-35.8333
错误:组件 "Tool"的刀具 "1" 的刀杆超出允许的碰撞间隙 0.05 与 "Stock" 在(222)行X20.0699 Y-35.8333


******************** 刀路错误报告 ********************
错误223行,文件名:G682尝试后处理-888.NC.NC
G03 X25.Y-40. Z5. R5.
错误:在 223 行:G03 X25.Y-40. Z5. R5.,"Z"和"C"碰撞.


******************** 刀路错误报告 ********************
错误223行,文件名:G682尝试后处理-888.NC.NC
G03 X25.Y-40. Z5. R5.
错误:组件 "Tool"的刀具 "1" 的刀杆超出允许的碰撞间隙 0.05 与 "Stock" 在(223)行G03 X25.Y-40. Z5. R5.


******************** 刀路错误报告 ********************
错误224行,文件名:G682尝试后处理-888.NC.NC
G03 X29.9301Y-35.8333 Z5. R5.
错误:在 224 行:G03 X29.9301Y-35.8333 Z5. R5.,"Z"和"C"碰撞.


******************** 刀路错误报告 ********************
错误224行,文件名:G682尝试后处理-888.NC.NC
G03 X29.9301Y-35.8333 Z5. R5.
错误:组件 "Tool"的刀具 "1" 的刀杆超出允许的碰撞间隙 0.05 与 "Stock" 在(224)行G03 X29.9301Y-35.8333 Z5. R5.


******************** 刀路错误报告 ********************
错误225行,文件名:G682尝试后处理-888.NC.NC
G01 X32.3951 Y-21.25
错误:在 225 行:G01 X32.3951 Y-21.25,"Z"和"C"碰撞.


******************** 刀路错误报告 ********************
错误225行,文件名:G682尝试后处理-888.NC.NC
G01 X32.3951 Y-21.25
错误:组件 "Tool"的刀具 "1" 的刀杆超出允许的碰撞间隙 0.05 与 "Stock" 在(225)行G01 X32.3951 Y-21.25


******************** 刀路错误报告 ********************
错误226行,文件名:G682尝试后处理-888.NC.NC
G03 X32.5Y-20. Z5. R7.5
错误:组件 "Tool"的刀具 "1" 的刀杆超出允许的碰撞间隙 0.05 与 "Stock" 在(226)行G03 X32.5Y-20. Z5. R7.5


******************** 刀路错误报告 ********************
错误226行,文件名:G682尝试后处理-888.NC.NC
G03 X32.5Y-20. Z5. R7.5
错误:在 226 行:G03 X32.5Y-20. Z5. R7.5,"Z"和"C"碰撞.


******************** 刀路错误报告 ********************
错误227行,文件名:G682尝试后处理-888.NC.NC
G03 X25.Y-12.5 Z5. R7.5
错误:在 227 行:G03 X25.Y-12.5 Z5. R7.5,"Z"和"C"碰撞.


******************** 刀路错误报告 ********************
错误227行,文件名:G682尝试后处理-888.NC.NC
G03 X25.Y-12.5 Z5. R7.5
错误:组件 "Tool"的刀具 "1" 的刀杆超出允许的碰撞间隙 0.05 与 "Stock" 在(227)行G03 X25.Y-12.5 Z5. R7.5


******************** 刀路错误报告 ********************
错误228行,文件名:G682尝试后处理-888.NC.NC
G03 X17.5Y-20. Z5. R7.5
错误:在 228 行:G03 X17.5Y-20. Z5. R7.5,"Z"和"C"碰撞.


******************** 刀路错误报告 ********************
错误228行,文件名:G682尝试后处理-888.NC.NC
G03 X17.5Y-20. Z5. R7.5
错误:组件 "Tool"的刀具 "1" 的刀杆超出允许的碰撞间隙 0.05 与 "Stock" 在(228)行G03 X17.5Y-20. Z5. R7.5


******************** 刀路错误报告 ********************
错误229行,文件名:G682尝试后处理-888.NC.NC
G03 X17.6049Y-21.25 Z5. R7.5
错误:组件 "Tool"的刀具 "1" 的刀杆超出允许的碰撞间隙 0.05 与 "Stock" 在(229)行G03 X17.6049Y-21.25 Z5. R7.5


******************** 刀路错误报告 ********************
错误229行,文件名:G682尝试后处理-888.NC.NC
G03 X17.6049Y-21.25 Z5. R7.5
错误:在 229 行:G03 X17.6049Y-21.25 Z5. R7.5,"Z"和"C"碰撞.


******************** 刀路错误报告 ********************
错误230行,文件名:G682尝试后处理-888.NC.NC
G01 X18.8374 Y-28.5417
错误:在 230 行:G01 X18.8374 Y-28.5417,"Z"和"C"碰撞.


******************** 刀路错误报告 ********************
错误230行,文件名:G682尝试后处理-888.NC.NC
G01 X18.8374 Y-28.5417
错误:组件 "Tool"的刀具 "1" 的刀杆超出允许的碰撞间隙 0.05 与 "Stock" 在(230)行G01 X18.8374 Y-28.5417


******************** 刀路错误报告 ********************
错误231行,文件名:G682尝试后处理-888.NC.NC
X23.7675 Y-27.7083
错误:组件 "Tool"的刀具 "1" 的刀杆超出允许的碰撞间隙 0.05 与 "Stock" 在(231)行X23.7675 Y-27.7083


******************** 刀路错误报告 ********************
错误231行,文件名:G682尝试后处理-888.NC.NC
X23.7675 Y-27.7083
错误:在 231 行:X23.7675 Y-27.7083,"Z"和"C"碰撞.


******************** 刀路错误报告 ********************
错误232行,文件名:G682尝试后处理-888.NC.NC
Z8.
错误:组件 "Tool"的刀具 "1" 的刀杆超出允许的碰撞间隙 0.05 与 "Stock" 在(232)行Z8.


******************** 刀路错误报告 ********************
错误232行,文件名:G682尝试后处理-888.NC.NC
Z8.
错误:在 232 行:Z8.,"Z"和"C"碰撞.


******************** 刀路错误报告 ********************
错误233行,文件名:G682尝试后处理-888.NC.NC
G00 Z15.
错误:在 233 行:G00 Z15.,"Z"和"C"碰撞.


******************** 刀路错误报告 ********************
错误233行,文件名:G682尝试后处理-888.NC.NC
G00 Z15.
错误:在 233 行:G00 Z15.,组件"Tool"上的刀具"1"快速进给去除材料,去除体积109.0246
当前刀具1: D25 EM, Line# 15, 记录: T1 M06


******************** 刀路警告报告 ********************
警告:在236行
M13
警告:M 13不支持


******************** 刀路错误报告 ********************
错误237行,文件名:G682尝试后处理-888.NC.NC
G91 G28 Z0.0
错误:在 237 行:G91 G28 Z0.0,"Z"和"C"碰撞.


******************** 刀路错误报告 ********************
错误7行,文件名:O9010
IF[#4NE0]THEN#3000=1(I NOT EQUAL TO 0 FOR 4-AXIS)
错误:#3000 Alarm Signal: 1, 在: IF[#4NE0]THEN#3000=1(I NOT EQUAL TO 0 FOR 4-AXIS)行


******************** 刀路警告报告 ********************
警告:在244行
M12
警告:M 12不支持


******************** 刀路警告报告 ********************
警告:在789行
M13
警告:M 13不支持


******************** 刀路错误报告 ********************
错误794行,文件名:G682尝试后处理-888.NC.NC
G90 G00 G54 A-54.736 C315.000
错误:在 794 行:G90 G00 G54 A-54.736 C315.000,"Tool CUTTER"和"C"碰撞.


******************** 刀路错误报告 ********************
错误7行,文件名:O9010
IF[#4NE0]THEN#3000=1(I NOT EQUAL TO 0 FOR 4-AXIS)
错误:#3000 Alarm Signal: 1, 在: IF[#4NE0]THEN#3000=1(I NOT EQUAL TO 0 FOR 4-AXIS)行


******************** 刀路错误报告 ********************
错误132行,文件名:O9010
G0G90A#5(C#4)(FOR_5AXIS) 
错误:在 132 行:G0G90A#5(C#4)(FOR_5AXIS) ,"Tool CUTTER"和"C"碰撞.


******************** 刀路警告报告 ********************
警告:在797行
M12
警告:M 12不支持


******************** 刀路警告报告 ********************
警告:在826行
M13
警告:M 13不支持


******************** 刀路警告报告 ********************
警告:在833行
M12
警告:M 12不支持


*** 结束数据处理数控程序文件C:\Users\Administrator\Desktop\G682尝试后处理-888.NC.NC
Wed Apr  1 21:24:23 2020

***************************************************************************************************************
刀路文件 : C:\Users\Administrator\Desktop\G682尝试后处理-888.NC.NC

                                  刀具摘要
                                 ==============

Seq.  记录        刀具描述  刀具高度  刀具夹长  时间      空刀时间  空刀时间 %
---------------------------------------------------------------------------------------------------------------
   1    15: T1 M06  1: D25 EM     200           150           0:01:44     0:01:22       79%           
===============================================================================================================
      总时间:                                              0:01:44     0:01:22       79%           

错误数: 112
警告数: 10
从最近的倒回总的循环时间: 0:01:49
从最近的倒回总空刀时间: 0:01:27 (80)%
***************************************************************************************************************


*** 处理数控程序文件C:\Users\Administrator\Desktop\G682尝试后处理-888.NC.NC
Wed Apr  1 21:25:33 2020



*** 处理数控程序文件C:\Users\Administrator\Desktop\G682尝试后处理-888.NC.NC
Wed Apr  1 21:26:13 2020



*** 处理数控程序文件C:\Users\Administrator\Desktop\G682尝试后处理-888.NC.NC
Wed Apr  1 21:26:18 2020



*** 处理数控程序文件C:\Users\Administrator\Desktop\G682尝试后处理-888.NC.NC
Wed Apr  1 21:26:58 2020



*** 处理数控程序文件C:\Users\Administrator\Desktop\G682尝试后处理-888.NC.NC
Wed Apr  1 21:29:15 2020



*** 处理数控程序文件C:\Users\Administrator\Desktop\G682尝试后处理-888.NC.NC
Wed Apr  1 21:29:31 2020



*** 处理数控程序文件C:\Users\Administrator\Desktop\G682尝试后处理-888.NC.NC
Wed Apr  1 21:29:48 2020



*** 处理数控程序文件C:\Users\Administrator\Desktop\G682尝试后处理-888.NC.NC
Wed Apr  1 21:29:50 2020



*** 处理数控程序文件C:\Users\Administrator\Desktop\G682尝试后处理-888.NC.NC
Wed Apr  1 21:30:03 2020



*** 处理数控程序文件C:\Users\Administrator\Desktop\G682尝试后处理-888.NC.NC
Wed Apr  1 21:30:28 2020



*** 处理数控程序文件C:\Users\Administrator\Desktop\G682尝试后处理-888.NC.NC
Wed Apr  1 21:31:20 2020



*** 处理数控程序文件C:\Users\Administrator\Desktop\G682尝试后处理-888.NC.NC
Wed Apr  1 21:33:25 2020



*** 处理数控程序文件C:\Users\Administrator\Desktop\G682尝试后处理-888.NC.NC
Wed Apr  1 21:34:42 2020



*** 处理数控程序文件C:\Users\Administrator\Desktop\G682尝试后处理-888.NC.NC
Wed Apr  1 21:35:43 2020



******************** 刀路错误报告 ********************
错误132行,文件名:O9010
G0G90A#5(C#4)(FOR_5AXIS) 
错误:在 132 行:G0G90A#5(C#4)(FOR_5AXIS) ,主轴关闭时组件"Tool"上刀具"1"加工毛坯"Stock".


*** 处理数控程序文件C:\Users\Administrator\Desktop\G682尝试后处理-888.NC.NC
Wed Apr  1 21:35:59 2020



*** 处理数控程序文件C:\Users\Administrator\Desktop\G682尝试后处理-888.NC.NC
Wed Apr  1 21:36:02 2020



*** 处理数控程序文件C:\Users\Administrator\Desktop\G682尝试后处理-888.NC.NC
Wed Apr  1 21:36:22 2020



*** 处理数控程序文件C:\Users\Administrator\Desktop\G682尝试后处理-888.NC.NC
Wed Apr  1 21:36:55 2020



*** 处理数控程序文件C:\Users\Administrator\Desktop\G682尝试后处理-888.NC.NC
Wed Apr  1 21:37:02 2020



*** 处理数控程序文件C:\Users\Administrator\Desktop\G682尝试后处理-888.NC.NC
Wed Apr  1 21:37:06 2020



*** 处理数控程序文件C:\Users\Administrator\Desktop\G682尝试后处理-888.NC.NC
Wed Apr  1 21:37:20 2020



******************** 刀路警告报告 ********************
警告:在10行
M13
警告:M 13不支持


******************** 刀路警告报告 ********************
警告:在21行
M12
警告:M 12不支持


*** 处理数控程序文件C:\Users\Administrator\Desktop\G682尝试后处理-888.NC.NC
Wed Apr  1 21:37:54 2020



*** 处理数控程序文件C:\Users\Administrator\Desktop\G682尝试后处理-888.NC.NC
Wed Apr  1 21:38:11 2020



******************** 刀路警告报告 ********************
警告:在10行
M13
警告:M 13不支持


******************** 刀路警告报告 ********************
警告:在20行
M10
警告:字 G不应该在一个表达式中:G65 P9010 X45. Y-37.5 Z37.5 I0.0 J45. K-90.


******************** 刀路警告报告 ********************
警告:在20行
M10
警告:字 G不应该在一个表达式中:G65 P9010 X45. Y-37.5 Z37.5 I0.0 J45. K-90.


*** 处理数控程序文件C:\Users\Administrator\Desktop\G682尝试后处理-888.NC.NC
Wed Apr  1 21:40:05 2020



*** 处理数控程序文件C:\Users\Administrator\Desktop\G682尝试后处理-888.NC.NC
Wed Apr  1 21:40:10 2020



*** 处理数控程序文件C:\Users\Administrator\Desktop\G682尝试后处理-888.NC.NC
Wed Apr  1 21:40:16 2020



*** 处理数控程序文件C:\Users\Administrator\Desktop\G682尝试后处理-888.NC.NC
Wed Apr  1 21:40:24 2020



*** 处理数控程序文件C:\Users\Administrator\Desktop\G682尝试后处理-888.NC.NC
Wed Apr  1 21:40:43 2020



*** 处理数控程序文件C:\Users\Administrator\Desktop\G682尝试后处理-888.NC.NC
Wed Apr  1 21:41:15 2020



******************** 刀路警告报告 ********************
警告:在10行
M13
警告:M 13不支持


******************** 刀路警告报告 ********************
警告:在21行
M12
警告:M 12不支持


*** 处理数控程序文件C:\Users\Administrator\Desktop\G682尝试后处理-888.NC.NC
Wed Apr  1 21:41:23 2020



*** 处理数控程序文件C:\Users\Administrator\Desktop\G682尝试后处理-888.NC.NC
Wed Apr  1 21:41:54 2020



*** 处理数控程序文件C:\Users\Administrator\Desktop\G682尝试后处理-888.NC.NC
Wed Apr  1 21:42:02 2020



*** 处理数控程序文件C:\Users\Administrator\Desktop\G682尝试后处理-888.NC.NC
Wed Apr  1 21:42:05 2020



******************** 刀路警告报告 ********************
警告:在10行
M13
警告:M 13不支持


******************** 刀路警告报告 ********************
警告:在21行
M12
警告:M 12不支持


*** 处理数控程序文件C:\Users\Administrator\Desktop\G682尝试后处理-888.NC.NC
Wed Apr  1 21:42:21 2020



*** 处理数控程序文件C:\Users\Administrator\Desktop\G682尝试后处理-888.NC.NC
Wed Apr  1 21:43:52 2020



*** 处理数控程序文件C:\Users\Administrator\Desktop\G682尝试后处理-888.NC.NC
Wed Apr  1 21:44:19 2020



*** 处理数控程序文件C:\Users\Administrator\Desktop\G682尝试后处理-888.NC.NC
Wed Apr  1 21:44:30 2020



*** 处理数控程序文件C:\Users\Administrator\Desktop\G682尝试后处理-888.NC.NC
Wed Apr  1 21:44:52 2020



*** 处理数控程序文件C:\Users\Administrator\Desktop\G682尝试后处理-888.NC.NC
Wed Apr  1 21:45:08 2020



*** 处理数控程序文件C:\Users\Administrator\Desktop\G682尝试后处理-888.NC.NC
Wed Apr  1 21:45:22 2020



*** 处理数控程序文件C:\Users\Administrator\Desktop\G682尝试后处理-888.NC.NC
Wed Apr  1 21:45:50 2020



*** 处理数控程序文件C:\Users\Administrator\Desktop\G682尝试后处理-888.NC.NC
Wed Apr  1 21:47:38 2020



*** 处理数控程序文件C:\Users\Administrator\Desktop\G682尝试后处理-888.NC.NC
Wed Apr  1 21:47:48 2020



*** 处理数控程序文件C:\Users\Administrator\Desktop\G682尝试后处理-888.NC.NC
Wed Apr  1 21:47:51 2020



*** 处理数控程序文件C:\Users\Administrator\Desktop\G682尝试后处理-888.NC.NC
Wed Apr  1 21:48:26 2020



*** 处理数控程序文件C:\Users\Administrator\Desktop\G682尝试后处理-888.NC.NC
Wed Apr  1 21:49:12 2020



*** 处理数控程序文件C:\Users\Administrator\Desktop\G682尝试后处理-888.NC.NC
Wed Apr  1 21:49:21 2020



*** 处理数控程序文件C:\Users\Administrator\Desktop\G682尝试后处理-888.NC.NC
Wed Apr  1 21:49:25 2020



*** 处理数控程序文件C:\Users\Administrator\Desktop\G682尝试后处理-888.NC.NC
Wed Apr  1 21:49:30 2020



*** 处理数控程序文件C:\Users\Administrator\Desktop\G682尝试后处理-888.NC.NC
Wed Apr  1 21:49:37 2020



*** 处理数控程序文件C:\Users\Administrator\Desktop\G682尝试后处理-888.NC.NC
Wed Apr  1 21:49:41 2020



*** 处理数控程序文件C:\Users\Administrator\Desktop\G682尝试后处理-888.NC.NC
Wed Apr  1 21:50:00 2020



*** 处理数控程序文件C:\Users\Administrator\Desktop\G682尝试后处理-888.NC.NC
Wed Apr  1 21:50:21 2020



*** 处理数控程序文件C:\Users\Administrator\Desktop\G682尝试后处理-888.NC.NC
Wed Apr  1 21:50:25 2020



*** 处理数控程序文件C:\Users\Administrator\Desktop\G682尝试后处理-888.NC.NC
Wed Apr  1 21:50:29 2020



*** 处理数控程序文件C:\Users\Administrator\Desktop\G682尝试后处理-888.NC.NC
Wed Apr  1 21:50:34 2020



*** 处理数控程序文件C:\Users\Administrator\Desktop\G682尝试后处理-888.NC.NC
Wed Apr  1 21:50:37 2020



*** 处理数控程序文件C:\Users\Administrator\Desktop\G682尝试后处理-888.NC.NC
Wed Apr  1 21:50:40 2020



*** 处理数控程序文件C:\Users\Administrator\Desktop\G682尝试后处理-888.NC.NC
Wed Apr  1 21:51:03 2020



*** 处理数控程序文件C:\Users\Administrator\Desktop\G682尝试后处理-888.NC.NC
Wed Apr  1 21:51:18 2020



警告:R 45不支持


警告:R 45不支持


*** 处理数控程序文件C:\Users\Administrator\Desktop\G682尝试后处理-888.NC.NC
Wed Apr  1 21:51:30 2020



警告:R 45不支持


警告:R 45不支持


警告:R 45不支持


警告:R 45不支持


警告:R 45不支持


警告:R 45不支持


*** 处理数控程序文件C:\Users\Administrator\Desktop\G682尝试后处理-888.NC.NC
Wed Apr  1 21:51:44 2020



*** 处理数控程序文件C:\Users\Administrator\Desktop\G682尝试后处理-888.NC.NC
Wed Apr  1 21:52:07 2020



警告:R 45不支持


*** 处理数控程序文件C:\Users\Administrator\Desktop\G682尝试后处理-888.NC.NC
Wed Apr  1 21:52:53 2020



*** 处理数控程序文件C:\Users\Administrator\Desktop\G682尝试后处理-888.NC.NC
Wed Apr  1 21:52:57 2020



*** 处理数控程序文件C:\Users\Administrator\Desktop\G682尝试后处理-888.NC.NC
Wed Apr  1 21:53:01 2020



*** 处理数控程序文件C:\Users\Administrator\Desktop\G682尝试后处理-888.NC.NC
Wed Apr  1 21:53:03 2020



*** 处理数控程序文件C:\Users\Administrator\Desktop\G682尝试后处理-888.NC.NC
Wed Apr  1 21:53:43 2020



******************** 刀路警告报告 ********************
警告:在10行
M13
警告:M 13不支持


******************** 刀路警告报告 ********************
警告:在21行
M12
警告:M 12不支持


*** 处理数控程序文件C:\Users\Administrator\Desktop\G682尝试后处理-888.NC.NC
Wed Apr  1 21:55:42 2020



*** 处理数控程序文件C:\Users\Administrator\Desktop\G682尝试后处理-888.NC.NC
Wed Apr  1 21:56:35 2020



*** 处理数控程序文件C:\Users\Administrator\Desktop\G682尝试后处理-888.NC.NC
Wed Apr  1 21:56:39 2020



*** 处理数控程序文件C:\Users\Administrator\Desktop\G682尝试后处理-888.NC.NC
Wed Apr  1 22:08:31 2020



*** 处理数控程序文件C:\Users\Administrator\Desktop\G682尝试后处理-888.NC.NC
Wed Apr  1 22:09:52 2020



*** 处理数控程序文件C:\Users\Administrator\Desktop\G682尝试后处理-888.NC.NC
Wed Apr  1 22:10:18 2020



*** 处理数控程序文件C:\Users\Administrator\Desktop\G682尝试后处理-888.NC.NC
Wed Apr  1 22:10:24 2020



*** 处理数控程序文件C:\Users\Administrator\Desktop\G682尝试后处理-888.NC.NC
Wed Apr  1 22:10:50 2020



*** 处理数控程序文件C:\Users\Administrator\Desktop\G682尝试后处理-888.NC.NC
Wed Apr  1 22:11:27 2020



*** 处理数控程序文件C:\Users\Administrator\Desktop\G682尝试后处理-888.NC.NC
Wed Apr  1 22:11:50 2020



*** 处理数控程序文件C:\Users\Administrator\Desktop\G682尝试后处理-888.NC.NC
Wed Apr  1 22:12:01 2020



******************** 刀路警告报告 ********************
警告:在10行
M13
警告:M 13不支持


*** 处理数控程序文件C:\Users\Administrator\Desktop\G682尝试后处理-888.NC.NC
Wed Apr  1 22:12:10 2020



*** 处理数控程序文件C:\Users\Administrator\Desktop\G682尝试后处理-888.NC.NC
Wed Apr  1 22:12:48 2020



******************** 刀路警告报告 ********************
警告:在10行
M13
警告:M 13不支持


******************** 刀路错误报告 ********************
错误30行,文件名:O9010
#_WZG54[3]]
错误:字符 "_WZG" 未定义.  此行其余内容被忽略.


******************** 刀路警告报告 ********************
警告:在30行
#_WZG54[3]]
警告:当前行问题分析


******************** 刀路警告报告 ********************
警告:在21行
M12
警告:M 12不支持


*** 处理数控程序文件C:\Users\Administrator\Desktop\G682尝试后处理-888.NC.NC
Wed Apr  1 22:13:28 2020



******************** 刀路警告报告 ********************
警告:在10行
M13
警告:M 13不支持


******************** 刀路警告报告 ********************
警告:在21行
M12
警告:M 12不支持


******************** 刀路警告报告 ********************
警告:在171行
M13
警告:M 13不支持


******************** 刀路错误报告 ********************
错误176行,文件名:G682尝试后处理-888.NC.NC
G90 G00 G54 A-90.000 C90.000
错误:在 176 行:G90 G00 G54 A-90.000 C90.000,"Tool CUTTER"和"C"碰撞.


******************** 刀路错误报告 ********************
错误131行,文件名:O9010
G0G90A#5C#4(FOR_5AXIS) 
错误:在 131 行:G0G90A#5C#4(FOR_5AXIS) ,"Tool CUTTER"和"C"碰撞.


******************** 刀路警告报告 ********************
警告:在179行
M12
警告:M 12不支持


******************** 刀路错误报告 ********************
错误181行,文件名:G682尝试后处理-888.NC.NC
G00 G43 Z15. H01
错误:在 181 行:G00 G43 Z15. H01,"Z"和"C"碰撞.


******************** 刀路错误报告 ********************
错误181行,文件名:G682尝试后处理-888.NC.NC
G00 G43 Z15. H01
错误:在 181 行:G00 G43 Z15. H01,组件"Tool"上的刀具"1"快速进给去除材料,去除体积390.3442
当前刀具1: D25 EM, Line# 15, 记录: T1 M06


******************** 刀路错误报告 ********************
错误183行,文件名:G682尝试后处理-888.NC.NC
Z7.
错误:在 183 行:Z7.,"Z"和"C"碰撞.


******************** 刀路错误报告 ********************
错误183行,文件名:G682尝试后处理-888.NC.NC
Z7.
错误:在 183 行:Z7.,组件"Tool"上的刀具"1"快速进给去除材料,去除体积641.8923
当前刀具1: D25 EM, Line# 15, 记录: T1 M06


******************** 刀路错误报告 ********************
错误184行,文件名:G682尝试后处理-888.NC.NC
G01 X30.8822 Y-28.4687 Z6.9333 F5000.
错误:在 184 行:G01 X30.8822 Y-28.4687 Z6.9333 F5000.,"Z"和"C"碰撞.


******************** 刀路错误报告 ********************
错误185行,文件名:G682尝试后处理-888.NC.NC
X31.1435 Y-27.2196 Z6.8667
错误:在 185 行:X31.1435 Y-27.2196 Z6.8667,"Z"和"C"碰撞.


******************** 刀路错误报告 ********************
错误186行,文件名:G682尝试后处理-888.NC.NC
X30.9685 Y-25.9556 Z6.8
错误:在 186 行:X30.9685 Y-25.9556 Z6.8,"Z"和"C"碰撞.


******************** 刀路错误报告 ********************
错误187行,文件名:G682尝试后处理-888.NC.NC
X30.3777 Y-24.8246 Z6.7333
错误:在 187 行:X30.3777 Y-24.8246 Z6.7333,"Z"和"C"碰撞.


******************** 刀路错误报告 ********************
错误188行,文件名:G682尝试后处理-888.NC.NC
X29.4402 Y-23.9588 Z6.6667
错误:在 188 行:X29.4402 Y-23.9588 Z6.6667,"Z"和"C"碰撞.


******************** 刀路错误报告 ********************
错误189行,文件名:G682尝试后处理-888.NC.NC
X28.2657 Y-23.4598 Z6.6
错误:在 189 行:X28.2657 Y-23.4598 Z6.6,"Z"和"C"碰撞.


******************** 刀路错误报告 ********************
错误190行,文件名:G682尝试后处理-888.NC.NC
X26.9918 Y-23.3858 Z6.5333
错误:在 190 行:X26.9918 Y-23.3858 Z6.5333,"Z"和"C"碰撞.


******************** 刀路错误报告 ********************
错误191行,文件名:G682尝试后处理-888.NC.NC
X25.7674 Y-23.7456 Z6.4667
错误:在 191 行:X25.7674 Y-23.7456 Z6.4667,"Z"和"C"碰撞.


******************** 刀路错误报告 ********************
错误192行,文件名:G682尝试后处理-888.NC.NC
X24.736 Y-24.497 Z6.4
错误:在 192 行:X24.736 Y-24.497 Z6.4,"Z"和"C"碰撞.


******************** 刀路错误报告 ********************
错误193行,文件名:G682尝试后处理-888.NC.NC
X24.0183 Y-25.5521 Z6.3333
错误:在 193 行:X24.0183 Y-25.5521 Z6.3333,"Z"和"C"碰撞.


******************** 刀路错误报告 ********************
错误194行,文件名:G682尝试后处理-888.NC.NC
X23.6982 Y-26.7874 Z6.2667
错误:在 194 行:X23.6982 Y-26.7874 Z6.2667,"Z"和"C"碰撞.


******************** 刀路错误报告 ********************
错误195行,文件名:G682尝试后处理-888.NC.NC
X23.8132 Y-28.0583 Z6.2
错误:在 195 行:X23.8132 Y-28.0583 Z6.2,"Z"和"C"碰撞.


******************** 刀路错误报告 ********************
错误196行,文件名:G682尝试后处理-888.NC.NC
X24.3498 Y-29.2161 Z6.1333
错误:在 196 行:X24.3498 Y-29.2161 Z6.1333,"Z"和"C"碰撞.


******************** 刀路错误报告 ********************
错误197行,文件名:G682尝试后处理-888.NC.NC
X25.2453 Y-30.1252 Z6.0667
错误:在 197 行:X25.2453 Y-30.1252 Z6.0667,"Z"和"C"碰撞.


******************** 刀路错误报告 ********************
错误198行,文件名:G682尝试后处理-888.NC.NC
X26.3948 Y-30.6792 Z6.
错误:在 198 行:X26.3948 Y-30.6792 Z6.,"Z"和"C"碰撞.


******************** 刀路错误报告 ********************
错误199行,文件名:G682尝试后处理-888.NC.NC
X27.6638 Y-30.8134 Z5.9333
错误:在 199 行:X27.6638 Y-30.8134 Z5.9333,"Z"和"C"碰撞.


******************** 刀路错误报告 ********************
错误200行,文件名:G682尝试后处理-888.NC.NC
X28.9038 Y-30.512 Z5.8667
错误:在 200 行:X28.9038 Y-30.512 Z5.8667,"Z"和"C"碰撞.


******************** 刀路错误报告 ********************
错误201行,文件名:G682尝试后处理-888.NC.NC
X29.9696 Y-29.8102 Z5.8
错误:在 201 行:X29.9696 Y-29.8102 Z5.8,"Z"和"C"碰撞.


******************** 刀路错误报告 ********************
错误202行,文件名:G682尝试后处理-888.NC.NC
X30.7365 Y-28.7903 Z5.7333
错误:在 202 行:X30.7365 Y-28.7903 Z5.7333,"Z"和"C"碰撞.


******************** 刀路错误报告 ********************
错误203行,文件名:G682尝试后处理-888.NC.NC
X31.1147 Y-27.5715 Z5.6667
错误:在 203 行:X31.1147 Y-27.5715 Z5.6667,"Z"和"C"碰撞.


******************** 刀路错误报告 ********************
错误204行,文件名:G682尝试后处理-888.NC.NC
X31.06 Y-26.2966 Z5.6
错误:在 204 行:X31.06 Y-26.2966 Z5.6,"Z"和"C"碰撞.


******************** 刀路错误报告 ********************
错误205行,文件名:G682尝试后处理-888.NC.NC
X30.5788 Y-25.1148 Z5.5333
错误:在 205 行:X30.5788 Y-25.1148 Z5.5333,"Z"和"C"碰撞.


******************** 刀路错误报告 ********************
错误206行,文件名:G682尝试后处理-888.NC.NC
X29.7273 Y-24.1643 Z5.4667
错误:在 206 行:X29.7273 Y-24.1643 Z5.4667,"Z"和"C"碰撞.


******************** 刀路错误报告 ********************
错误207行,文件名:G682尝试后处理-888.NC.NC
X28.6053 Y-23.5564 Z5.4
错误:在 207 行:X28.6053 Y-23.5564 Z5.4,"Z"和"C"碰撞.


******************** 刀路错误报告 ********************
错误208行,文件名:G682尝试后处理-888.NC.NC
X27.3441 Y-23.3624 Z5.3333
错误:在 208 行:X27.3441 Y-23.3624 Z5.3333,"Z"和"C"碰撞.


******************** 刀路错误报告 ********************
错误209行,文件名:G682尝试后处理-888.NC.NC
X26.0912 Y-23.6048 Z5.2667
错误:在 209 行:X26.0912 Y-23.6048 Z5.2667,"Z"和"C"碰撞.


******************** 刀路错误报告 ********************
错误210行,文件名:G682尝试后处理-888.NC.NC
X24.9934 Y-24.2553 Z5.2
错误:在 210 行:X24.9934 Y-24.2553 Z5.2,"Z"和"C"碰撞.


******************** 刀路错误报告 ********************
错误211行,文件名:G682尝试后处理-888.NC.NC
X24.1791 Y-25.2378 Z5.1333
错误:在 211 行:X24.1791 Y-25.2378 Z5.1333,"Z"和"C"碰撞.


******************** 刀路错误报告 ********************
错误212行,文件名:G682尝试后处理-888.NC.NC
X23.7436 Y-26.4373 Z5.0667
错误:在 212 行:X23.7436 Y-26.4373 Z5.0667,"Z"和"C"碰撞.


******************** 刀路错误报告 ********************
错误213行,文件名:G682尝试后处理-888.NC.NC
X23.7675 Y-27.7083 Z5.
错误:在 213 行:X23.7675 Y-27.7083 Z5.,"Z"和"C"碰撞.


******************** 刀路错误报告 ********************
错误214行,文件名:G682尝试后处理-888.NC.NC
X25. Y-35.
错误:在 214 行:X25. Y-35.,"Z"和"C"碰撞.


******************** 刀路错误报告 ********************
错误215行,文件名:G682尝试后处理-888.NC.NC
X27.465 Y-20.4167
错误:在 215 行:X27.465 Y-20.4167,"Z"和"C"碰撞.


******************** 刀路错误报告 ********************
错误216行,文件名:G682尝试后处理-888.NC.NC
G03 X27.5Y-20. Z5. R2.5
错误:在 216 行:G03 X27.5Y-20. Z5. R2.5,"Z"和"C"碰撞.


******************** 刀路错误报告 ********************
错误217行,文件名:G682尝试后处理-888.NC.NC
G03 X25.Y-17.5 Z5. R2.5
错误:在 217 行:G03 X25.Y-17.5 Z5. R2.5,"Z"和"C"碰撞.


******************** 刀路错误报告 ********************
错误218行,文件名:G682尝试后处理-888.NC.NC
G03 X22.5Y-20. Z5. R2.5
错误:在 218 行:G03 X22.5Y-20. Z5. R2.5,"Z"和"C"碰撞.


******************** 刀路错误报告 ********************
错误219行,文件名:G682尝试后处理-888.NC.NC
G03 X22.535Y-20.4167 Z5. R2.5
错误:在 219 行:G03 X22.535Y-20.4167 Z5. R2.5,"Z"和"C"碰撞.


******************** 刀路错误报告 ********************
错误220行,文件名:G682尝试后处理-888.NC.NC
G01 X23.7675 Y-27.7083
错误:在 220 行:G01 X23.7675 Y-27.7083,"Z"和"C"碰撞.


******************** 刀路错误报告 ********************
错误221行,文件名:G682尝试后处理-888.NC.NC
X18.8374 Y-28.5417
错误:在 221 行:X18.8374 Y-28.5417,"Z"和"C"碰撞.


******************** 刀路错误报告 ********************
错误222行,文件名:G682尝试后处理-888.NC.NC
X20.0699 Y-35.8333
错误:在 222 行:X20.0699 Y-35.8333,"Z"和"C"碰撞.


******************** 刀路错误报告 ********************
错误223行,文件名:G682尝试后处理-888.NC.NC
G03 X25.Y-40. Z5. R5.
错误:在 223 行:G03 X25.Y-40. Z5. R5.,"Z"和"C"碰撞.


******************** 刀路错误报告 ********************
错误224行,文件名:G682尝试后处理-888.NC.NC
G03 X29.9301Y-35.8333 Z5. R5.
错误:在 224 行:G03 X29.9301Y-35.8333 Z5. R5.,"Z"和"C"碰撞.


******************** 刀路错误报告 ********************
错误225行,文件名:G682尝试后处理-888.NC.NC
G01 X32.3951 Y-21.25
错误:在 225 行:G01 X32.3951 Y-21.25,"Z"和"C"碰撞.


******************** 刀路错误报告 ********************
错误226行,文件名:G682尝试后处理-888.NC.NC
G03 X32.5Y-20. Z5. R7.5
错误:在 226 行:G03 X32.5Y-20. Z5. R7.5,"Z"和"C"碰撞.


******************** 刀路错误报告 ********************
错误227行,文件名:G682尝试后处理-888.NC.NC
G03 X25.Y-12.5 Z5. R7.5
错误:在 227 行:G03 X25.Y-12.5 Z5. R7.5,"Z"和"C"碰撞.


******************** 刀路错误报告 ********************
错误228行,文件名:G682尝试后处理-888.NC.NC
G03 X17.5Y-20. Z5. R7.5
错误:在 228 行:G03 X17.5Y-20. Z5. R7.5,"Z"和"C"碰撞.


******************** 刀路错误报告 ********************
错误229行,文件名:G682尝试后处理-888.NC.NC
G03 X17.6049Y-21.25 Z5. R7.5
错误:在 229 行:G03 X17.6049Y-21.25 Z5. R7.5,"Z"和"C"碰撞.


******************** 刀路错误报告 ********************
错误230行,文件名:G682尝试后处理-888.NC.NC
G01 X18.8374 Y-28.5417
错误:在 230 行:G01 X18.8374 Y-28.5417,"Z"和"C"碰撞.


******************** 刀路错误报告 ********************
错误231行,文件名:G682尝试后处理-888.NC.NC
X23.7675 Y-27.7083
错误:在 231 行:X23.7675 Y-27.7083,"Z"和"C"碰撞.


******************** 刀路错误报告 ********************
错误232行,文件名:G682尝试后处理-888.NC.NC
Z8.
错误:在 232 行:Z8.,"Z"和"C"碰撞.


******************** 刀路错误报告 ********************
错误233行,文件名:G682尝试后处理-888.NC.NC
G00 Z15.
错误:在 233 行:G00 Z15.,"Z"和"C"碰撞.


******************** 刀路警告报告 ********************
警告:在236行
M13
警告:M 13不支持


******************** 刀路错误报告 ********************
错误237行,文件名:G682尝试后处理-888.NC.NC
G91 G28 Z0.0
错误:在 237 行:G91 G28 Z0.0,"Z"和"C"碰撞.


******************** 刀路警告报告 ********************
警告:在244行
M12
警告:M 12不支持


******************** 刀路警告报告 ********************
警告:在789行
M13
警告:M 13不支持


******************** 刀路错误报告 ********************
错误794行,文件名:G682尝试后处理-888.NC.NC
G90 G00 G54 A-54.736 C315.000
错误:在 794 行:G90 G00 G54 A-54.736 C315.000,"Tool CUTTER"和"C"碰撞.


******************** 刀路错误报告 ********************
错误131行,文件名:O9010
G0G90A#5C#4(FOR_5AXIS) 
错误:在 131 行:G0G90A#5C#4(FOR_5AXIS) ,"Tool CUTTER"和"C"碰撞.


******************** 刀路警告报告 ********************
警告:在797行
M12
警告:M 12不支持


******************** 刀路警告报告 ********************
警告:在826行
M13
警告:M 13不支持


******************** 刀路警告报告 ********************
警告:在833行
M12
警告:M 12不支持


*** 结束数据处理数控程序文件C:\Users\Administrator\Desktop\G682尝试后处理-888.NC.NC
Wed Apr  1 22:14:15 2020

***************************************************************************************************************
刀路文件 : C:\Users\Administrator\Desktop\G682尝试后处理-888.NC.NC

                                  刀具摘要
                                 ==============

Seq.  记录        刀具描述  刀具高度  刀具夹长  时间      空刀时间  空刀时间 %
---------------------------------------------------------------------------------------------------------------
   1    15: T1 M06  1: D25 EM     200           150           0:01:47     0:01:20       75%           
===============================================================================================================
      总时间:                                              0:01:47     0:01:20       75%           

错误数: 59
警告数: 10
从最近的倒回总的循环时间: 0:01:52
从最近的倒回总空刀时间: 0:01:25 (76)%
***************************************************************************************************************


*** 处理数控程序文件C:\Users\Administrator\Desktop\G682尝试后处理-888.NC.NC
Wed Apr  1 22:14:17 2020



*** 处理数控程序文件C:\Users\Administrator\Desktop\G682尝试后处理-888.NC.NC
Wed Apr  1 22:14:25 2020



******************** 刀路警告报告 ********************
警告:在10行
M13
警告:M 13不支持


******************** 刀路警告报告 ********************
警告:在21行
M12
警告:M 12不支持


******************** 刀路警告报告 ********************
警告:在171行
M13
警告:M 13不支持


******************** 刀路错误报告 ********************
错误176行,文件名:G682尝试后处理-888.NC.NC
G90 G00 G54 A-90.000 C90.000
错误:在 176 行:G90 G00 G54 A-90.000 C90.000,"Tool CUTTER"和"C"碰撞.


******************** 刀路错误报告 ********************
错误131行,文件名:O9010
G0G90A#5C#4(FOR_5AXIS) 
错误:在 131 行:G0G90A#5C#4(FOR_5AXIS) ,"Tool CUTTER"和"C"碰撞.


******************** 刀路警告报告 ********************
警告:在179行
M12
警告:M 12不支持


******************** 刀路错误报告 ********************
错误181行,文件名:G682尝试后处理-888.NC.NC
G00 G43 Z15. H01
错误:在 181 行:G00 G43 Z15. H01,"Z"和"C"碰撞.


******************** 刀路错误报告 ********************
错误181行,文件名:G682尝试后处理-888.NC.NC
G00 G43 Z15. H01
错误:在 181 行:G00 G43 Z15. H01,组件"Tool"上的刀具"1"快速进给去除材料,去除体积390.3442
当前刀具1: D25 EM, Line# 15, 记录: T1 M06


******************** 刀路错误报告 ********************
错误183行,文件名:G682尝试后处理-888.NC.NC
Z7.
错误:在 183 行:Z7.,"Z"和"C"碰撞.


******************** 刀路错误报告 ********************
错误183行,文件名:G682尝试后处理-888.NC.NC
Z7.
错误:在 183 行:Z7.,组件"Tool"上的刀具"1"快速进给去除材料,去除体积641.8923
当前刀具1: D25 EM, Line# 15, 记录: T1 M06


******************** 刀路错误报告 ********************
错误184行,文件名:G682尝试后处理-888.NC.NC
G01 X30.8822 Y-28.4687 Z6.9333 F5000.
错误:在 184 行:G01 X30.8822 Y-28.4687 Z6.9333 F5000.,"Z"和"C"碰撞.


******************** 刀路错误报告 ********************
错误185行,文件名:G682尝试后处理-888.NC.NC
X31.1435 Y-27.2196 Z6.8667
错误:在 185 行:X31.1435 Y-27.2196 Z6.8667,"Z"和"C"碰撞.


******************** 刀路错误报告 ********************
错误186行,文件名:G682尝试后处理-888.NC.NC
X30.9685 Y-25.9556 Z6.8
错误:在 186 行:X30.9685 Y-25.9556 Z6.8,"Z"和"C"碰撞.


******************** 刀路错误报告 ********************
错误187行,文件名:G682尝试后处理-888.NC.NC
X30.3777 Y-24.8246 Z6.7333
错误:在 187 行:X30.3777 Y-24.8246 Z6.7333,"Z"和"C"碰撞.


******************** 刀路错误报告 ********************
错误188行,文件名:G682尝试后处理-888.NC.NC
X29.4402 Y-23.9588 Z6.6667
错误:在 188 行:X29.4402 Y-23.9588 Z6.6667,"Z"和"C"碰撞.


******************** 刀路错误报告 ********************
错误189行,文件名:G682尝试后处理-888.NC.NC
X28.2657 Y-23.4598 Z6.6
错误:在 189 行:X28.2657 Y-23.4598 Z6.6,"Z"和"C"碰撞.


******************** 刀路错误报告 ********************
错误190行,文件名:G682尝试后处理-888.NC.NC
X26.9918 Y-23.3858 Z6.5333
错误:在 190 行:X26.9918 Y-23.3858 Z6.5333,"Z"和"C"碰撞.


******************** 刀路错误报告 ********************
错误191行,文件名:G682尝试后处理-888.NC.NC
X25.7674 Y-23.7456 Z6.4667
错误:在 191 行:X25.7674 Y-23.7456 Z6.4667,"Z"和"C"碰撞.


******************** 刀路错误报告 ********************
错误192行,文件名:G682尝试后处理-888.NC.NC
X24.736 Y-24.497 Z6.4
错误:在 192 行:X24.736 Y-24.497 Z6.4,"Z"和"C"碰撞.


******************** 刀路错误报告 ********************
错误193行,文件名:G682尝试后处理-888.NC.NC
X24.0183 Y-25.5521 Z6.3333
错误:在 193 行:X24.0183 Y-25.5521 Z6.3333,"Z"和"C"碰撞.


******************** 刀路错误报告 ********************
错误194行,文件名:G682尝试后处理-888.NC.NC
X23.6982 Y-26.7874 Z6.2667
错误:在 194 行:X23.6982 Y-26.7874 Z6.2667,"Z"和"C"碰撞.


******************** 刀路错误报告 ********************
错误195行,文件名:G682尝试后处理-888.NC.NC
X23.8132 Y-28.0583 Z6.2
错误:在 195 行:X23.8132 Y-28.0583 Z6.2,"Z"和"C"碰撞.


******************** 刀路错误报告 ********************
错误196行,文件名:G682尝试后处理-888.NC.NC
X24.3498 Y-29.2161 Z6.1333
错误:在 196 行:X24.3498 Y-29.2161 Z6.1333,"Z"和"C"碰撞.


******************** 刀路错误报告 ********************
错误197行,文件名:G682尝试后处理-888.NC.NC
X25.2453 Y-30.1252 Z6.0667
错误:在 197 行:X25.2453 Y-30.1252 Z6.0667,"Z"和"C"碰撞.


******************** 刀路错误报告 ********************
错误198行,文件名:G682尝试后处理-888.NC.NC
X26.3948 Y-30.6792 Z6.
错误:在 198 行:X26.3948 Y-30.6792 Z6.,"Z"和"C"碰撞.


******************** 刀路错误报告 ********************
错误199行,文件名:G682尝试后处理-888.NC.NC
X27.6638 Y-30.8134 Z5.9333
错误:在 199 行:X27.6638 Y-30.8134 Z5.9333,"Z"和"C"碰撞.


******************** 刀路错误报告 ********************
错误200行,文件名:G682尝试后处理-888.NC.NC
X28.9038 Y-30.512 Z5.8667
错误:在 200 行:X28.9038 Y-30.512 Z5.8667,"Z"和"C"碰撞.


******************** 刀路错误报告 ********************
错误201行,文件名:G682尝试后处理-888.NC.NC
X29.9696 Y-29.8102 Z5.8
错误:在 201 行:X29.9696 Y-29.8102 Z5.8,"Z"和"C"碰撞.


******************** 刀路错误报告 ********************
错误202行,文件名:G682尝试后处理-888.NC.NC
X30.7365 Y-28.7903 Z5.7333
错误:在 202 行:X30.7365 Y-28.7903 Z5.7333,"Z"和"C"碰撞.


******************** 刀路错误报告 ********************
错误203行,文件名:G682尝试后处理-888.NC.NC
X31.1147 Y-27.5715 Z5.6667
错误:在 203 行:X31.1147 Y-27.5715 Z5.6667,"Z"和"C"碰撞.


******************** 刀路错误报告 ********************
错误204行,文件名:G682尝试后处理-888.NC.NC
X31.06 Y-26.2966 Z5.6
错误:在 204 行:X31.06 Y-26.2966 Z5.6,"Z"和"C"碰撞.


******************** 刀路错误报告 ********************
错误205行,文件名:G682尝试后处理-888.NC.NC
X30.5788 Y-25.1148 Z5.5333
错误:在 205 行:X30.5788 Y-25.1148 Z5.5333,"Z"和"C"碰撞.


******************** 刀路错误报告 ********************
错误206行,文件名:G682尝试后处理-888.NC.NC
X29.7273 Y-24.1643 Z5.4667
错误:在 206 行:X29.7273 Y-24.1643 Z5.4667,"Z"和"C"碰撞.


******************** 刀路错误报告 ********************
错误207行,文件名:G682尝试后处理-888.NC.NC
X28.6053 Y-23.5564 Z5.4
错误:在 207 行:X28.6053 Y-23.5564 Z5.4,"Z"和"C"碰撞.


******************** 刀路错误报告 ********************
错误208行,文件名:G682尝试后处理-888.NC.NC
X27.3441 Y-23.3624 Z5.3333
错误:在 208 行:X27.3441 Y-23.3624 Z5.3333,"Z"和"C"碰撞.


******************** 刀路错误报告 ********************
错误209行,文件名:G682尝试后处理-888.NC.NC
X26.0912 Y-23.6048 Z5.2667
错误:在 209 行:X26.0912 Y-23.6048 Z5.2667,"Z"和"C"碰撞.


******************** 刀路错误报告 ********************
错误210行,文件名:G682尝试后处理-888.NC.NC
X24.9934 Y-24.2553 Z5.2
错误:在 210 行:X24.9934 Y-24.2553 Z5.2,"Z"和"C"碰撞.


******************** 刀路错误报告 ********************
错误211行,文件名:G682尝试后处理-888.NC.NC
X24.1791 Y-25.2378 Z5.1333
错误:在 211 行:X24.1791 Y-25.2378 Z5.1333,"Z"和"C"碰撞.


******************** 刀路错误报告 ********************
错误212行,文件名:G682尝试后处理-888.NC.NC
X23.7436 Y-26.4373 Z5.0667
错误:在 212 行:X23.7436 Y-26.4373 Z5.0667,"Z"和"C"碰撞.


******************** 刀路错误报告 ********************
错误213行,文件名:G682尝试后处理-888.NC.NC
X23.7675 Y-27.7083 Z5.
错误:在 213 行:X23.7675 Y-27.7083 Z5.,"Z"和"C"碰撞.


******************** 刀路错误报告 ********************
错误214行,文件名:G682尝试后处理-888.NC.NC
X25. Y-35.
错误:在 214 行:X25. Y-35.,"Z"和"C"碰撞.


******************** 刀路错误报告 ********************
错误215行,文件名:G682尝试后处理-888.NC.NC
X27.465 Y-20.4167
错误:在 215 行:X27.465 Y-20.4167,"Z"和"C"碰撞.


******************** 刀路错误报告 ********************
错误216行,文件名:G682尝试后处理-888.NC.NC
G03 X27.5Y-20. Z5. R2.5
错误:在 216 行:G03 X27.5Y-20. Z5. R2.5,"Z"和"C"碰撞.


******************** 刀路错误报告 ********************
错误217行,文件名:G682尝试后处理-888.NC.NC
G03 X25.Y-17.5 Z5. R2.5
错误:在 217 行:G03 X25.Y-17.5 Z5. R2.5,"Z"和"C"碰撞.


******************** 刀路错误报告 ********************
错误218行,文件名:G682尝试后处理-888.NC.NC
G03 X22.5Y-20. Z5. R2.5
错误:在 218 行:G03 X22.5Y-20. Z5. R2.5,"Z"和"C"碰撞.


******************** 刀路错误报告 ********************
错误219行,文件名:G682尝试后处理-888.NC.NC
G03 X22.535Y-20.4167 Z5. R2.5
错误:在 219 行:G03 X22.535Y-20.4167 Z5. R2.5,"Z"和"C"碰撞.


******************** 刀路错误报告 ********************
错误220行,文件名:G682尝试后处理-888.NC.NC
G01 X23.7675 Y-27.7083
错误:在 220 行:G01 X23.7675 Y-27.7083,"Z"和"C"碰撞.


******************** 刀路错误报告 ********************
错误221行,文件名:G682尝试后处理-888.NC.NC
X18.8374 Y-28.5417
错误:在 221 行:X18.8374 Y-28.5417,"Z"和"C"碰撞.


******************** 刀路错误报告 ********************
错误222行,文件名:G682尝试后处理-888.NC.NC
X20.0699 Y-35.8333
错误:在 222 行:X20.0699 Y-35.8333,"Z"和"C"碰撞.


******************** 刀路错误报告 ********************
错误223行,文件名:G682尝试后处理-888.NC.NC
G03 X25.Y-40. Z5. R5.
错误:在 223 行:G03 X25.Y-40. Z5. R5.,"Z"和"C"碰撞.


******************** 刀路错误报告 ********************
错误224行,文件名:G682尝试后处理-888.NC.NC
G03 X29.9301Y-35.8333 Z5. R5.
错误:在 224 行:G03 X29.9301Y-35.8333 Z5. R5.,"Z"和"C"碰撞.


******************** 刀路错误报告 ********************
错误225行,文件名:G682尝试后处理-888.NC.NC
G01 X32.3951 Y-21.25
错误:在 225 行:G01 X32.3951 Y-21.25,"Z"和"C"碰撞.


******************** 刀路错误报告 ********************
错误226行,文件名:G682尝试后处理-888.NC.NC
G03 X32.5Y-20. Z5. R7.5
错误:在 226 行:G03 X32.5Y-20. Z5. R7.5,"Z"和"C"碰撞.


******************** 刀路错误报告 ********************
错误227行,文件名:G682尝试后处理-888.NC.NC
G03 X25.Y-12.5 Z5. R7.5
错误:在 227 行:G03 X25.Y-12.5 Z5. R7.5,"Z"和"C"碰撞.


******************** 刀路错误报告 ********************
错误228行,文件名:G682尝试后处理-888.NC.NC
G03 X17.5Y-20. Z5. R7.5
错误:在 228 行:G03 X17.5Y-20. Z5. R7.5,"Z"和"C"碰撞.


******************** 刀路错误报告 ********************
错误229行,文件名:G682尝试后处理-888.NC.NC
G03 X17.6049Y-21.25 Z5. R7.5
错误:在 229 行:G03 X17.6049Y-21.25 Z5. R7.5,"Z"和"C"碰撞.


******************** 刀路错误报告 ********************
错误230行,文件名:G682尝试后处理-888.NC.NC
G01 X18.8374 Y-28.5417
错误:在 230 行:G01 X18.8374 Y-28.5417,"Z"和"C"碰撞.


******************** 刀路错误报告 ********************
错误231行,文件名:G682尝试后处理-888.NC.NC
X23.7675 Y-27.7083
错误:在 231 行:X23.7675 Y-27.7083,"Z"和"C"碰撞.


******************** 刀路错误报告 ********************
错误232行,文件名:G682尝试后处理-888.NC.NC
Z8.
错误:在 232 行:Z8.,"Z"和"C"碰撞.


******************** 刀路错误报告 ********************
错误233行,文件名:G682尝试后处理-888.NC.NC
G00 Z15.
错误:在 233 行:G00 Z15.,"Z"和"C"碰撞.


******************** 刀路警告报告 ********************
警告:在236行
M13
警告:M 13不支持


******************** 刀路错误报告 ********************
错误237行,文件名:G682尝试后处理-888.NC.NC
G91 G28 Z0.0
错误:在 237 行:G91 G28 Z0.0,"Z"和"C"碰撞.


******************** 刀路警告报告 ********************
警告:在244行
M12
警告:M 12不支持


******************** 刀路警告报告 ********************
警告:在789行
M13
警告:M 13不支持


******************** 刀路错误报告 ********************
错误794行,文件名:G682尝试后处理-888.NC.NC
G90 G00 G54 A-54.736 C315.000
错误:在 794 行:G90 G00 G54 A-54.736 C315.000,"Tool CUTTER"和"C"碰撞.


******************** 刀路错误报告 ********************
错误131行,文件名:O9010
G0G90A#5C#4(FOR_5AXIS) 
错误:在 131 行:G0G90A#5C#4(FOR_5AXIS) ,"Tool CUTTER"和"C"碰撞.


******************** 刀路警告报告 ********************
警告:在797行
M12
警告:M 12不支持


******************** 刀路警告报告 ********************
警告:在826行
M13
警告:M 13不支持


******************** 刀路警告报告 ********************
警告:在833行
M12
警告:M 12不支持


*** 结束数据处理数控程序文件C:\Users\Administrator\Desktop\G682尝试后处理-888.NC.NC
Wed Apr  1 22:15:12 2020

***************************************************************************************************************
刀路文件 : C:\Users\Administrator\Desktop\G682尝试后处理-888.NC.NC

                                  刀具摘要
                                 ==============

Seq.  记录        刀具描述  刀具高度  刀具夹长  时间      空刀时间  空刀时间 %
---------------------------------------------------------------------------------------------------------------
   1    15: T1 M06  1: D25 EM     200           150           0:01:47     0:01:20       75%           
===============================================================================================================
      总时间:                                              0:01:47     0:01:20       75%           

错误数: 59
警告数: 10
从最近的倒回总的循环时间: 0:01:52
从最近的倒回总空刀时间: 0:01:25 (76)%
***************************************************************************************************************


*** 处理数控程序文件C:\Users\Administrator\Desktop\G682尝试后处理-888.NC.NC
Wed Apr  1 22:15:40 2020



******************** 刀路警告报告 ********************
警告:在10行
M13
警告:M 13不支持


******************** 刀路警告报告 ********************
警告:在21行
M12
警告:M 12不支持


*** 处理数控程序文件C:\Users\Administrator\Desktop\G682尝试后处理-888.NC.NC
Wed Apr  1 22:17:54 2020



******************** 刀路警告报告 ********************
警告:在10行
M13
警告:M 13不支持


******************** 刀路警告报告 ********************
警告:在21行
M12
警告:M 12不支持


******************** 刀路警告报告 ********************
警告:在171行
M13
警告:M 13不支持


******************** 刀路错误报告 ********************
错误176行,文件名:G682尝试后处理-888.NC.NC
G90 G00 G54 A-90.000 C90.000
错误:在 176 行:G90 G00 G54 A-90.000 C90.000,"Tool CUTTER"和"C"碰撞.


******************** 刀路错误报告 ********************
错误131行,文件名:O9010
G0G90A#5C#4(FOR_5AXIS) 
错误:在 131 行:G0G90A#5C#4(FOR_5AXIS) ,"Tool CUTTER"和"C"碰撞.


******************** 刀路警告报告 ********************
警告:在179行
M12
警告:M 12不支持


******************** 刀路错误报告 ********************
错误181行,文件名:G682尝试后处理-888.NC.NC
G00 G43 Z15. H01
错误:在 181 行:G00 G43 Z15. H01,"Z"和"C"碰撞.


******************** 刀路错误报告 ********************
错误181行,文件名:G682尝试后处理-888.NC.NC
G00 G43 Z15. H01
错误:在 181 行:G00 G43 Z15. H01,组件"Tool"上的刀具"1"快速进给去除材料,去除体积390.3442
当前刀具1: D25 EM, Line# 15, 记录: T1 M06


******************** 刀路错误报告 ********************
错误183行,文件名:G682尝试后处理-888.NC.NC
Z7.
错误:在 183 行:Z7.,"Z"和"C"碰撞.


******************** 刀路错误报告 ********************
错误183行,文件名:G682尝试后处理-888.NC.NC
Z7.
错误:在 183 行:Z7.,组件"Tool"上的刀具"1"快速进给去除材料,去除体积641.8923
当前刀具1: D25 EM, Line# 15, 记录: T1 M06


******************** 刀路错误报告 ********************
错误184行,文件名:G682尝试后处理-888.NC.NC
G01 X30.8822 Y-28.4687 Z6.9333 F5000.
错误:在 184 行:G01 X30.8822 Y-28.4687 Z6.9333 F5000.,"Z"和"C"碰撞.


******************** 刀路错误报告 ********************
错误185行,文件名:G682尝试后处理-888.NC.NC
X31.1435 Y-27.2196 Z6.8667
错误:在 185 行:X31.1435 Y-27.2196 Z6.8667,"Z"和"C"碰撞.


******************** 刀路错误报告 ********************
错误186行,文件名:G682尝试后处理-888.NC.NC
X30.9685 Y-25.9556 Z6.8
错误:在 186 行:X30.9685 Y-25.9556 Z6.8,"Z"和"C"碰撞.


******************** 刀路错误报告 ********************
错误187行,文件名:G682尝试后处理-888.NC.NC
X30.3777 Y-24.8246 Z6.7333
错误:在 187 行:X30.3777 Y-24.8246 Z6.7333,"Z"和"C"碰撞.


******************** 刀路错误报告 ********************
错误188行,文件名:G682尝试后处理-888.NC.NC
X29.4402 Y-23.9588 Z6.6667
错误:在 188 行:X29.4402 Y-23.9588 Z6.6667,"Z"和"C"碰撞.


******************** 刀路错误报告 ********************
错误189行,文件名:G682尝试后处理-888.NC.NC
X28.2657 Y-23.4598 Z6.6
错误:在 189 行:X28.2657 Y-23.4598 Z6.6,"Z"和"C"碰撞.


******************** 刀路错误报告 ********************
错误190行,文件名:G682尝试后处理-888.NC.NC
X26.9918 Y-23.3858 Z6.5333
错误:在 190 行:X26.9918 Y-23.3858 Z6.5333,"Z"和"C"碰撞.


******************** 刀路错误报告 ********************
错误191行,文件名:G682尝试后处理-888.NC.NC
X25.7674 Y-23.7456 Z6.4667
错误:在 191 行:X25.7674 Y-23.7456 Z6.4667,"Z"和"C"碰撞.


******************** 刀路错误报告 ********************
错误192行,文件名:G682尝试后处理-888.NC.NC
X24.736 Y-24.497 Z6.4
错误:在 192 行:X24.736 Y-24.497 Z6.4,"Z"和"C"碰撞.


******************** 刀路错误报告 ********************
错误193行,文件名:G682尝试后处理-888.NC.NC
X24.0183 Y-25.5521 Z6.3333
错误:在 193 行:X24.0183 Y-25.5521 Z6.3333,"Z"和"C"碰撞.


******************** 刀路错误报告 ********************
错误194行,文件名:G682尝试后处理-888.NC.NC
X23.6982 Y-26.7874 Z6.2667
错误:在 194 行:X23.6982 Y-26.7874 Z6.2667,"Z"和"C"碰撞.


******************** 刀路错误报告 ********************
错误195行,文件名:G682尝试后处理-888.NC.NC
X23.8132 Y-28.0583 Z6.2
错误:在 195 行:X23.8132 Y-28.0583 Z6.2,"Z"和"C"碰撞.


******************** 刀路错误报告 ********************
错误196行,文件名:G682尝试后处理-888.NC.NC
X24.3498 Y-29.2161 Z6.1333
错误:在 196 行:X24.3498 Y-29.2161 Z6.1333,"Z"和"C"碰撞.


******************** 刀路错误报告 ********************
错误197行,文件名:G682尝试后处理-888.NC.NC
X25.2453 Y-30.1252 Z6.0667
错误:在 197 行:X25.2453 Y-30.1252 Z6.0667,"Z"和"C"碰撞.


******************** 刀路错误报告 ********************
错误198行,文件名:G682尝试后处理-888.NC.NC
X26.3948 Y-30.6792 Z6.
错误:在 198 行:X26.3948 Y-30.6792 Z6.,"Z"和"C"碰撞.


******************** 刀路错误报告 ********************
错误199行,文件名:G682尝试后处理-888.NC.NC
X27.6638 Y-30.8134 Z5.9333
错误:在 199 行:X27.6638 Y-30.8134 Z5.9333,"Z"和"C"碰撞.


******************** 刀路错误报告 ********************
错误200行,文件名:G682尝试后处理-888.NC.NC
X28.9038 Y-30.512 Z5.8667
错误:在 200 行:X28.9038 Y-30.512 Z5.8667,"Z"和"C"碰撞.


******************** 刀路错误报告 ********************
错误201行,文件名:G682尝试后处理-888.NC.NC
X29.9696 Y-29.8102 Z5.8
错误:在 201 行:X29.9696 Y-29.8102 Z5.8,"Z"和"C"碰撞.


******************** 刀路错误报告 ********************
错误202行,文件名:G682尝试后处理-888.NC.NC
X30.7365 Y-28.7903 Z5.7333
错误:在 202 行:X30.7365 Y-28.7903 Z5.7333,"Z"和"C"碰撞.


******************** 刀路错误报告 ********************
错误203行,文件名:G682尝试后处理-888.NC.NC
X31.1147 Y-27.5715 Z5.6667
错误:在 203 行:X31.1147 Y-27.5715 Z5.6667,"Z"和"C"碰撞.


******************** 刀路错误报告 ********************
错误204行,文件名:G682尝试后处理-888.NC.NC
X31.06 Y-26.2966 Z5.6
错误:在 204 行:X31.06 Y-26.2966 Z5.6,"Z"和"C"碰撞.


******************** 刀路错误报告 ********************
错误205行,文件名:G682尝试后处理-888.NC.NC
X30.5788 Y-25.1148 Z5.5333
错误:在 205 行:X30.5788 Y-25.1148 Z5.5333,"Z"和"C"碰撞.


******************** 刀路错误报告 ********************
错误206行,文件名:G682尝试后处理-888.NC.NC
X29.7273 Y-24.1643 Z5.4667
错误:在 206 行:X29.7273 Y-24.1643 Z5.4667,"Z"和"C"碰撞.


******************** 刀路错误报告 ********************
错误207行,文件名:G682尝试后处理-888.NC.NC
X28.6053 Y-23.5564 Z5.4
错误:在 207 行:X28.6053 Y-23.5564 Z5.4,"Z"和"C"碰撞.


******************** 刀路错误报告 ********************
错误208行,文件名:G682尝试后处理-888.NC.NC
X27.3441 Y-23.3624 Z5.3333
错误:在 208 行:X27.3441 Y-23.3624 Z5.3333,"Z"和"C"碰撞.


******************** 刀路错误报告 ********************
错误209行,文件名:G682尝试后处理-888.NC.NC
X26.0912 Y-23.6048 Z5.2667
错误:在 209 行:X26.0912 Y-23.6048 Z5.2667,"Z"和"C"碰撞.


******************** 刀路错误报告 ********************
错误210行,文件名:G682尝试后处理-888.NC.NC
X24.9934 Y-24.2553 Z5.2
错误:在 210 行:X24.9934 Y-24.2553 Z5.2,"Z"和"C"碰撞.


******************** 刀路错误报告 ********************
错误211行,文件名:G682尝试后处理-888.NC.NC
X24.1791 Y-25.2378 Z5.1333
错误:在 211 行:X24.1791 Y-25.2378 Z5.1333,"Z"和"C"碰撞.


******************** 刀路错误报告 ********************
错误212行,文件名:G682尝试后处理-888.NC.NC
X23.7436 Y-26.4373 Z5.0667
错误:在 212 行:X23.7436 Y-26.4373 Z5.0667,"Z"和"C"碰撞.


******************** 刀路错误报告 ********************
错误213行,文件名:G682尝试后处理-888.NC.NC
X23.7675 Y-27.7083 Z5.
错误:在 213 行:X23.7675 Y-27.7083 Z5.,"Z"和"C"碰撞.


******************** 刀路错误报告 ********************
错误214行,文件名:G682尝试后处理-888.NC.NC
X25. Y-35.
错误:在 214 行:X25. Y-35.,"Z"和"C"碰撞.


******************** 刀路错误报告 ********************
错误215行,文件名:G682尝试后处理-888.NC.NC
X27.465 Y-20.4167
错误:在 215 行:X27.465 Y-20.4167,"Z"和"C"碰撞.


******************** 刀路错误报告 ********************
错误216行,文件名:G682尝试后处理-888.NC.NC
G03 X27.5Y-20. Z5. R2.5
错误:在 216 行:G03 X27.5Y-20. Z5. R2.5,"Z"和"C"碰撞.


******************** 刀路错误报告 ********************
错误217行,文件名:G682尝试后处理-888.NC.NC
G03 X25.Y-17.5 Z5. R2.5
错误:在 217 行:G03 X25.Y-17.5 Z5. R2.5,"Z"和"C"碰撞.


******************** 刀路错误报告 ********************
错误218行,文件名:G682尝试后处理-888.NC.NC
G03 X22.5Y-20. Z5. R2.5
错误:在 218 行:G03 X22.5Y-20. Z5. R2.5,"Z"和"C"碰撞.


******************** 刀路错误报告 ********************
错误219行,文件名:G682尝试后处理-888.NC.NC
G03 X22.535Y-20.4167 Z5. R2.5
错误:在 219 行:G03 X22.535Y-20.4167 Z5. R2.5,"Z"和"C"碰撞.


******************** 刀路错误报告 ********************
错误220行,文件名:G682尝试后处理-888.NC.NC
G01 X23.7675 Y-27.7083
错误:在 220 行:G01 X23.7675 Y-27.7083,"Z"和"C"碰撞.


******************** 刀路错误报告 ********************
错误221行,文件名:G682尝试后处理-888.NC.NC
X18.8374 Y-28.5417
错误:在 221 行:X18.8374 Y-28.5417,"Z"和"C"碰撞.


******************** 刀路错误报告 ********************
错误222行,文件名:G682尝试后处理-888.NC.NC
X20.0699 Y-35.8333
错误:在 222 行:X20.0699 Y-35.8333,"Z"和"C"碰撞.


******************** 刀路错误报告 ********************
错误223行,文件名:G682尝试后处理-888.NC.NC
G03 X25.Y-40. Z5. R5.
错误:在 223 行:G03 X25.Y-40. Z5. R5.,"Z"和"C"碰撞.


******************** 刀路错误报告 ********************
错误224行,文件名:G682尝试后处理-888.NC.NC
G03 X29.9301Y-35.8333 Z5. R5.
错误:在 224 行:G03 X29.9301Y-35.8333 Z5. R5.,"Z"和"C"碰撞.


******************** 刀路错误报告 ********************
错误225行,文件名:G682尝试后处理-888.NC.NC
G01 X32.3951 Y-21.25
错误:在 225 行:G01 X32.3951 Y-21.25,"Z"和"C"碰撞.


******************** 刀路错误报告 ********************
错误226行,文件名:G682尝试后处理-888.NC.NC
G03 X32.5Y-20. Z5. R7.5
错误:在 226 行:G03 X32.5Y-20. Z5. R7.5,"Z"和"C"碰撞.


******************** 刀路错误报告 ********************
错误227行,文件名:G682尝试后处理-888.NC.NC
G03 X25.Y-12.5 Z5. R7.5
错误:在 227 行:G03 X25.Y-12.5 Z5. R7.5,"Z"和"C"碰撞.


******************** 刀路错误报告 ********************
错误228行,文件名:G682尝试后处理-888.NC.NC
G03 X17.5Y-20. Z5. R7.5
错误:在 228 行:G03 X17.5Y-20. Z5. R7.5,"Z"和"C"碰撞.


******************** 刀路错误报告 ********************
错误229行,文件名:G682尝试后处理-888.NC.NC
G03 X17.6049Y-21.25 Z5. R7.5
错误:在 229 行:G03 X17.6049Y-21.25 Z5. R7.5,"Z"和"C"碰撞.


******************** 刀路错误报告 ********************
错误230行,文件名:G682尝试后处理-888.NC.NC
G01 X18.8374 Y-28.5417
错误:在 230 行:G01 X18.8374 Y-28.5417,"Z"和"C"碰撞.


******************** 刀路错误报告 ********************
错误231行,文件名:G682尝试后处理-888.NC.NC
X23.7675 Y-27.7083
错误:在 231 行:X23.7675 Y-27.7083,"Z"和"C"碰撞.


******************** 刀路错误报告 ********************
错误232行,文件名:G682尝试后处理-888.NC.NC
Z8.
错误:在 232 行:Z8.,"Z"和"C"碰撞.


******************** 刀路错误报告 ********************
错误233行,文件名:G682尝试后处理-888.NC.NC
G00 Z15.
错误:在 233 行:G00 Z15.,"Z"和"C"碰撞.


******************** 刀路警告报告 ********************
警告:在236行
M13
警告:M 13不支持


******************** 刀路错误报告 ********************
错误237行,文件名:G682尝试后处理-888.NC.NC
G91 G28 Z0.0
错误:在 237 行:G91 G28 Z0.0,"Z"和"C"碰撞.


******************** 刀路警告报告 ********************
警告:在244行
M12
警告:M 12不支持


******************** 刀路警告报告 ********************
警告:在789行
M13
警告:M 13不支持


******************** 刀路错误报告 ********************
错误794行,文件名:G682尝试后处理-888.NC.NC
G90 G00 G54 A-54.736 C315.000
错误:在 794 行:G90 G00 G54 A-54.736 C315.000,"Tool CUTTER"和"C"碰撞.


******************** 刀路错误报告 ********************
错误131行,文件名:O9010
G0G90A#5C#4(FOR_5AXIS) 
错误:在 131 行:G0G90A#5C#4(FOR_5AXIS) ,"Tool CUTTER"和"C"碰撞.


******************** 刀路警告报告 ********************
警告:在797行
M12
警告:M 12不支持


******************** 刀路警告报告 ********************
警告:在826行
M13
警告:M 13不支持


******************** 刀路警告报告 ********************
警告:在833行
M12
警告:M 12不支持


*** 结束数据处理数控程序文件C:\Users\Administrator\Desktop\G682尝试后处理-888.NC.NC
Wed Apr  1 22:18:40 2020

***************************************************************************************************************
刀路文件 : C:\Users\Administrator\Desktop\G682尝试后处理-888.NC.NC

                                  刀具摘要
                                 ==============

Seq.  记录        刀具描述  刀具高度  刀具夹长  时间      空刀时间  空刀时间 %
---------------------------------------------------------------------------------------------------------------
   1    15: T1 M06  1: D25 EM     200           150           0:01:47     0:01:20       75%           
===============================================================================================================
      总时间:                                              0:01:47     0:01:20       75%           

错误数: 59
警告数: 10
从最近的倒回总的循环时间: 0:01:52
从最近的倒回总空刀时间: 0:01:25 (76)%
***************************************************************************************************************


*** 处理数控程序文件C:\Users\Administrator\Desktop\G682尝试后处理-888.NC.NC
Wed Apr  1 22:18:45 2020



*** 处理数控程序文件C:\Users\Administrator\Desktop\G682尝试后处理-888.NC.NC
Wed Apr  1 22:18:51 2020



*** 处理数控程序文件C:\Users\Administrator\Desktop\G682尝试后处理-888.NC.NC
Wed Apr  1 22:19:38 2020



*** 处理数控程序文件C:\Users\Administrator\Desktop\G682尝试后处理-888.NC.NC
Wed Apr  1 22:20:09 2020



*** 处理数控程序文件C:\Users\Administrator\Desktop\G682尝试后处理-888.NC.NC
Wed Apr  1 22:20:28 2020



*** 处理数控程序文件C:\Users\Administrator\Desktop\G682尝试后处理-888.NC.NC
Wed Apr  1 22:22:37 2020



*** 处理数控程序文件C:\Users\Administrator\Desktop\G682尝试后处理-888.NC.NC
Wed Apr  1 22:23:50 2020



*** 处理数控程序文件C:\Users\Administrator\Desktop\G682尝试后处理-888.NC.NC
Wed Apr  1 22:24:04 2020



******************** 刀路警告报告 ********************
警告:在10行
M13
警告:M 13不支持


******************** 刀路警告报告 ********************
警告:在21行
M12
警告:M 12不支持


******************** 刀路警告报告 ********************
警告:在171行
M13
警告:M 13不支持


******************** 刀路警告报告 ********************
警告:在179行
M12
警告:M 12不支持


******************** 刀路错误报告 ********************
错误181行,文件名:G682尝试后处理-888.NC.NC
G00 G43 Z15. H01
错误:在 181 行:G00 G43 Z15. H01,"Z"和"C"碰撞.


******************** 刀路错误报告 ********************
错误183行,文件名:G682尝试后处理-888.NC.NC
Z7.
错误:在 183 行:Z7.,"Z"和"C"碰撞.


******************** 刀路错误报告 ********************
错误184行,文件名:G682尝试后处理-888.NC.NC
G01 X30.8822 Y-28.4687 Z6.9333 F5000.
错误:在 184 行:G01 X30.8822 Y-28.4687 Z6.9333 F5000.,"Z"和"C"碰撞.


******************** 刀路错误报告 ********************
错误185行,文件名:G682尝试后处理-888.NC.NC
X31.1435 Y-27.2196 Z6.8667
错误:在 185 行:X31.1435 Y-27.2196 Z6.8667,"Z"和"C"碰撞.


******************** 刀路错误报告 ********************
错误186行,文件名:G682尝试后处理-888.NC.NC
X30.9685 Y-25.9556 Z6.8
错误:在 186 行:X30.9685 Y-25.9556 Z6.8,"Z"和"C"碰撞.


******************** 刀路错误报告 ********************
错误187行,文件名:G682尝试后处理-888.NC.NC
X30.3777 Y-24.8246 Z6.7333
错误:在 187 行:X30.3777 Y-24.8246 Z6.7333,"Z"和"C"碰撞.


******************** 刀路错误报告 ********************
错误188行,文件名:G682尝试后处理-888.NC.NC
X29.4402 Y-23.9588 Z6.6667
错误:在 188 行:X29.4402 Y-23.9588 Z6.6667,"Z"和"C"碰撞.


******************** 刀路错误报告 ********************
错误189行,文件名:G682尝试后处理-888.NC.NC
X28.2657 Y-23.4598 Z6.6
错误:在 189 行:X28.2657 Y-23.4598 Z6.6,"Z"和"C"碰撞.


******************** 刀路错误报告 ********************
错误190行,文件名:G682尝试后处理-888.NC.NC
X26.9918 Y-23.3858 Z6.5333
错误:在 190 行:X26.9918 Y-23.3858 Z6.5333,"Z"和"C"碰撞.


******************** 刀路错误报告 ********************
错误191行,文件名:G682尝试后处理-888.NC.NC
X25.7674 Y-23.7456 Z6.4667
错误:在 191 行:X25.7674 Y-23.7456 Z6.4667,"Z"和"C"碰撞.


******************** 刀路错误报告 ********************
错误192行,文件名:G682尝试后处理-888.NC.NC
X24.736 Y-24.497 Z6.4
错误:在 192 行:X24.736 Y-24.497 Z6.4,"Z"和"C"碰撞.


******************** 刀路错误报告 ********************
错误193行,文件名:G682尝试后处理-888.NC.NC
X24.0183 Y-25.5521 Z6.3333
错误:在 193 行:X24.0183 Y-25.5521 Z6.3333,"Z"和"C"碰撞.


******************** 刀路错误报告 ********************
错误194行,文件名:G682尝试后处理-888.NC.NC
X23.6982 Y-26.7874 Z6.2667
错误:在 194 行:X23.6982 Y-26.7874 Z6.2667,"Z"和"C"碰撞.


******************** 刀路错误报告 ********************
错误195行,文件名:G682尝试后处理-888.NC.NC
X23.8132 Y-28.0583 Z6.2
错误:在 195 行:X23.8132 Y-28.0583 Z6.2,"Z"和"C"碰撞.


******************** 刀路错误报告 ********************
错误196行,文件名:G682尝试后处理-888.NC.NC
X24.3498 Y-29.2161 Z6.1333
错误:在 196 行:X24.3498 Y-29.2161 Z6.1333,"Z"和"C"碰撞.


******************** 刀路错误报告 ********************
错误197行,文件名:G682尝试后处理-888.NC.NC
X25.2453 Y-30.1252 Z6.0667
错误:在 197 行:X25.2453 Y-30.1252 Z6.0667,"Z"和"C"碰撞.


******************** 刀路错误报告 ********************
错误198行,文件名:G682尝试后处理-888.NC.NC
X26.3948 Y-30.6792 Z6.
错误:在 198 行:X26.3948 Y-30.6792 Z6.,"Z"和"C"碰撞.


******************** 刀路错误报告 ********************
错误199行,文件名:G682尝试后处理-888.NC.NC
X27.6638 Y-30.8134 Z5.9333
错误:在 199 行:X27.6638 Y-30.8134 Z5.9333,"Z"和"C"碰撞.


******************** 刀路错误报告 ********************
错误200行,文件名:G682尝试后处理-888.NC.NC
X28.9038 Y-30.512 Z5.8667
错误:在 200 行:X28.9038 Y-30.512 Z5.8667,"Z"和"C"碰撞.


******************** 刀路错误报告 ********************
错误201行,文件名:G682尝试后处理-888.NC.NC
X29.9696 Y-29.8102 Z5.8
错误:在 201 行:X29.9696 Y-29.8102 Z5.8,"Z"和"C"碰撞.


******************** 刀路错误报告 ********************
错误202行,文件名:G682尝试后处理-888.NC.NC
X30.7365 Y-28.7903 Z5.7333
错误:在 202 行:X30.7365 Y-28.7903 Z5.7333,"Z"和"C"碰撞.


******************** 刀路错误报告 ********************
错误203行,文件名:G682尝试后处理-888.NC.NC
X31.1147 Y-27.5715 Z5.6667
错误:在 203 行:X31.1147 Y-27.5715 Z5.6667,"Z"和"C"碰撞.


******************** 刀路错误报告 ********************
错误204行,文件名:G682尝试后处理-888.NC.NC
X31.06 Y-26.2966 Z5.6
错误:在 204 行:X31.06 Y-26.2966 Z5.6,"Z"和"C"碰撞.


******************** 刀路错误报告 ********************
错误205行,文件名:G682尝试后处理-888.NC.NC
X30.5788 Y-25.1148 Z5.5333
错误:在 205 行:X30.5788 Y-25.1148 Z5.5333,"Z"和"C"碰撞.


******************** 刀路错误报告 ********************
错误206行,文件名:G682尝试后处理-888.NC.NC
X29.7273 Y-24.1643 Z5.4667
错误:在 206 行:X29.7273 Y-24.1643 Z5.4667,"Z"和"C"碰撞.


******************** 刀路错误报告 ********************
错误207行,文件名:G682尝试后处理-888.NC.NC
X28.6053 Y-23.5564 Z5.4
错误:在 207 行:X28.6053 Y-23.5564 Z5.4,"Z"和"C"碰撞.


******************** 刀路错误报告 ********************
错误208行,文件名:G682尝试后处理-888.NC.NC
X27.3441 Y-23.3624 Z5.3333
错误:在 208 行:X27.3441 Y-23.3624 Z5.3333,"Z"和"C"碰撞.


******************** 刀路错误报告 ********************
错误209行,文件名:G682尝试后处理-888.NC.NC
X26.0912 Y-23.6048 Z5.2667
错误:在 209 行:X26.0912 Y-23.6048 Z5.2667,"Z"和"C"碰撞.


******************** 刀路错误报告 ********************
错误210行,文件名:G682尝试后处理-888.NC.NC
X24.9934 Y-24.2553 Z5.2
错误:在 210 行:X24.9934 Y-24.2553 Z5.2,"Z"和"C"碰撞.


******************** 刀路错误报告 ********************
错误211行,文件名:G682尝试后处理-888.NC.NC
X24.1791 Y-25.2378 Z5.1333
错误:在 211 行:X24.1791 Y-25.2378 Z5.1333,"Z"和"C"碰撞.


******************** 刀路错误报告 ********************
错误212行,文件名:G682尝试后处理-888.NC.NC
X23.7436 Y-26.4373 Z5.0667
错误:在 212 行:X23.7436 Y-26.4373 Z5.0667,"Z"和"C"碰撞.


******************** 刀路错误报告 ********************
错误213行,文件名:G682尝试后处理-888.NC.NC
X23.7675 Y-27.7083 Z5.
错误:在 213 行:X23.7675 Y-27.7083 Z5.,"Z"和"C"碰撞.


******************** 刀路错误报告 ********************
错误214行,文件名:G682尝试后处理-888.NC.NC
X25. Y-35.
错误:在 214 行:X25. Y-35.,"Z"和"C"碰撞.


******************** 刀路错误报告 ********************
错误215行,文件名:G682尝试后处理-888.NC.NC
X27.465 Y-20.4167
错误:在 215 行:X27.465 Y-20.4167,"Z"和"C"碰撞.


******************** 刀路错误报告 ********************
错误216行,文件名:G682尝试后处理-888.NC.NC
G03 X27.5Y-20. Z5. R2.5
错误:在 216 行:G03 X27.5Y-20. Z5. R2.5,"Z"和"C"碰撞.


******************** 刀路错误报告 ********************
错误217行,文件名:G682尝试后处理-888.NC.NC
G03 X25.Y-17.5 Z5. R2.5
错误:在 217 行:G03 X25.Y-17.5 Z5. R2.5,"Z"和"C"碰撞.


******************** 刀路错误报告 ********************
错误218行,文件名:G682尝试后处理-888.NC.NC
G03 X22.5Y-20. Z5. R2.5
错误:在 218 行:G03 X22.5Y-20. Z5. R2.5,"Z"和"C"碰撞.


******************** 刀路错误报告 ********************
错误219行,文件名:G682尝试后处理-888.NC.NC
G03 X22.535Y-20.4167 Z5. R2.5
错误:在 219 行:G03 X22.535Y-20.4167 Z5. R2.5,"Z"和"C"碰撞.


******************** 刀路错误报告 ********************
错误220行,文件名:G682尝试后处理-888.NC.NC
G01 X23.7675 Y-27.7083
错误:在 220 行:G01 X23.7675 Y-27.7083,"Z"和"C"碰撞.


******************** 刀路错误报告 ********************
错误221行,文件名:G682尝试后处理-888.NC.NC
X18.8374 Y-28.5417
错误:在 221 行:X18.8374 Y-28.5417,"Z"和"C"碰撞.


******************** 刀路错误报告 ********************
错误222行,文件名:G682尝试后处理-888.NC.NC
X20.0699 Y-35.8333
错误:在 222 行:X20.0699 Y-35.8333,"Z"和"C"碰撞.


******************** 刀路错误报告 ********************
错误223行,文件名:G682尝试后处理-888.NC.NC
G03 X25.Y-40. Z5. R5.
错误:在 223 行:G03 X25.Y-40. Z5. R5.,"Z"和"C"碰撞.


******************** 刀路错误报告 ********************
错误224行,文件名:G682尝试后处理-888.NC.NC
G03 X29.9301Y-35.8333 Z5. R5.
错误:在 224 行:G03 X29.9301Y-35.8333 Z5. R5.,"Z"和"C"碰撞.


******************** 刀路错误报告 ********************
错误225行,文件名:G682尝试后处理-888.NC.NC
G01 X32.3951 Y-21.25
错误:在 225 行:G01 X32.3951 Y-21.25,"Z"和"C"碰撞.


******************** 刀路错误报告 ********************
错误226行,文件名:G682尝试后处理-888.NC.NC
G03 X32.5Y-20. Z5. R7.5
错误:在 226 行:G03 X32.5Y-20. Z5. R7.5,"Z"和"C"碰撞.


******************** 刀路错误报告 ********************
错误227行,文件名:G682尝试后处理-888.NC.NC
G03 X25.Y-12.5 Z5. R7.5
错误:在 227 行:G03 X25.Y-12.5 Z5. R7.5,"Z"和"C"碰撞.


******************** 刀路错误报告 ********************
错误228行,文件名:G682尝试后处理-888.NC.NC
G03 X17.5Y-20. Z5. R7.5
错误:在 228 行:G03 X17.5Y-20. Z5. R7.5,"Z"和"C"碰撞.


******************** 刀路错误报告 ********************
错误229行,文件名:G682尝试后处理-888.NC.NC
G03 X17.6049Y-21.25 Z5. R7.5
错误:在 229 行:G03 X17.6049Y-21.25 Z5. R7.5,"Z"和"C"碰撞.


******************** 刀路错误报告 ********************
错误230行,文件名:G682尝试后处理-888.NC.NC
G01 X18.8374 Y-28.5417
错误:在 230 行:G01 X18.8374 Y-28.5417,"Z"和"C"碰撞.


******************** 刀路错误报告 ********************
错误231行,文件名:G682尝试后处理-888.NC.NC
X23.7675 Y-27.7083
错误:在 231 行:X23.7675 Y-27.7083,"Z"和"C"碰撞.


******************** 刀路错误报告 ********************
错误232行,文件名:G682尝试后处理-888.NC.NC
Z8.
错误:在 232 行:Z8.,"Z"和"C"碰撞.


******************** 刀路错误报告 ********************
错误233行,文件名:G682尝试后处理-888.NC.NC
G00 Z15.
错误:在 233 行:G00 Z15.,"Z"和"C"碰撞.


******************** 刀路警告报告 ********************
警告:在236行
M13
警告:M 13不支持


******************** 刀路错误报告 ********************
错误237行,文件名:G682尝试后处理-888.NC.NC
G91 G28 Z0.0
错误:在 237 行:G91 G28 Z0.0,"Z"和"C"碰撞.


******************** 刀路警告报告 ********************
警告:在244行
M12
警告:M 12不支持


******************** 刀路警告报告 ********************
警告:在789行
M13
警告:M 13不支持


******************** 刀路警告报告 ********************
警告:在797行
M12
警告:M 12不支持


******************** 刀路警告报告 ********************
警告:在826行
M13
警告:M 13不支持


******************** 刀路警告报告 ********************
警告:在833行
M12
警告:M 12不支持


*** 结束数据处理数控程序文件C:\Users\Administrator\Desktop\G682尝试后处理-888.NC.NC
Wed Apr  1 22:24:44 2020

***************************************************************************************************************
刀路文件 : C:\Users\Administrator\Desktop\G682尝试后处理-888.NC.NC

                                  刀具摘要
                                 ==============

Seq.  记录        刀具描述  刀具高度  刀具夹长  时间      空刀时间  空刀时间 %
---------------------------------------------------------------------------------------------------------------
   1    15: T1 M06  1: D25 EM     200           150           0:01:37     0:01:01       63%           
===============================================================================================================
      总时间:                                              0:01:37     0:01:01       63%           

错误数: 53
警告数: 10
从最近的倒回总的循环时间: 0:01:42
从最近的倒回总空刀时间: 0:01:06 (65)%
***************************************************************************************************************


*** 处理数控程序文件C:\Users\Administrator\Desktop\G682尝试后处理-888.NC.NC
Wed Apr  1 22:24:58 2020



*** 处理数控程序文件C:\Users\Administrator\Desktop\G682尝试后处理-888.NC.NC
Wed Apr  1 22:25:03 2020



******************** 刀路警告报告 ********************
警告:在10行
M13
警告:M 13不支持


******************** 刀路警告报告 ********************
警告:在21行
M12
警告:M 12不支持


******************** 刀路警告报告 ********************
警告:在171行
M13
警告:M 13不支持


******************** 刀路警告报告 ********************
警告:在179行
M12
警告:M 12不支持


******************** 刀路错误报告 ********************
错误181行,文件名:G682尝试后处理-888.NC.NC
G00 G43 Z15. H01
错误:在 181 行:G00 G43 Z15. H01,"Z"和"C"碰撞.


******************** 刀路错误报告 ********************
错误183行,文件名:G682尝试后处理-888.NC.NC
Z7.
错误:在 183 行:Z7.,"Z"和"C"碰撞.


******************** 刀路错误报告 ********************
错误184行,文件名:G682尝试后处理-888.NC.NC
G01 X30.8822 Y-28.4687 Z6.9333 F5000.
错误:在 184 行:G01 X30.8822 Y-28.4687 Z6.9333 F5000.,"Z"和"C"碰撞.


******************** 刀路错误报告 ********************
错误185行,文件名:G682尝试后处理-888.NC.NC
X31.1435 Y-27.2196 Z6.8667
错误:在 185 行:X31.1435 Y-27.2196 Z6.8667,"Z"和"C"碰撞.


******************** 刀路错误报告 ********************
错误186行,文件名:G682尝试后处理-888.NC.NC
X30.9685 Y-25.9556 Z6.8
错误:在 186 行:X30.9685 Y-25.9556 Z6.8,"Z"和"C"碰撞.


******************** 刀路错误报告 ********************
错误187行,文件名:G682尝试后处理-888.NC.NC
X30.3777 Y-24.8246 Z6.7333
错误:在 187 行:X30.3777 Y-24.8246 Z6.7333,"Z"和"C"碰撞.


******************** 刀路错误报告 ********************
错误188行,文件名:G682尝试后处理-888.NC.NC
X29.4402 Y-23.9588 Z6.6667
错误:在 188 行:X29.4402 Y-23.9588 Z6.6667,"Z"和"C"碰撞.


******************** 刀路错误报告 ********************
错误189行,文件名:G682尝试后处理-888.NC.NC
X28.2657 Y-23.4598 Z6.6
错误:在 189 行:X28.2657 Y-23.4598 Z6.6,"Z"和"C"碰撞.


******************** 刀路错误报告 ********************
错误190行,文件名:G682尝试后处理-888.NC.NC
X26.9918 Y-23.3858 Z6.5333
错误:在 190 行:X26.9918 Y-23.3858 Z6.5333,"Z"和"C"碰撞.


******************** 刀路错误报告 ********************
错误191行,文件名:G682尝试后处理-888.NC.NC
X25.7674 Y-23.7456 Z6.4667
错误:在 191 行:X25.7674 Y-23.7456 Z6.4667,"Z"和"C"碰撞.


******************** 刀路错误报告 ********************
错误192行,文件名:G682尝试后处理-888.NC.NC
X24.736 Y-24.497 Z6.4
错误:在 192 行:X24.736 Y-24.497 Z6.4,"Z"和"C"碰撞.


******************** 刀路错误报告 ********************
错误193行,文件名:G682尝试后处理-888.NC.NC
X24.0183 Y-25.5521 Z6.3333
错误:在 193 行:X24.0183 Y-25.5521 Z6.3333,"Z"和"C"碰撞.


******************** 刀路错误报告 ********************
错误194行,文件名:G682尝试后处理-888.NC.NC
X23.6982 Y-26.7874 Z6.2667
错误:在 194 行:X23.6982 Y-26.7874 Z6.2667,"Z"和"C"碰撞.


******************** 刀路错误报告 ********************
错误195行,文件名:G682尝试后处理-888.NC.NC
X23.8132 Y-28.0583 Z6.2
错误:在 195 行:X23.8132 Y-28.0583 Z6.2,"Z"和"C"碰撞.


******************** 刀路错误报告 ********************
错误196行,文件名:G682尝试后处理-888.NC.NC
X24.3498 Y-29.2161 Z6.1333
错误:在 196 行:X24.3498 Y-29.2161 Z6.1333,"Z"和"C"碰撞.


******************** 刀路错误报告 ********************
错误197行,文件名:G682尝试后处理-888.NC.NC
X25.2453 Y-30.1252 Z6.0667
错误:在 197 行:X25.2453 Y-30.1252 Z6.0667,"Z"和"C"碰撞.


******************** 刀路错误报告 ********************
错误198行,文件名:G682尝试后处理-888.NC.NC
X26.3948 Y-30.6792 Z6.
错误:在 198 行:X26.3948 Y-30.6792 Z6.,"Z"和"C"碰撞.


******************** 刀路错误报告 ********************
错误199行,文件名:G682尝试后处理-888.NC.NC
X27.6638 Y-30.8134 Z5.9333
错误:在 199 行:X27.6638 Y-30.8134 Z5.9333,"Z"和"C"碰撞.


******************** 刀路错误报告 ********************
错误200行,文件名:G682尝试后处理-888.NC.NC
X28.9038 Y-30.512 Z5.8667
错误:在 200 行:X28.9038 Y-30.512 Z5.8667,"Z"和"C"碰撞.


******************** 刀路错误报告 ********************
错误201行,文件名:G682尝试后处理-888.NC.NC
X29.9696 Y-29.8102 Z5.8
错误:在 201 行:X29.9696 Y-29.8102 Z5.8,"Z"和"C"碰撞.


******************** 刀路错误报告 ********************
错误202行,文件名:G682尝试后处理-888.NC.NC
X30.7365 Y-28.7903 Z5.7333
错误:在 202 行:X30.7365 Y-28.7903 Z5.7333,"Z"和"C"碰撞.


******************** 刀路错误报告 ********************
错误203行,文件名:G682尝试后处理-888.NC.NC
X31.1147 Y-27.5715 Z5.6667
错误:在 203 行:X31.1147 Y-27.5715 Z5.6667,"Z"和"C"碰撞.


******************** 刀路错误报告 ********************
错误204行,文件名:G682尝试后处理-888.NC.NC
X31.06 Y-26.2966 Z5.6
错误:在 204 行:X31.06 Y-26.2966 Z5.6,"Z"和"C"碰撞.


******************** 刀路错误报告 ********************
错误205行,文件名:G682尝试后处理-888.NC.NC
X30.5788 Y-25.1148 Z5.5333
错误:在 205 行:X30.5788 Y-25.1148 Z5.5333,"Z"和"C"碰撞.


******************** 刀路错误报告 ********************
错误206行,文件名:G682尝试后处理-888.NC.NC
X29.7273 Y-24.1643 Z5.4667
错误:在 206 行:X29.7273 Y-24.1643 Z5.4667,"Z"和"C"碰撞.


******************** 刀路错误报告 ********************
错误207行,文件名:G682尝试后处理-888.NC.NC
X28.6053 Y-23.5564 Z5.4
错误:在 207 行:X28.6053 Y-23.5564 Z5.4,"Z"和"C"碰撞.


******************** 刀路错误报告 ********************
错误208行,文件名:G682尝试后处理-888.NC.NC
X27.3441 Y-23.3624 Z5.3333
错误:在 208 行:X27.3441 Y-23.3624 Z5.3333,"Z"和"C"碰撞.


******************** 刀路错误报告 ********************
错误209行,文件名:G682尝试后处理-888.NC.NC
X26.0912 Y-23.6048 Z5.2667
错误:在 209 行:X26.0912 Y-23.6048 Z5.2667,"Z"和"C"碰撞.


******************** 刀路错误报告 ********************
错误210行,文件名:G682尝试后处理-888.NC.NC
X24.9934 Y-24.2553 Z5.2
错误:在 210 行:X24.9934 Y-24.2553 Z5.2,"Z"和"C"碰撞.


******************** 刀路错误报告 ********************
错误211行,文件名:G682尝试后处理-888.NC.NC
X24.1791 Y-25.2378 Z5.1333
错误:在 211 行:X24.1791 Y-25.2378 Z5.1333,"Z"和"C"碰撞.


******************** 刀路错误报告 ********************
错误212行,文件名:G682尝试后处理-888.NC.NC
X23.7436 Y-26.4373 Z5.0667
错误:在 212 行:X23.7436 Y-26.4373 Z5.0667,"Z"和"C"碰撞.


******************** 刀路错误报告 ********************
错误213行,文件名:G682尝试后处理-888.NC.NC
X23.7675 Y-27.7083 Z5.
错误:在 213 行:X23.7675 Y-27.7083 Z5.,"Z"和"C"碰撞.


******************** 刀路错误报告 ********************
错误214行,文件名:G682尝试后处理-888.NC.NC
X25. Y-35.
错误:在 214 行:X25. Y-35.,"Z"和"C"碰撞.


******************** 刀路错误报告 ********************
错误215行,文件名:G682尝试后处理-888.NC.NC
X27.465 Y-20.4167
错误:在 215 行:X27.465 Y-20.4167,"Z"和"C"碰撞.


******************** 刀路错误报告 ********************
错误216行,文件名:G682尝试后处理-888.NC.NC
G03 X27.5Y-20. Z5. R2.5
错误:在 216 行:G03 X27.5Y-20. Z5. R2.5,"Z"和"C"碰撞.


******************** 刀路错误报告 ********************
错误217行,文件名:G682尝试后处理-888.NC.NC
G03 X25.Y-17.5 Z5. R2.5
错误:在 217 行:G03 X25.Y-17.5 Z5. R2.5,"Z"和"C"碰撞.


******************** 刀路错误报告 ********************
错误218行,文件名:G682尝试后处理-888.NC.NC
G03 X22.5Y-20. Z5. R2.5
错误:在 218 行:G03 X22.5Y-20. Z5. R2.5,"Z"和"C"碰撞.


******************** 刀路错误报告 ********************
错误219行,文件名:G682尝试后处理-888.NC.NC
G03 X22.535Y-20.4167 Z5. R2.5
错误:在 219 行:G03 X22.535Y-20.4167 Z5. R2.5,"Z"和"C"碰撞.


******************** 刀路错误报告 ********************
错误220行,文件名:G682尝试后处理-888.NC.NC
G01 X23.7675 Y-27.7083
错误:在 220 行:G01 X23.7675 Y-27.7083,"Z"和"C"碰撞.


******************** 刀路错误报告 ********************
错误221行,文件名:G682尝试后处理-888.NC.NC
X18.8374 Y-28.5417
错误:在 221 行:X18.8374 Y-28.5417,"Z"和"C"碰撞.


******************** 刀路错误报告 ********************
错误222行,文件名:G682尝试后处理-888.NC.NC
X20.0699 Y-35.8333
错误:在 222 行:X20.0699 Y-35.8333,"Z"和"C"碰撞.


******************** 刀路错误报告 ********************
错误223行,文件名:G682尝试后处理-888.NC.NC
G03 X25.Y-40. Z5. R5.
错误:在 223 行:G03 X25.Y-40. Z5. R5.,"Z"和"C"碰撞.


******************** 刀路错误报告 ********************
错误224行,文件名:G682尝试后处理-888.NC.NC
G03 X29.9301Y-35.8333 Z5. R5.
错误:在 224 行:G03 X29.9301Y-35.8333 Z5. R5.,"Z"和"C"碰撞.


******************** 刀路错误报告 ********************
错误225行,文件名:G682尝试后处理-888.NC.NC
G01 X32.3951 Y-21.25
错误:在 225 行:G01 X32.3951 Y-21.25,"Z"和"C"碰撞.


******************** 刀路错误报告 ********************
错误226行,文件名:G682尝试后处理-888.NC.NC
G03 X32.5Y-20. Z5. R7.5
错误:在 226 行:G03 X32.5Y-20. Z5. R7.5,"Z"和"C"碰撞.


******************** 刀路错误报告 ********************
错误227行,文件名:G682尝试后处理-888.NC.NC
G03 X25.Y-12.5 Z5. R7.5
错误:在 227 行:G03 X25.Y-12.5 Z5. R7.5,"Z"和"C"碰撞.


******************** 刀路错误报告 ********************
错误228行,文件名:G682尝试后处理-888.NC.NC
G03 X17.5Y-20. Z5. R7.5
错误:在 228 行:G03 X17.5Y-20. Z5. R7.5,"Z"和"C"碰撞.


******************** 刀路错误报告 ********************
错误229行,文件名:G682尝试后处理-888.NC.NC
G03 X17.6049Y-21.25 Z5. R7.5
错误:在 229 行:G03 X17.6049Y-21.25 Z5. R7.5,"Z"和"C"碰撞.


******************** 刀路错误报告 ********************
错误230行,文件名:G682尝试后处理-888.NC.NC
G01 X18.8374 Y-28.5417
错误:在 230 行:G01 X18.8374 Y-28.5417,"Z"和"C"碰撞.


******************** 刀路错误报告 ********************
错误231行,文件名:G682尝试后处理-888.NC.NC
X23.7675 Y-27.7083
错误:在 231 行:X23.7675 Y-27.7083,"Z"和"C"碰撞.


******************** 刀路错误报告 ********************
错误232行,文件名:G682尝试后处理-888.NC.NC
Z8.
错误:在 232 行:Z8.,"Z"和"C"碰撞.


******************** 刀路错误报告 ********************
错误233行,文件名:G682尝试后处理-888.NC.NC
G00 Z15.
错误:在 233 行:G00 Z15.,"Z"和"C"碰撞.


******************** 刀路警告报告 ********************
警告:在236行
M13
警告:M 13不支持


******************** 刀路错误报告 ********************
错误237行,文件名:G682尝试后处理-888.NC.NC
G91 G28 Z0.0
错误:在 237 行:G91 G28 Z0.0,"Z"和"C"碰撞.


******************** 刀路警告报告 ********************
警告:在244行
M12
警告:M 12不支持


******************** 刀路警告报告 ********************
警告:在789行
M13
警告:M 13不支持


******************** 刀路警告报告 ********************
警告:在797行
M12
警告:M 12不支持


******************** 刀路警告报告 ********************
警告:在826行
M13
警告:M 13不支持


******************** 刀路警告报告 ********************
警告:在833行
M12
警告:M 12不支持


*** 结束数据处理数控程序文件C:\Users\Administrator\Desktop\G682尝试后处理-888.NC.NC
Wed Apr  1 22:25:42 2020

***************************************************************************************************************
刀路文件 : C:\Users\Administrator\Desktop\G682尝试后处理-888.NC.NC

                                  刀具摘要
                                 ==============

Seq.  记录        刀具描述  刀具高度  刀具夹长  时间      空刀时间  空刀时间 %
---------------------------------------------------------------------------------------------------------------
   1    15: T1 M06  1: D25 EM     200           150           0:01:36     0:01:05       68%           
===============================================================================================================
      总时间:                                              0:01:36     0:01:05       68%           

错误数: 53
警告数: 10
从最近的倒回总的循环时间: 0:01:40
从最近的倒回总空刀时间: 0:01:10 (70)%
***************************************************************************************************************


*** 处理数控程序文件C:\Users\Administrator\Desktop\G682尝试后处理-888.NC.NC
Wed Apr  1 22:25:56 2020



*** 处理数控程序文件C:\Users\Administrator\Desktop\G682尝试后处理-888.NC.NC
Wed Apr  1 22:26:02 2020



******************** 刀路警告报告 ********************
警告:在10行
M13
警告:M 13不支持


******************** 刀路警告报告 ********************
警告:在21行
M12
警告:M 12不支持


******************** 刀路警告报告 ********************
警告:在171行
M13
警告:M 13不支持


******************** 刀路警告报告 ********************
警告:在179行
M12
警告:M 12不支持


*** 处理数控程序文件C:\Users\Administrator\Desktop\G682尝试后处理-888.NC.NC
Wed Apr  1 22:28:11 2020



*** 处理数控程序文件C:\Users\Administrator\Desktop\G682尝试后处理-888.NC.NC
Wed Apr  1 22:32:25 2020



*** 处理数控程序文件C:\Users\Administrator\Desktop\G682尝试后处理-888.NC.NC
Wed Apr  1 22:37:33 2020



*** 处理数控程序文件C:\Users\Administrator\Desktop\G682尝试后处理-888.NC.NC
Wed Apr  1 22:38:22 2020



*** 处理数控程序文件C:\Users\Administrator\Desktop\G682尝试后处理-888.NC.NC
Wed Apr  1 22:39:21 2020



*** 处理数控程序文件C:\Users\Administrator\Desktop\G682尝试后处理-888.NC.NC
Wed Apr  1 22:39:37 2020



*** 处理数控程序文件C:\Users\Administrator\Desktop\G682尝试后处理-888.NC.NC
Wed Apr  1 22:40:45 2020



*** 处理数控程序文件C:\Users\Administrator\Desktop\G682尝试后处理-888.NC.NC
Wed Apr  1 22:40:56 2020



******************** 刀路警告报告 ********************
警告:在10行
M13
警告:M 13不支持


******************** 刀路警告报告 ********************
警告:在21行
M12
警告:M 12不支持


******************** 刀路警告报告 ********************
警告:在171行
M13
警告:M 13不支持


******************** 刀路错误报告 ********************
错误176行,文件名:G682尝试后处理-888.NC.NC
G90 G00 G54 A-90.000 C90.000
错误:在 176 行:G90 G00 G54 A-90.000 C90.000,"Tool CUTTER"和"C"碰撞.


******************** 刀路错误报告 ********************
错误131行,文件名:O9010
G0G90A#5C[#4](FOR_5AXIS) 
错误:在 131 行:G0G90A#5C[#4](FOR_5AXIS) ,"Tool CUTTER"和"C"碰撞.


******************** 刀路警告报告 ********************
警告:在179行
M12
警告:M 12不支持


******************** 刀路错误报告 ********************
错误181行,文件名:G682尝试后处理-888.NC.NC
G00 G43 Z15. H01
错误:在 181 行:G00 G43 Z15. H01,"Z"和"C"碰撞.


******************** 刀路错误报告 ********************
错误181行,文件名:G682尝试后处理-888.NC.NC
G00 G43 Z15. H01
错误:在 181 行:G00 G43 Z15. H01,组件"Tool"上的刀具"1"快速进给去除材料,去除体积390.3442
当前刀具1: D25 EM, Line# 15, 记录: T1 M06


******************** 刀路错误报告 ********************
错误183行,文件名:G682尝试后处理-888.NC.NC
Z7.
错误:在 183 行:Z7.,"Z"和"C"碰撞.


******************** 刀路错误报告 ********************
错误183行,文件名:G682尝试后处理-888.NC.NC
Z7.
错误:在 183 行:Z7.,组件"Tool"上的刀具"1"快速进给去除材料,去除体积641.8923
当前刀具1: D25 EM, Line# 15, 记录: T1 M06


******************** 刀路错误报告 ********************
错误184行,文件名:G682尝试后处理-888.NC.NC
G01 X30.8822 Y-28.4687 Z6.9333 F5000.
错误:在 184 行:G01 X30.8822 Y-28.4687 Z6.9333 F5000.,"Z"和"C"碰撞.


******************** 刀路错误报告 ********************
错误185行,文件名:G682尝试后处理-888.NC.NC
X31.1435 Y-27.2196 Z6.8667
错误:在 185 行:X31.1435 Y-27.2196 Z6.8667,"Z"和"C"碰撞.


******************** 刀路错误报告 ********************
错误186行,文件名:G682尝试后处理-888.NC.NC
X30.9685 Y-25.9556 Z6.8
错误:在 186 行:X30.9685 Y-25.9556 Z6.8,"Z"和"C"碰撞.


******************** 刀路错误报告 ********************
错误187行,文件名:G682尝试后处理-888.NC.NC
X30.3777 Y-24.8246 Z6.7333
错误:在 187 行:X30.3777 Y-24.8246 Z6.7333,"Z"和"C"碰撞.


******************** 刀路错误报告 ********************
错误188行,文件名:G682尝试后处理-888.NC.NC
X29.4402 Y-23.9588 Z6.6667
错误:在 188 行:X29.4402 Y-23.9588 Z6.6667,"Z"和"C"碰撞.


******************** 刀路错误报告 ********************
错误189行,文件名:G682尝试后处理-888.NC.NC
X28.2657 Y-23.4598 Z6.6
错误:在 189 行:X28.2657 Y-23.4598 Z6.6,"Z"和"C"碰撞.


******************** 刀路错误报告 ********************
错误190行,文件名:G682尝试后处理-888.NC.NC
X26.9918 Y-23.3858 Z6.5333
错误:在 190 行:X26.9918 Y-23.3858 Z6.5333,"Z"和"C"碰撞.


******************** 刀路错误报告 ********************
错误191行,文件名:G682尝试后处理-888.NC.NC
X25.7674 Y-23.7456 Z6.4667
错误:在 191 行:X25.7674 Y-23.7456 Z6.4667,"Z"和"C"碰撞.


******************** 刀路错误报告 ********************
错误192行,文件名:G682尝试后处理-888.NC.NC
X24.736 Y-24.497 Z6.4
错误:在 192 行:X24.736 Y-24.497 Z6.4,"Z"和"C"碰撞.


******************** 刀路错误报告 ********************
错误193行,文件名:G682尝试后处理-888.NC.NC
X24.0183 Y-25.5521 Z6.3333
错误:在 193 行:X24.0183 Y-25.5521 Z6.3333,"Z"和"C"碰撞.


******************** 刀路错误报告 ********************
错误194行,文件名:G682尝试后处理-888.NC.NC
X23.6982 Y-26.7874 Z6.2667
错误:在 194 行:X23.6982 Y-26.7874 Z6.2667,"Z"和"C"碰撞.


******************** 刀路错误报告 ********************
错误195行,文件名:G682尝试后处理-888.NC.NC
X23.8132 Y-28.0583 Z6.2
错误:在 195 行:X23.8132 Y-28.0583 Z6.2,"Z"和"C"碰撞.


******************** 刀路错误报告 ********************
错误196行,文件名:G682尝试后处理-888.NC.NC
X24.3498 Y-29.2161 Z6.1333
错误:在 196 行:X24.3498 Y-29.2161 Z6.1333,"Z"和"C"碰撞.


******************** 刀路错误报告 ********************
错误197行,文件名:G682尝试后处理-888.NC.NC
X25.2453 Y-30.1252 Z6.0667
错误:在 197 行:X25.2453 Y-30.1252 Z6.0667,"Z"和"C"碰撞.


******************** 刀路错误报告 ********************
错误198行,文件名:G682尝试后处理-888.NC.NC
X26.3948 Y-30.6792 Z6.
错误:在 198 行:X26.3948 Y-30.6792 Z6.,"Z"和"C"碰撞.


******************** 刀路错误报告 ********************
错误199行,文件名:G682尝试后处理-888.NC.NC
X27.6638 Y-30.8134 Z5.9333
错误:在 199 行:X27.6638 Y-30.8134 Z5.9333,"Z"和"C"碰撞.


******************** 刀路错误报告 ********************
错误200行,文件名:G682尝试后处理-888.NC.NC
X28.9038 Y-30.512 Z5.8667
错误:在 200 行:X28.9038 Y-30.512 Z5.8667,"Z"和"C"碰撞.


******************** 刀路错误报告 ********************
错误201行,文件名:G682尝试后处理-888.NC.NC
X29.9696 Y-29.8102 Z5.8
错误:在 201 行:X29.9696 Y-29.8102 Z5.8,"Z"和"C"碰撞.


******************** 刀路错误报告 ********************
错误202行,文件名:G682尝试后处理-888.NC.NC
X30.7365 Y-28.7903 Z5.7333
错误:在 202 行:X30.7365 Y-28.7903 Z5.7333,"Z"和"C"碰撞.


******************** 刀路错误报告 ********************
错误203行,文件名:G682尝试后处理-888.NC.NC
X31.1147 Y-27.5715 Z5.6667
错误:在 203 行:X31.1147 Y-27.5715 Z5.6667,"Z"和"C"碰撞.


******************** 刀路错误报告 ********************
错误204行,文件名:G682尝试后处理-888.NC.NC
X31.06 Y-26.2966 Z5.6
错误:在 204 行:X31.06 Y-26.2966 Z5.6,"Z"和"C"碰撞.


******************** 刀路错误报告 ********************
错误205行,文件名:G682尝试后处理-888.NC.NC
X30.5788 Y-25.1148 Z5.5333
错误:在 205 行:X30.5788 Y-25.1148 Z5.5333,"Z"和"C"碰撞.


******************** 刀路错误报告 ********************
错误206行,文件名:G682尝试后处理-888.NC.NC
X29.7273 Y-24.1643 Z5.4667
错误:在 206 行:X29.7273 Y-24.1643 Z5.4667,"Z"和"C"碰撞.


******************** 刀路错误报告 ********************
错误207行,文件名:G682尝试后处理-888.NC.NC
X28.6053 Y-23.5564 Z5.4
错误:在 207 行:X28.6053 Y-23.5564 Z5.4,"Z"和"C"碰撞.


******************** 刀路错误报告 ********************
错误208行,文件名:G682尝试后处理-888.NC.NC
X27.3441 Y-23.3624 Z5.3333
错误:在 208 行:X27.3441 Y-23.3624 Z5.3333,"Z"和"C"碰撞.


******************** 刀路错误报告 ********************
错误209行,文件名:G682尝试后处理-888.NC.NC
X26.0912 Y-23.6048 Z5.2667
错误:在 209 行:X26.0912 Y-23.6048 Z5.2667,"Z"和"C"碰撞.


******************** 刀路错误报告 ********************
错误210行,文件名:G682尝试后处理-888.NC.NC
X24.9934 Y-24.2553 Z5.2
错误:在 210 行:X24.9934 Y-24.2553 Z5.2,"Z"和"C"碰撞.


******************** 刀路错误报告 ********************
错误211行,文件名:G682尝试后处理-888.NC.NC
X24.1791 Y-25.2378 Z5.1333
错误:在 211 行:X24.1791 Y-25.2378 Z5.1333,"Z"和"C"碰撞.


******************** 刀路错误报告 ********************
错误212行,文件名:G682尝试后处理-888.NC.NC
X23.7436 Y-26.4373 Z5.0667
错误:在 212 行:X23.7436 Y-26.4373 Z5.0667,"Z"和"C"碰撞.


******************** 刀路错误报告 ********************
错误213行,文件名:G682尝试后处理-888.NC.NC
X23.7675 Y-27.7083 Z5.
错误:在 213 行:X23.7675 Y-27.7083 Z5.,"Z"和"C"碰撞.


******************** 刀路错误报告 ********************
错误214行,文件名:G682尝试后处理-888.NC.NC
X25. Y-35.
错误:在 214 行:X25. Y-35.,"Z"和"C"碰撞.


******************** 刀路错误报告 ********************
错误215行,文件名:G682尝试后处理-888.NC.NC
X27.465 Y-20.4167
错误:在 215 行:X27.465 Y-20.4167,"Z"和"C"碰撞.


******************** 刀路错误报告 ********************
错误216行,文件名:G682尝试后处理-888.NC.NC
G03 X27.5Y-20. Z5. R2.5
错误:在 216 行:G03 X27.5Y-20. Z5. R2.5,"Z"和"C"碰撞.


******************** 刀路错误报告 ********************
错误217行,文件名:G682尝试后处理-888.NC.NC
G03 X25.Y-17.5 Z5. R2.5
错误:在 217 行:G03 X25.Y-17.5 Z5. R2.5,"Z"和"C"碰撞.


******************** 刀路错误报告 ********************
错误218行,文件名:G682尝试后处理-888.NC.NC
G03 X22.5Y-20. Z5. R2.5
错误:在 218 行:G03 X22.5Y-20. Z5. R2.5,"Z"和"C"碰撞.


******************** 刀路错误报告 ********************
错误219行,文件名:G682尝试后处理-888.NC.NC
G03 X22.535Y-20.4167 Z5. R2.5
错误:在 219 行:G03 X22.535Y-20.4167 Z5. R2.5,"Z"和"C"碰撞.


******************** 刀路错误报告 ********************
错误220行,文件名:G682尝试后处理-888.NC.NC
G01 X23.7675 Y-27.7083
错误:在 220 行:G01 X23.7675 Y-27.7083,"Z"和"C"碰撞.


******************** 刀路错误报告 ********************
错误221行,文件名:G682尝试后处理-888.NC.NC
X18.8374 Y-28.5417
错误:在 221 行:X18.8374 Y-28.5417,"Z"和"C"碰撞.


******************** 刀路错误报告 ********************
错误222行,文件名:G682尝试后处理-888.NC.NC
X20.0699 Y-35.8333
错误:在 222 行:X20.0699 Y-35.8333,"Z"和"C"碰撞.


******************** 刀路错误报告 ********************
错误223行,文件名:G682尝试后处理-888.NC.NC
G03 X25.Y-40. Z5. R5.
错误:在 223 行:G03 X25.Y-40. Z5. R5.,"Z"和"C"碰撞.


******************** 刀路错误报告 ********************
错误224行,文件名:G682尝试后处理-888.NC.NC
G03 X29.9301Y-35.8333 Z5. R5.
错误:在 224 行:G03 X29.9301Y-35.8333 Z5. R5.,"Z"和"C"碰撞.


******************** 刀路错误报告 ********************
错误225行,文件名:G682尝试后处理-888.NC.NC
G01 X32.3951 Y-21.25
错误:在 225 行:G01 X32.3951 Y-21.25,"Z"和"C"碰撞.


******************** 刀路错误报告 ********************
错误226行,文件名:G682尝试后处理-888.NC.NC
G03 X32.5Y-20. Z5. R7.5
错误:在 226 行:G03 X32.5Y-20. Z5. R7.5,"Z"和"C"碰撞.


******************** 刀路错误报告 ********************
错误227行,文件名:G682尝试后处理-888.NC.NC
G03 X25.Y-12.5 Z5. R7.5
错误:在 227 行:G03 X25.Y-12.5 Z5. R7.5,"Z"和"C"碰撞.


******************** 刀路错误报告 ********************
错误228行,文件名:G682尝试后处理-888.NC.NC
G03 X17.5Y-20. Z5. R7.5
错误:在 228 行:G03 X17.5Y-20. Z5. R7.5,"Z"和"C"碰撞.


******************** 刀路错误报告 ********************
错误229行,文件名:G682尝试后处理-888.NC.NC
G03 X17.6049Y-21.25 Z5. R7.5
错误:在 229 行:G03 X17.6049Y-21.25 Z5. R7.5,"Z"和"C"碰撞.


******************** 刀路错误报告 ********************
错误230行,文件名:G682尝试后处理-888.NC.NC
G01 X18.8374 Y-28.5417
错误:在 230 行:G01 X18.8374 Y-28.5417,"Z"和"C"碰撞.


******************** 刀路错误报告 ********************
错误231行,文件名:G682尝试后处理-888.NC.NC
X23.7675 Y-27.7083
错误:在 231 行:X23.7675 Y-27.7083,"Z"和"C"碰撞.


******************** 刀路错误报告 ********************
错误232行,文件名:G682尝试后处理-888.NC.NC
Z8.
错误:在 232 行:Z8.,"Z"和"C"碰撞.


******************** 刀路错误报告 ********************
错误233行,文件名:G682尝试后处理-888.NC.NC
G00 Z15.
错误:在 233 行:G00 Z15.,"Z"和"C"碰撞.


******************** 刀路警告报告 ********************
警告:在236行
M13
警告:M 13不支持


******************** 刀路错误报告 ********************
错误237行,文件名:G682尝试后处理-888.NC.NC
G91 G28 Z0.0
错误:在 237 行:G91 G28 Z0.0,"Z"和"C"碰撞.


******************** 刀路警告报告 ********************
警告:在244行
M12
警告:M 12不支持


******************** 刀路警告报告 ********************
警告:在789行
M13
警告:M 13不支持


******************** 刀路错误报告 ********************
错误794行,文件名:G682尝试后处理-888.NC.NC
G90 G00 G54 A-54.736 C315.000
错误:在 794 行:G90 G00 G54 A-54.736 C315.000,"Tool CUTTER"和"C"碰撞.


******************** 刀路错误报告 ********************
错误131行,文件名:O9010
G0G90A#5C[#4](FOR_5AXIS) 
错误:在 131 行:G0G90A#5C[#4](FOR_5AXIS) ,"Tool CUTTER"和"C"碰撞.


******************** 刀路警告报告 ********************
警告:在797行
M12
警告:M 12不支持


******************** 刀路警告报告 ********************
警告:在826行
M13
警告:M 13不支持


******************** 刀路警告报告 ********************
警告:在833行
M12
警告:M 12不支持


*** 结束数据处理数控程序文件C:\Users\Administrator\Desktop\G682尝试后处理-888.NC.NC
Wed Apr  1 22:41:42 2020

***************************************************************************************************************
刀路文件 : C:\Users\Administrator\Desktop\G682尝试后处理-888.NC.NC

                                  刀具摘要
                                 ==============

Seq.  记录        刀具描述  刀具高度  刀具夹长  时间      空刀时间  空刀时间 %
---------------------------------------------------------------------------------------------------------------
   1    15: T1 M06  1: D25 EM     200           150           0:01:47     0:01:20       75%           
===============================================================================================================
      总时间:                                              0:01:47     0:01:20       75%           

错误数: 59
警告数: 10
从最近的倒回总的循环时间: 0:01:52
从最近的倒回总空刀时间: 0:01:25 (76)%
***************************************************************************************************************


*** 处理数控程序文件C:\Users\Administrator\Desktop\G682尝试后处理-999.NC.NC
Wed Apr  1 22:43:33 2020



******************** 刀路警告报告 ********************
警告:在10行
M13
警告:M 13不支持


******************** 刀路警告报告 ********************
警告:在21行
M12
警告:M 12不支持


******************** 刀路警告报告 ********************
警告:在171行
M13
警告:M 13不支持


******************** 刀路错误报告 ********************
错误176行,文件名:G682尝试后处理-999.NC.NC
G90 G00 G54 A-90.000 C90.000
错误:在 176 行:G90 G00 G54 A-90.000 C90.000,"Tool CUTTER"和"C"碰撞.


******************** 刀路错误报告 ********************
错误131行,文件名:O9010
G0G90A#5C[#4](FOR_5AXIS) 
错误:在 131 行:G0G90A#5C[#4](FOR_5AXIS) ,"Tool CUTTER"和"C"碰撞.


******************** 刀路警告报告 ********************
警告:在179行
M12
警告:M 12不支持


******************** 刀路错误报告 ********************
错误181行,文件名:G682尝试后处理-999.NC.NC
G00 G43 Z15. H01
错误:在 181 行:G00 G43 Z15. H01,"Z"和"C"碰撞.


******************** 刀路错误报告 ********************
错误181行,文件名:G682尝试后处理-999.NC.NC
G00 G43 Z15. H01
错误:在 181 行:G00 G43 Z15. H01,组件"Tool"上的刀具"1"快速进给去除材料,去除体积390.3442
当前刀具1: D25 EM, Line# 15, 记录: T1 M06


******************** 刀路错误报告 ********************
错误183行,文件名:G682尝试后处理-999.NC.NC
Z7.
错误:在 183 行:Z7.,"Z"和"C"碰撞.


******************** 刀路错误报告 ********************
错误183行,文件名:G682尝试后处理-999.NC.NC
Z7.
错误:在 183 行:Z7.,组件"Tool"上的刀具"1"快速进给去除材料,去除体积641.8923
当前刀具1: D25 EM, Line# 15, 记录: T1 M06


******************** 刀路错误报告 ********************
错误184行,文件名:G682尝试后处理-999.NC.NC
G01 X30.8822 Y-28.4687 Z6.9333 F5000.
错误:在 184 行:G01 X30.8822 Y-28.4687 Z6.9333 F5000.,"Z"和"C"碰撞.


******************** 刀路错误报告 ********************
错误185行,文件名:G682尝试后处理-999.NC.NC
X31.1435 Y-27.2196 Z6.8667
错误:在 185 行:X31.1435 Y-27.2196 Z6.8667,"Z"和"C"碰撞.


******************** 刀路错误报告 ********************
错误186行,文件名:G682尝试后处理-999.NC.NC
X30.9685 Y-25.9556 Z6.8
错误:在 186 行:X30.9685 Y-25.9556 Z6.8,"Z"和"C"碰撞.


******************** 刀路错误报告 ********************
错误187行,文件名:G682尝试后处理-999.NC.NC
X30.3777 Y-24.8246 Z6.7333
错误:在 187 行:X30.3777 Y-24.8246 Z6.7333,"Z"和"C"碰撞.


******************** 刀路错误报告 ********************
错误188行,文件名:G682尝试后处理-999.NC.NC
X29.4402 Y-23.9588 Z6.6667
错误:在 188 行:X29.4402 Y-23.9588 Z6.6667,"Z"和"C"碰撞.


******************** 刀路错误报告 ********************
错误189行,文件名:G682尝试后处理-999.NC.NC
X28.2657 Y-23.4598 Z6.6
错误:在 189 行:X28.2657 Y-23.4598 Z6.6,"Z"和"C"碰撞.


******************** 刀路错误报告 ********************
错误190行,文件名:G682尝试后处理-999.NC.NC
X26.9918 Y-23.3858 Z6.5333
错误:在 190 行:X26.9918 Y-23.3858 Z6.5333,"Z"和"C"碰撞.


******************** 刀路错误报告 ********************
错误191行,文件名:G682尝试后处理-999.NC.NC
X25.7674 Y-23.7456 Z6.4667
错误:在 191 行:X25.7674 Y-23.7456 Z6.4667,"Z"和"C"碰撞.


******************** 刀路错误报告 ********************
错误192行,文件名:G682尝试后处理-999.NC.NC
X24.736 Y-24.497 Z6.4
错误:在 192 行:X24.736 Y-24.497 Z6.4,"Z"和"C"碰撞.


******************** 刀路错误报告 ********************
错误193行,文件名:G682尝试后处理-999.NC.NC
X24.0183 Y-25.5521 Z6.3333
错误:在 193 行:X24.0183 Y-25.5521 Z6.3333,"Z"和"C"碰撞.


******************** 刀路错误报告 ********************
错误194行,文件名:G682尝试后处理-999.NC.NC
X23.6982 Y-26.7874 Z6.2667
错误:在 194 行:X23.6982 Y-26.7874 Z6.2667,"Z"和"C"碰撞.


******************** 刀路错误报告 ********************
错误195行,文件名:G682尝试后处理-999.NC.NC
X23.8132 Y-28.0583 Z6.2
错误:在 195 行:X23.8132 Y-28.0583 Z6.2,"Z"和"C"碰撞.


******************** 刀路错误报告 ********************
错误196行,文件名:G682尝试后处理-999.NC.NC
X24.3498 Y-29.2161 Z6.1333
错误:在 196 行:X24.3498 Y-29.2161 Z6.1333,"Z"和"C"碰撞.


******************** 刀路错误报告 ********************
错误197行,文件名:G682尝试后处理-999.NC.NC
X25.2453 Y-30.1252 Z6.0667
错误:在 197 行:X25.2453 Y-30.1252 Z6.0667,"Z"和"C"碰撞.


******************** 刀路错误报告 ********************
错误198行,文件名:G682尝试后处理-999.NC.NC
X26.3948 Y-30.6792 Z6.
错误:在 198 行:X26.3948 Y-30.6792 Z6.,"Z"和"C"碰撞.


******************** 刀路错误报告 ********************
错误199行,文件名:G682尝试后处理-999.NC.NC
X27.6638 Y-30.8134 Z5.9333
错误:在 199 行:X27.6638 Y-30.8134 Z5.9333,"Z"和"C"碰撞.


******************** 刀路错误报告 ********************
错误200行,文件名:G682尝试后处理-999.NC.NC
X28.9038 Y-30.512 Z5.8667
错误:在 200 行:X28.9038 Y-30.512 Z5.8667,"Z"和"C"碰撞.


******************** 刀路错误报告 ********************
错误201行,文件名:G682尝试后处理-999.NC.NC
X29.9696 Y-29.8102 Z5.8
错误:在 201 行:X29.9696 Y-29.8102 Z5.8,"Z"和"C"碰撞.


******************** 刀路错误报告 ********************
错误202行,文件名:G682尝试后处理-999.NC.NC
X30.7365 Y-28.7903 Z5.7333
错误:在 202 行:X30.7365 Y-28.7903 Z5.7333,"Z"和"C"碰撞.


******************** 刀路错误报告 ********************
错误203行,文件名:G682尝试后处理-999.NC.NC
X31.1147 Y-27.5715 Z5.6667
错误:在 203 行:X31.1147 Y-27.5715 Z5.6667,"Z"和"C"碰撞.


******************** 刀路错误报告 ********************
错误204行,文件名:G682尝试后处理-999.NC.NC
X31.06 Y-26.2966 Z5.6
错误:在 204 行:X31.06 Y-26.2966 Z5.6,"Z"和"C"碰撞.


******************** 刀路错误报告 ********************
错误205行,文件名:G682尝试后处理-999.NC.NC
X30.5788 Y-25.1148 Z5.5333
错误:在 205 行:X30.5788 Y-25.1148 Z5.5333,"Z"和"C"碰撞.


******************** 刀路错误报告 ********************
错误206行,文件名:G682尝试后处理-999.NC.NC
X29.7273 Y-24.1643 Z5.4667
错误:在 206 行:X29.7273 Y-24.1643 Z5.4667,"Z"和"C"碰撞.


******************** 刀路错误报告 ********************
错误207行,文件名:G682尝试后处理-999.NC.NC
X28.6053 Y-23.5564 Z5.4
错误:在 207 行:X28.6053 Y-23.5564 Z5.4,"Z"和"C"碰撞.


******************** 刀路错误报告 ********************
错误208行,文件名:G682尝试后处理-999.NC.NC
X27.3441 Y-23.3624 Z5.3333
错误:在 208 行:X27.3441 Y-23.3624 Z5.3333,"Z"和"C"碰撞.


******************** 刀路错误报告 ********************
错误209行,文件名:G682尝试后处理-999.NC.NC
X26.0912 Y-23.6048 Z5.2667
错误:在 209 行:X26.0912 Y-23.6048 Z5.2667,"Z"和"C"碰撞.


******************** 刀路错误报告 ********************
错误210行,文件名:G682尝试后处理-999.NC.NC
X24.9934 Y-24.2553 Z5.2
错误:在 210 行:X24.9934 Y-24.2553 Z5.2,"Z"和"C"碰撞.


******************** 刀路错误报告 ********************
错误211行,文件名:G682尝试后处理-999.NC.NC
X24.1791 Y-25.2378 Z5.1333
错误:在 211 行:X24.1791 Y-25.2378 Z5.1333,"Z"和"C"碰撞.


******************** 刀路错误报告 ********************
错误212行,文件名:G682尝试后处理-999.NC.NC
X23.7436 Y-26.4373 Z5.0667
错误:在 212 行:X23.7436 Y-26.4373 Z5.0667,"Z"和"C"碰撞.


******************** 刀路错误报告 ********************
错误213行,文件名:G682尝试后处理-999.NC.NC
X23.7675 Y-27.7083 Z5.
错误:在 213 行:X23.7675 Y-27.7083 Z5.,"Z"和"C"碰撞.


******************** 刀路错误报告 ********************
错误214行,文件名:G682尝试后处理-999.NC.NC
X25. Y-35.
错误:在 214 行:X25. Y-35.,"Z"和"C"碰撞.


******************** 刀路错误报告 ********************
错误215行,文件名:G682尝试后处理-999.NC.NC
X27.465 Y-20.4167
错误:在 215 行:X27.465 Y-20.4167,"Z"和"C"碰撞.


******************** 刀路错误报告 ********************
错误216行,文件名:G682尝试后处理-999.NC.NC
G03 X27.5Y-20. Z5. R2.5
错误:在 216 行:G03 X27.5Y-20. Z5. R2.5,"Z"和"C"碰撞.


******************** 刀路错误报告 ********************
错误217行,文件名:G682尝试后处理-999.NC.NC
G03 X25.Y-17.5 Z5. R2.5
错误:在 217 行:G03 X25.Y-17.5 Z5. R2.5,"Z"和"C"碰撞.


******************** 刀路错误报告 ********************
错误218行,文件名:G682尝试后处理-999.NC.NC
G03 X22.5Y-20. Z5. R2.5
错误:在 218 行:G03 X22.5Y-20. Z5. R2.5,"Z"和"C"碰撞.


******************** 刀路错误报告 ********************
错误219行,文件名:G682尝试后处理-999.NC.NC
G03 X22.535Y-20.4167 Z5. R2.5
错误:在 219 行:G03 X22.535Y-20.4167 Z5. R2.5,"Z"和"C"碰撞.


******************** 刀路错误报告 ********************
错误220行,文件名:G682尝试后处理-999.NC.NC
G01 X23.7675 Y-27.7083
错误:在 220 行:G01 X23.7675 Y-27.7083,"Z"和"C"碰撞.


******************** 刀路错误报告 ********************
错误221行,文件名:G682尝试后处理-999.NC.NC
X18.8374 Y-28.5417
错误:在 221 行:X18.8374 Y-28.5417,"Z"和"C"碰撞.


******************** 刀路错误报告 ********************
错误222行,文件名:G682尝试后处理-999.NC.NC
X20.0699 Y-35.8333
错误:在 222 行:X20.0699 Y-35.8333,"Z"和"C"碰撞.


******************** 刀路错误报告 ********************
错误223行,文件名:G682尝试后处理-999.NC.NC
G03 X25.Y-40. Z5. R5.
错误:在 223 行:G03 X25.Y-40. Z5. R5.,"Z"和"C"碰撞.


******************** 刀路错误报告 ********************
错误224行,文件名:G682尝试后处理-999.NC.NC
G03 X29.9301Y-35.8333 Z5. R5.
错误:在 224 行:G03 X29.9301Y-35.8333 Z5. R5.,"Z"和"C"碰撞.


******************** 刀路错误报告 ********************
错误225行,文件名:G682尝试后处理-999.NC.NC
G01 X32.3951 Y-21.25
错误:在 225 行:G01 X32.3951 Y-21.25,"Z"和"C"碰撞.


******************** 刀路错误报告 ********************
错误226行,文件名:G682尝试后处理-999.NC.NC
G03 X32.5Y-20. Z5. R7.5
错误:在 226 行:G03 X32.5Y-20. Z5. R7.5,"Z"和"C"碰撞.


******************** 刀路错误报告 ********************
错误227行,文件名:G682尝试后处理-999.NC.NC
G03 X25.Y-12.5 Z5. R7.5
错误:在 227 行:G03 X25.Y-12.5 Z5. R7.5,"Z"和"C"碰撞.


******************** 刀路错误报告 ********************
错误228行,文件名:G682尝试后处理-999.NC.NC
G03 X17.5Y-20. Z5. R7.5
错误:在 228 行:G03 X17.5Y-20. Z5. R7.5,"Z"和"C"碰撞.


******************** 刀路错误报告 ********************
错误229行,文件名:G682尝试后处理-999.NC.NC
G03 X17.6049Y-21.25 Z5. R7.5
错误:在 229 行:G03 X17.6049Y-21.25 Z5. R7.5,"Z"和"C"碰撞.


******************** 刀路错误报告 ********************
错误230行,文件名:G682尝试后处理-999.NC.NC
G01 X18.8374 Y-28.5417
错误:在 230 行:G01 X18.8374 Y-28.5417,"Z"和"C"碰撞.


******************** 刀路错误报告 ********************
错误231行,文件名:G682尝试后处理-999.NC.NC
X23.7675 Y-27.7083
错误:在 231 行:X23.7675 Y-27.7083,"Z"和"C"碰撞.


******************** 刀路错误报告 ********************
错误232行,文件名:G682尝试后处理-999.NC.NC
Z8.
错误:在 232 行:Z8.,"Z"和"C"碰撞.


******************** 刀路错误报告 ********************
错误233行,文件名:G682尝试后处理-999.NC.NC
G00 Z15.
错误:在 233 行:G00 Z15.,"Z"和"C"碰撞.


******************** 刀路警告报告 ********************
警告:在236行
M13
警告:M 13不支持


******************** 刀路错误报告 ********************
错误237行,文件名:G682尝试后处理-999.NC.NC
G91 G28 Z0.0
错误:在 237 行:G91 G28 Z0.0,"Z"和"C"碰撞.


******************** 刀路警告报告 ********************
警告:在244行
M12
警告:M 12不支持
                                                                                                                                                                                                                                                                                                                                                                                                                                                                                                                                                                                                                                                                                                                                                                                                                                                                                                                                                                                                                                                                                                                                                                                                                                                                                                                                                                                                                                                                                                                                                                                                                                                                                                                                                                                                                                                                                                                                                                                                                                                                                                                                                                                                                                                                                                                                                                                                                                                                                                                                                                                                                                                                                                                                                                                                                                                                                                                                                                                                                                                                                                                                                                                                                                                                                                                                                                                                                                                                                                                                                                                                                                                                                                                                                                                                                                                                                                                                                                                                                                                                                                                                                                                                                                                                                                                                                                                                                                                                                                                                                                                                                                                                                                                                                                                                                                                                                                                                                                                                                                                                                                                                                                                                                                                                                                                                                                                                                                                                                                                                                                                                                                                                                                                                                                                                                                                                                                                                                                                                                                                                                                                                                                                                                                                                                                                                                                                                                                                                                                                                                                                                                                                                                                                                                                                                                                                                                                                                                                                                                                                                                                                                                                                                                                                                                                                                                                                                                                                                                                                                                                                                                                                                                                                                                                                                                                                                                                                                                                                                                                                                                                                                                                                                                                                                                                                                                                                                                                                                                                                                                                                                                                                                                                                                                                                                                                                                                                                                                                                                                                                                                                                                                                                                                                                                                                                                                                                                                                                                                                                                                                                                                                                                                                                                                                                                                                                                                                                                                                                                                                                                                                                                                                                                                                                                                                                                                                                                                                                                                                                                                                                                                                                                                                                                                                                                                                                                                                                                                                                                                                                                                                                                                                                                                                                                                                                                                                                                                                                                                                                                                                                                                                                                                                                                                                                                                                                                                                                                                                                                                                                                                                                                                                                                                                                                                                                                                                                                                                                                                                                                                                                                                                                                                                                                                                                                                                                                                                                                                                                                                                                                                                                                                                                                                                                                                                                                                                                                                                                                                                                                                                                                                                                                                                                                                                                                                                                                                                                                                                                                                                                                                                                                                                                                                                                                                                                                                                                                                                                                                                                                                                                                                                                                                                                                                                                                                                                                                                                                                                                                                                                                                                                                                                                                                                                                                                                                                                                                                                                                                                                                                                                                                                                                                                                                                                                                                                                                                                                                                                                                                                                                                                                                                                                                                                                                                                                                                                                                                                                                                                                                                                                                                                                                                                                                                                                                                                                                                                                                                                                                                                                                                                                                                                                                                                                                                                                                                                                                                                                                                                                                                                                                                                                                                                                                                                                                                                                                                                                                                                                                                                                                                                                                                                                                                                                                                                                                                                                                                                                                                                                                                                                                                                                                                                                                                                                                                                                                                                                                                                                                                                                                                                                                                                                                                                                                                                                                                                                                                                                                                                                                                                                                                                                                                                                                                                                                                                                                                                                                                                                                                                                                                                                                                                                                                                                                                                                                                                                                                                                                                                                                                                                                                                                                                                                                                                                                                                                                                                                                                                                                                                                                                                                                                                                                                                                                                                                                                                                                                                                                                                                                                                                                                                                                                                                                                                                                                                                                                                                                                                                                                                                                                                                                                                                                                                                                                                                                                                                                                                                                                                                                                                                                                                                                                                                                                                                                                                                                                                                                                                                                                                                                                                                                                                                                                                                                                                                                                                                                                                                                                                                                                                                                                                                                                                                                                                                                                                                                                                                                                                                                                                                                                                                                                                                                                                                                                                                                                                                                                                                                                                                                                                                                                                                                                                                                                                                                                                                                                                                                                                                                                                                                                                                                                                                                                                                                                                                                                                                                                                                                                                                                                                                                                                                                                                                                                                                                                                                                                                                                                                                                                                                                                                                                                                                                                                                                                                                                                                                                                                                                                                                                                                                                                                                                                                                                                                                                                                                                                                                                                                                                                                                                                                                                                                                                                                                                                                                                                                                                                                                                                                                                                                                                                                                                                                                                                                                                                                                                                                                                                                                                                                                                                                                                                                                                                                                                                                                                                                                                                                                                                                                                                                                                                                                                                                                                                                                                                                                                                                                                                                                                                                                                                                                                                                                                                                                                                                                                                                                                                                                                                                                                                                                                                                                                                                                                                                                                                                                                                                                                                                                                                                                                                                                                                                                                                                                                                                                                                                                                                                                                                                                                                                                                                                                                                                                                                                                                                                                                                                                                                                                                                                                                                                                                                                                                                                                                                                                                                                                                                                                                                                                                                                                                                                                                                                                                                                                                                                                                                                                                                                                                                                                                                                                                                                                                                                                                                                                                                                                                                                                                                                                                                                                                                                                                                                                                                                                                                                                                                                                                                                                                                                                                                                                                                                                                                                                                                                                                                                                                                                                                                                                                                                                                                                                                                                                                                                                                                                                                                                                                                                                                                                                                                                                                                                                                                                                                                                                                                                                                                                                                                                                                                                                                                                                                                                                                                                                                                                                                                                                                                                                                                                                                                                                                                                                                                                                                                                                                                                                                                                                                                                                                                                                                                                                                                                                                                                                                                                                                                                                                                                                                                                                                                                                                                                                                                                                                                                                                                                                                                                                                                                                                                                                                                                                                                                                                                                                                                                                                                                                                                                                                                                                                                                                                                                                                                                                                                                                                                                                                                                                                                                                                                                                                                                                                                                                                                                                                                                                                                                                                                                                                                                                                                                                                                                                                                                                                                                                                                                                                                                                                                                                                                                                                                                                                                                                                                                                                                                                                                                                                                                                                                                                                                                                                                                                                                                                                                                                                                                                                                                                                                                                                                                                                                                                                                                                                                                                                                                                                                                                                                                                                                                                                                                                                                                                                                                                                                                                                                                                                                                                                                                                                                                                                                                                                                                                                                                                                                                                                                                                                                                                                                                                                                                                                                                                                                                                                                                                                                                                                                                                                                                                                                                                                                                                                                                                                                                                                                                                                                                                                                                                                                                                                                                                                                                                                                                                                                                                                                                                                                                                                                                                                                                                                                                                                                                                                                                                                                                                                                                                                                                                                                                                                                                                                                                                                                                                                                                                                                                                                                                                                                                                                                                                                                                                                                                                                                                                                                                                                                                                                                                                                                                                                                                                                                                                                                                                                                                                                                                                                                                                                                                                                                                                                                                                                                                                                                                                                                                                                                                                                                                                                                                                                                                                                                                                                                                                                                                                                                                                                                                                                                                                                                                                                                                                                                                                                                                                                                                                                                                                                                                                                                                                                                                                                                                                                                                                                                                                                                                                                                                                                                                                                                                                                                                                                                                                                                                                                                                                                                                                                                                                                                                                                                                                                                                                                                                                                                                                                                                                                                                                                                                                                                                                                                                                                                                                                                                                                                                                                                                                                                                                                                                                                                                                                                                                                                                                                                                                                                                                                                                                                                                                                                                                                                                                                                                                                                                                                                                                                                                                                                                                                                                                                                                                                                                                                                                                                                                                                                                                                                                                                                                                                                                                                                                                                                                                                                                                                                                                                                                                                                                                                                                                                                                                                                                                                                                                                                                                                                                                                                                                                                                                                                                                                                                                                                                                                                                                                                                                                                                                                                                                                                                                                                                                                                                                                                                                                                                                                                                                                                                                                                                                                                                                                                                                                                                                                                                                                                                                                                                                                                                                                                                                                                                                                                                                                                                                                                                                                                                                                                                                                                                                                                                                                                                                                                                                                                                                                                                                                                                                                                                                                                                                                                                                                                                                                                                                                                                                                                                                                                                                                                                                                                                                                                                                                                                                                                                                                                                                                                                                                                                                                                                                                                                                                                                                                                                                                                                                                                                                                                                                                                                                                                                                                                                                                                                                                                                                                                                                                                                                                                                                                                                                                                                                                                                                                                                                                                                                                                                                                                                                                                                                                                                                                                                                                                                                                                                                                                                                                                                                                                                                                                                                                                                                                                                                                                                                                                                                                                                                                                                                                                                                                                                                                                                                                                                                                                                                                                                                                                                                                                                                                                                                                                                                                                                                                                                                                                                                                                                                                                                                                                                                                                                                                                                                                                                                                                                                                                                                                                                                                                                                                                                                                                                                                                                                                                                                                                                                                                                                                                                                                                                                                                                                                                                                                                                                                                                                                                                                                                                                                                                                                                                                                                                                                                                                                                                                                                                                                                                                                                                                                                                                                                                                                                                                                                                                                                                                                                                                                                                                                                                                                                                                                                                                                                                                                                                                                                                                                                                                                                                                                                                                                                                                                                                                                                                                                                                                                                                                                                                                                                                                                                                                                                                                                                                                                                                                                                                                                                                                                                                                                                                                                                                                                                                                                                                                                                                                                                                                                                                                                                                                                                                                                                                                                                                                                                                                                                                                                                                                                                                                                                                                                                                                                                                                                                                                                                                                                                                                                                                                                                                                                                                                                                                                                                                                                                                                                                                                                                                                                                                                                                                                                                                                                                                                                                                                                                                                                                                                                                                                                                                                                                                                                                                                                                                                                                                                                                                                                                                                                                                                                                                                                                                                                                                                                                                                                                                                                                                                                                                                                                                                                                                                                                                                                                                                                                                                                                                                                                                                                                                                                                                                                                                                                                                                                                                                                                                                                                                                                                                                                                                                                                                                                                                                                                                                                                                                                                                                                                                                                                                                                                                                                                                                                                                                                                                                                                                                                                                                                                                                                                                                                                                                                                                                                                                                                                                                                                                                                                                                                                                                                                                                                                                                                                                                                                                                                                                                                                                                                                                                                                                                                                                                                                                                                                                                                                                                                                                                                                                                                                                                                                                                                                                                                                                                                                                                                                                                                                                                                                                                                                                                                                                                                                                                                                                                                                                                                                                                                                                                                                                                                                                                                                                                                                                                                                                                                                                                                                                                                                                                                                                                                                                                                                                                                                                                                                                                                                                                                                                                                                                                                                                                                                                                                                                                                                                                                                                                                                                                                                                                                                                                                                                                                                                                                                                                                                                                                                                                                                                                                                                                                                                                                                                                                                                                                                                                                                                                                                                                                                                                                                                                                                                                                                                                                                                                                                                                                                                                                                                                                                                                                                                                                                                                                                                                                                                                                                                                                                                                                                                                                                                                                                                                                                                                                                                                                                                                                                                                                                                                                                                                                                                                                                                                                                                                                                                                                                                                                                                                                                                                                                                                                                                                                                                                                                                                                                                                                                                                                                                                                                                                                                                                                                                                                                                                                                                                                                                                                                                                                                                                                                                                                                                                                                                                                                                                                                                                                                                                                                                                                                                                                                                                                                                                                                                                                                                                                                                                                                                                                                                                                                                                                                                                                                                                                                                                                                                                                                                                                                                                                                                                                                                                                                                                                                                                                                                                                                                                                                                                                                                                                                                                                                                                                                                                                                                                                                                                                                                                                                                                                                                                                                                                                                                                                                                                                                                                                                                                                                                                                                                                                                                                                                                                                                                                                                                                                                                                                                                                                                                                                                                                                                                                                                                                                                                                                                                                                                                                                                                                                                                                                                                                                                                                                                                                                                                                                                                                                                                                                                                                                                                                                                                                                                                                                                                                                                                                                                                                                                                                                                                                                                                                                                                                                                                                                                                                                                                                                                                                                                                                                                                                                                                                                                                                                                                                                                                                                                                                                                                                                                                                                                                                                                                                                                                                                                                                                                                                                                                                                                                                                                                                                                                                                                                                                                                                                                                                                                                                                                                                                                                                                                                                                                                                                                                                                                                                                                                                                                                                                                                                                                                                                                                                                                                                                                                                                                                                                                                                                                                                                                                                                                                                                                                                                                                                                                                                                                                                                                                                                                                                                                                                                                                                                                                                                                                                                                                                                                                                                                                                                                                                                                                                                                                                                                                                                                                                                                                                                                                                                                                                                                                                                                                                                                                                                                                                                                                                                                                                                                                                                                                                                                                                                                                                                                                                                                                                                                                                                                                                                                                                                                                                                                                                                                                                                                                                                                                                                                                                                                                                                                                                                                                                                                                                                                                                                                                                                                                                                                                                                                                                                                                                                                                                                                                                                                                                                                                                                                                                                                                                                                                                                                                                                                                                                                                                                                                                                                                                                                                                                                                                                                                                                                                                                                                                                                                                                                                                                                                                                                                                                                                                                                                                                                                                                                                                                                                                                                                                                                                                                                                                                                                                                                                                                                                                                                                                                                                                                                                                                                                                                                                                                                                                                                                                                                                                                                                                                                                                                                                                                                                                                                                                                                                                                                                                                                                                                                                                                                                                                                                                                                                                                                                                                                                                                                                                                                                                                                                                                                                                                                                                                                                                                                                                                                                                                                                                                                                                                                                                                                                                                                                                                                                                                                                                                                                                                                                                                                                                                                                                                                                                                                                                                                                                                                                                                                                                                                                                                                                                                                                                                                                                                                                                                                                                                                                                                                                                                                                                                                                                                                                                                                                                                                                                                                                                                                                                                                                                                                                                                                                                                                                                                                                                                                                                                                                                                                                                                                                                                                                                                                                                                                                                                                                                                                                                                                                                                                                                                                                                                                                                                                                                                                                                                                                                                                                                                                                                                                                                                                                                                                                                                                                                                                                                                                                                                                                                                                                                                                                                                                                                                                                                                                                                                                                                                                                                                                                                                                                                                                                                                                                                                                                                                                                                                                                                                                                                                                                                                                                                                                                                                                                                                                                                                                                                                                                                                                                                                                                                                                                                                                                                                                                                                                                                                                                                                                                                                                                                                                                                                                                                                                                                                                                                                                                                                                                                                                                                                                                                                                                                                                                                                                                                                                                                                                                                                                                                                                                                                                                                                                                                                                                                                                                                                                                                                                                                                                                                                                                                                                                                                                                                                                                                                                                                                                                                                                                                                                                                                                                                                                                                                                                                                                                                                                                                                                                                                                                                                                                                                                                                                                                                                                                                                                                                                                                                                                                                                                                                                                                                                                                                                                                                                                                                                                                                                                                                                                                                                                                                                                                                                                                                                                                                                                                                                                                                                                                                                                                                                                                                                                                                                                                                                                                                                                                                                                                                                                                                                                                                                                                                                                                                                                                                                                                                                                                                                                                                                                                                                                                                                                                                                                                                                                                                                                                                                                                                                                                                                                                                                                                                                                                                                                                                                                                                                                                                                                                                                                                                                                                                                                                                                                                                                                                                                                                                                                                                                                                                                                                                                                                                                                                                                                                                                                                                                                                                                                                                                                                                                                                                                                                                                                                                                                                                                                                                                                                                                                                                                                                                                                                                                                                                                                                                                                                                                                                                                                                                                                                                                                                                                                                                                                                                                                                                                                                                                                                                                                                                                                                                                                                                                                                                                                                                                                                                                                                                                                                                                                                                                                                                                                                                                                                                                                                                                                                                                                                                                                                                                                                                                                                                                                                                                                                                                                                                                                                                                                                                                                                                                                                                                                                                                                                                                                                                                                                                                                                                                                                                                                                                                                                                                                                                                                                                                                                                                                                                                                                                                                                                                                                                                                                                                                                                                                                                                                                                                                                                                                                                                                                                                                                                                                                                                                                                                                                                                                                                                                                                                                                                                                                                                                                                                                                                                                                                                                                                                                                                                                                                                                                                                                                                                                                                                                                                                                                                                                                                                                                                                                                                                                                                                                                                                                                                                                                                                                                                                                                                                                                                                                                                                                                                                                                                                                                                                                                                                                                                                                                                                                                                                                                                                                                                                                                                                                                                                                                                                                                                                                                                                                                                                                                                                                                                                                                                                                                                                                                                                                                                                                                                                                                                                                                                                                                                                                                                                                                                                                                                                                                                                                                                                                                                                                                                                                                                                                                                                                                                                                                                                                                                                                                                                                                                                                                                                                                                                                                                                                                                                                                                                                                                                                                                                                                                                                                                                                                                                                                                                                                                                                                                                                                                                                                                                                                                                                                                                                                                                                                                                                                                                                                                                                                                                                                                                                                                                                                                                                                                                                                                                                                                                                                                                                                                                                                                                                                                                                                                                                                                                                                                                                                                                                                                                                                                                                                                                                                                                                                                                                                                                                                                                                                                                                                                                                                                                                                                                                                                                                                                                                                                                                                                                                                                                                                                                                                                                                                                                                                                                                                                                                                                                                                                                                                                                                                                                                                                                                                                                                                                                                                                                                                                                                                                                                                                                                                                                                                                                                                                                                                                                                                                                                                                                                                                                                                                                                                                                                                                                                                                                                                                                                                                                                                                                                                                                                                                                                                                                                                                                                                                                                                                                                                                                                                                                                                                                                                                                                                                                                                                                                                                                                                                                                                                                                                                                                                                                                                                                                                                                                                                                                                                                                                                                                                                                                                                                                                                                                                                                                                                                                                                                                                                                                                                                                                                                                                                                                                                                                                                                                                                                                                                                                                                                                                                                                                                                                                                                                                                                                                                                                                                                                                                                                                                                                                                                                                                                                                                                                                                                                                                                                                                                                                                                                                                                                                                                                                                                                                                                                                                                                                                                                                                                                                                                                                                                                                                                                                                                                                                                                                                                                                                                                                                                                                                                                                                                                                                                                                                                                                                                                                                                                                                                                                                                                                                                                                                                                                                                                                                                                                                                                                                                                                                                                                                                                                                                                                                                                                                                                                                                                                                                                                                                                                                                                                                                                                                                                                                                                                                                                                                                                                                                                                                                                                                                                                                                                                                                                                                                                                                                                                                                                                                                                                                                                                                                                                                                                                                                                                                                                                                                                                                                                                                                                                                                                                                                                                                                                                                                                                                                                                                                                                                                                                                                                                                                                                                                                                                                                                                                                                                                                                                                                                                                                                                                                                                                                                                                                                                                                                                                                                                                                                                                                                                                                                                                                                                                                                                                                                                                                                                                                                                                                                                                                                                                                                                                                                                                                                                                                                                                                                                                                                                                                                                                                                                                                                                                                                                                                                                                                                                                                                                                                                                                                                                                                                                                                                                                                                                                                                                                                                                                                                                                                                                                                                                                                                                                                                                                                                                                                                                                                                                                                                                                                                                                                                                                                                                                                                                                                                                                                                                                                                                                                                                                                                                                                                                                                                                                                                                                                                                                                                                                                                                                                                                                                                                                                                                                                                                                                                                                                                                                                                                                                                                                                                                                                                                                                                                                                                                                                                                                                                                                                                                                                                                                                                                                                                                                                                                                                                                                                                                                                                                                                                                                                                                                                                                                                                                                                                                                                                                                                                                                                                                                                                                                                                                                                                                                                                                                                                                                                                                                                                                                                                                                                                                                                                                                                                                                                                                                                                                                                                                                                                                                                                                                                                                                                                                                                                                                                                                                                                                                                                                                                                                                                                                                                                                                                                                                                                                                                                                                                                                                                                                                                                                                                                                                                                                                                                                                                                                                                                                                                                                                                                                                                                                                                                                                                                                                                                                                                                                                                                                                                                                                                                                                                                                                                                                                                                                                                                                                                                                                                                                                                                                                                                                                                                                                                                                                                                                                                                                                                                                                                                                                                                                                                                                                                                                                                                                                                                                                                                                                                                                                                                                                                                                                                                                                                                                                                                                                                                                                                                                                                                                                                                                                                                                                                                                                                                                                                                                                                                                                                                                                                                                                                                                                                                                                                                                                                                                                                                                                                                                                                                                                                                                                                                                                                                                                                                                                                                                                                                                                                                                                                                                                                                                                                                                                                                                                                                                                                                                                                                                                                                                                                                                                                                                                                                                                                                                                                                                                                                                                                                                                                                                                                                                                                                                                                                                                                                                                                                                                                                                                                                                                                                                                                                                                                                                                                                                                                                                                                                                                                                                                                                                                                                                                                                                                                                                                                                                                                                                                                                                                                                                                                                                                                                                                                                                                                                                                                                                                                                                                                                                                                                                                                                                                                                                                                                                                                                                                                                                                                                                                                                                                                                                                                                                                                                                                                                                                                                                                                                                                                                                                                                                                                                                                                                                                                                                                                                                                                                                                                                                                                                                                                                                                                                                                                                                                                                                                                                                                                                                                                                                                                                                                                                                                                                                                                                                                                                                                                                                                                                                                                                                                                                                                                                                                                                                                                                                                                                                                                                                                                                                                                                                                                                                                                                                                                                                                                                                                                                                                                                                                                                                                                                                                                                                                                                                                                                                                                                                                                                                                                                                                                                                                                                                                                                                                                                                                                                                                                                                                                                                                                                                                                                                                                                                                                                                                                                                                                                                                                                                                                                                                                                                                                                                                                                                                                                                                                                                                                                                                                                                                                                                                                                                                                                                                                                                                                                                                                                                                                                                                                                                                                                                                                                                                                                                                                                                                                                                                                                                                                                                                                                                                                                                                                                                                                                                                                                                                                                                                                                                                                                                                                                                                                                                                                                                                                                                                                                                                                                                                                                                                                                                                                                                                                                                                                                                                                                                                                                                                                                                                                                                                                                                                                                                                                                                                                                                                                                                                                                                                                                                                                                                                                                                                                                                                                                                                                                                                                                                                                                                                                                                                                                                                                                                                                                                                                                                                                                                                                                                                                                                                                                                                                                                                                                                                                                                                                                                                                                                                                                                                                                                                                                                                                                                                                                                                                                                                                                                                                                                                                                                                                                                                                                                                                                                                                                                                                                                                                                                                                                                                                                                                                                                                                                                                                                                                                                                                                                                                                                                                                                                                                                                                                                                                                                                                                                                                                                                                                                                                                                                                                                                                                                                                                                                                                                                                                                                                                                                                                                                                                                                                                                                                                                                                                                                                                                                                                                                                                                                                                                                                                                                                                                                                                                                                                                                                                                                                                                                                                                                                                                                                                                                                                                                                                                                                                                                                                                                                                                                                                                                                                                                                                                                                                                                                                                                                                                                                                                                                                                                                                                                                                                                                                                                                                                                                                                                                                                                                                                                                                                                                                                                                                                                                                                                                                                                                                                                                                                                                                                                                                                                                                                                                                                                                                                                                                                                                                                                                                                                                                                                                                                                                                                                                                                                                                                                                                                                                                                                                                                                                                                                                                                                                                                                                                                                                                                                                                                                                                                                                                                                                                                                                                                                                                                                                                                                                                                                                                                                                                                                                                                                                                                                                                                                                                                                                                                                                                                                                                                                                                                                                                                                                                                                                                                                                                                                                                                                                                                                                                                                                                                                                                                                                                                                                                                                                                                                                                                                                                                                                                                                                                                                                                                                                                                                                                                                                                                                                                                                                                                                                                                                                                                                                                                                                                                                                                                                                                                                                                                                                                                                                                                                                                                                                                                                                                                                                                                                                                                                                                                                                                                                                                                                                                                                                                                                                                                                                                                                                                                                                                                                                                                                                                                                                                                                                                                                                                                                                                                                                                                                                                                                                                                                                                                                                                                                                                                                                                                                                                                                                                                                                                                                                                                                                                                                                                                                                                                                                                                                                                                                                                                                                                                                                                                                                                                                                                                                                                                                                                                                                                                                                                                                                                                                                                                                                                                                                                                                                                                                                                                                                                                                                                                                                                                                                                                                                                                                                                                                                                                                                                                                                                                                                                                                                                                                                                                                                                                                                                                                                                                                                                                                                                                                                                                                                                                                                                                                                                                                                                                                                                                                                                                                                                                                                                                                                                                                                                                                                                                                                                                                                                                                                                                                                                                                                                                                                                                                                                                                                                                                                                                                                                                                                                                                                                                                                                                                                                                                                                                                                                                                                                                                                                                                                                                                                                                                                                                                                                                                                                                                                                                                                                                                                                                                                                                                                                                                                                                                                                                                                                                                                                                                                                                                                                                                                                                                                                                                                                                                                                                                                                                                                                                                                                                                                                                                                                                                                                                                                                                                                                                                                                                                                                                                                                                                                                                                                                                                                                                                                                                                                                                                                                                                                                                                                                                                                                                                                                                                                                                                                                                                                                                                                                                                                                                                                                                                                                                                                                                                                                                                                                                                                                                                                                                                                                                                                                                                                                                                                                                                                                                                                                                                                                                                                                                                                                                                                                                                                                                                                                                                                                                                                                                                                                                                                                                                                                                                                                                                                                                                                                                                                                                                                                                                                                                                                                                                                                                                                                                                                                                                                                                                                                                                                                                                                                                                                                                                                                                                                                                                                                                                                                                                                                                                                                                                                                                                                                                                                                                                                                                                                                                                                                                                                                                                                                                                                                                                                                                                                                                                                                                                                                                                                                                                                                                                                                                                                                                                                                                                                                                                                                                                                                                                                                                                                                                                                                                                                                                                                                                                                                                                                                                                                                                                                                                                                                                                                                                                                                                                                                                                                                                                                                                                                                                                                                                                                                                                                                                                                                                                                                                                                                                                                                                                                                                                                                                                                                                                                                                                                                                                                                                                                                                                                                                                                                                                                                                                                                                                                                                                                                                                                                                                                                                                                                                                                                                                                                                                                                                                                                                                                                                                                                                                                                                                                                                                                                                                                                                                                                                                                                                                                                                                                                                                                                                                                                                                                                                                                                                                                                                                                                                                                                                                                                                                                                                                                                                                                                                                                                                                                                                                                                                                                                                                                                                                                                                                                                                                                                                                                                                                                                                                                                                                                                                                                                                                                                                                                                                                                                                                                                                                                                                                                                                                                                                                                                                                                                                                                                                                                                                                                                                                                                                                                                                                                                                                                                                                                                                                                                                                                                                                                                                                                                                                                                                                                                                                                                                                                                                                                                                                                                                                                                                                                                                                                                                                                                                                                                                                                                                                                                                                                                                                                                                                                                                                                                                                                                                                                                                                                                                                                                                                                                                                                                                                                                                                                                                                                                                                                                                                                                                                                                                                                                                                                                                                                                                                                                                                                                                                                                                                                                                                                                                                                                                                                                                                                                                                                                                                                                                                                                                                                                                                                                                                                                                                                                                                                                                                                                                                                                                                                                                                                                                                                                                                                                                                                                                                                                                                                                                                                                                                                                                                                                                                                                                                                                                                                                                                                                                                                                                                                                                                                                                                                                                                                                                                                                                                                                                                                                                                                                                                                                                                                                                                                                                                                                                                                                                                                                                                                                                                                                                                                                                                                                                                                                                                                                                                                                                                                                                                                                                                                                                                                                                                                                                                                                                                                                                                                                                                                                                                                                                                                                                                                                                                                                                                                                                                                                                                                                                                                                                                                                                                                                                                                                                                                                                                                                                                                                                                                                                                                                                                                                                                                                                                                                                                                                                                                                                                                                                                                                                                                                                                                                                                                                                                                                                                                                                                                                                                                                                                                                                                                                                                                                                                                                                                                                                                                                                                                                                                                                                                                                                                                                                                                                                                                                                                                                                                                                                                                                                                                                                                                                                                                                                                                                                                                                                                                                                                                                                                                                                                                                                                                                                                                                                                                                                                                                                                                                                                                                                                                                                                                                                                                                                                                                                                                                                                                                                                                                                                                                                                                                                                                                                                                                                                                                                                                                                                                                                                                                                                                                                                                                                                                                                                                                                                                                                                                                                                                                                                                                                                                                                                                                                                                                                                                                                                                                                                                                                                                                                                                                                                                                                                                                                                                                                                                                                                                                                                                                                                                                                                                                                                                                                                                                                                                                                                                                                                                                                                                                                                                                                                                                                                                                                                                                                                                                                                                                                                                                                                                                                                                                                                                                                                                                                                                                                                                                                                                                                                                                                                                                                                                                                                                                                                                                                                                                                                                                                                                                                                                                                                                                                                                                                                                                                                                                                                                                                                                                                                                                                                                                                                                                                                                                                                                                                                                                                                                                                                                                                                                                                                                                                                                                                                                                                                                                                                                                                                                                                                                                                                                                                                                                                                                                                                                                                                                                                                                                                                                                                                                                                                                                                                                                                                                                                                                                                                                                                                                                                                                                                                                                                                                                                                                                                                                                                                                                                                                                                                                                                                                                                                                                                                                                                                                                                                                                                                                                                                                                                                                                                                                                                                                                                                                                                                                                                                                                                                                                                                                                                                                                                                                                                                                                                                                                                                                                                                                                                                                                                                                                                                                                                                                                                                                                                                                                                                                                                                                                                                                                                                                                                                                                                                                                                                                                                                                                                                                                                                                                                                                                                                                                                                                                                                                                                                                                                                                                                                                                                                                                                                                                                                                                                                                                                                                                                                                                                                                                                                                                                                                                                                                                                                                                                                                                                                                                                                                                                                                                                                                                                                                                                                                                                                                                                                                                                                                                                                                                                                                                                                                                                                                                                                                                                                                                                                                                                                                                                                                                                                                                                                                                                                                                                                                                                                                                                                                                                                                                                                                                                                                                                                                                                                                                                                                                                                                                                                                                                                                                                                                                                                                                                                                                                                                                                                                                                                                                                                                                                                                                                                                                                                                                                                                                                                                                                                                                                                                                                                                                                                                                                                                                                                                                                                                                                                                                                                                                                                                                                                                                                                                                                                                                                                                                                                                                                                                                                                                                                                                                                                                                                                                                                                                                                                                                                                                                                                                                                                                                                                                                                                                                                                                                                                                                                                                                                                                                                                                                                                                                                                                                                                                                                                                                                                                                                                                                                                                                                                                                                                                                                                                                                                                                                                                                                                                                                                                                                                                                                                                                                                                                                                                                                                                                                                                                                                                                                                                                                                                                                                                                                                                                                                                                                                                                                                                                                                                                                                                                                                                                                                                                                                                                                                                                                                                                                                                                                                                                                                                                                                                                                                                                                                                                                                                                                                                                                                                                                                                                                                                                                                                                                                                                                                                                                                                                                                                                                                                                                                                                                                                                                                                                                                                                                                                                                                                                                                                                                                                                                                                                                                                                                                                                                                                                                                                                                                                                                                                                                                                                                                                                                                                                                                                                                                                                                                                                                                                                                                                                                                                                                                                                                                                                                                                                                                                                                                                                                                                                                                                                                                                                                                                                                                                                                                                                                                                                                                                                                                                                                                                                                                                                                                                                                                                                                                                                                                                                                                                                                                                                                                                                                                                                                                                                                                                                                                                                                                                                                                                                                                                                                                                                                                                                                                                                                                                                                                                                                                                                                                                                                                                                                                                                                                                                                                                                                                                                                                                                                                                                                                                                                                                                                                                                                                                                                                                                                                                                                                                                                                                                                                                                                                                                                                                                                                                                                                                                                                                                                                                                                                                                                                                                                                                                                                                                                                                                                                                                                                                                                                                                                                                                                                                                                                                                                                                                                                                                                                                                                                                                                                                                                                                                                                                                                                                                                                                                                                                                                                                                                                                                                                                                                                                                                                                                                                                                                                                                                                                                                                                                                                                                                                                                                                                                                                                                                                                                                                                                                                                                                                                                                                                                                                                                                                                                                                                                                                                                                                                                                                                                                                                                                                                                                                                                                                                                                                                                                                                                                                                                                                                                                                                                                                                                                                                                                                                                                                                                                                                                                                                                                                                                                                                                                                                                                                                                                                                                                                                                                                                                                                                                                                                                                                                                                                                                                                                                                                                                                                                                                                                                                                                                                                                                                                                                                                                                                                                                                                                                                                                                                                                                                                                                                                                                                                                                                                                                                                                                                                                                                                                                                                                                                                                                                                                                                                                                                                                                                                                                                                                                                                                                                                                                                                                                                                                                                                                                                                                                                                                                                                                                                                                                                                                                                                                                                                                                                                                                                                                                                                                                                                                                                                                                                                                                                                                                                                                                                                                                                                                                                                                                                                                                                                                                                                                                                                                                                                                                                                                                                                                                                                                                                                                                                                                                                                                                                                                                                                                                                                                                                                                                                                                                                                                                                                                                                                                                                                                                                                                                                                                                                                                                                                                                                                                                                                                                                                                                                                                                                                                                                                                                                                                                                                                                                                                                                                                                                                                                                                                                                                                                                                                                                                                                                                                                                                                                                                                                                                                                                                                                                                                                                                                                                                                                                                                                                                                                                                                                                                                                                                                                                                                                                                                                                                                                                                                                                                                                                                                                                                                                                                                                                                                                                                                                                                                                                                                                                                                                                                                                                                                                                                                                                                                                                                                                                                                                                                                                                                                                                                                                                                                                                                                                                                                                                                                                                                                                                                                                                                                                                                                                                                                                                                                                                                                                                                                                                                                                                                                                                                                                                                                                                                                                                                                                                                                                                                                                                                                                                                                                                                                                                                                                                                                                                                                                                                                                                                                                                                                                                                                                                                                                                                                                                                                                                                                                                                                                                                                                                                                                                                                                                                                                                                                                                                                                                                                                                                                                                                                                                                                                                                                                                                                                                                                                                                                                                                                                                                                                                                                                                                                                                                                                                                                                                                                                                                                                                                                                                                                                                                                                                                                                                                                                                                                                                                                                                                                                                                                                                                                                                                                                                                                                                                                                                                                                                                                                                                                                                                                                                                                                                                                                                                                                                                                                                                                                                                                                                                                                                                                                                                                                                                                                                                                                                                                                                                                                                                                                                                                                                                                                                                                                                                                                                                                                                                                                                                                                                                                                                                                                                                                                                                                                                                                                                                                                                                                                                                                                                                                                                                                                                                                                                                                                                                                                                                                                                                                                                                                                                                                                                                                                                                                                                                                                                                                                                                                                                                                                                                                                                                                                                                                                                                                                                                                                                                                                                                                                                                                                                                                                                                                                                                                                                                                                                                                                                                                                                                                                                                                                                                                                                                                                                                                                                                                                                                                                                                                                                                                                                                                                                                                                                                                                                                                                                                                                                                                                                                                                                                                                                                                                                                                                                                                                                                                                                                                                                                                                                                                                                                                                                                                                                                                                                                                                                                                                                                                                                                                                                                                                                                                                                                                                                                                                                                                                                                                                                                                                                                                                                                                                                                                                                                                                                                                                                                                                                                                                                                                                                                                                                                                                                                                                                                                                                                                                                                                                                                                                                                                                                                                                                                                                                                                                                                                                                                                                                                                                                                                                                                                                                                                                                                                                                                                                                                                                                                                                                                                                                                                                                                                                                                                                                                                                                                                                                                                                                                                                                                                                                                                                                                                                                                                                                                                                                                                                                                                                                                                                                                                                                                                                                                                                                                                                                                                                                                                                                                                                                                                                                                                                                                                                                                                                                                                                                                                                                                                                                                                                                                                                                                                                                                                                                                                                                                                                                                                                                                                                                                                                                                                                                                                                                                                                                                                                                                                                                                                                                                                                                                                                                                                                                                                                                                                                                                                                                                                                                                                                                                                                                                                                                                                                                                                                                                                                                                                                                                                                                                                                                                                                                                                                                                                                                                                                                                                                                                                                                                                                                                                                                                                                                                                                                                                                                                                                                                                                                                                                                                                                                                                                                                                                                                                                                                                                                                                                                                                                                                                                                                                                                                                                                                                                                                                                                                                                                                                                                                                                                                                                                                                                                                                                                                                                                                                                                                                                                                                                                                                                                                                                                                                                                                                                                                                                                                                                                                                                                                                                                                                                                                                                                                                                                                                                                                                                                                                                                                                                                                                                                                                                                                                                                                                                                                                                                                                                                                                                                                                                                                                                                                                                                                                                                                                                                                                                                                                                                                                                                                                                                                                                                                                                                                                                                                                                                                                                                                                                                                                                                                                                                                                                                                                                                                                                                                                                                                                                                                                                                                                                                                                                                                                                                                                                                                                                                                                                                                                                                                                                                                                                                                                                                                                                                                                                                                                                                                                                                                                                                                                                                                                                                                                                                                                                                                                                                                                                                                                                                                                                                                                                                                                                                                                                                                                                                                                                                                                                                                                                                                                                                                                                                                                                                                                                                                                                                                                                                                                                                                                                                                                                                                                                                                                                                                                                                                                                                                                                                                                                                                                                                                                                                                                                                                                                                                                                                                                                                                                                                                                                                                                                                                                                                                                                                                                                                                                                                                                                                                                                                                                                                                                                                                                                                                                                                                                                                                                                                                                                                                                                                                                                                                                                                                                                                                                                                                                                                                                                                                                                                                                                                                                                                                                                                                                                                                                                                                                                                                                                                                                                                                                                                                                                                                                                                                                                                                                                                                                                                                                                                                                                                                                                                                                                                                                                                                                                                                                                                                                                                                                                                                                                                                                                                                                                                                                                                                                                                                                                                                                                                                                                                                                                                                                                                                                                                                                                                                                                                                                                                                                                                                                                                                                                                                                                                                                                                                                                                                                                                                                                                                                                                                                                                                                                                                                                                                                                                                                                                                                                                                                                                                                                                                                                                                                                                                                                                                                                                                                                                                                                                                                                                                                                                                                                                                                                                                                                                                                                                                                                                                                                                                                                                                                                                                                                                                                                                                                                                                                                                                                                                                                                                                                                                                                                                                                                                                                                                                                                                                                                                                                                                                                                                                                                                                                                                                                                                                                                                                                                                                                                                                                                                                                                                                                                                                                                                                                                                                                                                                                                                                                                                                                                                                                                                                                                                                                                                                                                                                                                                                                                                                                                                                                                                                                                                                                                                                                                                                                                                                                                                                                                                                                                                                                                                                                                                                                                                                                                                                                                                                                                                                                                                                                                                                                                                                                                                                                                                                                                                                                                                                                                                                                                                                                                                                                                                                                                                                                                                                                                                                                                                                                                                                                                                                                                                                                                                                                                                                                                                                                                                                                                                                                                                                                                                                                                                                                                                                                                                                                                                                                                                                                                                                                                                                                                                                                                                                                                                                                                                                                                                                                                                                                                                                                                                                                                                                                                                                                                                                                                                                                                                                                                                                                                                                                                                                                                                                                                                                                                                                                                                                                                                                                                                                                                                                                                                                                                                                                                                                                                                                                                                                                                                                                                                                                                                                                                                                                                                                                                                                                                                                                                                                                                                                                                                                                                                                                                                                                                                                                                                                                                                                                                                                                                                                                                                                                                                                                                                                                                                                                                                                                                                                                                                                                                                                                                                                                                                                                                                                                                                                                                                                                                                                                                                                                                                                                                                                                                                                                                                                                                                                                                                                                                                                                                                                                                                                                                                                                                                                                                                                                                                                                                                                                                                                                                                                                                                                                                                                                                                                                                                                                                                                                                                                                                                                                                                                                                                                                                                                                                                                                                                                                                                                                                                                                                                                                                                                                                                                                                                                                                                                                                                                                                                                                                                                                                                                                                                                                                                                                                                                                                                                                                                                                                                                                                                                                                                                                                                                                                                                                                                                                                                                                                                                                                                                                                                                                                                                                                                                                                                                                                                                                                                                                                                                                                                                                                                                                                                                                                                                                                                                                                                                                                                                                                                                                                                                                                                                                                                                                                                                                                                                                                                                                                                                                                                                                                                                                                                                                                                                                                                                                                                                                                                                                                                                                                                                                                                                                                                                                                                                                                                                                                                                                                                                                                                                                                                                                                                                                                                                                                                                                                                                                                                                                                                                                                                                                                                                                                                                                                                                                                                                                                                                                                                                                                                                                                                                                                                                                                                                                                                                                                                                                                                                                                                                                                                                                                                                                                                                                                                                                                                                                                                                                                                                                                                                                                                                                                                                                                                                                                                                                                                                                                                                                                                                                                                                                                                                                                                                                                                                                                                                                                                                                                                                                                                                                                                                                                                                                                                                                                                                                                                                                                                                                                                                                                                                                                                                                                                                                                                                                                                                                                                                                                                                                                                                                                                                                                                                                                                                                                                                                                                                                                                                                                                                                                                                                                                                                                                                                                                                                                                                                                                                                                                                                                                                                                                                                                                                                                                                                                                                                                                                                                                                                                                                                                                                                                                                                                                                                                                                                                                                                                                                                                                                                                                                                                                                                                                                                                                                                                                                                                                                                                                                                                                                                                                                                                                                                                                                                                                                                                                                                                                                                                                                                                                                                                                                                                                                                                                                                                                                                                                                                                                                                                                                                                                                                                                                                                                                                                                                                                                                                                                                                                                                                                                                                                                                                                                                                                                                                                                                                                                                                                                                                                                                                                                                                                                                                                                                                                                                                                                                                                                                                                                                                                                                                                                                                                                                                                                                                                                                                                                                                                                                                                                                                                                                                                                                                                                                                                                                                                                                                                                                                                                                                                                                                                                                                                                                                                                                                                                                                                                                                                                                                                                                                                                                                                                                                                                                                                                                                                                                                                                                                                                                                                                                                                                                                                                                                                                                                                                                                                                                                                                                                                                                                                                                                                                                                                                                                                                                                                                                                                                                                                                                                                                                                                                                                                                                                                                                                                                                                                                                                                                                                                                                                                                                                                                                                                                                                                                                                                                                                                                                                                                                                                                                                                                                                                                                                                                                                                                                                                                                                                                                                                                                                                                                                                                                                                                                                                                                                                                                                                                                                                                                                                                                                                                                                                                                                                                                                                                                                                                                                                                                                                                                                                                                                                                                                                                                                                                                                                                                                                                                                                                                                                                                                                                                                                                                                                                                                                                                                                                                                                                                                                                                                                                                                                                                                                                                                                                                                                                                                                                                                                                                                                                                                                                                                                                                                                                                                                                                                                                                                                                                                                                                                                                                                                                                                                                                                                                                                                                                                                                                                                                                                                                                                                                                                                                                                                                                                                                                                                                                                                                                                                                                                                                                                                                                                                                                                                                                                                                                                                                                                                                                                                                                                                                                                                                                                                                                                                                                                                                                                                                                                                                                                                                                                                                                                                                                                                                                                                                                                                                                                                                                                                                                                                                                                                                                                                                                                                                                                                                                                                                                                                                                                                                                                                                                                                                                                                                                                                                                                                                                                                                                                                                                                                                                                                                                                                                                                                                                                                                                                                                                                                                                                                                                                                                                                                                                                                                                                                                                                                                                                                                                                                                                                                                                                                                                                                                                                                                                                                                                                                                                                                                                                                                                                                                                                                                                                                                                                                                                                                                                                                                                                                                                                                                                                                                                                                                                                                                                                                                                                                                                                                                                                                                                                                                                                                                                                                                                                                                                                                                                                                                                                                                                                                                                                                                                                                                                                                                                                                                                                                                                                                                                                                                                                                                                                                                                                                                                                                                                                                                                                                                                                                                                                                                                                                                                                                                                                                                                                                                                                                                                                                                                                                                                                                                                                                                                                                                                                                                                                                                                                                                                                                                                                                                                                                                                                                                                                                                                                                                                                                                                                                                                                                                                                                                                                                                                                                                                                                                                                                                                                                                                                                                                                                                                                                                                                                                                                                                                                                                                                                                                                                                                                                                                                                                                                                                                                                                                                                                                                                                                                                                                                                                                                                                                                                                                                                                                                                                                                                                                                                                                                                                                                                                                                                                                                                                                                                                                                                                                                                                                                                                                                                                                                                                                                                                                                                                                                                                                                                                                                                                                                                                                                                                                                                                                                                                                                                                                                                                                                                                                                                                                                                                                                                                                                                                                                                                                                                                                                                                                                                                                                                                                                                                                                                                                                                                                                                                                                                                                                                                                                                                                                                                                                                                                                                                                                                                                                                                                                                                                                                                                                                                                                                                                                                                                                                                                                                                                                                                                                                                                                                                                                                                                                                                                                                                                                                                                                                                                                                                                                                                                                                                                                                                                                                                                                                                                                                                                                                                                                                                                                                                                                                                                                                                                                                                                                                                                                                                                                                                                                                                                                                                                                                                                                                                                                                                                                                                                                                                                                                                                                                                                                                                                                                                                                                                                                                                                                                                                                                                                                                                                                                                                                                                                                                                                                                                                                                                                                                                                                                                                                                                                                                                                                                                                                                                                                                                                                                                                                                                                                                                                                                                                                                                                                                                                                                                                                                                                                                                                                                                                                                                                                                                                                                                                                                                                                                                                                                                                                                                                                                                                                                                                                                                                                                                                                                                                                                                                                                                                                                                                                                                                                                                                                                                                                                                                                                                                                                                                                                                                                                                                                                                                                                                                                                                                                                                                                                                                                                                                                                                                                                                                                                                                                                                                                                                                                                                                                                                                                                                                                                                                                                                                                                                                                                                                                                                                                                                                                                                                                                                                                                                                                                                                                                                                                                                                                                                                                                                                                                                                                                                                                                                                                                                                                                                                                                                                                                                                                                                                                                                                                                                                                                                                                                                                                                                                                                                                                                                                                                                                                                                                                                                                                                                                                                                                                                                                                                                                                                                                                                                                                                                                                                                                                                                                                                                                                                                                                                                                                                                                                                                                                                                                                                                                                                                                                                                                                                                                                                                                                                                                                                                                                                                                                                                                                                                                                                                                                                                                                                                                                                                                                                                                                                                                                                                                                                                                                                                                                                                                                                                                                                                                                                                                                                                                                                                                                                                                                                                                                                                                                                                                                                                                                                                                                                                                                                                                                                                                                                                                                                                                                                                                                                                                                                                                                                                                                                                                                                                                                                                                                                                                                                                                                                                                                                                                                                                                                                                                                                                                                                                                                                                                                                                                                                                                                                                                                                                                                                                                                                                                                                                                                                                                                                                                                                                                                                                                                                                                                                                                                                                                                                                                                                                                                                                                                                                                                                                                                                                                                                                                                                                                                                                                                                                                                                                                                                                                                                                                                                                                                                                                                                                                                                                                                                                                                                                                                                                                                                                                                                                                                                                                                                                                                                                                                                                                                                                                                                                                                                                                                                                                                                                                                                                                                                                                                                                                                                                                                                                                                                                                                                                                                                                                                                                                                                                                                                                                                                                                                                                                                                                                                                                                                                                                                                                                                                                                                                                                                                                                                                                                                                                                                                                                                                                                                                                                                                                                                                                                                                                                                                                                                                                                                                                                                                                                                                                                                                                                                                                                                                                                                                                                                                                                                                                                                                                                                                                                                                                                                                                                                                                                                                                                                                                                                                                                                                                                                                                                                                                                                                                                                                                                                                                                                                                                                                                                                                                                                                                                                                                                                                                                                                                                                                                                                                                                                                                                                                                                                                                                                                                                                                                                                                                                                                                                                                                                                                                                                                                                                                                                                                                                                                                                                                                                                                                                                                                                                                                                                                                                                                                                                                                                                                                                                                                                                                                                                                                                                                                                                                                                                                                                                                                                                                                                                                                                                                                                                                                                                                                                                                                                                                                                                                                                                                                                                                                                                                                                                                                                                                                                                                                                                                                                                                                                                                                                                                                                                                                                                                                                                                                                                                                                                                                                                                                                                                                                                                                                                                                                                                                                                                                                                                                                                                                                                                                                                                                                                                                                                                                                                                                                                                                                                                                                                                                                                                                                                                                                                                                                                                                                                                                                                                                                                                                                                                                                                                                                                                                                                                                                                                                                                                                                                                                                                                                                                                                                                                                                                                                                                                                                                                                                                                                                                                                                                                                                                                                                                                                                                                                                                                                                                                                                                                                                                                                                                                                                                                                                                                                                                                                                                                                                                                                                                                                                                                                                                                                                                                                                                                                                                                                                                                                                                                                                                                                                                                                                                                                                                                                                                                                                                                                                                                                                                                                                                                                                                                                                                                                                                                                                                                                                                                                                                                                                                                                                                                                                                                                                                                                                                                                                                                                                                                                                                                                                                                                                                                                                                                                                                                                                                                                                                                                                                                                                                                                                                                                                                                                                                                                                                                                                                                                                                                                                                                                                                                                                                                                                                                                                                                                                                                                                                                                                                                                                                                                                                                                                                                                                                                                                                                                                                                                                                                                                                                                                                                                                                                                                                                                                                                                                                                                                                                                                                                                                                                                                                                                                                                                                                                                                                                                                                                                                                                                                                                                                                                                                                                                                                                                                                                                                                                                                                                                                                                                                                                                                                                                                                                                                                                                                                                                                                                                                                                                                                                                                                                                                                                                                                                                                                                                                                                                                                                                                                                                                                                                                                                                                                                                                                                                                                                                                                                                                                                                                                                                                                                                                                                                                                                                                                                                                                                                                                                                                                                                                                                                                                                                                                                                                                                                                                                                                                                                                                                                                                                                                                                                                                                                                                                                                                                                                                                                                                                                                                                                                                                                                                                                                                                                                                                                                                                                                                                                                                                                                                                                                                                                                                                                                                                                                                                                                                                                                                                                                                                                                                                                                                                                                                                                                                                                                                                                                                                                                                                                                                                                                                                                                                                                                                                                                                                                                                                                                                                                                                                                                                                                                                                                                                                                                                                                                                                                                                                                                                                                                                                                                                                                                                                                                                                                                                                                                                                                                                                                                                                                                                                                                                                                                                                                                                                                                                                                                                                                                                                                                                                                                                                                                                                                                                                                                                                                                                                                                                                                                                                                                                                                                                                                                                                                                                                                                                                                                                                                                                                                                                                                                                                                                                                                                                                                                                                                                                                                                                                                                                                                                                                                                                                                                                                                                                                                                                                                                                                                                                                                                                                                                                                                                                                                                                                                                                                                                                                                                                                                                                                                                                                                                                                                                                                                                                                                                                                                                                                                                                                                                                                                                                                                                                                                                                                                                                                                                                                                                                                                                                                                                                                                                                                                                                                                                                                                                                                                                                                                                                                                                                                                                                                                                                                                                                                                                                                                                                                                                                                                                                                                                                                                                                                                                                                                                                                                                                                                                                                                                                                                                                                                                                                                                                                                                                                                                                                                                                                                                                                                                                                                                                                                                                                                                                                                                                                                                                                                                                                                                                                                                                                                                                                                                                                                                                                                                                                                                                                                                                                                                                                                                                                                                                                                                                                                                                                                                                                                                                                                                                                                                                                                                                                                                                                                                                                                                                                                                                                                                                                                                                                                                                                                                                                                                                                                                                                                                                                                                                                                                                                                                                                                                                                                                                                                                                                                                                                                                                                                                                                                                                                                                                                                                                                                                                                                                                                                                                                                                                                                                                                                                                                                                                                                                                                                                                                                                                                                                                                                                                                                                                                                                                                                                                                                                                                                                                                                                                                                                                                                                                                                                                                                                                                                                                                                                                                                                                                                                                                                                                                                                                                                                                                                                                                                                                                                                                                                                                                                                                                                                                                                                                                                                                                                                                                                                                                                                                                                                                                                                                                                                                                                                                                                                                                                                                                                                                                                                                                                                                                                                                                                                                                                                                                                                                                                                                                                                                                                                                                                                                                                                                                                                                                                                                                                                                                                                                                                                                                                                                                                                                                                                                                                                                                                                                                                                                                                                                                                                                                                                                                                                                                                                                                                                                                                                                                                                                                                                                                                                                                                                                                                                                                                                                                                                                                                                                                                                                                                                                                                                                                                                                                                                                                                                                                                                                                                                                                                                                                                                                                                                                                                                                                                                                                                                                                                                                                                                                                                                                                                                                                                                                                                                                                                                                                                                                                                                                                                                                                                                                                                                                                                                                                                                                                                                                                                                                                                                                                                                                                                                                                                                                                                                                                                                                                                                                                                                                                                                                                                                                                                                                                                                                                                                                                                                                                                                                                                                                                                                                                                                                                                                                                                                                                                                                                                                                                                                                                                                                                                                                                                                                                                                                                                                                                                                                                                                                                                                                                                                                                                                                                                                                                                                                                                                                                                                                                                                                                                                                                                                                                                                                                                                                                                                                                                                                                                                                                                                                                                                                                                                                                                                                                                                                                                                                                                                                                                                                                                                                                                                                                                                                                                                                                                                                                                                                                                                                                                                                                                                                                                                                                                                                                                                                                                                                                                                                                                                                                                                                                                                                                                                                                                                                                                                                                                                                                                                                                                                                                                                                                                                                                                                                                                                                                                                                                                                                                                                                                                                                                                                                                                                                                                                                                                                                                                                                                                                                                                                                                                                                                                                                                                                                                                                                                                                                                                                                                                                                                                                                                                                                                                                                                                                                                                                                                                                                                                                                                                                                                                                                                                                                                                                                                                                                                                                                                                                                                                                                                                                                                                                                                                                                                                                                                                                                                                                                                                                                                                                                                                                                                                                                                                                                                                                                                                                                                                                                                                                                                                                                                                                                                                                                                                                                                                                                                                                                                                                                                                                                                                                                                                                                                                                                                                                                                                                                                                                                                                                                                                                                                                                                                                                                                                                                                                                                                                                                                                                                                                                                                                                                                                                                                                                                                                                                                                                                                                                                                                                                                                                                                                                                                                                                                                                                                                                                                                                                                                                                                                                                                                                                                                                                                                                                                                                                                                                                                                                                                                                                                                                                                                                                                                                                                                                                                                                                                                                                                                                                                                                                                                                                                                                                                                                                                                                                                                                                                                                                                                                                                                                                                                                                                                                                                                                                                                                                                                                                                                                                                                                                                                                                                                                                                                                                                                                                                                                                                                                                                                                                                                                                                                                                                                                                                                                                                                                                                                                                                                                                                                                                                                                                                                                                                                                                                                                                                                                                                                                                                                                                                                                                                                                                                                                                                                                                                                                                                                                                                                                                                                                                                                                                                                                                                                                                                                                                                                                                                                                                                                                                                                                                                                                                                                                                                                                                                                                                                                                                                                                                                                                                                                                                                                                                                                                                                                                                                                                                                                                                                                                                                                                                                                                                                                                                                                                                                                                                                                                                                                                                                                                                                                                                                                                                                                                                                                                                                                                                                                                                                                                                                                                                                                                                                                                                                                                                                                                                                                                                                                                                                                                                                                                                                                                                                                                                                                                                                                                                                                                                                                                                                                                                                                                                                                                                                                                                                                                                                                                                                                                                                                                                                                                                                                                                                                                                                                                                                                                                                                                                                                                                                                                                                                                                                                                                                                                                                                                                                                                                                                                                                                                                                                                                                                                                                                                                                                                                                                                                                                                                                                                                                                                                                                                                                                                                                                                                                                                                                                                                                                                                                                                                                                                                                                                                                                                                                                                                                                                                                                                                                                                                                                                                                                                                                                                                                                                                                                                                                                                                                                                                                                                                                                                                                                                                                                                                                                                                                                                                                                                                                                                                                                                                                                                                                                                                                                                                                                                                                                                                                                                                                                                                                                                                                                                                                                                                                                                                                                                                                                                                                                                                                                                                                                                                                                                                                                                                                                                                                                                                                                                                                                                                                                                                                                                                                                                                                                                                                                                                                                                                                                                                                                                                                                                                                                                                                                                                                                                                                                                                                                                                                                                                                                                                                                                                                                                                                                                                                                                                                                                                                                                                                                                                                                                                                                                                                                                                                                                                                                                                                                                                                                                                                                                                                                                                                                                                                                                                                                                                                                                                                                                                                                                                                                                                                                                                                                                                                                                                                                                                                                                                                                                                                                                                                                                                                                                                                                                                                                                                                                                                                                                                                                                                                                                                                                                                                                                                                                                                                                                                                                                                                                                                                                                                                                                                                                                                                                                                                                                                                                                                                                                                                                                                                                                                                                                                                                                                                                                                                                                                                                                                                                                                                                                                                                                                                                                                                                                                                                                                                                                                                                                                                                                                                                                                                                                                                                                                                                                                                                                                                                                                                                                                                                                                                                                                                                                                                                                                                                                                                                                                                                                                                                                                                                                                                                                                                                                                                                                                                                                                                                                                                                                                                                                                                                                                                                                                                                                                                                                                                                                                                                                                                                                                                                                                                                                                                                                                                                                                                                                                                                                                                                                                                                                                                                                                                                                                                                                                                                                                                                                                                                                                                                                                                                                                                                                                                                                                                                                                                                                                                                                                                                                                                                                                                                                                                                                                                                                                                                                                                                                                                                                                                                                                                                                                                                                                                                                                                                                                                                                                                                                                                                                                                                                                                                                                                                                                                                                                                                                                                                                                                                                                                                                                                                                                                                                                                                                                                                                                                                                                                                                                                                                                                                                                                                                                                                                                                                                                                                                                                                                                                                                                                                                                                                                                                                                                                                                                                                                                                                                                                                                                                                                                                                                                                                                                                                                                                                                                                                                                                                                                                                                                                                                                                                                                                                                                                                                                                                                                                                                                                                                                                                                                                                                                                                                                                                                                                                                                                                                                                                                                                                                                                                                                                                                                                                                                                                                                                                                                                                                                                                                                                                                                                                                                                                                                                                                                                                                                                                                                                                                                                                                                                                                                                                                                                                                                                                                                                                                                                                                                                                                                                                                                                                           

*** 处理数控程序文件C:\Users\Administrator\Desktop\G682尝试后处理-777.NC.NC
Wed Apr  1 21:18:33 2020



*** 处理数控程序文件C:\Users\Administrator\Desktop\G682尝试后处理-777.NC.NC
Wed Apr  1 21:18:40 2020



*** 处理数控程序文件C:\Users\Administrator\Desktop\G682尝试后处理-777.NC.NC
Wed Apr  1 21:19:31 2020



*** 处理数控程序文件C:\Users\Administrator\Desktop\G682尝试后处理-777.NC.NC
Wed Apr  1 21:20:46 2020



*** 处理数控程序文件C:\Users\Administrator\Desktop\G682尝试后处理-777.NC.NC
Wed Apr  1 21:20:55 2020



*** 处理数控程序文件C:\Users\Administrator\Desktop\G682尝试后处理-777.NC.NC
Wed Apr  1 21:21:00 2020



******************** 刀路警告报告 ********************
警告:在11行
M13
警告:M 13不支持


******************** 刀路警告报告 ********************
警告:在23行
M12
警告:M 12不支持


*** 处理数控程序文件C:\Users\Administrator\Desktop\G682尝试后处理-777.NC.NC
Wed Apr  1 21:21:10 2020



*** 处理数控程序文件C:\Users\Administrator\Desktop\G682尝试后处理-777.NC.NC
Wed Apr  1 21:22:21 2020



*** 处理数控程序文件C:\Users\Administrator\Desktop\G682尝试后处理-777.NC.NC
Wed Apr  1 21:54:04 2020



*** 处理数控程序文件C:\Users\Administrator\Desktop\G682尝试后处理-777.NC.NC
Wed Apr  1 21:54:07 2020



******************** 刀路警告报告 ********************
警告:在11行
M13
警告:M 13不支持


******************** 刀路警告报告 ********************
警告:在23行
M12
警告:M 12不支持


******************** 刀路警告报告 ********************
警告:在173行
M13
警告:M 13不支持


******************** 刀路警告报告 ********************
警告:在182行
M12
警告:M 12不支持


******************** 刀路错误报告 ********************
错误184行,文件名:G682尝试后处理-777.NC.NC
G00 G43 Z15. H01
错误:在 184 行:G00 G43 Z15. H01,"Z"和"C"碰撞.


******************** 刀路错误报告 ********************
错误184行,文件名:G682尝试后处理-777.NC.NC
G00 G43 Z15. H01
错误:在 184 行:G00 G43 Z15. H01,"Z"和"A"碰撞.


******************** 刀路错误报告 ********************
错误184行,文件名:G682尝试后处理-777.NC.NC
G00 G43 Z15. H01
错误:在 184 行:G00 G43 Z15. H01,组件"Tool"上的刀具"1"快速进给去除材料,去除体积390.6449
当前刀具1: D25 EM, Line# 16, 记录: T1 M06


******************** 刀路错误报告 ********************
错误184行,文件名:G682尝试后处理-777.NC.NC
G00 G43 Z15. H01
错误:在 184 行:G00 G43 Z15. H01,组件"Tool"上刀具"1"的刀柄"Holder2"与"Fixture"碰撞


******************** 刀路错误报告 ********************
错误186行,文件名:G682尝试后处理-777.NC.NC
Z7.
错误:在 186 行:Z7.,"Z"和"A"碰撞.


******************** 刀路错误报告 ********************
错误186行,文件名:G682尝试后处理-777.NC.NC
Z7.
错误:在 186 行:Z7.,"Z"和"C"碰撞.


******************** 刀路错误报告 ********************
错误186行,文件名:G682尝试后处理-777.NC.NC
Z7.
错误:在 186 行:Z7.,组件"Tool"上的刀具"1"快速进给去除材料,去除体积642.3935
当前刀具1: D25 EM, Line# 16, 记录: T1 M06


******************** 刀路错误报告 ********************
错误186行,文件名:G682尝试后处理-777.NC.NC
Z7.
错误:在 186 行:Z7.,组件"Tool"上刀具"1"的刀柄"Holder2"与"Fixture"碰撞


******************** 刀路错误报告 ********************
错误187行,文件名:G682尝试后处理-777.NC.NC
G01 X30.8822 Y-28.4687 Z6.9333 F5000.
错误:组件 "Tool"的刀具 "1" 的刀杆超出允许的碰撞间隙 0.05 与 "Stock" 在(187)行G01 X30.8822 Y-28.4687 Z6.9333 F5000.


******************** 刀路错误报告 ********************
错误187行,文件名:G682尝试后处理-777.NC.NC
G01 X30.8822 Y-28.4687 Z6.9333 F5000.
错误:在 187 行:G01 X30.8822 Y-28.4687 Z6.9333 F5000.,组件"Tool"上刀具"1"的刀柄"Holder2"与"Fixture"碰撞


******************** 刀路错误报告 ********************
错误187行,文件名:G682尝试后处理-777.NC.NC
G01 X30.8822 Y-28.4687 Z6.9333 F5000.
错误:在 187 行:G01 X30.8822 Y-28.4687 Z6.9333 F5000.,"Z"和"A"碰撞.


******************** 刀路错误报告 ********************
错误187行,文件名:G682尝试后处理-777.NC.NC
G01 X30.8822 Y-28.4687 Z6.9333 F5000.
错误:在 187 行:G01 X30.8822 Y-28.4687 Z6.9333 F5000.,"Z"和"C"碰撞.


******************** 刀路错误报告 ********************
错误188行,文件名:G682尝试后处理-777.NC.NC
X31.1435 Y-27.2196 Z6.8667
错误:组件 "Tool"的刀具 "1" 的刀杆超出允许的碰撞间隙 0.05 与 "Stock" 在(188)行X31.1435 Y-27.2196 Z6.8667


******************** 刀路错误报告 ********************
错误188行,文件名:G682尝试后处理-777.NC.NC
X31.1435 Y-27.2196 Z6.8667
错误:在 188 行:X31.1435 Y-27.2196 Z6.8667,组件"Tool"上刀具"1"的刀柄"Holder2"与"Fixture"碰撞


******************** 刀路错误报告 ********************
错误188行,文件名:G682尝试后处理-777.NC.NC
X31.1435 Y-27.2196 Z6.8667
错误:在 188 行:X31.1435 Y-27.2196 Z6.8667,"Z"和"A"碰撞.


******************** 刀路错误报告 ********************
错误188行,文件名:G682尝试后处理-777.NC.NC
X31.1435 Y-27.2196 Z6.8667
错误:在 188 行:X31.1435 Y-27.2196 Z6.8667,"Z"和"C"碰撞.


******************** 刀路错误报告 ********************
错误189行,文件名:G682尝试后处理-777.NC.NC
X30.9685 Y-25.9556 Z6.8
错误:组件 "Tool"的刀具 "1" 的刀杆超出允许的碰撞间隙 0.05 与 "Stock" 在(189)行X30.9685 Y-25.9556 Z6.8


******************** 刀路错误报告 ********************
错误189行,文件名:G682尝试后处理-777.NC.NC
X30.9685 Y-25.9556 Z6.8
错误:在 189 行:X30.9685 Y-25.9556 Z6.8,组件"Tool"上刀具"1"的刀柄"Holder2"与"Fixture"碰撞


******************** 刀路错误报告 ********************
错误189行,文件名:G682尝试后处理-777.NC.NC
X30.9685 Y-25.9556 Z6.8
错误:在 189 行:X30.9685 Y-25.9556 Z6.8,"Z"和"A"碰撞.


******************** 刀路错误报告 ********************
错误189行,文件名:G682尝试后处理-777.NC.NC
X30.9685 Y-25.9556 Z6.8
错误:在 189 行:X30.9685 Y-25.9556 Z6.8,"Z"和"C"碰撞.


******************** 刀路错误报告 ********************
错误190行,文件名:G682尝试后处理-777.NC.NC
X30.3777 Y-24.8246 Z6.7333
错误:组件 "Tool"的刀具 "1" 的刀杆超出允许的碰撞间隙 0.05 与 "Stock" 在(190)行X30.3777 Y-24.8246 Z6.7333


******************** 刀路错误报告 ********************
错误190行,文件名:G682尝试后处理-777.NC.NC
X30.3777 Y-24.8246 Z6.7333
错误:在 190 行:X30.3777 Y-24.8246 Z6.7333,组件"Tool"上刀具"1"的刀柄"Holder2"与"Fixture"碰撞


******************** 刀路错误报告 ********************
错误190行,文件名:G682尝试后处理-777.NC.NC
X30.3777 Y-24.8246 Z6.7333
错误:在 190 行:X30.3777 Y-24.8246 Z6.7333,"Z"和"A"碰撞.


******************** 刀路错误报告 ********************
错误190行,文件名:G682尝试后处理-777.NC.NC
X30.3777 Y-24.8246 Z6.7333
错误:在 190 行:X30.3777 Y-24.8246 Z6.7333,"Z"和"C"碰撞.


******************** 刀路错误报告 ********************
错误191行,文件名:G682尝试后处理-777.NC.NC
X29.4402 Y-23.9588 Z6.6667
错误:组件 "Tool"的刀具 "1" 的刀杆超出允许的碰撞间隙 0.05 与 "Stock" 在(191)行X29.4402 Y-23.9588 Z6.6667


******************** 刀路错误报告 ********************
错误191行,文件名:G682尝试后处理-777.NC.NC
X29.4402 Y-23.9588 Z6.6667
错误:在 191 行:X29.4402 Y-23.9588 Z6.6667,组件"Tool"上刀具"1"的刀柄"Holder2"与"Fixture"碰撞


******************** 刀路错误报告 ********************
错误191行,文件名:G682尝试后处理-777.NC.NC
X29.4402 Y-23.9588 Z6.6667
错误:在 191 行:X29.4402 Y-23.9588 Z6.6667,"Z"和"A"碰撞.


******************** 刀路错误报告 ********************
错误191行,文件名:G682尝试后处理-777.NC.NC
X29.4402 Y-23.9588 Z6.6667
错误:在 191 行:X29.4402 Y-23.9588 Z6.6667,"Z"和"C"碰撞.


******************** 刀路错误报告 ********************
错误192行,文件名:G682尝试后处理-777.NC.NC
X28.2657 Y-23.4598 Z6.6
错误:组件 "Tool"的刀具 "1" 的刀杆超出允许的碰撞间隙 0.05 与 "Stock" 在(192)行X28.2657 Y-23.4598 Z6.6


******************** 刀路错误报告 ********************
错误192行,文件名:G682尝试后处理-777.NC.NC
X28.2657 Y-23.4598 Z6.6
错误:在 192 行:X28.2657 Y-23.4598 Z6.6,组件"Tool"上刀具"1"的刀柄"Holder2"与"Fixture"碰撞


******************** 刀路错误报告 ********************
错误192行,文件名:G682尝试后处理-777.NC.NC
X28.2657 Y-23.4598 Z6.6
错误:在 192 行:X28.2657 Y-23.4598 Z6.6,"Z"和"A"碰撞.


******************** 刀路错误报告 ********************
错误192行,文件名:G682尝试后处理-777.NC.NC
X28.2657 Y-23.4598 Z6.6
错误:在 192 行:X28.2657 Y-23.4598 Z6.6,"Z"和"C"碰撞.


******************** 刀路错误报告 ********************
错误193行,文件名:G682尝试后处理-777.NC.NC
X26.9918 Y-23.3858 Z6.5333
错误:组件 "Tool"的刀具 "1" 的刀杆超出允许的碰撞间隙 0.05 与 "Stock" 在(193)行X26.9918 Y-23.3858 Z6.5333


******************** 刀路错误报告 ********************
错误193行,文件名:G682尝试后处理-777.NC.NC
X26.9918 Y-23.3858 Z6.5333
错误:在 193 行:X26.9918 Y-23.3858 Z6.5333,组件"Tool"上刀具"1"的刀柄"Holder2"与"Fixture"碰撞


******************** 刀路错误报告 ********************
错误193行,文件名:G682尝试后处理-777.NC.NC
X26.9918 Y-23.3858 Z6.5333
错误:在 193 行:X26.9918 Y-23.3858 Z6.5333,"Z"和"A"碰撞.


******************** 刀路错误报告 ********************
错误193行,文件名:G682尝试后处理-777.NC.NC
X26.9918 Y-23.3858 Z6.5333
错误:在 193 行:X26.9918 Y-23.3858 Z6.5333,"Z"和"C"碰撞.


******************** 刀路错误报告 ********************
错误194行,文件名:G682尝试后处理-777.NC.NC
X25.7674 Y-23.7456 Z6.4667
错误:组件 "Tool"的刀具 "1" 的刀杆超出允许的碰撞间隙 0.05 与 "Stock" 在(194)行X25.7674 Y-23.7456 Z6.4667


******************** 刀路错误报告 ********************
错误194行,文件名:G682尝试后处理-777.NC.NC
X25.7674 Y-23.7456 Z6.4667
错误:在 194 行:X25.7674 Y-23.7456 Z6.4667,组件"Tool"上刀具"1"的刀柄"Holder2"与"Fixture"碰撞


******************** 刀路错误报告 ********************
错误194行,文件名:G682尝试后处理-777.NC.NC
X25.7674 Y-23.7456 Z6.4667
错误:在 194 行:X25.7674 Y-23.7456 Z6.4667,"Z"和"A"碰撞.


******************** 刀路错误报告 ********************
错误194行,文件名:G682尝试后处理-777.NC.NC
X25.7674 Y-23.7456 Z6.4667
错误:在 194 行:X25.7674 Y-23.7456 Z6.4667,"Z"和"C"碰撞.


******************** 刀路错误报告 ********************
错误195行,文件名:G682尝试后处理-777.NC.NC
X24.736 Y-24.497 Z6.4
错误:组件 "Tool"的刀具 "1" 的刀杆超出允许的碰撞间隙 0.05 与 "Stock" 在(195)行X24.736 Y-24.497 Z6.4


******************** 刀路错误报告 ********************
错误195行,文件名:G682尝试后处理-777.NC.NC
X24.736 Y-24.497 Z6.4
错误:在 195 行:X24.736 Y-24.497 Z6.4,组件"Tool"上刀具"1"的刀柄"Holder2"与"Fixture"碰撞


******************** 刀路错误报告 ********************
错误195行,文件名:G682尝试后处理-777.NC.NC
X24.736 Y-24.497 Z6.4
错误:在 195 行:X24.736 Y-24.497 Z6.4,"Z"和"A"碰撞.


******************** 刀路错误报告 ********************
错误195行,文件名:G682尝试后处理-777.NC.NC
X24.736 Y-24.497 Z6.4
错误:在 195 行:X24.736 Y-24.497 Z6.4,"Z"和"C"碰撞.


******************** 刀路错误报告 ********************
错误196行,文件名:G682尝试后处理-777.NC.NC
X24.0183 Y-25.5521 Z6.3333
错误:组件 "Tool"的刀具 "1" 的刀杆超出允许的碰撞间隙 0.05 与 "Stock" 在(196)行X24.0183 Y-25.5521 Z6.3333


******************** 刀路错误报告 ********************
错误196行,文件名:G682尝试后处理-777.NC.NC
X24.0183 Y-25.5521 Z6.3333
错误:在 196 行:X24.0183 Y-25.5521 Z6.3333,组件"Tool"上刀具"1"的刀柄"Holder2"与"Fixture"碰撞


******************** 刀路错误报告 ********************
错误196行,文件名:G682尝试后处理-777.NC.NC
X24.0183 Y-25.5521 Z6.3333
错误:在 196 行:X24.0183 Y-25.5521 Z6.3333,"Z"和"A"碰撞.


******************** 刀路错误报告 ********************
错误196行,文件名:G682尝试后处理-777.NC.NC
X24.0183 Y-25.5521 Z6.3333
错误:在 196 行:X24.0183 Y-25.5521 Z6.3333,"Z"和"C"碰撞.


******************** 刀路错误报告 ********************
错误197行,文件名:G682尝试后处理-777.NC.NC
X23.6982 Y-26.7874 Z6.2667
错误:组件 "Tool"的刀具 "1" 的刀杆超出允许的碰撞间隙 0.05 与 "Stock" 在(197)行X23.6982 Y-26.7874 Z6.2667


******************** 刀路错误报告 ********************
错误197行,文件名:G682尝试后处理-777.NC.NC
X23.6982 Y-26.7874 Z6.2667
错误:在 197 行:X23.6982 Y-26.7874 Z6.2667,组件"Tool"上刀具"1"的刀柄"Holder2"与"Fixture"碰撞


******************** 刀路错误报告 ********************
错误197行,文件名:G682尝试后处理-777.NC.NC
X23.6982 Y-26.7874 Z6.2667
错误:在 197 行:X23.6982 Y-26.7874 Z6.2667,"Z"和"A"碰撞.


******************** 刀路错误报告 ********************
错误197行,文件名:G682尝试后处理-777.NC.NC
X23.6982 Y-26.7874 Z6.2667
错误:在 197 行:X23.6982 Y-26.7874 Z6.2667,"Z"和"C"碰撞.


******************** 刀路错误报告 ********************
错误198行,文件名:G682尝试后处理-777.NC.NC
X23.8132 Y-28.0583 Z6.2
错误:组件 "Tool"的刀具 "1" 的刀杆超出允许的碰撞间隙 0.05 与 "Stock" 在(198)行X23.8132 Y-28.0583 Z6.2


******************** 刀路错误报告 ********************
错误198行,文件名:G682尝试后处理-777.NC.NC
X23.8132 Y-28.0583 Z6.2
错误:在 198 行:X23.8132 Y-28.0583 Z6.2,组件"Tool"上刀具"1"的刀柄"Holder2"与"Fixture"碰撞


******************** 刀路错误报告 ********************
错误198行,文件名:G682尝试后处理-777.NC.NC
X23.8132 Y-28.0583 Z6.2
错误:在 198 行:X23.8132 Y-28.0583 Z6.2,"Z"和"A"碰撞.


******************** 刀路错误报告 ********************
错误198行,文件名:G682尝试后处理-777.NC.NC
X23.8132 Y-28.0583 Z6.2
错误:在 198 行:X23.8132 Y-28.0583 Z6.2,"Z"和"C"碰撞.


******************** 刀路错误报告 ********************
错误199行,文件名:G682尝试后处理-777.NC.NC
X24.3498 Y-29.2161 Z6.1333
错误:组件 "Tool"的刀具 "1" 的刀杆超出允许的碰撞间隙 0.05 与 "Stock" 在(199)行X24.3498 Y-29.2161 Z6.1333


******************** 刀路错误报告 ********************
错误199行,文件名:G682尝试后处理-777.NC.NC
X24.3498 Y-29.2161 Z6.1333
错误:在 199 行:X24.3498 Y-29.2161 Z6.1333,组件"Tool"上刀具"1"的刀柄"Holder2"与"Fixture"碰撞


******************** 刀路错误报告 ********************
错误199行,文件名:G682尝试后处理-777.NC.NC
X24.3498 Y-29.2161 Z6.1333
错误:在 199 行:X24.3498 Y-29.2161 Z6.1333,"Z"和"A"碰撞.


******************** 刀路错误报告 ********************
错误199行,文件名:G682尝试后处理-777.NC.NC
X24.3498 Y-29.2161 Z6.1333
错误:在 199 行:X24.3498 Y-29.2161 Z6.1333,"Z"和"C"碰撞.


******************** 刀路错误报告 ********************
错误200行,文件名:G682尝试后处理-777.NC.NC
X25.2453 Y-30.1252 Z6.0667
错误:组件 "Tool"的刀具 "1" 的刀杆超出允许的碰撞间隙 0.05 与 "Stock" 在(200)行X25.2453 Y-30.1252 Z6.0667


******************** 刀路错误报告 ********************
错误200行,文件名:G682尝试后处理-777.NC.NC
X25.2453 Y-30.1252 Z6.0667
错误:在 200 行:X25.2453 Y-30.1252 Z6.0667,组件"Tool"上刀具"1"的刀柄"Holder2"与"Fixture"碰撞


******************** 刀路错误报告 ********************
错误200行,文件名:G682尝试后处理-777.NC.NC
X25.2453 Y-30.1252 Z6.0667
错误:在 200 行:X25.2453 Y-30.1252 Z6.0667,"Z"和"A"碰撞.


******************** 刀路错误报告 ********************
错误200行,文件名:G682尝试后处理-777.NC.NC
X25.2453 Y-30.1252 Z6.0667
错误:在 200 行:X25.2453 Y-30.1252 Z6.0667,"Z"和"C"碰撞.


******************** 刀路错误报告 ********************
错误201行,文件名:G682尝试后处理-777.NC.NC
X26.3948 Y-30.6792 Z6.
错误:组件 "Tool"的刀具 "1" 的刀杆超出允许的碰撞间隙 0.05 与 "Stock" 在(201)行X26.3948 Y-30.6792 Z6.


******************** 刀路错误报告 ********************
错误201行,文件名:G682尝试后处理-777.NC.NC
X26.3948 Y-30.6792 Z6.
错误:在 201 行:X26.3948 Y-30.6792 Z6.,组件"Tool"上刀具"1"的刀柄"Holder2"与"Fixture"碰撞


******************** 刀路错误报告 ********************
错误201行,文件名:G682尝试后处理-777.NC.NC
X26.3948 Y-30.6792 Z6.
错误:在 201 行:X26.3948 Y-30.6792 Z6.,"Z"和"A"碰撞.


******************** 刀路错误报告 ********************
错误201行,文件名:G682尝试后处理-777.NC.NC
X26.3948 Y-30.6792 Z6.
错误:在 201 行:X26.3948 Y-30.6792 Z6.,"Z"和"C"碰撞.


******************** 刀路错误报告 ********************
错误202行,文件名:G682尝试后处理-777.NC.NC
X27.6638 Y-30.8134 Z5.9333
错误:组件 "Tool"的刀具 "1" 的刀杆超出允许的碰撞间隙 0.05 与 "Stock" 在(202)行X27.6638 Y-30.8134 Z5.9333


******************** 刀路错误报告 ********************
错误202行,文件名:G682尝试后处理-777.NC.NC
X27.6638 Y-30.8134 Z5.9333
错误:在 202 行:X27.6638 Y-30.8134 Z5.9333,组件"Tool"上刀具"1"的刀柄"Holder2"与"Fixture"碰撞


******************** 刀路错误报告 ********************
错误202行,文件名:G682尝试后处理-777.NC.NC
X27.6638 Y-30.8134 Z5.9333
错误:在 202 行:X27.6638 Y-30.8134 Z5.9333,"Z"和"A"碰撞.


******************** 刀路错误报告 ********************
错误202行,文件名:G682尝试后处理-777.NC.NC
X27.6638 Y-30.8134 Z5.9333
错误:在 202 行:X27.6638 Y-30.8134 Z5.9333,"Z"和"C"碰撞.


******************** 刀路错误报告 ********************
错误203行,文件名:G682尝试后处理-777.NC.NC
X28.9038 Y-30.512 Z5.8667
错误:组件 "Tool"的刀具 "1" 的刀杆超出允许的碰撞间隙 0.05 与 "Stock" 在(203)行X28.9038 Y-30.512 Z5.8667


******************** 刀路错误报告 ********************
错误203行,文件名:G682尝试后处理-777.NC.NC
X28.9038 Y-30.512 Z5.8667
错误:在 203 行:X28.9038 Y-30.512 Z5.8667,组件"Tool"上刀具"1"的刀柄"Holder2"与"Fixture"碰撞


******************** 刀路错误报告 ********************
错误203行,文件名:G682尝试后处理-777.NC.NC
X28.9038 Y-30.512 Z5.8667
错误:在 203 行:X28.9038 Y-30.512 Z5.8667,"Z"和"A"碰撞.


******************** 刀路错误报告 ********************
错误203行,文件名:G682尝试后处理-777.NC.NC
X28.9038 Y-30.512 Z5.8667
错误:在 203 行:X28.9038 Y-30.512 Z5.8667,"Z"和"C"碰撞.


******************** 刀路错误报告 ********************
错误204行,文件名:G682尝试后处理-777.NC.NC
X29.9696 Y-29.8102 Z5.8
错误:组件 "Tool"的刀具 "1" 的刀杆超出允许的碰撞间隙 0.05 与 "Stock" 在(204)行X29.9696 Y-29.8102 Z5.8


******************** 刀路错误报告 ********************
错误204行,文件名:G682尝试后处理-777.NC.NC
X29.9696 Y-29.8102 Z5.8
错误:在 204 行:X29.9696 Y-29.8102 Z5.8,组件"Tool"上刀具"1"的刀柄"Holder2"与"Fixture"碰撞


******************** 刀路错误报告 ********************
错误204行,文件名:G682尝试后处理-777.NC.NC
X29.9696 Y-29.8102 Z5.8
错误:在 204 行:X29.9696 Y-29.8102 Z5.8,"Z"和"A"碰撞.


******************** 刀路错误报告 ********************
错误204行,文件名:G682尝试后处理-777.NC.NC
X29.9696 Y-29.8102 Z5.8
错误:在 204 行:X29.9696 Y-29.8102 Z5.8,"Z"和"C"碰撞.


******************** 刀路错误报告 ********************
错误205行,文件名:G682尝试后处理-777.NC.NC
X30.7365 Y-28.7903 Z5.7333
错误:组件 "Tool"的刀具 "1" 的刀杆超出允许的碰撞间隙 0.05 与 "Stock" 在(205)行X30.7365 Y-28.7903 Z5.7333


******************** 刀路错误报告 ********************
错误205行,文件名:G682尝试后处理-777.NC.NC
X30.7365 Y-28.7903 Z5.7333
错误:在 205 行:X30.7365 Y-28.7903 Z5.7333,组件"Tool"上刀具"1"的刀柄"Holder2"与"Fixture"碰撞


******************** 刀路错误报告 ********************
错误205行,文件名:G682尝试后处理-777.NC.NC
X30.7365 Y-28.7903 Z5.7333
错误:在 205 行:X30.7365 Y-28.7903 Z5.7333,"Z"和"A"碰撞.


******************** 刀路错误报告 ********************
错误205行,文件名:G682尝试后处理-777.NC.NC
X30.7365 Y-28.7903 Z5.7333
错误:在 205 行:X30.7365 Y-28.7903 Z5.7333,"Z"和"C"碰撞.


******************** 刀路错误报告 ********************
错误206行,文件名:G682尝试后处理-777.NC.NC
X31.1147 Y-27.5715 Z5.6667
错误:组件 "Tool"的刀具 "1" 的刀杆超出允许的碰撞间隙 0.05 与 "Stock" 在(206)行X31.1147 Y-27.5715 Z5.6667


******************** 刀路错误报告 ********************
错误206行,文件名:G682尝试后处理-777.NC.NC
X31.1147 Y-27.5715 Z5.6667
错误:在 206 行:X31.1147 Y-27.5715 Z5.6667,组件"Tool"上刀具"1"的刀柄"Holder2"与"Fixture"碰撞


******************** 刀路错误报告 ********************
错误206行,文件名:G682尝试后处理-777.NC.NC
X31.1147 Y-27.5715 Z5.6667
错误:在 206 行:X31.1147 Y-27.5715 Z5.6667,"Z"和"A"碰撞.


******************** 刀路错误报告 ********************
错误206行,文件名:G682尝试后处理-777.NC.NC
X31.1147 Y-27.5715 Z5.6667
错误:在 206 行:X31.1147 Y-27.5715 Z5.6667,"Z"和"C"碰撞.


******************** 刀路错误报告 ********************
错误207行,文件名:G682尝试后处理-777.NC.NC
X31.06 Y-26.2966 Z5.6
错误:组件 "Tool"的刀具 "1" 的刀杆超出允许的碰撞间隙 0.05 与 "Stock" 在(207)行X31.06 Y-26.2966 Z5.6


******************** 刀路错误报告 ********************
错误207行,文件名:G682尝试后处理-777.NC.NC
X31.06 Y-26.2966 Z5.6
错误:在 207 行:X31.06 Y-26.2966 Z5.6,组件"Tool"上刀具"1"的刀柄"Holder2"与"Fixture"碰撞


******************** 刀路错误报告 ********************
错误207行,文件名:G682尝试后处理-777.NC.NC
X31.06 Y-26.2966 Z5.6
错误:在 207 行:X31.06 Y-26.2966 Z5.6,"Z"和"A"碰撞.


******************** 刀路错误报告 ********************
错误207行,文件名:G682尝试后处理-777.NC.NC
X31.06 Y-26.2966 Z5.6
错误:在 207 行:X31.06 Y-26.2966 Z5.6,"Z"和"C"碰撞.


******************** 刀路错误报告 ********************
错误208行,文件名:G682尝试后处理-777.NC.NC
X30.5788 Y-25.1148 Z5.5333
错误:组件 "Tool"的刀具 "1" 的刀杆超出允许的碰撞间隙 0.05 与 "Stock" 在(208)行X30.5788 Y-25.1148 Z5.5333


******************** 刀路错误报告 ********************
错误208行,文件名:G682尝试后处理-777.NC.NC
X30.5788 Y-25.1148 Z5.5333
错误:在 208 行:X30.5788 Y-25.1148 Z5.5333,组件"Tool"上刀具"1"的刀柄"Holder2"与"Fixture"碰撞


******************** 刀路错误报告 ********************
错误208行,文件名:G682尝试后处理-777.NC.NC
X30.5788 Y-25.1148 Z5.5333
错误:在 208 行:X30.5788 Y-25.1148 Z5.5333,"Z"和"A"碰撞.


******************** 刀路错误报告 ********************
错误208行,文件名:G682尝试后处理-777.NC.NC
X30.5788 Y-25.1148 Z5.5333
错误:在 208 行:X30.5788 Y-25.1148 Z5.5333,"Z"和"C"碰撞.


******************** 刀路错误报告 ********************
错误209行,文件名:G682尝试后处理-777.NC.NC
X29.7273 Y-24.1643 Z5.4667
错误:组件 "Tool"的刀具 "1" 的刀杆超出允许的碰撞间隙 0.05 与 "Stock" 在(209)行X29.7273 Y-24.1643 Z5.4667


******************** 刀路错误报告 ********************
错误209行,文件名:G682尝试后处理-777.NC.NC
X29.7273 Y-24.1643 Z5.4667
错误:在 209 行:X29.7273 Y-24.1643 Z5.4667,组件"Tool"上刀具"1"的刀柄"Holder2"与"Fixture"碰撞


******************** 刀路错误报告 ********************
错误209行,文件名:G682尝试后处理-777.NC.NC
X29.7273 Y-24.1643 Z5.4667
错误:在 209 行:X29.7273 Y-24.1643 Z5.4667,"Z"和"A"碰撞.


******************** 刀路错误报告 ********************
错误209行,文件名:G682尝试后处理-777.NC.NC
X29.7273 Y-24.1643 Z5.4667
错误:在 209 行:X29.7273 Y-24.1643 Z5.4667,"Z"和"C"碰撞.


******************** 刀路错误报告 ********************
错误210行,文件名:G682尝试后处理-777.NC.NC
X28.6053 Y-23.5564 Z5.4
错误:组件 "Tool"的刀具 "1" 的刀杆超出允许的碰撞间隙 0.05 与 "Stock" 在(210)行X28.6053 Y-23.5564 Z5.4


******************** 刀路错误报告 ********************
错误210行,文件名:G682尝试后处理-777.NC.NC
X28.6053 Y-23.5564 Z5.4
错误:在 210 行:X28.6053 Y-23.5564 Z5.4,组件"Tool"上刀具"1"的刀柄"Holder2"与"Fixture"碰撞


******************** 刀路错误报告 ********************
错误210行,文件名:G682尝试后处理-777.NC.NC
X28.6053 Y-23.5564 Z5.4
错误:在 210 行:X28.6053 Y-23.5564 Z5.4,"Z"和"A"碰撞.


******************** 刀路错误报告 ********************
错误210行,文件名:G682尝试后处理-777.NC.NC
X28.6053 Y-23.5564 Z5.4
错误:在 210 行:X28.6053 Y-23.5564 Z5.4,"Z"和"C"碰撞.


******************** 刀路错误报告 ********************
错误211行,文件名:G682尝试后处理-777.NC.NC
X27.3441 Y-23.3624 Z5.3333
错误:组件 "Tool"的刀具 "1" 的刀杆超出允许的碰撞间隙 0.05 与 "Stock" 在(211)行X27.3441 Y-23.3624 Z5.3333


******************** 刀路错误报告 ********************
错误211行,文件名:G682尝试后处理-777.NC.NC
X27.3441 Y-23.3624 Z5.3333
错误:在 211 行:X27.3441 Y-23.3624 Z5.3333,组件"Tool"上刀具"1"的刀柄"Holder2"与"Fixture"碰撞


******************** 刀路错误报告 ********************
错误211行,文件名:G682尝试后处理-777.NC.NC
X27.3441 Y-23.3624 Z5.3333
错误:在 211 行:X27.3441 Y-23.3624 Z5.3333,"Z"和"A"碰撞.


******************** 刀路错误报告 ********************
错误211行,文件名:G682尝试后处理-777.NC.NC
X27.3441 Y-23.3624 Z5.3333
错误:在 211 行:X27.3441 Y-23.3624 Z5.3333,"Z"和"C"碰撞.


******************** 刀路错误报告 ********************
错误212行,文件名:G682尝试后处理-777.NC.NC
X26.0912 Y-23.6048 Z5.2667
错误:组件 "Tool"的刀具 "1" 的刀杆超出允许的碰撞间隙 0.05 与 "Stock" 在(212)行X26.0912 Y-23.6048 Z5.2667


******************** 刀路错误报告 ********************
错误212行,文件名:G682尝试后处理-777.NC.NC
X26.0912 Y-23.6048 Z5.2667
错误:在 212 行:X26.0912 Y-23.6048 Z5.2667,组件"Tool"上刀具"1"的刀柄"Holder2"与"Fixture"碰撞


******************** 刀路错误报告 ********************
错误212行,文件名:G682尝试后处理-777.NC.NC
X26.0912 Y-23.6048 Z5.2667
错误:在 212 行:X26.0912 Y-23.6048 Z5.2667,"Z"和"A"碰撞.


******************** 刀路错误报告 ********************
错误212行,文件名:G682尝试后处理-777.NC.NC
X26.0912 Y-23.6048 Z5.2667
错误:在 212 行:X26.0912 Y-23.6048 Z5.2667,"Z"和"C"碰撞.


******************** 刀路错误报告 ********************
错误213行,文件名:G682尝试后处理-777.NC.NC
X24.9934 Y-24.2553 Z5.2
错误:组件 "Tool"的刀具 "1" 的刀杆超出允许的碰撞间隙 0.05 与 "Stock" 在(213)行X24.9934 Y-24.2553 Z5.2


******************** 刀路错误报告 ********************
错误213行,文件名:G682尝试后处理-777.NC.NC
X24.9934 Y-24.2553 Z5.2
错误:在 213 行:X24.9934 Y-24.2553 Z5.2,组件"Tool"上刀具"1"的刀柄"Holder2"与"Fixture"碰撞


******************** 刀路错误报告 ********************
错误213行,文件名:G682尝试后处理-777.NC.NC
X24.9934 Y-24.2553 Z5.2
错误:在 213 行:X24.9934 Y-24.2553 Z5.2,"Z"和"A"碰撞.


******************** 刀路错误报告 ********************
错误213行,文件名:G682尝试后处理-777.NC.NC
X24.9934 Y-24.2553 Z5.2
错误:在 213 行:X24.9934 Y-24.2553 Z5.2,"Z"和"C"碰撞.


******************** 刀路错误报告 ********************
错误214行,文件名:G682尝试后处理-777.NC.NC
X24.1791 Y-25.2378 Z5.1333
错误:组件 "Tool"的刀具 "1" 的刀杆超出允许的碰撞间隙 0.05 与 "Stock" 在(214)行X24.1791 Y-25.2378 Z5.1333


******************** 刀路错误报告 ********************
错误214行,文件名:G682尝试后处理-777.NC.NC
X24.1791 Y-25.2378 Z5.1333
错误:在 214 行:X24.1791 Y-25.2378 Z5.1333,组件"Tool"上刀具"1"的刀柄"Holder2"与"Fixture"碰撞


******************** 刀路错误报告 ********************
错误214行,文件名:G682尝试后处理-777.NC.NC
X24.1791 Y-25.2378 Z5.1333
错误:在 214 行:X24.1791 Y-25.2378 Z5.1333,"Z"和"A"碰撞.


******************** 刀路错误报告 ********************
错误214行,文件名:G682尝试后处理-777.NC.NC
X24.1791 Y-25.2378 Z5.1333
错误:在 214 行:X24.1791 Y-25.2378 Z5.1333,"Z"和"C"碰撞.


******************** 刀路错误报告 ********************
错误215行,文件名:G682尝试后处理-777.NC.NC
X23.7436 Y-26.4373 Z5.0667
错误:组件 "Tool"的刀具 "1" 的刀杆超出允许的碰撞间隙 0.05 与 "Stock" 在(215)行X23.7436 Y-26.4373 Z5.0667


******************** 刀路错误报告 ********************
错误215行,文件名:G682尝试后处理-777.NC.NC
X23.7436 Y-26.4373 Z5.0667
错误:在 215 行:X23.7436 Y-26.4373 Z5.0667,组件"Tool"上刀具"1"的刀柄"Holder2"与"Fixture"碰撞


******************** 刀路错误报告 ********************
错误215行,文件名:G682尝试后处理-777.NC.NC
X23.7436 Y-26.4373 Z5.0667
错误:在 215 行:X23.7436 Y-26.4373 Z5.0667,"Z"和"A"碰撞.


******************** 刀路错误报告 ********************
错误215行,文件名:G682尝试后处理-777.NC.NC
X23.7436 Y-26.4373 Z5.0667
错误:在 215 行:X23.7436 Y-26.4373 Z5.0667,"Z"和"C"碰撞.


******************** 刀路错误报告 ********************
错误216行,文件名:G682尝试后处理-777.NC.NC
X23.7675 Y-27.7083 Z5.
错误:组件 "Tool"的刀具 "1" 的刀杆超出允许的碰撞间隙 0.05 与 "Stock" 在(216)行X23.7675 Y-27.7083 Z5.


******************** 刀路错误报告 ********************
错误216行,文件名:G682尝试后处理-777.NC.NC
X23.7675 Y-27.7083 Z5.
错误:在 216 行:X23.7675 Y-27.7083 Z5.,组件"Tool"上刀具"1"的刀柄"Holder2"与"Fixture"碰撞


******************** 刀路错误报告 ********************
错误216行,文件名:G682尝试后处理-777.NC.NC
X23.7675 Y-27.7083 Z5.
错误:在 216 行:X23.7675 Y-27.7083 Z5.,"Z"和"A"碰撞.


******************** 刀路错误报告 ********************
错误216行,文件名:G682尝试后处理-777.NC.NC
X23.7675 Y-27.7083 Z5.
错误:在 216 行:X23.7675 Y-27.7083 Z5.,"Z"和"C"碰撞.


******************** 刀路错误报告 ********************
错误217行,文件名:G682尝试后处理-777.NC.NC
X25. Y-35.
错误:在 217 行:X25. Y-35.,"Z"和"A"碰撞.


******************** 刀路错误报告 ********************
错误217行,文件名:G682尝试后处理-777.NC.NC
X25. Y-35.
错误:在 217 行:X25. Y-35.,"Z"和"C"碰撞.


******************** 刀路错误报告 ********************
错误217行,文件名:G682尝试后处理-777.NC.NC
X25. Y-35.
错误:组件 "Tool"的刀具 "1" 的刀杆超出允许的碰撞间隙 0.05 与 "Stock" 在(217)行X25. Y-35.


******************** 刀路错误报告 ********************
错误217行,文件名:G682尝试后处理-777.NC.NC
X25. Y-35.
错误:在 217 行:X25. Y-35.,组件"Tool"上刀具"1"的刀柄"Holder2"与"Fixture"碰撞


******************** 刀路错误报告 ********************
错误218行,文件名:G682尝试后处理-777.NC.NC
X27.465 Y-20.4167
错误:在 218 行:X27.465 Y-20.4167,"Z"和"A"碰撞.


******************** 刀路错误报告 ********************
错误218行,文件名:G682尝试后处理-777.NC.NC
X27.465 Y-20.4167
错误:在 218 行:X27.465 Y-20.4167,"Z"和"C"碰撞.


******************** 刀路错误报告 ********************
错误218行,文件名:G682尝试后处理-777.NC.NC
X27.465 Y-20.4167
错误:组件 "Tool"的刀具 "1" 的刀杆超出允许的碰撞间隙 0.05 与 "Stock" 在(218)行X27.465 Y-20.4167


******************** 刀路错误报告 ********************
错误218行,文件名:G682尝试后处理-777.NC.NC
X27.465 Y-20.4167
错误:在 218 行:X27.465 Y-20.4167,组件"Tool"上刀具"1"的刀柄"Holder2"与"Fixture"碰撞


******************** 刀路错误报告 ********************
错误219行,文件名:G682尝试后处理-777.NC.NC
G03 X27.5Y-20. Z5. R2.5
错误:组件 "Tool"的刀具 "1" 的刀杆超出允许的碰撞间隙 0.05 与 "Stock" 在(219)行G03 X27.5Y-20. Z5. R2.5


******************** 刀路错误报告 ********************
错误219行,文件名:G682尝试后处理-777.NC.NC
G03 X27.5Y-20. Z5. R2.5
错误:在 219 行:G03 X27.5Y-20. Z5. R2.5,组件"Tool"上刀具"1"的刀柄"Holder2"与"Fixture"碰撞


******************** 刀路错误报告 ********************
错误219行,文件名:G682尝试后处理-777.NC.NC
G03 X27.5Y-20. Z5. R2.5
错误:在 219 行:G03 X27.5Y-20. Z5. R2.5,"Z"和"A"碰撞.


******************** 刀路错误报告 ********************
错误219行,文件名:G682尝试后处理-777.NC.NC
G03 X27.5Y-20. Z5. R2.5
错误:在 219 行:G03 X27.5Y-20. Z5. R2.5,"Z"和"C"碰撞.


******************** 刀路错误报告 ********************
错误220行,文件名:G682尝试后处理-777.NC.NC
G03 X25.Y-17.5 Z5. R2.5
错误:组件 "Tool"的刀具 "1" 的刀杆超出允许的碰撞间隙 0.05 与 "Stock" 在(220)行G03 X25.Y-17.5 Z5. R2.5


******************** 刀路错误报告 ********************
错误220行,文件名:G682尝试后处理-777.NC.NC
G03 X25.Y-17.5 Z5. R2.5
错误:在 220 行:G03 X25.Y-17.5 Z5. R2.5,组件"Tool"上刀具"1"的刀柄"Holder2"与"Fixture"碰撞


******************** 刀路错误报告 ********************
错误220行,文件名:G682尝试后处理-777.NC.NC
G03 X25.Y-17.5 Z5. R2.5
错误:在 220 行:G03 X25.Y-17.5 Z5. R2.5,"Z"和"A"碰撞.


******************** 刀路错误报告 ********************
错误220行,文件名:G682尝试后处理-777.NC.NC
G03 X25.Y-17.5 Z5. R2.5
错误:在 220 行:G03 X25.Y-17.5 Z5. R2.5,"Z"和"C"碰撞.


******************** 刀路错误报告 ********************
错误221行,文件名:G682尝试后处理-777.NC.NC
G03 X22.5Y-20. Z5. R2.5
错误:组件 "Tool"的刀具 "1" 的刀杆超出允许的碰撞间隙 0.05 与 "Stock" 在(221)行G03 X22.5Y-20. Z5. R2.5


******************** 刀路错误报告 ********************
错误221行,文件名:G682尝试后处理-777.NC.NC
G03 X22.5Y-20. Z5. R2.5
错误:在 221 行:G03 X22.5Y-20. Z5. R2.5,"Z"和"A"碰撞.


******************** 刀路错误报告 ********************
错误221行,文件名:G682尝试后处理-777.NC.NC
G03 X22.5Y-20. Z5. R2.5
错误:在 221 行:G03 X22.5Y-20. Z5. R2.5,"Z"和"C"碰撞.


******************** 刀路错误报告 ********************
错误222行,文件名:G682尝试后处理-777.NC.NC
G03 X22.535Y-20.4167 Z5. R2.5
错误:组件 "Tool"的刀具 "1" 的刀杆超出允许的碰撞间隙 0.05 与 "Stock" 在(222)行G03 X22.535Y-20.4167 Z5. R2.5


******************** 刀路错误报告 ********************
错误222行,文件名:G682尝试后处理-777.NC.NC
G03 X22.535Y-20.4167 Z5. R2.5
错误:在 222 行:G03 X22.535Y-20.4167 Z5. R2.5,组件"Tool"上刀具"1"的刀柄"Holder2"与"Fixture"碰撞


******************** 刀路错误报告 ********************
错误222行,文件名:G682尝试后处理-777.NC.NC
G03 X22.535Y-20.4167 Z5. R2.5
错误:在 222 行:G03 X22.535Y-20.4167 Z5. R2.5,"Z"和"A"碰撞.


******************** 刀路错误报告 ********************
错误222行,文件名:G682尝试后处理-777.NC.NC
G03 X22.535Y-20.4167 Z5. R2.5
错误:在 222 行:G03 X22.535Y-20.4167 Z5. R2.5,"Z"和"C"碰撞.


******************** 刀路错误报告 ********************
错误223行,文件名:G682尝试后处理-777.NC.NC
G01 X23.7675 Y-27.7083
错误:在 223 行:G01 X23.7675 Y-27.7083,"Z"和"A"碰撞.


******************** 刀路错误报告 ********************
错误223行,文件名:G682尝试后处理-777.NC.NC
G01 X23.7675 Y-27.7083
错误:在 223 行:G01 X23.7675 Y-27.7083,"Z"和"C"碰撞.


******************** 刀路错误报告 ********************
错误223行,文件名:G682尝试后处理-777.NC.NC
G01 X23.7675 Y-27.7083
错误:组件 "Tool"的刀具 "1" 的刀杆超出允许的碰撞间隙 0.05 与 "Stock" 在(223)行G01 X23.7675 Y-27.7083


******************** 刀路错误报告 ********************
错误223行,文件名:G682尝试后处理-777.NC.NC
G01 X23.7675 Y-27.7083
错误:在 223 行:G01 X23.7675 Y-27.7083,组件"Tool"上刀具"1"的刀柄"Holder2"与"Fixture"碰撞


******************** 刀路错误报告 ********************
错误224行,文件名:G682尝试后处理-777.NC.NC
X18.8374 Y-28.5417
错误:组件 "Tool"的刀具 "1" 的刀杆超出允许的碰撞间隙 0.05 与 "Stock" 在(224)行X18.8374 Y-28.5417


******************** 刀路错误报告 ********************
错误224行,文件名:G682尝试后处理-777.NC.NC
X18.8374 Y-28.5417
错误:在 224 行:X18.8374 Y-28.5417,组件"Tool"上刀具"1"的刀柄"Holder2"与"Fixture"碰撞


******************** 刀路错误报告 ********************
错误224行,文件名:G682尝试后处理-777.NC.NC
X18.8374 Y-28.5417
错误:在 224 行:X18.8374 Y-28.5417,"Z"和"A"碰撞.


******************** 刀路错误报告 ********************
错误224行,文件名:G682尝试后处理-777.NC.NC
X18.8374 Y-28.5417
错误:在 224 行:X18.8374 Y-28.5417,"Z"和"C"碰撞.


******************** 刀路错误报告 ********************
错误225行,文件名:G682尝试后处理-777.NC.NC
X20.0699 Y-35.8333
错误:在 225 行:X20.0699 Y-35.8333,"Z"和"A"碰撞.


******************** 刀路错误报告 ********************
错误225行,文件名:G682尝试后处理-777.NC.NC
X20.0699 Y-35.8333
错误:在 225 行:X20.0699 Y-35.8333,"Z"和"C"碰撞.


******************** 刀路错误报告 ********************
错误225行,文件名:G682尝试后处理-777.NC.NC
X20.0699 Y-35.8333
错误:组件 "Tool"的刀具 "1" 的刀杆超出允许的碰撞间隙 0.05 与 "Stock" 在(225)行X20.0699 Y-35.8333


******************** 刀路错误报告 ********************
错误225行,文件名:G682尝试后处理-777.NC.NC
X20.0699 Y-35.8333
错误:在 225 行:X20.0699 Y-35.8333,组件"Tool"上刀具"1"的刀柄"Holder2"与"Fixture"碰撞


******************** 刀路错误报告 ********************
错误226行,文件名:G682尝试后处理-777.NC.NC
G03 X25.Y-40. Z5. R5.
错误:在 226 行:G03 X25.Y-40. Z5. R5.,"Z"和"A"碰撞.


******************** 刀路错误报告 ********************
错误226行,文件名:G682尝试后处理-777.NC.NC
G03 X25.Y-40. Z5. R5.
错误:在 226 行:G03 X25.Y-40. Z5. R5.,"Z"和"C"碰撞.


******************** 刀路错误报告 ********************
错误226行,文件名:G682尝试后处理-777.NC.NC
G03 X25.Y-40. Z5. R5.
错误:组件 "Tool"的刀具 "1" 的刀杆超出允许的碰撞间隙 0.05 与 "Stock" 在(226)行G03 X25.Y-40. Z5. R5.


******************** 刀路错误报告 ********************
错误226行,文件名:G682尝试后处理-777.NC.NC
G03 X25.Y-40. Z5. R5.
错误:在 226 行:G03 X25.Y-40. Z5. R5.,组件"Tool"上刀具"1"的刀柄"Holder2"与"Fixture"碰撞


******************** 刀路错误报告 ********************
错误227行,文件名:G682尝试后处理-777.NC.NC
G03 X29.9301Y-35.8333 Z5. R5.
错误:在 227 行:G03 X29.9301Y-35.8333 Z5. R5.,"Z"和"A"碰撞.


******************** 刀路错误报告 ********************
错误227行,文件名:G682尝试后处理-777.NC.NC
G03 X29.9301Y-35.8333 Z5. R5.
错误:在 227 行:G03 X29.9301Y-35.8333 Z5. R5.,"Z"和"C"碰撞.


******************** 刀路错误报告 ********************
错误227行,文件名:G682尝试后处理-777.NC.NC
G03 X29.9301Y-35.8333 Z5. R5.
错误:组件 "Tool"的刀具 "1" 的刀杆超出允许的碰撞间隙 0.05 与 "Stock" 在(227)行G03 X29.9301Y-35.8333 Z5. R5.


******************** 刀路错误报告 ********************
错误227行,文件名:G682尝试后处理-777.NC.NC
G03 X29.9301Y-35.8333 Z5. R5.
错误:在 227 行:G03 X29.9301Y-35.8333 Z5. R5.,组件"Tool"上刀具"1"的刀柄"Holder2"与"Fixture"碰撞


******************** 刀路错误报告 ********************
错误228行,文件名:G682尝试后处理-777.NC.NC
G01 X32.3951 Y-21.25
错误:在 228 行:G01 X32.3951 Y-21.25,"Z"和"A"碰撞.


******************** 刀路错误报告 ********************
错误228行,文件名:G682尝试后处理-777.NC.NC
G01 X32.3951 Y-21.25
错误:在 228 行:G01 X32.3951 Y-21.25,"Z"和"C"碰撞.


******************** 刀路错误报告 ********************
错误228行,文件名:G682尝试后处理-777.NC.NC
G01 X32.3951 Y-21.25
错误:组件 "Tool"的刀具 "1" 的刀杆超出允许的碰撞间隙 0.05 与 "Stock" 在(228)行G01 X32.3951 Y-21.25


******************** 刀路错误报告 ********************
错误228行,文件名:G682尝试后处理-777.NC.NC
G01 X32.3951 Y-21.25
错误:在 228 行:G01 X32.3951 Y-21.25,组件"Tool"上刀具"1"的刀柄"Holder2"与"Fixture"碰撞


******************** 刀路错误报告 ********************
错误229行,文件名:G682尝试后处理-777.NC.NC
G03 X32.5Y-20. Z5. R7.5
错误:组件 "Tool"的刀具 "1" 的刀杆超出允许的碰撞间隙 0.05 与 "Stock" 在(229)行G03 X32.5Y-20. Z5. R7.5


******************** 刀路错误报告 ********************
错误229行,文件名:G682尝试后处理-777.NC.NC
G03 X32.5Y-20. Z5. R7.5
错误:在 229 行:G03 X32.5Y-20. Z5. R7.5,组件"Tool"上刀具"1"的刀柄"Holder2"与"Fixture"碰撞


******************** 刀路错误报告 ********************
错误229行,文件名:G682尝试后处理-777.NC.NC
G03 X32.5Y-20. Z5. R7.5
错误:在 229 行:G03 X32.5Y-20. Z5. R7.5,"Z"和"A"碰撞.


******************** 刀路错误报告 ********************
错误229行,文件名:G682尝试后处理-777.NC.NC
G03 X32.5Y-20. Z5. R7.5
错误:在 229 行:G03 X32.5Y-20. Z5. R7.5,"Z"和"C"碰撞.


******************** 刀路错误报告 ********************
错误230行,文件名:G682尝试后处理-777.NC.NC
G03 X25.Y-12.5 Z5. R7.5
错误:在 230 行:G03 X25.Y-12.5 Z5. R7.5,"Z"和"A"碰撞.


******************** 刀路错误报告 ********************
错误230行,文件名:G682尝试后处理-777.NC.NC
G03 X25.Y-12.5 Z5. R7.5
错误:在 230 行:G03 X25.Y-12.5 Z5. R7.5,"Z"和"C"碰撞.


******************** 刀路错误报告 ********************
错误230行,文件名:G682尝试后处理-777.NC.NC
G03 X25.Y-12.5 Z5. R7.5
错误:组件 "Tool"的刀具 "1" 的刀杆超出允许的碰撞间隙 0.05 与 "Stock" 在(230)行G03 X25.Y-12.5 Z5. R7.5


******************** 刀路错误报告 ********************
错误230行,文件名:G682尝试后处理-777.NC.NC
G03 X25.Y-12.5 Z5. R7.5
错误:在 230 行:G03 X25.Y-12.5 Z5. R7.5,组件"Tool"上刀具"1"的刀柄"Holder2"与"Fixture"碰撞


******************** 刀路错误报告 ********************
错误231行,文件名:G682尝试后处理-777.NC.NC
G03 X17.5Y-20. Z5. R7.5
错误:在 231 行:G03 X17.5Y-20. Z5. R7.5,"Z"和"A"碰撞.


******************** 刀路错误报告 ********************
错误231行,文件名:G682尝试后处理-777.NC.NC
G03 X17.5Y-20. Z5. R7.5
错误:在 231 行:G03 X17.5Y-20. Z5. R7.5,"Z"和"C"碰撞.


******************** 刀路错误报告 ********************
错误231行,文件名:G682尝试后处理-777.NC.NC
G03 X17.5Y-20. Z5. R7.5
错误:组件 "Tool"的刀具 "1" 的刀杆超出允许的碰撞间隙 0.05 与 "Stock" 在(231)行G03 X17.5Y-20. Z5. R7.5


******************** 刀路错误报告 ********************
错误232行,文件名:G682尝试后处理-777.NC.NC
G03 X17.6049Y-21.25 Z5. R7.5
错误:组件 "Tool"的刀具 "1" 的刀杆超出允许的碰撞间隙 0.05 与 "Stock" 在(232)行G03 X17.6049Y-21.25 Z5. R7.5


******************** 刀路错误报告 ********************
错误232行,文件名:G682尝试后处理-777.NC.NC
G03 X17.6049Y-21.25 Z5. R7.5
错误:在 232 行:G03 X17.6049Y-21.25 Z5. R7.5,组件"Tool"上刀具"1"的刀柄"Holder2"与"Fixture"碰撞


******************** 刀路错误报告 ********************
错误232行,文件名:G682尝试后处理-777.NC.NC
G03 X17.6049Y-21.25 Z5. R7.5
错误:在 232 行:G03 X17.6049Y-21.25 Z5. R7.5,"Z"和"A"碰撞.


******************** 刀路错误报告 ********************
错误232行,文件名:G682尝试后处理-777.NC.NC
G03 X17.6049Y-21.25 Z5. R7.5
错误:在 232 行:G03 X17.6049Y-21.25 Z5. R7.5,"Z"和"C"碰撞.


******************** 刀路错误报告 ********************
错误233行,文件名:G682尝试后处理-777.NC.NC
G01 X18.8374 Y-28.5417
错误:在 233 行:G01 X18.8374 Y-28.5417,"Z"和"A"碰撞.


******************** 刀路错误报告 ********************
错误233行,文件名:G682尝试后处理-777.NC.NC
G01 X18.8374 Y-28.5417
错误:在 233 行:G01 X18.8374 Y-28.5417,"Z"和"C"碰撞.


******************** 刀路错误报告 ********************
错误233行,文件名:G682尝试后处理-777.NC.NC
G01 X18.8374 Y-28.5417
错误:组件 "Tool"的刀具 "1" 的刀杆超出允许的碰撞间隙 0.05 与 "Stock" 在(233)行G01 X18.8374 Y-28.5417


******************** 刀路错误报告 ********************
错误233行,文件名:G682尝试后处理-777.NC.NC
G01 X18.8374 Y-28.5417
错误:在 233 行:G01 X18.8374 Y-28.5417,组件"Tool"上刀具"1"的刀柄"Holder2"与"Fixture"碰撞


******************** 刀路错误报告 ********************
错误234行,文件名:G682尝试后处理-777.NC.NC
X23.7675 Y-27.7083
错误:组件 "Tool"的刀具 "1" 的刀杆超出允许的碰撞间隙 0.05 与 "Stock" 在(234)行X23.7675 Y-27.7083


******************** 刀路错误报告 ********************
错误234行,文件名:G682尝试后处理-777.NC.NC
X23.7675 Y-27.7083
错误:在 234 行:X23.7675 Y-27.7083,组件"Tool"上刀具"1"的刀柄"Holder2"与"Fixture"碰撞


******************** 刀路错误报告 ********************
错误234行,文件名:G682尝试后处理-777.NC.NC
X23.7675 Y-27.7083
错误:在 234 行:X23.7675 Y-27.7083,"Z"和"A"碰撞.


******************** 刀路错误报告 ********************
错误234行,文件名:G682尝试后处理-777.NC.NC
X23.7675 Y-27.7083
错误:在 234 行:X23.7675 Y-27.7083,"Z"和"C"碰撞.


******************** 刀路错误报告 ********************
错误235行,文件名:G682尝试后处理-777.NC.NC
Z8.
错误:组件 "Tool"的刀具 "1" 的刀杆超出允许的碰撞间隙 0.05 与 "Stock" 在(235)行Z8.


******************** 刀路错误报告 ********************
错误235行,文件名:G682尝试后处理-777.NC.NC
Z8.
错误:在 235 行:Z8.,组件"Tool"上刀具"1"的刀柄"Holder2"与"Fixture"碰撞


******************** 刀路错误报告 ********************
错误235行,文件名:G682尝试后处理-777.NC.NC
Z8.
错误:在 235 行:Z8.,"Z"和"A"碰撞.


******************** 刀路错误报告 ********************
错误235行,文件名:G682尝试后处理-777.NC.NC
Z8.
错误:在 235 行:Z8.,"Z"和"C"碰撞.


******************** 刀路错误报告 ********************
错误236行,文件名:G682尝试后处理-777.NC.NC
G00 Z15.
错误:在 236 行:G00 Z15.,"Z"和"A"碰撞.


******************** 刀路错误报告 ********************
错误236行,文件名:G682尝试后处理-777.NC.NC
G00 Z15.
错误:在 236 行:G00 Z15.,"Z"和"C"碰撞.


******************** 刀路错误报告 ********************
错误236行,文件名:G682尝试后处理-777.NC.NC
G00 Z15.
错误:在 236 行:G00 Z15.,组件"Tool"上的刀具"1"快速进给去除材料,去除体积125.9684
当前刀具1: D25 EM, Line# 16, 记录: T1 M06


******************** 刀路错误报告 ********************
错误236行,文件名:G682尝试后处理-777.NC.NC
G00 Z15.
错误:在 236 行:G00 Z15.,组件"Tool"上刀具"1"的刀柄"Holder2"与"Fixture"碰撞


******************** 刀路警告报告 ********************
警告:在239行
M13
警告:M 13不支持


******************** 刀路错误报告 ********************
错误240行,文件名:G682尝试后处理-777.NC.NC
G91 G28 Z0.0
错误:在 240 行:G91 G28 Z0.0,"Z"和"A"碰撞.


******************** 刀路错误报告 ********************
错误240行,文件名:G682尝试后处理-777.NC.NC
G91 G28 Z0.0
错误:在 240 行:G91 G28 Z0.0,"Z"和"C"碰撞.


******************** 刀路错误报告 ********************
错误240行,文件名:G682尝试后处理-777.NC.NC
G91 G28 Z0.0
错误:在 240 行:G91 G28 Z0.0,组件"Tool"上刀具"1"的刀柄"Holder2"与"Fixture"碰撞


******************** 刀路警告报告 ********************
警告:在248行
M12
警告:M 12不支持


******************** 刀路错误报告 ********************
错误250行,文件名:G682尝试后处理-777.NC.NC
G00 G43 Z10. H01
错误:在 250 行:G00 G43 Z10. H01,"Z"和"A"碰撞.


******************** 刀路错误报告 ********************
错误250行,文件名:G682尝试后处理-777.NC.NC
G00 G43 Z10. H01
错误:在 250 行:G00 G43 Z10. H01,"Z"和"C"碰撞.


******************** 刀路错误报告 ********************
错误252行,文件名:G682尝试后处理-777.NC.NC
Z2.
错误:在 252 行:Z2.,"Z"和"A"碰撞.


******************** 刀路错误报告 ********************
错误252行,文件名:G682尝试后处理-777.NC.NC
Z2.
错误:在 252 行:Z2.,"Z"和"C"碰撞.


******************** 刀路错误报告 ********************
错误253行,文件名:G682尝试后处理-777.NC.NC
G01 X29.2721 Y22.4915 Z1.925 F5000.
错误:在 253 行:G01 X29.2721 Y22.4915 Z1.925 F5000.,"Z"和"A"碰撞.


******************** 刀路错误报告 ********************
错误253行,文件名:G682尝试后处理-777.NC.NC
G01 X29.2721 Y22.4915 Z1.925 F5000.
错误:在 253 行:G01 X29.2721 Y22.4915 Z1.925 F5000.,"Z"和"C"碰撞.


******************** 刀路错误报告 ********************
错误254行,文件名:G682尝试后处理-777.NC.NC
X29.8673 Y23.7968 Z1.85
错误:在 254 行:X29.8673 Y23.7968 Z1.85,"Z"和"A"碰撞.


******************** 刀路错误报告 ********************
错误254行,文件名:G682尝试后处理-777.NC.NC
X29.8673 Y23.7968 Z1.85
错误:在 254 行:X29.8673 Y23.7968 Z1.85,"Z"和"C"碰撞.


******************** 刀路错误报告 ********************
错误255行,文件名:G682尝试后处理-777.NC.NC
X30.0245 Y25.2227 Z1.775
错误:在 255 行:X30.0245 Y25.2227 Z1.775,"Z"和"A"碰撞.


******************** 刀路错误报告 ********************
错误255行,文件名:G682尝试后处理-777.NC.NC
X30.0245 Y25.2227 Z1.775
错误:在 255 行:X30.0245 Y25.2227 Z1.775,"Z"和"C"碰撞.


******************** 刀路错误报告 ********************
错误256行,文件名:G682尝试后处理-777.NC.NC
X29.728 Y26.6263 Z1.7
错误:在 256 行:X29.728 Y26.6263 Z1.7,"Z"和"A"碰撞.


******************** 刀路错误报告 ********************
错误256行,文件名:G682尝试后处理-777.NC.NC
X29.728 Y26.6263 Z1.7
错误:在 256 行:X29.728 Y26.6263 Z1.7,"Z"和"C"碰撞.


******************** 刀路错误报告 ********************
错误257行,文件名:G682尝试后处理-777.NC.NC
X29.0075 Y27.8668 Z1.625
错误:在 257 行:X29.0075 Y27.8668 Z1.625,"Z"和"A"碰撞.


******************** 刀路错误报告 ********************
错误257行,文件名:G682尝试后处理-777.NC.NC
X29.0075 Y27.8668 Z1.625
错误:在 257 行:X29.0075 Y27.8668 Z1.625,"Z"和"C"碰撞.


******************** 刀路错误报告 ********************
错误258行,文件名:G682尝试后处理-777.NC.NC
X27.9352 Y28.8198 Z1.55
错误:在 258 行:X27.9352 Y28.8198 Z1.55,"Z"和"A"碰撞.


******************** 刀路错误报告 ********************
错误258行,文件名:G682尝试后处理-777.NC.NC
X27.9352 Y28.8198 Z1.55
错误:在 258 行:X27.9352 Y28.8198 Z1.55,"Z"和"C"碰撞.


******************** 刀路错误报告 ********************
错误259行,文件名:G682尝试后处理-777.NC.NC
X26.6187 Y29.3897 Z1.475
错误:在 259 行:X26.6187 Y29.3897 Z1.475,"Z"和"A"碰撞.


******************** 刀路错误报告 ********************
错误259行,文件名:G682尝试后处理-777.NC.NC
X26.6187 Y29.3897 Z1.475
错误:在 259 行:X26.6187 Y29.3897 Z1.475,"Z"和"C"碰撞.


******************** 刀路错误报告 ********************
错误260行,文件名:G682尝试后处理-777.NC.NC
X25.19 Y29.5194 Z1.4
错误:在 260 行:X25.19 Y29.5194 Z1.4,"Z"和"A"碰撞.


******************** 刀路错误报告 ********************
错误260行,文件名:G682尝试后处理-777.NC.NC
X25.19 Y29.5194 Z1.4
错误:在 260 行:X25.19 Y29.5194 Z1.4,"Z"和"C"碰撞.


******************** 刀路错误报告 ********************
错误261行,文件名:G682尝试后处理-777.NC.NC
X23.7924 Y29.1958 Z1.325
错误:在 261 行:X23.7924 Y29.1958 Z1.325,"Z"和"A"碰撞.


******************** 刀路错误报告 ********************
错误261行,文件名:G682尝试后处理-777.NC.NC
X23.7924 Y29.1958 Z1.325
错误:在 261 行:X23.7924 Y29.1958 Z1.325,"Z"和"C"碰撞.


******************** 刀路错误报告 ********************
错误262行,文件名:G682尝试后处理-777.NC.NC
X22.5661 Y28.4515 Z1.25
错误:在 262 行:X22.5661 Y28.4515 Z1.25,"Z"和"A"碰撞.


******************** 刀路错误报告 ********************
错误262行,文件名:G682尝试后处理-777.NC.NC
X22.5661 Y28.4515 Z1.25
错误:在 262 行:X22.5661 Y28.4515 Z1.25,"Z"和"C"碰撞.


******************** 刀路错误报告 ********************
错误263行,文件名:G682尝试后处理-777.NC.NC
X21.634 Y27.3611 Z1.175
错误:在 263 行:X21.634 Y27.3611 Z1.175,"Z"和"A"碰撞.


******************** 刀路错误报告 ********************
错误263行,文件名:G682尝试后处理-777.NC.NC
X21.634 Y27.3611 Z1.175
错误:在 263 行:X21.634 Y27.3611 Z1.175,"Z"和"C"碰撞.


******************** 刀路错误报告 ********************
错误264行,文件名:G682尝试后处理-777.NC.NC
X21.0895 Y26.0338 Z1.1
错误:在 264 行:X21.0895 Y26.0338 Z1.1,"Z"和"A"碰撞.


******************** 刀路错误报告 ********************
错误264行,文件名:G682尝试后处理-777.NC.NC
X21.0895 Y26.0338 Z1.1
错误:在 264 行:X21.0895 Y26.0338 Z1.1,"Z"和"C"碰撞.


******************** 刀路错误报告 ********************
错误265行,文件名:G682尝试后处理-777.NC.NC
X20.9874 Y24.6029 Z1.025
错误:在 265 行:X20.9874 Y24.6029 Z1.025,"Z"和"A"碰撞.


******************** 刀路错误报告 ********************
错误265行,文件名:G682尝试后处理-777.NC.NC
X20.9874 Y24.6029 Z1.025
错误:在 265 行:X20.9874 Y24.6029 Z1.025,"Z"和"C"碰撞.


******************** 刀路错误报告 ********************
错误266行,文件名:G682尝试后处理-777.NC.NC
X21.3379 Y23.2118 Z.95
错误:在 266 行:X21.3379 Y23.2118 Z.95,"Z"和"A"碰撞.


******************** 刀路错误报告 ********************
错误266行,文件名:G682尝试后处理-777.NC.NC
X21.3379 Y23.2118 Z.95
错误:在 266 行:X21.3379 Y23.2118 Z.95,"Z"和"C"碰撞.


******************** 刀路错误报告 ********************
错误267行,文件名:G682尝试后处理-777.NC.NC
X22.1057 Y22. Z.875
错误:在 267 行:X22.1057 Y22. Z.875,"Z"和"A"碰撞.


******************** 刀路错误报告 ********************
错误267行,文件名:G682尝试后处理-777.NC.NC
X22.1057 Y22. Z.875
错误:在 267 行:X22.1057 Y22. Z.875,"Z"和"C"碰撞.


******************** 刀路错误报告 ********************
错误268行,文件名:G682尝试后处理-777.NC.NC
X23.214 Y21.0891 Z.8
错误:在 268 行:X23.214 Y21.0891 Z.8,"Z"和"A"碰撞.


******************** 刀路错误报告 ********************
错误268行,文件名:G682尝试后处理-777.NC.NC
X23.214 Y21.0891 Z.8
错误:在 268 行:X23.214 Y21.0891 Z.8,"Z"和"C"碰撞.


******************** 刀路错误报告 ********************
错误269行,文件名:G682尝试后处理-777.NC.NC
X24.5515 Y20.5704 Z.725
错误:在 269 行:X24.5515 Y20.5704 Z.725,"Z"和"A"碰撞.


******************** 刀路错误报告 ********************
错误269行,文件名:G682尝试后处理-777.NC.NC
X24.5515 Y20.5704 Z.725
错误:在 269 行:X24.5515 Y20.5704 Z.725,"Z"和"C"碰撞.


******************** 刀路错误报告 ********************
错误270行,文件名:G682尝试后处理-777.NC.NC
X25.9841 Y20.4959 Z.65
错误:在 270 行:X25.9841 Y20.4959 Z.65,"Z"和"A"碰撞.


******************** 刀路错误报告 ********************
错误270行,文件名:G682尝试后处理-777.NC.NC
X25.9841 Y20.4959 Z.65
错误:在 270 行:X25.9841 Y20.4959 Z.65,"Z"和"C"碰撞.


******************** 刀路错误报告 ********************
错误271行,文件名:G682尝试后处理-777.NC.NC
X27.3682 Y20.8732 Z.575
错误:在 271 行:X27.3682 Y20.8732 Z.575,"Z"和"A"碰撞.


******************** 刀路错误报告 ********************
错误271行,文件名:G682尝试后处理-777.NC.NC
X27.3682 Y20.8732 Z.575
错误:在 271 行:X27.3682 Y20.8732 Z.575,"Z"和"C"碰撞.


******************** 刀路错误报告 ********************
错误272行,文件名:G682尝试后处理-777.NC.NC
X28.5649 Y21.6643 Z.5
错误:在 272 行:X28.5649 Y21.6643 Z.5,"Z"和"A"碰撞.


******************** 刀路错误报告 ********************
错误272行,文件名:G682尝试后处理-777.NC.NC
X28.5649 Y21.6643 Z.5
错误:在 272 行:X28.5649 Y21.6643 Z.5,"Z"和"C"碰撞.


******************** 刀路错误报告 ********************
错误273行,文件名:G682尝试后处理-777.NC.NC
X29.4543 Y22.7899 Z.425
错误:在 273 行:X29.4543 Y22.7899 Z.425,"Z"和"A"碰撞.


******************** 刀路错误报告 ********************
错误273行,文件名:G682尝试后处理-777.NC.NC
X29.4543 Y22.7899 Z.425
错误:在 273 行:X29.4543 Y22.7899 Z.425,"Z"和"C"碰撞.


******************** 刀路错误报告 ********************
错误274行,文件名:G682尝试后处理-777.NC.NC
X29.9471 Y24.1371 Z.35
错误:在 274 行:X29.9471 Y24.1371 Z.35,"Z"和"A"碰撞.


******************** 刀路错误报告 ********************
错误274行,文件名:G682尝试后处理-777.NC.NC
X29.9471 Y24.1371 Z.35
错误:在 274 行:X29.9471 Y24.1371 Z.35,"Z"和"C"碰撞.


******************** 刀路错误报告 ********************
错误275行,文件名:G682尝试后处理-777.NC.NC
X29.9939 Y25.5709 Z.275
错误:在 275 行:X29.9939 Y25.5709 Z.275,"Z"和"A"碰撞.


******************** 刀路错误报告 ********************
错误275行,文件名:G682尝试后处理-777.NC.NC
X29.9939 Y25.5709 Z.275
错误:在 275 行:X29.9939 Y25.5709 Z.275,"Z"和"C"碰撞.


******************** 刀路错误报告 ********************
错误276行,文件名:G682尝试后处理-777.NC.NC
X29.59 Y26.9475 Z.2
错误:在 276 行:X29.59 Y26.9475 Z.2,"Z"和"A"碰撞.


******************** 刀路错误报告 ********************
错误276行,文件名:G682尝试后处理-777.NC.NC
X29.59 Y26.9475 Z.2
错误:在 276 行:X29.59 Y26.9475 Z.2,"Z"和"C"碰撞.


******************** 刀路错误报告 ********************
错误277行,文件名:G682尝试后处理-777.NC.NC
X28.776 Y28.1287 Z.125
错误:在 277 行:X28.776 Y28.1287 Z.125,"Z"和"A"碰撞.


******************** 刀路错误报告 ********************
错误277行,文件名:G682尝试后处理-777.NC.NC
X28.776 Y28.1287 Z.125
错误:在 277 行:X28.776 Y28.1287 Z.125,"Z"和"C"碰撞.


******************** 刀路错误报告 ********************
错误278行,文件名:G682尝试后处理-777.NC.NC
X27.6334 Y28.9962 Z.05
错误:在 278 行:X27.6334 Y28.9962 Z.05,"Z"和"A"碰撞.


******************** 刀路错误报告 ********************
错误278行,文件名:G682尝试后处理-777.NC.NC
X27.6334 Y28.9962 Z.05
错误:在 278 行:X27.6334 Y28.9962 Z.05,"Z"和"C"碰撞.


******************** 刀路错误报告 ********************
错误279行,文件名:G682尝试后处理-777.NC.NC
X26.2769 Y29.4629 Z-.025
错误:在 279 行:X26.2769 Y29.4629 Z-.025,"Z"和"A"碰撞.


******************** 刀路错误报告 ********************
错误279行,文件名:G682尝试后处理-777.NC.NC
X26.2769 Y29.4629 Z-.025
错误:在 279 行:X26.2769 Y29.4629 Z-.025,"Z"和"C"碰撞.


******************** 刀路错误报告 ********************
错误280行,文件名:G682尝试后处理-777.NC.NC
X24.8424 Y29.482 Z-.1
错误:在 280 行:X24.8424 Y29.482 Z-.1,"Z"和"A"碰撞.


******************** 刀路错误报告 ********************
错误280行,文件名:G682尝试后处理-777.NC.NC
X24.8424 Y29.482 Z-.1
错误:在 280 行:X24.8424 Y29.482 Z-.1,"Z"和"C"碰撞.


******************** 刀路错误报告 ********************
错误281行,文件名:G682尝试后处理-777.NC.NC
X23.474 Y29.0517 Z-.175
错误:在 281 行:X23.474 Y29.0517 Z-.175,"Z"和"A"碰撞.


******************** 刀路错误报告 ********************
错误281行,文件名:G682尝试后处理-777.NC.NC
X23.474 Y29.0517 Z-.175
错误:在 281 行:X23.474 Y29.0517 Z-.175,"Z"和"C"碰撞.


******************** 刀路错误报告 ********************
错误282行,文件名:G682尝试后处理-777.NC.NC
X22.3086 Y28.215 Z-.25
错误:在 282 行:X22.3086 Y28.215 Z-.25,"Z"和"A"碰撞.


******************** 刀路错误报告 ********************
错误282行,文件名:G682尝试后处理-777.NC.NC
X22.3086 Y28.215 Z-.25
错误:在 282 行:X22.3086 Y28.215 Z-.25,"Z"和"C"碰撞.


******************** 刀路错误报告 ********************
错误283行,文件名:G682尝试后处理-777.NC.NC
X21.4634 Y27.0559 Z-.325
错误:在 283 行:X21.4634 Y27.0559 Z-.325,"Z"和"A"碰撞.


******************** 刀路错误报告 ********************
错误283行,文件名:G682尝试后处理-777.NC.NC
X21.4634 Y27.0559 Z-.325
错误:在 283 行:X21.4634 Y27.0559 Z-.325,"Z"和"C"碰撞.


******************** 刀路错误报告 ********************
错误284行,文件名:G682尝试后处理-777.NC.NC
X21.023 Y25.6906 Z-.4
错误:在 284 行:X21.023 Y25.6906 Z-.4,"Z"和"A"碰撞.


******************** 刀路错误报告 ********************
错误284行,文件名:G682尝试后处理-777.NC.NC
X21.023 Y25.6906 Z-.4
错误:在 284 行:X21.023 Y25.6906 Z-.4,"Z"和"C"碰撞.


******************** 刀路错误报告 ********************
错误285行,文件名:G682尝试后处理-777.NC.NC
X21.0315 Y24.2561 Z-.475
错误:在 285 行:X21.0315 Y24.2561 Z-.475,"Z"和"A"碰撞.


******************** 刀路错误报告 ********************
错误285行,文件名:G682尝试后处理-777.NC.NC
X21.0315 Y24.2561 Z-.475
错误:在 285 行:X21.0315 Y24.2561 Z-.475,"Z"和"C"碰撞.


******************** 刀路错误报告 ********************
错误286行,文件名:G682尝试后处理-777.NC.NC
X21.4882 Y22.8961 Z-.55
错误:在 286 行:X21.4882 Y22.8961 Z-.55,"Z"和"A"碰撞.


******************** 刀路错误报告 ********************
错误286行,文件名:G682尝试后处理-777.NC.NC
X21.4882 Y22.8961 Z-.55
错误:在 286 行:X21.4882 Y22.8961 Z-.55,"Z"和"C"碰撞.


******************** 刀路错误报告 ********************
错误287行,文件名:G682尝试后处理-777.NC.NC
X22.3472 Y21.7472 Z-.625
错误:在 287 行:X22.3472 Y21.7472 Z-.625,"Z"和"A"碰撞.


******************** 刀路错误报告 ********************
错误287行,文件名:G682尝试后处理-777.NC.NC
X22.3472 Y21.7472 Z-.625
错误:在 287 行:X22.3472 Y21.7472 Z-.625,"Z"和"C"碰撞.


******************** 刀路错误报告 ********************
错误288行,文件名:G682尝试后处理-777.NC.NC
X23.5224 Y20.9245 Z-.7
错误:在 288 行:X23.5224 Y20.9245 Z-.7,"Z"和"A"碰撞.


******************** 刀路错误报告 ********************
错误288行,文件名:G682尝试后处理-777.NC.NC
X23.5224 Y20.9245 Z-.7
错误:在 288 行:X23.5224 Y20.9245 Z-.7,"Z"和"C"碰撞.


******************** 刀路错误报告 ********************
错误289行,文件名:G682尝试后处理-777.NC.NC
X24.8959 Y20.5105 Z-.775
错误:在 289 行:X24.8959 Y20.5105 Z-.775,"Z"和"A"碰撞.


******************** 刀路错误报告 ********************
错误289行,文件名:G682尝试后处理-777.NC.NC
X24.8959 Y20.5105 Z-.775
错误:在 289 行:X24.8959 Y20.5105 Z-.775,"Z"和"C"碰撞.


******************** 刀路错误报告 ********************
错误290行,文件名:G682尝试后处理-777.NC.NC
X26.33 Y20.5467 Z-.85
错误:在 290 行:X26.33 Y20.5467 Z-.85,"Z"和"A"碰撞.


******************** 刀路错误报告 ********************
错误290行,文件名:G682尝试后处理-777.NC.NC
X26.33 Y20.5467 Z-.85
错误:在 290 行:X26.33 Y20.5467 Z-.85,"Z"和"C"碰撞.


******************** 刀路错误报告 ********************
错误291行,文件名:G682尝试后处理-777.NC.NC
X27.6809 Y21.0295 Z-.925
错误:在 291 行:X27.6809 Y21.0295 Z-.925,"Z"和"A"碰撞.


******************** 刀路错误报告 ********************
错误291行,文件名:G682尝试后处理-777.NC.NC
X27.6809 Y21.0295 Z-.925
错误:在 291 行:X27.6809 Y21.0295 Z-.925,"Z"和"C"碰撞.


******************** 刀路错误报告 ********************
错误292行,文件名:G682尝试后处理-777.NC.NC
X28.7911 Y21.931 Z-1.
错误:在 292 行:X28.7911 Y21.931 Z-1.,"Z"和"A"碰撞.


******************** 刀路错误报告 ********************
错误292行,文件名:G682尝试后处理-777.NC.NC
X28.7911 Y21.931 Z-1.
错误:在 292 行:X28.7911 Y21.931 Z-1.,"Z"和"C"碰撞.


******************** 刀路错误报告 ********************
错误293行,文件名:G682尝试后处理-777.NC.NC
X39.6898 Y33.6184
错误:在 293 行:X39.6898 Y33.6184,"Z"和"A"碰撞.


******************** 刀路错误报告 ********************
错误293行,文件名:G682尝试后处理-777.NC.NC
X39.6898 Y33.6184
错误:在 293 行:X39.6898 Y33.6184,"Z"和"C"碰撞.


******************** 刀路错误报告 ********************
错误294行,文件名:G682尝试后处理-777.NC.NC
X33.839 Y39.0744
错误:在 294 行:X33.839 Y39.0744,"Z"和"A"碰撞.


******************** 刀路错误报告 ********************
错误294行,文件名:G682尝试后处理-777.NC.NC
X33.839 Y39.0744
错误:在 294 行:X33.839 Y39.0744,"Z"和"C"碰撞.


******************** 刀路错误报告 ********************
错误295行,文件名:G682尝试后处理-777.NC.NC
G03 X33.157Y39.3431 Z-1. R1.
错误:在 295 行:G03 X33.157Y39.3431 Z-1. R1.,"Z"和"A"碰撞.


******************** 刀路错误报告 ********************
错误295行,文件名:G682尝试后处理-777.NC.NC
G03 X33.157Y39.3431 Z-1. R1.
错误:在 295 行:G03 X33.157Y39.3431 Z-1. R1.,"Z"和"C"碰撞.


******************** 刀路错误报告 ********************
错误296行,文件名:G682尝试后处理-777.NC.NC
G03 X32.4256Y39.0251 Z-1. R1.
错误:在 296 行:G03 X32.4256Y39.0251 Z-1. R1.,"Z"和"A"碰撞.


******************** 刀路错误报告 ********************
错误296行,文件名:G682尝试后处理-777.NC.NC
G03 X32.4256Y39.0251 Z-1. R1.
错误:在 296 行:G03 X32.4256Y39.0251 Z-1. R1.,"Z"和"C"碰撞.


******************** 刀路错误报告 ********************
错误297行,文件名:G682尝试后处理-777.NC.NC
G01 X11.9922 Y17.1129
错误:在 297 行:G01 X11.9922 Y17.1129,"Z"和"A"碰撞.


******************** 刀路错误报告 ********************
错误297行,文件名:G682尝试后处理-777.NC.NC
G01 X11.9922 Y17.1129
错误:在 297 行:G01 X11.9922 Y17.1129,"Z"和"C"碰撞.


******************** 刀路错误报告 ********************
错误298行,文件名:G682尝试后处理-777.NC.NC
G03 X11.7236Y16.4309 Z-1. R1.
错误:在 298 行:G03 X11.7236Y16.4309 Z-1. R1.,"Z"和"A"碰撞.


******************** 刀路错误报告 ********************
错误298行,文件名:G682尝试后处理-777.NC.NC
G03 X11.7236Y16.4309 Z-1. R1.
错误:在 298 行:G03 X11.7236Y16.4309 Z-1. R1.,"Z"和"C"碰撞.


******************** 刀路错误报告 ********************
错误299行,文件名:G682尝试后处理-777.NC.NC
G03 X12.0416Y15.6996 Z-1. R1.
错误:在 299 行:G03 X12.0416Y15.6996 Z-1. R1.,"Z"和"A"碰撞.


******************** 刀路错误报告 ********************
错误299行,文件名:G682尝试后处理-777.NC.NC
G03 X12.0416Y15.6996 Z-1. R1.
错误:在 299 行:G03 X12.0416Y15.6996 Z-1. R1.,"Z"和"C"碰撞.


******************** 刀路错误报告 ********************
错误300行,文件名:G682尝试后处理-777.NC.NC
G01 X17.8924 Y10.2436
错误:在 300 行:G01 X17.8924 Y10.2436,"Z"和"A"碰撞.


******************** 刀路错误报告 ********************
错误300行,文件名:G682尝试后处理-777.NC.NC
G01 X17.8924 Y10.2436
错误:在 300 行:G01 X17.8924 Y10.2436,"Z"和"C"碰撞.


******************** 刀路错误报告 ********************
错误301行,文件名:G682尝试后处理-777.NC.NC
X28.7911 Y21.931
错误:在 301 行:X28.7911 Y21.931,"Z"和"A"碰撞.


******************** 刀路错误报告 ********************
错误301行,文件名:G682尝试后处理-777.NC.NC
X28.7911 Y21.931
错误:在 301 行:X28.7911 Y21.931,"Z"和"C"碰撞.


******************** 刀路错误报告 ********************
错误302行,文件名:G682尝试后处理-777.NC.NC
X25.1343 Y25.341
错误:在 302 行:X25.1343 Y25.341,"Z"和"A"碰撞.


******************** 刀路错误报告 ********************
错误302行,文件名:G682尝试后处理-777.NC.NC
X25.1343 Y25.341
错误:在 302 行:X25.1343 Y25.341,"Z"和"C"碰撞.


******************** 刀路错误报告 ********************
错误303行,文件名:G682尝试后处理-777.NC.NC
Z2.
错误:在 303 行:Z2.,"Z"和"A"碰撞.


******************** 刀路错误报告 ********************
错误303行,文件名:G682尝试后处理-777.NC.NC
Z2.
错误:在 303 行:Z2.,"Z"和"C"碰撞.


******************** 刀路错误报告 ********************
错误304行,文件名:G682尝试后处理-777.NC.NC
G00 Z10.
错误:在 304 行:G00 Z10.,"Z"和"A"碰撞.


******************** 刀路错误报告 ********************
错误304行,文件名:G682尝试后处理-777.NC.NC
G00 Z10.
错误:在 304 行:G00 Z10.,"Z"和"C"碰撞.


******************** 刀路错误报告 ********************
错误305行,文件名:G682尝试后处理-777.NC.NC
X28.28 Y21.4614
错误:在 305 行:X28.28 Y21.4614,"Z"和"A"碰撞.


******************** 刀路错误报告 ********************
错误305行,文件名:G682尝试后处理-777.NC.NC
X28.28 Y21.4614
错误:在 305 行:X28.28 Y21.4614,"Z"和"C"碰撞.


******************** 刀路错误报告 ********************
错误306行,文件名:G682尝试后处理-777.NC.NC
Z1.
错误:在 306 行:Z1.,"Z"和"A"碰撞.


******************** 刀路错误报告 ********************
错误306行,文件名:G682尝试后处理-777.NC.NC
Z1.
错误:在 306 行:Z1.,"Z"和"C"碰撞.


******************** 刀路错误报告 ********************
错误307行,文件名:G682尝试后处理-777.NC.NC
G01 X29.2721 Y22.4915 Z.925
错误:在 307 行:G01 X29.2721 Y22.4915 Z.925,"Z"和"A"碰撞.


******************** 刀路错误报告 ********************
错误307行,文件名:G682尝试后处理-777.NC.NC
G01 X29.2721 Y22.4915 Z.925
错误:在 307 行:G01 X29.2721 Y22.4915 Z.925,"Z"和"C"碰撞.


******************** 刀路错误报告 ********************
错误308行,文件名:G682尝试后处理-777.NC.NC
X29.8673 Y23.7968 Z.85
错误:在 308 行:X29.8673 Y23.7968 Z.85,"Z"和"A"碰撞.


******************** 刀路错误报告 ********************
错误308行,文件名:G682尝试后处理-777.NC.NC
X29.8673 Y23.7968 Z.85
错误:在 308 行:X29.8673 Y23.7968 Z.85,"Z"和"C"碰撞.


******************** 刀路错误报告 ********************
错误309行,文件名:G682尝试后处理-777.NC.NC
X30.0245 Y25.2227 Z.775
错误:在 309 行:X30.0245 Y25.2227 Z.775,"Z"和"A"碰撞.


******************** 刀路错误报告 ********************
错误309行,文件名:G682尝试后处理-777.NC.NC
X30.0245 Y25.2227 Z.775
错误:在 309 行:X30.0245 Y25.2227 Z.775,"Z"和"C"碰撞.


******************** 刀路错误报告 ********************
错误310行,文件名:G682尝试后处理-777.NC.NC
X29.728 Y26.6263 Z.7
错误:在 310 行:X29.728 Y26.6263 Z.7,"Z"和"A"碰撞.


******************** 刀路错误报告 ********************
错误310行,文件名:G682尝试后处理-777.NC.NC
X29.728 Y26.6263 Z.7
错误:在 310 行:X29.728 Y26.6263 Z.7,"Z"和"C"碰撞.


******************** 刀路错误报告 ********************
错误311行,文件名:G682尝试后处理-777.NC.NC
X29.0075 Y27.8668 Z.625
错误:在 311 行:X29.0075 Y27.8668 Z.625,"Z"和"A"碰撞.


******************** 刀路错误报告 ********************
错误311行,文件名:G682尝试后处理-777.NC.NC
X29.0075 Y27.8668 Z.625
错误:在 311 行:X29.0075 Y27.8668 Z.625,"Z"和"C"碰撞.


******************** 刀路错误报告 ********************
错误312行,文件名:G682尝试后处理-777.NC.NC
X27.9352 Y28.8198 Z.55
错误:在 312 行:X27.9352 Y28.8198 Z.55,"Z"和"A"碰撞.


******************** 刀路错误报告 ********************
错误312行,文件名:G682尝试后处理-777.NC.NC
X27.9352 Y28.8198 Z.55
错误:在 312 行:X27.9352 Y28.8198 Z.55,"Z"和"C"碰撞.


******************** 刀路错误报告 ********************
错误313行,文件名:G682尝试后处理-777.NC.NC
X26.6187 Y29.3897 Z.475
错误:在 313 行:X26.6187 Y29.3897 Z.475,"Z"和"A"碰撞.


******************** 刀路错误报告 ********************
错误313行,文件名:G682尝试后处理-777.NC.NC
X26.6187 Y29.3897 Z.475
错误:在 313 行:X26.6187 Y29.3897 Z.475,"Z"和"C"碰撞.


******************** 刀路错误报告 ********************
错误314行,文件名:G682尝试后处理-777.NC.NC
X25.19 Y29.5194 Z.4
错误:在 314 行:X25.19 Y29.5194 Z.4,"Z"和"A"碰撞.


******************** 刀路错误报告 ********************
错误314行,文件名:G682尝试后处理-777.NC.NC
X25.19 Y29.5194 Z.4
错误:在 314 行:X25.19 Y29.5194 Z.4,"Z"和"C"碰撞.


******************** 刀路错误报告 ********************
错误315行,文件名:G682尝试后处理-777.NC.NC
X23.7924 Y29.1958 Z.325
错误:在 315 行:X23.7924 Y29.1958 Z.325,"Z"和"A"碰撞.


******************** 刀路错误报告 ********************
错误315行,文件名:G682尝试后处理-777.NC.NC
X23.7924 Y29.1958 Z.325
错误:在 315 行:X23.7924 Y29.1958 Z.325,"Z"和"C"碰撞.


******************** 刀路错误报告 ********************
错误316行,文件名:G682尝试后处理-777.NC.NC
X22.5661 Y28.4515 Z.25
错误:在 316 行:X22.5661 Y28.4515 Z.25,"Z"和"A"碰撞.


******************** 刀路错误报告 ********************
错误316行,文件名:G682尝试后处理-777.NC.NC
X22.5661 Y28.4515 Z.25
错误:在 316 行:X22.5661 Y28.4515 Z.25,"Z"和"C"碰撞.


******************** 刀路错误报告 ********************
错误317行,文件名:G682尝试后处理-777.NC.NC
X21.634 Y27.3611 Z.175
错误:在 317 行:X21.634 Y27.3611 Z.175,"Z"和"A"碰撞.


******************** 刀路错误报告 ********************
错误317行,文件名:G682尝试后处理-777.NC.NC
X21.634 Y27.3611 Z.175
错误:在 317 行:X21.634 Y27.3611 Z.175,"Z"和"C"碰撞.


******************** 刀路错误报告 ********************
错误318行,文件名:G682尝试后处理-777.NC.NC
X21.0895 Y26.0338 Z.1
错误:在 318 行:X21.0895 Y26.0338 Z.1,"Z"和"A"碰撞.


******************** 刀路错误报告 ********************
错误318行,文件名:G682尝试后处理-777.NC.NC
X21.0895 Y26.0338 Z.1
错误:在 318 行:X21.0895 Y26.0338 Z.1,"Z"和"C"碰撞.


******************** 刀路错误报告 ********************
错误319行,文件名:G682尝试后处理-777.NC.NC
X20.9874 Y24.6029 Z.025
错误:在 319 行:X20.9874 Y24.6029 Z.025,"Z"和"A"碰撞.


******************** 刀路错误报告 ********************
错误319行,文件名:G682尝试后处理-777.NC.NC
X20.9874 Y24.6029 Z.025
错误:在 319 行:X20.9874 Y24.6029 Z.025,"Z"和"C"碰撞.


******************** 刀路错误报告 ********************
错误320行,文件名:G682尝试后处理-777.NC.NC
X21.3379 Y23.2118 Z-.05
错误:在 320 行:X21.3379 Y23.2118 Z-.05,"Z"和"A"碰撞.


******************** 刀路错误报告 ********************
错误320行,文件名:G682尝试后处理-777.NC.NC
X21.3379 Y23.2118 Z-.05
错误:在 320 行:X21.3379 Y23.2118 Z-.05,"Z"和"C"碰撞.


******************** 刀路错误报告 ********************
错误321行,文件名:G682尝试后处理-777.NC.NC
X22.1057 Y22. Z-.125
错误:在 321 行:X22.1057 Y22. Z-.125,"Z"和"A"碰撞.


******************** 刀路错误报告 ********************
错误321行,文件名:G682尝试后处理-777.NC.NC
X22.1057 Y22. Z-.125
错误:在 321 行:X22.1057 Y22. Z-.125,"Z"和"C"碰撞.


******************** 刀路错误报告 ********************
错误322行,文件名:G682尝试后处理-777.NC.NC
X23.214 Y21.0891 Z-.2
错误:在 322 行:X23.214 Y21.0891 Z-.2,"Z"和"A"碰撞.


******************** 刀路错误报告 ********************
错误322行,文件名:G682尝试后处理-777.NC.NC
X23.214 Y21.0891 Z-.2
错误:在 322 行:X23.214 Y21.0891 Z-.2,"Z"和"C"碰撞.


******************** 刀路错误报告 ********************
错误323行,文件名:G682尝试后处理-777.NC.NC
X24.5515 Y20.5704 Z-.275
错误:在 323 行:X24.5515 Y20.5704 Z-.275,"Z"和"A"碰撞.


******************** 刀路错误报告 ********************
错误323行,文件名:G682尝试后处理-777.NC.NC
X24.5515 Y20.5704 Z-.275
错误:在 323 行:X24.5515 Y20.5704 Z-.275,"Z"和"C"碰撞.


******************** 刀路错误报告 ********************
错误324行,文件名:G682尝试后处理-777.NC.NC
X25.9841 Y20.4959 Z-.35
错误:在 324 行:X25.9841 Y20.4959 Z-.35,"Z"和"A"碰撞.


******************** 刀路错误报告 ********************
错误324行,文件名:G682尝试后处理-777.NC.NC
X25.9841 Y20.4959 Z-.35
错误:在 324 行:X25.9841 Y20.4959 Z-.35,"Z"和"C"碰撞.


******************** 刀路错误报告 ********************
错误325行,文件名:G682尝试后处理-777.NC.NC
X27.3682 Y20.8732 Z-.425
错误:在 325 行:X27.3682 Y20.8732 Z-.425,"Z"和"A"碰撞.


******************** 刀路错误报告 ********************
错误325行,文件名:G682尝试后处理-777.NC.NC
X27.3682 Y20.8732 Z-.425
错误:在 325 行:X27.3682 Y20.8732 Z-.425,"Z"和"C"碰撞.


******************** 刀路错误报告 ********************
错误326行,文件名:G682尝试后处理-777.NC.NC
X28.5649 Y21.6643 Z-.5
错误:在 326 行:X28.5649 Y21.6643 Z-.5,"Z"和"A"碰撞.


******************** 刀路错误报告 ********************
错误326行,文件名:G682尝试后处理-777.NC.NC
X28.5649 Y21.6643 Z-.5
错误:在 326 行:X28.5649 Y21.6643 Z-.5,"Z"和"C"碰撞.


******************** 刀路错误报告 ********************
错误327行,文件名:G682尝试后处理-777.NC.NC
X29.4543 Y22.7899 Z-.575
错误:在 327 行:X29.4543 Y22.7899 Z-.575,"Z"和"A"碰撞.


******************** 刀路错误报告 ********************
错误327行,文件名:G682尝试后处理-777.NC.NC
X29.4543 Y22.7899 Z-.575
错误:在 327 行:X29.4543 Y22.7899 Z-.575,"Z"和"C"碰撞.


******************** 刀路错误报告 ********************
错误328行,文件名:G682尝试后处理-777.NC.NC
X29.9471 Y24.1371 Z-.65
错误:在 328 行:X29.9471 Y24.1371 Z-.65,"Z"和"A"碰撞.


******************** 刀路错误报告 ********************
错误328行,文件名:G682尝试后处理-777.NC.NC
X29.9471 Y24.1371 Z-.65
错误:在 328 行:X29.9471 Y24.1371 Z-.65,"Z"和"C"碰撞.


******************** 刀路错误报告 ********************
错误329行,文件名:G682尝试后处理-777.NC.NC
X29.9939 Y25.5709 Z-.725
错误:在 329 行:X29.9939 Y25.5709 Z-.725,"Z"和"A"碰撞.


******************** 刀路错误报告 ********************
错误329行,文件名:G682尝试后处理-777.NC.NC
X29.9939 Y25.5709 Z-.725
错误:在 329 行:X29.9939 Y25.5709 Z-.725,"Z"和"C"碰撞.


******************** 刀路错误报告 ********************
错误330行,文件名:G682尝试后处理-777.NC.NC
X29.59 Y26.9475 Z-.8
错误:在 330 行:X29.59 Y26.9475 Z-.8,"Z"和"A"碰撞.


******************** 刀路错误报告 ********************
错误330行,文件名:G682尝试后处理-777.NC.NC
X29.59 Y26.9475 Z-.8
错误:在 330 行:X29.59 Y26.9475 Z-.8,"Z"和"C"碰撞.


******************** 刀路错误报告 ********************
错误331行,文件名:G682尝试后处理-777.NC.NC
X28.776 Y28.1287 Z-.875
错误:在 331 行:X28.776 Y28.1287 Z-.875,"Z"和"A"碰撞.


******************** 刀路错误报告 ********************
错误331行,文件名:G682尝试后处理-777.NC.NC
X28.776 Y28.1287 Z-.875
错误:在 331 行:X28.776 Y28.1287 Z-.875,"Z"和"C"碰撞.


******************** 刀路错误报告 ********************
错误332行,文件名:G682尝试后处理-777.NC.NC
X27.6334 Y28.9962 Z-.95
错误:在 332 行:X27.6334 Y28.9962 Z-.95,"Z"和"A"碰撞.


******************** 刀路错误报告 ********************
错误332行,文件名:G682尝试后处理-777.NC.NC
X27.6334 Y28.9962 Z-.95
错误:在 332 行:X27.6334 Y28.9962 Z-.95,"Z"和"C"碰撞.


******************** 刀路错误报告 ********************
错误333行,文件名:G682尝试后处理-777.NC.NC
X26.2769 Y29.4629 Z-1.025
错误:在 333 行:X26.2769 Y29.4629 Z-1.025,"Z"和"A"碰撞.


******************** 刀路错误报告 ********************
错误333行,文件名:G682尝试后处理-777.NC.NC
X26.2769 Y29.4629 Z-1.025
错误:在 333 行:X26.2769 Y29.4629 Z-1.025,"Z"和"C"碰撞.


******************** 刀路错误报告 ********************
错误334行,文件名:G682尝试后处理-777.NC.NC
X24.8424 Y29.482 Z-1.1
错误:在 334 行:X24.8424 Y29.482 Z-1.1,"Z"和"A"碰撞.


******************** 刀路错误报告 ********************
错误334行,文件名:G682尝试后处理-777.NC.NC
X24.8424 Y29.482 Z-1.1
错误:在 334 行:X24.8424 Y29.482 Z-1.1,"Z"和"C"碰撞.


******************** 刀路错误报告 ********************
错误335行,文件名:G682尝试后处理-777.NC.NC
X23.474 Y29.0517 Z-1.175
错误:在 335 行:X23.474 Y29.0517 Z-1.175,"Z"和"A"碰撞.


******************** 刀路错误报告 ********************
错误335行,文件名:G682尝试后处理-777.NC.NC
X23.474 Y29.0517 Z-1.175
错误:在 335 行:X23.474 Y29.0517 Z-1.175,"Z"和"C"碰撞.


******************** 刀路错误报告 ********************
错误336行,文件名:G682尝试后处理-777.NC.NC
X22.3086 Y28.215 Z-1.25
错误:在 336 行:X22.3086 Y28.215 Z-1.25,"Z"和"A"碰撞.


******************** 刀路错误报告 ********************
错误336行,文件名:G682尝试后处理-777.NC.NC
X22.3086 Y28.215 Z-1.25
错误:在 336 行:X22.3086 Y28.215 Z-1.25,"Z"和"C"碰撞.


******************** 刀路错误报告 ********************
错误337行,文件名:G682尝试后处理-777.NC.NC
X21.4634 Y27.0559 Z-1.325
错误:在 337 行:X21.4634 Y27.0559 Z-1.325,"Z"和"A"碰撞.


******************** 刀路错误报告 ********************
错误337行,文件名:G682尝试后处理-777.NC.NC
X21.4634 Y27.0559 Z-1.325
错误:在 337 行:X21.4634 Y27.0559 Z-1.325,"Z"和"C"碰撞.


******************** 刀路错误报告 ********************
错误338行,文件名:G682尝试后处理-777.NC.NC
X21.023 Y25.6906 Z-1.4
错误:在 338 行:X21.023 Y25.6906 Z-1.4,"Z"和"A"碰撞.


******************** 刀路错误报告 ********************
错误338行,文件名:G682尝试后处理-777.NC.NC
X21.023 Y25.6906 Z-1.4
错误:在 338 行:X21.023 Y25.6906 Z-1.4,"Z"和"C"碰撞.


******************** 刀路错误报告 ********************
错误339行,文件名:G682尝试后处理-777.NC.NC
X21.0315 Y24.2561 Z-1.475
错误:在 339 行:X21.0315 Y24.2561 Z-1.475,"Z"和"A"碰撞.


******************** 刀路错误报告 ********************
错误339行,文件名:G682尝试后处理-777.NC.NC
X21.0315 Y24.2561 Z-1.475
错误:在 339 行:X21.0315 Y24.2561 Z-1.475,"Z"和"C"碰撞.


******************** 刀路错误报告 ********************
错误340行,文件名:G682尝试后处理-777.NC.NC
X21.4882 Y22.8961 Z-1.55
错误:在 340 行:X21.4882 Y22.8961 Z-1.55,"Z"和"A"碰撞.


******************** 刀路错误报告 ********************
错误340行,文件名:G682尝试后处理-777.NC.NC
X21.4882 Y22.8961 Z-1.55
错误:在 340 行:X21.4882 Y22.8961 Z-1.55,"Z"和"C"碰撞.


******************** 刀路错误报告 ********************
错误341行,文件名:G682尝试后处理-777.NC.NC
X22.3472 Y21.7472 Z-1.625
错误:在 341 行:X22.3472 Y21.7472 Z-1.625,"Z"和"A"碰撞.


******************** 刀路错误报告 ********************
错误341行,文件名:G682尝试后处理-777.NC.NC
X22.3472 Y21.7472 Z-1.625
错误:在 341 行:X22.3472 Y21.7472 Z-1.625,"Z"和"C"碰撞.


******************** 刀路错误报告 ********************
错误342行,文件名:G682尝试后处理-777.NC.NC
X23.5224 Y20.9245 Z-1.7
错误:在 342 行:X23.5224 Y20.9245 Z-1.7,"Z"和"A"碰撞.


******************** 刀路错误报告 ********************
错误342行,文件名:G682尝试后处理-777.NC.NC
X23.5224 Y20.9245 Z-1.7
错误:在 342 行:X23.5224 Y20.9245 Z-1.7,"Z"和"C"碰撞.


******************** 刀路错误报告 ********************
错误343行,文件名:G682尝试后处理-777.NC.NC
X24.8959 Y20.5105 Z-1.775
错误:在 343 行:X24.8959 Y20.5105 Z-1.775,"Z"和"A"碰撞.


******************** 刀路错误报告 ********************
错误343行,文件名:G682尝试后处理-777.NC.NC
X24.8959 Y20.5105 Z-1.775
错误:在 343 行:X24.8959 Y20.5105 Z-1.775,"Z"和"C"碰撞.


******************** 刀路错误报告 ********************
错误344行,文件名:G682尝试后处理-777.NC.NC
X26.33 Y20.5467 Z-1.85
错误:在 344 行:X26.33 Y20.5467 Z-1.85,"Z"和"A"碰撞.


******************** 刀路错误报告 ********************
错误344行,文件名:G682尝试后处理-777.NC.NC
X26.33 Y20.5467 Z-1.85
错误:在 344 行:X26.33 Y20.5467 Z-1.85,"Z"和"C"碰撞.


******************** 刀路错误报告 ********************
错误345行,文件名:G682尝试后处理-777.NC.NC
X27.6809 Y21.0295 Z-1.925
错误:在 345 行:X27.6809 Y21.0295 Z-1.925,"Z"和"A"碰撞.


******************** 刀路错误报告 ********************
错误345行,文件名:G682尝试后处理-777.NC.NC
X27.6809 Y21.0295 Z-1.925
错误:在 345 行:X27.6809 Y21.0295 Z-1.925,"Z"和"C"碰撞.


******************** 刀路错误报告 ********************
错误346行,文件名:G682尝试后处理-777.NC.NC
X28.7911 Y21.931 Z-2.
错误:在 346 行:X28.7911 Y21.931 Z-2.,"Z"和"A"碰撞.


******************** 刀路错误报告 ********************
错误346行,文件名:G682尝试后处理-777.NC.NC
X28.7911 Y21.931 Z-2.
错误:在 346 行:X28.7911 Y21.931 Z-2.,"Z"和"C"碰撞.


******************** 刀路错误报告 ********************
错误347行,文件名:G682尝试后处理-777.NC.NC
X39.6898 Y33.6184
错误:在 347 行:X39.6898 Y33.6184,"Z"和"A"碰撞.


******************** 刀路错误报告 ********************
错误347行,文件名:G682尝试后处理-777.NC.NC
X39.6898 Y33.6184
错误:在 347 行:X39.6898 Y33.6184,"Z"和"C"碰撞.


******************** 刀路错误报告 ********************
错误348行,文件名:G682尝试后处理-777.NC.NC
X33.839 Y39.0744
错误:在 348 行:X33.839 Y39.0744,"Z"和"A"碰撞.


******************** 刀路错误报告 ********************
错误348行,文件名:G682尝试后处理-777.NC.NC
X33.839 Y39.0744
错误:在 348 行:X33.839 Y39.0744,"Z"和"C"碰撞.


******************** 刀路错误报告 ********************
错误349行,文件名:G682尝试后处理-777.NC.NC
G03 X33.157Y39.3431 Z-2. R1.
错误:在 349 行:G03 X33.157Y39.3431 Z-2. R1.,"Z"和"A"碰撞.


******************** 刀路错误报告 ********************
错误349行,文件名:G682尝试后处理-777.NC.NC
G03 X33.157Y39.3431 Z-2. R1.
错误:在 349 行:G03 X33.157Y39.3431 Z-2. R1.,"Z"和"C"碰撞.


******************** 刀路错误报告 ********************
错误350行,文件名:G682尝试后处理-777.NC.NC
G03 X32.4256Y39.0251 Z-2. R1.
错误:在 350 行:G03 X32.4256Y39.0251 Z-2. R1.,"Z"和"A"碰撞.


******************** 刀路错误报告 ********************
错误350行,文件名:G682尝试后处理-777.NC.NC
G03 X32.4256Y39.0251 Z-2. R1.
错误:在 350 行:G03 X32.4256Y39.0251 Z-2. R1.,"Z"和"C"碰撞.


******************** 刀路错误报告 ********************
错误351行,文件名:G682尝试后处理-777.NC.NC
G01 X11.9922 Y17.1129
错误:在 351 行:G01 X11.9922 Y17.1129,"Z"和"A"碰撞.


******************** 刀路错误报告 ********************
错误351行,文件名:G682尝试后处理-777.NC.NC
G01 X11.9922 Y17.1129
错误:在 351 行:G01 X11.9922 Y17.1129,"Z"和"C"碰撞.


******************** 刀路错误报告 ********************
错误352行,文件名:G682尝试后处理-777.NC.NC
G03 X11.7236Y16.4309 Z-2. R1.
错误:在 352 行:G03 X11.7236Y16.4309 Z-2. R1.,"Z"和"A"碰撞.


******************** 刀路错误报告 ********************
错误352行,文件名:G682尝试后处理-777.NC.NC
G03 X11.7236Y16.4309 Z-2. R1.
错误:在 352 行:G03 X11.7236Y16.4309 Z-2. R1.,"Z"和"C"碰撞.


******************** 刀路错误报告 ********************
错误353行,文件名:G682尝试后处理-777.NC.NC
G03 X12.0416Y15.6996 Z-2. R1.
错误:在 353 行:G03 X12.0416Y15.6996 Z-2. R1.,"Z"和"A"碰撞.


******************** 刀路错误报告 ********************
错误353行,文件名:G682尝试后处理-777.NC.NC
G03 X12.0416Y15.6996 Z-2. R1.
错误:在 353 行:G03 X12.0416Y15.6996 Z-2. R1.,"Z"和"C"碰撞.


******************** 刀路错误报告 ********************
错误354行,文件名:G682尝试后处理-777.NC.NC
G01 X17.8924 Y10.2436
错误:在 354 行:G01 X17.8924 Y10.2436,"Z"和"A"碰撞.


******************** 刀路错误报告 ********************
错误354行,文件名:G682尝试后处理-777.NC.NC
G01 X17.8924 Y10.2436
错误:在 354 行:G01 X17.8924 Y10.2436,"Z"和"C"碰撞.


******************** 刀路错误报告 ********************
错误355行,文件名:G682尝试后处理-777.NC.NC
X28.7911 Y21.931
错误:在 355 行:X28.7911 Y21.931,"Z"和"A"碰撞.


******************** 刀路错误报告 ********************
错误355行,文件名:G682尝试后处理-777.NC.NC
X28.7911 Y21.931
错误:在 355 行:X28.7911 Y21.931,"Z"和"C"碰撞.


******************** 刀路错误报告 ********************
错误356行,文件名:G682尝试后处理-777.NC.NC
X25.1343 Y25.341
错误:在 356 行:X25.1343 Y25.341,"Z"和"A"碰撞.


******************** 刀路错误报告 ********************
错误356行,文件名:G682尝试后处理-777.NC.NC
X25.1343 Y25.341
错误:在 356 行:X25.1343 Y25.341,"Z"和"C"碰撞.


******************** 刀路错误报告 ********************
错误357行,文件名:G682尝试后处理-777.NC.NC
Z1.
错误:在 357 行:Z1.,"Z"和"A"碰撞.


******************** 刀路错误报告 ********************
错误357行,文件名:G682尝试后处理-777.NC.NC
Z1.
错误:在 357 行:Z1.,"Z"和"C"碰撞.


******************** 刀路错误报告 ********************
错误358行,文件名:G682尝试后处理-777.NC.NC
G00 Z10.
错误:在 358 行:G00 Z10.,"Z"和"A"碰撞.


******************** 刀路错误报告 ********************
错误358行,文件名:G682尝试后处理-777.NC.NC
G00 Z10.
错误:在 358 行:G00 Z10.,"Z"和"C"碰撞.


******************** 刀路错误报告 ********************
错误359行,文件名:G682尝试后处理-777.NC.NC
X28.28 Y21.4614
错误:在 359 行:X28.28 Y21.4614,"Z"和"A"碰撞.


******************** 刀路错误报告 ********************
错误359行,文件名:G682尝试后处理-777.NC.NC
X28.28 Y21.4614
错误:在 359 行:X28.28 Y21.4614,"Z"和"C"碰撞.


******************** 刀路错误报告 ********************
错误360行,文件名:G682尝试后处理-777.NC.NC
Z0.0
错误:在 360 行:Z0.0,"Z"和"A"碰撞.


******************** 刀路错误报告 ********************
错误360行,文件名:G682尝试后处理-777.NC.NC
Z0.0
错误:在 360 行:Z0.0,"Z"和"C"碰撞.


******************** 刀路错误报告 ********************
错误361行,文件名:G682尝试后处理-777.NC.NC
G01 X29.2721 Y22.4915 Z-.075
错误:在 361 行:G01 X29.2721 Y22.4915 Z-.075,"Z"和"A"碰撞.


******************** 刀路错误报告 ********************
错误361行,文件名:G682尝试后处理-777.NC.NC
G01 X29.2721 Y22.4915 Z-.075
错误:在 361 行:G01 X29.2721 Y22.4915 Z-.075,"Z"和"C"碰撞.


******************** 刀路错误报告 ********************
错误362行,文件名:G682尝试后处理-777.NC.NC
X29.8673 Y23.7968 Z-.15
错误:在 362 行:X29.8673 Y23.7968 Z-.15,"Z"和"A"碰撞.


******************** 刀路错误报告 ********************
错误362行,文件名:G682尝试后处理-777.NC.NC
X29.8673 Y23.7968 Z-.15
错误:在 362 行:X29.8673 Y23.7968 Z-.15,"Z"和"C"碰撞.


******************** 刀路错误报告 ********************
错误363行,文件名:G682尝试后处理-777.NC.NC
X30.0245 Y25.2227 Z-.225
错误:在 363 行:X30.0245 Y25.2227 Z-.225,"Z"和"A"碰撞.


******************** 刀路错误报告 ********************
错误363行,文件名:G682尝试后处理-777.NC.NC
X30.0245 Y25.2227 Z-.225
错误:在 363 行:X30.0245 Y25.2227 Z-.225,"Z"和"C"碰撞.


******************** 刀路错误报告 ********************
错误364行,文件名:G682尝试后处理-777.NC.NC
X29.728 Y26.6263 Z-.3
错误:在 364 行:X29.728 Y26.6263 Z-.3,"Z"和"A"碰撞.


******************** 刀路错误报告 ********************
错误364行,文件名:G682尝试后处理-777.NC.NC
X29.728 Y26.6263 Z-.3
错误:在 364 行:X29.728 Y26.6263 Z-.3,"Z"和"C"碰撞.


******************** 刀路错误报告 ********************
错误365行,文件名:G682尝试后处理-777.NC.NC
X29.0075 Y27.8668 Z-.375
错误:在 365 行:X29.0075 Y27.8668 Z-.375,"Z"和"A"碰撞.


******************** 刀路错误报告 ********************
错误365行,文件名:G682尝试后处理-777.NC.NC
X29.0075 Y27.8668 Z-.375
错误:在 365 行:X29.0075 Y27.8668 Z-.375,"Z"和"C"碰撞.


******************** 刀路错误报告 ********************
错误366行,文件名:G682尝试后处理-777.NC.NC
X27.9352 Y28.8198 Z-.45
错误:在 366 行:X27.9352 Y28.8198 Z-.45,"Z"和"A"碰撞.


******************** 刀路错误报告 ********************
错误366行,文件名:G682尝试后处理-777.NC.NC
X27.9352 Y28.8198 Z-.45
错误:在 366 行:X27.9352 Y28.8198 Z-.45,"Z"和"C"碰撞.


******************** 刀路错误报告 ********************
错误367行,文件名:G682尝试后处理-777.NC.NC
X26.6187 Y29.3897 Z-.525
错误:在 367 行:X26.6187 Y29.3897 Z-.525,"Z"和"A"碰撞.


******************** 刀路错误报告 ********************
错误367行,文件名:G682尝试后处理-777.NC.NC
X26.6187 Y29.3897 Z-.525
错误:在 367 行:X26.6187 Y29.3897 Z-.525,"Z"和"C"碰撞.


******************** 刀路错误报告 ********************
错误368行,文件名:G682尝试后处理-777.NC.NC
X25.19 Y29.5194 Z-.6
错误:在 368 行:X25.19 Y29.5194 Z-.6,"Z"和"A"碰撞.


******************** 刀路错误报告 ********************
错误368行,文件名:G682尝试后处理-777.NC.NC
X25.19 Y29.5194 Z-.6
错误:在 368 行:X25.19 Y29.5194 Z-.6,"Z"和"C"碰撞.


******************** 刀路错误报告 ********************
错误369行,文件名:G682尝试后处理-777.NC.NC
X23.7924 Y29.1958 Z-.675
错误:在 369 行:X23.7924 Y29.1958 Z-.675,"Z"和"A"碰撞.


******************** 刀路错误报告 ********************
错误369行,文件名:G682尝试后处理-777.NC.NC
X23.7924 Y29.1958 Z-.675
错误:在 369 行:X23.7924 Y29.1958 Z-.675,"Z"和"C"碰撞.


******************** 刀路错误报告 ********************
错误370行,文件名:G682尝试后处理-777.NC.NC
X22.5661 Y28.4515 Z-.75
错误:在 370 行:X22.5661 Y28.4515 Z-.75,"Z"和"A"碰撞.


******************** 刀路错误报告 ********************
错误370行,文件名:G682尝试后处理-777.NC.NC
X22.5661 Y28.4515 Z-.75
错误:在 370 行:X22.5661 Y28.4515 Z-.75,"Z"和"C"碰撞.


******************** 刀路错误报告 ********************
错误371行,文件名:G682尝试后处理-777.NC.NC
X21.634 Y27.3611 Z-.825
错误:在 371 行:X21.634 Y27.3611 Z-.825,"Z"和"A"碰撞.


******************** 刀路错误报告 ********************
错误371行,文件名:G682尝试后处理-777.NC.NC
X21.634 Y27.3611 Z-.825
错误:在 371 行:X21.634 Y27.3611 Z-.825,"Z"和"C"碰撞.


******************** 刀路错误报告 ********************
错误372行,文件名:G682尝试后处理-777.NC.NC
X21.0895 Y26.0338 Z-.9
错误:在 372 行:X21.0895 Y26.0338 Z-.9,"Z"和"A"碰撞.


******************** 刀路错误报告 ********************
错误372行,文件名:G682尝试后处理-777.NC.NC
X21.0895 Y26.0338 Z-.9
错误:在 372 行:X21.0895 Y26.0338 Z-.9,"Z"和"C"碰撞.


******************** 刀路错误报告 ********************
错误373行,文件名:G682尝试后处理-777.NC.NC
X20.9874 Y24.6029 Z-.975
错误:在 373 行:X20.9874 Y24.6029 Z-.975,"Z"和"A"碰撞.


******************** 刀路错误报告 ********************
错误373行,文件名:G682尝试后处理-777.NC.NC
X20.9874 Y24.6029 Z-.975
错误:在 373 行:X20.9874 Y24.6029 Z-.975,"Z"和"C"碰撞.


******************** 刀路错误报告 ********************
错误374行,文件名:G682尝试后处理-777.NC.NC
X21.3379 Y23.2118 Z-1.05
错误:在 374 行:X21.3379 Y23.2118 Z-1.05,"Z"和"A"碰撞.


******************** 刀路错误报告 ********************
错误374行,文件名:G682尝试后处理-777.NC.NC
X21.3379 Y23.2118 Z-1.05
错误:在 374 行:X21.3379 Y23.2118 Z-1.05,"Z"和"C"碰撞.


******************** 刀路错误报告 ********************
错误375行,文件名:G682尝试后处理-777.NC.NC
X22.1057 Y22. Z-1.125
错误:在 375 行:X22.1057 Y22. Z-1.125,"Z"和"A"碰撞.


******************** 刀路错误报告 ********************
错误375行,文件名:G682尝试后处理-777.NC.NC
X22.1057 Y22. Z-1.125
错误:在 375 行:X22.1057 Y22. Z-1.125,"Z"和"C"碰撞.


******************** 刀路错误报告 ********************
错误376行,文件名:G682尝试后处理-777.NC.NC
X23.214 Y21.0891 Z-1.2
错误:在 376 行:X23.214 Y21.0891 Z-1.2,"Z"和"A"碰撞.


******************** 刀路错误报告 ********************
错误376行,文件名:G682尝试后处理-777.NC.NC
X23.214 Y21.0891 Z-1.2
错误:在 376 行:X23.214 Y21.0891 Z-1.2,"Z"和"C"碰撞.


******************** 刀路错误报告 ********************
错误377行,文件名:G682尝试后处理-777.NC.NC
X24.5515 Y20.5704 Z-1.275
错误:在 377 行:X24.5515 Y20.5704 Z-1.275,"Z"和"A"碰撞.


******************** 刀路错误报告 ********************
错误377行,文件名:G682尝试后处理-777.NC.NC
X24.5515 Y20.5704 Z-1.275
错误:在 377 行:X24.5515 Y20.5704 Z-1.275,"Z"和"C"碰撞.


******************** 刀路错误报告 ********************
错误378行,文件名:G682尝试后处理-777.NC.NC
X25.9841 Y20.4959 Z-1.35
错误:在 378 行:X25.9841 Y20.4959 Z-1.35,"Z"和"A"碰撞.


******************** 刀路错误报告 ********************
错误378行,文件名:G682尝试后处理-777.NC.NC
X25.9841 Y20.4959 Z-1.35
错误:在 378 行:X25.9841 Y20.4959 Z-1.35,"Z"和"C"碰撞.


******************** 刀路错误报告 ********************
错误379行,文件名:G682尝试后处理-777.NC.NC
X27.3682 Y20.8732 Z-1.425
错误:在 379 行:X27.3682 Y20.8732 Z-1.425,"Z"和"A"碰撞.


******************** 刀路错误报告 ********************
错误379行,文件名:G682尝试后处理-777.NC.NC
X27.3682 Y20.8732 Z-1.425
错误:在 379 行:X27.3682 Y20.8732 Z-1.425,"Z"和"C"碰撞.


******************** 刀路错误报告 ********************
错误380行,文件名:G682尝试后处理-777.NC.NC
X28.5649 Y21.6643 Z-1.5
错误:在 380 行:X28.5649 Y21.6643 Z-1.5,"Z"和"A"碰撞.


******************** 刀路错误报告 ********************
错误380行,文件名:G682尝试后处理-777.NC.NC
X28.5649 Y21.6643 Z-1.5
错误:在 380 行:X28.5649 Y21.6643 Z-1.5,"Z"和"C"碰撞.


******************** 刀路错误报告 ********************
错误381行,文件名:G682尝试后处理-777.NC.NC
X29.4543 Y22.7899 Z-1.575
错误:在 381 行:X29.4543 Y22.7899 Z-1.575,"Z"和"A"碰撞.


******************** 刀路错误报告 ********************
错误381行,文件名:G682尝试后处理-777.NC.NC
X29.4543 Y22.7899 Z-1.575
错误:在 381 行:X29.4543 Y22.7899 Z-1.575,"Z"和"C"碰撞.


******************** 刀路错误报告 ********************
错误382行,文件名:G682尝试后处理-777.NC.NC
X29.9471 Y24.1371 Z-1.65
错误:在 382 行:X29.9471 Y24.1371 Z-1.65,"Z"和"A"碰撞.


******************** 刀路错误报告 ********************
错误382行,文件名:G682尝试后处理-777.NC.NC
X29.9471 Y24.1371 Z-1.65
错误:在 382 行:X29.9471 Y24.1371 Z-1.65,"Z"和"C"碰撞.


******************** 刀路错误报告 ********************
错误383行,文件名:G682尝试后处理-777.NC.NC
X29.9939 Y25.5709 Z-1.725
错误:在 383 行:X29.9939 Y25.5709 Z-1.725,"Z"和"A"碰撞.


******************** 刀路错误报告 ********************
错误383行,文件名:G682尝试后处理-777.NC.NC
X29.9939 Y25.5709 Z-1.725
错误:在 383 行:X29.9939 Y25.5709 Z-1.725,"Z"和"C"碰撞.


******************** 刀路错误报告 ********************
错误384行,文件名:G682尝试后处理-777.NC.NC
X29.59 Y26.9475 Z-1.8
错误:在 384 行:X29.59 Y26.9475 Z-1.8,"Z"和"A"碰撞.


******************** 刀路错误报告 ********************
错误384行,文件名:G682尝试后处理-777.NC.NC
X29.59 Y26.9475 Z-1.8
错误:在 384 行:X29.59 Y26.9475 Z-1.8,"Z"和"C"碰撞.


******************** 刀路错误报告 ********************
错误385行,文件名:G682尝试后处理-777.NC.NC
X28.776 Y28.1287 Z-1.875
错误:在 385 行:X28.776 Y28.1287 Z-1.875,"Z"和"A"碰撞.


******************** 刀路错误报告 ********************
错误385行,文件名:G682尝试后处理-777.NC.NC
X28.776 Y28.1287 Z-1.875
错误:在 385 行:X28.776 Y28.1287 Z-1.875,"Z"和"C"碰撞.


******************** 刀路错误报告 ********************
错误386行,文件名:G682尝试后处理-777.NC.NC
X27.6334 Y28.9962 Z-1.95
错误:在 386 行:X27.6334 Y28.9962 Z-1.95,"Z"和"A"碰撞.


******************** 刀路错误报告 ********************
错误386行,文件名:G682尝试后处理-777.NC.NC
X27.6334 Y28.9962 Z-1.95
错误:在 386 行:X27.6334 Y28.9962 Z-1.95,"Z"和"C"碰撞.


******************** 刀路错误报告 ********************
错误387行,文件名:G682尝试后处理-777.NC.NC
X26.2769 Y29.4629 Z-2.025
错误:在 387 行:X26.2769 Y29.4629 Z-2.025,"Z"和"A"碰撞.


******************** 刀路错误报告 ********************
错误387行,文件名:G682尝试后处理-777.NC.NC
X26.2769 Y29.4629 Z-2.025
错误:在 387 行:X26.2769 Y29.4629 Z-2.025,"Z"和"C"碰撞.


******************** 刀路错误报告 ********************
错误388行,文件名:G682尝试后处理-777.NC.NC
X24.8424 Y29.482 Z-2.1
错误:在 388 行:X24.8424 Y29.482 Z-2.1,"Z"和"A"碰撞.


******************** 刀路错误报告 ********************
错误388行,文件名:G682尝试后处理-777.NC.NC
X24.8424 Y29.482 Z-2.1
错误:在 388 行:X24.8424 Y29.482 Z-2.1,"Z"和"C"碰撞.


******************** 刀路错误报告 ********************
错误389行,文件名:G682尝试后处理-777.NC.NC
X23.474 Y29.0517 Z-2.175
错误:在 389 行:X23.474 Y29.0517 Z-2.175,"Z"和"A"碰撞.


******************** 刀路错误报告 ********************
错误389行,文件名:G682尝试后处理-777.NC.NC
X23.474 Y29.0517 Z-2.175
错误:在 389 行:X23.474 Y29.0517 Z-2.175,"Z"和"C"碰撞.


******************** 刀路错误报告 ********************
错误390行,文件名:G682尝试后处理-777.NC.NC
X22.3086 Y28.215 Z-2.25
错误:在 390 行:X22.3086 Y28.215 Z-2.25,"Z"和"A"碰撞.


******************** 刀路错误报告 ********************
错误390行,文件名:G682尝试后处理-777.NC.NC
X22.3086 Y28.215 Z-2.25
错误:在 390 行:X22.3086 Y28.215 Z-2.25,"Z"和"C"碰撞.


******************** 刀路错误报告 ********************
错误391行,文件名:G682尝试后处理-777.NC.NC
X21.4634 Y27.0559 Z-2.325
错误:在 391 行:X21.4634 Y27.0559 Z-2.325,"Z"和"A"碰撞.


******************** 刀路错误报告 ********************
错误391行,文件名:G682尝试后处理-777.NC.NC
X21.4634 Y27.0559 Z-2.325
错误:在 391 行:X21.4634 Y27.0559 Z-2.325,"Z"和"C"碰撞.


******************** 刀路错误报告 ********************
错误392行,文件名:G682尝试后处理-777.NC.NC
X21.023 Y25.6906 Z-2.4
错误:在 392 行:X21.023 Y25.6906 Z-2.4,"Z"和"A"碰撞.


******************** 刀路错误报告 ********************
错误392行,文件名:G682尝试后处理-777.NC.NC
X21.023 Y25.6906 Z-2.4
错误:在 392 行:X21.023 Y25.6906 Z-2.4,"Z"和"C"碰撞.


******************** 刀路错误报告 ********************
错误393行,文件名:G682尝试后处理-777.NC.NC
X21.0315 Y24.2561 Z-2.475
错误:在 393 行:X21.0315 Y24.2561 Z-2.475,"Z"和"A"碰撞.


******************** 刀路错误报告 ********************
错误393行,文件名:G682尝试后处理-777.NC.NC
X21.0315 Y24.2561 Z-2.475
错误:在 393 行:X21.0315 Y24.2561 Z-2.475,"Z"和"C"碰撞.


******************** 刀路错误报告 ********************
错误394行,文件名:G682尝试后处理-777.NC.NC
X21.4882 Y22.8961 Z-2.55
错误:在 394 行:X21.4882 Y22.8961 Z-2.55,"Z"和"A"碰撞.


******************** 刀路错误报告 ********************
错误394行,文件名:G682尝试后处理-777.NC.NC
X21.4882 Y22.8961 Z-2.55
错误:在 394 行:X21.4882 Y22.8961 Z-2.55,"Z"和"C"碰撞.


******************** 刀路错误报告 ********************
错误395行,文件名:G682尝试后处理-777.NC.NC
X22.3472 Y21.7472 Z-2.625
错误:在 395 行:X22.3472 Y21.7472 Z-2.625,"Z"和"A"碰撞.


******************** 刀路错误报告 ********************
错误395行,文件名:G682尝试后处理-777.NC.NC
X22.3472 Y21.7472 Z-2.625
错误:在 395 行:X22.3472 Y21.7472 Z-2.625,"Z"和"C"碰撞.


******************** 刀路错误报告 ********************
错误396行,文件名:G682尝试后处理-777.NC.NC
X23.5224 Y20.9245 Z-2.7
错误:在 396 行:X23.5224 Y20.9245 Z-2.7,"Z"和"A"碰撞.


******************** 刀路错误报告 ********************
错误396行,文件名:G682尝试后处理-777.NC.NC
X23.5224 Y20.9245 Z-2.7
错误:在 396 行:X23.5224 Y20.9245 Z-2.7,"Z"和"C"碰撞.


******************** 刀路错误报告 ********************
错误397行,文件名:G682尝试后处理-777.NC.NC
X24.8959 Y20.5105 Z-2.775
错误:在 397 行:X24.8959 Y20.5105 Z-2.775,"Z"和"A"碰撞.


******************** 刀路错误报告 ********************
错误397行,文件名:G682尝试后处理-777.NC.NC
X24.8959 Y20.5105 Z-2.775
错误:在 397 行:X24.8959 Y20.5105 Z-2.775,"Z"和"C"碰撞.


******************** 刀路错误报告 ********************
错误398行,文件名:G682尝试后处理-777.NC.NC
X26.33 Y20.5467 Z-2.85
错误:在 398 行:X26.33 Y20.5467 Z-2.85,"Z"和"A"碰撞.


******************** 刀路错误报告 ********************
错误398行,文件名:G682尝试后处理-777.NC.NC
X26.33 Y20.5467 Z-2.85
错误:在 398 行:X26.33 Y20.5467 Z-2.85,"Z"和"C"碰撞.


******************** 刀路错误报告 ********************
错误399行,文件名:G682尝试后处理-777.NC.NC
X27.6809 Y21.0295 Z-2.925
错误:在 399 行:X27.6809 Y21.0295 Z-2.925,"Z"和"A"碰撞.


******************** 刀路错误报告 ********************
错误399行,文件名:G682尝试后处理-777.NC.NC
X27.6809 Y21.0295 Z-2.925
错误:在 399 行:X27.6809 Y21.0295 Z-2.925,"Z"和"C"碰撞.


******************** 刀路错误报告 ********************
错误400行,文件名:G682尝试后处理-777.NC.NC
X28.7911 Y21.931 Z-3.
错误:在 400 行:X28.7911 Y21.931 Z-3.,"Z"和"A"碰撞.


******************** 刀路错误报告 ********************
错误400行,文件名:G682尝试后处理-777.NC.NC
X28.7911 Y21.931 Z-3.
错误:在 400 行:X28.7911 Y21.931 Z-3.,"Z"和"C"碰撞.


******************** 刀路错误报告 ********************
错误401行,文件名:G682尝试后处理-777.NC.NC
X39.6898 Y33.6184
错误:在 401 行:X39.6898 Y33.6184,"Z"和"A"碰撞.


******************** 刀路错误报告 ********************
错误401行,文件名:G682尝试后处理-777.NC.NC
X39.6898 Y33.6184
错误:在 401 行:X39.6898 Y33.6184,"Z"和"C"碰撞.


******************** 刀路错误报告 ********************
错误402行,文件名:G682尝试后处理-777.NC.NC
X33.839 Y39.0744
错误:在 402 行:X33.839 Y39.0744,"Z"和"A"碰撞.


******************** 刀路错误报告 ********************
错误402行,文件名:G682尝试后处理-777.NC.NC
X33.839 Y39.0744
错误:在 402 行:X33.839 Y39.0744,"Z"和"C"碰撞.


******************** 刀路错误报告 ********************
错误403行,文件名:G682尝试后处理-777.NC.NC
G03 X33.157Y39.3431 Z-3. R1.
错误:在 403 行:G03 X33.157Y39.3431 Z-3. R1.,"Z"和"A"碰撞.


******************** 刀路错误报告 ********************
错误403行,文件名:G682尝试后处理-777.NC.NC
G03 X33.157Y39.3431 Z-3. R1.
错误:在 403 行:G03 X33.157Y39.3431 Z-3. R1.,"Z"和"C"碰撞.


******************** 刀路错误报告 ********************
错误404行,文件名:G682尝试后处理-777.NC.NC
G03 X32.4256Y39.0251 Z-3. R1.
错误:在 404 行:G03 X32.4256Y39.0251 Z-3. R1.,"Z"和"A"碰撞.


******************** 刀路错误报告 ********************
错误404行,文件名:G682尝试后处理-777.NC.NC
G03 X32.4256Y39.0251 Z-3. R1.
错误:在 404 行:G03 X32.4256Y39.0251 Z-3. R1.,"Z"和"C"碰撞.


******************** 刀路错误报告 ********************
错误405行,文件名:G682尝试后处理-777.NC.NC
G01 X11.9922 Y17.1129
错误:在 405 行:G01 X11.9922 Y17.1129,"Z"和"A"碰撞.


******************** 刀路错误报告 ********************
错误405行,文件名:G682尝试后处理-777.NC.NC
G01 X11.9922 Y17.1129
错误:在 405 行:G01 X11.9922 Y17.1129,"Z"和"C"碰撞.


******************** 刀路错误报告 ********************
错误406行,文件名:G682尝试后处理-777.NC.NC
G03 X11.7236Y16.4309 Z-3. R1.
错误:在 406 行:G03 X11.7236Y16.4309 Z-3. R1.,"Z"和"A"碰撞.


******************** 刀路错误报告 ********************
错误406行,文件名:G682尝试后处理-777.NC.NC
G03 X11.7236Y16.4309 Z-3. R1.
错误:在 406 行:G03 X11.7236Y16.4309 Z-3. R1.,"Z"和"C"碰撞.


******************** 刀路错误报告 ********************
错误407行,文件名:G682尝试后处理-777.NC.NC
G03 X12.0416Y15.6996 Z-3. R1.
错误:在 407 行:G03 X12.0416Y15.6996 Z-3. R1.,"Z"和"A"碰撞.


******************** 刀路错误报告 ********************
错误407行,文件名:G682尝试后处理-777.NC.NC
G03 X12.0416Y15.6996 Z-3. R1.
错误:在 407 行:G03 X12.0416Y15.6996 Z-3. R1.,"Z"和"C"碰撞.


******************** 刀路错误报告 ********************
错误408行,文件名:G682尝试后处理-777.NC.NC
G01 X17.8924 Y10.2436
错误:在 408 行:G01 X17.8924 Y10.2436,"Z"和"A"碰撞.


******************** 刀路错误报告 ********************
错误408行,文件名:G682尝试后处理-777.NC.NC
G01 X17.8924 Y10.2436
错误:在 408 行:G01 X17.8924 Y10.2436,"Z"和"C"碰撞.


******************** 刀路错误报告 ********************
错误409行,文件名:G682尝试后处理-777.NC.NC
X28.7911 Y21.931
错误:在 409 行:X28.7911 Y21.931,"Z"和"A"碰撞.


******************** 刀路错误报告 ********************
错误409行,文件名:G682尝试后处理-777.NC.NC
X28.7911 Y21.931
错误:在 409 行:X28.7911 Y21.931,"Z"和"C"碰撞.


******************** 刀路错误报告 ********************
错误410行,文件名:G682尝试后处理-777.NC.NC
X25.1343 Y25.341
错误:在 410 行:X25.1343 Y25.341,"Z"和"A"碰撞.


******************** 刀路错误报告 ********************
错误410行,文件名:G682尝试后处理-777.NC.NC
X25.1343 Y25.341
错误:在 410 行:X25.1343 Y25.341,"Z"和"C"碰撞.


******************** 刀路错误报告 ********************
错误411行,文件名:G682尝试后处理-777.NC.NC
Z0.0
错误:在 411 行:Z0.0,"Z"和"A"碰撞.


******************** 刀路错误报告 ********************
错误411行,文件名:G682尝试后处理-777.NC.NC
Z0.0
错误:在 411 行:Z0.0,"Z"和"C"碰撞.


******************** 刀路错误报告 ********************
错误412行,文件名:G682尝试后处理-777.NC.NC
G00 Z10.
错误:在 412 行:G00 Z10.,"Z"和"A"碰撞.


******************** 刀路错误报告 ********************
错误412行,文件名:G682尝试后处理-777.NC.NC
G00 Z10.
错误:在 412 行:G00 Z10.,"Z"和"C"碰撞.


******************** 刀路错误报告 ********************
错误413行,文件名:G682尝试后处理-777.NC.NC
X28.28 Y21.4614
错误:在 413 行:X28.28 Y21.4614,"Z"和"A"碰撞.


******************** 刀路错误报告 ********************
错误413行,文件名:G682尝试后处理-777.NC.NC
X28.28 Y21.4614
错误:在 413 行:X28.28 Y21.4614,"Z"和"C"碰撞.


******************** 刀路错误报告 ********************
错误414行,文件名:G682尝试后处理-777.NC.NC
Z-1.
错误:在 414 行:Z-1.,"Z"和"A"碰撞.


******************** 刀路错误报告 ********************
错误414行,文件名:G682尝试后处理-777.NC.NC
Z-1.
错误:在 414 行:Z-1.,"Z"和"C"碰撞.


******************** 刀路错误报告 ********************
错误415行,文件名:G682尝试后处理-777.NC.NC
G01 X29.2721 Y22.4915 Z-1.075
错误:在 415 行:G01 X29.2721 Y22.4915 Z-1.075,"Z"和"A"碰撞.


******************** 刀路错误报告 ********************
错误415行,文件名:G682尝试后处理-777.NC.NC
G01 X29.2721 Y22.4915 Z-1.075
错误:在 415 行:G01 X29.2721 Y22.4915 Z-1.075,"Z"和"C"碰撞.


******************** 刀路错误报告 ********************
错误416行,文件名:G682尝试后处理-777.NC.NC
X29.8673 Y23.7968 Z-1.15
错误:在 416 行:X29.8673 Y23.7968 Z-1.15,"Z"和"A"碰撞.


******************** 刀路错误报告 ********************
错误416行,文件名:G682尝试后处理-777.NC.NC
X29.8673 Y23.7968 Z-1.15
错误:在 416 行:X29.8673 Y23.7968 Z-1.15,"Z"和"C"碰撞.


******************** 刀路错误报告 ********************
错误417行,文件名:G682尝试后处理-777.NC.NC
X30.0245 Y25.2227 Z-1.225
错误:在 417 行:X30.0245 Y25.2227 Z-1.225,"Z"和"A"碰撞.


******************** 刀路错误报告 ********************
错误417行,文件名:G682尝试后处理-777.NC.NC
X30.0245 Y25.2227 Z-1.225
错误:在 417 行:X30.0245 Y25.2227 Z-1.225,"Z"和"C"碰撞.


******************** 刀路错误报告 ********************
错误418行,文件名:G682尝试后处理-777.NC.NC
X29.728 Y26.6263 Z-1.3
错误:在 418 行:X29.728 Y26.6263 Z-1.3,"Z"和"A"碰撞.


******************** 刀路错误报告 ********************
错误418行,文件名:G682尝试后处理-777.NC.NC
X29.728 Y26.6263 Z-1.3
错误:在 418 行:X29.728 Y26.6263 Z-1.3,"Z"和"C"碰撞.


******************** 刀路错误报告 ********************
错误419行,文件名:G682尝试后处理-777.NC.NC
X29.0075 Y27.8668 Z-1.375
错误:在 419 行:X29.0075 Y27.8668 Z-1.375,"Z"和"A"碰撞.


******************** 刀路错误报告 ********************
错误419行,文件名:G682尝试后处理-777.NC.NC
X29.0075 Y27.8668 Z-1.375
错误:在 419 行:X29.0075 Y27.8668 Z-1.375,"Z"和"C"碰撞.


******************** 刀路错误报告 ********************
错误420行,文件名:G682尝试后处理-777.NC.NC
X27.9352 Y28.8198 Z-1.45
错误:在 420 行:X27.9352 Y28.8198 Z-1.45,"Z"和"A"碰撞.


******************** 刀路错误报告 ********************
错误420行,文件名:G682尝试后处理-777.NC.NC
X27.9352 Y28.8198 Z-1.45
错误:在 420 行:X27.9352 Y28.8198 Z-1.45,"Z"和"C"碰撞.


******************** 刀路错误报告 ********************
错误421行,文件名:G682尝试后处理-777.NC.NC
X26.6187 Y29.3897 Z-1.525
错误:在 421 行:X26.6187 Y29.3897 Z-1.525,"Z"和"A"碰撞.


******************** 刀路错误报告 ********************
错误421行,文件名:G682尝试后处理-777.NC.NC
X26.6187 Y29.3897 Z-1.525
错误:在 421 行:X26.6187 Y29.3897 Z-1.525,"Z"和"C"碰撞.


******************** 刀路错误报告 ********************
错误422行,文件名:G682尝试后处理-777.NC.NC
X25.19 Y29.5194 Z-1.6
错误:在 422 行:X25.19 Y29.5194 Z-1.6,"Z"和"A"碰撞.


******************** 刀路错误报告 ********************
错误422行,文件名:G682尝试后处理-777.NC.NC
X25.19 Y29.5194 Z-1.6
错误:在 422 行:X25.19 Y29.5194 Z-1.6,"Z"和"C"碰撞.


******************** 刀路错误报告 ********************
错误423行,文件名:G682尝试后处理-777.NC.NC
X23.7924 Y29.1958 Z-1.675
错误:在 423 行:X23.7924 Y29.1958 Z-1.675,"Z"和"A"碰撞.


******************** 刀路错误报告 ********************
错误423行,文件名:G682尝试后处理-777.NC.NC
X23.7924 Y29.1958 Z-1.675
错误:在 423 行:X23.7924 Y29.1958 Z-1.675,"Z"和"C"碰撞.


******************** 刀路错误报告 ********************
错误424行,文件名:G682尝试后处理-777.NC.NC
X22.5661 Y28.4515 Z-1.75
错误:在 424 行:X22.5661 Y28.4515 Z-1.75,"Z"和"A"碰撞.


******************** 刀路错误报告 ********************
错误424行,文件名:G682尝试后处理-777.NC.NC
X22.5661 Y28.4515 Z-1.75
错误:在 424 行:X22.5661 Y28.4515 Z-1.75,"Z"和"C"碰撞.


******************** 刀路错误报告 ********************
错误425行,文件名:G682尝试后处理-777.NC.NC
X21.634 Y27.3611 Z-1.825
错误:在 425 行:X21.634 Y27.3611 Z-1.825,"Z"和"A"碰撞.


******************** 刀路错误报告 ********************
错误425行,文件名:G682尝试后处理-777.NC.NC
X21.634 Y27.3611 Z-1.825
错误:在 425 行:X21.634 Y27.3611 Z-1.825,"Z"和"C"碰撞.


******************** 刀路错误报告 ********************
错误426行,文件名:G682尝试后处理-777.NC.NC
X21.0895 Y26.0338 Z-1.9
错误:在 426 行:X21.0895 Y26.0338 Z-1.9,"Z"和"A"碰撞.


******************** 刀路错误报告 ********************
错误426行,文件名:G682尝试后处理-777.NC.NC
X21.0895 Y26.0338 Z-1.9
错误:在 426 行:X21.0895 Y26.0338 Z-1.9,"Z"和"C"碰撞.


******************** 刀路错误报告 ********************
错误427行,文件名:G682尝试后处理-777.NC.NC
X20.9874 Y24.6029 Z-1.975
错误:在 427 行:X20.9874 Y24.6029 Z-1.975,"Z"和"A"碰撞.


******************** 刀路错误报告 ********************
错误427行,文件名:G682尝试后处理-777.NC.NC
X20.9874 Y24.6029 Z-1.975
错误:在 427 行:X20.9874 Y24.6029 Z-1.975,"Z"和"C"碰撞.


******************** 刀路错误报告 ********************
错误428行,文件名:G682尝试后处理-777.NC.NC
X21.3379 Y23.2118 Z-2.05
错误:在 428 行:X21.3379 Y23.2118 Z-2.05,"Z"和"A"碰撞.


******************** 刀路错误报告 ********************
错误428行,文件名:G682尝试后处理-777.NC.NC
X21.3379 Y23.2118 Z-2.05
错误:在 428 行:X21.3379 Y23.2118 Z-2.05,"Z"和"C"碰撞.


******************** 刀路错误报告 ********************
错误429行,文件名:G682尝试后处理-777.NC.NC
X22.1057 Y22. Z-2.125
错误:在 429 行:X22.1057 Y22. Z-2.125,"Z"和"A"碰撞.


******************** 刀路错误报告 ********************
错误429行,文件名:G682尝试后处理-777.NC.NC
X22.1057 Y22. Z-2.125
错误:在 429 行:X22.1057 Y22. Z-2.125,"Z"和"C"碰撞.


******************** 刀路错误报告 ********************
错误430行,文件名:G682尝试后处理-777.NC.NC
X23.214 Y21.0891 Z-2.2
错误:在 430 行:X23.214 Y21.0891 Z-2.2,"Z"和"A"碰撞.


******************** 刀路错误报告 ********************
错误430行,文件名:G682尝试后处理-777.NC.NC
X23.214 Y21.0891 Z-2.2
错误:在 430 行:X23.214 Y21.0891 Z-2.2,"Z"和"C"碰撞.


******************** 刀路错误报告 ********************
错误431行,文件名:G682尝试后处理-777.NC.NC
X24.5515 Y20.5704 Z-2.275
错误:在 431 行:X24.5515 Y20.5704 Z-2.275,"Z"和"A"碰撞.


******************** 刀路错误报告 ********************
错误431行,文件名:G682尝试后处理-777.NC.NC
X24.5515 Y20.5704 Z-2.275
错误:在 431 行:X24.5515 Y20.5704 Z-2.275,"Z"和"C"碰撞.


******************** 刀路错误报告 ********************
错误432行,文件名:G682尝试后处理-777.NC.NC
X25.9841 Y20.4959 Z-2.35
错误:在 432 行:X25.9841 Y20.4959 Z-2.35,"Z"和"A"碰撞.


******************** 刀路错误报告 ********************
错误432行,文件名:G682尝试后处理-777.NC.NC
X25.9841 Y20.4959 Z-2.35
错误:在 432 行:X25.9841 Y20.4959 Z-2.35,"Z"和"C"碰撞.


******************** 刀路错误报告 ********************
错误433行,文件名:G682尝试后处理-777.NC.NC
X27.3682 Y20.8732 Z-2.425
错误:在 433 行:X27.3682 Y20.8732 Z-2.425,"Z"和"A"碰撞.


******************** 刀路错误报告 ********************
错误433行,文件名:G682尝试后处理-777.NC.NC
X27.3682 Y20.8732 Z-2.425
错误:在 433 行:X27.3682 Y20.8732 Z-2.425,"Z"和"C"碰撞.


******************** 刀路错误报告 ********************
错误434行,文件名:G682尝试后处理-777.NC.NC
X28.5649 Y21.6643 Z-2.5
错误:在 434 行:X28.5649 Y21.6643 Z-2.5,"Z"和"A"碰撞.


******************** 刀路错误报告 ********************
错误434行,文件名:G682尝试后处理-777.NC.NC
X28.5649 Y21.6643 Z-2.5
错误:在 434 行:X28.5649 Y21.6643 Z-2.5,"Z"和"C"碰撞.


******************** 刀路错误报告 ********************
错误435行,文件名:G682尝试后处理-777.NC.NC
X29.4543 Y22.7899 Z-2.575
错误:在 435 行:X29.4543 Y22.7899 Z-2.575,"Z"和"A"碰撞.


******************** 刀路错误报告 ********************
错误435行,文件名:G682尝试后处理-777.NC.NC
X29.4543 Y22.7899 Z-2.575
错误:在 435 行:X29.4543 Y22.7899 Z-2.575,"Z"和"C"碰撞.


******************** 刀路错误报告 ********************
错误436行,文件名:G682尝试后处理-777.NC.NC
X29.9471 Y24.1371 Z-2.65
错误:在 436 行:X29.9471 Y24.1371 Z-2.65,"Z"和"A"碰撞.


******************** 刀路错误报告 ********************
错误436行,文件名:G682尝试后处理-777.NC.NC
X29.9471 Y24.1371 Z-2.65
错误:在 436 行:X29.9471 Y24.1371 Z-2.65,"Z"和"C"碰撞.


******************** 刀路错误报告 ********************
错误437行,文件名:G682尝试后处理-777.NC.NC
X29.9939 Y25.5709 Z-2.725
错误:在 437 行:X29.9939 Y25.5709 Z-2.725,"Z"和"A"碰撞.


******************** 刀路错误报告 ********************
错误437行,文件名:G682尝试后处理-777.NC.NC
X29.9939 Y25.5709 Z-2.725
错误:在 437 行:X29.9939 Y25.5709 Z-2.725,"Z"和"C"碰撞.


******************** 刀路错误报告 ********************
错误438行,文件名:G682尝试后处理-777.NC.NC
X29.59 Y26.9475 Z-2.8
错误:在 438 行:X29.59 Y26.9475 Z-2.8,"Z"和"A"碰撞.


******************** 刀路错误报告 ********************
错误438行,文件名:G682尝试后处理-777.NC.NC
X29.59 Y26.9475 Z-2.8
错误:在 438 行:X29.59 Y26.9475 Z-2.8,"Z"和"C"碰撞.


******************** 刀路错误报告 ********************
错误439行,文件名:G682尝试后处理-777.NC.NC
X28.776 Y28.1287 Z-2.875
错误:在 439 行:X28.776 Y28.1287 Z-2.875,"Z"和"A"碰撞.


******************** 刀路错误报告 ********************
错误439行,文件名:G682尝试后处理-777.NC.NC
X28.776 Y28.1287 Z-2.875
错误:在 439 行:X28.776 Y28.1287 Z-2.875,"Z"和"C"碰撞.


******************** 刀路错误报告 ********************
错误440行,文件名:G682尝试后处理-777.NC.NC
X27.6334 Y28.9962 Z-2.95
错误:在 440 行:X27.6334 Y28.9962 Z-2.95,"Z"和"A"碰撞.


******************** 刀路错误报告 ********************
错误440行,文件名:G682尝试后处理-777.NC.NC
X27.6334 Y28.9962 Z-2.95
错误:在 440 行:X27.6334 Y28.9962 Z-2.95,"Z"和"C"碰撞.


******************** 刀路错误报告 ********************
错误441行,文件名:G682尝试后处理-777.NC.NC
X26.2769 Y29.4629 Z-3.025
错误:在 441 行:X26.2769 Y29.4629 Z-3.025,"Z"和"A"碰撞.


******************** 刀路错误报告 ********************
错误441行,文件名:G682尝试后处理-777.NC.NC
X26.2769 Y29.4629 Z-3.025
错误:在 441 行:X26.2769 Y29.4629 Z-3.025,"Z"和"C"碰撞.


******************** 刀路错误报告 ********************
错误442行,文件名:G682尝试后处理-777.NC.NC
X24.8424 Y29.482 Z-3.1
错误:在 442 行:X24.8424 Y29.482 Z-3.1,"Z"和"A"碰撞.


******************** 刀路错误报告 ********************
错误442行,文件名:G682尝试后处理-777.NC.NC
X24.8424 Y29.482 Z-3.1
错误:在 442 行:X24.8424 Y29.482 Z-3.1,"Z"和"C"碰撞.


******************** 刀路错误报告 ********************
错误443行,文件名:G682尝试后处理-777.NC.NC
X23.474 Y29.0517 Z-3.175
错误:在 443 行:X23.474 Y29.0517 Z-3.175,"Z"和"A"碰撞.


******************** 刀路错误报告 ********************
错误443行,文件名:G682尝试后处理-777.NC.NC
X23.474 Y29.0517 Z-3.175
错误:在 443 行:X23.474 Y29.0517 Z-3.175,"Z"和"C"碰撞.


******************** 刀路错误报告 ********************
错误444行,文件名:G682尝试后处理-777.NC.NC
X22.3086 Y28.215 Z-3.25
错误:在 444 行:X22.3086 Y28.215 Z-3.25,"Z"和"A"碰撞.


******************** 刀路错误报告 ********************
错误444行,文件名:G682尝试后处理-777.NC.NC
X22.3086 Y28.215 Z-3.25
错误:在 444 行:X22.3086 Y28.215 Z-3.25,"Z"和"C"碰撞.


******************** 刀路错误报告 ********************
错误445行,文件名:G682尝试后处理-777.NC.NC
X21.4634 Y27.0559 Z-3.325
错误:在 445 行:X21.4634 Y27.0559 Z-3.325,"Z"和"A"碰撞.


******************** 刀路错误报告 ********************
错误445行,文件名:G682尝试后处理-777.NC.NC
X21.4634 Y27.0559 Z-3.325
错误:在 445 行:X21.4634 Y27.0559 Z-3.325,"Z"和"C"碰撞.


******************** 刀路错误报告 ********************
错误446行,文件名:G682尝试后处理-777.NC.NC
X21.023 Y25.6906 Z-3.4
错误:在 446 行:X21.023 Y25.6906 Z-3.4,"Z"和"A"碰撞.


******************** 刀路错误报告 ********************
错误446行,文件名:G682尝试后处理-777.NC.NC
X21.023 Y25.6906 Z-3.4
错误:在 446 行:X21.023 Y25.6906 Z-3.4,"Z"和"C"碰撞.


******************** 刀路错误报告 ********************
错误447行,文件名:G682尝试后处理-777.NC.NC
X21.0315 Y24.2561 Z-3.475
错误:在 447 行:X21.0315 Y24.2561 Z-3.475,"Z"和"A"碰撞.


******************** 刀路错误报告 ********************
错误447行,文件名:G682尝试后处理-777.NC.NC
X21.0315 Y24.2561 Z-3.475
错误:在 447 行:X21.0315 Y24.2561 Z-3.475,"Z"和"C"碰撞.


******************** 刀路错误报告 ********************
错误448行,文件名:G682尝试后处理-777.NC.NC
X21.4882 Y22.8961 Z-3.55
错误:在 448 行:X21.4882 Y22.8961 Z-3.55,"Z"和"A"碰撞.


******************** 刀路错误报告 ********************
错误448行,文件名:G682尝试后处理-777.NC.NC
X21.4882 Y22.8961 Z-3.55
错误:在 448 行:X21.4882 Y22.8961 Z-3.55,"Z"和"C"碰撞.


******************** 刀路错误报告 ********************
错误449行,文件名:G682尝试后处理-777.NC.NC
X22.3472 Y21.7472 Z-3.625
错误:在 449 行:X22.3472 Y21.7472 Z-3.625,"Z"和"A"碰撞.


******************** 刀路错误报告 ********************
错误449行,文件名:G682尝试后处理-777.NC.NC
X22.3472 Y21.7472 Z-3.625
错误:在 449 行:X22.3472 Y21.7472 Z-3.625,"Z"和"C"碰撞.


******************** 刀路错误报告 ********************
错误450行,文件名:G682尝试后处理-777.NC.NC
X23.5224 Y20.9245 Z-3.7
错误:在 450 行:X23.5224 Y20.9245 Z-3.7,"Z"和"A"碰撞.


******************** 刀路错误报告 ********************
错误450行,文件名:G682尝试后处理-777.NC.NC
X23.5224 Y20.9245 Z-3.7
错误:在 450 行:X23.5224 Y20.9245 Z-3.7,"Z"和"C"碰撞.


******************** 刀路错误报告 ********************
错误451行,文件名:G682尝试后处理-777.NC.NC
X24.8959 Y20.5105 Z-3.775
错误:在 451 行:X24.8959 Y20.5105 Z-3.775,"Z"和"A"碰撞.


******************** 刀路错误报告 ********************
错误451行,文件名:G682尝试后处理-777.NC.NC
X24.8959 Y20.5105 Z-3.775
错误:在 451 行:X24.8959 Y20.5105 Z-3.775,"Z"和"C"碰撞.


******************** 刀路错误报告 ********************
错误452行,文件名:G682尝试后处理-777.NC.NC
X26.33 Y20.5467 Z-3.85
错误:在 452 行:X26.33 Y20.5467 Z-3.85,"Z"和"A"碰撞.


******************** 刀路错误报告 ********************
错误452行,文件名:G682尝试后处理-777.NC.NC
X26.33 Y20.5467 Z-3.85
错误:在 452 行:X26.33 Y20.5467 Z-3.85,"Z"和"C"碰撞.


******************** 刀路错误报告 ********************
错误453行,文件名:G682尝试后处理-777.NC.NC
X27.6809 Y21.0295 Z-3.925
错误:在 453 行:X27.6809 Y21.0295 Z-3.925,"Z"和"A"碰撞.


******************** 刀路错误报告 ********************
错误453行,文件名:G682尝试后处理-777.NC.NC
X27.6809 Y21.0295 Z-3.925
错误:在 453 行:X27.6809 Y21.0295 Z-3.925,"Z"和"C"碰撞.


******************** 刀路错误报告 ********************
错误454行,文件名:G682尝试后处理-777.NC.NC
X28.7911 Y21.931 Z-4.
错误:在 454 行:X28.7911 Y21.931 Z-4.,"Z"和"A"碰撞.


******************** 刀路错误报告 ********************
错误454行,文件名:G682尝试后处理-777.NC.NC
X28.7911 Y21.931 Z-4.
错误:在 454 行:X28.7911 Y21.931 Z-4.,"Z"和"C"碰撞.


******************** 刀路错误报告 ********************
错误455行,文件名:G682尝试后处理-777.NC.NC
X39.6898 Y33.6184
错误:在 455 行:X39.6898 Y33.6184,"Z"和"A"碰撞.


******************** 刀路错误报告 ********************
错误455行,文件名:G682尝试后处理-777.NC.NC
X39.6898 Y33.6184
错误:在 455 行:X39.6898 Y33.6184,"Z"和"C"碰撞.


******************** 刀路错误报告 ********************
错误456行,文件名:G682尝试后处理-777.NC.NC
X33.839 Y39.0744
错误:在 456 行:X33.839 Y39.0744,"Z"和"A"碰撞.


******************** 刀路错误报告 ********************
错误456行,文件名:G682尝试后处理-777.NC.NC
X33.839 Y39.0744
错误:在 456 行:X33.839 Y39.0744,"Z"和"C"碰撞.


******************** 刀路错误报告 ********************
错误457行,文件名:G682尝试后处理-777.NC.NC
G03 X33.157Y39.3431 Z-4. R1.
错误:在 457 行:G03 X33.157Y39.3431 Z-4. R1.,"Z"和"A"碰撞.


******************** 刀路错误报告 ********************
错误457行,文件名:G682尝试后处理-777.NC.NC
G03 X33.157Y39.3431 Z-4. R1.
错误:在 457 行:G03 X33.157Y39.3431 Z-4. R1.,"Z"和"C"碰撞.


******************** 刀路错误报告 ********************
错误458行,文件名:G682尝试后处理-777.NC.NC
G03 X32.4256Y39.0251 Z-4. R1.
错误:在 458 行:G03 X32.4256Y39.0251 Z-4. R1.,"Z"和"A"碰撞.


******************** 刀路错误报告 ********************
错误458行,文件名:G682尝试后处理-777.NC.NC
G03 X32.4256Y39.0251 Z-4. R1.
错误:在 458 行:G03 X32.4256Y39.0251 Z-4. R1.,"Z"和"C"碰撞.


******************** 刀路错误报告 ********************
错误459行,文件名:G682尝试后处理-777.NC.NC
G01 X11.9922 Y17.1129
错误:在 459 行:G01 X11.9922 Y17.1129,"Z"和"A"碰撞.


******************** 刀路错误报告 ********************
错误459行,文件名:G682尝试后处理-777.NC.NC
G01 X11.9922 Y17.1129
错误:在 459 行:G01 X11.9922 Y17.1129,"Z"和"C"碰撞.


******************** 刀路错误报告 ********************
错误460行,文件名:G682尝试后处理-777.NC.NC
G03 X11.7236Y16.4309 Z-4. R1.
错误:在 460 行:G03 X11.7236Y16.4309 Z-4. R1.,"Z"和"A"碰撞.


******************** 刀路错误报告 ********************
错误460行,文件名:G682尝试后处理-777.NC.NC
G03 X11.7236Y16.4309 Z-4. R1.
错误:在 460 行:G03 X11.7236Y16.4309 Z-4. R1.,"Z"和"C"碰撞.


******************** 刀路错误报告 ********************
错误461行,文件名:G682尝试后处理-777.NC.NC
G03 X12.0416Y15.6996 Z-4. R1.
错误:在 461 行:G03 X12.0416Y15.6996 Z-4. R1.,"Z"和"A"碰撞.


******************** 刀路错误报告 ********************
错误461行,文件名:G682尝试后处理-777.NC.NC
G03 X12.0416Y15.6996 Z-4. R1.
错误:在 461 行:G03 X12.0416Y15.6996 Z-4. R1.,"Z"和"C"碰撞.


******************** 刀路错误报告 ********************
错误462行,文件名:G682尝试后处理-777.NC.NC
G01 X17.8924 Y10.2436
错误:在 462 行:G01 X17.8924 Y10.2436,"Z"和"A"碰撞.


******************** 刀路错误报告 ********************
错误462行,文件名:G682尝试后处理-777.NC.NC
G01 X17.8924 Y10.2436
错误:在 462 行:G01 X17.8924 Y10.2436,"Z"和"C"碰撞.


******************** 刀路错误报告 ********************
错误463行,文件名:G682尝试后处理-777.NC.NC
X28.7911 Y21.931
错误:在 463 行:X28.7911 Y21.931,"Z"和"A"碰撞.


******************** 刀路错误报告 ********************
错误463行,文件名:G682尝试后处理-777.NC.NC
X28.7911 Y21.931
错误:在 463 行:X28.7911 Y21.931,"Z"和"C"碰撞.


******************** 刀路错误报告 ********************
错误464行,文件名:G682尝试后处理-777.NC.NC
X25.1343 Y25.341
错误:在 464 行:X25.1343 Y25.341,"Z"和"A"碰撞.


******************** 刀路错误报告 ********************
错误464行,文件名:G682尝试后处理-777.NC.NC
X25.1343 Y25.341
错误:在 464 行:X25.1343 Y25.341,"Z"和"C"碰撞.


******************** 刀路错误报告 ********************
错误465行,文件名:G682尝试后处理-777.NC.NC
Z-1.
错误:在 465 行:Z-1.,"Z"和"A"碰撞.


******************** 刀路错误报告 ********************
错误465行,文件名:G682尝试后处理-777.NC.NC
Z-1.
错误:在 465 行:Z-1.,"Z"和"C"碰撞.


******************** 刀路错误报告 ********************
错误466行,文件名:G682尝试后处理-777.NC.NC
G00 Z10.
错误:在 466 行:G00 Z10.,"Z"和"A"碰撞.


******************** 刀路错误报告 ********************
错误466行,文件名:G682尝试后处理-777.NC.NC
G00 Z10.
错误:在 466 行:G00 Z10.,"Z"和"C"碰撞.


******************** 刀路错误报告 ********************
错误467行,文件名:G682尝试后处理-777.NC.NC
X28.28 Y21.4614
错误:在 467 行:X28.28 Y21.4614,"Z"和"A"碰撞.


******************** 刀路错误报告 ********************
错误467行,文件名:G682尝试后处理-777.NC.NC
X28.28 Y21.4614
错误:在 467 行:X28.28 Y21.4614,"Z"和"C"碰撞.


******************** 刀路错误报告 ********************
错误468行,文件名:G682尝试后处理-777.NC.NC
Z-2.
错误:在 468 行:Z-2.,"Z"和"A"碰撞.


******************** 刀路错误报告 ********************
错误468行,文件名:G682尝试后处理-777.NC.NC
Z-2.
错误:在 468 行:Z-2.,"Z"和"C"碰撞.


******************** 刀路错误报告 ********************
错误469行,文件名:G682尝试后处理-777.NC.NC
G01 X29.2721 Y22.4915 Z-2.075
错误:在 469 行:G01 X29.2721 Y22.4915 Z-2.075,"Z"和"A"碰撞.


******************** 刀路错误报告 ********************
错误469行,文件名:G682尝试后处理-777.NC.NC
G01 X29.2721 Y22.4915 Z-2.075
错误:在 469 行:G01 X29.2721 Y22.4915 Z-2.075,"Z"和"C"碰撞.


******************** 刀路错误报告 ********************
错误470行,文件名:G682尝试后处理-777.NC.NC
X29.8673 Y23.7968 Z-2.15
错误:在 470 行:X29.8673 Y23.7968 Z-2.15,"Z"和"A"碰撞.


******************** 刀路错误报告 ********************
错误470行,文件名:G682尝试后处理-777.NC.NC
X29.8673 Y23.7968 Z-2.15
错误:在 470 行:X29.8673 Y23.7968 Z-2.15,"Z"和"C"碰撞.


******************** 刀路错误报告 ********************
错误471行,文件名:G682尝试后处理-777.NC.NC
X30.0245 Y25.2227 Z-2.225
错误:在 471 行:X30.0245 Y25.2227 Z-2.225,"Z"和"A"碰撞.


******************** 刀路错误报告 ********************
错误471行,文件名:G682尝试后处理-777.NC.NC
X30.0245 Y25.2227 Z-2.225
错误:在 471 行:X30.0245 Y25.2227 Z-2.225,"Z"和"C"碰撞.


******************** 刀路错误报告 ********************
错误472行,文件名:G682尝试后处理-777.NC.NC
X29.728 Y26.6263 Z-2.3
错误:在 472 行:X29.728 Y26.6263 Z-2.3,"Z"和"A"碰撞.


******************** 刀路错误报告 ********************
错误472行,文件名:G682尝试后处理-777.NC.NC
X29.728 Y26.6263 Z-2.3
错误:在 472 行:X29.728 Y26.6263 Z-2.3,"Z"和"C"碰撞.


******************** 刀路错误报告 ********************
错误473行,文件名:G682尝试后处理-777.NC.NC
X29.0075 Y27.8668 Z-2.375
错误:在 473 行:X29.0075 Y27.8668 Z-2.375,"Z"和"A"碰撞.


******************** 刀路错误报告 ********************
错误473行,文件名:G682尝试后处理-777.NC.NC
X29.0075 Y27.8668 Z-2.375
错误:在 473 行:X29.0075 Y27.8668 Z-2.375,"Z"和"C"碰撞.


******************** 刀路错误报告 ********************
错误474行,文件名:G682尝试后处理-777.NC.NC
X27.9352 Y28.8198 Z-2.45
错误:在 474 行:X27.9352 Y28.8198 Z-2.45,"Z"和"A"碰撞.


******************** 刀路错误报告 ********************
错误474行,文件名:G682尝试后处理-777.NC.NC
X27.9352 Y28.8198 Z-2.45
错误:在 474 行:X27.9352 Y28.8198 Z-2.45,"Z"和"C"碰撞.


******************** 刀路错误报告 ********************
错误475行,文件名:G682尝试后处理-777.NC.NC
X26.6187 Y29.3897 Z-2.525
错误:在 475 行:X26.6187 Y29.3897 Z-2.525,"Z"和"A"碰撞.


******************** 刀路错误报告 ********************
错误475行,文件名:G682尝试后处理-777.NC.NC
X26.6187 Y29.3897 Z-2.525
错误:在 475 行:X26.6187 Y29.3897 Z-2.525,"Z"和"C"碰撞.


******************** 刀路错误报告 ********************
错误476行,文件名:G682尝试后处理-777.NC.NC
X25.19 Y29.5194 Z-2.6
错误:在 476 行:X25.19 Y29.5194 Z-2.6,"Z"和"A"碰撞.


******************** 刀路错误报告 ********************
错误476行,文件名:G682尝试后处理-777.NC.NC
X25.19 Y29.5194 Z-2.6
错误:在 476 行:X25.19 Y29.5194 Z-2.6,"Z"和"C"碰撞.


******************** 刀路错误报告 ********************
错误477行,文件名:G682尝试后处理-777.NC.NC
X23.7924 Y29.1958 Z-2.675
错误:在 477 行:X23.7924 Y29.1958 Z-2.675,"Z"和"A"碰撞.


******************** 刀路错误报告 ********************
错误477行,文件名:G682尝试后处理-777.NC.NC
X23.7924 Y29.1958 Z-2.675
错误:在 477 行:X23.7924 Y29.1958 Z-2.675,"Z"和"C"碰撞.


******************** 刀路错误报告 ********************
错误478行,文件名:G682尝试后处理-777.NC.NC
X22.5661 Y28.4515 Z-2.75
错误:在 478 行:X22.5661 Y28.4515 Z-2.75,"Z"和"A"碰撞.


******************** 刀路错误报告 ********************
错误478行,文件名:G682尝试后处理-777.NC.NC
X22.5661 Y28.4515 Z-2.75
错误:在 478 行:X22.5661 Y28.4515 Z-2.75,"Z"和"C"碰撞.


******************** 刀路错误报告 ********************
错误479行,文件名:G682尝试后处理-777.NC.NC
X21.634 Y27.3611 Z-2.825
错误:在 479 行:X21.634 Y27.3611 Z-2.825,"Z"和"A"碰撞.


******************** 刀路错误报告 ********************
错误479行,文件名:G682尝试后处理-777.NC.NC
X21.634 Y27.3611 Z-2.825
错误:在 479 行:X21.634 Y27.3611 Z-2.825,"Z"和"C"碰撞.


******************** 刀路错误报告 ********************
错误480行,文件名:G682尝试后处理-777.NC.NC
X21.0895 Y26.0338 Z-2.9
错误:在 480 行:X21.0895 Y26.0338 Z-2.9,"Z"和"A"碰撞.


******************** 刀路错误报告 ********************
错误480行,文件名:G682尝试后处理-777.NC.NC
X21.0895 Y26.0338 Z-2.9
错误:在 480 行:X21.0895 Y26.0338 Z-2.9,"Z"和"C"碰撞.


******************** 刀路错误报告 ********************
错误481行,文件名:G682尝试后处理-777.NC.NC
X20.9874 Y24.6029 Z-2.975
错误:在 481 行:X20.9874 Y24.6029 Z-2.975,"Z"和"A"碰撞.


******************** 刀路错误报告 ********************
错误481行,文件名:G682尝试后处理-777.NC.NC
X20.9874 Y24.6029 Z-2.975
错误:在 481 行:X20.9874 Y24.6029 Z-2.975,"Z"和"C"碰撞.


******************** 刀路错误报告 ********************
错误482行,文件名:G682尝试后处理-777.NC.NC
X21.3379 Y23.2118 Z-3.05
错误:在 482 行:X21.3379 Y23.2118 Z-3.05,"Z"和"A"碰撞.


******************** 刀路错误报告 ********************
错误482行,文件名:G682尝试后处理-777.NC.NC
X21.3379 Y23.2118 Z-3.05
错误:在 482 行:X21.3379 Y23.2118 Z-3.05,"Z"和"C"碰撞.


******************** 刀路错误报告 ********************
错误483行,文件名:G682尝试后处理-777.NC.NC
X22.1057 Y22. Z-3.125
错误:在 483 行:X22.1057 Y22. Z-3.125,"Z"和"A"碰撞.


******************** 刀路错误报告 ********************
错误483行,文件名:G682尝试后处理-777.NC.NC
X22.1057 Y22. Z-3.125
错误:在 483 行:X22.1057 Y22. Z-3.125,"Z"和"C"碰撞.


******************** 刀路错误报告 ********************
错误484行,文件名:G682尝试后处理-777.NC.NC
X23.214 Y21.0891 Z-3.2
错误:在 484 行:X23.214 Y21.0891 Z-3.2,"Z"和"A"碰撞.


******************** 刀路错误报告 ********************
错误484行,文件名:G682尝试后处理-777.NC.NC
X23.214 Y21.0891 Z-3.2
错误:在 484 行:X23.214 Y21.0891 Z-3.2,"Z"和"C"碰撞.


******************** 刀路错误报告 ********************
错误485行,文件名:G682尝试后处理-777.NC.NC
X24.5515 Y20.5704 Z-3.275
错误:在 485 行:X24.5515 Y20.5704 Z-3.275,"Z"和"A"碰撞.


******************** 刀路错误报告 ********************
错误485行,文件名:G682尝试后处理-777.NC.NC
X24.5515 Y20.5704 Z-3.275
错误:在 485 行:X24.5515 Y20.5704 Z-3.275,"Z"和"C"碰撞.


******************** 刀路错误报告 ********************
错误486行,文件名:G682尝试后处理-777.NC.NC
X25.9841 Y20.4959 Z-3.35
错误:在 486 行:X25.9841 Y20.4959 Z-3.35,"Z"和"A"碰撞.


******************** 刀路错误报告 ********************
错误486行,文件名:G682尝试后处理-777.NC.NC
X25.9841 Y20.4959 Z-3.35
错误:在 486 行:X25.9841 Y20.4959 Z-3.35,"Z"和"C"碰撞.


******************** 刀路错误报告 ********************
错误487行,文件名:G682尝试后处理-777.NC.NC
X27.3682 Y20.8732 Z-3.425
错误:在 487 行:X27.3682 Y20.8732 Z-3.425,"Z"和"A"碰撞.


******************** 刀路错误报告 ********************
错误487行,文件名:G682尝试后处理-777.NC.NC
X27.3682 Y20.8732 Z-3.425
错误:在 487 行:X27.3682 Y20.8732 Z-3.425,"Z"和"C"碰撞.


******************** 刀路错误报告 ********************
错误488行,文件名:G682尝试后处理-777.NC.NC
X28.5649 Y21.6643 Z-3.5
错误:在 488 行:X28.5649 Y21.6643 Z-3.5,"Z"和"A"碰撞.


******************** 刀路错误报告 ********************
错误488行,文件名:G682尝试后处理-777.NC.NC
X28.5649 Y21.6643 Z-3.5
错误:在 488 行:X28.5649 Y21.6643 Z-3.5,"Z"和"C"碰撞.


******************** 刀路错误报告 ********************
错误489行,文件名:G682尝试后处理-777.NC.NC
X29.4543 Y22.7899 Z-3.575
错误:在 489 行:X29.4543 Y22.7899 Z-3.575,"Z"和"A"碰撞.


******************** 刀路错误报告 ********************
错误489行,文件名:G682尝试后处理-777.NC.NC
X29.4543 Y22.7899 Z-3.575
错误:在 489 行:X29.4543 Y22.7899 Z-3.575,"Z"和"C"碰撞.


******************** 刀路错误报告 ********************
错误490行,文件名:G682尝试后处理-777.NC.NC
X29.9471 Y24.1371 Z-3.65
错误:在 490 行:X29.9471 Y24.1371 Z-3.65,"Z"和"A"碰撞.


******************** 刀路错误报告 ********************
错误490行,文件名:G682尝试后处理-777.NC.NC
X29.9471 Y24.1371 Z-3.65
错误:在 490 行:X29.9471 Y24.1371 Z-3.65,"Z"和"C"碰撞.


******************** 刀路错误报告 ********************
错误491行,文件名:G682尝试后处理-777.NC.NC
X29.9939 Y25.5709 Z-3.725
错误:在 491 行:X29.9939 Y25.5709 Z-3.725,"Z"和"A"碰撞.


******************** 刀路错误报告 ********************
错误491行,文件名:G682尝试后处理-777.NC.NC
X29.9939 Y25.5709 Z-3.725
错误:在 491 行:X29.9939 Y25.5709 Z-3.725,"Z"和"C"碰撞.


******************** 刀路错误报告 ********************
错误492行,文件名:G682尝试后处理-777.NC.NC
X29.59 Y26.9475 Z-3.8
错误:在 492 行:X29.59 Y26.9475 Z-3.8,"Z"和"A"碰撞.


******************** 刀路错误报告 ********************
错误492行,文件名:G682尝试后处理-777.NC.NC
X29.59 Y26.9475 Z-3.8
错误:在 492 行:X29.59 Y26.9475 Z-3.8,"Z"和"C"碰撞.


******************** 刀路错误报告 ********************
错误493行,文件名:G682尝试后处理-777.NC.NC
X28.776 Y28.1287 Z-3.875
错误:在 493 行:X28.776 Y28.1287 Z-3.875,"Z"和"A"碰撞.


******************** 刀路错误报告 ********************
错误493行,文件名:G682尝试后处理-777.NC.NC
X28.776 Y28.1287 Z-3.875
错误:在 493 行:X28.776 Y28.1287 Z-3.875,"Z"和"C"碰撞.


******************** 刀路错误报告 ********************
错误494行,文件名:G682尝试后处理-777.NC.NC
X27.6334 Y28.9962 Z-3.95
错误:在 494 行:X27.6334 Y28.9962 Z-3.95,"Z"和"A"碰撞.


******************** 刀路错误报告 ********************
错误494行,文件名:G682尝试后处理-777.NC.NC
X27.6334 Y28.9962 Z-3.95
错误:在 494 行:X27.6334 Y28.9962 Z-3.95,"Z"和"C"碰撞.


******************** 刀路错误报告 ********************
错误495行,文件名:G682尝试后处理-777.NC.NC
X26.2769 Y29.4629 Z-4.025
错误:在 495 行:X26.2769 Y29.4629 Z-4.025,"Z"和"A"碰撞.


******************** 刀路错误报告 ********************
错误495行,文件名:G682尝试后处理-777.NC.NC
X26.2769 Y29.4629 Z-4.025
错误:在 495 行:X26.2769 Y29.4629 Z-4.025,"Z"和"C"碰撞.


******************** 刀路错误报告 ********************
错误496行,文件名:G682尝试后处理-777.NC.NC
X24.8424 Y29.482 Z-4.1
错误:在 496 行:X24.8424 Y29.482 Z-4.1,"Z"和"A"碰撞.


******************** 刀路错误报告 ********************
错误496行,文件名:G682尝试后处理-777.NC.NC
X24.8424 Y29.482 Z-4.1
错误:在 496 行:X24.8424 Y29.482 Z-4.1,"Z"和"C"碰撞.


******************** 刀路错误报告 ********************
错误497行,文件名:G682尝试后处理-777.NC.NC
X23.474 Y29.0517 Z-4.175
错误:在 497 行:X23.474 Y29.0517 Z-4.175,"Z"和"A"碰撞.


******************** 刀路错误报告 ********************
错误497行,文件名:G682尝试后处理-777.NC.NC
X23.474 Y29.0517 Z-4.175
错误:在 497 行:X23.474 Y29.0517 Z-4.175,"Z"和"C"碰撞.


******************** 刀路错误报告 ********************
错误498行,文件名:G682尝试后处理-777.NC.NC
X22.3086 Y28.215 Z-4.25
错误:在 498 行:X22.3086 Y28.215 Z-4.25,"Z"和"A"碰撞.


******************** 刀路错误报告 ********************
错误498行,文件名:G682尝试后处理-777.NC.NC
X22.3086 Y28.215 Z-4.25
错误:在 498 行:X22.3086 Y28.215 Z-4.25,"Z"和"C"碰撞.


******************** 刀路错误报告 ********************
错误499行,文件名:G682尝试后处理-777.NC.NC
X21.4634 Y27.0559 Z-4.325
错误:在 499 行:X21.4634 Y27.0559 Z-4.325,"Z"和"A"碰撞.


******************** 刀路错误报告 ********************
错误499行,文件名:G682尝试后处理-777.NC.NC
X21.4634 Y27.0559 Z-4.325
错误:在 499 行:X21.4634 Y27.0559 Z-4.325,"Z"和"C"碰撞.


******************** 刀路错误报告 ********************
错误500行,文件名:G682尝试后处理-777.NC.NC
X21.023 Y25.6906 Z-4.4
错误:在 500 行:X21.023 Y25.6906 Z-4.4,"Z"和"A"碰撞.


******************** 刀路错误报告 ********************
错误500行,文件名:G682尝试后处理-777.NC.NC
X21.023 Y25.6906 Z-4.4
错误:在 500 行:X21.023 Y25.6906 Z-4.4,"Z"和"C"碰撞.


******************** 刀路错误报告 ********************
错误501行,文件名:G682尝试后处理-777.NC.NC
X21.0315 Y24.2561 Z-4.475
错误:在 501 行:X21.0315 Y24.2561 Z-4.475,"Z"和"A"碰撞.


******************** 刀路错误报告 ********************
错误501行,文件名:G682尝试后处理-777.NC.NC
X21.0315 Y24.2561 Z-4.475
错误:在 501 行:X21.0315 Y24.2561 Z-4.475,"Z"和"C"碰撞.


******************** 刀路错误报告 ********************
错误502行,文件名:G682尝试后处理-777.NC.NC
X21.4882 Y22.8961 Z-4.55
错误:在 502 行:X21.4882 Y22.8961 Z-4.55,"Z"和"A"碰撞.


******************** 刀路错误报告 ********************
错误502行,文件名:G682尝试后处理-777.NC.NC
X21.4882 Y22.8961 Z-4.55
错误:在 502 行:X21.4882 Y22.8961 Z-4.55,"Z"和"C"碰撞.


******************** 刀路错误报告 ********************
错误503行,文件名:G682尝试后处理-777.NC.NC
X22.3472 Y21.7472 Z-4.625
错误:在 503 行:X22.3472 Y21.7472 Z-4.625,"Z"和"A"碰撞.


******************** 刀路错误报告 ********************
错误503行,文件名:G682尝试后处理-777.NC.NC
X22.3472 Y21.7472 Z-4.625
错误:在 503 行:X22.3472 Y21.7472 Z-4.625,"Z"和"C"碰撞.


******************** 刀路错误报告 ********************
错误504行,文件名:G682尝试后处理-777.NC.NC
X23.5224 Y20.9245 Z-4.7
错误:在 504 行:X23.5224 Y20.9245 Z-4.7,"Z"和"A"碰撞.


******************** 刀路错误报告 ********************
错误504行,文件名:G682尝试后处理-777.NC.NC
X23.5224 Y20.9245 Z-4.7
错误:在 504 行:X23.5224 Y20.9245 Z-4.7,"Z"和"C"碰撞.


******************** 刀路错误报告 ********************
错误505行,文件名:G682尝试后处理-777.NC.NC
X24.8959 Y20.5105 Z-4.775
错误:在 505 行:X24.8959 Y20.5105 Z-4.775,"Z"和"A"碰撞.


******************** 刀路错误报告 ********************
错误505行,文件名:G682尝试后处理-777.NC.NC
X24.8959 Y20.5105 Z-4.775
错误:在 505 行:X24.8959 Y20.5105 Z-4.775,"Z"和"C"碰撞.


******************** 刀路错误报告 ********************
错误506行,文件名:G682尝试后处理-777.NC.NC
X26.33 Y20.5467 Z-4.85
错误:在 506 行:X26.33 Y20.5467 Z-4.85,"Z"和"A"碰撞.


******************** 刀路错误报告 ********************
错误506行,文件名:G682尝试后处理-777.NC.NC
X26.33 Y20.5467 Z-4.85
错误:在 506 行:X26.33 Y20.5467 Z-4.85,"Z"和"C"碰撞.


******************** 刀路错误报告 ********************
错误507行,文件名:G682尝试后处理-777.NC.NC
X27.6809 Y21.0295 Z-4.925
错误:在 507 行:X27.6809 Y21.0295 Z-4.925,"Z"和"A"碰撞.


******************** 刀路错误报告 ********************
错误507行,文件名:G682尝试后处理-777.NC.NC
X27.6809 Y21.0295 Z-4.925
错误:在 507 行:X27.6809 Y21.0295 Z-4.925,"Z"和"C"碰撞.


******************** 刀路错误报告 ********************
错误508行,文件名:G682尝试后处理-777.NC.NC
X28.7911 Y21.931 Z-5.
错误:在 508 行:X28.7911 Y21.931 Z-5.,"Z"和"A"碰撞.


******************** 刀路错误报告 ********************
错误508行,文件名:G682尝试后处理-777.NC.NC
X28.7911 Y21.931 Z-5.
错误:在 508 行:X28.7911 Y21.931 Z-5.,"Z"和"C"碰撞.


******************** 刀路错误报告 ********************
错误509行,文件名:G682尝试后处理-777.NC.NC
X39.6898 Y33.6184
错误:在 509 行:X39.6898 Y33.6184,"Z"和"A"碰撞.


******************** 刀路错误报告 ********************
错误509行,文件名:G682尝试后处理-777.NC.NC
X39.6898 Y33.6184
错误:在 509 行:X39.6898 Y33.6184,"Z"和"C"碰撞.


******************** 刀路错误报告 ********************
错误510行,文件名:G682尝试后处理-777.NC.NC
X33.839 Y39.0744
错误:在 510 行:X33.839 Y39.0744,"Z"和"A"碰撞.


******************** 刀路错误报告 ********************
错误510行,文件名:G682尝试后处理-777.NC.NC
X33.839 Y39.0744
错误:在 510 行:X33.839 Y39.0744,"Z"和"C"碰撞.


******************** 刀路错误报告 ********************
错误511行,文件名:G682尝试后处理-777.NC.NC
G03 X33.157Y39.3431 Z-5. R1.
错误:在 511 行:G03 X33.157Y39.3431 Z-5. R1.,"Z"和"A"碰撞.


******************** 刀路错误报告 ********************
错误511行,文件名:G682尝试后处理-777.NC.NC
G03 X33.157Y39.3431 Z-5. R1.
错误:在 511 行:G03 X33.157Y39.3431 Z-5. R1.,"Z"和"C"碰撞.


******************** 刀路错误报告 ********************
错误512行,文件名:G682尝试后处理-777.NC.NC
G03 X32.4256Y39.0251 Z-5. R1.
错误:在 512 行:G03 X32.4256Y39.0251 Z-5. R1.,"Z"和"A"碰撞.


******************** 刀路错误报告 ********************
错误512行,文件名:G682尝试后处理-777.NC.NC
G03 X32.4256Y39.0251 Z-5. R1.
错误:在 512 行:G03 X32.4256Y39.0251 Z-5. R1.,"Z"和"C"碰撞.


******************** 刀路错误报告 ********************
错误513行,文件名:G682尝试后处理-777.NC.NC
G01 X11.9922 Y17.1129
错误:在 513 行:G01 X11.9922 Y17.1129,"Z"和"A"碰撞.


******************** 刀路错误报告 ********************
错误513行,文件名:G682尝试后处理-777.NC.NC
G01 X11.9922 Y17.1129
错误:在 513 行:G01 X11.9922 Y17.1129,"Z"和"C"碰撞.


******************** 刀路错误报告 ********************
错误514行,文件名:G682尝试后处理-777.NC.NC
G03 X11.7236Y16.4309 Z-5. R1.
错误:在 514 行:G03 X11.7236Y16.4309 Z-5. R1.,"Z"和"A"碰撞.


******************** 刀路错误报告 ********************
错误514行,文件名:G682尝试后处理-777.NC.NC
G03 X11.7236Y16.4309 Z-5. R1.
错误:在 514 行:G03 X11.7236Y16.4309 Z-5. R1.,"Z"和"C"碰撞.


******************** 刀路错误报告 ********************
错误515行,文件名:G682尝试后处理-777.NC.NC
G03 X12.0416Y15.6996 Z-5. R1.
错误:在 515 行:G03 X12.0416Y15.6996 Z-5. R1.,"Z"和"A"碰撞.


******************** 刀路错误报告 ********************
错误515行,文件名:G682尝试后处理-777.NC.NC
G03 X12.0416Y15.6996 Z-5. R1.
错误:在 515 行:G03 X12.0416Y15.6996 Z-5. R1.,"Z"和"C"碰撞.


******************** 刀路错误报告 ********************
错误516行,文件名:G682尝试后处理-777.NC.NC
G01 X17.8924 Y10.2436
错误:在 516 行:G01 X17.8924 Y10.2436,"Z"和"A"碰撞.


******************** 刀路错误报告 ********************
错误516行,文件名:G682尝试后处理-777.NC.NC
G01 X17.8924 Y10.2436
错误:在 516 行:G01 X17.8924 Y10.2436,"Z"和"C"碰撞.


******************** 刀路错误报告 ********************
错误517行,文件名:G682尝试后处理-777.NC.NC
X28.7911 Y21.931
错误:在 517 行:X28.7911 Y21.931,"Z"和"A"碰撞.


******************** 刀路错误报告 ********************
错误517行,文件名:G682尝试后处理-777.NC.NC
X28.7911 Y21.931
错误:在 517 行:X28.7911 Y21.931,"Z"和"C"碰撞.


******************** 刀路错误报告 ********************
错误518行,文件名:G682尝试后处理-777.NC.NC
X25.1343 Y25.341
错误:在 518 行:X25.1343 Y25.341,"Z"和"A"碰撞.


******************** 刀路错误报告 ********************
错误518行,文件名:G682尝试后处理-777.NC.NC
X25.1343 Y25.341
错误:在 518 行:X25.1343 Y25.341,"Z"和"C"碰撞.


******************** 刀路错误报告 ********************
错误519行,文件名:G682尝试后处理-777.NC.NC
Z-2.
错误:在 519 行:Z-2.,"Z"和"A"碰撞.


******************** 刀路错误报告 ********************
错误519行,文件名:G682尝试后处理-777.NC.NC
Z-2.
错误:在 519 行:Z-2.,"Z"和"C"碰撞.


******************** 刀路错误报告 ********************
错误520行,文件名:G682尝试后处理-777.NC.NC
G00 Z10.
错误:在 520 行:G00 Z10.,"Z"和"A"碰撞.


******************** 刀路错误报告 ********************
错误520行,文件名:G682尝试后处理-777.NC.NC
G00 Z10.
错误:在 520 行:G00 Z10.,"Z"和"C"碰撞.


******************** 刀路错误报告 ********************
错误521行,文件名:G682尝试后处理-777.NC.NC
X28.28 Y21.4614
错误:在 521 行:X28.28 Y21.4614,"Z"和"A"碰撞.


******************** 刀路错误报告 ********************
错误521行,文件名:G682尝试后处理-777.NC.NC
X28.28 Y21.4614
错误:在 521 行:X28.28 Y21.4614,"Z"和"C"碰撞.


******************** 刀路错误报告 ********************
错误522行,文件名:G682尝试后处理-777.NC.NC
Z-3.
错误:在 522 行:Z-3.,"Z"和"A"碰撞.


******************** 刀路错误报告 ********************
错误522行,文件名:G682尝试后处理-777.NC.NC
Z-3.
错误:在 522 行:Z-3.,"Z"和"C"碰撞.


******************** 刀路错误报告 ********************
错误523行,文件名:G682尝试后处理-777.NC.NC
G01 X29.2721 Y22.4915 Z-3.075
错误:在 523 行:G01 X29.2721 Y22.4915 Z-3.075,"Z"和"A"碰撞.


******************** 刀路错误报告 ********************
错误523行,文件名:G682尝试后处理-777.NC.NC
G01 X29.2721 Y22.4915 Z-3.075
错误:在 523 行:G01 X29.2721 Y22.4915 Z-3.075,"Z"和"C"碰撞.


******************** 刀路错误报告 ********************
错误524行,文件名:G682尝试后处理-777.NC.NC
X29.8673 Y23.7968 Z-3.15
错误:在 524 行:X29.8673 Y23.7968 Z-3.15,"Z"和"A"碰撞.


******************** 刀路错误报告 ********************
错误524行,文件名:G682尝试后处理-777.NC.NC
X29.8673 Y23.7968 Z-3.15
错误:在 524 行:X29.8673 Y23.7968 Z-3.15,"Z"和"C"碰撞.


******************** 刀路错误报告 ********************
错误525行,文件名:G682尝试后处理-777.NC.NC
X30.0245 Y25.2227 Z-3.225
错误:在 525 行:X30.0245 Y25.2227 Z-3.225,"Z"和"A"碰撞.


******************** 刀路错误报告 ********************
错误525行,文件名:G682尝试后处理-777.NC.NC
X30.0245 Y25.2227 Z-3.225
错误:在 525 行:X30.0245 Y25.2227 Z-3.225,"Z"和"C"碰撞.


******************** 刀路错误报告 ********************
错误526行,文件名:G682尝试后处理-777.NC.NC
X29.728 Y26.6263 Z-3.3
错误:在 526 行:X29.728 Y26.6263 Z-3.3,"Z"和"A"碰撞.


******************** 刀路错误报告 ********************
错误526行,文件名:G682尝试后处理-777.NC.NC
X29.728 Y26.6263 Z-3.3
错误:在 526 行:X29.728 Y26.6263 Z-3.3,"Z"和"C"碰撞.


******************** 刀路错误报告 ********************
错误527行,文件名:G682尝试后处理-777.NC.NC
X29.0075 Y27.8668 Z-3.375
错误:在 527 行:X29.0075 Y27.8668 Z-3.375,"Z"和"A"碰撞.


******************** 刀路错误报告 ********************
错误527行,文件名:G682尝试后处理-777.NC.NC
X29.0075 Y27.8668 Z-3.375
错误:在 527 行:X29.0075 Y27.8668 Z-3.375,"Z"和"C"碰撞.


******************** 刀路错误报告 ********************
错误528行,文件名:G682尝试后处理-777.NC.NC
X27.9352 Y28.8198 Z-3.45
错误:在 528 行:X27.9352 Y28.8198 Z-3.45,"Z"和"A"碰撞.


******************** 刀路错误报告 ********************
错误528行,文件名:G682尝试后处理-777.NC.NC
X27.9352 Y28.8198 Z-3.45
错误:在 528 行:X27.9352 Y28.8198 Z-3.45,"Z"和"C"碰撞.


******************** 刀路错误报告 ********************
错误529行,文件名:G682尝试后处理-777.NC.NC
X26.6187 Y29.3897 Z-3.525
错误:在 529 行:X26.6187 Y29.3897 Z-3.525,"Z"和"A"碰撞.


******************** 刀路错误报告 ********************
错误529行,文件名:G682尝试后处理-777.NC.NC
X26.6187 Y29.3897 Z-3.525
错误:在 529 行:X26.6187 Y29.3897 Z-3.525,"Z"和"C"碰撞.


******************** 刀路错误报告 ********************
错误530行,文件名:G682尝试后处理-777.NC.NC
X25.19 Y29.5194 Z-3.6
错误:在 530 行:X25.19 Y29.5194 Z-3.6,"Z"和"A"碰撞.


******************** 刀路错误报告 ********************
错误530行,文件名:G682尝试后处理-777.NC.NC
X25.19 Y29.5194 Z-3.6
错误:在 530 行:X25.19 Y29.5194 Z-3.6,"Z"和"C"碰撞.


******************** 刀路错误报告 ********************
错误531行,文件名:G682尝试后处理-777.NC.NC
X23.7924 Y29.1958 Z-3.675
错误:在 531 行:X23.7924 Y29.1958 Z-3.675,"Z"和"A"碰撞.


******************** 刀路错误报告 ********************
错误531行,文件名:G682尝试后处理-777.NC.NC
X23.7924 Y29.1958 Z-3.675
错误:在 531 行:X23.7924 Y29.1958 Z-3.675,"Z"和"C"碰撞.


******************** 刀路错误报告 ********************
错误532行,文件名:G682尝试后处理-777.NC.NC
X22.5661 Y28.4515 Z-3.75
错误:在 532 行:X22.5661 Y28.4515 Z-3.75,"Z"和"A"碰撞.


******************** 刀路错误报告 ********************
错误532行,文件名:G682尝试后处理-777.NC.NC
X22.5661 Y28.4515 Z-3.75
错误:在 532 行:X22.5661 Y28.4515 Z-3.75,"Z"和"C"碰撞.


******************** 刀路错误报告 ********************
错误533行,文件名:G682尝试后处理-777.NC.NC
X21.634 Y27.3611 Z-3.825
错误:在 533 行:X21.634 Y27.3611 Z-3.825,"Z"和"A"碰撞.


******************** 刀路错误报告 ********************
错误533行,文件名:G682尝试后处理-777.NC.NC
X21.634 Y27.3611 Z-3.825
错误:在 533 行:X21.634 Y27.3611 Z-3.825,"Z"和"C"碰撞.


******************** 刀路错误报告 ********************
错误534行,文件名:G682尝试后处理-777.NC.NC
X21.0895 Y26.0338 Z-3.9
错误:在 534 行:X21.0895 Y26.0338 Z-3.9,"Z"和"A"碰撞.


******************** 刀路错误报告 ********************
错误534行,文件名:G682尝试后处理-777.NC.NC
X21.0895 Y26.0338 Z-3.9
错误:在 534 行:X21.0895 Y26.0338 Z-3.9,"Z"和"C"碰撞.


******************** 刀路错误报告 ********************
错误535行,文件名:G682尝试后处理-777.NC.NC
X20.9874 Y24.6029 Z-3.975
错误:在 535 行:X20.9874 Y24.6029 Z-3.975,"Z"和"A"碰撞.


******************** 刀路错误报告 ********************
错误535行,文件名:G682尝试后处理-777.NC.NC
X20.9874 Y24.6029 Z-3.975
错误:在 535 行:X20.9874 Y24.6029 Z-3.975,"Z"和"C"碰撞.


******************** 刀路错误报告 ********************
错误536行,文件名:G682尝试后处理-777.NC.NC
X21.3379 Y23.2118 Z-4.05
错误:在 536 行:X21.3379 Y23.2118 Z-4.05,"Z"和"A"碰撞.


******************** 刀路错误报告 ********************
错误536行,文件名:G682尝试后处理-777.NC.NC
X21.3379 Y23.2118 Z-4.05
错误:在 536 行:X21.3379 Y23.2118 Z-4.05,"Z"和"C"碰撞.


******************** 刀路错误报告 ********************
错误537行,文件名:G682尝试后处理-777.NC.NC
X22.1057 Y22. Z-4.125
错误:在 537 行:X22.1057 Y22. Z-4.125,"Z"和"A"碰撞.


******************** 刀路错误报告 ********************
错误537行,文件名:G682尝试后处理-777.NC.NC
X22.1057 Y22. Z-4.125
错误:在 537 行:X22.1057 Y22. Z-4.125,"Z"和"C"碰撞.


******************** 刀路错误报告 ********************
错误538行,文件名:G682尝试后处理-777.NC.NC
X23.214 Y21.0891 Z-4.2
错误:在 538 行:X23.214 Y21.0891 Z-4.2,"Z"和"A"碰撞.


******************** 刀路错误报告 ********************
错误538行,文件名:G682尝试后处理-777.NC.NC
X23.214 Y21.0891 Z-4.2
错误:在 538 行:X23.214 Y21.0891 Z-4.2,"Z"和"C"碰撞.


******************** 刀路错误报告 ********************
错误539行,文件名:G682尝试后处理-777.NC.NC
X24.5515 Y20.5704 Z-4.275
错误:在 539 行:X24.5515 Y20.5704 Z-4.275,"Z"和"A"碰撞.


******************** 刀路错误报告 ********************
错误539行,文件名:G682尝试后处理-777.NC.NC
X24.5515 Y20.5704 Z-4.275
错误:在 539 行:X24.5515 Y20.5704 Z-4.275,"Z"和"C"碰撞.


******************** 刀路错误报告 ********************
错误540行,文件名:G682尝试后处理-777.NC.NC
X25.9841 Y20.4959 Z-4.35
错误:在 540 行:X25.9841 Y20.4959 Z-4.35,"Z"和"A"碰撞.


******************** 刀路错误报告 ********************
错误540行,文件名:G682尝试后处理-777.NC.NC
X25.9841 Y20.4959 Z-4.35
错误:在 540 行:X25.9841 Y20.4959 Z-4.35,"Z"和"C"碰撞.


******************** 刀路错误报告 ********************
错误541行,文件名:G682尝试后处理-777.NC.NC
X27.3682 Y20.8732 Z-4.425
错误:在 541 行:X27.3682 Y20.8732 Z-4.425,"Z"和"A"碰撞.


******************** 刀路错误报告 ********************
错误541行,文件名:G682尝试后处理-777.NC.NC
X27.3682 Y20.8732 Z-4.425
错误:在 541 行:X27.3682 Y20.8732 Z-4.425,"Z"和"C"碰撞.


******************** 刀路错误报告 ********************
错误542行,文件名:G682尝试后处理-777.NC.NC
X28.5649 Y21.6643 Z-4.5
错误:在 542 行:X28.5649 Y21.6643 Z-4.5,"Z"和"A"碰撞.


******************** 刀路错误报告 ********************
错误542行,文件名:G682尝试后处理-777.NC.NC
X28.5649 Y21.6643 Z-4.5
错误:在 542 行:X28.5649 Y21.6643 Z-4.5,"Z"和"C"碰撞.


******************** 刀路错误报告 ********************
错误543行,文件名:G682尝试后处理-777.NC.NC
X29.4543 Y22.7899 Z-4.575
错误:在 543 行:X29.4543 Y22.7899 Z-4.575,"Z"和"A"碰撞.


******************** 刀路错误报告 ********************
错误543行,文件名:G682尝试后处理-777.NC.NC
X29.4543 Y22.7899 Z-4.575
错误:在 543 行:X29.4543 Y22.7899 Z-4.575,"Z"和"C"碰撞.


******************** 刀路错误报告 ********************
错误544行,文件名:G682尝试后处理-777.NC.NC
X29.9471 Y24.1371 Z-4.65
错误:在 544 行:X29.9471 Y24.1371 Z-4.65,"Z"和"A"碰撞.


******************** 刀路错误报告 ********************
错误544行,文件名:G682尝试后处理-777.NC.NC
X29.9471 Y24.1371 Z-4.65
错误:在 544 行:X29.9471 Y24.1371 Z-4.65,"Z"和"C"碰撞.


******************** 刀路错误报告 ********************
错误545行,文件名:G682尝试后处理-777.NC.NC
X29.9939 Y25.5709 Z-4.725
错误:在 545 行:X29.9939 Y25.5709 Z-4.725,"Z"和"A"碰撞.


******************** 刀路错误报告 ********************
错误545行,文件名:G682尝试后处理-777.NC.NC
X29.9939 Y25.5709 Z-4.725
错误:在 545 行:X29.9939 Y25.5709 Z-4.725,"Z"和"C"碰撞.


******************** 刀路错误报告 ********************
错误546行,文件名:G682尝试后处理-777.NC.NC
X29.59 Y26.9475 Z-4.8
错误:在 546 行:X29.59 Y26.9475 Z-4.8,"Z"和"A"碰撞.


******************** 刀路错误报告 ********************
错误546行,文件名:G682尝试后处理-777.NC.NC
X29.59 Y26.9475 Z-4.8
错误:在 546 行:X29.59 Y26.9475 Z-4.8,"Z"和"C"碰撞.


******************** 刀路错误报告 ********************
错误547行,文件名:G682尝试后处理-777.NC.NC
X28.776 Y28.1287 Z-4.875
错误:在 547 行:X28.776 Y28.1287 Z-4.875,"Z"和"A"碰撞.


******************** 刀路错误报告 ********************
错误547行,文件名:G682尝试后处理-777.NC.NC
X28.776 Y28.1287 Z-4.875
错误:在 547 行:X28.776 Y28.1287 Z-4.875,"Z"和"C"碰撞.


******************** 刀路错误报告 ********************
错误548行,文件名:G682尝试后处理-777.NC.NC
X27.6334 Y28.9962 Z-4.95
错误:在 548 行:X27.6334 Y28.9962 Z-4.95,"Z"和"A"碰撞.


******************** 刀路错误报告 ********************
错误548行,文件名:G682尝试后处理-777.NC.NC
X27.6334 Y28.9962 Z-4.95
错误:在 548 行:X27.6334 Y28.9962 Z-4.95,"Z"和"C"碰撞.


******************** 刀路错误报告 ********************
错误549行,文件名:G682尝试后处理-777.NC.NC
X26.2769 Y29.4629 Z-5.025
错误:在 549 行:X26.2769 Y29.4629 Z-5.025,"Z"和"A"碰撞.


******************** 刀路错误报告 ********************
错误549行,文件名:G682尝试后处理-777.NC.NC
X26.2769 Y29.4629 Z-5.025
错误:在 549 行:X26.2769 Y29.4629 Z-5.025,"Z"和"C"碰撞.


******************** 刀路错误报告 ********************
错误550行,文件名:G682尝试后处理-777.NC.NC
X24.8424 Y29.482 Z-5.1
错误:在 550 行:X24.8424 Y29.482 Z-5.1,"Z"和"A"碰撞.


******************** 刀路错误报告 ********************
错误550行,文件名:G682尝试后处理-777.NC.NC
X24.8424 Y29.482 Z-5.1
错误:在 550 行:X24.8424 Y29.482 Z-5.1,"Z"和"C"碰撞.


******************** 刀路错误报告 ********************
错误551行,文件名:G682尝试后处理-777.NC.NC
X23.474 Y29.0517 Z-5.175
错误:在 551 行:X23.474 Y29.0517 Z-5.175,"Z"和"A"碰撞.


******************** 刀路错误报告 ********************
错误551行,文件名:G682尝试后处理-777.NC.NC
X23.474 Y29.0517 Z-5.175
错误:在 551 行:X23.474 Y29.0517 Z-5.175,"Z"和"C"碰撞.


******************** 刀路错误报告 ********************
错误552行,文件名:G682尝试后处理-777.NC.NC
X22.3086 Y28.215 Z-5.25
错误:在 552 行:X22.3086 Y28.215 Z-5.25,"Z"和"A"碰撞.


******************** 刀路错误报告 ********************
错误552行,文件名:G682尝试后处理-777.NC.NC
X22.3086 Y28.215 Z-5.25
错误:在 552 行:X22.3086 Y28.215 Z-5.25,"Z"和"C"碰撞.


******************** 刀路错误报告 ********************
错误553行,文件名:G682尝试后处理-777.NC.NC
X21.4634 Y27.0559 Z-5.325
错误:在 553 行:X21.4634 Y27.0559 Z-5.325,"Z"和"A"碰撞.


******************** 刀路错误报告 ********************
错误553行,文件名:G682尝试后处理-777.NC.NC
X21.4634 Y27.0559 Z-5.325
错误:在 553 行:X21.4634 Y27.0559 Z-5.325,"Z"和"C"碰撞.


******************** 刀路错误报告 ********************
错误554行,文件名:G682尝试后处理-777.NC.NC
X21.023 Y25.6906 Z-5.4
错误:在 554 行:X21.023 Y25.6906 Z-5.4,"Z"和"A"碰撞.


******************** 刀路错误报告 ********************
错误554行,文件名:G682尝试后处理-777.NC.NC
X21.023 Y25.6906 Z-5.4
错误:在 554 行:X21.023 Y25.6906 Z-5.4,"Z"和"C"碰撞.


******************** 刀路错误报告 ********************
错误555行,文件名:G682尝试后处理-777.NC.NC
X21.0315 Y24.2561 Z-5.475
错误:在 555 行:X21.0315 Y24.2561 Z-5.475,"Z"和"A"碰撞.


******************** 刀路错误报告 ********************
错误555行,文件名:G682尝试后处理-777.NC.NC
X21.0315 Y24.2561 Z-5.475
错误:在 555 行:X21.0315 Y24.2561 Z-5.475,"Z"和"C"碰撞.


******************** 刀路错误报告 ********************
错误556行,文件名:G682尝试后处理-777.NC.NC
X21.4882 Y22.8961 Z-5.55
错误:在 556 行:X21.4882 Y22.8961 Z-5.55,"Z"和"A"碰撞.


******************** 刀路错误报告 ********************
错误556行,文件名:G682尝试后处理-777.NC.NC
X21.4882 Y22.8961 Z-5.55
错误:在 556 行:X21.4882 Y22.8961 Z-5.55,"Z"和"C"碰撞.


******************** 刀路错误报告 ********************
错误557行,文件名:G682尝试后处理-777.NC.NC
X22.3472 Y21.7472 Z-5.625
错误:在 557 行:X22.3472 Y21.7472 Z-5.625,"Z"和"A"碰撞.


******************** 刀路错误报告 ********************
错误557行,文件名:G682尝试后处理-777.NC.NC
X22.3472 Y21.7472 Z-5.625
错误:在 557 行:X22.3472 Y21.7472 Z-5.625,"Z"和"C"碰撞.


******************** 刀路错误报告 ********************
错误558行,文件名:G682尝试后处理-777.NC.NC
X23.5224 Y20.9245 Z-5.7
错误:在 558 行:X23.5224 Y20.9245 Z-5.7,"Z"和"A"碰撞.


******************** 刀路错误报告 ********************
错误558行,文件名:G682尝试后处理-777.NC.NC
X23.5224 Y20.9245 Z-5.7
错误:在 558 行:X23.5224 Y20.9245 Z-5.7,"Z"和"C"碰撞.


******************** 刀路错误报告 ********************
错误559行,文件名:G682尝试后处理-777.NC.NC
X24.8959 Y20.5105 Z-5.775
错误:在 559 行:X24.8959 Y20.5105 Z-5.775,"Z"和"A"碰撞.


******************** 刀路错误报告 ********************
错误559行,文件名:G682尝试后处理-777.NC.NC
X24.8959 Y20.5105 Z-5.775
错误:在 559 行:X24.8959 Y20.5105 Z-5.775,"Z"和"C"碰撞.


******************** 刀路错误报告 ********************
错误560行,文件名:G682尝试后处理-777.NC.NC
X26.33 Y20.5467 Z-5.85
错误:在 560 行:X26.33 Y20.5467 Z-5.85,"Z"和"A"碰撞.


******************** 刀路错误报告 ********************
错误560行,文件名:G682尝试后处理-777.NC.NC
X26.33 Y20.5467 Z-5.85
错误:在 560 行:X26.33 Y20.5467 Z-5.85,"Z"和"C"碰撞.


******************** 刀路错误报告 ********************
错误561行,文件名:G682尝试后处理-777.NC.NC
X27.6809 Y21.0295 Z-5.925
错误:在 561 行:X27.6809 Y21.0295 Z-5.925,"Z"和"A"碰撞.


******************** 刀路错误报告 ********************
错误561行,文件名:G682尝试后处理-777.NC.NC
X27.6809 Y21.0295 Z-5.925
错误:在 561 行:X27.6809 Y21.0295 Z-5.925,"Z"和"C"碰撞.


******************** 刀路错误报告 ********************
错误562行,文件名:G682尝试后处理-777.NC.NC
X28.7911 Y21.931 Z-6.
错误:在 562 行:X28.7911 Y21.931 Z-6.,"Z"和"A"碰撞.


******************** 刀路错误报告 ********************
错误562行,文件名:G682尝试后处理-777.NC.NC
X28.7911 Y21.931 Z-6.
错误:在 562 行:X28.7911 Y21.931 Z-6.,"Z"和"C"碰撞.


******************** 刀路错误报告 ********************
错误563行,文件名:G682尝试后处理-777.NC.NC
X39.6898 Y33.6184
错误:在 563 行:X39.6898 Y33.6184,"Z"和"A"碰撞.


******************** 刀路错误报告 ********************
错误563行,文件名:G682尝试后处理-777.NC.NC
X39.6898 Y33.6184
错误:在 563 行:X39.6898 Y33.6184,"Z"和"C"碰撞.


******************** 刀路错误报告 ********************
错误564行,文件名:G682尝试后处理-777.NC.NC
X33.839 Y39.0744
错误:在 564 行:X33.839 Y39.0744,"Z"和"A"碰撞.


******************** 刀路错误报告 ********************
错误564行,文件名:G682尝试后处理-777.NC.NC
X33.839 Y39.0744
错误:在 564 行:X33.839 Y39.0744,"Z"和"C"碰撞.


******************** 刀路错误报告 ********************
错误565行,文件名:G682尝试后处理-777.NC.NC
G03 X33.157Y39.3431 Z-6. R1.
错误:在 565 行:G03 X33.157Y39.3431 Z-6. R1.,"Z"和"A"碰撞.


******************** 刀路错误报告 ********************
错误565行,文件名:G682尝试后处理-777.NC.NC
G03 X33.157Y39.3431 Z-6. R1.
错误:在 565 行:G03 X33.157Y39.3431 Z-6. R1.,"Z"和"C"碰撞.


******************** 刀路错误报告 ********************
错误566行,文件名:G682尝试后处理-777.NC.NC
G03 X32.4256Y39.0251 Z-6. R1.
错误:在 566 行:G03 X32.4256Y39.0251 Z-6. R1.,"Z"和"A"碰撞.


******************** 刀路错误报告 ********************
错误566行,文件名:G682尝试后处理-777.NC.NC
G03 X32.4256Y39.0251 Z-6. R1.
错误:在 566 行:G03 X32.4256Y39.0251 Z-6. R1.,"Z"和"C"碰撞.


******************** 刀路错误报告 ********************
错误567行,文件名:G682尝试后处理-777.NC.NC
G01 X11.9922 Y17.1129
错误:在 567 行:G01 X11.9922 Y17.1129,"Z"和"A"碰撞.


******************** 刀路错误报告 ********************
错误567行,文件名:G682尝试后处理-777.NC.NC
G01 X11.9922 Y17.1129
错误:在 567 行:G01 X11.9922 Y17.1129,"Z"和"C"碰撞.


******************** 刀路错误报告 ********************
错误568行,文件名:G682尝试后处理-777.NC.NC
G03 X11.7236Y16.4309 Z-6. R1.
错误:在 568 行:G03 X11.7236Y16.4309 Z-6. R1.,"Z"和"A"碰撞.


******************** 刀路错误报告 ********************
错误568行,文件名:G682尝试后处理-777.NC.NC
G03 X11.7236Y16.4309 Z-6. R1.
错误:在 568 行:G03 X11.7236Y16.4309 Z-6. R1.,"Z"和"C"碰撞.


******************** 刀路错误报告 ********************
错误569行,文件名:G682尝试后处理-777.NC.NC
G03 X12.0416Y15.6996 Z-6. R1.
错误:在 569 行:G03 X12.0416Y15.6996 Z-6. R1.,"Z"和"A"碰撞.


******************** 刀路错误报告 ********************
错误569行,文件名:G682尝试后处理-777.NC.NC
G03 X12.0416Y15.6996 Z-6. R1.
错误:在 569 行:G03 X12.0416Y15.6996 Z-6. R1.,"Z"和"C"碰撞.


******************** 刀路错误报告 ********************
错误570行,文件名:G682尝试后处理-777.NC.NC
G01 X17.8924 Y10.2436
错误:在 570 行:G01 X17.8924 Y10.2436,"Z"和"A"碰撞.


******************** 刀路错误报告 ********************
错误570行,文件名:G682尝试后处理-777.NC.NC
G01 X17.8924 Y10.2436
错误:在 570 行:G01 X17.8924 Y10.2436,"Z"和"C"碰撞.


******************** 刀路错误报告 ********************
错误571行,文件名:G682尝试后处理-777.NC.NC
X28.7911 Y21.931
错误:在 571 行:X28.7911 Y21.931,"Z"和"A"碰撞.


******************** 刀路错误报告 ********************
错误571行,文件名:G682尝试后处理-777.NC.NC
X28.7911 Y21.931
错误:在 571 行:X28.7911 Y21.931,"Z"和"C"碰撞.


******************** 刀路错误报告 ********************
错误572行,文件名:G682尝试后处理-777.NC.NC
X25.1343 Y25.341
错误:在 572 行:X25.1343 Y25.341,"Z"和"A"碰撞.


******************** 刀路错误报告 ********************
错误572行,文件名:G682尝试后处理-777.NC.NC
X25.1343 Y25.341
错误:在 572 行:X25.1343 Y25.341,"Z"和"C"碰撞.


******************** 刀路错误报告 ********************
错误573行,文件名:G682尝试后处理-777.NC.NC
Z-3.
错误:在 573 行:Z-3.,"Z"和"A"碰撞.


******************** 刀路错误报告 ********************
错误573行,文件名:G682尝试后处理-777.NC.NC
Z-3.
错误:在 573 行:Z-3.,"Z"和"C"碰撞.


******************** 刀路错误报告 ********************
错误574行,文件名:G682尝试后处理-777.NC.NC
G00 Z10.
错误:在 574 行:G00 Z10.,"Z"和"A"碰撞.


******************** 刀路错误报告 ********************
错误574行,文件名:G682尝试后处理-777.NC.NC
G00 Z10.
错误:在 574 行:G00 Z10.,"Z"和"C"碰撞.


******************** 刀路错误报告 ********************
错误575行,文件名:G682尝试后处理-777.NC.NC
X28.28 Y21.4614
错误:在 575 行:X28.28 Y21.4614,"Z"和"A"碰撞.


******************** 刀路错误报告 ********************
错误575行,文件名:G682尝试后处理-777.NC.NC
X28.28 Y21.4614
错误:在 575 行:X28.28 Y21.4614,"Z"和"C"碰撞.


******************** 刀路错误报告 ********************
错误576行,文件名:G682尝试后处理-777.NC.NC
Z-4.
错误:在 576 行:Z-4.,"Z"和"A"碰撞.


******************** 刀路错误报告 ********************
错误576行,文件名:G682尝试后处理-777.NC.NC
Z-4.
错误:在 576 行:Z-4.,"Z"和"C"碰撞.


******************** 刀路错误报告 ********************
错误577行,文件名:G682尝试后处理-777.NC.NC
G01 X29.2721 Y22.4915 Z-4.075
错误:在 577 行:G01 X29.2721 Y22.4915 Z-4.075,"Z"和"A"碰撞.


******************** 刀路错误报告 ********************
错误577行,文件名:G682尝试后处理-777.NC.NC
G01 X29.2721 Y22.4915 Z-4.075
错误:在 577 行:G01 X29.2721 Y22.4915 Z-4.075,"Z"和"C"碰撞.


******************** 刀路错误报告 ********************
错误578行,文件名:G682尝试后处理-777.NC.NC
X29.8673 Y23.7968 Z-4.15
错误:在 578 行:X29.8673 Y23.7968 Z-4.15,"Z"和"A"碰撞.


******************** 刀路错误报告 ********************
错误578行,文件名:G682尝试后处理-777.NC.NC
X29.8673 Y23.7968 Z-4.15
错误:在 578 行:X29.8673 Y23.7968 Z-4.15,"Z"和"C"碰撞.


******************** 刀路错误报告 ********************
错误579行,文件名:G682尝试后处理-777.NC.NC
X30.0245 Y25.2227 Z-4.225
错误:在 579 行:X30.0245 Y25.2227 Z-4.225,"Z"和"A"碰撞.


******************** 刀路错误报告 ********************
错误579行,文件名:G682尝试后处理-777.NC.NC
X30.0245 Y25.2227 Z-4.225
错误:在 579 行:X30.0245 Y25.2227 Z-4.225,"Z"和"C"碰撞.


******************** 刀路错误报告 ********************
错误580行,文件名:G682尝试后处理-777.NC.NC
X29.728 Y26.6263 Z-4.3
错误:在 580 行:X29.728 Y26.6263 Z-4.3,"Z"和"A"碰撞.


******************** 刀路错误报告 ********************
错误580行,文件名:G682尝试后处理-777.NC.NC
X29.728 Y26.6263 Z-4.3
错误:在 580 行:X29.728 Y26.6263 Z-4.3,"Z"和"C"碰撞.


******************** 刀路错误报告 ********************
错误581行,文件名:G682尝试后处理-777.NC.NC
X29.0075 Y27.8668 Z-4.375
错误:在 581 行:X29.0075 Y27.8668 Z-4.375,"Z"和"A"碰撞.


******************** 刀路错误报告 ********************
错误581行,文件名:G682尝试后处理-777.NC.NC
X29.0075 Y27.8668 Z-4.375
错误:在 581 行:X29.0075 Y27.8668 Z-4.375,"Z"和"C"碰撞.


******************** 刀路错误报告 ********************
错误582行,文件名:G682尝试后处理-777.NC.NC
X27.9352 Y28.8198 Z-4.45
错误:在 582 行:X27.9352 Y28.8198 Z-4.45,"Z"和"A"碰撞.


******************** 刀路错误报告 ********************
错误582行,文件名:G682尝试后处理-777.NC.NC
X27.9352 Y28.8198 Z-4.45
错误:在 582 行:X27.9352 Y28.8198 Z-4.45,"Z"和"C"碰撞.


******************** 刀路错误报告 ********************
错误583行,文件名:G682尝试后处理-777.NC.NC
X26.6187 Y29.3897 Z-4.525
错误:在 583 行:X26.6187 Y29.3897 Z-4.525,"Z"和"A"碰撞.


******************** 刀路错误报告 ********************
错误583行,文件名:G682尝试后处理-777.NC.NC
X26.6187 Y29.3897 Z-4.525
错误:在 583 行:X26.6187 Y29.3897 Z-4.525,"Z"和"C"碰撞.


******************** 刀路错误报告 ********************
错误584行,文件名:G682尝试后处理-777.NC.NC
X25.19 Y29.5194 Z-4.6
错误:在 584 行:X25.19 Y29.5194 Z-4.6,"Z"和"A"碰撞.


******************** 刀路错误报告 ********************
错误584行,文件名:G682尝试后处理-777.NC.NC
X25.19 Y29.5194 Z-4.6
错误:在 584 行:X25.19 Y29.5194 Z-4.6,"Z"和"C"碰撞.


******************** 刀路错误报告 ********************
错误585行,文件名:G682尝试后处理-777.NC.NC
X23.7924 Y29.1958 Z-4.675
错误:在 585 行:X23.7924 Y29.1958 Z-4.675,"Z"和"A"碰撞.


******************** 刀路错误报告 ********************
错误585行,文件名:G682尝试后处理-777.NC.NC
X23.7924 Y29.1958 Z-4.675
错误:在 585 行:X23.7924 Y29.1958 Z-4.675,"Z"和"C"碰撞.


******************** 刀路错误报告 ********************
错误586行,文件名:G682尝试后处理-777.NC.NC
X22.5661 Y28.4515 Z-4.75
错误:在 586 行:X22.5661 Y28.4515 Z-4.75,"Z"和"A"碰撞.


******************** 刀路错误报告 ********************
错误586行,文件名:G682尝试后处理-777.NC.NC
X22.5661 Y28.4515 Z-4.75
错误:在 586 行:X22.5661 Y28.4515 Z-4.75,"Z"和"C"碰撞.


******************** 刀路错误报告 ********************
错误587行,文件名:G682尝试后处理-777.NC.NC
X21.634 Y27.3611 Z-4.825
错误:在 587 行:X21.634 Y27.3611 Z-4.825,"Z"和"A"碰撞.


******************** 刀路错误报告 ********************
错误587行,文件名:G682尝试后处理-777.NC.NC
X21.634 Y27.3611 Z-4.825
错误:在 587 行:X21.634 Y27.3611 Z-4.825,"Z"和"C"碰撞.


******************** 刀路错误报告 ********************
错误588行,文件名:G682尝试后处理-777.NC.NC
X21.0895 Y26.0338 Z-4.9
错误:在 588 行:X21.0895 Y26.0338 Z-4.9,"Z"和"A"碰撞.


******************** 刀路错误报告 ********************
错误588行,文件名:G682尝试后处理-777.NC.NC
X21.0895 Y26.0338 Z-4.9
错误:在 588 行:X21.0895 Y26.0338 Z-4.9,"Z"和"C"碰撞.


******************** 刀路错误报告 ********************
错误589行,文件名:G682尝试后处理-777.NC.NC
X20.9874 Y24.6029 Z-4.975
错误:在 589 行:X20.9874 Y24.6029 Z-4.975,"Z"和"A"碰撞.


******************** 刀路错误报告 ********************
错误589行,文件名:G682尝试后处理-777.NC.NC
X20.9874 Y24.6029 Z-4.975
错误:在 589 行:X20.9874 Y24.6029 Z-4.975,"Z"和"C"碰撞.


******************** 刀路错误报告 ********************
错误590行,文件名:G682尝试后处理-777.NC.NC
X21.3379 Y23.2118 Z-5.05
错误:在 590 行:X21.3379 Y23.2118 Z-5.05,"Z"和"A"碰撞.


******************** 刀路错误报告 ********************
错误590行,文件名:G682尝试后处理-777.NC.NC
X21.3379 Y23.2118 Z-5.05
错误:在 590 行:X21.3379 Y23.2118 Z-5.05,"Z"和"C"碰撞.


******************** 刀路错误报告 ********************
错误591行,文件名:G682尝试后处理-777.NC.NC
X22.1057 Y22. Z-5.125
错误:在 591 行:X22.1057 Y22. Z-5.125,"Z"和"A"碰撞.


******************** 刀路错误报告 ********************
错误591行,文件名:G682尝试后处理-777.NC.NC
X22.1057 Y22. Z-5.125
错误:在 591 行:X22.1057 Y22. Z-5.125,"Z"和"C"碰撞.


******************** 刀路错误报告 ********************
错误592行,文件名:G682尝试后处理-777.NC.NC
X23.214 Y21.0891 Z-5.2
错误:在 592 行:X23.214 Y21.0891 Z-5.2,"Z"和"A"碰撞.


******************** 刀路错误报告 ********************
错误592行,文件名:G682尝试后处理-777.NC.NC
X23.214 Y21.0891 Z-5.2
错误:在 592 行:X23.214 Y21.0891 Z-5.2,"Z"和"C"碰撞.


******************** 刀路错误报告 ********************
错误593行,文件名:G682尝试后处理-777.NC.NC
X24.5515 Y20.5704 Z-5.275
错误:在 593 行:X24.5515 Y20.5704 Z-5.275,"Z"和"A"碰撞.


******************** 刀路错误报告 ********************
错误593行,文件名:G682尝试后处理-777.NC.NC
X24.5515 Y20.5704 Z-5.275
错误:在 593 行:X24.5515 Y20.5704 Z-5.275,"Z"和"C"碰撞.


******************** 刀路错误报告 ********************
错误594行,文件名:G682尝试后处理-777.NC.NC
X25.9841 Y20.4959 Z-5.35
错误:在 594 行:X25.9841 Y20.4959 Z-5.35,"Z"和"A"碰撞.


******************** 刀路错误报告 ********************
错误594行,文件名:G682尝试后处理-777.NC.NC
X25.9841 Y20.4959 Z-5.35
错误:在 594 行:X25.9841 Y20.4959 Z-5.35,"Z"和"C"碰撞.


******************** 刀路错误报告 ********************
错误595行,文件名:G682尝试后处理-777.NC.NC
X27.3682 Y20.8732 Z-5.425
错误:在 595 行:X27.3682 Y20.8732 Z-5.425,"Z"和"A"碰撞.


******************** 刀路错误报告 ********************
错误595行,文件名:G682尝试后处理-777.NC.NC
X27.3682 Y20.8732 Z-5.425
错误:在 595 行:X27.3682 Y20.8732 Z-5.425,"Z"和"C"碰撞.


******************** 刀路错误报告 ********************
错误596行,文件名:G682尝试后处理-777.NC.NC
X28.5649 Y21.6643 Z-5.5
错误:在 596 行:X28.5649 Y21.6643 Z-5.5,"Z"和"A"碰撞.


******************** 刀路错误报告 ********************
错误596行,文件名:G682尝试后处理-777.NC.NC
X28.5649 Y21.6643 Z-5.5
错误:在 596 行:X28.5649 Y21.6643 Z-5.5,"Z"和"C"碰撞.


******************** 刀路错误报告 ********************
错误597行,文件名:G682尝试后处理-777.NC.NC
X29.4543 Y22.7899 Z-5.575
错误:在 597 行:X29.4543 Y22.7899 Z-5.575,"Z"和"A"碰撞.


******************** 刀路错误报告 ********************
错误597行,文件名:G682尝试后处理-777.NC.NC
X29.4543 Y22.7899 Z-5.575
错误:在 597 行:X29.4543 Y22.7899 Z-5.575,"Z"和"C"碰撞.


******************** 刀路错误报告 ********************
错误598行,文件名:G682尝试后处理-777.NC.NC
X29.9471 Y24.1371 Z-5.65
错误:在 598 行:X29.9471 Y24.1371 Z-5.65,"Z"和"A"碰撞.


******************** 刀路错误报告 ********************
错误598行,文件名:G682尝试后处理-777.NC.NC
X29.9471 Y24.1371 Z-5.65
错误:在 598 行:X29.9471 Y24.1371 Z-5.65,"Z"和"C"碰撞.


******************** 刀路错误报告 ********************
错误599行,文件名:G682尝试后处理-777.NC.NC
X29.9939 Y25.5709 Z-5.725
错误:在 599 行:X29.9939 Y25.5709 Z-5.725,"Z"和"A"碰撞.


******************** 刀路错误报告 ********************
错误599行,文件名:G682尝试后处理-777.NC.NC
X29.9939 Y25.5709 Z-5.725
错误:在 599 行:X29.9939 Y25.5709 Z-5.725,"Z"和"C"碰撞.


******************** 刀路错误报告 ********************
错误600行,文件名:G682尝试后处理-777.NC.NC
X29.59 Y26.9475 Z-5.8
错误:在 600 行:X29.59 Y26.9475 Z-5.8,"Z"和"A"碰撞.


******************** 刀路错误报告 ********************
错误600行,文件名:G682尝试后处理-777.NC.NC
X29.59 Y26.9475 Z-5.8
错误:在 600 行:X29.59 Y26.9475 Z-5.8,"Z"和"C"碰撞.


******************** 刀路错误报告 ********************
错误601行,文件名:G682尝试后处理-777.NC.NC
X28.776 Y28.1287 Z-5.875
错误:在 601 行:X28.776 Y28.1287 Z-5.875,"Z"和"A"碰撞.


******************** 刀路错误报告 ********************
错误601行,文件名:G682尝试后处理-777.NC.NC
X28.776 Y28.1287 Z-5.875
错误:在 601 行:X28.776 Y28.1287 Z-5.875,"Z"和"C"碰撞.


******************** 刀路错误报告 ********************
错误602行,文件名:G682尝试后处理-777.NC.NC
X27.6334 Y28.9962 Z-5.95
错误:在 602 行:X27.6334 Y28.9962 Z-5.95,"Z"和"A"碰撞.


******************** 刀路错误报告 ********************
错误602行,文件名:G682尝试后处理-777.NC.NC
X27.6334 Y28.9962 Z-5.95
错误:在 602 行:X27.6334 Y28.9962 Z-5.95,"Z"和"C"碰撞.


******************** 刀路错误报告 ********************
错误603行,文件名:G682尝试后处理-777.NC.NC
X26.2769 Y29.4629 Z-6.025
错误:在 603 行:X26.2769 Y29.4629 Z-6.025,"Z"和"A"碰撞.


******************** 刀路错误报告 ********************
错误603行,文件名:G682尝试后处理-777.NC.NC
X26.2769 Y29.4629 Z-6.025
错误:在 603 行:X26.2769 Y29.4629 Z-6.025,"Z"和"C"碰撞.


******************** 刀路错误报告 ********************
错误604行,文件名:G682尝试后处理-777.NC.NC
X24.8424 Y29.482 Z-6.1
错误:在 604 行:X24.8424 Y29.482 Z-6.1,"Z"和"A"碰撞.


******************** 刀路错误报告 ********************
错误604行,文件名:G682尝试后处理-777.NC.NC
X24.8424 Y29.482 Z-6.1
错误:在 604 行:X24.8424 Y29.482 Z-6.1,"Z"和"C"碰撞.


******************** 刀路错误报告 ********************
错误605行,文件名:G682尝试后处理-777.NC.NC
X23.474 Y29.0517 Z-6.175
错误:在 605 行:X23.474 Y29.0517 Z-6.175,"Z"和"A"碰撞.


******************** 刀路错误报告 ********************
错误605行,文件名:G682尝试后处理-777.NC.NC
X23.474 Y29.0517 Z-6.175
错误:在 605 行:X23.474 Y29.0517 Z-6.175,"Z"和"C"碰撞.


******************** 刀路错误报告 ********************
错误606行,文件名:G682尝试后处理-777.NC.NC
X22.3086 Y28.215 Z-6.25
错误:在 606 行:X22.3086 Y28.215 Z-6.25,"Z"和"A"碰撞.


******************** 刀路错误报告 ********************
错误606行,文件名:G682尝试后处理-777.NC.NC
X22.3086 Y28.215 Z-6.25
错误:在 606 行:X22.3086 Y28.215 Z-6.25,"Z"和"C"碰撞.


******************** 刀路错误报告 ********************
错误607行,文件名:G682尝试后处理-777.NC.NC
X21.4634 Y27.0559 Z-6.325
错误:在 607 行:X21.4634 Y27.0559 Z-6.325,"Z"和"A"碰撞.


******************** 刀路错误报告 ********************
错误607行,文件名:G682尝试后处理-777.NC.NC
X21.4634 Y27.0559 Z-6.325
错误:在 607 行:X21.4634 Y27.0559 Z-6.325,"Z"和"C"碰撞.


******************** 刀路错误报告 ********************
错误608行,文件名:G682尝试后处理-777.NC.NC
X21.023 Y25.6906 Z-6.4
错误:在 608 行:X21.023 Y25.6906 Z-6.4,"Z"和"A"碰撞.


******************** 刀路错误报告 ********************
错误608行,文件名:G682尝试后处理-777.NC.NC
X21.023 Y25.6906 Z-6.4
错误:在 608 行:X21.023 Y25.6906 Z-6.4,"Z"和"C"碰撞.


******************** 刀路错误报告 ********************
错误609行,文件名:G682尝试后处理-777.NC.NC
X21.0315 Y24.2561 Z-6.475
错误:在 609 行:X21.0315 Y24.2561 Z-6.475,"Z"和"A"碰撞.


******************** 刀路错误报告 ********************
错误609行,文件名:G682尝试后处理-777.NC.NC
X21.0315 Y24.2561 Z-6.475
错误:在 609 行:X21.0315 Y24.2561 Z-6.475,"Z"和"C"碰撞.


******************** 刀路错误报告 ********************
错误610行,文件名:G682尝试后处理-777.NC.NC
X21.4882 Y22.8961 Z-6.55
错误:在 610 行:X21.4882 Y22.8961 Z-6.55,"Z"和"A"碰撞.


******************** 刀路错误报告 ********************
错误610行,文件名:G682尝试后处理-777.NC.NC
X21.4882 Y22.8961 Z-6.55
错误:在 610 行:X21.4882 Y22.8961 Z-6.55,"Z"和"C"碰撞.


******************** 刀路错误报告 ********************
错误611行,文件名:G682尝试后处理-777.NC.NC
X22.3472 Y21.7472 Z-6.625
错误:在 611 行:X22.3472 Y21.7472 Z-6.625,"Z"和"A"碰撞.


******************** 刀路错误报告 ********************
错误611行,文件名:G682尝试后处理-777.NC.NC
X22.3472 Y21.7472 Z-6.625
错误:在 611 行:X22.3472 Y21.7472 Z-6.625,"Z"和"C"碰撞.


******************** 刀路错误报告 ********************
错误612行,文件名:G682尝试后处理-777.NC.NC
X23.5224 Y20.9245 Z-6.7
错误:在 612 行:X23.5224 Y20.9245 Z-6.7,"Z"和"A"碰撞.


******************** 刀路错误报告 ********************
错误612行,文件名:G682尝试后处理-777.NC.NC
X23.5224 Y20.9245 Z-6.7
错误:在 612 行:X23.5224 Y20.9245 Z-6.7,"Z"和"C"碰撞.


******************** 刀路错误报告 ********************
错误613行,文件名:G682尝试后处理-777.NC.NC
X24.8959 Y20.5105 Z-6.775
错误:在 613 行:X24.8959 Y20.5105 Z-6.775,"Z"和"A"碰撞.


******************** 刀路错误报告 ********************
错误613行,文件名:G682尝试后处理-777.NC.NC
X24.8959 Y20.5105 Z-6.775
错误:在 613 行:X24.8959 Y20.5105 Z-6.775,"Z"和"C"碰撞.


******************** 刀路错误报告 ********************
错误614行,文件名:G682尝试后处理-777.NC.NC
X26.33 Y20.5467 Z-6.85
错误:在 614 行:X26.33 Y20.5467 Z-6.85,"Z"和"A"碰撞.


******************** 刀路错误报告 ********************
错误614行,文件名:G682尝试后处理-777.NC.NC
X26.33 Y20.5467 Z-6.85
错误:在 614 行:X26.33 Y20.5467 Z-6.85,"Z"和"C"碰撞.


******************** 刀路错误报告 ********************
错误615行,文件名:G682尝试后处理-777.NC.NC
X27.6809 Y21.0295 Z-6.925
错误:在 615 行:X27.6809 Y21.0295 Z-6.925,"Z"和"A"碰撞.


******************** 刀路错误报告 ********************
错误615行,文件名:G682尝试后处理-777.NC.NC
X27.6809 Y21.0295 Z-6.925
错误:在 615 行:X27.6809 Y21.0295 Z-6.925,"Z"和"C"碰撞.


******************** 刀路错误报告 ********************
错误616行,文件名:G682尝试后处理-777.NC.NC
X28.7911 Y21.931 Z-7.
错误:在 616 行:X28.7911 Y21.931 Z-7.,"Z"和"A"碰撞.


******************** 刀路错误报告 ********************
错误616行,文件名:G682尝试后处理-777.NC.NC
X28.7911 Y21.931 Z-7.
错误:在 616 行:X28.7911 Y21.931 Z-7.,"Z"和"C"碰撞.


******************** 刀路错误报告 ********************
错误617行,文件名:G682尝试后处理-777.NC.NC
X39.6898 Y33.6184
错误:在 617 行:X39.6898 Y33.6184,"Z"和"A"碰撞.


******************** 刀路错误报告 ********************
错误617行,文件名:G682尝试后处理-777.NC.NC
X39.6898 Y33.6184
错误:在 617 行:X39.6898 Y33.6184,"Z"和"C"碰撞.


******************** 刀路错误报告 ********************
错误618行,文件名:G682尝试后处理-777.NC.NC
X33.839 Y39.0744
错误:在 618 行:X33.839 Y39.0744,"Z"和"A"碰撞.


******************** 刀路错误报告 ********************
错误618行,文件名:G682尝试后处理-777.NC.NC
X33.839 Y39.0744
错误:在 618 行:X33.839 Y39.0744,"Z"和"C"碰撞.


******************** 刀路错误报告 ********************
错误619行,文件名:G682尝试后处理-777.NC.NC
G03 X33.157Y39.3431 Z-7. R1.
错误:在 619 行:G03 X33.157Y39.3431 Z-7. R1.,"Z"和"A"碰撞.


******************** 刀路错误报告 ********************
错误619行,文件名:G682尝试后处理-777.NC.NC
G03 X33.157Y39.3431 Z-7. R1.
错误:在 619 行:G03 X33.157Y39.3431 Z-7. R1.,"Z"和"C"碰撞.


******************** 刀路错误报告 ********************
错误620行,文件名:G682尝试后处理-777.NC.NC
G03 X32.4256Y39.0251 Z-7. R1.
错误:在 620 行:G03 X32.4256Y39.0251 Z-7. R1.,"Z"和"A"碰撞.


******************** 刀路错误报告 ********************
错误620行,文件名:G682尝试后处理-777.NC.NC
G03 X32.4256Y39.0251 Z-7. R1.
错误:在 620 行:G03 X32.4256Y39.0251 Z-7. R1.,"Z"和"C"碰撞.


******************** 刀路错误报告 ********************
错误621行,文件名:G682尝试后处理-777.NC.NC
G01 X11.9922 Y17.1129
错误:在 621 行:G01 X11.9922 Y17.1129,"Z"和"A"碰撞.


******************** 刀路错误报告 ********************
错误621行,文件名:G682尝试后处理-777.NC.NC
G01 X11.9922 Y17.1129
错误:在 621 行:G01 X11.9922 Y17.1129,"Z"和"C"碰撞.


******************** 刀路错误报告 ********************
错误622行,文件名:G682尝试后处理-777.NC.NC
G03 X11.7236Y16.4309 Z-7. R1.
错误:在 622 行:G03 X11.7236Y16.4309 Z-7. R1.,"Z"和"A"碰撞.


******************** 刀路错误报告 ********************
错误622行,文件名:G682尝试后处理-777.NC.NC
G03 X11.7236Y16.4309 Z-7. R1.
错误:在 622 行:G03 X11.7236Y16.4309 Z-7. R1.,"Z"和"C"碰撞.


******************** 刀路错误报告 ********************
错误623行,文件名:G682尝试后处理-777.NC.NC
G03 X12.0416Y15.6996 Z-7. R1.
错误:在 623 行:G03 X12.0416Y15.6996 Z-7. R1.,"Z"和"A"碰撞.


******************** 刀路错误报告 ********************
错误623行,文件名:G682尝试后处理-777.NC.NC
G03 X12.0416Y15.6996 Z-7. R1.
错误:在 623 行:G03 X12.0416Y15.6996 Z-7. R1.,"Z"和"C"碰撞.


******************** 刀路错误报告 ********************
错误624行,文件名:G682尝试后处理-777.NC.NC
G01 X17.8924 Y10.2436
错误:在 624 行:G01 X17.8924 Y10.2436,"Z"和"A"碰撞.


******************** 刀路错误报告 ********************
错误624行,文件名:G682尝试后处理-777.NC.NC
G01 X17.8924 Y10.2436
错误:在 624 行:G01 X17.8924 Y10.2436,"Z"和"C"碰撞.


******************** 刀路错误报告 ********************
错误625行,文件名:G682尝试后处理-777.NC.NC
X28.7911 Y21.931
错误:在 625 行:X28.7911 Y21.931,"Z"和"A"碰撞.


******************** 刀路错误报告 ********************
错误625行,文件名:G682尝试后处理-777.NC.NC
X28.7911 Y21.931
错误:在 625 行:X28.7911 Y21.931,"Z"和"C"碰撞.


******************** 刀路错误报告 ********************
错误626行,文件名:G682尝试后处理-777.NC.NC
X25.1343 Y25.341
错误:在 626 行:X25.1343 Y25.341,"Z"和"A"碰撞.


******************** 刀路错误报告 ********************
错误626行,文件名:G682尝试后处理-777.NC.NC
X25.1343 Y25.341
错误:在 626 行:X25.1343 Y25.341,"Z"和"C"碰撞.


******************** 刀路错误报告 ********************
错误627行,文件名:G682尝试后处理-777.NC.NC
Z-4.
错误:在 627 行:Z-4.,"Z"和"A"碰撞.


******************** 刀路错误报告 ********************
错误627行,文件名:G682尝试后处理-777.NC.NC
Z-4.
错误:在 627 行:Z-4.,"Z"和"C"碰撞.


******************** 刀路错误报告 ********************
错误628行,文件名:G682尝试后处理-777.NC.NC
G00 Z10.
错误:在 628 行:G00 Z10.,"Z"和"A"碰撞.


******************** 刀路错误报告 ********************
错误628行,文件名:G682尝试后处理-777.NC.NC
G00 Z10.
错误:在 628 行:G00 Z10.,"Z"和"C"碰撞.


******************** 刀路错误报告 ********************
错误629行,文件名:G682尝试后处理-777.NC.NC
X28.28 Y21.4614
错误:在 629 行:X28.28 Y21.4614,"Z"和"A"碰撞.


******************** 刀路错误报告 ********************
错误629行,文件名:G682尝试后处理-777.NC.NC
X28.28 Y21.4614
错误:在 629 行:X28.28 Y21.4614,"Z"和"C"碰撞.


******************** 刀路错误报告 ********************
错误630行,文件名:G682尝试后处理-777.NC.NC
Z-5.
错误:在 630 行:Z-5.,"Z"和"A"碰撞.


******************** 刀路错误报告 ********************
错误630行,文件名:G682尝试后处理-777.NC.NC
Z-5.
错误:在 630 行:Z-5.,"Z"和"C"碰撞.


******************** 刀路错误报告 ********************
错误631行,文件名:G682尝试后处理-777.NC.NC
G01 X29.2721 Y22.4915 Z-5.075
错误:在 631 行:G01 X29.2721 Y22.4915 Z-5.075,"Z"和"A"碰撞.


******************** 刀路错误报告 ********************
错误631行,文件名:G682尝试后处理-777.NC.NC
G01 X29.2721 Y22.4915 Z-5.075
错误:在 631 行:G01 X29.2721 Y22.4915 Z-5.075,"Z"和"C"碰撞.


******************** 刀路错误报告 ********************
错误632行,文件名:G682尝试后处理-777.NC.NC
X29.8673 Y23.7968 Z-5.15
错误:在 632 行:X29.8673 Y23.7968 Z-5.15,"Z"和"A"碰撞.


******************** 刀路错误报告 ********************
错误632行,文件名:G682尝试后处理-777.NC.NC
X29.8673 Y23.7968 Z-5.15
错误:在 632 行:X29.8673 Y23.7968 Z-5.15,"Z"和"C"碰撞.


******************** 刀路错误报告 ********************
错误633行,文件名:G682尝试后处理-777.NC.NC
X30.0245 Y25.2227 Z-5.225
错误:在 633 行:X30.0245 Y25.2227 Z-5.225,"Z"和"A"碰撞.


******************** 刀路错误报告 ********************
错误633行,文件名:G682尝试后处理-777.NC.NC
X30.0245 Y25.2227 Z-5.225
错误:在 633 行:X30.0245 Y25.2227 Z-5.225,"Z"和"C"碰撞.


******************** 刀路错误报告 ********************
错误634行,文件名:G682尝试后处理-777.NC.NC
X29.728 Y26.6263 Z-5.3
错误:在 634 行:X29.728 Y26.6263 Z-5.3,"Z"和"A"碰撞.


******************** 刀路错误报告 ********************
错误634行,文件名:G682尝试后处理-777.NC.NC
X29.728 Y26.6263 Z-5.3
错误:在 634 行:X29.728 Y26.6263 Z-5.3,"Z"和"C"碰撞.


******************** 刀路错误报告 ********************
错误635行,文件名:G682尝试后处理-777.NC.NC
X29.0075 Y27.8668 Z-5.375
错误:在 635 行:X29.0075 Y27.8668 Z-5.375,"Z"和"A"碰撞.


******************** 刀路错误报告 ********************
错误635行,文件名:G682尝试后处理-777.NC.NC
X29.0075 Y27.8668 Z-5.375
错误:在 635 行:X29.0075 Y27.8668 Z-5.375,"Z"和"C"碰撞.


******************** 刀路错误报告 ********************
错误636行,文件名:G682尝试后处理-777.NC.NC
X27.9352 Y28.8198 Z-5.45
错误:在 636 行:X27.9352 Y28.8198 Z-5.45,"Z"和"A"碰撞.


******************** 刀路错误报告 ********************
错误636行,文件名:G682尝试后处理-777.NC.NC
X27.9352 Y28.8198 Z-5.45
错误:在 636 行:X27.9352 Y28.8198 Z-5.45,"Z"和"C"碰撞.


******************** 刀路错误报告 ********************
错误637行,文件名:G682尝试后处理-777.NC.NC
X26.6187 Y29.3897 Z-5.525
错误:在 637 行:X26.6187 Y29.3897 Z-5.525,"Z"和"A"碰撞.


******************** 刀路错误报告 ********************
错误637行,文件名:G682尝试后处理-777.NC.NC
X26.6187 Y29.3897 Z-5.525
错误:在 637 行:X26.6187 Y29.3897 Z-5.525,"Z"和"C"碰撞.


******************** 刀路错误报告 ********************
错误638行,文件名:G682尝试后处理-777.NC.NC
X25.19 Y29.5194 Z-5.6
错误:在 638 行:X25.19 Y29.5194 Z-5.6,"Z"和"A"碰撞.


******************** 刀路错误报告 ********************
错误638行,文件名:G682尝试后处理-777.NC.NC
X25.19 Y29.5194 Z-5.6
错误:在 638 行:X25.19 Y29.5194 Z-5.6,"Z"和"C"碰撞.


******************** 刀路错误报告 ********************
错误639行,文件名:G682尝试后处理-777.NC.NC
X23.7924 Y29.1958 Z-5.675
错误:在 639 行:X23.7924 Y29.1958 Z-5.675,"Z"和"A"碰撞.


******************** 刀路错误报告 ********************
错误639行,文件名:G682尝试后处理-777.NC.NC
X23.7924 Y29.1958 Z-5.675
错误:在 639 行:X23.7924 Y29.1958 Z-5.675,"Z"和"C"碰撞.


******************** 刀路错误报告 ********************
错误640行,文件名:G682尝试后处理-777.NC.NC
X22.5661 Y28.4515 Z-5.75
错误:在 640 行:X22.5661 Y28.4515 Z-5.75,"Z"和"A"碰撞.


******************** 刀路错误报告 ********************
错误640行,文件名:G682尝试后处理-777.NC.NC
X22.5661 Y28.4515 Z-5.75
错误:在 640 行:X22.5661 Y28.4515 Z-5.75,"Z"和"C"碰撞.


******************** 刀路错误报告 ********************
错误641行,文件名:G682尝试后处理-777.NC.NC
X21.634 Y27.3611 Z-5.825
错误:在 641 行:X21.634 Y27.3611 Z-5.825,"Z"和"A"碰撞.


******************** 刀路错误报告 ********************
错误641行,文件名:G682尝试后处理-777.NC.NC
X21.634 Y27.3611 Z-5.825
错误:在 641 行:X21.634 Y27.3611 Z-5.825,"Z"和"C"碰撞.


******************** 刀路错误报告 ********************
错误642行,文件名:G682尝试后处理-777.NC.NC
X21.0895 Y26.0338 Z-5.9
错误:在 642 行:X21.0895 Y26.0338 Z-5.9,"Z"和"A"碰撞.


******************** 刀路错误报告 ********************
错误642行,文件名:G682尝试后处理-777.NC.NC
X21.0895 Y26.0338 Z-5.9
错误:在 642 行:X21.0895 Y26.0338 Z-5.9,"Z"和"C"碰撞.


******************** 刀路错误报告 ********************
错误643行,文件名:G682尝试后处理-777.NC.NC
X20.9874 Y24.6029 Z-5.975
错误:在 643 行:X20.9874 Y24.6029 Z-5.975,"Z"和"A"碰撞.


******************** 刀路错误报告 ********************
错误643行,文件名:G682尝试后处理-777.NC.NC
X20.9874 Y24.6029 Z-5.975
错误:在 643 行:X20.9874 Y24.6029 Z-5.975,"Z"和"C"碰撞.


******************** 刀路错误报告 ********************
错误644行,文件名:G682尝试后处理-777.NC.NC
X21.3379 Y23.2118 Z-6.05
错误:在 644 行:X21.3379 Y23.2118 Z-6.05,"Z"和"A"碰撞.


******************** 刀路错误报告 ********************
错误644行,文件名:G682尝试后处理-777.NC.NC
X21.3379 Y23.2118 Z-6.05
错误:在 644 行:X21.3379 Y23.2118 Z-6.05,"Z"和"C"碰撞.


******************** 刀路错误报告 ********************
错误645行,文件名:G682尝试后处理-777.NC.NC
X22.1057 Y22. Z-6.125
错误:在 645 行:X22.1057 Y22. Z-6.125,"Z"和"A"碰撞.


******************** 刀路错误报告 ********************
错误645行,文件名:G682尝试后处理-777.NC.NC
X22.1057 Y22. Z-6.125
错误:在 645 行:X22.1057 Y22. Z-6.125,"Z"和"C"碰撞.


******************** 刀路错误报告 ********************
错误646行,文件名:G682尝试后处理-777.NC.NC
X23.214 Y21.0891 Z-6.2
错误:在 646 行:X23.214 Y21.0891 Z-6.2,"Z"和"A"碰撞.


******************** 刀路错误报告 ********************
错误646行,文件名:G682尝试后处理-777.NC.NC
X23.214 Y21.0891 Z-6.2
错误:在 646 行:X23.214 Y21.0891 Z-6.2,"Z"和"C"碰撞.


******************** 刀路错误报告 ********************
错误647行,文件名:G682尝试后处理-777.NC.NC
X24.5515 Y20.5704 Z-6.275
错误:在 647 行:X24.5515 Y20.5704 Z-6.275,"Z"和"A"碰撞.


******************** 刀路错误报告 ********************
错误647行,文件名:G682尝试后处理-777.NC.NC
X24.5515 Y20.5704 Z-6.275
错误:在 647 行:X24.5515 Y20.5704 Z-6.275,"Z"和"C"碰撞.


******************** 刀路错误报告 ********************
错误648行,文件名:G682尝试后处理-777.NC.NC
X25.9841 Y20.4959 Z-6.35
错误:在 648 行:X25.9841 Y20.4959 Z-6.35,"Z"和"A"碰撞.


******************** 刀路错误报告 ********************
错误648行,文件名:G682尝试后处理-777.NC.NC
X25.9841 Y20.4959 Z-6.35
错误:在 648 行:X25.9841 Y20.4959 Z-6.35,"Z"和"C"碰撞.


******************** 刀路错误报告 ********************
错误649行,文件名:G682尝试后处理-777.NC.NC
X27.3682 Y20.8732 Z-6.425
错误:在 649 行:X27.3682 Y20.8732 Z-6.425,"Z"和"A"碰撞.


******************** 刀路错误报告 ********************
错误649行,文件名:G682尝试后处理-777.NC.NC
X27.3682 Y20.8732 Z-6.425
错误:在 649 行:X27.3682 Y20.8732 Z-6.425,"Z"和"C"碰撞.


******************** 刀路错误报告 ********************
错误650行,文件名:G682尝试后处理-777.NC.NC
X28.5649 Y21.6643 Z-6.5
错误:在 650 行:X28.5649 Y21.6643 Z-6.5,"Z"和"A"碰撞.


******************** 刀路错误报告 ********************
错误650行,文件名:G682尝试后处理-777.NC.NC
X28.5649 Y21.6643 Z-6.5
错误:在 650 行:X28.5649 Y21.6643 Z-6.5,"Z"和"C"碰撞.


******************** 刀路错误报告 ********************
错误651行,文件名:G682尝试后处理-777.NC.NC
X29.4543 Y22.7899 Z-6.575
错误:在 651 行:X29.4543 Y22.7899 Z-6.575,"Z"和"A"碰撞.


******************** 刀路错误报告 ********************
错误651行,文件名:G682尝试后处理-777.NC.NC
X29.4543 Y22.7899 Z-6.575
错误:在 651 行:X29.4543 Y22.7899 Z-6.575,"Z"和"C"碰撞.


******************** 刀路错误报告 ********************
错误652行,文件名:G682尝试后处理-777.NC.NC
X29.9471 Y24.1371 Z-6.65
错误:在 652 行:X29.9471 Y24.1371 Z-6.65,"Z"和"A"碰撞.


******************** 刀路错误报告 ********************
错误652行,文件名:G682尝试后处理-777.NC.NC
X29.9471 Y24.1371 Z-6.65
错误:在 652 行:X29.9471 Y24.1371 Z-6.65,"Z"和"C"碰撞.


******************** 刀路错误报告 ********************
错误653行,文件名:G682尝试后处理-777.NC.NC
X29.9939 Y25.5709 Z-6.725
错误:在 653 行:X29.9939 Y25.5709 Z-6.725,"Z"和"A"碰撞.


******************** 刀路错误报告 ********************
错误653行,文件名:G682尝试后处理-777.NC.NC
X29.9939 Y25.5709 Z-6.725
错误:在 653 行:X29.9939 Y25.5709 Z-6.725,"Z"和"C"碰撞.


******************** 刀路错误报告 ********************
错误654行,文件名:G682尝试后处理-777.NC.NC
X29.59 Y26.9475 Z-6.8
错误:在 654 行:X29.59 Y26.9475 Z-6.8,"Z"和"A"碰撞.


******************** 刀路错误报告 ********************
错误654行,文件名:G682尝试后处理-777.NC.NC
X29.59 Y26.9475 Z-6.8
错误:在 654 行:X29.59 Y26.9475 Z-6.8,"Z"和"C"碰撞.


******************** 刀路错误报告 ********************
错误655行,文件名:G682尝试后处理-777.NC.NC
X28.776 Y28.1287 Z-6.875
错误:在 655 行:X28.776 Y28.1287 Z-6.875,"Z"和"A"碰撞.


******************** 刀路错误报告 ********************
错误655行,文件名:G682尝试后处理-777.NC.NC
X28.776 Y28.1287 Z-6.875
错误:在 655 行:X28.776 Y28.1287 Z-6.875,"Z"和"C"碰撞.


******************** 刀路错误报告 ********************
错误656行,文件名:G682尝试后处理-777.NC.NC
X27.6334 Y28.9962 Z-6.95
错误:在 656 行:X27.6334 Y28.9962 Z-6.95,"Z"和"A"碰撞.


******************** 刀路错误报告 ********************
错误656行,文件名:G682尝试后处理-777.NC.NC
X27.6334 Y28.9962 Z-6.95
错误:在 656 行:X27.6334 Y28.9962 Z-6.95,"Z"和"C"碰撞.


******************** 刀路错误报告 ********************
错误657行,文件名:G682尝试后处理-777.NC.NC
X26.2769 Y29.4629 Z-7.025
错误:在 657 行:X26.2769 Y29.4629 Z-7.025,"Z"和"A"碰撞.


******************** 刀路错误报告 ********************
错误657行,文件名:G682尝试后处理-777.NC.NC
X26.2769 Y29.4629 Z-7.025
错误:在 657 行:X26.2769 Y29.4629 Z-7.025,"Z"和"C"碰撞.


******************** 刀路错误报告 ********************
错误658行,文件名:G682尝试后处理-777.NC.NC
X24.8424 Y29.482 Z-7.1
错误:在 658 行:X24.8424 Y29.482 Z-7.1,"Z"和"A"碰撞.


******************** 刀路错误报告 ********************
错误658行,文件名:G682尝试后处理-777.NC.NC
X24.8424 Y29.482 Z-7.1
错误:在 658 行:X24.8424 Y29.482 Z-7.1,"Z"和"C"碰撞.


******************** 刀路错误报告 ********************
错误659行,文件名:G682尝试后处理-777.NC.NC
X23.474 Y29.0517 Z-7.175
错误:在 659 行:X23.474 Y29.0517 Z-7.175,"Z"和"A"碰撞.


******************** 刀路错误报告 ********************
错误659行,文件名:G682尝试后处理-777.NC.NC
X23.474 Y29.0517 Z-7.175
错误:在 659 行:X23.474 Y29.0517 Z-7.175,"Z"和"C"碰撞.


******************** 刀路错误报告 ********************
错误660行,文件名:G682尝试后处理-777.NC.NC
X22.3086 Y28.215 Z-7.25
错误:在 660 行:X22.3086 Y28.215 Z-7.25,"Z"和"A"碰撞.


******************** 刀路错误报告 ********************
错误660行,文件名:G682尝试后处理-777.NC.NC
X22.3086 Y28.215 Z-7.25
错误:在 660 行:X22.3086 Y28.215 Z-7.25,"Z"和"C"碰撞.


******************** 刀路错误报告 ********************
错误661行,文件名:G682尝试后处理-777.NC.NC
X21.4634 Y27.0559 Z-7.325
错误:在 661 行:X21.4634 Y27.0559 Z-7.325,"Z"和"A"碰撞.


******************** 刀路错误报告 ********************
错误661行,文件名:G682尝试后处理-777.NC.NC
X21.4634 Y27.0559 Z-7.325
错误:在 661 行:X21.4634 Y27.0559 Z-7.325,"Z"和"C"碰撞.


******************** 刀路错误报告 ********************
错误662行,文件名:G682尝试后处理-777.NC.NC
X21.023 Y25.6906 Z-7.4
错误:在 662 行:X21.023 Y25.6906 Z-7.4,"Z"和"A"碰撞.


******************** 刀路错误报告 ********************
错误662行,文件名:G682尝试后处理-777.NC.NC
X21.023 Y25.6906 Z-7.4
错误:在 662 行:X21.023 Y25.6906 Z-7.4,"Z"和"C"碰撞.


******************** 刀路错误报告 ********************
错误663行,文件名:G682尝试后处理-777.NC.NC
X21.0315 Y24.2561 Z-7.475
错误:在 663 行:X21.0315 Y24.2561 Z-7.475,"Z"和"A"碰撞.


******************** 刀路错误报告 ********************
错误663行,文件名:G682尝试后处理-777.NC.NC
X21.0315 Y24.2561 Z-7.475
错误:在 663 行:X21.0315 Y24.2561 Z-7.475,"Z"和"C"碰撞.


******************** 刀路错误报告 ********************
错误664行,文件名:G682尝试后处理-777.NC.NC
X21.4882 Y22.8961 Z-7.55
错误:在 664 行:X21.4882 Y22.8961 Z-7.55,"Z"和"A"碰撞.


******************** 刀路错误报告 ********************
错误664行,文件名:G682尝试后处理-777.NC.NC
X21.4882 Y22.8961 Z-7.55
错误:在 664 行:X21.4882 Y22.8961 Z-7.55,"Z"和"C"碰撞.


******************** 刀路错误报告 ********************
错误665行,文件名:G682尝试后处理-777.NC.NC
X22.3472 Y21.7472 Z-7.625
错误:在 665 行:X22.3472 Y21.7472 Z-7.625,"Z"和"A"碰撞.


******************** 刀路错误报告 ********************
错误665行,文件名:G682尝试后处理-777.NC.NC
X22.3472 Y21.7472 Z-7.625
错误:在 665 行:X22.3472 Y21.7472 Z-7.625,"Z"和"C"碰撞.


******************** 刀路错误报告 ********************
错误666行,文件名:G682尝试后处理-777.NC.NC
X23.5224 Y20.9245 Z-7.7
错误:在 666 行:X23.5224 Y20.9245 Z-7.7,"Z"和"A"碰撞.


******************** 刀路错误报告 ********************
错误666行,文件名:G682尝试后处理-777.NC.NC
X23.5224 Y20.9245 Z-7.7
错误:在 666 行:X23.5224 Y20.9245 Z-7.7,"Z"和"C"碰撞.


******************** 刀路错误报告 ********************
错误667行,文件名:G682尝试后处理-777.NC.NC
X24.8959 Y20.5105 Z-7.775
错误:在 667 行:X24.8959 Y20.5105 Z-7.775,"Z"和"A"碰撞.


******************** 刀路错误报告 ********************
错误667行,文件名:G682尝试后处理-777.NC.NC
X24.8959 Y20.5105 Z-7.775
错误:在 667 行:X24.8959 Y20.5105 Z-7.775,"Z"和"C"碰撞.


******************** 刀路错误报告 ********************
错误668行,文件名:G682尝试后处理-777.NC.NC
X26.33 Y20.5467 Z-7.85
错误:在 668 行:X26.33 Y20.5467 Z-7.85,"Z"和"A"碰撞.


******************** 刀路错误报告 ********************
错误668行,文件名:G682尝试后处理-777.NC.NC
X26.33 Y20.5467 Z-7.85
错误:在 668 行:X26.33 Y20.5467 Z-7.85,"Z"和"C"碰撞.


******************** 刀路错误报告 ********************
错误669行,文件名:G682尝试后处理-777.NC.NC
X27.6809 Y21.0295 Z-7.925
错误:在 669 行:X27.6809 Y21.0295 Z-7.925,"Z"和"A"碰撞.


******************** 刀路错误报告 ********************
错误669行,文件名:G682尝试后处理-777.NC.NC
X27.6809 Y21.0295 Z-7.925
错误:在 669 行:X27.6809 Y21.0295 Z-7.925,"Z"和"C"碰撞.


******************** 刀路错误报告 ********************
错误670行,文件名:G682尝试后处理-777.NC.NC
X28.7911 Y21.931 Z-8.
错误:在 670 行:X28.7911 Y21.931 Z-8.,"Z"和"A"碰撞.


******************** 刀路错误报告 ********************
错误670行,文件名:G682尝试后处理-777.NC.NC
X28.7911 Y21.931 Z-8.
错误:在 670 行:X28.7911 Y21.931 Z-8.,"Z"和"C"碰撞.


******************** 刀路错误报告 ********************
错误671行,文件名:G682尝试后处理-777.NC.NC
X39.6898 Y33.6184
错误:在 671 行:X39.6898 Y33.6184,"Z"和"A"碰撞.


******************** 刀路错误报告 ********************
错误671行,文件名:G682尝试后处理-777.NC.NC
X39.6898 Y33.6184
错误:在 671 行:X39.6898 Y33.6184,"Z"和"C"碰撞.


******************** 刀路错误报告 ********************
错误672行,文件名:G682尝试后处理-777.NC.NC
X33.839 Y39.0744
错误:在 672 行:X33.839 Y39.0744,"Z"和"A"碰撞.


******************** 刀路错误报告 ********************
错误672行,文件名:G682尝试后处理-777.NC.NC
X33.839 Y39.0744
错误:在 672 行:X33.839 Y39.0744,"Z"和"C"碰撞.


******************** 刀路错误报告 ********************
错误673行,文件名:G682尝试后处理-777.NC.NC
G03 X33.157Y39.3431 Z-8. R1.
错误:在 673 行:G03 X33.157Y39.3431 Z-8. R1.,"Z"和"A"碰撞.


******************** 刀路错误报告 ********************
错误673行,文件名:G682尝试后处理-777.NC.NC
G03 X33.157Y39.3431 Z-8. R1.
错误:在 673 行:G03 X33.157Y39.3431 Z-8. R1.,"Z"和"C"碰撞.


******************** 刀路错误报告 ********************
错误674行,文件名:G682尝试后处理-777.NC.NC
G03 X32.4256Y39.0251 Z-8. R1.
错误:在 674 行:G03 X32.4256Y39.0251 Z-8. R1.,"Z"和"A"碰撞.


******************** 刀路错误报告 ********************
错误674行,文件名:G682尝试后处理-777.NC.NC
G03 X32.4256Y39.0251 Z-8. R1.
错误:在 674 行:G03 X32.4256Y39.0251 Z-8. R1.,"Z"和"C"碰撞.


******************** 刀路错误报告 ********************
错误675行,文件名:G682尝试后处理-777.NC.NC
G01 X11.9922 Y17.1129
错误:在 675 行:G01 X11.9922 Y17.1129,"Z"和"A"碰撞.


******************** 刀路错误报告 ********************
错误675行,文件名:G682尝试后处理-777.NC.NC
G01 X11.9922 Y17.1129
错误:在 675 行:G01 X11.9922 Y17.1129,"Z"和"C"碰撞.


******************** 刀路错误报告 ********************
错误676行,文件名:G682尝试后处理-777.NC.NC
G03 X11.7236Y16.4309 Z-8. R1.
错误:在 676 行:G03 X11.7236Y16.4309 Z-8. R1.,"Z"和"A"碰撞.


******************** 刀路错误报告 ********************
错误676行,文件名:G682尝试后处理-777.NC.NC
G03 X11.7236Y16.4309 Z-8. R1.
错误:在 676 行:G03 X11.7236Y16.4309 Z-8. R1.,"Z"和"C"碰撞.


******************** 刀路错误报告 ********************
错误677行,文件名:G682尝试后处理-777.NC.NC
G03 X12.0416Y15.6996 Z-8. R1.
错误:在 677 行:G03 X12.0416Y15.6996 Z-8. R1.,"Z"和"A"碰撞.


******************** 刀路错误报告 ********************
错误677行,文件名:G682尝试后处理-777.NC.NC
G03 X12.0416Y15.6996 Z-8. R1.
错误:在 677 行:G03 X12.0416Y15.6996 Z-8. R1.,"Z"和"C"碰撞.


******************** 刀路错误报告 ********************
错误678行,文件名:G682尝试后处理-777.NC.NC
G01 X17.8924 Y10.2436
错误:在 678 行:G01 X17.8924 Y10.2436,"Z"和"A"碰撞.


******************** 刀路错误报告 ********************
错误678行,文件名:G682尝试后处理-777.NC.NC
G01 X17.8924 Y10.2436
错误:在 678 行:G01 X17.8924 Y10.2436,"Z"和"C"碰撞.


******************** 刀路错误报告 ********************
错误679行,文件名:G682尝试后处理-777.NC.NC
X28.7911 Y21.931
错误:在 679 行:X28.7911 Y21.931,"Z"和"A"碰撞.


******************** 刀路错误报告 ********************
错误679行,文件名:G682尝试后处理-777.NC.NC
X28.7911 Y21.931
错误:在 679 行:X28.7911 Y21.931,"Z"和"C"碰撞.


******************** 刀路错误报告 ********************
错误680行,文件名:G682尝试后处理-777.NC.NC
X25.1343 Y25.341
错误:在 680 行:X25.1343 Y25.341,"Z"和"A"碰撞.


******************** 刀路错误报告 ********************
错误680行,文件名:G682尝试后处理-777.NC.NC
X25.1343 Y25.341
错误:在 680 行:X25.1343 Y25.341,"Z"和"C"碰撞.


******************** 刀路错误报告 ********************
错误681行,文件名:G682尝试后处理-777.NC.NC
Z-5.
错误:在 681 行:Z-5.,"Z"和"A"碰撞.


******************** 刀路错误报告 ********************
错误681行,文件名:G682尝试后处理-777.NC.NC
Z-5.
错误:在 681 行:Z-5.,"Z"和"C"碰撞.


******************** 刀路错误报告 ********************
错误682行,文件名:G682尝试后处理-777.NC.NC
G00 Z10.
错误:在 682 行:G00 Z10.,"Z"和"A"碰撞.


******************** 刀路错误报告 ********************
错误682行,文件名:G682尝试后处理-777.NC.NC
G00 Z10.
错误:在 682 行:G00 Z10.,"Z"和"C"碰撞.


******************** 刀路错误报告 ********************
错误683行,文件名:G682尝试后处理-777.NC.NC
X28.28 Y21.4614
错误:在 683 行:X28.28 Y21.4614,"Z"和"A"碰撞.


******************** 刀路错误报告 ********************
错误683行,文件名:G682尝试后处理-777.NC.NC
X28.28 Y21.4614
错误:在 683 行:X28.28 Y21.4614,"Z"和"C"碰撞.


******************** 刀路错误报告 ********************
错误684行,文件名:G682尝试后处理-777.NC.NC
Z-6.
错误:在 684 行:Z-6.,"Z"和"A"碰撞.


******************** 刀路错误报告 ********************
错误684行,文件名:G682尝试后处理-777.NC.NC
Z-6.
错误:在 684 行:Z-6.,"Z"和"C"碰撞.


******************** 刀路错误报告 ********************
错误685行,文件名:G682尝试后处理-777.NC.NC
G01 X29.2721 Y22.4915 Z-6.075
错误:在 685 行:G01 X29.2721 Y22.4915 Z-6.075,"Z"和"A"碰撞.


******************** 刀路错误报告 ********************
错误685行,文件名:G682尝试后处理-777.NC.NC
G01 X29.2721 Y22.4915 Z-6.075
错误:在 685 行:G01 X29.2721 Y22.4915 Z-6.075,"Z"和"C"碰撞.


******************** 刀路错误报告 ********************
错误686行,文件名:G682尝试后处理-777.NC.NC
X29.8673 Y23.7968 Z-6.15
错误:在 686 行:X29.8673 Y23.7968 Z-6.15,"Z"和"A"碰撞.


******************** 刀路错误报告 ********************
错误686行,文件名:G682尝试后处理-777.NC.NC
X29.8673 Y23.7968 Z-6.15
错误:在 686 行:X29.8673 Y23.7968 Z-6.15,"Z"和"C"碰撞.


******************** 刀路错误报告 ********************
错误687行,文件名:G682尝试后处理-777.NC.NC
X30.0245 Y25.2227 Z-6.225
错误:在 687 行:X30.0245 Y25.2227 Z-6.225,"Z"和"A"碰撞.


******************** 刀路错误报告 ********************
错误687行,文件名:G682尝试后处理-777.NC.NC
X30.0245 Y25.2227 Z-6.225
错误:在 687 行:X30.0245 Y25.2227 Z-6.225,"Z"和"C"碰撞.


******************** 刀路错误报告 ********************
错误688行,文件名:G682尝试后处理-777.NC.NC
X29.728 Y26.6263 Z-6.3
错误:在 688 行:X29.728 Y26.6263 Z-6.3,"Z"和"A"碰撞.


******************** 刀路错误报告 ********************
错误688行,文件名:G682尝试后处理-777.NC.NC
X29.728 Y26.6263 Z-6.3
错误:在 688 行:X29.728 Y26.6263 Z-6.3,"Z"和"C"碰撞.


******************** 刀路错误报告 ********************
错误689行,文件名:G682尝试后处理-777.NC.NC
X29.0075 Y27.8668 Z-6.375
错误:在 689 行:X29.0075 Y27.8668 Z-6.375,"Z"和"A"碰撞.


******************** 刀路错误报告 ********************
错误689行,文件名:G682尝试后处理-777.NC.NC
X29.0075 Y27.8668 Z-6.375
错误:在 689 行:X29.0075 Y27.8668 Z-6.375,"Z"和"C"碰撞.


******************** 刀路错误报告 ********************
错误690行,文件名:G682尝试后处理-777.NC.NC
X27.9352 Y28.8198 Z-6.45
错误:在 690 行:X27.9352 Y28.8198 Z-6.45,"Z"和"A"碰撞.


******************** 刀路错误报告 ********************
错误690行,文件名:G682尝试后处理-777.NC.NC
X27.9352 Y28.8198 Z-6.45
错误:在 690 行:X27.9352 Y28.8198 Z-6.45,"Z"和"C"碰撞.


******************** 刀路错误报告 ********************
错误691行,文件名:G682尝试后处理-777.NC.NC
X26.6187 Y29.3897 Z-6.525
错误:在 691 行:X26.6187 Y29.3897 Z-6.525,"Z"和"A"碰撞.


******************** 刀路错误报告 ********************
错误691行,文件名:G682尝试后处理-777.NC.NC
X26.6187 Y29.3897 Z-6.525
错误:在 691 行:X26.6187 Y29.3897 Z-6.525,"Z"和"C"碰撞.


******************** 刀路错误报告 ********************
错误692行,文件名:G682尝试后处理-777.NC.NC
X25.19 Y29.5194 Z-6.6
错误:在 692 行:X25.19 Y29.5194 Z-6.6,"Z"和"A"碰撞.


******************** 刀路错误报告 ********************
错误692行,文件名:G682尝试后处理-777.NC.NC
X25.19 Y29.5194 Z-6.6
错误:在 692 行:X25.19 Y29.5194 Z-6.6,"Z"和"C"碰撞.


******************** 刀路错误报告 ********************
错误693行,文件名:G682尝试后处理-777.NC.NC
X23.7924 Y29.1958 Z-6.675
错误:在 693 行:X23.7924 Y29.1958 Z-6.675,"Z"和"A"碰撞.


******************** 刀路错误报告 ********************
错误693行,文件名:G682尝试后处理-777.NC.NC
X23.7924 Y29.1958 Z-6.675
错误:在 693 行:X23.7924 Y29.1958 Z-6.675,"Z"和"C"碰撞.


******************** 刀路错误报告 ********************
错误694行,文件名:G682尝试后处理-777.NC.NC
X22.5661 Y28.4515 Z-6.75
错误:在 694 行:X22.5661 Y28.4515 Z-6.75,"Z"和"A"碰撞.


******************** 刀路错误报告 ********************
错误694行,文件名:G682尝试后处理-777.NC.NC
X22.5661 Y28.4515 Z-6.75
错误:在 694 行:X22.5661 Y28.4515 Z-6.75,"Z"和"C"碰撞.


******************** 刀路错误报告 ********************
错误695行,文件名:G682尝试后处理-777.NC.NC
X21.634 Y27.3611 Z-6.825
错误:在 695 行:X21.634 Y27.3611 Z-6.825,"Z"和"A"碰撞.


******************** 刀路错误报告 ********************
错误695行,文件名:G682尝试后处理-777.NC.NC
X21.634 Y27.3611 Z-6.825
错误:在 695 行:X21.634 Y27.3611 Z-6.825,"Z"和"C"碰撞.


******************** 刀路错误报告 ********************
错误696行,文件名:G682尝试后处理-777.NC.NC
X21.0895 Y26.0338 Z-6.9
错误:在 696 行:X21.0895 Y26.0338 Z-6.9,"Z"和"A"碰撞.


******************** 刀路错误报告 ********************
错误696行,文件名:G682尝试后处理-777.NC.NC
X21.0895 Y26.0338 Z-6.9
错误:在 696 行:X21.0895 Y26.0338 Z-6.9,"Z"和"C"碰撞.


******************** 刀路错误报告 ********************
错误697行,文件名:G682尝试后处理-777.NC.NC
X20.9874 Y24.6029 Z-6.975
错误:在 697 行:X20.9874 Y24.6029 Z-6.975,"Z"和"A"碰撞.


******************** 刀路错误报告 ********************
错误697行,文件名:G682尝试后处理-777.NC.NC
X20.9874 Y24.6029 Z-6.975
错误:在 697 行:X20.9874 Y24.6029 Z-6.975,"Z"和"C"碰撞.


******************** 刀路错误报告 ********************
错误698行,文件名:G682尝试后处理-777.NC.NC
X21.3379 Y23.2118 Z-7.05
错误:在 698 行:X21.3379 Y23.2118 Z-7.05,"Z"和"A"碰撞.


******************** 刀路错误报告 ********************
错误698行,文件名:G682尝试后处理-777.NC.NC
X21.3379 Y23.2118 Z-7.05
错误:在 698 行:X21.3379 Y23.2118 Z-7.05,"Z"和"C"碰撞.


******************** 刀路错误报告 ********************
错误699行,文件名:G682尝试后处理-777.NC.NC
X22.1057 Y22. Z-7.125
错误:在 699 行:X22.1057 Y22. Z-7.125,"Z"和"A"碰撞.


******************** 刀路错误报告 ********************
错误699行,文件名:G682尝试后处理-777.NC.NC
X22.1057 Y22. Z-7.125
错误:在 699 行:X22.1057 Y22. Z-7.125,"Z"和"C"碰撞.


******************** 刀路错误报告 ********************
错误700行,文件名:G682尝试后处理-777.NC.NC
X23.214 Y21.0891 Z-7.2
错误:在 700 行:X23.214 Y21.0891 Z-7.2,"Z"和"A"碰撞.


******************** 刀路错误报告 ********************
错误700行,文件名:G682尝试后处理-777.NC.NC
X23.214 Y21.0891 Z-7.2
错误:在 700 行:X23.214 Y21.0891 Z-7.2,"Z"和"C"碰撞.


******************** 刀路错误报告 ********************
错误701行,文件名:G682尝试后处理-777.NC.NC
X24.5515 Y20.5704 Z-7.275
错误:在 701 行:X24.5515 Y20.5704 Z-7.275,"Z"和"A"碰撞.


******************** 刀路错误报告 ********************
错误701行,文件名:G682尝试后处理-777.NC.NC
X24.5515 Y20.5704 Z-7.275
错误:在 701 行:X24.5515 Y20.5704 Z-7.275,"Z"和"C"碰撞.


******************** 刀路错误报告 ********************
错误702行,文件名:G682尝试后处理-777.NC.NC
X25.9841 Y20.4959 Z-7.35
错误:在 702 行:X25.9841 Y20.4959 Z-7.35,"Z"和"A"碰撞.


******************** 刀路错误报告 ********************
错误702行,文件名:G682尝试后处理-777.NC.NC
X25.9841 Y20.4959 Z-7.35
错误:在 702 行:X25.9841 Y20.4959 Z-7.35,"Z"和"C"碰撞.


******************** 刀路错误报告 ********************
错误703行,文件名:G682尝试后处理-777.NC.NC
X27.3682 Y20.8732 Z-7.425
错误:在 703 行:X27.3682 Y20.8732 Z-7.425,"Z"和"A"碰撞.


******************** 刀路错误报告 ********************
错误703行,文件名:G682尝试后处理-777.NC.NC
X27.3682 Y20.8732 Z-7.425
错误:在 703 行:X27.3682 Y20.8732 Z-7.425,"Z"和"C"碰撞.


******************** 刀路错误报告 ********************
错误704行,文件名:G682尝试后处理-777.NC.NC
X28.5649 Y21.6643 Z-7.5
错误:在 704 行:X28.5649 Y21.6643 Z-7.5,"Z"和"A"碰撞.


******************** 刀路错误报告 ********************
错误704行,文件名:G682尝试后处理-777.NC.NC
X28.5649 Y21.6643 Z-7.5
错误:在 704 行:X28.5649 Y21.6643 Z-7.5,"Z"和"C"碰撞.


******************** 刀路错误报告 ********************
错误705行,文件名:G682尝试后处理-777.NC.NC
X29.4543 Y22.7899 Z-7.575
错误:在 705 行:X29.4543 Y22.7899 Z-7.575,"Z"和"A"碰撞.


******************** 刀路错误报告 ********************
错误705行,文件名:G682尝试后处理-777.NC.NC
X29.4543 Y22.7899 Z-7.575
错误:在 705 行:X29.4543 Y22.7899 Z-7.575,"Z"和"C"碰撞.


******************** 刀路错误报告 ********************
错误706行,文件名:G682尝试后处理-777.NC.NC
X29.9471 Y24.1371 Z-7.65
错误:在 706 行:X29.9471 Y24.1371 Z-7.65,"Z"和"A"碰撞.


******************** 刀路错误报告 ********************
错误706行,文件名:G682尝试后处理-777.NC.NC
X29.9471 Y24.1371 Z-7.65
错误:在 706 行:X29.9471 Y24.1371 Z-7.65,"Z"和"C"碰撞.


******************** 刀路错误报告 ********************
错误707行,文件名:G682尝试后处理-777.NC.NC
X29.9939 Y25.5709 Z-7.725
错误:在 707 行:X29.9939 Y25.5709 Z-7.725,"Z"和"A"碰撞.


******************** 刀路错误报告 ********************
错误707行,文件名:G682尝试后处理-777.NC.NC
X29.9939 Y25.5709 Z-7.725
错误:在 707 行:X29.9939 Y25.5709 Z-7.725,"Z"和"C"碰撞.


******************** 刀路错误报告 ********************
错误708行,文件名:G682尝试后处理-777.NC.NC
X29.59 Y26.9475 Z-7.8
错误:在 708 行:X29.59 Y26.9475 Z-7.8,"Z"和"A"碰撞.


******************** 刀路错误报告 ********************
错误708行,文件名:G682尝试后处理-777.NC.NC
X29.59 Y26.9475 Z-7.8
错误:在 708 行:X29.59 Y26.9475 Z-7.8,"Z"和"C"碰撞.


******************** 刀路错误报告 ********************
错误709行,文件名:G682尝试后处理-777.NC.NC
X28.776 Y28.1287 Z-7.875
错误:在 709 行:X28.776 Y28.1287 Z-7.875,"Z"和"A"碰撞.


******************** 刀路错误报告 ********************
错误709行,文件名:G682尝试后处理-777.NC.NC
X28.776 Y28.1287 Z-7.875
错误:在 709 行:X28.776 Y28.1287 Z-7.875,"Z"和"C"碰撞.


******************** 刀路错误报告 ********************
错误710行,文件名:G682尝试后处理-777.NC.NC
X27.6334 Y28.9962 Z-7.95
错误:在 710 行:X27.6334 Y28.9962 Z-7.95,"Z"和"A"碰撞.


******************** 刀路错误报告 ********************
错误710行,文件名:G682尝试后处理-777.NC.NC
X27.6334 Y28.9962 Z-7.95
错误:在 710 行:X27.6334 Y28.9962 Z-7.95,"Z"和"C"碰撞.


******************** 刀路错误报告 ********************
错误711行,文件名:G682尝试后处理-777.NC.NC
X26.2769 Y29.4629 Z-8.025
错误:在 711 行:X26.2769 Y29.4629 Z-8.025,"Z"和"A"碰撞.


******************** 刀路错误报告 ********************
错误711行,文件名:G682尝试后处理-777.NC.NC
X26.2769 Y29.4629 Z-8.025
错误:在 711 行:X26.2769 Y29.4629 Z-8.025,"Z"和"C"碰撞.


******************** 刀路错误报告 ********************
错误712行,文件名:G682尝试后处理-777.NC.NC
X24.8424 Y29.482 Z-8.1
错误:在 712 行:X24.8424 Y29.482 Z-8.1,"Z"和"A"碰撞.


******************** 刀路错误报告 ********************
错误712行,文件名:G682尝试后处理-777.NC.NC
X24.8424 Y29.482 Z-8.1
错误:在 712 行:X24.8424 Y29.482 Z-8.1,"Z"和"C"碰撞.


******************** 刀路错误报告 ********************
错误713行,文件名:G682尝试后处理-777.NC.NC
X23.474 Y29.0517 Z-8.175
错误:在 713 行:X23.474 Y29.0517 Z-8.175,"Z"和"A"碰撞.


******************** 刀路错误报告 ********************
错误713行,文件名:G682尝试后处理-777.NC.NC
X23.474 Y29.0517 Z-8.175
错误:在 713 行:X23.474 Y29.0517 Z-8.175,"Z"和"C"碰撞.


******************** 刀路错误报告 ********************
错误714行,文件名:G682尝试后处理-777.NC.NC
X22.3086 Y28.215 Z-8.25
错误:在 714 行:X22.3086 Y28.215 Z-8.25,"Z"和"A"碰撞.


******************** 刀路错误报告 ********************
错误714行,文件名:G682尝试后处理-777.NC.NC
X22.3086 Y28.215 Z-8.25
错误:在 714 行:X22.3086 Y28.215 Z-8.25,"Z"和"C"碰撞.


******************** 刀路错误报告 ********************
错误715行,文件名:G682尝试后处理-777.NC.NC
X21.4634 Y27.0559 Z-8.325
错误:在 715 行:X21.4634 Y27.0559 Z-8.325,"Z"和"A"碰撞.


******************** 刀路错误报告 ********************
错误715行,文件名:G682尝试后处理-777.NC.NC
X21.4634 Y27.0559 Z-8.325
错误:在 715 行:X21.4634 Y27.0559 Z-8.325,"Z"和"C"碰撞.


******************** 刀路错误报告 ********************
错误716行,文件名:G682尝试后处理-777.NC.NC
X21.023 Y25.6906 Z-8.4
错误:在 716 行:X21.023 Y25.6906 Z-8.4,"Z"和"A"碰撞.


******************** 刀路错误报告 ********************
错误716行,文件名:G682尝试后处理-777.NC.NC
X21.023 Y25.6906 Z-8.4
错误:在 716 行:X21.023 Y25.6906 Z-8.4,"Z"和"C"碰撞.


******************** 刀路错误报告 ********************
错误717行,文件名:G682尝试后处理-777.NC.NC
X21.0315 Y24.2561 Z-8.475
错误:在 717 行:X21.0315 Y24.2561 Z-8.475,"Z"和"A"碰撞.


******************** 刀路错误报告 ********************
错误717行,文件名:G682尝试后处理-777.NC.NC
X21.0315 Y24.2561 Z-8.475
错误:在 717 行:X21.0315 Y24.2561 Z-8.475,"Z"和"C"碰撞.


******************** 刀路错误报告 ********************
错误718行,文件名:G682尝试后处理-777.NC.NC
X21.4882 Y22.8961 Z-8.55
错误:在 718 行:X21.4882 Y22.8961 Z-8.55,"Z"和"A"碰撞.


******************** 刀路错误报告 ********************
错误718行,文件名:G682尝试后处理-777.NC.NC
X21.4882 Y22.8961 Z-8.55
错误:在 718 行:X21.4882 Y22.8961 Z-8.55,"Z"和"C"碰撞.


******************** 刀路错误报告 ********************
错误719行,文件名:G682尝试后处理-777.NC.NC
X22.3472 Y21.7472 Z-8.625
错误:在 719 行:X22.3472 Y21.7472 Z-8.625,"Z"和"A"碰撞.


******************** 刀路错误报告 ********************
错误719行,文件名:G682尝试后处理-777.NC.NC
X22.3472 Y21.7472 Z-8.625
错误:在 719 行:X22.3472 Y21.7472 Z-8.625,"Z"和"C"碰撞.


******************** 刀路错误报告 ********************
错误720行,文件名:G682尝试后处理-777.NC.NC
X23.5224 Y20.9245 Z-8.7
错误:在 720 行:X23.5224 Y20.9245 Z-8.7,"Z"和"A"碰撞.


******************** 刀路错误报告 ********************
错误720行,文件名:G682尝试后处理-777.NC.NC
X23.5224 Y20.9245 Z-8.7
错误:在 720 行:X23.5224 Y20.9245 Z-8.7,"Z"和"C"碰撞.


******************** 刀路错误报告 ********************
错误721行,文件名:G682尝试后处理-777.NC.NC
X24.8959 Y20.5105 Z-8.775
错误:在 721 行:X24.8959 Y20.5105 Z-8.775,"Z"和"A"碰撞.


******************** 刀路错误报告 ********************
错误721行,文件名:G682尝试后处理-777.NC.NC
X24.8959 Y20.5105 Z-8.775
错误:在 721 行:X24.8959 Y20.5105 Z-8.775,"Z"和"C"碰撞.


******************** 刀路错误报告 ********************
错误722行,文件名:G682尝试后处理-777.NC.NC
X26.33 Y20.5467 Z-8.85
错误:在 722 行:X26.33 Y20.5467 Z-8.85,"Z"和"A"碰撞.


******************** 刀路错误报告 ********************
错误722行,文件名:G682尝试后处理-777.NC.NC
X26.33 Y20.5467 Z-8.85
错误:在 722 行:X26.33 Y20.5467 Z-8.85,"Z"和"C"碰撞.


******************** 刀路错误报告 ********************
错误723行,文件名:G682尝试后处理-777.NC.NC
X27.6809 Y21.0295 Z-8.925
错误:在 723 行:X27.6809 Y21.0295 Z-8.925,"Z"和"A"碰撞.


******************** 刀路错误报告 ********************
错误723行,文件名:G682尝试后处理-777.NC.NC
X27.6809 Y21.0295 Z-8.925
错误:在 723 行:X27.6809 Y21.0295 Z-8.925,"Z"和"C"碰撞.


******************** 刀路错误报告 ********************
错误724行,文件名:G682尝试后处理-777.NC.NC
X28.7911 Y21.931 Z-9.
错误:在 724 行:X28.7911 Y21.931 Z-9.,"Z"和"A"碰撞.


******************** 刀路错误报告 ********************
错误724行,文件名:G682尝试后处理-777.NC.NC
X28.7911 Y21.931 Z-9.
错误:在 724 行:X28.7911 Y21.931 Z-9.,"Z"和"C"碰撞.


******************** 刀路错误报告 ********************
错误725行,文件名:G682尝试后处理-777.NC.NC
X39.6898 Y33.6184
错误:在 725 行:X39.6898 Y33.6184,"Z"和"A"碰撞.


******************** 刀路错误报告 ********************
错误725行,文件名:G682尝试后处理-777.NC.NC
X39.6898 Y33.6184
错误:在 725 行:X39.6898 Y33.6184,"Z"和"C"碰撞.


******************** 刀路错误报告 ********************
错误726行,文件名:G682尝试后处理-777.NC.NC
X33.839 Y39.0744
错误:在 726 行:X33.839 Y39.0744,"Z"和"A"碰撞.


******************** 刀路错误报告 ********************
错误726行,文件名:G682尝试后处理-777.NC.NC
X33.839 Y39.0744
错误:在 726 行:X33.839 Y39.0744,"Z"和"C"碰撞.


******************** 刀路错误报告 ********************
错误727行,文件名:G682尝试后处理-777.NC.NC
G03 X33.157Y39.3431 Z-9. R1.
错误:在 727 行:G03 X33.157Y39.3431 Z-9. R1.,"Z"和"A"碰撞.


******************** 刀路错误报告 ********************
错误727行,文件名:G682尝试后处理-777.NC.NC
G03 X33.157Y39.3431 Z-9. R1.
错误:在 727 行:G03 X33.157Y39.3431 Z-9. R1.,"Z"和"C"碰撞.


******************** 刀路错误报告 ********************
错误728行,文件名:G682尝试后处理-777.NC.NC
G03 X32.4256Y39.0251 Z-9. R1.
错误:在 728 行:G03 X32.4256Y39.0251 Z-9. R1.,"Z"和"A"碰撞.


******************** 刀路错误报告 ********************
错误728行,文件名:G682尝试后处理-777.NC.NC
G03 X32.4256Y39.0251 Z-9. R1.
错误:在 728 行:G03 X32.4256Y39.0251 Z-9. R1.,"Z"和"C"碰撞.


******************** 刀路错误报告 ********************
错误729行,文件名:G682尝试后处理-777.NC.NC
G01 X11.9922 Y17.1129
错误:在 729 行:G01 X11.9922 Y17.1129,"Z"和"A"碰撞.


******************** 刀路错误报告 ********************
错误729行,文件名:G682尝试后处理-777.NC.NC
G01 X11.9922 Y17.1129
错误:在 729 行:G01 X11.9922 Y17.1129,"Z"和"C"碰撞.


******************** 刀路错误报告 ********************
错误730行,文件名:G682尝试后处理-777.NC.NC
G03 X11.7236Y16.4309 Z-9. R1.
错误:在 730 行:G03 X11.7236Y16.4309 Z-9. R1.,"Z"和"A"碰撞.


******************** 刀路错误报告 ********************
错误730行,文件名:G682尝试后处理-777.NC.NC
G03 X11.7236Y16.4309 Z-9. R1.
错误:在 730 行:G03 X11.7236Y16.4309 Z-9. R1.,"Z"和"C"碰撞.


******************** 刀路错误报告 ********************
错误731行,文件名:G682尝试后处理-777.NC.NC
G03 X12.0416Y15.6996 Z-9. R1.
错误:在 731 行:G03 X12.0416Y15.6996 Z-9. R1.,"Z"和"A"碰撞.


******************** 刀路错误报告 ********************
错误731行,文件名:G682尝试后处理-777.NC.NC
G03 X12.0416Y15.6996 Z-9. R1.
错误:在 731 行:G03 X12.0416Y15.6996 Z-9. R1.,"Z"和"C"碰撞.


******************** 刀路错误报告 ********************
错误732行,文件名:G682尝试后处理-777.NC.NC
G01 X17.8924 Y10.2436
错误:在 732 行:G01 X17.8924 Y10.2436,"Z"和"A"碰撞.


******************** 刀路错误报告 ********************
错误732行,文件名:G682尝试后处理-777.NC.NC
G01 X17.8924 Y10.2436
错误:在 732 行:G01 X17.8924 Y10.2436,"Z"和"C"碰撞.


******************** 刀路错误报告 ********************
错误733行,文件名:G682尝试后处理-777.NC.NC
X28.7911 Y21.931
错误:在 733 行:X28.7911 Y21.931,"Z"和"A"碰撞.


******************** 刀路错误报告 ********************
错误733行,文件名:G682尝试后处理-777.NC.NC
X28.7911 Y21.931
错误:在 733 行:X28.7911 Y21.931,"Z"和"C"碰撞.


******************** 刀路错误报告 ********************
错误734行,文件名:G682尝试后处理-777.NC.NC
X25.1343 Y25.341
错误:在 734 行:X25.1343 Y25.341,"Z"和"A"碰撞.


******************** 刀路错误报告 ********************
错误734行,文件名:G682尝试后处理-777.NC.NC
X25.1343 Y25.341
错误:在 734 行:X25.1343 Y25.341,"Z"和"C"碰撞.


******************** 刀路错误报告 ********************
错误735行,文件名:G682尝试后处理-777.NC.NC
Z-6.
错误:在 735 行:Z-6.,"Z"和"A"碰撞.


******************** 刀路错误报告 ********************
错误735行,文件名:G682尝试后处理-777.NC.NC
Z-6.
错误:在 735 行:Z-6.,"Z"和"C"碰撞.


******************** 刀路错误报告 ********************
错误736行,文件名:G682尝试后处理-777.NC.NC
G00 Z10.
错误:在 736 行:G00 Z10.,"Z"和"A"碰撞.


******************** 刀路错误报告 ********************
错误736行,文件名:G682尝试后处理-777.NC.NC
G00 Z10.
错误:在 736 行:G00 Z10.,"Z"和"C"碰撞.


******************** 刀路错误报告 ********************
错误737行,文件名:G682尝试后处理-777.NC.NC
X28.28 Y21.4614
错误:在 737 行:X28.28 Y21.4614,"Z"和"A"碰撞.


******************** 刀路错误报告 ********************
错误737行,文件名:G682尝试后处理-777.NC.NC
X28.28 Y21.4614
错误:在 737 行:X28.28 Y21.4614,"Z"和"C"碰撞.


******************** 刀路错误报告 ********************
错误738行,文件名:G682尝试后处理-777.NC.NC
Z-7.
错误:在 738 行:Z-7.,"Z"和"A"碰撞.


******************** 刀路错误报告 ********************
错误738行,文件名:G682尝试后处理-777.NC.NC
Z-7.
错误:在 738 行:Z-7.,"Z"和"C"碰撞.


******************** 刀路错误报告 ********************
错误739行,文件名:G682尝试后处理-777.NC.NC
G01 X29.2721 Y22.4915 Z-7.075
错误:在 739 行:G01 X29.2721 Y22.4915 Z-7.075,"Z"和"A"碰撞.


******************** 刀路错误报告 ********************
错误739行,文件名:G682尝试后处理-777.NC.NC
G01 X29.2721 Y22.4915 Z-7.075
错误:在 739 行:G01 X29.2721 Y22.4915 Z-7.075,"Z"和"C"碰撞.


******************** 刀路错误报告 ********************
错误740行,文件名:G682尝试后处理-777.NC.NC
X29.8673 Y23.7968 Z-7.15
错误:在 740 行:X29.8673 Y23.7968 Z-7.15,"Z"和"A"碰撞.


******************** 刀路错误报告 ********************
错误740行,文件名:G682尝试后处理-777.NC.NC
X29.8673 Y23.7968 Z-7.15
错误:在 740 行:X29.8673 Y23.7968 Z-7.15,"Z"和"C"碰撞.


******************** 刀路错误报告 ********************
错误741行,文件名:G682尝试后处理-777.NC.NC
X30.0245 Y25.2227 Z-7.225
错误:在 741 行:X30.0245 Y25.2227 Z-7.225,"Z"和"A"碰撞.


******************** 刀路错误报告 ********************
错误741行,文件名:G682尝试后处理-777.NC.NC
X30.0245 Y25.2227 Z-7.225
错误:在 741 行:X30.0245 Y25.2227 Z-7.225,"Z"和"C"碰撞.


******************** 刀路错误报告 ********************
错误742行,文件名:G682尝试后处理-777.NC.NC
X29.728 Y26.6263 Z-7.3
错误:在 742 行:X29.728 Y26.6263 Z-7.3,"Z"和"A"碰撞.


******************** 刀路错误报告 ********************
错误742行,文件名:G682尝试后处理-777.NC.NC
X29.728 Y26.6263 Z-7.3
错误:在 742 行:X29.728 Y26.6263 Z-7.3,"Z"和"C"碰撞.


******************** 刀路错误报告 ********************
错误743行,文件名:G682尝试后处理-777.NC.NC
X29.0075 Y27.8668 Z-7.375
错误:在 743 行:X29.0075 Y27.8668 Z-7.375,"Z"和"A"碰撞.


******************** 刀路错误报告 ********************
错误743行,文件名:G682尝试后处理-777.NC.NC
X29.0075 Y27.8668 Z-7.375
错误:在 743 行:X29.0075 Y27.8668 Z-7.375,"Z"和"C"碰撞.


******************** 刀路错误报告 ********************
错误744行,文件名:G682尝试后处理-777.NC.NC
X27.9352 Y28.8198 Z-7.45
错误:在 744 行:X27.9352 Y28.8198 Z-7.45,"Z"和"A"碰撞.


******************** 刀路错误报告 ********************
错误744行,文件名:G682尝试后处理-777.NC.NC
X27.9352 Y28.8198 Z-7.45
错误:在 744 行:X27.9352 Y28.8198 Z-7.45,"Z"和"C"碰撞.


******************** 刀路错误报告 ********************
错误745行,文件名:G682尝试后处理-777.NC.NC
X26.6187 Y29.3897 Z-7.525
错误:在 745 行:X26.6187 Y29.3897 Z-7.525,"Z"和"A"碰撞.


******************** 刀路错误报告 ********************
错误745行,文件名:G682尝试后处理-777.NC.NC
X26.6187 Y29.3897 Z-7.525
错误:在 745 行:X26.6187 Y29.3897 Z-7.525,"Z"和"C"碰撞.


******************** 刀路错误报告 ********************
错误746行,文件名:G682尝试后处理-777.NC.NC
X25.19 Y29.5194 Z-7.6
错误:在 746 行:X25.19 Y29.5194 Z-7.6,"Z"和"A"碰撞.


******************** 刀路错误报告 ********************
错误746行,文件名:G682尝试后处理-777.NC.NC
X25.19 Y29.5194 Z-7.6
错误:在 746 行:X25.19 Y29.5194 Z-7.6,"Z"和"C"碰撞.


******************** 刀路错误报告 ********************
错误747行,文件名:G682尝试后处理-777.NC.NC
X23.7924 Y29.1958 Z-7.675
错误:在 747 行:X23.7924 Y29.1958 Z-7.675,"Z"和"A"碰撞.


******************** 刀路错误报告 ********************
错误747行,文件名:G682尝试后处理-777.NC.NC
X23.7924 Y29.1958 Z-7.675
错误:在 747 行:X23.7924 Y29.1958 Z-7.675,"Z"和"C"碰撞.


******************** 刀路错误报告 ********************
错误748行,文件名:G682尝试后处理-777.NC.NC
X22.5661 Y28.4515 Z-7.75
错误:在 748 行:X22.5661 Y28.4515 Z-7.75,"Z"和"A"碰撞.


******************** 刀路错误报告 ********************
错误748行,文件名:G682尝试后处理-777.NC.NC
X22.5661 Y28.4515 Z-7.75
错误:在 748 行:X22.5661 Y28.4515 Z-7.75,"Z"和"C"碰撞.


******************** 刀路错误报告 ********************
错误749行,文件名:G682尝试后处理-777.NC.NC
X21.634 Y27.3611 Z-7.825
错误:在 749 行:X21.634 Y27.3611 Z-7.825,"Z"和"A"碰撞.


******************** 刀路错误报告 ********************
错误749行,文件名:G682尝试后处理-777.NC.NC
X21.634 Y27.3611 Z-7.825
错误:在 749 行:X21.634 Y27.3611 Z-7.825,"Z"和"C"碰撞.


******************** 刀路错误报告 ********************
错误750行,文件名:G682尝试后处理-777.NC.NC
X21.0895 Y26.0338 Z-7.9
错误:在 750 行:X21.0895 Y26.0338 Z-7.9,"Z"和"A"碰撞.


******************** 刀路错误报告 ********************
错误750行,文件名:G682尝试后处理-777.NC.NC
X21.0895 Y26.0338 Z-7.9
错误:在 750 行:X21.0895 Y26.0338 Z-7.9,"Z"和"C"碰撞.


******************** 刀路错误报告 ********************
错误751行,文件名:G682尝试后处理-777.NC.NC
X20.9874 Y24.6029 Z-7.975
错误:在 751 行:X20.9874 Y24.6029 Z-7.975,"Z"和"A"碰撞.


******************** 刀路错误报告 ********************
错误751行,文件名:G682尝试后处理-777.NC.NC
X20.9874 Y24.6029 Z-7.975
错误:在 751 行:X20.9874 Y24.6029 Z-7.975,"Z"和"C"碰撞.


******************** 刀路错误报告 ********************
错误752行,文件名:G682尝试后处理-777.NC.NC
X21.3379 Y23.2118 Z-8.05
错误:在 752 行:X21.3379 Y23.2118 Z-8.05,"Z"和"A"碰撞.


******************** 刀路错误报告 ********************
错误752行,文件名:G682尝试后处理-777.NC.NC
X21.3379 Y23.2118 Z-8.05
错误:在 752 行:X21.3379 Y23.2118 Z-8.05,"Z"和"C"碰撞.


******************** 刀路错误报告 ********************
错误753行,文件名:G682尝试后处理-777.NC.NC
X22.1057 Y22. Z-8.125
错误:在 753 行:X22.1057 Y22. Z-8.125,"Z"和"A"碰撞.


******************** 刀路错误报告 ********************
错误753行,文件名:G682尝试后处理-777.NC.NC
X22.1057 Y22. Z-8.125
错误:在 753 行:X22.1057 Y22. Z-8.125,"Z"和"C"碰撞.


******************** 刀路错误报告 ********************
错误754行,文件名:G682尝试后处理-777.NC.NC
X23.214 Y21.0891 Z-8.2
错误:在 754 行:X23.214 Y21.0891 Z-8.2,"Z"和"A"碰撞.


******************** 刀路错误报告 ********************
错误754行,文件名:G682尝试后处理-777.NC.NC
X23.214 Y21.0891 Z-8.2
错误:在 754 行:X23.214 Y21.0891 Z-8.2,"Z"和"C"碰撞.


******************** 刀路错误报告 ********************
错误755行,文件名:G682尝试后处理-777.NC.NC
X24.5515 Y20.5704 Z-8.275
错误:在 755 行:X24.5515 Y20.5704 Z-8.275,"Z"和"A"碰撞.


******************** 刀路错误报告 ********************
错误755行,文件名:G682尝试后处理-777.NC.NC
X24.5515 Y20.5704 Z-8.275
错误:在 755 行:X24.5515 Y20.5704 Z-8.275,"Z"和"C"碰撞.


******************** 刀路错误报告 ********************
错误756行,文件名:G682尝试后处理-777.NC.NC
X25.9841 Y20.4959 Z-8.35
错误:在 756 行:X25.9841 Y20.4959 Z-8.35,"Z"和"A"碰撞.


******************** 刀路错误报告 ********************
错误756行,文件名:G682尝试后处理-777.NC.NC
X25.9841 Y20.4959 Z-8.35
错误:在 756 行:X25.9841 Y20.4959 Z-8.35,"Z"和"C"碰撞.


******************** 刀路错误报告 ********************
错误757行,文件名:G682尝试后处理-777.NC.NC
X27.3682 Y20.8732 Z-8.425
错误:在 757 行:X27.3682 Y20.8732 Z-8.425,"Z"和"A"碰撞.


******************** 刀路错误报告 ********************
错误757行,文件名:G682尝试后处理-777.NC.NC
X27.3682 Y20.8732 Z-8.425
错误:在 757 行:X27.3682 Y20.8732 Z-8.425,"Z"和"C"碰撞.


******************** 刀路错误报告 ********************
错误758行,文件名:G682尝试后处理-777.NC.NC
X28.5649 Y21.6643 Z-8.5
错误:在 758 行:X28.5649 Y21.6643 Z-8.5,"Z"和"A"碰撞.


******************** 刀路错误报告 ********************
错误758行,文件名:G682尝试后处理-777.NC.NC
X28.5649 Y21.6643 Z-8.5
错误:在 758 行:X28.5649 Y21.6643 Z-8.5,"Z"和"C"碰撞.


******************** 刀路错误报告 ********************
错误759行,文件名:G682尝试后处理-777.NC.NC
X29.4543 Y22.7899 Z-8.575
错误:在 759 行:X29.4543 Y22.7899 Z-8.575,"Z"和"A"碰撞.


******************** 刀路错误报告 ********************
错误759行,文件名:G682尝试后处理-777.NC.NC
X29.4543 Y22.7899 Z-8.575
错误:在 759 行:X29.4543 Y22.7899 Z-8.575,"Z"和"C"碰撞.


******************** 刀路错误报告 ********************
错误760行,文件名:G682尝试后处理-777.NC.NC
X29.9471 Y24.1371 Z-8.65
错误:在 760 行:X29.9471 Y24.1371 Z-8.65,"Z"和"A"碰撞.


******************** 刀路错误报告 ********************
错误760行,文件名:G682尝试后处理-777.NC.NC
X29.9471 Y24.1371 Z-8.65
错误:在 760 行:X29.9471 Y24.1371 Z-8.65,"Z"和"C"碰撞.


******************** 刀路错误报告 ********************
错误761行,文件名:G682尝试后处理-777.NC.NC
X29.9939 Y25.5709 Z-8.725
错误:在 761 行:X29.9939 Y25.5709 Z-8.725,"Z"和"A"碰撞.


******************** 刀路错误报告 ********************
错误761行,文件名:G682尝试后处理-777.NC.NC
X29.9939 Y25.5709 Z-8.725
错误:在 761 行:X29.9939 Y25.5709 Z-8.725,"Z"和"C"碰撞.


******************** 刀路错误报告 ********************
错误762行,文件名:G682尝试后处理-777.NC.NC
X29.59 Y26.9475 Z-8.8
错误:在 762 行:X29.59 Y26.9475 Z-8.8,"Z"和"A"碰撞.


******************** 刀路错误报告 ********************
错误762行,文件名:G682尝试后处理-777.NC.NC
X29.59 Y26.9475 Z-8.8
错误:在 762 行:X29.59 Y26.9475 Z-8.8,"Z"和"C"碰撞.


******************** 刀路错误报告 ********************
错误763行,文件名:G682尝试后处理-777.NC.NC
X28.776 Y28.1287 Z-8.875
错误:在 763 行:X28.776 Y28.1287 Z-8.875,"Z"和"A"碰撞.


******************** 刀路错误报告 ********************
错误763行,文件名:G682尝试后处理-777.NC.NC
X28.776 Y28.1287 Z-8.875
错误:在 763 行:X28.776 Y28.1287 Z-8.875,"Z"和"C"碰撞.


******************** 刀路错误报告 ********************
错误764行,文件名:G682尝试后处理-777.NC.NC
X27.6334 Y28.9962 Z-8.95
错误:在 764 行:X27.6334 Y28.9962 Z-8.95,"Z"和"A"碰撞.


******************** 刀路错误报告 ********************
错误764行,文件名:G682尝试后处理-777.NC.NC
X27.6334 Y28.9962 Z-8.95
错误:在 764 行:X27.6334 Y28.9962 Z-8.95,"Z"和"C"碰撞.


******************** 刀路错误报告 ********************
错误765行,文件名:G682尝试后处理-777.NC.NC
X26.2769 Y29.4629 Z-9.025
错误:在 765 行:X26.2769 Y29.4629 Z-9.025,"Z"和"A"碰撞.


******************** 刀路错误报告 ********************
错误765行,文件名:G682尝试后处理-777.NC.NC
X26.2769 Y29.4629 Z-9.025
错误:在 765 行:X26.2769 Y29.4629 Z-9.025,"Z"和"C"碰撞.


******************** 刀路错误报告 ********************
错误766行,文件名:G682尝试后处理-777.NC.NC
X24.8424 Y29.482 Z-9.1
错误:在 766 行:X24.8424 Y29.482 Z-9.1,"Z"和"A"碰撞.


******************** 刀路错误报告 ********************
错误766行,文件名:G682尝试后处理-777.NC.NC
X24.8424 Y29.482 Z-9.1
错误:在 766 行:X24.8424 Y29.482 Z-9.1,"Z"和"C"碰撞.


******************** 刀路错误报告 ********************
错误767行,文件名:G682尝试后处理-777.NC.NC
X23.474 Y29.0517 Z-9.175
错误:在 767 行:X23.474 Y29.0517 Z-9.175,"Z"和"A"碰撞.


******************** 刀路错误报告 ********************
错误767行,文件名:G682尝试后处理-777.NC.NC
X23.474 Y29.0517 Z-9.175
错误:在 767 行:X23.474 Y29.0517 Z-9.175,"Z"和"C"碰撞.


******************** 刀路错误报告 ********************
错误768行,文件名:G682尝试后处理-777.NC.NC
X22.3086 Y28.215 Z-9.25
错误:在 768 行:X22.3086 Y28.215 Z-9.25,"Z"和"A"碰撞.


******************** 刀路错误报告 ********************
错误768行,文件名:G682尝试后处理-777.NC.NC
X22.3086 Y28.215 Z-9.25
错误:在 768 行:X22.3086 Y28.215 Z-9.25,"Z"和"C"碰撞.


******************** 刀路错误报告 ********************
错误769行,文件名:G682尝试后处理-777.NC.NC
X21.4634 Y27.0559 Z-9.325
错误:在 769 行:X21.4634 Y27.0559 Z-9.325,"Z"和"A"碰撞.


******************** 刀路错误报告 ********************
错误769行,文件名:G682尝试后处理-777.NC.NC
X21.4634 Y27.0559 Z-9.325
错误:在 769 行:X21.4634 Y27.0559 Z-9.325,"Z"和"C"碰撞.


******************** 刀路错误报告 ********************
错误770行,文件名:G682尝试后处理-777.NC.NC
X21.023 Y25.6906 Z-9.4
错误:在 770 行:X21.023 Y25.6906 Z-9.4,"Z"和"A"碰撞.


******************** 刀路错误报告 ********************
错误770行,文件名:G682尝试后处理-777.NC.NC
X21.023 Y25.6906 Z-9.4
错误:在 770 行:X21.023 Y25.6906 Z-9.4,"Z"和"C"碰撞.


******************** 刀路错误报告 ********************
错误771行,文件名:G682尝试后处理-777.NC.NC
X21.0315 Y24.2561 Z-9.475
错误:在 771 行:X21.0315 Y24.2561 Z-9.475,"Z"和"A"碰撞.


******************** 刀路错误报告 ********************
错误771行,文件名:G682尝试后处理-777.NC.NC
X21.0315 Y24.2561 Z-9.475
错误:在 771 行:X21.0315 Y24.2561 Z-9.475,"Z"和"C"碰撞.


******************** 刀路错误报告 ********************
错误772行,文件名:G682尝试后处理-777.NC.NC
X21.4882 Y22.8961 Z-9.55
错误:在 772 行:X21.4882 Y22.8961 Z-9.55,"Z"和"A"碰撞.


******************** 刀路错误报告 ********************
错误772行,文件名:G682尝试后处理-777.NC.NC
X21.4882 Y22.8961 Z-9.55
错误:在 772 行:X21.4882 Y22.8961 Z-9.55,"Z"和"C"碰撞.


******************** 刀路错误报告 ********************
错误773行,文件名:G682尝试后处理-777.NC.NC
X22.3472 Y21.7472 Z-9.625
错误:在 773 行:X22.3472 Y21.7472 Z-9.625,"Z"和"A"碰撞.


******************** 刀路错误报告 ********************
错误773行,文件名:G682尝试后处理-777.NC.NC
X22.3472 Y21.7472 Z-9.625
错误:在 773 行:X22.3472 Y21.7472 Z-9.625,"Z"和"C"碰撞.


******************** 刀路错误报告 ********************
错误774行,文件名:G682尝试后处理-777.NC.NC
X23.5224 Y20.9245 Z-9.7
错误:在 774 行:X23.5224 Y20.9245 Z-9.7,"Z"和"A"碰撞.


******************** 刀路错误报告 ********************
错误774行,文件名:G682尝试后处理-777.NC.NC
X23.5224 Y20.9245 Z-9.7
错误:在 774 行:X23.5224 Y20.9245 Z-9.7,"Z"和"C"碰撞.


******************** 刀路错误报告 ********************
错误775行,文件名:G682尝试后处理-777.NC.NC
X24.8959 Y20.5105 Z-9.775
错误:在 775 行:X24.8959 Y20.5105 Z-9.775,"Z"和"A"碰撞.


******************** 刀路错误报告 ********************
错误775行,文件名:G682尝试后处理-777.NC.NC
X24.8959 Y20.5105 Z-9.775
错误:在 775 行:X24.8959 Y20.5105 Z-9.775,"Z"和"C"碰撞.


******************** 刀路错误报告 ********************
错误776行,文件名:G682尝试后处理-777.NC.NC
X26.33 Y20.5467 Z-9.85
错误:在 776 行:X26.33 Y20.5467 Z-9.85,"Z"和"A"碰撞.


******************** 刀路错误报告 ********************
错误776行,文件名:G682尝试后处理-777.NC.NC
X26.33 Y20.5467 Z-9.85
错误:在 776 行:X26.33 Y20.5467 Z-9.85,"Z"和"C"碰撞.


******************** 刀路错误报告 ********************
错误777行,文件名:G682尝试后处理-777.NC.NC
X27.6809 Y21.0295 Z-9.925
错误:在 777 行:X27.6809 Y21.0295 Z-9.925,"Z"和"A"碰撞.


******************** 刀路错误报告 ********************
错误777行,文件名:G682尝试后处理-777.NC.NC
X27.6809 Y21.0295 Z-9.925
错误:在 777 行:X27.6809 Y21.0295 Z-9.925,"Z"和"C"碰撞.


******************** 刀路错误报告 ********************
错误778行,文件名:G682尝试后处理-777.NC.NC
X28.7911 Y21.931 Z-10.
错误:在 778 行:X28.7911 Y21.931 Z-10.,"Z"和"A"碰撞.


******************** 刀路错误报告 ********************
错误778行,文件名:G682尝试后处理-777.NC.NC
X28.7911 Y21.931 Z-10.
错误:在 778 行:X28.7911 Y21.931 Z-10.,"Z"和"C"碰撞.


******************** 刀路错误报告 ********************
错误779行,文件名:G682尝试后处理-777.NC.NC
X39.6898 Y33.6184
错误:在 779 行:X39.6898 Y33.6184,"Z"和"A"碰撞.


******************** 刀路错误报告 ********************
错误779行,文件名:G682尝试后处理-777.NC.NC
X39.6898 Y33.6184
错误:在 779 行:X39.6898 Y33.6184,"Z"和"C"碰撞.


******************** 刀路错误报告 ********************
错误780行,文件名:G682尝试后处理-777.NC.NC
X33.839 Y39.0744
错误:在 780 行:X33.839 Y39.0744,"Z"和"A"碰撞.


******************** 刀路错误报告 ********************
错误780行,文件名:G682尝试后处理-777.NC.NC
X33.839 Y39.0744
错误:在 780 行:X33.839 Y39.0744,"Z"和"C"碰撞.


******************** 刀路错误报告 ********************
错误781行,文件名:G682尝试后处理-777.NC.NC
G03 X33.157Y39.3431 Z-10. R1.
错误:在 781 行:G03 X33.157Y39.3431 Z-10. R1.,"Z"和"A"碰撞.


******************** 刀路错误报告 ********************
错误781行,文件名:G682尝试后处理-777.NC.NC
G03 X33.157Y39.3431 Z-10. R1.
错误:在 781 行:G03 X33.157Y39.3431 Z-10. R1.,"Z"和"C"碰撞.


******************** 刀路错误报告 ********************
错误782行,文件名:G682尝试后处理-777.NC.NC
G03 X32.4256Y39.0251 Z-10. R1.
错误:在 782 行:G03 X32.4256Y39.0251 Z-10. R1.,"Z"和"A"碰撞.


******************** 刀路错误报告 ********************
错误782行,文件名:G682尝试后处理-777.NC.NC
G03 X32.4256Y39.0251 Z-10. R1.
错误:在 782 行:G03 X32.4256Y39.0251 Z-10. R1.,"Z"和"C"碰撞.


******************** 刀路错误报告 ********************
错误783行,文件名:G682尝试后处理-777.NC.NC
G01 X11.9922 Y17.1129
错误:在 783 行:G01 X11.9922 Y17.1129,"Z"和"A"碰撞.


******************** 刀路错误报告 ********************
错误783行,文件名:G682尝试后处理-777.NC.NC
G01 X11.9922 Y17.1129
错误:在 783 行:G01 X11.9922 Y17.1129,"Z"和"C"碰撞.


******************** 刀路错误报告 ********************
错误784行,文件名:G682尝试后处理-777.NC.NC
G03 X11.7236Y16.4309 Z-10. R1.
错误:在 784 行:G03 X11.7236Y16.4309 Z-10. R1.,"Z"和"A"碰撞.


******************** 刀路错误报告 ********************
错误784行,文件名:G682尝试后处理-777.NC.NC
G03 X11.7236Y16.4309 Z-10. R1.
错误:在 784 行:G03 X11.7236Y16.4309 Z-10. R1.,"Z"和"C"碰撞.


******************** 刀路错误报告 ********************
错误785行,文件名:G682尝试后处理-777.NC.NC
G03 X12.0416Y15.6996 Z-10. R1.
错误:在 785 行:G03 X12.0416Y15.6996 Z-10. R1.,"Z"和"A"碰撞.


******************** 刀路错误报告 ********************
错误785行,文件名:G682尝试后处理-777.NC.NC
G03 X12.0416Y15.6996 Z-10. R1.
错误:在 785 行:G03 X12.0416Y15.6996 Z-10. R1.,"Z"和"C"碰撞.


******************** 刀路错误报告 ********************
错误786行,文件名:G682尝试后处理-777.NC.NC
G01 X17.8924 Y10.2436
错误:在 786 行:G01 X17.8924 Y10.2436,"Z"和"A"碰撞.


******************** 刀路错误报告 ********************
错误786行,文件名:G682尝试后处理-777.NC.NC
G01 X17.8924 Y10.2436
错误:在 786 行:G01 X17.8924 Y10.2436,"Z"和"C"碰撞.


******************** 刀路错误报告 ********************
错误787行,文件名:G682尝试后处理-777.NC.NC
X28.7911 Y21.931
错误:在 787 行:X28.7911 Y21.931,"Z"和"A"碰撞.


******************** 刀路错误报告 ********************
错误787行,文件名:G682尝试后处理-777.NC.NC
X28.7911 Y21.931
错误:在 787 行:X28.7911 Y21.931,"Z"和"C"碰撞.


******************** 刀路错误报告 ********************
错误788行,文件名:G682尝试后处理-777.NC.NC
X25.1343 Y25.341
错误:在 788 行:X25.1343 Y25.341,"Z"和"A"碰撞.


******************** 刀路错误报告 ********************
错误788行,文件名:G682尝试后处理-777.NC.NC
X25.1343 Y25.341
错误:在 788 行:X25.1343 Y25.341,"Z"和"C"碰撞.


******************** 刀路错误报告 ********************
错误789行,文件名:G682尝试后处理-777.NC.NC
Z-7.
错误:在 789 行:Z-7.,"Z"和"A"碰撞.


******************** 刀路错误报告 ********************
错误789行,文件名:G682尝试后处理-777.NC.NC
Z-7.
错误:在 789 行:Z-7.,"Z"和"C"碰撞.


******************** 刀路错误报告 ********************
错误790行,文件名:G682尝试后处理-777.NC.NC
G00 Z10.
错误:在 790 行:G00 Z10.,"Z"和"A"碰撞.


******************** 刀路错误报告 ********************
错误790行,文件名:G682尝试后处理-777.NC.NC
G00 Z10.
错误:在 790 行:G00 Z10.,"Z"和"C"碰撞.


******************** 刀路警告报告 ********************
警告:在793行
M13
警告:M 13不支持


******************** 刀路错误报告 ********************
错误794行,文件名:G682尝试后处理-777.NC.NC
G91 G28 Z0.0
错误:在 794 行:G91 G28 Z0.0,"Z"和"A"碰撞.


******************** 刀路错误报告 ********************
错误794行,文件名:G682尝试后处理-777.NC.NC
G91 G28 Z0.0
错误:在 794 行:G91 G28 Z0.0,"Z"和"C"碰撞.


******************** 刀路警告报告 ********************
警告:在802行
M12
警告:M 12不支持


******************** 刀路错误报告 ********************
错误817行,文件名:G682尝试后处理-777.NC.NC
X12.0711
错误:组件 "Tool"的刀具 "1" 的刀杆超出允许的碰撞间隙 0.05 与 "Stock" 在(817)行X12.0711


******************** 刀路错误报告 ********************
错误825行,文件名:G682尝试后处理-777.NC.NC
X12.0711
错误:组件 "Tool"的刀具 "1" 的刀杆超出允许的碰撞间隙 0.05 与 "Stock" 在(825)行X12.0711


******************** 刀路警告报告 ********************
警告:在831行
M13
警告:M 13不支持


******************** 刀路警告报告 ********************
警告:在838行
M12
警告:M 12不支持


*** 结束数据处理数控程序文件C:\Users\Administrator\Desktop\G682尝试后处理-777.NC.NC
Wed Apr  1 21:54:59 2020

***************************************************************************************************************
刀路文件 : C:\Users\Administrator\Desktop\G682尝试后处理-777.NC.NC

                                  刀具摘要
                                 ==============

Seq.  记录        刀具描述  刀具高度  刀具夹长  时间      空刀时间  空刀时间 %
---------------------------------------------------------------------------------------------------------------
   1    16: T1 M06  1: D25 EM     100           57            0:01:45     0:01:19       75%           
===============================================================================================================
      总时间:                                              0:01:45     0:01:19       75%           

错误数: 1293
警告数: 10
从最近的倒回总的循环时间: 0:01:50
从最近的倒回总空刀时间: 0:01:23 (76)%
***************************************************************************************************************


*** 处理数控程序文件C:\Users\Administrator\Desktop\G682尝试后处理-777.NC.NC
Wed Apr  1 22:15:16 2020



******************** 刀路警告报告 ********************
警告:在11行
M13
警告:M 13不支持


******************** 刀路警告报告 ********************
警告:在23行
M12
警告:M 12不支持


*** 处理数控程序文件C:\Users\Administrator\Desktop\G682尝试后处理-777.NC.NC
Wed Apr  1 22:17:07 2020



******************** 刀路警告报告 ********************
警告:在11行
M13
警告:M 13不支持


******************** 刀路警告报告 ********************
警告:在23行
M12
警告:M 12不支持


******************** 刀路警告报告 ********************
警告:在173行
M13
警告:M 13不支持


******************** 刀路警告报告 ********************
警告:在182行
M12
警告:M 12不支持


******************** 刀路错误报告 ********************
错误184行,文件名:G682尝试后处理-777.NC.NC
G00 G43 Z15. H01
错误:在 184 行:G00 G43 Z15. H01,"Z"和"C"碰撞.


******************** 刀路错误报告 ********************
错误184行,文件名:G682尝试后处理-777.NC.NC
G00 G43 Z15. H01
错误:在 184 行:G00 G43 Z15. H01,"Z"和"A"碰撞.


******************** 刀路错误报告 ********************
错误184行,文件名:G682尝试后处理-777.NC.NC
G00 G43 Z15. H01
错误:在 184 行:G00 G43 Z15. H01,组件"Tool"上的刀具"1"快速进给去除材料,去除体积390.3442
当前刀具1: D25 EM, Line# 16, 记录: T1 M06


******************** 刀路错误报告 ********************
错误186行,文件名:G682尝试后处理-777.NC.NC
Z7.
错误:在 186 行:Z7.,"Z"和"A"碰撞.


******************** 刀路错误报告 ********************
错误186行,文件名:G682尝试后处理-777.NC.NC
Z7.
错误:在 186 行:Z7.,"Z"和"C"碰撞.


******************** 刀路错误报告 ********************
错误186行,文件名:G682尝试后处理-777.NC.NC
Z7.
错误:在 186 行:Z7.,组件"Tool"上的刀具"1"快速进给去除材料,去除体积641.8923
当前刀具1: D25 EM, Line# 16, 记录: T1 M06


******************** 刀路错误报告 ********************
错误186行,文件名:G682尝试后处理-777.NC.NC
Z7.
错误:在 186 行:Z7.,组件"Tool"上刀具"1"的刀柄"Holder2"与"Fixture"碰撞


******************** 刀路错误报告 ********************
错误187行,文件名:G682尝试后处理-777.NC.NC
G01 X30.8822 Y-28.4687 Z6.9333 F5000.
错误:组件 "Tool"的刀具 "1" 的刀杆超出允许的碰撞间隙 0.05 与 "Stock" 在(187)行G01 X30.8822 Y-28.4687 Z6.9333 F5000.


******************** 刀路错误报告 ********************
错误187行,文件名:G682尝试后处理-777.NC.NC
G01 X30.8822 Y-28.4687 Z6.9333 F5000.
错误:在 187 行:G01 X30.8822 Y-28.4687 Z6.9333 F5000.,组件"Tool"上刀具"1"的刀柄"Holder2"与"Fixture"碰撞


******************** 刀路错误报告 ********************
错误187行,文件名:G682尝试后处理-777.NC.NC
G01 X30.8822 Y-28.4687 Z6.9333 F5000.
错误:在 187 行:G01 X30.8822 Y-28.4687 Z6.9333 F5000.,"Z"和"A"碰撞.


******************** 刀路错误报告 ********************
错误187行,文件名:G682尝试后处理-777.NC.NC
G01 X30.8822 Y-28.4687 Z6.9333 F5000.
错误:在 187 行:G01 X30.8822 Y-28.4687 Z6.9333 F5000.,"Z"和"C"碰撞.


******************** 刀路错误报告 ********************
错误188行,文件名:G682尝试后处理-777.NC.NC
X31.1435 Y-27.2196 Z6.8667
错误:组件 "Tool"的刀具 "1" 的刀杆超出允许的碰撞间隙 0.05 与 "Stock" 在(188)行X31.1435 Y-27.2196 Z6.8667


******************** 刀路错误报告 ********************
错误188行,文件名:G682尝试后处理-777.NC.NC
X31.1435 Y-27.2196 Z6.8667
错误:在 188 行:X31.1435 Y-27.2196 Z6.8667,组件"Tool"上刀具"1"的刀柄"Holder2"与"Fixture"碰撞


******************** 刀路错误报告 ********************
错误188行,文件名:G682尝试后处理-777.NC.NC
X31.1435 Y-27.2196 Z6.8667
错误:在 188 行:X31.1435 Y-27.2196 Z6.8667,"Z"和"A"碰撞.


******************** 刀路错误报告 ********************
错误188行,文件名:G682尝试后处理-777.NC.NC
X31.1435 Y-27.2196 Z6.8667
错误:在 188 行:X31.1435 Y-27.2196 Z6.8667,"Z"和"C"碰撞.


******************** 刀路错误报告 ********************
错误189行,文件名:G682尝试后处理-777.NC.NC
X30.9685 Y-25.9556 Z6.8
错误:组件 "Tool"的刀具 "1" 的刀杆超出允许的碰撞间隙 0.05 与 "Stock" 在(189)行X30.9685 Y-25.9556 Z6.8


******************** 刀路错误报告 ********************
错误189行,文件名:G682尝试后处理-777.NC.NC
X30.9685 Y-25.9556 Z6.8
错误:在 189 行:X30.9685 Y-25.9556 Z6.8,组件"Tool"上刀具"1"的刀柄"Holder2"与"Fixture"碰撞


******************** 刀路错误报告 ********************
错误189行,文件名:G682尝试后处理-777.NC.NC
X30.9685 Y-25.9556 Z6.8
错误:在 189 行:X30.9685 Y-25.9556 Z6.8,"Z"和"A"碰撞.


******************** 刀路错误报告 ********************
错误189行,文件名:G682尝试后处理-777.NC.NC
X30.9685 Y-25.9556 Z6.8
错误:在 189 行:X30.9685 Y-25.9556 Z6.8,"Z"和"C"碰撞.


******************** 刀路错误报告 ********************
错误190行,文件名:G682尝试后处理-777.NC.NC
X30.3777 Y-24.8246 Z6.7333
错误:组件 "Tool"的刀具 "1" 的刀杆超出允许的碰撞间隙 0.05 与 "Stock" 在(190)行X30.3777 Y-24.8246 Z6.7333


******************** 刀路错误报告 ********************
错误190行,文件名:G682尝试后处理-777.NC.NC
X30.3777 Y-24.8246 Z6.7333
错误:在 190 行:X30.3777 Y-24.8246 Z6.7333,组件"Tool"上刀具"1"的刀柄"Holder2"与"Fixture"碰撞


******************** 刀路错误报告 ********************
错误190行,文件名:G682尝试后处理-777.NC.NC
X30.3777 Y-24.8246 Z6.7333
错误:在 190 行:X30.3777 Y-24.8246 Z6.7333,"Z"和"A"碰撞.


******************** 刀路错误报告 ********************
错误190行,文件名:G682尝试后处理-777.NC.NC
X30.3777 Y-24.8246 Z6.7333
错误:在 190 行:X30.3777 Y-24.8246 Z6.7333,"Z"和"C"碰撞.


******************** 刀路错误报告 ********************
错误191行,文件名:G682尝试后处理-777.NC.NC
X29.4402 Y-23.9588 Z6.6667
错误:组件 "Tool"的刀具 "1" 的刀杆超出允许的碰撞间隙 0.05 与 "Stock" 在(191)行X29.4402 Y-23.9588 Z6.6667


******************** 刀路错误报告 ********************
错误191行,文件名:G682尝试后处理-777.NC.NC
X29.4402 Y-23.9588 Z6.6667
错误:在 191 行:X29.4402 Y-23.9588 Z6.6667,组件"Tool"上刀具"1"的刀柄"Holder2"与"Fixture"碰撞


******************** 刀路错误报告 ********************
错误191行,文件名:G682尝试后处理-777.NC.NC
X29.4402 Y-23.9588 Z6.6667
错误:在 191 行:X29.4402 Y-23.9588 Z6.6667,"Z"和"A"碰撞.


******************** 刀路错误报告 ********************
错误191行,文件名:G682尝试后处理-777.NC.NC
X29.4402 Y-23.9588 Z6.6667
错误:在 191 行:X29.4402 Y-23.9588 Z6.6667,"Z"和"C"碰撞.


******************** 刀路错误报告 ********************
错误192行,文件名:G682尝试后处理-777.NC.NC
X28.2657 Y-23.4598 Z6.6
错误:组件 "Tool"的刀具 "1" 的刀杆超出允许的碰撞间隙 0.05 与 "Stock" 在(192)行X28.2657 Y-23.4598 Z6.6


******************** 刀路错误报告 ********************
错误192行,文件名:G682尝试后处理-777.NC.NC
X28.2657 Y-23.4598 Z6.6
错误:在 192 行:X28.2657 Y-23.4598 Z6.6,组件"Tool"上刀具"1"的刀柄"Holder2"与"Fixture"碰撞


******************** 刀路错误报告 ********************
错误192行,文件名:G682尝试后处理-777.NC.NC
X28.2657 Y-23.4598 Z6.6
错误:在 192 行:X28.2657 Y-23.4598 Z6.6,"Z"和"A"碰撞.


******************** 刀路错误报告 ********************
错误192行,文件名:G682尝试后处理-777.NC.NC
X28.2657 Y-23.4598 Z6.6
错误:在 192 行:X28.2657 Y-23.4598 Z6.6,"Z"和"C"碰撞.


******************** 刀路错误报告 ********************
错误193行,文件名:G682尝试后处理-777.NC.NC
X26.9918 Y-23.3858 Z6.5333
错误:组件 "Tool"的刀具 "1" 的刀杆超出允许的碰撞间隙 0.05 与 "Stock" 在(193)行X26.9918 Y-23.3858 Z6.5333


******************** 刀路错误报告 ********************
错误193行,文件名:G682尝试后处理-777.NC.NC
X26.9918 Y-23.3858 Z6.5333
错误:在 193 行:X26.9918 Y-23.3858 Z6.5333,组件"Tool"上刀具"1"的刀柄"Holder2"与"Fixture"碰撞


******************** 刀路错误报告 ********************
错误193行,文件名:G682尝试后处理-777.NC.NC
X26.9918 Y-23.3858 Z6.5333
错误:在 193 行:X26.9918 Y-23.3858 Z6.5333,"Z"和"A"碰撞.


******************** 刀路错误报告 ********************
错误193行,文件名:G682尝试后处理-777.NC.NC
X26.9918 Y-23.3858 Z6.5333
错误:在 193 行:X26.9918 Y-23.3858 Z6.5333,"Z"和"C"碰撞.


******************** 刀路错误报告 ********************
错误194行,文件名:G682尝试后处理-777.NC.NC
X25.7674 Y-23.7456 Z6.4667
错误:组件 "Tool"的刀具 "1" 的刀杆超出允许的碰撞间隙 0.05 与 "Stock" 在(194)行X25.7674 Y-23.7456 Z6.4667


******************** 刀路错误报告 ********************
错误194行,文件名:G682尝试后处理-777.NC.NC
X25.7674 Y-23.7456 Z6.4667
错误:在 194 行:X25.7674 Y-23.7456 Z6.4667,组件"Tool"上刀具"1"的刀柄"Holder2"与"Fixture"碰撞


******************** 刀路错误报告 ********************
错误194行,文件名:G682尝试后处理-777.NC.NC
X25.7674 Y-23.7456 Z6.4667
错误:在 194 行:X25.7674 Y-23.7456 Z6.4667,"Z"和"A"碰撞.


******************** 刀路错误报告 ********************
错误194行,文件名:G682尝试后处理-777.NC.NC
X25.7674 Y-23.7456 Z6.4667
错误:在 194 行:X25.7674 Y-23.7456 Z6.4667,"Z"和"C"碰撞.


******************** 刀路错误报告 ********************
错误195行,文件名:G682尝试后处理-777.NC.NC
X24.736 Y-24.497 Z6.4
错误:组件 "Tool"的刀具 "1" 的刀杆超出允许的碰撞间隙 0.05 与 "Stock" 在(195)行X24.736 Y-24.497 Z6.4


******************** 刀路错误报告 ********************
错误195行,文件名:G682尝试后处理-777.NC.NC
X24.736 Y-24.497 Z6.4
错误:在 195 行:X24.736 Y-24.497 Z6.4,组件"Tool"上刀具"1"的刀柄"Holder2"与"Fixture"碰撞


******************** 刀路错误报告 ********************
错误195行,文件名:G682尝试后处理-777.NC.NC
X24.736 Y-24.497 Z6.4
错误:在 195 行:X24.736 Y-24.497 Z6.4,"Z"和"A"碰撞.


******************** 刀路错误报告 ********************
错误195行,文件名:G682尝试后处理-777.NC.NC
X24.736 Y-24.497 Z6.4
错误:在 195 行:X24.736 Y-24.497 Z6.4,"Z"和"C"碰撞.


******************** 刀路错误报告 ********************
错误196行,文件名:G682尝试后处理-777.NC.NC
X24.0183 Y-25.5521 Z6.3333
错误:组件 "Tool"的刀具 "1" 的刀杆超出允许的碰撞间隙 0.05 与 "Stock" 在(196)行X24.0183 Y-25.5521 Z6.3333


******************** 刀路错误报告 ********************
错误196行,文件名:G682尝试后处理-777.NC.NC
X24.0183 Y-25.5521 Z6.3333
错误:在 196 行:X24.0183 Y-25.5521 Z6.3333,组件"Tool"上刀具"1"的刀柄"Holder2"与"Fixture"碰撞


******************** 刀路错误报告 ********************
错误196行,文件名:G682尝试后处理-777.NC.NC
X24.0183 Y-25.5521 Z6.3333
错误:在 196 行:X24.0183 Y-25.5521 Z6.3333,"Z"和"A"碰撞.


******************** 刀路错误报告 ********************
错误196行,文件名:G682尝试后处理-777.NC.NC
X24.0183 Y-25.5521 Z6.3333
错误:在 196 行:X24.0183 Y-25.5521 Z6.3333,"Z"和"C"碰撞.


******************** 刀路错误报告 ********************
错误197行,文件名:G682尝试后处理-777.NC.NC
X23.6982 Y-26.7874 Z6.2667
错误:组件 "Tool"的刀具 "1" 的刀杆超出允许的碰撞间隙 0.05 与 "Stock" 在(197)行X23.6982 Y-26.7874 Z6.2667


******************** 刀路错误报告 ********************
错误197行,文件名:G682尝试后处理-777.NC.NC
X23.6982 Y-26.7874 Z6.2667
错误:在 197 行:X23.6982 Y-26.7874 Z6.2667,组件"Tool"上刀具"1"的刀柄"Holder2"与"Fixture"碰撞


******************** 刀路错误报告 ********************
错误197行,文件名:G682尝试后处理-777.NC.NC
X23.6982 Y-26.7874 Z6.2667
错误:在 197 行:X23.6982 Y-26.7874 Z6.2667,"Z"和"A"碰撞.


******************** 刀路错误报告 ********************
错误197行,文件名:G682尝试后处理-777.NC.NC
X23.6982 Y-26.7874 Z6.2667
错误:在 197 行:X23.6982 Y-26.7874 Z6.2667,"Z"和"C"碰撞.


******************** 刀路错误报告 ********************
错误198行,文件名:G682尝试后处理-777.NC.NC
X23.8132 Y-28.0583 Z6.2
错误:组件 "Tool"的刀具 "1" 的刀杆超出允许的碰撞间隙 0.05 与 "Stock" 在(198)行X23.8132 Y-28.0583 Z6.2


******************** 刀路错误报告 ********************
错误198行,文件名:G682尝试后处理-777.NC.NC
X23.8132 Y-28.0583 Z6.2
错误:在 198 行:X23.8132 Y-28.0583 Z6.2,组件"Tool"上刀具"1"的刀柄"Holder2"与"Fixture"碰撞


******************** 刀路错误报告 ********************
错误198行,文件名:G682尝试后处理-777.NC.NC
X23.8132 Y-28.0583 Z6.2
错误:在 198 行:X23.8132 Y-28.0583 Z6.2,"Z"和"A"碰撞.


******************** 刀路错误报告 ********************
错误198行,文件名:G682尝试后处理-777.NC.NC
X23.8132 Y-28.0583 Z6.2
错误:在 198 行:X23.8132 Y-28.0583 Z6.2,"Z"和"C"碰撞.


******************** 刀路错误报告 ********************
错误199行,文件名:G682尝试后处理-777.NC.NC
X24.3498 Y-29.2161 Z6.1333
错误:组件 "Tool"的刀具 "1" 的刀杆超出允许的碰撞间隙 0.05 与 "Stock" 在(199)行X24.3498 Y-29.2161 Z6.1333


******************** 刀路错误报告 ********************
错误199行,文件名:G682尝试后处理-777.NC.NC
X24.3498 Y-29.2161 Z6.1333
错误:在 199 行:X24.3498 Y-29.2161 Z6.1333,组件"Tool"上刀具"1"的刀柄"Holder2"与"Fixture"碰撞


******************** 刀路错误报告 ********************
错误199行,文件名:G682尝试后处理-777.NC.NC
X24.3498 Y-29.2161 Z6.1333
错误:在 199 行:X24.3498 Y-29.2161 Z6.1333,"Z"和"A"碰撞.


******************** 刀路错误报告 ********************
错误199行,文件名:G682尝试后处理-777.NC.NC
X24.3498 Y-29.2161 Z6.1333
错误:在 199 行:X24.3498 Y-29.2161 Z6.1333,"Z"和"C"碰撞.


******************** 刀路错误报告 ********************
错误200行,文件名:G682尝试后处理-777.NC.NC
X25.2453 Y-30.1252 Z6.0667
错误:组件 "Tool"的刀具 "1" 的刀杆超出允许的碰撞间隙 0.05 与 "Stock" 在(200)行X25.2453 Y-30.1252 Z6.0667


******************** 刀路错误报告 ********************
错误200行,文件名:G682尝试后处理-777.NC.NC
X25.2453 Y-30.1252 Z6.0667
错误:在 200 行:X25.2453 Y-30.1252 Z6.0667,组件"Tool"上刀具"1"的刀柄"Holder2"与"Fixture"碰撞


******************** 刀路错误报告 ********************
错误200行,文件名:G682尝试后处理-777.NC.NC
X25.2453 Y-30.1252 Z6.0667
错误:在 200 行:X25.2453 Y-30.1252 Z6.0667,"Z"和"A"碰撞.


******************** 刀路错误报告 ********************
错误200行,文件名:G682尝试后处理-777.NC.NC
X25.2453 Y-30.1252 Z6.0667
错误:在 200 行:X25.2453 Y-30.1252 Z6.0667,"Z"和"C"碰撞.


******************** 刀路错误报告 ********************
错误201行,文件名:G682尝试后处理-777.NC.NC
X26.3948 Y-30.6792 Z6.
错误:组件 "Tool"的刀具 "1" 的刀杆超出允许的碰撞间隙 0.05 与 "Stock" 在(201)行X26.3948 Y-30.6792 Z6.


******************** 刀路错误报告 ********************
错误201行,文件名:G682尝试后处理-777.NC.NC
X26.3948 Y-30.6792 Z6.
错误:在 201 行:X26.3948 Y-30.6792 Z6.,组件"Tool"上刀具"1"的刀柄"Holder2"与"Fixture"碰撞


******************** 刀路错误报告 ********************
错误201行,文件名:G682尝试后处理-777.NC.NC
X26.3948 Y-30.6792 Z6.
错误:在 201 行:X26.3948 Y-30.6792 Z6.,"Z"和"A"碰撞.


******************** 刀路错误报告 ********************
错误201行,文件名:G682尝试后处理-777.NC.NC
X26.3948 Y-30.6792 Z6.
错误:在 201 行:X26.3948 Y-30.6792 Z6.,"Z"和"C"碰撞.


******************** 刀路错误报告 ********************
错误202行,文件名:G682尝试后处理-777.NC.NC
X27.6638 Y-30.8134 Z5.9333
错误:组件 "Tool"的刀具 "1" 的刀杆超出允许的碰撞间隙 0.05 与 "Stock" 在(202)行X27.6638 Y-30.8134 Z5.9333


******************** 刀路错误报告 ********************
错误202行,文件名:G682尝试后处理-777.NC.NC
X27.6638 Y-30.8134 Z5.9333
错误:在 202 行:X27.6638 Y-30.8134 Z5.9333,组件"Tool"上刀具"1"的刀柄"Holder2"与"Fixture"碰撞


******************** 刀路错误报告 ********************
错误202行,文件名:G682尝试后处理-777.NC.NC
X27.6638 Y-30.8134 Z5.9333
错误:在 202 行:X27.6638 Y-30.8134 Z5.9333,"Z"和"A"碰撞.


******************** 刀路错误报告 ********************
错误202行,文件名:G682尝试后处理-777.NC.NC
X27.6638 Y-30.8134 Z5.9333
错误:在 202 行:X27.6638 Y-30.8134 Z5.9333,"Z"和"C"碰撞.


******************** 刀路错误报告 ********************
错误203行,文件名:G682尝试后处理-777.NC.NC
X28.9038 Y-30.512 Z5.8667
错误:组件 "Tool"的刀具 "1" 的刀杆超出允许的碰撞间隙 0.05 与 "Stock" 在(203)行X28.9038 Y-30.512 Z5.8667


******************** 刀路错误报告 ********************
错误203行,文件名:G682尝试后处理-777.NC.NC
X28.9038 Y-30.512 Z5.8667
错误:在 203 行:X28.9038 Y-30.512 Z5.8667,组件"Tool"上刀具"1"的刀柄"Holder2"与"Fixture"碰撞


******************** 刀路错误报告 ********************
错误203行,文件名:G682尝试后处理-777.NC.NC
X28.9038 Y-30.512 Z5.8667
错误:在 203 行:X28.9038 Y-30.512 Z5.8667,"Z"和"A"碰撞.


******************** 刀路错误报告 ********************
错误203行,文件名:G682尝试后处理-777.NC.NC
X28.9038 Y-30.512 Z5.8667
错误:在 203 行:X28.9038 Y-30.512 Z5.8667,"Z"和"C"碰撞.


******************** 刀路错误报告 ********************
错误204行,文件名:G682尝试后处理-777.NC.NC
X29.9696 Y-29.8102 Z5.8
错误:组件 "Tool"的刀具 "1" 的刀杆超出允许的碰撞间隙 0.05 与 "Stock" 在(204)行X29.9696 Y-29.8102 Z5.8


******************** 刀路错误报告 ********************
错误204行,文件名:G682尝试后处理-777.NC.NC
X29.9696 Y-29.8102 Z5.8
错误:在 204 行:X29.9696 Y-29.8102 Z5.8,组件"Tool"上刀具"1"的刀柄"Holder2"与"Fixture"碰撞


******************** 刀路错误报告 ********************
错误204行,文件名:G682尝试后处理-777.NC.NC
X29.9696 Y-29.8102 Z5.8
错误:在 204 行:X29.9696 Y-29.8102 Z5.8,"Z"和"A"碰撞.


******************** 刀路错误报告 ********************
错误204行,文件名:G682尝试后处理-777.NC.NC
X29.9696 Y-29.8102 Z5.8
错误:在 204 行:X29.9696 Y-29.8102 Z5.8,"Z"和"C"碰撞.


******************** 刀路错误报告 ********************
错误205行,文件名:G682尝试后处理-777.NC.NC
X30.7365 Y-28.7903 Z5.7333
错误:组件 "Tool"的刀具 "1" 的刀杆超出允许的碰撞间隙 0.05 与 "Stock" 在(205)行X30.7365 Y-28.7903 Z5.7333


******************** 刀路错误报告 ********************
错误205行,文件名:G682尝试后处理-777.NC.NC
X30.7365 Y-28.7903 Z5.7333
错误:在 205 行:X30.7365 Y-28.7903 Z5.7333,组件"Tool"上刀具"1"的刀柄"Holder2"与"Fixture"碰撞


******************** 刀路错误报告 ********************
错误205行,文件名:G682尝试后处理-777.NC.NC
X30.7365 Y-28.7903 Z5.7333
错误:在 205 行:X30.7365 Y-28.7903 Z5.7333,"Z"和"A"碰撞.


******************** 刀路错误报告 ********************
错误205行,文件名:G682尝试后处理-777.NC.NC
X30.7365 Y-28.7903 Z5.7333
错误:在 205 行:X30.7365 Y-28.7903 Z5.7333,"Z"和"C"碰撞.


******************** 刀路错误报告 ********************
错误206行,文件名:G682尝试后处理-777.NC.NC
X31.1147 Y-27.5715 Z5.6667
错误:组件 "Tool"的刀具 "1" 的刀杆超出允许的碰撞间隙 0.05 与 "Stock" 在(206)行X31.1147 Y-27.5715 Z5.6667


******************** 刀路错误报告 ********************
错误206行,文件名:G682尝试后处理-777.NC.NC
X31.1147 Y-27.5715 Z5.6667
错误:在 206 行:X31.1147 Y-27.5715 Z5.6667,组件"Tool"上刀具"1"的刀柄"Holder2"与"Fixture"碰撞


******************** 刀路错误报告 ********************
错误206行,文件名:G682尝试后处理-777.NC.NC
X31.1147 Y-27.5715 Z5.6667
错误:在 206 行:X31.1147 Y-27.5715 Z5.6667,"Z"和"A"碰撞.


******************** 刀路错误报告 ********************
错误206行,文件名:G682尝试后处理-777.NC.NC
X31.1147 Y-27.5715 Z5.6667
错误:在 206 行:X31.1147 Y-27.5715 Z5.6667,"Z"和"C"碰撞.


******************** 刀路错误报告 ********************
错误207行,文件名:G682尝试后处理-777.NC.NC
X31.06 Y-26.2966 Z5.6
错误:组件 "Tool"的刀具 "1" 的刀杆超出允许的碰撞间隙 0.05 与 "Stock" 在(207)行X31.06 Y-26.2966 Z5.6


******************** 刀路错误报告 ********************
错误207行,文件名:G682尝试后处理-777.NC.NC
X31.06 Y-26.2966 Z5.6
错误:在 207 行:X31.06 Y-26.2966 Z5.6,组件"Tool"上刀具"1"的刀柄"Holder2"与"Fixture"碰撞


******************** 刀路错误报告 ********************
错误207行,文件名:G682尝试后处理-777.NC.NC
X31.06 Y-26.2966 Z5.6
错误:在 207 行:X31.06 Y-26.2966 Z5.6,"Z"和"A"碰撞.


******************** 刀路错误报告 ********************
错误207行,文件名:G682尝试后处理-777.NC.NC
X31.06 Y-26.2966 Z5.6
错误:在 207 行:X31.06 Y-26.2966 Z5.6,"Z"和"C"碰撞.


******************** 刀路错误报告 ********************
错误208行,文件名:G682尝试后处理-777.NC.NC
X30.5788 Y-25.1148 Z5.5333
错误:组件 "Tool"的刀具 "1" 的刀杆超出允许的碰撞间隙 0.05 与 "Stock" 在(208)行X30.5788 Y-25.1148 Z5.5333


******************** 刀路错误报告 ********************
错误208行,文件名:G682尝试后处理-777.NC.NC
X30.5788 Y-25.1148 Z5.5333
错误:在 208 行:X30.5788 Y-25.1148 Z5.5333,组件"Tool"上刀具"1"的刀柄"Holder2"与"Fixture"碰撞


******************** 刀路错误报告 ********************
错误208行,文件名:G682尝试后处理-777.NC.NC
X30.5788 Y-25.1148 Z5.5333
错误:在 208 行:X30.5788 Y-25.1148 Z5.5333,"Z"和"A"碰撞.


******************** 刀路错误报告 ********************
错误208行,文件名:G682尝试后处理-777.NC.NC
X30.5788 Y-25.1148 Z5.5333
错误:在 208 行:X30.5788 Y-25.1148 Z5.5333,"Z"和"C"碰撞.


******************** 刀路错误报告 ********************
错误209行,文件名:G682尝试后处理-777.NC.NC
X29.7273 Y-24.1643 Z5.4667
错误:组件 "Tool"的刀具 "1" 的刀杆超出允许的碰撞间隙 0.05 与 "Stock" 在(209)行X29.7273 Y-24.1643 Z5.4667


******************** 刀路错误报告 ********************
错误209行,文件名:G682尝试后处理-777.NC.NC
X29.7273 Y-24.1643 Z5.4667
错误:在 209 行:X29.7273 Y-24.1643 Z5.4667,组件"Tool"上刀具"1"的刀柄"Holder2"与"Fixture"碰撞


******************** 刀路错误报告 ********************
错误209行,文件名:G682尝试后处理-777.NC.NC
X29.7273 Y-24.1643 Z5.4667
错误:在 209 行:X29.7273 Y-24.1643 Z5.4667,"Z"和"A"碰撞.


******************** 刀路错误报告 ********************
错误209行,文件名:G682尝试后处理-777.NC.NC
X29.7273 Y-24.1643 Z5.4667
错误:在 209 行:X29.7273 Y-24.1643 Z5.4667,"Z"和"C"碰撞.


******************** 刀路错误报告 ********************
错误210行,文件名:G682尝试后处理-777.NC.NC
X28.6053 Y-23.5564 Z5.4
错误:组件 "Tool"的刀具 "1" 的刀杆超出允许的碰撞间隙 0.05 与 "Stock" 在(210)行X28.6053 Y-23.5564 Z5.4


******************** 刀路错误报告 ********************
错误210行,文件名:G682尝试后处理-777.NC.NC
X28.6053 Y-23.5564 Z5.4
错误:在 210 行:X28.6053 Y-23.5564 Z5.4,组件"Tool"上刀具"1"的刀柄"Holder2"与"Fixture"碰撞


******************** 刀路错误报告 ********************
错误210行,文件名:G682尝试后处理-777.NC.NC
X28.6053 Y-23.5564 Z5.4
错误:在 210 行:X28.6053 Y-23.5564 Z5.4,"Z"和"A"碰撞.


******************** 刀路错误报告 ********************
错误210行,文件名:G682尝试后处理-777.NC.NC
X28.6053 Y-23.5564 Z5.4
错误:在 210 行:X28.6053 Y-23.5564 Z5.4,"Z"和"C"碰撞.


******************** 刀路错误报告 ********************
错误211行,文件名:G682尝试后处理-777.NC.NC
X27.3441 Y-23.3624 Z5.3333
错误:组件 "Tool"的刀具 "1" 的刀杆超出允许的碰撞间隙 0.05 与 "Stock" 在(211)行X27.3441 Y-23.3624 Z5.3333


******************** 刀路错误报告 ********************
错误211行,文件名:G682尝试后处理-777.NC.NC
X27.3441 Y-23.3624 Z5.3333
错误:在 211 行:X27.3441 Y-23.3624 Z5.3333,组件"Tool"上刀具"1"的刀柄"Holder2"与"Fixture"碰撞


******************** 刀路错误报告 ********************
错误211行,文件名:G682尝试后处理-777.NC.NC
X27.3441 Y-23.3624 Z5.3333
错误:在 211 行:X27.3441 Y-23.3624 Z5.3333,"Z"和"A"碰撞.


******************** 刀路错误报告 ********************
错误211行,文件名:G682尝试后处理-777.NC.NC
X27.3441 Y-23.3624 Z5.3333
错误:在 211 行:X27.3441 Y-23.3624 Z5.3333,"Z"和"C"碰撞.


******************** 刀路错误报告 ********************
错误212行,文件名:G682尝试后处理-777.NC.NC
X26.0912 Y-23.6048 Z5.2667
错误:组件 "Tool"的刀具 "1" 的刀杆超出允许的碰撞间隙 0.05 与 "Stock" 在(212)行X26.0912 Y-23.6048 Z5.2667


******************** 刀路错误报告 ********************
错误212行,文件名:G682尝试后处理-777.NC.NC
X26.0912 Y-23.6048 Z5.2667
错误:在 212 行:X26.0912 Y-23.6048 Z5.2667,组件"Tool"上刀具"1"的刀柄"Holder2"与"Fixture"碰撞


******************** 刀路错误报告 ********************
错误212行,文件名:G682尝试后处理-777.NC.NC
X26.0912 Y-23.6048 Z5.2667
错误:在 212 行:X26.0912 Y-23.6048 Z5.2667,"Z"和"A"碰撞.


******************** 刀路错误报告 ********************
错误212行,文件名:G682尝试后处理-777.NC.NC
X26.0912 Y-23.6048 Z5.2667
错误:在 212 行:X26.0912 Y-23.6048 Z5.2667,"Z"和"C"碰撞.


******************** 刀路错误报告 ********************
错误213行,文件名:G682尝试后处理-777.NC.NC
X24.9934 Y-24.2553 Z5.2
错误:组件 "Tool"的刀具 "1" 的刀杆超出允许的碰撞间隙 0.05 与 "Stock" 在(213)行X24.9934 Y-24.2553 Z5.2


******************** 刀路错误报告 ********************
错误213行,文件名:G682尝试后处理-777.NC.NC
X24.9934 Y-24.2553 Z5.2
错误:在 213 行:X24.9934 Y-24.2553 Z5.2,组件"Tool"上刀具"1"的刀柄"Holder2"与"Fixture"碰撞


******************** 刀路错误报告 ********************
错误213行,文件名:G682尝试后处理-777.NC.NC
X24.9934 Y-24.2553 Z5.2
错误:在 213 行:X24.9934 Y-24.2553 Z5.2,"Z"和"A"碰撞.


******************** 刀路错误报告 ********************
错误213行,文件名:G682尝试后处理-777.NC.NC
X24.9934 Y-24.2553 Z5.2
错误:在 213 行:X24.9934 Y-24.2553 Z5.2,"Z"和"C"碰撞.


******************** 刀路错误报告 ********************
错误214行,文件名:G682尝试后处理-777.NC.NC
X24.1791 Y-25.2378 Z5.1333
错误:组件 "Tool"的刀具 "1" 的刀杆超出允许的碰撞间隙 0.05 与 "Stock" 在(214)行X24.1791 Y-25.2378 Z5.1333


******************** 刀路错误报告 ********************
错误214行,文件名:G682尝试后处理-777.NC.NC
X24.1791 Y-25.2378 Z5.1333
错误:在 214 行:X24.1791 Y-25.2378 Z5.1333,组件"Tool"上刀具"1"的刀柄"Holder2"与"Fixture"碰撞


******************** 刀路错误报告 ********************
错误214行,文件名:G682尝试后处理-777.NC.NC
X24.1791 Y-25.2378 Z5.1333
错误:在 214 行:X24.1791 Y-25.2378 Z5.1333,"Z"和"A"碰撞.


******************** 刀路错误报告 ********************
错误214行,文件名:G682尝试后处理-777.NC.NC
X24.1791 Y-25.2378 Z5.1333
错误:在 214 行:X24.1791 Y-25.2378 Z5.1333,"Z"和"C"碰撞.


******************** 刀路错误报告 ********************
错误215行,文件名:G682尝试后处理-777.NC.NC
X23.7436 Y-26.4373 Z5.0667
错误:组件 "Tool"的刀具 "1" 的刀杆超出允许的碰撞间隙 0.05 与 "Stock" 在(215)行X23.7436 Y-26.4373 Z5.0667


******************** 刀路错误报告 ********************
错误215行,文件名:G682尝试后处理-777.NC.NC
X23.7436 Y-26.4373 Z5.0667
错误:在 215 行:X23.7436 Y-26.4373 Z5.0667,组件"Tool"上刀具"1"的刀柄"Holder2"与"Fixture"碰撞


******************** 刀路错误报告 ********************
错误215行,文件名:G682尝试后处理-777.NC.NC
X23.7436 Y-26.4373 Z5.0667
错误:在 215 行:X23.7436 Y-26.4373 Z5.0667,"Z"和"A"碰撞.


******************** 刀路错误报告 ********************
错误215行,文件名:G682尝试后处理-777.NC.NC
X23.7436 Y-26.4373 Z5.0667
错误:在 215 行:X23.7436 Y-26.4373 Z5.0667,"Z"和"C"碰撞.


******************** 刀路错误报告 ********************
错误216行,文件名:G682尝试后处理-777.NC.NC
X23.7675 Y-27.7083 Z5.
错误:组件 "Tool"的刀具 "1" 的刀杆超出允许的碰撞间隙 0.05 与 "Stock" 在(216)行X23.7675 Y-27.7083 Z5.


******************** 刀路错误报告 ********************
错误216行,文件名:G682尝试后处理-777.NC.NC
X23.7675 Y-27.7083 Z5.
错误:在 216 行:X23.7675 Y-27.7083 Z5.,组件"Tool"上刀具"1"的刀柄"Holder2"与"Fixture"碰撞


******************** 刀路错误报告 ********************
错误216行,文件名:G682尝试后处理-777.NC.NC
X23.7675 Y-27.7083 Z5.
错误:在 216 行:X23.7675 Y-27.7083 Z5.,"Z"和"A"碰撞.


******************** 刀路错误报告 ********************
错误216行,文件名:G682尝试后处理-777.NC.NC
X23.7675 Y-27.7083 Z5.
错误:在 216 行:X23.7675 Y-27.7083 Z5.,"Z"和"C"碰撞.


******************** 刀路错误报告 ********************
错误217行,文件名:G682尝试后处理-777.NC.NC
X25. Y-35.
错误:在 217 行:X25. Y-35.,"Z"和"A"碰撞.


******************** 刀路错误报告 ********************
错误217行,文件名:G682尝试后处理-777.NC.NC
X25. Y-35.
错误:在 217 行:X25. Y-35.,"Z"和"C"碰撞.


******************** 刀路错误报告 ********************
错误217行,文件名:G682尝试后处理-777.NC.NC
X25. Y-35.
错误:组件 "Tool"的刀具 "1" 的刀杆超出允许的碰撞间隙 0.05 与 "Stock" 在(217)行X25. Y-35.


******************** 刀路错误报告 ********************
错误217行,文件名:G682尝试后处理-777.NC.NC
X25. Y-35.
错误:在 217 行:X25. Y-35.,组件"Tool"上刀具"1"的刀柄"Holder2"与"Fixture"碰撞


******************** 刀路错误报告 ********************
错误218行,文件名:G682尝试后处理-777.NC.NC
X27.465 Y-20.4167
错误:在 218 行:X27.465 Y-20.4167,"Z"和"A"碰撞.


******************** 刀路错误报告 ********************
错误218行,文件名:G682尝试后处理-777.NC.NC
X27.465 Y-20.4167
错误:在 218 行:X27.465 Y-20.4167,"Z"和"C"碰撞.


******************** 刀路错误报告 ********************
错误218行,文件名:G682尝试后处理-777.NC.NC
X27.465 Y-20.4167
错误:组件 "Tool"的刀具 "1" 的刀杆超出允许的碰撞间隙 0.05 与 "Stock" 在(218)行X27.465 Y-20.4167


******************** 刀路错误报告 ********************
错误218行,文件名:G682尝试后处理-777.NC.NC
X27.465 Y-20.4167
错误:在 218 行:X27.465 Y-20.4167,组件"Tool"上刀具"1"的刀柄"Holder2"与"Fixture"碰撞


******************** 刀路错误报告 ********************
错误219行,文件名:G682尝试后处理-777.NC.NC
G03 X27.5Y-20. Z5. R2.5
错误:组件 "Tool"的刀具 "1" 的刀杆超出允许的碰撞间隙 0.05 与 "Stock" 在(219)行G03 X27.5Y-20. Z5. R2.5


******************** 刀路错误报告 ********************
错误219行,文件名:G682尝试后处理-777.NC.NC
G03 X27.5Y-20. Z5. R2.5
错误:在 219 行:G03 X27.5Y-20. Z5. R2.5,组件"Tool"上刀具"1"的刀柄"Holder2"与"Fixture"碰撞


******************** 刀路错误报告 ********************
错误219行,文件名:G682尝试后处理-777.NC.NC
G03 X27.5Y-20. Z5. R2.5
错误:在 219 行:G03 X27.5Y-20. Z5. R2.5,"Z"和"A"碰撞.


******************** 刀路错误报告 ********************
错误219行,文件名:G682尝试后处理-777.NC.NC
G03 X27.5Y-20. Z5. R2.5
错误:在 219 行:G03 X27.5Y-20. Z5. R2.5,"Z"和"C"碰撞.


******************** 刀路错误报告 ********************
错误220行,文件名:G682尝试后处理-777.NC.NC
G03 X25.Y-17.5 Z5. R2.5
错误:组件 "Tool"的刀具 "1" 的刀杆超出允许的碰撞间隙 0.05 与 "Stock" 在(220)行G03 X25.Y-17.5 Z5. R2.5


******************** 刀路错误报告 ********************
错误220行,文件名:G682尝试后处理-777.NC.NC
G03 X25.Y-17.5 Z5. R2.5
错误:在 220 行:G03 X25.Y-17.5 Z5. R2.5,"Z"和"A"碰撞.


******************** 刀路错误报告 ********************
错误220行,文件名:G682尝试后处理-777.NC.NC
G03 X25.Y-17.5 Z5. R2.5
错误:在 220 行:G03 X25.Y-17.5 Z5. R2.5,"Z"和"C"碰撞.


******************** 刀路错误报告 ********************
错误221行,文件名:G682尝试后处理-777.NC.NC
G03 X22.5Y-20. Z5. R2.5
错误:组件 "Tool"的刀具 "1" 的刀杆超出允许的碰撞间隙 0.05 与 "Stock" 在(221)行G03 X22.5Y-20. Z5. R2.5


******************** 刀路错误报告 ********************
错误221行,文件名:G682尝试后处理-777.NC.NC
G03 X22.5Y-20. Z5. R2.5
错误:在 221 行:G03 X22.5Y-20. Z5. R2.5,"Z"和"A"碰撞.


******************** 刀路错误报告 ********************
错误221行,文件名:G682尝试后处理-777.NC.NC
G03 X22.5Y-20. Z5. R2.5
错误:在 221 行:G03 X22.5Y-20. Z5. R2.5,"Z"和"C"碰撞.


******************** 刀路错误报告 ********************
错误222行,文件名:G682尝试后处理-777.NC.NC
G03 X22.535Y-20.4167 Z5. R2.5
错误:组件 "Tool"的刀具 "1" 的刀杆超出允许的碰撞间隙 0.05 与 "Stock" 在(222)行G03 X22.535Y-20.4167 Z5. R2.5


******************** 刀路错误报告 ********************
错误222行,文件名:G682尝试后处理-777.NC.NC
G03 X22.535Y-20.4167 Z5. R2.5
错误:在 222 行:G03 X22.535Y-20.4167 Z5. R2.5,组件"Tool"上刀具"1"的刀柄"Holder2"与"Fixture"碰撞


******************** 刀路错误报告 ********************
错误222行,文件名:G682尝试后处理-777.NC.NC
G03 X22.535Y-20.4167 Z5. R2.5
错误:在 222 行:G03 X22.535Y-20.4167 Z5. R2.5,"Z"和"A"碰撞.


******************** 刀路错误报告 ********************
错误222行,文件名:G682尝试后处理-777.NC.NC
G03 X22.535Y-20.4167 Z5. R2.5
错误:在 222 行:G03 X22.535Y-20.4167 Z5. R2.5,"Z"和"C"碰撞.


******************** 刀路错误报告 ********************
错误223行,文件名:G682尝试后处理-777.NC.NC
G01 X23.7675 Y-27.7083
错误:在 223 行:G01 X23.7675 Y-27.7083,"Z"和"A"碰撞.


******************** 刀路错误报告 ********************
错误223行,文件名:G682尝试后处理-777.NC.NC
G01 X23.7675 Y-27.7083
错误:在 223 行:G01 X23.7675 Y-27.7083,"Z"和"C"碰撞.


******************** 刀路错误报告 ********************
错误223行,文件名:G682尝试后处理-777.NC.NC
G01 X23.7675 Y-27.7083
错误:组件 "Tool"的刀具 "1" 的刀杆超出允许的碰撞间隙 0.05 与 "Stock" 在(223)行G01 X23.7675 Y-27.7083


******************** 刀路错误报告 ********************
错误223行,文件名:G682尝试后处理-777.NC.NC
G01 X23.7675 Y-27.7083
错误:在 223 行:G01 X23.7675 Y-27.7083,组件"Tool"上刀具"1"的刀柄"Holder2"与"Fixture"碰撞


******************** 刀路错误报告 ********************
错误224行,文件名:G682尝试后处理-777.NC.NC
X18.8374 Y-28.5417
错误:组件 "Tool"的刀具 "1" 的刀杆超出允许的碰撞间隙 0.05 与 "Stock" 在(224)行X18.8374 Y-28.5417


******************** 刀路错误报告 ********************
错误224行,文件名:G682尝试后处理-777.NC.NC
X18.8374 Y-28.5417
错误:在 224 行:X18.8374 Y-28.5417,组件"Tool"上刀具"1"的刀柄"Holder2"与"Fixture"碰撞


******************** 刀路错误报告 ********************
错误224行,文件名:G682尝试后处理-777.NC.NC
X18.8374 Y-28.5417
错误:在 224 行:X18.8374 Y-28.5417,"Z"和"A"碰撞.


******************** 刀路错误报告 ********************
错误224行,文件名:G682尝试后处理-777.NC.NC
X18.8374 Y-28.5417
错误:在 224 行:X18.8374 Y-28.5417,"Z"和"C"碰撞.


******************** 刀路错误报告 ********************
错误225行,文件名:G682尝试后处理-777.NC.NC
X20.0699 Y-35.8333
错误:在 225 行:X20.0699 Y-35.8333,"Z"和"A"碰撞.


******************** 刀路错误报告 ********************
错误225行,文件名:G682尝试后处理-777.NC.NC
X20.0699 Y-35.8333
错误:在 225 行:X20.0699 Y-35.8333,"Z"和"C"碰撞.


******************** 刀路错误报告 ********************
错误225行,文件名:G682尝试后处理-777.NC.NC
X20.0699 Y-35.8333
错误:组件 "Tool"的刀具 "1" 的刀杆超出允许的碰撞间隙 0.05 与 "Stock" 在(225)行X20.0699 Y-35.8333


******************** 刀路错误报告 ********************
错误225行,文件名:G682尝试后处理-777.NC.NC
X20.0699 Y-35.8333
错误:在 225 行:X20.0699 Y-35.8333,组件"Tool"上刀具"1"的刀柄"Holder2"与"Fixture"碰撞


******************** 刀路错误报告 ********************
错误226行,文件名:G682尝试后处理-777.NC.NC
G03 X25.Y-40. Z5. R5.
错误:在 226 行:G03 X25.Y-40. Z5. R5.,"Z"和"A"碰撞.


******************** 刀路错误报告 ********************
错误226行,文件名:G682尝试后处理-777.NC.NC
G03 X25.Y-40. Z5. R5.
错误:在 226 行:G03 X25.Y-40. Z5. R5.,"Z"和"C"碰撞.


******************** 刀路错误报告 ********************
错误226行,文件名:G682尝试后处理-777.NC.NC
G03 X25.Y-40. Z5. R5.
错误:组件 "Tool"的刀具 "1" 的刀杆超出允许的碰撞间隙 0.05 与 "Stock" 在(226)行G03 X25.Y-40. Z5. R5.


******************** 刀路错误报告 ********************
错误226行,文件名:G682尝试后处理-777.NC.NC
G03 X25.Y-40. Z5. R5.
错误:在 226 行:G03 X25.Y-40. Z5. R5.,组件"Tool"上刀具"1"的刀柄"Holder2"与"Fixture"碰撞


******************** 刀路错误报告 ********************
错误227行,文件名:G682尝试后处理-777.NC.NC
G03 X29.9301Y-35.8333 Z5. R5.
错误:在 227 行:G03 X29.9301Y-35.8333 Z5. R5.,"Z"和"A"碰撞.


******************** 刀路错误报告 ********************
错误227行,文件名:G682尝试后处理-777.NC.NC
G03 X29.9301Y-35.8333 Z5. R5.
错误:在 227 行:G03 X29.9301Y-35.8333 Z5. R5.,"Z"和"C"碰撞.


******************** 刀路错误报告 ********************
错误227行,文件名:G682尝试后处理-777.NC.NC
G03 X29.9301Y-35.8333 Z5. R5.
错误:组件 "Tool"的刀具 "1" 的刀杆超出允许的碰撞间隙 0.05 与 "Stock" 在(227)行G03 X29.9301Y-35.8333 Z5. R5.


******************** 刀路错误报告 ********************
错误227行,文件名:G682尝试后处理-777.NC.NC
G03 X29.9301Y-35.8333 Z5. R5.
错误:在 227 行:G03 X29.9301Y-35.8333 Z5. R5.,组件"Tool"上刀具"1"的刀柄"Holder2"与"Fixture"碰撞


******************** 刀路错误报告 ********************
错误228行,文件名:G682尝试后处理-777.NC.NC
G01 X32.3951 Y-21.25
错误:在 228 行:G01 X32.3951 Y-21.25,"Z"和"A"碰撞.


******************** 刀路错误报告 ********************
错误228行,文件名:G682尝试后处理-777.NC.NC
G01 X32.3951 Y-21.25
错误:在 228 行:G01 X32.3951 Y-21.25,"Z"和"C"碰撞.


******************** 刀路错误报告 ********************
错误228行,文件名:G682尝试后处理-777.NC.NC
G01 X32.3951 Y-21.25
错误:组件 "Tool"的刀具 "1" 的刀杆超出允许的碰撞间隙 0.05 与 "Stock" 在(228)行G01 X32.3951 Y-21.25


******************** 刀路错误报告 ********************
错误228行,文件名:G682尝试后处理-777.NC.NC
G01 X32.3951 Y-21.25
错误:在 228 行:G01 X32.3951 Y-21.25,组件"Tool"上刀具"1"的刀柄"Holder2"与"Fixture"碰撞


******************** 刀路错误报告 ********************
错误229行,文件名:G682尝试后处理-777.NC.NC
G03 X32.5Y-20. Z5. R7.5
错误:组件 "Tool"的刀具 "1" 的刀杆超出允许的碰撞间隙 0.05 与 "Stock" 在(229)行G03 X32.5Y-20. Z5. R7.5


******************** 刀路错误报告 ********************
错误229行,文件名:G682尝试后处理-777.NC.NC
G03 X32.5Y-20. Z5. R7.5
错误:在 229 行:G03 X32.5Y-20. Z5. R7.5,组件"Tool"上刀具"1"的刀柄"Holder2"与"Fixture"碰撞


******************** 刀路错误报告 ********************
错误229行,文件名:G682尝试后处理-777.NC.NC
G03 X32.5Y-20. Z5. R7.5
错误:在 229 行:G03 X32.5Y-20. Z5. R7.5,"Z"和"A"碰撞.


******************** 刀路错误报告 ********************
错误229行,文件名:G682尝试后处理-777.NC.NC
G03 X32.5Y-20. Z5. R7.5
错误:在 229 行:G03 X32.5Y-20. Z5. R7.5,"Z"和"C"碰撞.


******************** 刀路错误报告 ********************
错误230行,文件名:G682尝试后处理-777.NC.NC
G03 X25.Y-12.5 Z5. R7.5
错误:在 230 行:G03 X25.Y-12.5 Z5. R7.5,"Z"和"A"碰撞.


******************** 刀路错误报告 ********************
错误230行,文件名:G682尝试后处理-777.NC.NC
G03 X25.Y-12.5 Z5. R7.5
错误:在 230 行:G03 X25.Y-12.5 Z5. R7.5,"Z"和"C"碰撞.


******************** 刀路错误报告 ********************
错误230行,文件名:G682尝试后处理-777.NC.NC
G03 X25.Y-12.5 Z5. R7.5
错误:组件 "Tool"的刀具 "1" 的刀杆超出允许的碰撞间隙 0.05 与 "Stock" 在(230)行G03 X25.Y-12.5 Z5. R7.5


******************** 刀路错误报告 ********************
错误231行,文件名:G682尝试后处理-777.NC.NC
G03 X17.5Y-20. Z5. R7.5
错误:在 231 行:G03 X17.5Y-20. Z5. R7.5,"Z"和"A"碰撞.


******************** 刀路错误报告 ********************
错误231行,文件名:G682尝试后处理-777.NC.NC
G03 X17.5Y-20. Z5. R7.5
错误:在 231 行:G03 X17.5Y-20. Z5. R7.5,"Z"和"C"碰撞.


******************** 刀路错误报告 ********************
错误231行,文件名:G682尝试后处理-777.NC.NC
G03 X17.5Y-20. Z5. R7.5
错误:组件 "Tool"的刀具 "1" 的刀杆超出允许的碰撞间隙 0.05 与 "Stock" 在(231)行G03 X17.5Y-20. Z5. R7.5


******************** 刀路错误报告 ********************
错误232行,文件名:G682尝试后处理-777.NC.NC
G03 X17.6049Y-21.25 Z5. R7.5
错误:组件 "Tool"的刀具 "1" 的刀杆超出允许的碰撞间隙 0.05 与 "Stock" 在(232)行G03 X17.6049Y-21.25 Z5. R7.5


******************** 刀路错误报告 ********************
错误232行,文件名:G682尝试后处理-777.NC.NC
G03 X17.6049Y-21.25 Z5. R7.5
错误:在 232 行:G03 X17.6049Y-21.25 Z5. R7.5,组件"Tool"上刀具"1"的刀柄"Holder2"与"Fixture"碰撞


******************** 刀路错误报告 ********************
错误232行,文件名:G682尝试后处理-777.NC.NC
G03 X17.6049Y-21.25 Z5. R7.5
错误:在 232 行:G03 X17.6049Y-21.25 Z5. R7.5,"Z"和"A"碰撞.


******************** 刀路错误报告 ********************
错误232行,文件名:G682尝试后处理-777.NC.NC
G03 X17.6049Y-21.25 Z5. R7.5
错误:在 232 行:G03 X17.6049Y-21.25 Z5. R7.5,"Z"和"C"碰撞.


******************** 刀路错误报告 ********************
错误233行,文件名:G682尝试后处理-777.NC.NC
G01 X18.8374 Y-28.5417
错误:在 233 行:G01 X18.8374 Y-28.5417,"Z"和"A"碰撞.


******************** 刀路错误报告 ********************
错误233行,文件名:G682尝试后处理-777.NC.NC
G01 X18.8374 Y-28.5417
错误:在 233 行:G01 X18.8374 Y-28.5417,"Z"和"C"碰撞.


******************** 刀路错误报告 ********************
错误233行,文件名:G682尝试后处理-777.NC.NC
G01 X18.8374 Y-28.5417
错误:组件 "Tool"的刀具 "1" 的刀杆超出允许的碰撞间隙 0.05 与 "Stock" 在(233)行G01 X18.8374 Y-28.5417


******************** 刀路错误报告 ********************
错误233行,文件名:G682尝试后处理-777.NC.NC
G01 X18.8374 Y-28.5417
错误:在 233 行:G01 X18.8374 Y-28.5417,组件"Tool"上刀具"1"的刀柄"Holder2"与"Fixture"碰撞


******************** 刀路错误报告 ********************
错误234行,文件名:G682尝试后处理-777.NC.NC
X23.7675 Y-27.7083
错误:组件 "Tool"的刀具 "1" 的刀杆超出允许的碰撞间隙 0.05 与 "Stock" 在(234)行X23.7675 Y-27.7083


******************** 刀路错误报告 ********************
错误234行,文件名:G682尝试后处理-777.NC.NC
X23.7675 Y-27.7083
错误:在 234 行:X23.7675 Y-27.7083,组件"Tool"上刀具"1"的刀柄"Holder2"与"Fixture"碰撞


******************** 刀路错误报告 ********************
错误234行,文件名:G682尝试后处理-777.NC.NC
X23.7675 Y-27.7083
错误:在 234 行:X23.7675 Y-27.7083,"Z"和"A"碰撞.


******************** 刀路错误报告 ********************
错误234行,文件名:G682尝试后处理-777.NC.NC
X23.7675 Y-27.7083
错误:在 234 行:X23.7675 Y-27.7083,"Z"和"C"碰撞.


******************** 刀路错误报告 ********************
错误235行,文件名:G682尝试后处理-777.NC.NC
Z8.
错误:组件 "Tool"的刀具 "1" 的刀杆超出允许的碰撞间隙 0.05 与 "Stock" 在(235)行Z8.


******************** 刀路错误报告 ********************
错误235行,文件名:G682尝试后处理-777.NC.NC
Z8.
错误:在 235 行:Z8.,组件"Tool"上刀具"1"的刀柄"Holder2"与"Fixture"碰撞


******************** 刀路错误报告 ********************
错误235行,文件名:G682尝试后处理-777.NC.NC
Z8.
错误:在 235 行:Z8.,"Z"和"A"碰撞.


******************** 刀路错误报告 ********************
错误235行,文件名:G682尝试后处理-777.NC.NC
Z8.
错误:在 235 行:Z8.,"Z"和"C"碰撞.


******************** 刀路错误报告 ********************
错误236行,文件名:G682尝试后处理-777.NC.NC
G00 Z15.
错误:在 236 行:G00 Z15.,"Z"和"A"碰撞.


******************** 刀路错误报告 ********************
错误236行,文件名:G682尝试后处理-777.NC.NC
G00 Z15.
错误:在 236 行:G00 Z15.,"Z"和"C"碰撞.


******************** 刀路错误报告 ********************
错误236行,文件名:G682尝试后处理-777.NC.NC
G00 Z15.
错误:在 236 行:G00 Z15.,组件"Tool"上的刀具"1"快速进给去除材料,去除体积126.0117
当前刀具1: D25 EM, Line# 16, 记录: T1 M06


******************** 刀路错误报告 ********************
错误236行,文件名:G682尝试后处理-777.NC.NC
G00 Z15.
错误:在 236 行:G00 Z15.,组件"Tool"上刀具"1"的刀柄"Holder2"与"Fixture"碰撞


******************** 刀路警告报告 ********************
警告:在239行
M13
警告:M 13不支持


******************** 刀路错误报告 ********************
错误240行,文件名:G682尝试后处理-777.NC.NC
G91 G28 Z0.0
错误:在 240 行:G91 G28 Z0.0,"Z"和"A"碰撞.


******************** 刀路错误报告 ********************
错误240行,文件名:G682尝试后处理-777.NC.NC
G91 G28 Z0.0
错误:在 240 行:G91 G28 Z0.0,"Z"和"C"碰撞.


******************** 刀路警告报告 ********************
警告:在248行
M12
警告:M 12不支持


******************** 刀路错误报告 ********************
错误252行,文件名:G682尝试后处理-777.NC.NC
Z2.
错误:在 252 行:Z2.,"Z"和"A"碰撞.


******************** 刀路错误报告 ********************
错误252行,文件名:G682尝试后处理-777.NC.NC
Z2.
错误:在 252 行:Z2.,"Z"和"C"碰撞.


******************** 刀路错误报告 ********************
错误253行,文件名:G682尝试后处理-777.NC.NC
G01 X29.2721 Y22.4915 Z1.925 F5000.
错误:在 253 行:G01 X29.2721 Y22.4915 Z1.925 F5000.,"Z"和"A"碰撞.


******************** 刀路错误报告 ********************
错误253行,文件名:G682尝试后处理-777.NC.NC
G01 X29.2721 Y22.4915 Z1.925 F5000.
错误:在 253 行:G01 X29.2721 Y22.4915 Z1.925 F5000.,"Z"和"C"碰撞.


******************** 刀路错误报告 ********************
错误254行,文件名:G682尝试后处理-777.NC.NC
X29.8673 Y23.7968 Z1.85
错误:在 254 行:X29.8673 Y23.7968 Z1.85,"Z"和"A"碰撞.


******************** 刀路错误报告 ********************
错误254行,文件名:G682尝试后处理-777.NC.NC
X29.8673 Y23.7968 Z1.85
错误:在 254 行:X29.8673 Y23.7968 Z1.85,"Z"和"C"碰撞.


******************** 刀路错误报告 ********************
错误255行,文件名:G682尝试后处理-777.NC.NC
X30.0245 Y25.2227 Z1.775
错误:在 255 行:X30.0245 Y25.2227 Z1.775,"Z"和"A"碰撞.


******************** 刀路错误报告 ********************
错误255行,文件名:G682尝试后处理-777.NC.NC
X30.0245 Y25.2227 Z1.775
错误:在 255 行:X30.0245 Y25.2227 Z1.775,"Z"和"C"碰撞.


******************** 刀路错误报告 ********************
错误256行,文件名:G682尝试后处理-777.NC.NC
X29.728 Y26.6263 Z1.7
错误:在 256 行:X29.728 Y26.6263 Z1.7,"Z"和"A"碰撞.


******************** 刀路错误报告 ********************
错误256行,文件名:G682尝试后处理-777.NC.NC
X29.728 Y26.6263 Z1.7
错误:在 256 行:X29.728 Y26.6263 Z1.7,"Z"和"C"碰撞.


******************** 刀路错误报告 ********************
错误257行,文件名:G682尝试后处理-777.NC.NC
X29.0075 Y27.8668 Z1.625
错误:在 257 行:X29.0075 Y27.8668 Z1.625,"Z"和"A"碰撞.


******************** 刀路错误报告 ********************
错误257行,文件名:G682尝试后处理-777.NC.NC
X29.0075 Y27.8668 Z1.625
错误:在 257 行:X29.0075 Y27.8668 Z1.625,"Z"和"C"碰撞.


******************** 刀路错误报告 ********************
错误258行,文件名:G682尝试后处理-777.NC.NC
X27.9352 Y28.8198 Z1.55
错误:在 258 行:X27.9352 Y28.8198 Z1.55,"Z"和"A"碰撞.


******************** 刀路错误报告 ********************
错误258行,文件名:G682尝试后处理-777.NC.NC
X27.9352 Y28.8198 Z1.55
错误:在 258 行:X27.9352 Y28.8198 Z1.55,"Z"和"C"碰撞.


******************** 刀路错误报告 ********************
错误259行,文件名:G682尝试后处理-777.NC.NC
X26.6187 Y29.3897 Z1.475
错误:在 259 行:X26.6187 Y29.3897 Z1.475,"Z"和"A"碰撞.


******************** 刀路错误报告 ********************
错误259行,文件名:G682尝试后处理-777.NC.NC
X26.6187 Y29.3897 Z1.475
错误:在 259 行:X26.6187 Y29.3897 Z1.475,"Z"和"C"碰撞.


******************** 刀路错误报告 ********************
错误260行,文件名:G682尝试后处理-777.NC.NC
X25.19 Y29.5194 Z1.4
错误:在 260 行:X25.19 Y29.5194 Z1.4,"Z"和"A"碰撞.


******************** 刀路错误报告 ********************
错误260行,文件名:G682尝试后处理-777.NC.NC
X25.19 Y29.5194 Z1.4
错误:在 260 行:X25.19 Y29.5194 Z1.4,"Z"和"C"碰撞.


******************** 刀路错误报告 ********************
错误261行,文件名:G682尝试后处理-777.NC.NC
X23.7924 Y29.1958 Z1.325
错误:在 261 行:X23.7924 Y29.1958 Z1.325,"Z"和"A"碰撞.


******************** 刀路错误报告 ********************
错误261行,文件名:G682尝试后处理-777.NC.NC
X23.7924 Y29.1958 Z1.325
错误:在 261 行:X23.7924 Y29.1958 Z1.325,"Z"和"C"碰撞.


******************** 刀路错误报告 ********************
错误262行,文件名:G682尝试后处理-777.NC.NC
X22.5661 Y28.4515 Z1.25
错误:在 262 行:X22.5661 Y28.4515 Z1.25,"Z"和"A"碰撞.


******************** 刀路错误报告 ********************
错误262行,文件名:G682尝试后处理-777.NC.NC
X22.5661 Y28.4515 Z1.25
错误:在 262 行:X22.5661 Y28.4515 Z1.25,"Z"和"C"碰撞.


******************** 刀路错误报告 ********************
错误263行,文件名:G682尝试后处理-777.NC.NC
X21.634 Y27.3611 Z1.175
错误:在 263 行:X21.634 Y27.3611 Z1.175,"Z"和"A"碰撞.


******************** 刀路错误报告 ********************
错误263行,文件名:G682尝试后处理-777.NC.NC
X21.634 Y27.3611 Z1.175
错误:在 263 行:X21.634 Y27.3611 Z1.175,"Z"和"C"碰撞.


******************** 刀路错误报告 ********************
错误264行,文件名:G682尝试后处理-777.NC.NC
X21.0895 Y26.0338 Z1.1
错误:在 264 行:X21.0895 Y26.0338 Z1.1,"Z"和"A"碰撞.


******************** 刀路错误报告 ********************
错误264行,文件名:G682尝试后处理-777.NC.NC
X21.0895 Y26.0338 Z1.1
错误:在 264 行:X21.0895 Y26.0338 Z1.1,"Z"和"C"碰撞.


******************** 刀路错误报告 ********************
错误265行,文件名:G682尝试后处理-777.NC.NC
X20.9874 Y24.6029 Z1.025
错误:在 265 行:X20.9874 Y24.6029 Z1.025,"Z"和"A"碰撞.


******************** 刀路错误报告 ********************
错误265行,文件名:G682尝试后处理-777.NC.NC
X20.9874 Y24.6029 Z1.025
错误:在 265 行:X20.9874 Y24.6029 Z1.025,"Z"和"C"碰撞.


******************** 刀路错误报告 ********************
错误266行,文件名:G682尝试后处理-777.NC.NC
X21.3379 Y23.2118 Z.95
错误:在 266 行:X21.3379 Y23.2118 Z.95,"Z"和"A"碰撞.


******************** 刀路错误报告 ********************
错误266行,文件名:G682尝试后处理-777.NC.NC
X21.3379 Y23.2118 Z.95
错误:在 266 行:X21.3379 Y23.2118 Z.95,"Z"和"C"碰撞.


******************** 刀路错误报告 ********************
错误267行,文件名:G682尝试后处理-777.NC.NC
X22.1057 Y22. Z.875
错误:在 267 行:X22.1057 Y22. Z.875,"Z"和"A"碰撞.


******************** 刀路错误报告 ********************
错误267行,文件名:G682尝试后处理-777.NC.NC
X22.1057 Y22. Z.875
错误:在 267 行:X22.1057 Y22. Z.875,"Z"和"C"碰撞.


******************** 刀路错误报告 ********************
错误268行,文件名:G682尝试后处理-777.NC.NC
X23.214 Y21.0891 Z.8
错误:在 268 行:X23.214 Y21.0891 Z.8,"Z"和"A"碰撞.


******************** 刀路错误报告 ********************
错误268行,文件名:G682尝试后处理-777.NC.NC
X23.214 Y21.0891 Z.8
错误:在 268 行:X23.214 Y21.0891 Z.8,"Z"和"C"碰撞.


******************** 刀路错误报告 ********************
错误269行,文件名:G682尝试后处理-777.NC.NC
X24.5515 Y20.5704 Z.725
错误:在 269 行:X24.5515 Y20.5704 Z.725,"Z"和"A"碰撞.


******************** 刀路错误报告 ********************
错误269行,文件名:G682尝试后处理-777.NC.NC
X24.5515 Y20.5704 Z.725
错误:在 269 行:X24.5515 Y20.5704 Z.725,"Z"和"C"碰撞.


******************** 刀路错误报告 ********************
错误270行,文件名:G682尝试后处理-777.NC.NC
X25.9841 Y20.4959 Z.65
错误:在 270 行:X25.9841 Y20.4959 Z.65,"Z"和"A"碰撞.


******************** 刀路错误报告 ********************
错误270行,文件名:G682尝试后处理-777.NC.NC
X25.9841 Y20.4959 Z.65
错误:在 270 行:X25.9841 Y20.4959 Z.65,"Z"和"C"碰撞.


******************** 刀路错误报告 ********************
错误271行,文件名:G682尝试后处理-777.NC.NC
X27.3682 Y20.8732 Z.575
错误:在 271 行:X27.3682 Y20.8732 Z.575,"Z"和"A"碰撞.


******************** 刀路错误报告 ********************
错误271行,文件名:G682尝试后处理-777.NC.NC
X27.3682 Y20.8732 Z.575
错误:在 271 行:X27.3682 Y20.8732 Z.575,"Z"和"C"碰撞.


******************** 刀路错误报告 ********************
错误272行,文件名:G682尝试后处理-777.NC.NC
X28.5649 Y21.6643 Z.5
错误:在 272 行:X28.5649 Y21.6643 Z.5,"Z"和"A"碰撞.


******************** 刀路错误报告 ********************
错误272行,文件名:G682尝试后处理-777.NC.NC
X28.5649 Y21.6643 Z.5
错误:在 272 行:X28.5649 Y21.6643 Z.5,"Z"和"C"碰撞.


******************** 刀路错误报告 ********************
错误273行,文件名:G682尝试后处理-777.NC.NC
X29.4543 Y22.7899 Z.425
错误:在 273 行:X29.4543 Y22.7899 Z.425,"Z"和"A"碰撞.


******************** 刀路错误报告 ********************
错误273行,文件名:G682尝试后处理-777.NC.NC
X29.4543 Y22.7899 Z.425
错误:在 273 行:X29.4543 Y22.7899 Z.425,"Z"和"C"碰撞.


******************** 刀路错误报告 ********************
错误274行,文件名:G682尝试后处理-777.NC.NC
X29.9471 Y24.1371 Z.35
错误:在 274 行:X29.9471 Y24.1371 Z.35,"Z"和"A"碰撞.


******************** 刀路错误报告 ********************
错误274行,文件名:G682尝试后处理-777.NC.NC
X29.9471 Y24.1371 Z.35
错误:在 274 行:X29.9471 Y24.1371 Z.35,"Z"和"C"碰撞.


******************** 刀路错误报告 ********************
错误275行,文件名:G682尝试后处理-777.NC.NC
X29.9939 Y25.5709 Z.275
错误:在 275 行:X29.9939 Y25.5709 Z.275,"Z"和"A"碰撞.


******************** 刀路错误报告 ********************
错误275行,文件名:G682尝试后处理-777.NC.NC
X29.9939 Y25.5709 Z.275
错误:在 275 行:X29.9939 Y25.5709 Z.275,"Z"和"C"碰撞.


******************** 刀路错误报告 ********************
错误276行,文件名:G682尝试后处理-777.NC.NC
X29.59 Y26.9475 Z.2
错误:在 276 行:X29.59 Y26.9475 Z.2,"Z"和"A"碰撞.


******************** 刀路错误报告 ********************
错误276行,文件名:G682尝试后处理-777.NC.NC
X29.59 Y26.9475 Z.2
错误:在 276 行:X29.59 Y26.9475 Z.2,"Z"和"C"碰撞.


******************** 刀路错误报告 ********************
错误277行,文件名:G682尝试后处理-777.NC.NC
X28.776 Y28.1287 Z.125
错误:在 277 行:X28.776 Y28.1287 Z.125,"Z"和"A"碰撞.


******************** 刀路错误报告 ********************
错误277行,文件名:G682尝试后处理-777.NC.NC
X28.776 Y28.1287 Z.125
错误:在 277 行:X28.776 Y28.1287 Z.125,"Z"和"C"碰撞.


******************** 刀路错误报告 ********************
错误278行,文件名:G682尝试后处理-777.NC.NC
X27.6334 Y28.9962 Z.05
错误:在 278 行:X27.6334 Y28.9962 Z.05,"Z"和"A"碰撞.


******************** 刀路错误报告 ********************
错误278行,文件名:G682尝试后处理-777.NC.NC
X27.6334 Y28.9962 Z.05
错误:在 278 行:X27.6334 Y28.9962 Z.05,"Z"和"C"碰撞.


******************** 刀路错误报告 ********************
错误279行,文件名:G682尝试后处理-777.NC.NC
X26.2769 Y29.4629 Z-.025
错误:在 279 行:X26.2769 Y29.4629 Z-.025,"Z"和"A"碰撞.


******************** 刀路错误报告 ********************
错误279行,文件名:G682尝试后处理-777.NC.NC
X26.2769 Y29.4629 Z-.025
错误:在 279 行:X26.2769 Y29.4629 Z-.025,"Z"和"C"碰撞.


******************** 刀路错误报告 ********************
错误280行,文件名:G682尝试后处理-777.NC.NC
X24.8424 Y29.482 Z-.1
错误:在 280 行:X24.8424 Y29.482 Z-.1,"Z"和"A"碰撞.


******************** 刀路错误报告 ********************
错误280行,文件名:G682尝试后处理-777.NC.NC
X24.8424 Y29.482 Z-.1
错误:在 280 行:X24.8424 Y29.482 Z-.1,"Z"和"C"碰撞.


******************** 刀路错误报告 ********************
错误281行,文件名:G682尝试后处理-777.NC.NC
X23.474 Y29.0517 Z-.175
错误:在 281 行:X23.474 Y29.0517 Z-.175,"Z"和"A"碰撞.


******************** 刀路错误报告 ********************
错误281行,文件名:G682尝试后处理-777.NC.NC
X23.474 Y29.0517 Z-.175
错误:在 281 行:X23.474 Y29.0517 Z-.175,"Z"和"C"碰撞.


******************** 刀路错误报告 ********************
错误282行,文件名:G682尝试后处理-777.NC.NC
X22.3086 Y28.215 Z-.25
错误:在 282 行:X22.3086 Y28.215 Z-.25,"Z"和"A"碰撞.


******************** 刀路错误报告 ********************
错误282行,文件名:G682尝试后处理-777.NC.NC
X22.3086 Y28.215 Z-.25
错误:在 282 行:X22.3086 Y28.215 Z-.25,"Z"和"C"碰撞.


******************** 刀路错误报告 ********************
错误283行,文件名:G682尝试后处理-777.NC.NC
X21.4634 Y27.0559 Z-.325
错误:在 283 行:X21.4634 Y27.0559 Z-.325,"Z"和"A"碰撞.


******************** 刀路错误报告 ********************
错误283行,文件名:G682尝试后处理-777.NC.NC
X21.4634 Y27.0559 Z-.325
错误:在 283 行:X21.4634 Y27.0559 Z-.325,"Z"和"C"碰撞.


******************** 刀路错误报告 ********************
错误284行,文件名:G682尝试后处理-777.NC.NC
X21.023 Y25.6906 Z-.4
错误:在 284 行:X21.023 Y25.6906 Z-.4,"Z"和"A"碰撞.


******************** 刀路错误报告 ********************
错误284行,文件名:G682尝试后处理-777.NC.NC
X21.023 Y25.6906 Z-.4
错误:在 284 行:X21.023 Y25.6906 Z-.4,"Z"和"C"碰撞.


******************** 刀路错误报告 ********************
错误285行,文件名:G682尝试后处理-777.NC.NC
X21.0315 Y24.2561 Z-.475
错误:在 285 行:X21.0315 Y24.2561 Z-.475,"Z"和"A"碰撞.


******************** 刀路错误报告 ********************
错误285行,文件名:G682尝试后处理-777.NC.NC
X21.0315 Y24.2561 Z-.475
错误:在 285 行:X21.0315 Y24.2561 Z-.475,"Z"和"C"碰撞.


******************** 刀路错误报告 ********************
错误286行,文件名:G682尝试后处理-777.NC.NC
X21.4882 Y22.8961 Z-.55
错误:在 286 行:X21.4882 Y22.8961 Z-.55,"Z"和"A"碰撞.


******************** 刀路错误报告 ********************
错误286行,文件名:G682尝试后处理-777.NC.NC
X21.4882 Y22.8961 Z-.55
错误:在 286 行:X21.4882 Y22.8961 Z-.55,"Z"和"C"碰撞.


******************** 刀路错误报告 ********************
错误287行,文件名:G682尝试后处理-777.NC.NC
X22.3472 Y21.7472 Z-.625
错误:在 287 行:X22.3472 Y21.7472 Z-.625,"Z"和"A"碰撞.


******************** 刀路错误报告 ********************
错误287行,文件名:G682尝试后处理-777.NC.NC
X22.3472 Y21.7472 Z-.625
错误:在 287 行:X22.3472 Y21.7472 Z-.625,"Z"和"C"碰撞.


******************** 刀路错误报告 ********************
错误288行,文件名:G682尝试后处理-777.NC.NC
X23.5224 Y20.9245 Z-.7
错误:在 288 行:X23.5224 Y20.9245 Z-.7,"Z"和"A"碰撞.


******************** 刀路错误报告 ********************
错误288行,文件名:G682尝试后处理-777.NC.NC
X23.5224 Y20.9245 Z-.7
错误:在 288 行:X23.5224 Y20.9245 Z-.7,"Z"和"C"碰撞.


******************** 刀路错误报告 ********************
错误289行,文件名:G682尝试后处理-777.NC.NC
X24.8959 Y20.5105 Z-.775
错误:在 289 行:X24.8959 Y20.5105 Z-.775,"Z"和"A"碰撞.


******************** 刀路错误报告 ********************
错误289行,文件名:G682尝试后处理-777.NC.NC
X24.8959 Y20.5105 Z-.775
错误:在 289 行:X24.8959 Y20.5105 Z-.775,"Z"和"C"碰撞.


******************** 刀路错误报告 ********************
错误290行,文件名:G682尝试后处理-777.NC.NC
X26.33 Y20.5467 Z-.85
错误:在 290 行:X26.33 Y20.5467 Z-.85,"Z"和"A"碰撞.


******************** 刀路错误报告 ********************
错误290行,文件名:G682尝试后处理-777.NC.NC
X26.33 Y20.5467 Z-.85
错误:在 290 行:X26.33 Y20.5467 Z-.85,"Z"和"C"碰撞.


******************** 刀路错误报告 ********************
错误291行,文件名:G682尝试后处理-777.NC.NC
X27.6809 Y21.0295 Z-.925
错误:在 291 行:X27.6809 Y21.0295 Z-.925,"Z"和"A"碰撞.


******************** 刀路错误报告 ********************
错误291行,文件名:G682尝试后处理-777.NC.NC
X27.6809 Y21.0295 Z-.925
错误:在 291 行:X27.6809 Y21.0295 Z-.925,"Z"和"C"碰撞.


******************** 刀路错误报告 ********************
错误292行,文件名:G682尝试后处理-777.NC.NC
X28.7911 Y21.931 Z-1.
错误:在 292 行:X28.7911 Y21.931 Z-1.,"Z"和"A"碰撞.


******************** 刀路错误报告 ********************
错误292行,文件名:G682尝试后处理-777.NC.NC
X28.7911 Y21.931 Z-1.
错误:在 292 行:X28.7911 Y21.931 Z-1.,"Z"和"C"碰撞.


******************** 刀路错误报告 ********************
错误293行,文件名:G682尝试后处理-777.NC.NC
X39.6898 Y33.6184
错误:在 293 行:X39.6898 Y33.6184,"Z"和"A"碰撞.


******************** 刀路错误报告 ********************
错误293行,文件名:G682尝试后处理-777.NC.NC
X39.6898 Y33.6184
错误:在 293 行:X39.6898 Y33.6184,"Z"和"C"碰撞.


******************** 刀路错误报告 ********************
错误294行,文件名:G682尝试后处理-777.NC.NC
X33.839 Y39.0744
错误:在 294 行:X33.839 Y39.0744,"Z"和"A"碰撞.


******************** 刀路错误报告 ********************
错误294行,文件名:G682尝试后处理-777.NC.NC
X33.839 Y39.0744
错误:在 294 行:X33.839 Y39.0744,"Z"和"C"碰撞.


******************** 刀路错误报告 ********************
错误295行,文件名:G682尝试后处理-777.NC.NC
G03 X33.157Y39.3431 Z-1. R1.
错误:在 295 行:G03 X33.157Y39.3431 Z-1. R1.,"Z"和"A"碰撞.


******************** 刀路错误报告 ********************
错误295行,文件名:G682尝试后处理-777.NC.NC
G03 X33.157Y39.3431 Z-1. R1.
错误:在 295 行:G03 X33.157Y39.3431 Z-1. R1.,"Z"和"C"碰撞.


******************** 刀路错误报告 ********************
错误296行,文件名:G682尝试后处理-777.NC.NC
G03 X32.4256Y39.0251 Z-1. R1.
错误:在 296 行:G03 X32.4256Y39.0251 Z-1. R1.,"Z"和"A"碰撞.


******************** 刀路错误报告 ********************
错误296行,文件名:G682尝试后处理-777.NC.NC
G03 X32.4256Y39.0251 Z-1. R1.
错误:在 296 行:G03 X32.4256Y39.0251 Z-1. R1.,"Z"和"C"碰撞.


******************** 刀路错误报告 ********************
错误297行,文件名:G682尝试后处理-777.NC.NC
G01 X11.9922 Y17.1129
错误:在 297 行:G01 X11.9922 Y17.1129,"Z"和"A"碰撞.


******************** 刀路错误报告 ********************
错误297行,文件名:G682尝试后处理-777.NC.NC
G01 X11.9922 Y17.1129
错误:在 297 行:G01 X11.9922 Y17.1129,"Z"和"C"碰撞.


******************** 刀路错误报告 ********************
错误298行,文件名:G682尝试后处理-777.NC.NC
G03 X11.7236Y16.4309 Z-1. R1.
错误:在 298 行:G03 X11.7236Y16.4309 Z-1. R1.,"Z"和"A"碰撞.


******************** 刀路错误报告 ********************
错误298行,文件名:G682尝试后处理-777.NC.NC
G03 X11.7236Y16.4309 Z-1. R1.
错误:在 298 行:G03 X11.7236Y16.4309 Z-1. R1.,"Z"和"C"碰撞.


******************** 刀路错误报告 ********************
错误299行,文件名:G682尝试后处理-777.NC.NC
G03 X12.0416Y15.6996 Z-1. R1.
错误:在 299 行:G03 X12.0416Y15.6996 Z-1. R1.,"Z"和"A"碰撞.


******************** 刀路错误报告 ********************
错误299行,文件名:G682尝试后处理-777.NC.NC
G03 X12.0416Y15.6996 Z-1. R1.
错误:在 299 行:G03 X12.0416Y15.6996 Z-1. R1.,"Z"和"C"碰撞.


******************** 刀路错误报告 ********************
错误300行,文件名:G682尝试后处理-777.NC.NC
G01 X17.8924 Y10.2436
错误:在 300 行:G01 X17.8924 Y10.2436,"Z"和"A"碰撞.


******************** 刀路错误报告 ********************
错误300行,文件名:G682尝试后处理-777.NC.NC
G01 X17.8924 Y10.2436
错误:在 300 行:G01 X17.8924 Y10.2436,"Z"和"C"碰撞.


******************** 刀路错误报告 ********************
错误301行,文件名:G682尝试后处理-777.NC.NC
X28.7911 Y21.931
错误:在 301 行:X28.7911 Y21.931,"Z"和"A"碰撞.


******************** 刀路错误报告 ********************
错误301行,文件名:G682尝试后处理-777.NC.NC
X28.7911 Y21.931
错误:在 301 行:X28.7911 Y21.931,"Z"和"C"碰撞.


******************** 刀路错误报告 ********************
错误302行,文件名:G682尝试后处理-777.NC.NC
X25.1343 Y25.341
错误:在 302 行:X25.1343 Y25.341,"Z"和"A"碰撞.


******************** 刀路错误报告 ********************
错误302行,文件名:G682尝试后处理-777.NC.NC
X25.1343 Y25.341
错误:在 302 行:X25.1343 Y25.341,"Z"和"C"碰撞.


******************** 刀路错误报告 ********************
错误303行,文件名:G682尝试后处理-777.NC.NC
Z2.
错误:在 303 行:Z2.,"Z"和"A"碰撞.


******************** 刀路错误报告 ********************
错误303行,文件名:G682尝试后处理-777.NC.NC
Z2.
错误:在 303 行:Z2.,"Z"和"C"碰撞.


******************** 刀路错误报告 ********************
错误304行,文件名:G682尝试后处理-777.NC.NC
G00 Z10.
错误:在 304 行:G00 Z10.,"Z"和"A"碰撞.


******************** 刀路错误报告 ********************
错误304行,文件名:G682尝试后处理-777.NC.NC
G00 Z10.
错误:在 304 行:G00 Z10.,"Z"和"C"碰撞.


******************** 刀路错误报告 ********************
错误306行,文件名:G682尝试后处理-777.NC.NC
Z1.
错误:在 306 行:Z1.,"Z"和"A"碰撞.


******************** 刀路错误报告 ********************
错误306行,文件名:G682尝试后处理-777.NC.NC
Z1.
错误:在 306 行:Z1.,"Z"和"C"碰撞.


******************** 刀路错误报告 ********************
错误307行,文件名:G682尝试后处理-777.NC.NC
G01 X29.2721 Y22.4915 Z.925
错误:在 307 行:G01 X29.2721 Y22.4915 Z.925,"Z"和"A"碰撞.


******************** 刀路错误报告 ********************
错误307行,文件名:G682尝试后处理-777.NC.NC
G01 X29.2721 Y22.4915 Z.925
错误:在 307 行:G01 X29.2721 Y22.4915 Z.925,"Z"和"C"碰撞.


******************** 刀路错误报告 ********************
错误308行,文件名:G682尝试后处理-777.NC.NC
X29.8673 Y23.7968 Z.85
错误:在 308 行:X29.8673 Y23.7968 Z.85,"Z"和"A"碰撞.


******************** 刀路错误报告 ********************
错误308行,文件名:G682尝试后处理-777.NC.NC
X29.8673 Y23.7968 Z.85
错误:在 308 行:X29.8673 Y23.7968 Z.85,"Z"和"C"碰撞.


******************** 刀路错误报告 ********************
错误309行,文件名:G682尝试后处理-777.NC.NC
X30.0245 Y25.2227 Z.775
错误:在 309 行:X30.0245 Y25.2227 Z.775,"Z"和"A"碰撞.


******************** 刀路错误报告 ********************
错误309行,文件名:G682尝试后处理-777.NC.NC
X30.0245 Y25.2227 Z.775
错误:在 309 行:X30.0245 Y25.2227 Z.775,"Z"和"C"碰撞.


******************** 刀路错误报告 ********************
错误310行,文件名:G682尝试后处理-777.NC.NC
X29.728 Y26.6263 Z.7
错误:在 310 行:X29.728 Y26.6263 Z.7,"Z"和"A"碰撞.


******************** 刀路错误报告 ********************
错误310行,文件名:G682尝试后处理-777.NC.NC
X29.728 Y26.6263 Z.7
错误:在 310 行:X29.728 Y26.6263 Z.7,"Z"和"C"碰撞.


******************** 刀路错误报告 ********************
错误311行,文件名:G682尝试后处理-777.NC.NC
X29.0075 Y27.8668 Z.625
错误:在 311 行:X29.0075 Y27.8668 Z.625,"Z"和"A"碰撞.


******************** 刀路错误报告 ********************
错误311行,文件名:G682尝试后处理-777.NC.NC
X29.0075 Y27.8668 Z.625
错误:在 311 行:X29.0075 Y27.8668 Z.625,"Z"和"C"碰撞.


******************** 刀路错误报告 ********************
错误312行,文件名:G682尝试后处理-777.NC.NC
X27.9352 Y28.8198 Z.55
错误:在 312 行:X27.9352 Y28.8198 Z.55,"Z"和"A"碰撞.


******************** 刀路错误报告 ********************
错误312行,文件名:G682尝试后处理-777.NC.NC
X27.9352 Y28.8198 Z.55
错误:在 312 行:X27.9352 Y28.8198 Z.55,"Z"和"C"碰撞.


******************** 刀路错误报告 ********************
错误313行,文件名:G682尝试后处理-777.NC.NC
X26.6187 Y29.3897 Z.475
错误:在 313 行:X26.6187 Y29.3897 Z.475,"Z"和"A"碰撞.


******************** 刀路错误报告 ********************
错误313行,文件名:G682尝试后处理-777.NC.NC
X26.6187 Y29.3897 Z.475
错误:在 313 行:X26.6187 Y29.3897 Z.475,"Z"和"C"碰撞.


******************** 刀路错误报告 ********************
错误314行,文件名:G682尝试后处理-777.NC.NC
X25.19 Y29.5194 Z.4
错误:在 314 行:X25.19 Y29.5194 Z.4,"Z"和"A"碰撞.


******************** 刀路错误报告 ********************
错误314行,文件名:G682尝试后处理-777.NC.NC
X25.19 Y29.5194 Z.4
错误:在 314 行:X25.19 Y29.5194 Z.4,"Z"和"C"碰撞.


******************** 刀路错误报告 ********************
错误315行,文件名:G682尝试后处理-777.NC.NC
X23.7924 Y29.1958 Z.325
错误:在 315 行:X23.7924 Y29.1958 Z.325,"Z"和"A"碰撞.


******************** 刀路错误报告 ********************
错误315行,文件名:G682尝试后处理-777.NC.NC
X23.7924 Y29.1958 Z.325
错误:在 315 行:X23.7924 Y29.1958 Z.325,"Z"和"C"碰撞.


******************** 刀路错误报告 ********************
错误316行,文件名:G682尝试后处理-777.NC.NC
X22.5661 Y28.4515 Z.25
错误:在 316 行:X22.5661 Y28.4515 Z.25,"Z"和"A"碰撞.


******************** 刀路错误报告 ********************
错误316行,文件名:G682尝试后处理-777.NC.NC
X22.5661 Y28.4515 Z.25
错误:在 316 行:X22.5661 Y28.4515 Z.25,"Z"和"C"碰撞.


******************** 刀路错误报告 ********************
错误317行,文件名:G682尝试后处理-777.NC.NC
X21.634 Y27.3611 Z.175
错误:在 317 行:X21.634 Y27.3611 Z.175,"Z"和"A"碰撞.


******************** 刀路错误报告 ********************
错误317行,文件名:G682尝试后处理-777.NC.NC
X21.634 Y27.3611 Z.175
错误:在 317 行:X21.634 Y27.3611 Z.175,"Z"和"C"碰撞.


******************** 刀路错误报告 ********************
错误318行,文件名:G682尝试后处理-777.NC.NC
X21.0895 Y26.0338 Z.1
错误:在 318 行:X21.0895 Y26.0338 Z.1,"Z"和"A"碰撞.


******************** 刀路错误报告 ********************
错误318行,文件名:G682尝试后处理-777.NC.NC
X21.0895 Y26.0338 Z.1
错误:在 318 行:X21.0895 Y26.0338 Z.1,"Z"和"C"碰撞.


******************** 刀路错误报告 ********************
错误319行,文件名:G682尝试后处理-777.NC.NC
X20.9874 Y24.6029 Z.025
错误:在 319 行:X20.9874 Y24.6029 Z.025,"Z"和"A"碰撞.


******************** 刀路错误报告 ********************
错误319行,文件名:G682尝试后处理-777.NC.NC
X20.9874 Y24.6029 Z.025
错误:在 319 行:X20.9874 Y24.6029 Z.025,"Z"和"C"碰撞.


******************** 刀路错误报告 ********************
错误320行,文件名:G682尝试后处理-777.NC.NC
X21.3379 Y23.2118 Z-.05
错误:在 320 行:X21.3379 Y23.2118 Z-.05,"Z"和"A"碰撞.


******************** 刀路错误报告 ********************
错误320行,文件名:G682尝试后处理-777.NC.NC
X21.3379 Y23.2118 Z-.05
错误:在 320 行:X21.3379 Y23.2118 Z-.05,"Z"和"C"碰撞.


******************** 刀路错误报告 ********************
错误321行,文件名:G682尝试后处理-777.NC.NC
X22.1057 Y22. Z-.125
错误:在 321 行:X22.1057 Y22. Z-.125,"Z"和"A"碰撞.


******************** 刀路错误报告 ********************
错误321行,文件名:G682尝试后处理-777.NC.NC
X22.1057 Y22. Z-.125
错误:在 321 行:X22.1057 Y22. Z-.125,"Z"和"C"碰撞.


******************** 刀路错误报告 ********************
错误322行,文件名:G682尝试后处理-777.NC.NC
X23.214 Y21.0891 Z-.2
错误:在 322 行:X23.214 Y21.0891 Z-.2,"Z"和"A"碰撞.


******************** 刀路错误报告 ********************
错误322行,文件名:G682尝试后处理-777.NC.NC
X23.214 Y21.0891 Z-.2
错误:在 322 行:X23.214 Y21.0891 Z-.2,"Z"和"C"碰撞.


******************** 刀路错误报告 ********************
错误323行,文件名:G682尝试后处理-777.NC.NC
X24.5515 Y20.5704 Z-.275
错误:在 323 行:X24.5515 Y20.5704 Z-.275,"Z"和"A"碰撞.


******************** 刀路错误报告 ********************
错误323行,文件名:G682尝试后处理-777.NC.NC
X24.5515 Y20.5704 Z-.275
错误:在 323 行:X24.5515 Y20.5704 Z-.275,"Z"和"C"碰撞.


******************** 刀路错误报告 ********************
错误324行,文件名:G682尝试后处理-777.NC.NC
X25.9841 Y20.4959 Z-.35
错误:在 324 行:X25.9841 Y20.4959 Z-.35,"Z"和"A"碰撞.


******************** 刀路错误报告 ********************
错误324行,文件名:G682尝试后处理-777.NC.NC
X25.9841 Y20.4959 Z-.35
错误:在 324 行:X25.9841 Y20.4959 Z-.35,"Z"和"C"碰撞.


******************** 刀路错误报告 ********************
错误325行,文件名:G682尝试后处理-777.NC.NC
X27.3682 Y20.8732 Z-.425
错误:在 325 行:X27.3682 Y20.8732 Z-.425,"Z"和"A"碰撞.


******************** 刀路错误报告 ********************
错误325行,文件名:G682尝试后处理-777.NC.NC
X27.3682 Y20.8732 Z-.425
错误:在 325 行:X27.3682 Y20.8732 Z-.425,"Z"和"C"碰撞.


******************** 刀路错误报告 ********************
错误326行,文件名:G682尝试后处理-777.NC.NC
X28.5649 Y21.6643 Z-.5
错误:在 326 行:X28.5649 Y21.6643 Z-.5,"Z"和"A"碰撞.


******************** 刀路错误报告 ********************
错误326行,文件名:G682尝试后处理-777.NC.NC
X28.5649 Y21.6643 Z-.5
错误:在 326 行:X28.5649 Y21.6643 Z-.5,"Z"和"C"碰撞.


******************** 刀路错误报告 ********************
错误327行,文件名:G682尝试后处理-777.NC.NC
X29.4543 Y22.7899 Z-.575
错误:在 327 行:X29.4543 Y22.7899 Z-.575,"Z"和"A"碰撞.


******************** 刀路错误报告 ********************
错误327行,文件名:G682尝试后处理-777.NC.NC
X29.4543 Y22.7899 Z-.575
错误:在 327 行:X29.4543 Y22.7899 Z-.575,"Z"和"C"碰撞.


******************** 刀路错误报告 ********************
错误328行,文件名:G682尝试后处理-777.NC.NC
X29.9471 Y24.1371 Z-.65
错误:在 328 行:X29.9471 Y24.1371 Z-.65,"Z"和"A"碰撞.


******************** 刀路错误报告 ********************
错误328行,文件名:G682尝试后处理-777.NC.NC
X29.9471 Y24.1371 Z-.65
错误:在 328 行:X29.9471 Y24.1371 Z-.65,"Z"和"C"碰撞.


******************** 刀路错误报告 ********************
错误329行,文件名:G682尝试后处理-777.NC.NC
X29.9939 Y25.5709 Z-.725
错误:在 329 行:X29.9939 Y25.5709 Z-.725,"Z"和"A"碰撞.


******************** 刀路错误报告 ********************
错误329行,文件名:G682尝试后处理-777.NC.NC
X29.9939 Y25.5709 Z-.725
错误:在 329 行:X29.9939 Y25.5709 Z-.725,"Z"和"C"碰撞.


******************** 刀路错误报告 ********************
错误330行,文件名:G682尝试后处理-777.NC.NC
X29.59 Y26.9475 Z-.8
错误:在 330 行:X29.59 Y26.9475 Z-.8,"Z"和"A"碰撞.


******************** 刀路错误报告 ********************
错误330行,文件名:G682尝试后处理-777.NC.NC
X29.59 Y26.9475 Z-.8
错误:在 330 行:X29.59 Y26.9475 Z-.8,"Z"和"C"碰撞.


******************** 刀路错误报告 ********************
错误331行,文件名:G682尝试后处理-777.NC.NC
X28.776 Y28.1287 Z-.875
错误:在 331 行:X28.776 Y28.1287 Z-.875,"Z"和"A"碰撞.


******************** 刀路错误报告 ********************
错误331行,文件名:G682尝试后处理-777.NC.NC
X28.776 Y28.1287 Z-.875
错误:在 331 行:X28.776 Y28.1287 Z-.875,"Z"和"C"碰撞.


******************** 刀路错误报告 ********************
错误332行,文件名:G682尝试后处理-777.NC.NC
X27.6334 Y28.9962 Z-.95
错误:在 332 行:X27.6334 Y28.9962 Z-.95,"Z"和"A"碰撞.


******************** 刀路错误报告 ********************
错误332行,文件名:G682尝试后处理-777.NC.NC
X27.6334 Y28.9962 Z-.95
错误:在 332 行:X27.6334 Y28.9962 Z-.95,"Z"和"C"碰撞.


******************** 刀路错误报告 ********************
错误333行,文件名:G682尝试后处理-777.NC.NC
X26.2769 Y29.4629 Z-1.025
错误:在 333 行:X26.2769 Y29.4629 Z-1.025,"Z"和"A"碰撞.


******************** 刀路错误报告 ********************
错误333行,文件名:G682尝试后处理-777.NC.NC
X26.2769 Y29.4629 Z-1.025
错误:在 333 行:X26.2769 Y29.4629 Z-1.025,"Z"和"C"碰撞.


******************** 刀路错误报告 ********************
错误334行,文件名:G682尝试后处理-777.NC.NC
X24.8424 Y29.482 Z-1.1
错误:在 334 行:X24.8424 Y29.482 Z-1.1,"Z"和"A"碰撞.


******************** 刀路错误报告 ********************
错误334行,文件名:G682尝试后处理-777.NC.NC
X24.8424 Y29.482 Z-1.1
错误:在 334 行:X24.8424 Y29.482 Z-1.1,"Z"和"C"碰撞.


******************** 刀路错误报告 ********************
错误335行,文件名:G682尝试后处理-777.NC.NC
X23.474 Y29.0517 Z-1.175
错误:在 335 行:X23.474 Y29.0517 Z-1.175,"Z"和"A"碰撞.


******************** 刀路错误报告 ********************
错误335行,文件名:G682尝试后处理-777.NC.NC
X23.474 Y29.0517 Z-1.175
错误:在 335 行:X23.474 Y29.0517 Z-1.175,"Z"和"C"碰撞.


******************** 刀路错误报告 ********************
错误336行,文件名:G682尝试后处理-777.NC.NC
X22.3086 Y28.215 Z-1.25
错误:在 336 行:X22.3086 Y28.215 Z-1.25,"Z"和"A"碰撞.


******************** 刀路错误报告 ********************
错误336行,文件名:G682尝试后处理-777.NC.NC
X22.3086 Y28.215 Z-1.25
错误:在 336 行:X22.3086 Y28.215 Z-1.25,"Z"和"C"碰撞.


******************** 刀路错误报告 ********************
错误337行,文件名:G682尝试后处理-777.NC.NC
X21.4634 Y27.0559 Z-1.325
错误:在 337 行:X21.4634 Y27.0559 Z-1.325,"Z"和"A"碰撞.


******************** 刀路错误报告 ********************
错误337行,文件名:G682尝试后处理-777.NC.NC
X21.4634 Y27.0559 Z-1.325
错误:在 337 行:X21.4634 Y27.0559 Z-1.325,"Z"和"C"碰撞.


******************** 刀路错误报告 ********************
错误338行,文件名:G682尝试后处理-777.NC.NC
X21.023 Y25.6906 Z-1.4
错误:在 338 行:X21.023 Y25.6906 Z-1.4,"Z"和"A"碰撞.


******************** 刀路错误报告 ********************
错误338行,文件名:G682尝试后处理-777.NC.NC
X21.023 Y25.6906 Z-1.4
错误:在 338 行:X21.023 Y25.6906 Z-1.4,"Z"和"C"碰撞.


******************** 刀路错误报告 ********************
错误339行,文件名:G682尝试后处理-777.NC.NC
X21.0315 Y24.2561 Z-1.475
错误:在 339 行:X21.0315 Y24.2561 Z-1.475,"Z"和"A"碰撞.


******************** 刀路错误报告 ********************
错误339行,文件名:G682尝试后处理-777.NC.NC
X21.0315 Y24.2561 Z-1.475
错误:在 339 行:X21.0315 Y24.2561 Z-1.475,"Z"和"C"碰撞.


******************** 刀路错误报告 ********************
错误340行,文件名:G682尝试后处理-777.NC.NC
X21.4882 Y22.8961 Z-1.55
错误:在 340 行:X21.4882 Y22.8961 Z-1.55,"Z"和"A"碰撞.


******************** 刀路错误报告 ********************
错误340行,文件名:G682尝试后处理-777.NC.NC
X21.4882 Y22.8961 Z-1.55
错误:在 340 行:X21.4882 Y22.8961 Z-1.55,"Z"和"C"碰撞.


******************** 刀路错误报告 ********************
错误341行,文件名:G682尝试后处理-777.NC.NC
X22.3472 Y21.7472 Z-1.625
错误:在 341 行:X22.3472 Y21.7472 Z-1.625,"Z"和"A"碰撞.


******************** 刀路错误报告 ********************
错误341行,文件名:G682尝试后处理-777.NC.NC
X22.3472 Y21.7472 Z-1.625
错误:在 341 行:X22.3472 Y21.7472 Z-1.625,"Z"和"C"碰撞.


******************** 刀路错误报告 ********************
错误342行,文件名:G682尝试后处理-777.NC.NC
X23.5224 Y20.9245 Z-1.7
错误:在 342 行:X23.5224 Y20.9245 Z-1.7,"Z"和"A"碰撞.


******************** 刀路错误报告 ********************
错误342行,文件名:G682尝试后处理-777.NC.NC
X23.5224 Y20.9245 Z-1.7
错误:在 342 行:X23.5224 Y20.9245 Z-1.7,"Z"和"C"碰撞.


******************** 刀路错误报告 ********************
错误343行,文件名:G682尝试后处理-777.NC.NC
X24.8959 Y20.5105 Z-1.775
错误:在 343 行:X24.8959 Y20.5105 Z-1.775,"Z"和"A"碰撞.


******************** 刀路错误报告 ********************
错误343行,文件名:G682尝试后处理-777.NC.NC
X24.8959 Y20.5105 Z-1.775
错误:在 343 行:X24.8959 Y20.5105 Z-1.775,"Z"和"C"碰撞.


******************** 刀路错误报告 ********************
错误344行,文件名:G682尝试后处理-777.NC.NC
X26.33 Y20.5467 Z-1.85
错误:在 344 行:X26.33 Y20.5467 Z-1.85,"Z"和"A"碰撞.


******************** 刀路错误报告 ********************
错误344行,文件名:G682尝试后处理-777.NC.NC
X26.33 Y20.5467 Z-1.85
错误:在 344 行:X26.33 Y20.5467 Z-1.85,"Z"和"C"碰撞.


******************** 刀路错误报告 ********************
错误345行,文件名:G682尝试后处理-777.NC.NC
X27.6809 Y21.0295 Z-1.925
错误:在 345 行:X27.6809 Y21.0295 Z-1.925,"Z"和"A"碰撞.


******************** 刀路错误报告 ********************
错误345行,文件名:G682尝试后处理-777.NC.NC
X27.6809 Y21.0295 Z-1.925
错误:在 345 行:X27.6809 Y21.0295 Z-1.925,"Z"和"C"碰撞.


******************** 刀路错误报告 ********************
错误346行,文件名:G682尝试后处理-777.NC.NC
X28.7911 Y21.931 Z-2.
错误:在 346 行:X28.7911 Y21.931 Z-2.,"Z"和"A"碰撞.


******************** 刀路错误报告 ********************
错误346行,文件名:G682尝试后处理-777.NC.NC
X28.7911 Y21.931 Z-2.
错误:在 346 行:X28.7911 Y21.931 Z-2.,"Z"和"C"碰撞.


******************** 刀路错误报告 ********************
错误347行,文件名:G682尝试后处理-777.NC.NC
X39.6898 Y33.6184
错误:在 347 行:X39.6898 Y33.6184,"Z"和"A"碰撞.


******************** 刀路错误报告 ********************
错误347行,文件名:G682尝试后处理-777.NC.NC
X39.6898 Y33.6184
错误:在 347 行:X39.6898 Y33.6184,"Z"和"C"碰撞.


******************** 刀路错误报告 ********************
错误348行,文件名:G682尝试后处理-777.NC.NC
X33.839 Y39.0744
错误:在 348 行:X33.839 Y39.0744,"Z"和"A"碰撞.


******************** 刀路错误报告 ********************
错误348行,文件名:G682尝试后处理-777.NC.NC
X33.839 Y39.0744
错误:在 348 行:X33.839 Y39.0744,"Z"和"C"碰撞.


******************** 刀路错误报告 ********************
错误349行,文件名:G682尝试后处理-777.NC.NC
G03 X33.157Y39.3431 Z-2. R1.
错误:在 349 行:G03 X33.157Y39.3431 Z-2. R1.,"Z"和"A"碰撞.


******************** 刀路错误报告 ********************
错误349行,文件名:G682尝试后处理-777.NC.NC
G03 X33.157Y39.3431 Z-2. R1.
错误:在 349 行:G03 X33.157Y39.3431 Z-2. R1.,"Z"和"C"碰撞.


******************** 刀路错误报告 ********************
错误350行,文件名:G682尝试后处理-777.NC.NC
G03 X32.4256Y39.0251 Z-2. R1.
错误:在 350 行:G03 X32.4256Y39.0251 Z-2. R1.,"Z"和"A"碰撞.


******************** 刀路错误报告 ********************
错误350行,文件名:G682尝试后处理-777.NC.NC
G03 X32.4256Y39.0251 Z-2. R1.
错误:在 350 行:G03 X32.4256Y39.0251 Z-2. R1.,"Z"和"C"碰撞.


******************** 刀路错误报告 ********************
错误351行,文件名:G682尝试后处理-777.NC.NC
G01 X11.9922 Y17.1129
错误:在 351 行:G01 X11.9922 Y17.1129,"Z"和"A"碰撞.


******************** 刀路错误报告 ********************
错误351行,文件名:G682尝试后处理-777.NC.NC
G01 X11.9922 Y17.1129
错误:在 351 行:G01 X11.9922 Y17.1129,"Z"和"C"碰撞.


******************** 刀路错误报告 ********************
错误352行,文件名:G682尝试后处理-777.NC.NC
G03 X11.7236Y16.4309 Z-2. R1.
错误:在 352 行:G03 X11.7236Y16.4309 Z-2. R1.,"Z"和"A"碰撞.


******************** 刀路错误报告 ********************
错误352行,文件名:G682尝试后处理-777.NC.NC
G03 X11.7236Y16.4309 Z-2. R1.
错误:在 352 行:G03 X11.7236Y16.4309 Z-2. R1.,"Z"和"C"碰撞.


******************** 刀路错误报告 ********************
错误353行,文件名:G682尝试后处理-777.NC.NC
G03 X12.0416Y15.6996 Z-2. R1.
错误:在 353 行:G03 X12.0416Y15.6996 Z-2. R1.,"Z"和"A"碰撞.


******************** 刀路错误报告 ********************
错误353行,文件名:G682尝试后处理-777.NC.NC
G03 X12.0416Y15.6996 Z-2. R1.
错误:在 353 行:G03 X12.0416Y15.6996 Z-2. R1.,"Z"和"C"碰撞.


******************** 刀路错误报告 ********************
错误354行,文件名:G682尝试后处理-777.NC.NC
G01 X17.8924 Y10.2436
错误:在 354 行:G01 X17.8924 Y10.2436,"Z"和"A"碰撞.


******************** 刀路错误报告 ********************
错误354行,文件名:G682尝试后处理-777.NC.NC
G01 X17.8924 Y10.2436
错误:在 354 行:G01 X17.8924 Y10.2436,"Z"和"C"碰撞.


******************** 刀路错误报告 ********************
错误355行,文件名:G682尝试后处理-777.NC.NC
X28.7911 Y21.931
错误:在 355 行:X28.7911 Y21.931,"Z"和"A"碰撞.


******************** 刀路错误报告 ********************
错误355行,文件名:G682尝试后处理-777.NC.NC
X28.7911 Y21.931
错误:在 355 行:X28.7911 Y21.931,"Z"和"C"碰撞.


******************** 刀路错误报告 ********************
错误356行,文件名:G682尝试后处理-777.NC.NC
X25.1343 Y25.341
错误:在 356 行:X25.1343 Y25.341,"Z"和"A"碰撞.


******************** 刀路错误报告 ********************
错误356行,文件名:G682尝试后处理-777.NC.NC
X25.1343 Y25.341
错误:在 356 行:X25.1343 Y25.341,"Z"和"C"碰撞.


******************** 刀路错误报告 ********************
错误357行,文件名:G682尝试后处理-777.NC.NC
Z1.
错误:在 357 行:Z1.,"Z"和"A"碰撞.


******************** 刀路错误报告 ********************
错误357行,文件名:G682尝试后处理-777.NC.NC
Z1.
错误:在 357 行:Z1.,"Z"和"C"碰撞.


******************** 刀路错误报告 ********************
错误358行,文件名:G682尝试后处理-777.NC.NC
G00 Z10.
错误:在 358 行:G00 Z10.,"Z"和"A"碰撞.


******************** 刀路错误报告 ********************
错误358行,文件名:G682尝试后处理-777.NC.NC
G00 Z10.
错误:在 358 行:G00 Z10.,"Z"和"C"碰撞.


******************** 刀路错误报告 ********************
错误360行,文件名:G682尝试后处理-777.NC.NC
Z0.0
错误:在 360 行:Z0.0,"Z"和"A"碰撞.


******************** 刀路错误报告 ********************
错误360行,文件名:G682尝试后处理-777.NC.NC
Z0.0
错误:在 360 行:Z0.0,"Z"和"C"碰撞.


******************** 刀路错误报告 ********************
错误361行,文件名:G682尝试后处理-777.NC.NC
G01 X29.2721 Y22.4915 Z-.075
错误:在 361 行:G01 X29.2721 Y22.4915 Z-.075,"Z"和"A"碰撞.


******************** 刀路错误报告 ********************
错误361行,文件名:G682尝试后处理-777.NC.NC
G01 X29.2721 Y22.4915 Z-.075
错误:在 361 行:G01 X29.2721 Y22.4915 Z-.075,"Z"和"C"碰撞.


******************** 刀路错误报告 ********************
错误362行,文件名:G682尝试后处理-777.NC.NC
X29.8673 Y23.7968 Z-.15
错误:在 362 行:X29.8673 Y23.7968 Z-.15,"Z"和"A"碰撞.


******************** 刀路错误报告 ********************
错误362行,文件名:G682尝试后处理-777.NC.NC
X29.8673 Y23.7968 Z-.15
错误:在 362 行:X29.8673 Y23.7968 Z-.15,"Z"和"C"碰撞.


******************** 刀路错误报告 ********************
错误363行,文件名:G682尝试后处理-777.NC.NC
X30.0245 Y25.2227 Z-.225
错误:在 363 行:X30.0245 Y25.2227 Z-.225,"Z"和"A"碰撞.


******************** 刀路错误报告 ********************
错误363行,文件名:G682尝试后处理-777.NC.NC
X30.0245 Y25.2227 Z-.225
错误:在 363 行:X30.0245 Y25.2227 Z-.225,"Z"和"C"碰撞.


******************** 刀路错误报告 ********************
错误364行,文件名:G682尝试后处理-777.NC.NC
X29.728 Y26.6263 Z-.3
错误:在 364 行:X29.728 Y26.6263 Z-.3,"Z"和"A"碰撞.


******************** 刀路错误报告 ********************
错误364行,文件名:G682尝试后处理-777.NC.NC
X29.728 Y26.6263 Z-.3
错误:在 364 行:X29.728 Y26.6263 Z-.3,"Z"和"C"碰撞.


******************** 刀路错误报告 ********************
错误365行,文件名:G682尝试后处理-777.NC.NC
X29.0075 Y27.8668 Z-.375
错误:在 365 行:X29.0075 Y27.8668 Z-.375,"Z"和"A"碰撞.


******************** 刀路错误报告 ********************
错误365行,文件名:G682尝试后处理-777.NC.NC
X29.0075 Y27.8668 Z-.375
错误:在 365 行:X29.0075 Y27.8668 Z-.375,"Z"和"C"碰撞.


******************** 刀路错误报告 ********************
错误366行,文件名:G682尝试后处理-777.NC.NC
X27.9352 Y28.8198 Z-.45
错误:在 366 行:X27.9352 Y28.8198 Z-.45,"Z"和"A"碰撞.


******************** 刀路错误报告 ********************
错误366行,文件名:G682尝试后处理-777.NC.NC
X27.9352 Y28.8198 Z-.45
错误:在 366 行:X27.9352 Y28.8198 Z-.45,"Z"和"C"碰撞.


******************** 刀路错误报告 ********************
错误367行,文件名:G682尝试后处理-777.NC.NC
X26.6187 Y29.3897 Z-.525
错误:在 367 行:X26.6187 Y29.3897 Z-.525,"Z"和"A"碰撞.


******************** 刀路错误报告 ********************
错误367行,文件名:G682尝试后处理-777.NC.NC
X26.6187 Y29.3897 Z-.525
错误:在 367 行:X26.6187 Y29.3897 Z-.525,"Z"和"C"碰撞.


******************** 刀路错误报告 ********************
错误368行,文件名:G682尝试后处理-777.NC.NC
X25.19 Y29.5194 Z-.6
错误:在 368 行:X25.19 Y29.5194 Z-.6,"Z"和"A"碰撞.


******************** 刀路错误报告 ********************
错误368行,文件名:G682尝试后处理-777.NC.NC
X25.19 Y29.5194 Z-.6
错误:在 368 行:X25.19 Y29.5194 Z-.6,"Z"和"C"碰撞.


******************** 刀路错误报告 ********************
错误369行,文件名:G682尝试后处理-777.NC.NC
X23.7924 Y29.1958 Z-.675
错误:在 369 行:X23.7924 Y29.1958 Z-.675,"Z"和"A"碰撞.


******************** 刀路错误报告 ********************
错误369行,文件名:G682尝试后处理-777.NC.NC
X23.7924 Y29.1958 Z-.675
错误:在 369 行:X23.7924 Y29.1958 Z-.675,"Z"和"C"碰撞.


******************** 刀路错误报告 ********************
错误370行,文件名:G682尝试后处理-777.NC.NC
X22.5661 Y28.4515 Z-.75
错误:在 370 行:X22.5661 Y28.4515 Z-.75,"Z"和"A"碰撞.


******************** 刀路错误报告 ********************
错误370行,文件名:G682尝试后处理-777.NC.NC
X22.5661 Y28.4515 Z-.75
错误:在 370 行:X22.5661 Y28.4515 Z-.75,"Z"和"C"碰撞.


******************** 刀路错误报告 ********************
错误371行,文件名:G682尝试后处理-777.NC.NC
X21.634 Y27.3611 Z-.825
错误:在 371 行:X21.634 Y27.3611 Z-.825,"Z"和"A"碰撞.


******************** 刀路错误报告 ********************
错误371行,文件名:G682尝试后处理-777.NC.NC
X21.634 Y27.3611 Z-.825
错误:在 371 行:X21.634 Y27.3611 Z-.825,"Z"和"C"碰撞.


******************** 刀路错误报告 ********************
错误372行,文件名:G682尝试后处理-777.NC.NC
X21.0895 Y26.0338 Z-.9
错误:在 372 行:X21.0895 Y26.0338 Z-.9,"Z"和"A"碰撞.


******************** 刀路错误报告 ********************
错误372行,文件名:G682尝试后处理-777.NC.NC
X21.0895 Y26.0338 Z-.9
错误:在 372 行:X21.0895 Y26.0338 Z-.9,"Z"和"C"碰撞.


******************** 刀路错误报告 ********************
错误373行,文件名:G682尝试后处理-777.NC.NC
X20.9874 Y24.6029 Z-.975
错误:在 373 行:X20.9874 Y24.6029 Z-.975,"Z"和"A"碰撞.


******************** 刀路错误报告 ********************
错误373行,文件名:G682尝试后处理-777.NC.NC
X20.9874 Y24.6029 Z-.975
错误:在 373 行:X20.9874 Y24.6029 Z-.975,"Z"和"C"碰撞.


******************** 刀路错误报告 ********************
错误374行,文件名:G682尝试后处理-777.NC.NC
X21.3379 Y23.2118 Z-1.05
错误:在 374 行:X21.3379 Y23.2118 Z-1.05,"Z"和"A"碰撞.


******************** 刀路错误报告 ********************
错误374行,文件名:G682尝试后处理-777.NC.NC
X21.3379 Y23.2118 Z-1.05
错误:在 374 行:X21.3379 Y23.2118 Z-1.05,"Z"和"C"碰撞.


******************** 刀路错误报告 ********************
错误375行,文件名:G682尝试后处理-777.NC.NC
X22.1057 Y22. Z-1.125
错误:在 375 行:X22.1057 Y22. Z-1.125,"Z"和"A"碰撞.


******************** 刀路错误报告 ********************
错误375行,文件名:G682尝试后处理-777.NC.NC
X22.1057 Y22. Z-1.125
错误:在 375 行:X22.1057 Y22. Z-1.125,"Z"和"C"碰撞.


******************** 刀路错误报告 ********************
错误376行,文件名:G682尝试后处理-777.NC.NC
X23.214 Y21.0891 Z-1.2
错误:在 376 行:X23.214 Y21.0891 Z-1.2,"Z"和"A"碰撞.


******************** 刀路错误报告 ********************
错误376行,文件名:G682尝试后处理-777.NC.NC
X23.214 Y21.0891 Z-1.2
错误:在 376 行:X23.214 Y21.0891 Z-1.2,"Z"和"C"碰撞.


******************** 刀路错误报告 ********************
错误377行,文件名:G682尝试后处理-777.NC.NC
X24.5515 Y20.5704 Z-1.275
错误:在 377 行:X24.5515 Y20.5704 Z-1.275,"Z"和"A"碰撞.


******************** 刀路错误报告 ********************
错误377行,文件名:G682尝试后处理-777.NC.NC
X24.5515 Y20.5704 Z-1.275
错误:在 377 行:X24.5515 Y20.5704 Z-1.275,"Z"和"C"碰撞.


******************** 刀路错误报告 ********************
错误378行,文件名:G682尝试后处理-777.NC.NC
X25.9841 Y20.4959 Z-1.35
错误:在 378 行:X25.9841 Y20.4959 Z-1.35,"Z"和"A"碰撞.


******************** 刀路错误报告 ********************
错误378行,文件名:G682尝试后处理-777.NC.NC
X25.9841 Y20.4959 Z-1.35
错误:在 378 行:X25.9841 Y20.4959 Z-1.35,"Z"和"C"碰撞.


******************** 刀路错误报告 ********************
错误379行,文件名:G682尝试后处理-777.NC.NC
X27.3682 Y20.8732 Z-1.425
错误:在 379 行:X27.3682 Y20.8732 Z-1.425,"Z"和"A"碰撞.


******************** 刀路错误报告 ********************
错误379行,文件名:G682尝试后处理-777.NC.NC
X27.3682 Y20.8732 Z-1.425
错误:在 379 行:X27.3682 Y20.8732 Z-1.425,"Z"和"C"碰撞.


******************** 刀路错误报告 ********************
错误380行,文件名:G682尝试后处理-777.NC.NC
X28.5649 Y21.6643 Z-1.5
错误:在 380 行:X28.5649 Y21.6643 Z-1.5,"Z"和"A"碰撞.


******************** 刀路错误报告 ********************
错误380行,文件名:G682尝试后处理-777.NC.NC
X28.5649 Y21.6643 Z-1.5
错误:在 380 行:X28.5649 Y21.6643 Z-1.5,"Z"和"C"碰撞.


******************** 刀路错误报告 ********************
错误381行,文件名:G682尝试后处理-777.NC.NC
X29.4543 Y22.7899 Z-1.575
错误:在 381 行:X29.4543 Y22.7899 Z-1.575,"Z"和"A"碰撞.


******************** 刀路错误报告 ********************
错误381行,文件名:G682尝试后处理-777.NC.NC
X29.4543 Y22.7899 Z-1.575
错误:在 381 行:X29.4543 Y22.7899 Z-1.575,"Z"和"C"碰撞.


******************** 刀路错误报告 ********************
错误382行,文件名:G682尝试后处理-777.NC.NC
X29.9471 Y24.1371 Z-1.65
错误:在 382 行:X29.9471 Y24.1371 Z-1.65,"Z"和"A"碰撞.


******************** 刀路错误报告 ********************
错误382行,文件名:G682尝试后处理-777.NC.NC
X29.9471 Y24.1371 Z-1.65
错误:在 382 行:X29.9471 Y24.1371 Z-1.65,"Z"和"C"碰撞.


******************** 刀路错误报告 ********************
错误383行,文件名:G682尝试后处理-777.NC.NC
X29.9939 Y25.5709 Z-1.725
错误:在 383 行:X29.9939 Y25.5709 Z-1.725,"Z"和"A"碰撞.


******************** 刀路错误报告 ********************
错误383行,文件名:G682尝试后处理-777.NC.NC
X29.9939 Y25.5709 Z-1.725
错误:在 383 行:X29.9939 Y25.5709 Z-1.725,"Z"和"C"碰撞.


******************** 刀路错误报告 ********************
错误384行,文件名:G682尝试后处理-777.NC.NC
X29.59 Y26.9475 Z-1.8
错误:在 384 行:X29.59 Y26.9475 Z-1.8,"Z"和"A"碰撞.


******************** 刀路错误报告 ********************
错误384行,文件名:G682尝试后处理-777.NC.NC
X29.59 Y26.9475 Z-1.8
错误:在 384 行:X29.59 Y26.9475 Z-1.8,"Z"和"C"碰撞.


******************** 刀路错误报告 ********************
错误385行,文件名:G682尝试后处理-777.NC.NC
X28.776 Y28.1287 Z-1.875
错误:在 385 行:X28.776 Y28.1287 Z-1.875,"Z"和"A"碰撞.


******************** 刀路错误报告 ********************
错误385行,文件名:G682尝试后处理-777.NC.NC
X28.776 Y28.1287 Z-1.875
错误:在 385 行:X28.776 Y28.1287 Z-1.875,"Z"和"C"碰撞.


******************** 刀路错误报告 ********************
错误386行,文件名:G682尝试后处理-777.NC.NC
X27.6334 Y28.9962 Z-1.95
错误:在 386 行:X27.6334 Y28.9962 Z-1.95,"Z"和"A"碰撞.


******************** 刀路错误报告 ********************
错误386行,文件名:G682尝试后处理-777.NC.NC
X27.6334 Y28.9962 Z-1.95
错误:在 386 行:X27.6334 Y28.9962 Z-1.95,"Z"和"C"碰撞.


******************** 刀路错误报告 ********************
错误387行,文件名:G682尝试后处理-777.NC.NC
X26.2769 Y29.4629 Z-2.025
错误:在 387 行:X26.2769 Y29.4629 Z-2.025,"Z"和"A"碰撞.


******************** 刀路错误报告 ********************
错误387行,文件名:G682尝试后处理-777.NC.NC
X26.2769 Y29.4629 Z-2.025
错误:在 387 行:X26.2769 Y29.4629 Z-2.025,"Z"和"C"碰撞.


******************** 刀路错误报告 ********************
错误388行,文件名:G682尝试后处理-777.NC.NC
X24.8424 Y29.482 Z-2.1
错误:在 388 行:X24.8424 Y29.482 Z-2.1,"Z"和"A"碰撞.


******************** 刀路错误报告 ********************
错误388行,文件名:G682尝试后处理-777.NC.NC
X24.8424 Y29.482 Z-2.1
错误:在 388 行:X24.8424 Y29.482 Z-2.1,"Z"和"C"碰撞.


******************** 刀路错误报告 ********************
错误389行,文件名:G682尝试后处理-777.NC.NC
X23.474 Y29.0517 Z-2.175
错误:在 389 行:X23.474 Y29.0517 Z-2.175,"Z"和"A"碰撞.


******************** 刀路错误报告 ********************
错误389行,文件名:G682尝试后处理-777.NC.NC
X23.474 Y29.0517 Z-2.175
错误:在 389 行:X23.474 Y29.0517 Z-2.175,"Z"和"C"碰撞.


******************** 刀路错误报告 ********************
错误390行,文件名:G682尝试后处理-777.NC.NC
X22.3086 Y28.215 Z-2.25
错误:在 390 行:X22.3086 Y28.215 Z-2.25,"Z"和"A"碰撞.


******************** 刀路错误报告 ********************
错误390行,文件名:G682尝试后处理-777.NC.NC
X22.3086 Y28.215 Z-2.25
错误:在 390 行:X22.3086 Y28.215 Z-2.25,"Z"和"C"碰撞.


******************** 刀路错误报告 ********************
错误391行,文件名:G682尝试后处理-777.NC.NC
X21.4634 Y27.0559 Z-2.325
错误:在 391 行:X21.4634 Y27.0559 Z-2.325,"Z"和"A"碰撞.


******************** 刀路错误报告 ********************
错误391行,文件名:G682尝试后处理-777.NC.NC
X21.4634 Y27.0559 Z-2.325
错误:在 391 行:X21.4634 Y27.0559 Z-2.325,"Z"和"C"碰撞.


******************** 刀路错误报告 ********************
错误392行,文件名:G682尝试后处理-777.NC.NC
X21.023 Y25.6906 Z-2.4
错误:在 392 行:X21.023 Y25.6906 Z-2.4,"Z"和"A"碰撞.


******************** 刀路错误报告 ********************
错误392行,文件名:G682尝试后处理-777.NC.NC
X21.023 Y25.6906 Z-2.4
错误:在 392 行:X21.023 Y25.6906 Z-2.4,"Z"和"C"碰撞.


******************** 刀路错误报告 ********************
错误393行,文件名:G682尝试后处理-777.NC.NC
X21.0315 Y24.2561 Z-2.475
错误:在 393 行:X21.0315 Y24.2561 Z-2.475,"Z"和"A"碰撞.


******************** 刀路错误报告 ********************
错误393行,文件名:G682尝试后处理-777.NC.NC
X21.0315 Y24.2561 Z-2.475
错误:在 393 行:X21.0315 Y24.2561 Z-2.475,"Z"和"C"碰撞.


******************** 刀路错误报告 ********************
错误394行,文件名:G682尝试后处理-777.NC.NC
X21.4882 Y22.8961 Z-2.55
错误:在 394 行:X21.4882 Y22.8961 Z-2.55,"Z"和"A"碰撞.


******************** 刀路错误报告 ********************
错误394行,文件名:G682尝试后处理-777.NC.NC
X21.4882 Y22.8961 Z-2.55
错误:在 394 行:X21.4882 Y22.8961 Z-2.55,"Z"和"C"碰撞.


******************** 刀路错误报告 ********************
错误395行,文件名:G682尝试后处理-777.NC.NC
X22.3472 Y21.7472 Z-2.625
错误:在 395 行:X22.3472 Y21.7472 Z-2.625,"Z"和"A"碰撞.


******************** 刀路错误报告 ********************
错误395行,文件名:G682尝试后处理-777.NC.NC
X22.3472 Y21.7472 Z-2.625
错误:在 395 行:X22.3472 Y21.7472 Z-2.625,"Z"和"C"碰撞.


******************** 刀路错误报告 ********************
错误396行,文件名:G682尝试后处理-777.NC.NC
X23.5224 Y20.9245 Z-2.7
错误:在 396 行:X23.5224 Y20.9245 Z-2.7,"Z"和"A"碰撞.


******************** 刀路错误报告 ********************
错误396行,文件名:G682尝试后处理-777.NC.NC
X23.5224 Y20.9245 Z-2.7
错误:在 396 行:X23.5224 Y20.9245 Z-2.7,"Z"和"C"碰撞.


******************** 刀路错误报告 ********************
错误397行,文件名:G682尝试后处理-777.NC.NC
X24.8959 Y20.5105 Z-2.775
错误:在 397 行:X24.8959 Y20.5105 Z-2.775,"Z"和"A"碰撞.


******************** 刀路错误报告 ********************
错误397行,文件名:G682尝试后处理-777.NC.NC
X24.8959 Y20.5105 Z-2.775
错误:在 397 行:X24.8959 Y20.5105 Z-2.775,"Z"和"C"碰撞.


******************** 刀路错误报告 ********************
错误398行,文件名:G682尝试后处理-777.NC.NC
X26.33 Y20.5467 Z-2.85
错误:在 398 行:X26.33 Y20.5467 Z-2.85,"Z"和"A"碰撞.


******************** 刀路错误报告 ********************
错误398行,文件名:G682尝试后处理-777.NC.NC
X26.33 Y20.5467 Z-2.85
错误:在 398 行:X26.33 Y20.5467 Z-2.85,"Z"和"C"碰撞.


******************** 刀路错误报告 ********************
错误399行,文件名:G682尝试后处理-777.NC.NC
X27.6809 Y21.0295 Z-2.925
错误:在 399 行:X27.6809 Y21.0295 Z-2.925,"Z"和"A"碰撞.


******************** 刀路错误报告 ********************
错误399行,文件名:G682尝试后处理-777.NC.NC
X27.6809 Y21.0295 Z-2.925
错误:在 399 行:X27.6809 Y21.0295 Z-2.925,"Z"和"C"碰撞.


******************** 刀路错误报告 ********************
错误400行,文件名:G682尝试后处理-777.NC.NC
X28.7911 Y21.931 Z-3.
错误:在 400 行:X28.7911 Y21.931 Z-3.,"Z"和"A"碰撞.


******************** 刀路错误报告 ********************
错误400行,文件名:G682尝试后处理-777.NC.NC
X28.7911 Y21.931 Z-3.
错误:在 400 行:X28.7911 Y21.931 Z-3.,"Z"和"C"碰撞.


******************** 刀路错误报告 ********************
错误401行,文件名:G682尝试后处理-777.NC.NC
X39.6898 Y33.6184
错误:在 401 行:X39.6898 Y33.6184,"Z"和"A"碰撞.


******************** 刀路错误报告 ********************
错误401行,文件名:G682尝试后处理-777.NC.NC
X39.6898 Y33.6184
错误:在 401 行:X39.6898 Y33.6184,"Z"和"C"碰撞.


******************** 刀路错误报告 ********************
错误402行,文件名:G682尝试后处理-777.NC.NC
X33.839 Y39.0744
错误:在 402 行:X33.839 Y39.0744,"Z"和"A"碰撞.


******************** 刀路错误报告 ********************
错误402行,文件名:G682尝试后处理-777.NC.NC
X33.839 Y39.0744
错误:在 402 行:X33.839 Y39.0744,"Z"和"C"碰撞.


******************** 刀路错误报告 ********************
错误403行,文件名:G682尝试后处理-777.NC.NC
G03 X33.157Y39.3431 Z-3. R1.
错误:在 403 行:G03 X33.157Y39.3431 Z-3. R1.,"Z"和"A"碰撞.


******************** 刀路错误报告 ********************
错误403行,文件名:G682尝试后处理-777.NC.NC
G03 X33.157Y39.3431 Z-3. R1.
错误:在 403 行:G03 X33.157Y39.3431 Z-3. R1.,"Z"和"C"碰撞.


******************** 刀路错误报告 ********************
错误404行,文件名:G682尝试后处理-777.NC.NC
G03 X32.4256Y39.0251 Z-3. R1.
错误:在 404 行:G03 X32.4256Y39.0251 Z-3. R1.,"Z"和"A"碰撞.


******************** 刀路错误报告 ********************
错误404行,文件名:G682尝试后处理-777.NC.NC
G03 X32.4256Y39.0251 Z-3. R1.
错误:在 404 行:G03 X32.4256Y39.0251 Z-3. R1.,"Z"和"C"碰撞.


******************** 刀路错误报告 ********************
错误405行,文件名:G682尝试后处理-777.NC.NC
G01 X11.9922 Y17.1129
错误:在 405 行:G01 X11.9922 Y17.1129,"Z"和"A"碰撞.


******************** 刀路错误报告 ********************
错误405行,文件名:G682尝试后处理-777.NC.NC
G01 X11.9922 Y17.1129
错误:在 405 行:G01 X11.9922 Y17.1129,"Z"和"C"碰撞.


******************** 刀路错误报告 ********************
错误406行,文件名:G682尝试后处理-777.NC.NC
G03 X11.7236Y16.4309 Z-3. R1.
错误:在 406 行:G03 X11.7236Y16.4309 Z-3. R1.,"Z"和"A"碰撞.


******************** 刀路错误报告 ********************
错误406行,文件名:G682尝试后处理-777.NC.NC
G03 X11.7236Y16.4309 Z-3. R1.
错误:在 406 行:G03 X11.7236Y16.4309 Z-3. R1.,"Z"和"C"碰撞.


******************** 刀路错误报告 ********************
错误407行,文件名:G682尝试后处理-777.NC.NC
G03 X12.0416Y15.6996 Z-3. R1.
错误:在 407 行:G03 X12.0416Y15.6996 Z-3. R1.,"Z"和"A"碰撞.


******************** 刀路错误报告 ********************
错误407行,文件名:G682尝试后处理-777.NC.NC
G03 X12.0416Y15.6996 Z-3. R1.
错误:在 407 行:G03 X12.0416Y15.6996 Z-3. R1.,"Z"和"C"碰撞.


******************** 刀路错误报告 ********************
错误408行,文件名:G682尝试后处理-777.NC.NC
G01 X17.8924 Y10.2436
错误:在 408 行:G01 X17.8924 Y10.2436,"Z"和"A"碰撞.


******************** 刀路错误报告 ********************
错误408行,文件名:G682尝试后处理-777.NC.NC
G01 X17.8924 Y10.2436
错误:在 408 行:G01 X17.8924 Y10.2436,"Z"和"C"碰撞.


******************** 刀路错误报告 ********************
错误409行,文件名:G682尝试后处理-777.NC.NC
X28.7911 Y21.931
错误:在 409 行:X28.7911 Y21.931,"Z"和"A"碰撞.


******************** 刀路错误报告 ********************
错误409行,文件名:G682尝试后处理-777.NC.NC
X28.7911 Y21.931
错误:在 409 行:X28.7911 Y21.931,"Z"和"C"碰撞.


******************** 刀路错误报告 ********************
错误410行,文件名:G682尝试后处理-777.NC.NC
X25.1343 Y25.341
错误:在 410 行:X25.1343 Y25.341,"Z"和"A"碰撞.


******************** 刀路错误报告 ********************
错误410行,文件名:G682尝试后处理-777.NC.NC
X25.1343 Y25.341
错误:在 410 行:X25.1343 Y25.341,"Z"和"C"碰撞.


******************** 刀路错误报告 ********************
错误411行,文件名:G682尝试后处理-777.NC.NC
Z0.0
错误:在 411 行:Z0.0,"Z"和"A"碰撞.


******************** 刀路错误报告 ********************
错误411行,文件名:G682尝试后处理-777.NC.NC
Z0.0
错误:在 411 行:Z0.0,"Z"和"C"碰撞.


******************** 刀路错误报告 ********************
错误412行,文件名:G682尝试后处理-777.NC.NC
G00 Z10.
错误:在 412 行:G00 Z10.,"Z"和"A"碰撞.


******************** 刀路错误报告 ********************
错误412行,文件名:G682尝试后处理-777.NC.NC
G00 Z10.
错误:在 412 行:G00 Z10.,"Z"和"C"碰撞.


******************** 刀路错误报告 ********************
错误414行,文件名:G682尝试后处理-777.NC.NC
Z-1.
错误:在 414 行:Z-1.,"Z"和"A"碰撞.


******************** 刀路错误报告 ********************
错误414行,文件名:G682尝试后处理-777.NC.NC
Z-1.
错误:在 414 行:Z-1.,"Z"和"C"碰撞.


******************** 刀路错误报告 ********************
错误415行,文件名:G682尝试后处理-777.NC.NC
G01 X29.2721 Y22.4915 Z-1.075
错误:在 415 行:G01 X29.2721 Y22.4915 Z-1.075,"Z"和"A"碰撞.


******************** 刀路错误报告 ********************
错误415行,文件名:G682尝试后处理-777.NC.NC
G01 X29.2721 Y22.4915 Z-1.075
错误:在 415 行:G01 X29.2721 Y22.4915 Z-1.075,"Z"和"C"碰撞.


******************** 刀路错误报告 ********************
错误416行,文件名:G682尝试后处理-777.NC.NC
X29.8673 Y23.7968 Z-1.15
错误:在 416 行:X29.8673 Y23.7968 Z-1.15,"Z"和"A"碰撞.


******************** 刀路错误报告 ********************
错误416行,文件名:G682尝试后处理-777.NC.NC
X29.8673 Y23.7968 Z-1.15
错误:在 416 行:X29.8673 Y23.7968 Z-1.15,"Z"和"C"碰撞.


******************** 刀路错误报告 ********************
错误417行,文件名:G682尝试后处理-777.NC.NC
X30.0245 Y25.2227 Z-1.225
错误:在 417 行:X30.0245 Y25.2227 Z-1.225,"Z"和"A"碰撞.


******************** 刀路错误报告 ********************
错误417行,文件名:G682尝试后处理-777.NC.NC
X30.0245 Y25.2227 Z-1.225
错误:在 417 行:X30.0245 Y25.2227 Z-1.225,"Z"和"C"碰撞.


******************** 刀路错误报告 ********************
错误418行,文件名:G682尝试后处理-777.NC.NC
X29.728 Y26.6263 Z-1.3
错误:在 418 行:X29.728 Y26.6263 Z-1.3,"Z"和"A"碰撞.


******************** 刀路错误报告 ********************
错误418行,文件名:G682尝试后处理-777.NC.NC
X29.728 Y26.6263 Z-1.3
错误:在 418 行:X29.728 Y26.6263 Z-1.3,"Z"和"C"碰撞.


******************** 刀路错误报告 ********************
错误419行,文件名:G682尝试后处理-777.NC.NC
X29.0075 Y27.8668 Z-1.375
错误:在 419 行:X29.0075 Y27.8668 Z-1.375,"Z"和"A"碰撞.


******************** 刀路错误报告 ********************
错误419行,文件名:G682尝试后处理-777.NC.NC
X29.0075 Y27.8668 Z-1.375
错误:在 419 行:X29.0075 Y27.8668 Z-1.375,"Z"和"C"碰撞.


******************** 刀路错误报告 ********************
错误420行,文件名:G682尝试后处理-777.NC.NC
X27.9352 Y28.8198 Z-1.45
错误:在 420 行:X27.9352 Y28.8198 Z-1.45,"Z"和"A"碰撞.


******************** 刀路错误报告 ********************
错误420行,文件名:G682尝试后处理-777.NC.NC
X27.9352 Y28.8198 Z-1.45
错误:在 420 行:X27.9352 Y28.8198 Z-1.45,"Z"和"C"碰撞.


******************** 刀路错误报告 ********************
错误421行,文件名:G682尝试后处理-777.NC.NC
X26.6187 Y29.3897 Z-1.525
错误:在 421 行:X26.6187 Y29.3897 Z-1.525,"Z"和"A"碰撞.


******************** 刀路错误报告 ********************
错误421行,文件名:G682尝试后处理-777.NC.NC
X26.6187 Y29.3897 Z-1.525
错误:在 421 行:X26.6187 Y29.3897 Z-1.525,"Z"和"C"碰撞.


******************** 刀路错误报告 ********************
错误422行,文件名:G682尝试后处理-777.NC.NC
X25.19 Y29.5194 Z-1.6
错误:在 422 行:X25.19 Y29.5194 Z-1.6,"Z"和"A"碰撞.


******************** 刀路错误报告 ********************
错误422行,文件名:G682尝试后处理-777.NC.NC
X25.19 Y29.5194 Z-1.6
错误:在 422 行:X25.19 Y29.5194 Z-1.6,"Z"和"C"碰撞.


******************** 刀路错误报告 ********************
错误423行,文件名:G682尝试后处理-777.NC.NC
X23.7924 Y29.1958 Z-1.675
错误:在 423 行:X23.7924 Y29.1958 Z-1.675,"Z"和"A"碰撞.


******************** 刀路错误报告 ********************
错误423行,文件名:G682尝试后处理-777.NC.NC
X23.7924 Y29.1958 Z-1.675
错误:在 423 行:X23.7924 Y29.1958 Z-1.675,"Z"和"C"碰撞.


******************** 刀路错误报告 ********************
错误424行,文件名:G682尝试后处理-777.NC.NC
X22.5661 Y28.4515 Z-1.75
错误:在 424 行:X22.5661 Y28.4515 Z-1.75,"Z"和"A"碰撞.


******************** 刀路错误报告 ********************
错误424行,文件名:G682尝试后处理-777.NC.NC
X22.5661 Y28.4515 Z-1.75
错误:在 424 行:X22.5661 Y28.4515 Z-1.75,"Z"和"C"碰撞.


******************** 刀路错误报告 ********************
错误425行,文件名:G682尝试后处理-777.NC.NC
X21.634 Y27.3611 Z-1.825
错误:在 425 行:X21.634 Y27.3611 Z-1.825,"Z"和"A"碰撞.


******************** 刀路错误报告 ********************
错误425行,文件名:G682尝试后处理-777.NC.NC
X21.634 Y27.3611 Z-1.825
错误:在 425 行:X21.634 Y27.3611 Z-1.825,"Z"和"C"碰撞.


******************** 刀路错误报告 ********************
错误426行,文件名:G682尝试后处理-777.NC.NC
X21.0895 Y26.0338 Z-1.9
错误:在 426 行:X21.0895 Y26.0338 Z-1.9,"Z"和"A"碰撞.


******************** 刀路错误报告 ********************
错误426行,文件名:G682尝试后处理-777.NC.NC
X21.0895 Y26.0338 Z-1.9
错误:在 426 行:X21.0895 Y26.0338 Z-1.9,"Z"和"C"碰撞.


******************** 刀路错误报告 ********************
错误427行,文件名:G682尝试后处理-777.NC.NC
X20.9874 Y24.6029 Z-1.975
错误:在 427 行:X20.9874 Y24.6029 Z-1.975,"Z"和"A"碰撞.


******************** 刀路错误报告 ********************
错误427行,文件名:G682尝试后处理-777.NC.NC
X20.9874 Y24.6029 Z-1.975
错误:在 427 行:X20.9874 Y24.6029 Z-1.975,"Z"和"C"碰撞.


******************** 刀路错误报告 ********************
错误428行,文件名:G682尝试后处理-777.NC.NC
X21.3379 Y23.2118 Z-2.05
错误:在 428 行:X21.3379 Y23.2118 Z-2.05,"Z"和"A"碰撞.


******************** 刀路错误报告 ********************
错误428行,文件名:G682尝试后处理-777.NC.NC
X21.3379 Y23.2118 Z-2.05
错误:在 428 行:X21.3379 Y23.2118 Z-2.05,"Z"和"C"碰撞.


******************** 刀路错误报告 ********************
错误429行,文件名:G682尝试后处理-777.NC.NC
X22.1057 Y22. Z-2.125
错误:在 429 行:X22.1057 Y22. Z-2.125,"Z"和"A"碰撞.


******************** 刀路错误报告 ********************
错误429行,文件名:G682尝试后处理-777.NC.NC
X22.1057 Y22. Z-2.125
错误:在 429 行:X22.1057 Y22. Z-2.125,"Z"和"C"碰撞.


******************** 刀路错误报告 ********************
错误430行,文件名:G682尝试后处理-777.NC.NC
X23.214 Y21.0891 Z-2.2
错误:在 430 行:X23.214 Y21.0891 Z-2.2,"Z"和"A"碰撞.


******************** 刀路错误报告 ********************
错误430行,文件名:G682尝试后处理-777.NC.NC
X23.214 Y21.0891 Z-2.2
错误:在 430 行:X23.214 Y21.0891 Z-2.2,"Z"和"C"碰撞.


******************** 刀路错误报告 ********************
错误431行,文件名:G682尝试后处理-777.NC.NC
X24.5515 Y20.5704 Z-2.275
错误:在 431 行:X24.5515 Y20.5704 Z-2.275,"Z"和"A"碰撞.


******************** 刀路错误报告 ********************
错误431行,文件名:G682尝试后处理-777.NC.NC
X24.5515 Y20.5704 Z-2.275
错误:在 431 行:X24.5515 Y20.5704 Z-2.275,"Z"和"C"碰撞.


******************** 刀路错误报告 ********************
错误432行,文件名:G682尝试后处理-777.NC.NC
X25.9841 Y20.4959 Z-2.35
错误:在 432 行:X25.9841 Y20.4959 Z-2.35,"Z"和"A"碰撞.


******************** 刀路错误报告 ********************
错误432行,文件名:G682尝试后处理-777.NC.NC
X25.9841 Y20.4959 Z-2.35
错误:在 432 行:X25.9841 Y20.4959 Z-2.35,"Z"和"C"碰撞.


******************** 刀路错误报告 ********************
错误433行,文件名:G682尝试后处理-777.NC.NC
X27.3682 Y20.8732 Z-2.425
错误:在 433 行:X27.3682 Y20.8732 Z-2.425,"Z"和"A"碰撞.


******************** 刀路错误报告 ********************
错误433行,文件名:G682尝试后处理-777.NC.NC
X27.3682 Y20.8732 Z-2.425
错误:在 433 行:X27.3682 Y20.8732 Z-2.425,"Z"和"C"碰撞.


******************** 刀路错误报告 ********************
错误434行,文件名:G682尝试后处理-777.NC.NC
X28.5649 Y21.6643 Z-2.5
错误:在 434 行:X28.5649 Y21.6643 Z-2.5,"Z"和"A"碰撞.


******************** 刀路错误报告 ********************
错误434行,文件名:G682尝试后处理-777.NC.NC
X28.5649 Y21.6643 Z-2.5
错误:在 434 行:X28.5649 Y21.6643 Z-2.5,"Z"和"C"碰撞.


******************** 刀路错误报告 ********************
错误435行,文件名:G682尝试后处理-777.NC.NC
X29.4543 Y22.7899 Z-2.575
错误:在 435 行:X29.4543 Y22.7899 Z-2.575,"Z"和"A"碰撞.


******************** 刀路错误报告 ********************
错误435行,文件名:G682尝试后处理-777.NC.NC
X29.4543 Y22.7899 Z-2.575
错误:在 435 行:X29.4543 Y22.7899 Z-2.575,"Z"和"C"碰撞.


******************** 刀路错误报告 ********************
错误436行,文件名:G682尝试后处理-777.NC.NC
X29.9471 Y24.1371 Z-2.65
错误:在 436 行:X29.9471 Y24.1371 Z-2.65,"Z"和"A"碰撞.


******************** 刀路错误报告 ********************
错误436行,文件名:G682尝试后处理-777.NC.NC
X29.9471 Y24.1371 Z-2.65
错误:在 436 行:X29.9471 Y24.1371 Z-2.65,"Z"和"C"碰撞.


******************** 刀路错误报告 ********************
错误437行,文件名:G682尝试后处理-777.NC.NC
X29.9939 Y25.5709 Z-2.725
错误:在 437 行:X29.9939 Y25.5709 Z-2.725,"Z"和"A"碰撞.


******************** 刀路错误报告 ********************
错误437行,文件名:G682尝试后处理-777.NC.NC
X29.9939 Y25.5709 Z-2.725
错误:在 437 行:X29.9939 Y25.5709 Z-2.725,"Z"和"C"碰撞.


******************** 刀路错误报告 ********************
错误438行,文件名:G682尝试后处理-777.NC.NC
X29.59 Y26.9475 Z-2.8
错误:在 438 行:X29.59 Y26.9475 Z-2.8,"Z"和"A"碰撞.


******************** 刀路错误报告 ********************
错误438行,文件名:G682尝试后处理-777.NC.NC
X29.59 Y26.9475 Z-2.8
错误:在 438 行:X29.59 Y26.9475 Z-2.8,"Z"和"C"碰撞.


******************** 刀路错误报告 ********************
错误439行,文件名:G682尝试后处理-777.NC.NC
X28.776 Y28.1287 Z-2.875
错误:在 439 行:X28.776 Y28.1287 Z-2.875,"Z"和"A"碰撞.


******************** 刀路错误报告 ********************
错误439行,文件名:G682尝试后处理-777.NC.NC
X28.776 Y28.1287 Z-2.875
错误:在 439 行:X28.776 Y28.1287 Z-2.875,"Z"和"C"碰撞.


******************** 刀路错误报告 ********************
错误440行,文件名:G682尝试后处理-777.NC.NC
X27.6334 Y28.9962 Z-2.95
错误:在 440 行:X27.6334 Y28.9962 Z-2.95,"Z"和"A"碰撞.


******************** 刀路错误报告 ********************
错误440行,文件名:G682尝试后处理-777.NC.NC
X27.6334 Y28.9962 Z-2.95
错误:在 440 行:X27.6334 Y28.9962 Z-2.95,"Z"和"C"碰撞.


******************** 刀路错误报告 ********************
错误441行,文件名:G682尝试后处理-777.NC.NC
X26.2769 Y29.4629 Z-3.025
错误:在 441 行:X26.2769 Y29.4629 Z-3.025,"Z"和"A"碰撞.


******************** 刀路错误报告 ********************
错误441行,文件名:G682尝试后处理-777.NC.NC
X26.2769 Y29.4629 Z-3.025
错误:在 441 行:X26.2769 Y29.4629 Z-3.025,"Z"和"C"碰撞.


******************** 刀路错误报告 ********************
错误442行,文件名:G682尝试后处理-777.NC.NC
X24.8424 Y29.482 Z-3.1
错误:在 442 行:X24.8424 Y29.482 Z-3.1,"Z"和"A"碰撞.


******************** 刀路错误报告 ********************
错误442行,文件名:G682尝试后处理-777.NC.NC
X24.8424 Y29.482 Z-3.1
错误:在 442 行:X24.8424 Y29.482 Z-3.1,"Z"和"C"碰撞.


******************** 刀路错误报告 ********************
错误443行,文件名:G682尝试后处理-777.NC.NC
X23.474 Y29.0517 Z-3.175
错误:在 443 行:X23.474 Y29.0517 Z-3.175,"Z"和"A"碰撞.


******************** 刀路错误报告 ********************
错误443行,文件名:G682尝试后处理-777.NC.NC
X23.474 Y29.0517 Z-3.175
错误:在 443 行:X23.474 Y29.0517 Z-3.175,"Z"和"C"碰撞.


******************** 刀路错误报告 ********************
错误444行,文件名:G682尝试后处理-777.NC.NC
X22.3086 Y28.215 Z-3.25
错误:在 444 行:X22.3086 Y28.215 Z-3.25,"Z"和"A"碰撞.


******************** 刀路错误报告 ********************
错误444行,文件名:G682尝试后处理-777.NC.NC
X22.3086 Y28.215 Z-3.25
错误:在 444 行:X22.3086 Y28.215 Z-3.25,"Z"和"C"碰撞.


******************** 刀路错误报告 ********************
错误445行,文件名:G682尝试后处理-777.NC.NC
X21.4634 Y27.0559 Z-3.325
错误:在 445 行:X21.4634 Y27.0559 Z-3.325,"Z"和"A"碰撞.


******************** 刀路错误报告 ********************
错误445行,文件名:G682尝试后处理-777.NC.NC
X21.4634 Y27.0559 Z-3.325
错误:在 445 行:X21.4634 Y27.0559 Z-3.325,"Z"和"C"碰撞.


******************** 刀路错误报告 ********************
错误446行,文件名:G682尝试后处理-777.NC.NC
X21.023 Y25.6906 Z-3.4
错误:在 446 行:X21.023 Y25.6906 Z-3.4,"Z"和"A"碰撞.


******************** 刀路错误报告 ********************
错误446行,文件名:G682尝试后处理-777.NC.NC
X21.023 Y25.6906 Z-3.4
错误:在 446 行:X21.023 Y25.6906 Z-3.4,"Z"和"C"碰撞.


******************** 刀路错误报告 ********************
错误447行,文件名:G682尝试后处理-777.NC.NC
X21.0315 Y24.2561 Z-3.475
错误:在 447 行:X21.0315 Y24.2561 Z-3.475,"Z"和"A"碰撞.


******************** 刀路错误报告 ********************
错误447行,文件名:G682尝试后处理-777.NC.NC
X21.0315 Y24.2561 Z-3.475
错误:在 447 行:X21.0315 Y24.2561 Z-3.475,"Z"和"C"碰撞.


******************** 刀路错误报告 ********************
错误448行,文件名:G682尝试后处理-777.NC.NC
X21.4882 Y22.8961 Z-3.55
错误:在 448 行:X21.4882 Y22.8961 Z-3.55,"Z"和"A"碰撞.


******************** 刀路错误报告 ********************
错误448行,文件名:G682尝试后处理-777.NC.NC
X21.4882 Y22.8961 Z-3.55
错误:在 448 行:X21.4882 Y22.8961 Z-3.55,"Z"和"C"碰撞.


******************** 刀路错误报告 ********************
错误449行,文件名:G682尝试后处理-777.NC.NC
X22.3472 Y21.7472 Z-3.625
错误:在 449 行:X22.3472 Y21.7472 Z-3.625,"Z"和"A"碰撞.


******************** 刀路错误报告 ********************
错误449行,文件名:G682尝试后处理-777.NC.NC
X22.3472 Y21.7472 Z-3.625
错误:在 449 行:X22.3472 Y21.7472 Z-3.625,"Z"和"C"碰撞.


******************** 刀路错误报告 ********************
错误450行,文件名:G682尝试后处理-777.NC.NC
X23.5224 Y20.9245 Z-3.7
错误:在 450 行:X23.5224 Y20.9245 Z-3.7,"Z"和"A"碰撞.


******************** 刀路错误报告 ********************
错误450行,文件名:G682尝试后处理-777.NC.NC
X23.5224 Y20.9245 Z-3.7
错误:在 450 行:X23.5224 Y20.9245 Z-3.7,"Z"和"C"碰撞.


******************** 刀路错误报告 ********************
错误451行,文件名:G682尝试后处理-777.NC.NC
X24.8959 Y20.5105 Z-3.775
错误:在 451 行:X24.8959 Y20.5105 Z-3.775,"Z"和"A"碰撞.


******************** 刀路错误报告 ********************
错误451行,文件名:G682尝试后处理-777.NC.NC
X24.8959 Y20.5105 Z-3.775
错误:在 451 行:X24.8959 Y20.5105 Z-3.775,"Z"和"C"碰撞.


******************** 刀路错误报告 ********************
错误452行,文件名:G682尝试后处理-777.NC.NC
X26.33 Y20.5467 Z-3.85
错误:在 452 行:X26.33 Y20.5467 Z-3.85,"Z"和"A"碰撞.


******************** 刀路错误报告 ********************
错误452行,文件名:G682尝试后处理-777.NC.NC
X26.33 Y20.5467 Z-3.85
错误:在 452 行:X26.33 Y20.5467 Z-3.85,"Z"和"C"碰撞.


******************** 刀路错误报告 ********************
错误453行,文件名:G682尝试后处理-777.NC.NC
X27.6809 Y21.0295 Z-3.925
错误:在 453 行:X27.6809 Y21.0295 Z-3.925,"Z"和"A"碰撞.


******************** 刀路错误报告 ********************
错误453行,文件名:G682尝试后处理-777.NC.NC
X27.6809 Y21.0295 Z-3.925
错误:在 453 行:X27.6809 Y21.0295 Z-3.925,"Z"和"C"碰撞.


******************** 刀路错误报告 ********************
错误454行,文件名:G682尝试后处理-777.NC.NC
X28.7911 Y21.931 Z-4.
错误:在 454 行:X28.7911 Y21.931 Z-4.,"Z"和"A"碰撞.


******************** 刀路错误报告 ********************
错误454行,文件名:G682尝试后处理-777.NC.NC
X28.7911 Y21.931 Z-4.
错误:在 454 行:X28.7911 Y21.931 Z-4.,"Z"和"C"碰撞.


******************** 刀路错误报告 ********************
错误455行,文件名:G682尝试后处理-777.NC.NC
X39.6898 Y33.6184
错误:在 455 行:X39.6898 Y33.6184,"Z"和"A"碰撞.


******************** 刀路错误报告 ********************
错误455行,文件名:G682尝试后处理-777.NC.NC
X39.6898 Y33.6184
错误:在 455 行:X39.6898 Y33.6184,"Z"和"C"碰撞.


******************** 刀路错误报告 ********************
错误456行,文件名:G682尝试后处理-777.NC.NC
X33.839 Y39.0744
错误:在 456 行:X33.839 Y39.0744,"Z"和"A"碰撞.


******************** 刀路错误报告 ********************
错误456行,文件名:G682尝试后处理-777.NC.NC
X33.839 Y39.0744
错误:在 456 行:X33.839 Y39.0744,"Z"和"C"碰撞.


******************** 刀路错误报告 ********************
错误457行,文件名:G682尝试后处理-777.NC.NC
G03 X33.157Y39.3431 Z-4. R1.
错误:在 457 行:G03 X33.157Y39.3431 Z-4. R1.,"Z"和"A"碰撞.


******************** 刀路错误报告 ********************
错误457行,文件名:G682尝试后处理-777.NC.NC
G03 X33.157Y39.3431 Z-4. R1.
错误:在 457 行:G03 X33.157Y39.3431 Z-4. R1.,"Z"和"C"碰撞.


******************** 刀路错误报告 ********************
错误458行,文件名:G682尝试后处理-777.NC.NC
G03 X32.4256Y39.0251 Z-4. R1.
错误:在 458 行:G03 X32.4256Y39.0251 Z-4. R1.,"Z"和"A"碰撞.


******************** 刀路错误报告 ********************
错误458行,文件名:G682尝试后处理-777.NC.NC
G03 X32.4256Y39.0251 Z-4. R1.
错误:在 458 行:G03 X32.4256Y39.0251 Z-4. R1.,"Z"和"C"碰撞.


******************** 刀路错误报告 ********************
错误459行,文件名:G682尝试后处理-777.NC.NC
G01 X11.9922 Y17.1129
错误:在 459 行:G01 X11.9922 Y17.1129,"Z"和"A"碰撞.


******************** 刀路错误报告 ********************
错误459行,文件名:G682尝试后处理-777.NC.NC
G01 X11.9922 Y17.1129
错误:在 459 行:G01 X11.9922 Y17.1129,"Z"和"C"碰撞.


******************** 刀路错误报告 ********************
错误460行,文件名:G682尝试后处理-777.NC.NC
G03 X11.7236Y16.4309 Z-4. R1.
错误:在 460 行:G03 X11.7236Y16.4309 Z-4. R1.,"Z"和"A"碰撞.


******************** 刀路错误报告 ********************
错误460行,文件名:G682尝试后处理-777.NC.NC
G03 X11.7236Y16.4309 Z-4. R1.
错误:在 460 行:G03 X11.7236Y16.4309 Z-4. R1.,"Z"和"C"碰撞.


******************** 刀路错误报告 ********************
错误461行,文件名:G682尝试后处理-777.NC.NC
G03 X12.0416Y15.6996 Z-4. R1.
错误:在 461 行:G03 X12.0416Y15.6996 Z-4. R1.,"Z"和"A"碰撞.


******************** 刀路错误报告 ********************
错误461行,文件名:G682尝试后处理-777.NC.NC
G03 X12.0416Y15.6996 Z-4. R1.
错误:在 461 行:G03 X12.0416Y15.6996 Z-4. R1.,"Z"和"C"碰撞.


******************** 刀路错误报告 ********************
错误462行,文件名:G682尝试后处理-777.NC.NC
G01 X17.8924 Y10.2436
错误:在 462 行:G01 X17.8924 Y10.2436,"Z"和"A"碰撞.


******************** 刀路错误报告 ********************
错误462行,文件名:G682尝试后处理-777.NC.NC
G01 X17.8924 Y10.2436
错误:在 462 行:G01 X17.8924 Y10.2436,"Z"和"C"碰撞.


******************** 刀路错误报告 ********************
错误463行,文件名:G682尝试后处理-777.NC.NC
X28.7911 Y21.931
错误:在 463 行:X28.7911 Y21.931,"Z"和"A"碰撞.


******************** 刀路错误报告 ********************
错误463行,文件名:G682尝试后处理-777.NC.NC
X28.7911 Y21.931
错误:在 463 行:X28.7911 Y21.931,"Z"和"C"碰撞.


******************** 刀路错误报告 ********************
错误464行,文件名:G682尝试后处理-777.NC.NC
X25.1343 Y25.341
错误:在 464 行:X25.1343 Y25.341,"Z"和"A"碰撞.


******************** 刀路错误报告 ********************
错误464行,文件名:G682尝试后处理-777.NC.NC
X25.1343 Y25.341
错误:在 464 行:X25.1343 Y25.341,"Z"和"C"碰撞.


******************** 刀路错误报告 ********************
错误465行,文件名:G682尝试后处理-777.NC.NC
Z-1.
错误:在 465 行:Z-1.,"Z"和"A"碰撞.


******************** 刀路错误报告 ********************
错误465行,文件名:G682尝试后处理-777.NC.NC
Z-1.
错误:在 465 行:Z-1.,"Z"和"C"碰撞.


******************** 刀路错误报告 ********************
错误466行,文件名:G682尝试后处理-777.NC.NC
G00 Z10.
错误:在 466 行:G00 Z10.,"Z"和"A"碰撞.


******************** 刀路错误报告 ********************
错误466行,文件名:G682尝试后处理-777.NC.NC
G00 Z10.
错误:在 466 行:G00 Z10.,"Z"和"C"碰撞.


******************** 刀路错误报告 ********************
错误468行,文件名:G682尝试后处理-777.NC.NC
Z-2.
错误:在 468 行:Z-2.,"Z"和"A"碰撞.


******************** 刀路错误报告 ********************
错误468行,文件名:G682尝试后处理-777.NC.NC
Z-2.
错误:在 468 行:Z-2.,"Z"和"C"碰撞.


******************** 刀路错误报告 ********************
错误469行,文件名:G682尝试后处理-777.NC.NC
G01 X29.2721 Y22.4915 Z-2.075
错误:在 469 行:G01 X29.2721 Y22.4915 Z-2.075,"Z"和"A"碰撞.


******************** 刀路错误报告 ********************
错误469行,文件名:G682尝试后处理-777.NC.NC
G01 X29.2721 Y22.4915 Z-2.075
错误:在 469 行:G01 X29.2721 Y22.4915 Z-2.075,"Z"和"C"碰撞.


******************** 刀路错误报告 ********************
错误470行,文件名:G682尝试后处理-777.NC.NC
X29.8673 Y23.7968 Z-2.15
错误:在 470 行:X29.8673 Y23.7968 Z-2.15,"Z"和"A"碰撞.


******************** 刀路错误报告 ********************
错误470行,文件名:G682尝试后处理-777.NC.NC
X29.8673 Y23.7968 Z-2.15
错误:在 470 行:X29.8673 Y23.7968 Z-2.15,"Z"和"C"碰撞.


******************** 刀路错误报告 ********************
错误471行,文件名:G682尝试后处理-777.NC.NC
X30.0245 Y25.2227 Z-2.225
错误:在 471 行:X30.0245 Y25.2227 Z-2.225,"Z"和"A"碰撞.


******************** 刀路错误报告 ********************
错误471行,文件名:G682尝试后处理-777.NC.NC
X30.0245 Y25.2227 Z-2.225
错误:在 471 行:X30.0245 Y25.2227 Z-2.225,"Z"和"C"碰撞.


******************** 刀路错误报告 ********************
错误472行,文件名:G682尝试后处理-777.NC.NC
X29.728 Y26.6263 Z-2.3
错误:在 472 行:X29.728 Y26.6263 Z-2.3,"Z"和"A"碰撞.


******************** 刀路错误报告 ********************
错误472行,文件名:G682尝试后处理-777.NC.NC
X29.728 Y26.6263 Z-2.3
错误:在 472 行:X29.728 Y26.6263 Z-2.3,"Z"和"C"碰撞.


******************** 刀路错误报告 ********************
错误473行,文件名:G682尝试后处理-777.NC.NC
X29.0075 Y27.8668 Z-2.375
错误:在 473 行:X29.0075 Y27.8668 Z-2.375,"Z"和"A"碰撞.


******************** 刀路错误报告 ********************
错误473行,文件名:G682尝试后处理-777.NC.NC
X29.0075 Y27.8668 Z-2.375
错误:在 473 行:X29.0075 Y27.8668 Z-2.375,"Z"和"C"碰撞.


******************** 刀路错误报告 ********************
错误474行,文件名:G682尝试后处理-777.NC.NC
X27.9352 Y28.8198 Z-2.45
错误:在 474 行:X27.9352 Y28.8198 Z-2.45,"Z"和"A"碰撞.


******************** 刀路错误报告 ********************
错误474行,文件名:G682尝试后处理-777.NC.NC
X27.9352 Y28.8198 Z-2.45
错误:在 474 行:X27.9352 Y28.8198 Z-2.45,"Z"和"C"碰撞.


******************** 刀路错误报告 ********************
错误475行,文件名:G682尝试后处理-777.NC.NC
X26.6187 Y29.3897 Z-2.525
错误:在 475 行:X26.6187 Y29.3897 Z-2.525,"Z"和"A"碰撞.


******************** 刀路错误报告 ********************
错误475行,文件名:G682尝试后处理-777.NC.NC
X26.6187 Y29.3897 Z-2.525
错误:在 475 行:X26.6187 Y29.3897 Z-2.525,"Z"和"C"碰撞.


******************** 刀路错误报告 ********************
错误476行,文件名:G682尝试后处理-777.NC.NC
X25.19 Y29.5194 Z-2.6
错误:在 476 行:X25.19 Y29.5194 Z-2.6,"Z"和"A"碰撞.


******************** 刀路错误报告 ********************
错误476行,文件名:G682尝试后处理-777.NC.NC
X25.19 Y29.5194 Z-2.6
错误:在 476 行:X25.19 Y29.5194 Z-2.6,"Z"和"C"碰撞.


******************** 刀路错误报告 ********************
错误477行,文件名:G682尝试后处理-777.NC.NC
X23.7924 Y29.1958 Z-2.675
错误:在 477 行:X23.7924 Y29.1958 Z-2.675,"Z"和"A"碰撞.


******************** 刀路错误报告 ********************
错误477行,文件名:G682尝试后处理-777.NC.NC
X23.7924 Y29.1958 Z-2.675
错误:在 477 行:X23.7924 Y29.1958 Z-2.675,"Z"和"C"碰撞.


******************** 刀路错误报告 ********************
错误478行,文件名:G682尝试后处理-777.NC.NC
X22.5661 Y28.4515 Z-2.75
错误:在 478 行:X22.5661 Y28.4515 Z-2.75,"Z"和"A"碰撞.


******************** 刀路错误报告 ********************
错误478行,文件名:G682尝试后处理-777.NC.NC
X22.5661 Y28.4515 Z-2.75
错误:在 478 行:X22.5661 Y28.4515 Z-2.75,"Z"和"C"碰撞.


******************** 刀路错误报告 ********************
错误479行,文件名:G682尝试后处理-777.NC.NC
X21.634 Y27.3611 Z-2.825
错误:在 479 行:X21.634 Y27.3611 Z-2.825,"Z"和"A"碰撞.


******************** 刀路错误报告 ********************
错误479行,文件名:G682尝试后处理-777.NC.NC
X21.634 Y27.3611 Z-2.825
错误:在 479 行:X21.634 Y27.3611 Z-2.825,"Z"和"C"碰撞.


******************** 刀路错误报告 ********************
错误480行,文件名:G682尝试后处理-777.NC.NC
X21.0895 Y26.0338 Z-2.9
错误:在 480 行:X21.0895 Y26.0338 Z-2.9,"Z"和"A"碰撞.


******************** 刀路错误报告 ********************
错误480行,文件名:G682尝试后处理-777.NC.NC
X21.0895 Y26.0338 Z-2.9
错误:在 480 行:X21.0895 Y26.0338 Z-2.9,"Z"和"C"碰撞.


******************** 刀路错误报告 ********************
错误481行,文件名:G682尝试后处理-777.NC.NC
X20.9874 Y24.6029 Z-2.975
错误:在 481 行:X20.9874 Y24.6029 Z-2.975,"Z"和"A"碰撞.


******************** 刀路错误报告 ********************
错误481行,文件名:G682尝试后处理-777.NC.NC
X20.9874 Y24.6029 Z-2.975
错误:在 481 行:X20.9874 Y24.6029 Z-2.975,"Z"和"C"碰撞.


******************** 刀路错误报告 ********************
错误482行,文件名:G682尝试后处理-777.NC.NC
X21.3379 Y23.2118 Z-3.05
错误:在 482 行:X21.3379 Y23.2118 Z-3.05,"Z"和"A"碰撞.


******************** 刀路错误报告 ********************
错误482行,文件名:G682尝试后处理-777.NC.NC
X21.3379 Y23.2118 Z-3.05
错误:在 482 行:X21.3379 Y23.2118 Z-3.05,"Z"和"C"碰撞.


******************** 刀路错误报告 ********************
错误483行,文件名:G682尝试后处理-777.NC.NC
X22.1057 Y22. Z-3.125
错误:在 483 行:X22.1057 Y22. Z-3.125,"Z"和"A"碰撞.


******************** 刀路错误报告 ********************
错误483行,文件名:G682尝试后处理-777.NC.NC
X22.1057 Y22. Z-3.125
错误:在 483 行:X22.1057 Y22. Z-3.125,"Z"和"C"碰撞.


******************** 刀路错误报告 ********************
错误484行,文件名:G682尝试后处理-777.NC.NC
X23.214 Y21.0891 Z-3.2
错误:在 484 行:X23.214 Y21.0891 Z-3.2,"Z"和"A"碰撞.


******************** 刀路错误报告 ********************
错误484行,文件名:G682尝试后处理-777.NC.NC
X23.214 Y21.0891 Z-3.2
错误:在 484 行:X23.214 Y21.0891 Z-3.2,"Z"和"C"碰撞.


******************** 刀路错误报告 ********************
错误485行,文件名:G682尝试后处理-777.NC.NC
X24.5515 Y20.5704 Z-3.275
错误:在 485 行:X24.5515 Y20.5704 Z-3.275,"Z"和"A"碰撞.


******************** 刀路错误报告 ********************
错误485行,文件名:G682尝试后处理-777.NC.NC
X24.5515 Y20.5704 Z-3.275
错误:在 485 行:X24.5515 Y20.5704 Z-3.275,"Z"和"C"碰撞.


******************** 刀路错误报告 ********************
错误486行,文件名:G682尝试后处理-777.NC.NC
X25.9841 Y20.4959 Z-3.35
错误:在 486 行:X25.9841 Y20.4959 Z-3.35,"Z"和"A"碰撞.


******************** 刀路错误报告 ********************
错误486行,文件名:G682尝试后处理-777.NC.NC
X25.9841 Y20.4959 Z-3.35
错误:在 486 行:X25.9841 Y20.4959 Z-3.35,"Z"和"C"碰撞.


******************** 刀路错误报告 ********************
错误487行,文件名:G682尝试后处理-777.NC.NC
X27.3682 Y20.8732 Z-3.425
错误:在 487 行:X27.3682 Y20.8732 Z-3.425,"Z"和"A"碰撞.


******************** 刀路错误报告 ********************
错误487行,文件名:G682尝试后处理-777.NC.NC
X27.3682 Y20.8732 Z-3.425
错误:在 487 行:X27.3682 Y20.8732 Z-3.425,"Z"和"C"碰撞.


******************** 刀路错误报告 ********************
错误488行,文件名:G682尝试后处理-777.NC.NC
X28.5649 Y21.6643 Z-3.5
错误:在 488 行:X28.5649 Y21.6643 Z-3.5,"Z"和"A"碰撞.


******************** 刀路错误报告 ********************
错误488行,文件名:G682尝试后处理-777.NC.NC
X28.5649 Y21.6643 Z-3.5
错误:在 488 行:X28.5649 Y21.6643 Z-3.5,"Z"和"C"碰撞.


******************** 刀路错误报告 ********************
错误489行,文件名:G682尝试后处理-777.NC.NC
X29.4543 Y22.7899 Z-3.575
错误:在 489 行:X29.4543 Y22.7899 Z-3.575,"Z"和"A"碰撞.


******************** 刀路错误报告 ********************
错误489行,文件名:G682尝试后处理-777.NC.NC
X29.4543 Y22.7899 Z-3.575
错误:在 489 行:X29.4543 Y22.7899 Z-3.575,"Z"和"C"碰撞.


******************** 刀路错误报告 ********************
错误490行,文件名:G682尝试后处理-777.NC.NC
X29.9471 Y24.1371 Z-3.65
错误:在 490 行:X29.9471 Y24.1371 Z-3.65,"Z"和"A"碰撞.


******************** 刀路错误报告 ********************
错误490行,文件名:G682尝试后处理-777.NC.NC
X29.9471 Y24.1371 Z-3.65
错误:在 490 行:X29.9471 Y24.1371 Z-3.65,"Z"和"C"碰撞.


******************** 刀路错误报告 ********************
错误491行,文件名:G682尝试后处理-777.NC.NC
X29.9939 Y25.5709 Z-3.725
错误:在 491 行:X29.9939 Y25.5709 Z-3.725,"Z"和"A"碰撞.


******************** 刀路错误报告 ********************
错误491行,文件名:G682尝试后处理-777.NC.NC
X29.9939 Y25.5709 Z-3.725
错误:在 491 行:X29.9939 Y25.5709 Z-3.725,"Z"和"C"碰撞.


******************** 刀路错误报告 ********************
错误492行,文件名:G682尝试后处理-777.NC.NC
X29.59 Y26.9475 Z-3.8
错误:在 492 行:X29.59 Y26.9475 Z-3.8,"Z"和"A"碰撞.


******************** 刀路错误报告 ********************
错误492行,文件名:G682尝试后处理-777.NC.NC
X29.59 Y26.9475 Z-3.8
错误:在 492 行:X29.59 Y26.9475 Z-3.8,"Z"和"C"碰撞.


******************** 刀路错误报告 ********************
错误493行,文件名:G682尝试后处理-777.NC.NC
X28.776 Y28.1287 Z-3.875
错误:在 493 行:X28.776 Y28.1287 Z-3.875,"Z"和"A"碰撞.


******************** 刀路错误报告 ********************
错误493行,文件名:G682尝试后处理-777.NC.NC
X28.776 Y28.1287 Z-3.875
错误:在 493 行:X28.776 Y28.1287 Z-3.875,"Z"和"C"碰撞.


******************** 刀路错误报告 ********************
错误494行,文件名:G682尝试后处理-777.NC.NC
X27.6334 Y28.9962 Z-3.95
错误:在 494 行:X27.6334 Y28.9962 Z-3.95,"Z"和"A"碰撞.


******************** 刀路错误报告 ********************
错误494行,文件名:G682尝试后处理-777.NC.NC
X27.6334 Y28.9962 Z-3.95
错误:在 494 行:X27.6334 Y28.9962 Z-3.95,"Z"和"C"碰撞.


******************** 刀路错误报告 ********************
错误495行,文件名:G682尝试后处理-777.NC.NC
X26.2769 Y29.4629 Z-4.025
错误:在 495 行:X26.2769 Y29.4629 Z-4.025,"Z"和"A"碰撞.


******************** 刀路错误报告 ********************
错误495行,文件名:G682尝试后处理-777.NC.NC
X26.2769 Y29.4629 Z-4.025
错误:在 495 行:X26.2769 Y29.4629 Z-4.025,"Z"和"C"碰撞.


******************** 刀路错误报告 ********************
错误496行,文件名:G682尝试后处理-777.NC.NC
X24.8424 Y29.482 Z-4.1
错误:在 496 行:X24.8424 Y29.482 Z-4.1,"Z"和"A"碰撞.


******************** 刀路错误报告 ********************
错误496行,文件名:G682尝试后处理-777.NC.NC
X24.8424 Y29.482 Z-4.1
错误:在 496 行:X24.8424 Y29.482 Z-4.1,"Z"和"C"碰撞.


******************** 刀路错误报告 ********************
错误497行,文件名:G682尝试后处理-777.NC.NC
X23.474 Y29.0517 Z-4.175
错误:在 497 行:X23.474 Y29.0517 Z-4.175,"Z"和"A"碰撞.


******************** 刀路错误报告 ********************
错误497行,文件名:G682尝试后处理-777.NC.NC
X23.474 Y29.0517 Z-4.175
错误:在 497 行:X23.474 Y29.0517 Z-4.175,"Z"和"C"碰撞.


******************** 刀路错误报告 ********************
错误498行,文件名:G682尝试后处理-777.NC.NC
X22.3086 Y28.215 Z-4.25
错误:在 498 行:X22.3086 Y28.215 Z-4.25,"Z"和"A"碰撞.


******************** 刀路错误报告 ********************
错误498行,文件名:G682尝试后处理-777.NC.NC
X22.3086 Y28.215 Z-4.25
错误:在 498 行:X22.3086 Y28.215 Z-4.25,"Z"和"C"碰撞.


******************** 刀路错误报告 ********************
错误499行,文件名:G682尝试后处理-777.NC.NC
X21.4634 Y27.0559 Z-4.325
错误:在 499 行:X21.4634 Y27.0559 Z-4.325,"Z"和"A"碰撞.


******************** 刀路错误报告 ********************
错误499行,文件名:G682尝试后处理-777.NC.NC
X21.4634 Y27.0559 Z-4.325
错误:在 499 行:X21.4634 Y27.0559 Z-4.325,"Z"和"C"碰撞.


******************** 刀路错误报告 ********************
错误500行,文件名:G682尝试后处理-777.NC.NC
X21.023 Y25.6906 Z-4.4
错误:在 500 行:X21.023 Y25.6906 Z-4.4,"Z"和"A"碰撞.


******************** 刀路错误报告 ********************
错误500行,文件名:G682尝试后处理-777.NC.NC
X21.023 Y25.6906 Z-4.4
错误:在 500 行:X21.023 Y25.6906 Z-4.4,"Z"和"C"碰撞.


******************** 刀路错误报告 ********************
错误501行,文件名:G682尝试后处理-777.NC.NC
X21.0315 Y24.2561 Z-4.475
错误:在 501 行:X21.0315 Y24.2561 Z-4.475,"Z"和"A"碰撞.


******************** 刀路错误报告 ********************
错误501行,文件名:G682尝试后处理-777.NC.NC
X21.0315 Y24.2561 Z-4.475
错误:在 501 行:X21.0315 Y24.2561 Z-4.475,"Z"和"C"碰撞.


******************** 刀路错误报告 ********************
错误502行,文件名:G682尝试后处理-777.NC.NC
X21.4882 Y22.8961 Z-4.55
错误:在 502 行:X21.4882 Y22.8961 Z-4.55,"Z"和"A"碰撞.


******************** 刀路错误报告 ********************
错误502行,文件名:G682尝试后处理-777.NC.NC
X21.4882 Y22.8961 Z-4.55
错误:在 502 行:X21.4882 Y22.8961 Z-4.55,"Z"和"C"碰撞.


******************** 刀路错误报告 ********************
错误503行,文件名:G682尝试后处理-777.NC.NC
X22.3472 Y21.7472 Z-4.625
错误:在 503 行:X22.3472 Y21.7472 Z-4.625,"Z"和"A"碰撞.


******************** 刀路错误报告 ********************
错误503行,文件名:G682尝试后处理-777.NC.NC
X22.3472 Y21.7472 Z-4.625
错误:在 503 行:X22.3472 Y21.7472 Z-4.625,"Z"和"C"碰撞.


******************** 刀路错误报告 ********************
错误504行,文件名:G682尝试后处理-777.NC.NC
X23.5224 Y20.9245 Z-4.7
错误:在 504 行:X23.5224 Y20.9245 Z-4.7,"Z"和"A"碰撞.


******************** 刀路错误报告 ********************
错误504行,文件名:G682尝试后处理-777.NC.NC
X23.5224 Y20.9245 Z-4.7
错误:在 504 行:X23.5224 Y20.9245 Z-4.7,"Z"和"C"碰撞.


******************** 刀路错误报告 ********************
错误505行,文件名:G682尝试后处理-777.NC.NC
X24.8959 Y20.5105 Z-4.775
错误:在 505 行:X24.8959 Y20.5105 Z-4.775,"Z"和"A"碰撞.


******************** 刀路错误报告 ********************
错误505行,文件名:G682尝试后处理-777.NC.NC
X24.8959 Y20.5105 Z-4.775
错误:在 505 行:X24.8959 Y20.5105 Z-4.775,"Z"和"C"碰撞.


******************** 刀路错误报告 ********************
错误506行,文件名:G682尝试后处理-777.NC.NC
X26.33 Y20.5467 Z-4.85
错误:在 506 行:X26.33 Y20.5467 Z-4.85,"Z"和"A"碰撞.


******************** 刀路错误报告 ********************
错误506行,文件名:G682尝试后处理-777.NC.NC
X26.33 Y20.5467 Z-4.85
错误:在 506 行:X26.33 Y20.5467 Z-4.85,"Z"和"C"碰撞.


******************** 刀路错误报告 ********************
错误507行,文件名:G682尝试后处理-777.NC.NC
X27.6809 Y21.0295 Z-4.925
错误:在 507 行:X27.6809 Y21.0295 Z-4.925,"Z"和"A"碰撞.


******************** 刀路错误报告 ********************
错误507行,文件名:G682尝试后处理-777.NC.NC
X27.6809 Y21.0295 Z-4.925
错误:在 507 行:X27.6809 Y21.0295 Z-4.925,"Z"和"C"碰撞.


******************** 刀路错误报告 ********************
错误508行,文件名:G682尝试后处理-777.NC.NC
X28.7911 Y21.931 Z-5.
错误:在 508 行:X28.7911 Y21.931 Z-5.,"Z"和"A"碰撞.


******************** 刀路错误报告 ********************
错误508行,文件名:G682尝试后处理-777.NC.NC
X28.7911 Y21.931 Z-5.
错误:在 508 行:X28.7911 Y21.931 Z-5.,"Z"和"C"碰撞.


******************** 刀路错误报告 ********************
错误509行,文件名:G682尝试后处理-777.NC.NC
X39.6898 Y33.6184
错误:在 509 行:X39.6898 Y33.6184,"Z"和"A"碰撞.


******************** 刀路错误报告 ********************
错误509行,文件名:G682尝试后处理-777.NC.NC
X39.6898 Y33.6184
错误:在 509 行:X39.6898 Y33.6184,"Z"和"C"碰撞.


******************** 刀路错误报告 ********************
错误510行,文件名:G682尝试后处理-777.NC.NC
X33.839 Y39.0744
错误:在 510 行:X33.839 Y39.0744,"Z"和"A"碰撞.


******************** 刀路错误报告 ********************
错误510行,文件名:G682尝试后处理-777.NC.NC
X33.839 Y39.0744
错误:在 510 行:X33.839 Y39.0744,"Z"和"C"碰撞.


******************** 刀路错误报告 ********************
错误511行,文件名:G682尝试后处理-777.NC.NC
G03 X33.157Y39.3431 Z-5. R1.
错误:在 511 行:G03 X33.157Y39.3431 Z-5. R1.,"Z"和"A"碰撞.


******************** 刀路错误报告 ********************
错误511行,文件名:G682尝试后处理-777.NC.NC
G03 X33.157Y39.3431 Z-5. R1.
错误:在 511 行:G03 X33.157Y39.3431 Z-5. R1.,"Z"和"C"碰撞.


******************** 刀路错误报告 ********************
错误512行,文件名:G682尝试后处理-777.NC.NC
G03 X32.4256Y39.0251 Z-5. R1.
错误:在 512 行:G03 X32.4256Y39.0251 Z-5. R1.,"Z"和"A"碰撞.


******************** 刀路错误报告 ********************
错误512行,文件名:G682尝试后处理-777.NC.NC
G03 X32.4256Y39.0251 Z-5. R1.
错误:在 512 行:G03 X32.4256Y39.0251 Z-5. R1.,"Z"和"C"碰撞.


******************** 刀路错误报告 ********************
错误513行,文件名:G682尝试后处理-777.NC.NC
G01 X11.9922 Y17.1129
错误:在 513 行:G01 X11.9922 Y17.1129,"Z"和"A"碰撞.


******************** 刀路错误报告 ********************
错误513行,文件名:G682尝试后处理-777.NC.NC
G01 X11.9922 Y17.1129
错误:在 513 行:G01 X11.9922 Y17.1129,"Z"和"C"碰撞.


******************** 刀路错误报告 ********************
错误514行,文件名:G682尝试后处理-777.NC.NC
G03 X11.7236Y16.4309 Z-5. R1.
错误:在 514 行:G03 X11.7236Y16.4309 Z-5. R1.,"Z"和"A"碰撞.


******************** 刀路错误报告 ********************
错误514行,文件名:G682尝试后处理-777.NC.NC
G03 X11.7236Y16.4309 Z-5. R1.
错误:在 514 行:G03 X11.7236Y16.4309 Z-5. R1.,"Z"和"C"碰撞.


******************** 刀路错误报告 ********************
错误515行,文件名:G682尝试后处理-777.NC.NC
G03 X12.0416Y15.6996 Z-5. R1.
错误:在 515 行:G03 X12.0416Y15.6996 Z-5. R1.,"Z"和"A"碰撞.


******************** 刀路错误报告 ********************
错误515行,文件名:G682尝试后处理-777.NC.NC
G03 X12.0416Y15.6996 Z-5. R1.
错误:在 515 行:G03 X12.0416Y15.6996 Z-5. R1.,"Z"和"C"碰撞.


******************** 刀路错误报告 ********************
错误516行,文件名:G682尝试后处理-777.NC.NC
G01 X17.8924 Y10.2436
错误:在 516 行:G01 X17.8924 Y10.2436,"Z"和"A"碰撞.


******************** 刀路错误报告 ********************
错误516行,文件名:G682尝试后处理-777.NC.NC
G01 X17.8924 Y10.2436
错误:在 516 行:G01 X17.8924 Y10.2436,"Z"和"C"碰撞.


******************** 刀路错误报告 ********************
错误517行,文件名:G682尝试后处理-777.NC.NC
X28.7911 Y21.931
错误:在 517 行:X28.7911 Y21.931,"Z"和"A"碰撞.


******************** 刀路错误报告 ********************
错误517行,文件名:G682尝试后处理-777.NC.NC
X28.7911 Y21.931
错误:在 517 行:X28.7911 Y21.931,"Z"和"C"碰撞.


******************** 刀路错误报告 ********************
错误518行,文件名:G682尝试后处理-777.NC.NC
X25.1343 Y25.341
错误:在 518 行:X25.1343 Y25.341,"Z"和"A"碰撞.


******************** 刀路错误报告 ********************
错误518行,文件名:G682尝试后处理-777.NC.NC
X25.1343 Y25.341
错误:在 518 行:X25.1343 Y25.341,"Z"和"C"碰撞.


******************** 刀路错误报告 ********************
错误519行,文件名:G682尝试后处理-777.NC.NC
Z-2.
错误:在 519 行:Z-2.,"Z"和"A"碰撞.


******************** 刀路错误报告 ********************
错误519行,文件名:G682尝试后处理-777.NC.NC
Z-2.
错误:在 519 行:Z-2.,"Z"和"C"碰撞.


******************** 刀路错误报告 ********************
错误520行,文件名:G682尝试后处理-777.NC.NC
G00 Z10.
错误:在 520 行:G00 Z10.,"Z"和"A"碰撞.


******************** 刀路错误报告 ********************
错误520行,文件名:G682尝试后处理-777.NC.NC
G00 Z10.
错误:在 520 行:G00 Z10.,"Z"和"C"碰撞.


******************** 刀路错误报告 ********************
错误522行,文件名:G682尝试后处理-777.NC.NC
Z-3.
错误:在 522 行:Z-3.,"Z"和"A"碰撞.


******************** 刀路错误报告 ********************
错误522行,文件名:G682尝试后处理-777.NC.NC
Z-3.
错误:在 522 行:Z-3.,"Z"和"C"碰撞.


******************** 刀路错误报告 ********************
错误523行,文件名:G682尝试后处理-777.NC.NC
G01 X29.2721 Y22.4915 Z-3.075
错误:在 523 行:G01 X29.2721 Y22.4915 Z-3.075,"Z"和"A"碰撞.


******************** 刀路错误报告 ********************
错误523行,文件名:G682尝试后处理-777.NC.NC
G01 X29.2721 Y22.4915 Z-3.075
错误:在 523 行:G01 X29.2721 Y22.4915 Z-3.075,"Z"和"C"碰撞.


******************** 刀路错误报告 ********************
错误524行,文件名:G682尝试后处理-777.NC.NC
X29.8673 Y23.7968 Z-3.15
错误:在 524 行:X29.8673 Y23.7968 Z-3.15,"Z"和"A"碰撞.


******************** 刀路错误报告 ********************
错误524行,文件名:G682尝试后处理-777.NC.NC
X29.8673 Y23.7968 Z-3.15
错误:在 524 行:X29.8673 Y23.7968 Z-3.15,"Z"和"C"碰撞.


******************** 刀路错误报告 ********************
错误525行,文件名:G682尝试后处理-777.NC.NC
X30.0245 Y25.2227 Z-3.225
错误:在 525 行:X30.0245 Y25.2227 Z-3.225,"Z"和"A"碰撞.


******************** 刀路错误报告 ********************
错误525行,文件名:G682尝试后处理-777.NC.NC
X30.0245 Y25.2227 Z-3.225
错误:在 525 行:X30.0245 Y25.2227 Z-3.225,"Z"和"C"碰撞.


******************** 刀路错误报告 ********************
错误526行,文件名:G682尝试后处理-777.NC.NC
X29.728 Y26.6263 Z-3.3
错误:在 526 行:X29.728 Y26.6263 Z-3.3,"Z"和"A"碰撞.


******************** 刀路错误报告 ********************
错误526行,文件名:G682尝试后处理-777.NC.NC
X29.728 Y26.6263 Z-3.3
错误:在 526 行:X29.728 Y26.6263 Z-3.3,"Z"和"C"碰撞.


******************** 刀路错误报告 ********************
错误527行,文件名:G682尝试后处理-777.NC.NC
X29.0075 Y27.8668 Z-3.375
错误:在 527 行:X29.0075 Y27.8668 Z-3.375,"Z"和"A"碰撞.


******************** 刀路错误报告 ********************
错误527行,文件名:G682尝试后处理-777.NC.NC
X29.0075 Y27.8668 Z-3.375
错误:在 527 行:X29.0075 Y27.8668 Z-3.375,"Z"和"C"碰撞.


******************** 刀路错误报告 ********************
错误528行,文件名:G682尝试后处理-777.NC.NC
X27.9352 Y28.8198 Z-3.45
错误:在 528 行:X27.9352 Y28.8198 Z-3.45,"Z"和"A"碰撞.


******************** 刀路错误报告 ********************
错误528行,文件名:G682尝试后处理-777.NC.NC
X27.9352 Y28.8198 Z-3.45
错误:在 528 行:X27.9352 Y28.8198 Z-3.45,"Z"和"C"碰撞.


******************** 刀路错误报告 ********************
错误529行,文件名:G682尝试后处理-777.NC.NC
X26.6187 Y29.3897 Z-3.525
错误:在 529 行:X26.6187 Y29.3897 Z-3.525,"Z"和"A"碰撞.


******************** 刀路错误报告 ********************
错误529行,文件名:G682尝试后处理-777.NC.NC
X26.6187 Y29.3897 Z-3.525
错误:在 529 行:X26.6187 Y29.3897 Z-3.525,"Z"和"C"碰撞.


******************** 刀路错误报告 ********************
错误530行,文件名:G682尝试后处理-777.NC.NC
X25.19 Y29.5194 Z-3.6
错误:在 530 行:X25.19 Y29.5194 Z-3.6,"Z"和"A"碰撞.


******************** 刀路错误报告 ********************
错误530行,文件名:G682尝试后处理-777.NC.NC
X25.19 Y29.5194 Z-3.6
错误:在 530 行:X25.19 Y29.5194 Z-3.6,"Z"和"C"碰撞.


******************** 刀路错误报告 ********************
错误531行,文件名:G682尝试后处理-777.NC.NC
X23.7924 Y29.1958 Z-3.675
错误:在 531 行:X23.7924 Y29.1958 Z-3.675,"Z"和"A"碰撞.


******************** 刀路错误报告 ********************
错误531行,文件名:G682尝试后处理-777.NC.NC
X23.7924 Y29.1958 Z-3.675
错误:在 531 行:X23.7924 Y29.1958 Z-3.675,"Z"和"C"碰撞.


******************** 刀路错误报告 ********************
错误532行,文件名:G682尝试后处理-777.NC.NC
X22.5661 Y28.4515 Z-3.75
错误:在 532 行:X22.5661 Y28.4515 Z-3.75,"Z"和"A"碰撞.


******************** 刀路错误报告 ********************
错误532行,文件名:G682尝试后处理-777.NC.NC
X22.5661 Y28.4515 Z-3.75
错误:在 532 行:X22.5661 Y28.4515 Z-3.75,"Z"和"C"碰撞.


******************** 刀路错误报告 ********************
错误533行,文件名:G682尝试后处理-777.NC.NC
X21.634 Y27.3611 Z-3.825
错误:在 533 行:X21.634 Y27.3611 Z-3.825,"Z"和"A"碰撞.


******************** 刀路错误报告 ********************
错误533行,文件名:G682尝试后处理-777.NC.NC
X21.634 Y27.3611 Z-3.825
错误:在 533 行:X21.634 Y27.3611 Z-3.825,"Z"和"C"碰撞.


******************** 刀路错误报告 ********************
错误534行,文件名:G682尝试后处理-777.NC.NC
X21.0895 Y26.0338 Z-3.9
错误:在 534 行:X21.0895 Y26.0338 Z-3.9,"Z"和"A"碰撞.


******************** 刀路错误报告 ********************
错误534行,文件名:G682尝试后处理-777.NC.NC
X21.0895 Y26.0338 Z-3.9
错误:在 534 行:X21.0895 Y26.0338 Z-3.9,"Z"和"C"碰撞.


******************** 刀路错误报告 ********************
错误535行,文件名:G682尝试后处理-777.NC.NC
X20.9874 Y24.6029 Z-3.975
错误:在 535 行:X20.9874 Y24.6029 Z-3.975,"Z"和"A"碰撞.


******************** 刀路错误报告 ********************
错误535行,文件名:G682尝试后处理-777.NC.NC
X20.9874 Y24.6029 Z-3.975
错误:在 535 行:X20.9874 Y24.6029 Z-3.975,"Z"和"C"碰撞.


******************** 刀路错误报告 ********************
错误536行,文件名:G682尝试后处理-777.NC.NC
X21.3379 Y23.2118 Z-4.05
错误:在 536 行:X21.3379 Y23.2118 Z-4.05,"Z"和"A"碰撞.


******************** 刀路错误报告 ********************
错误536行,文件名:G682尝试后处理-777.NC.NC
X21.3379 Y23.2118 Z-4.05
错误:在 536 行:X21.3379 Y23.2118 Z-4.05,"Z"和"C"碰撞.


******************** 刀路错误报告 ********************
错误537行,文件名:G682尝试后处理-777.NC.NC
X22.1057 Y22. Z-4.125
错误:在 537 行:X22.1057 Y22. Z-4.125,"Z"和"A"碰撞.


******************** 刀路错误报告 ********************
错误537行,文件名:G682尝试后处理-777.NC.NC
X22.1057 Y22. Z-4.125
错误:在 537 行:X22.1057 Y22. Z-4.125,"Z"和"C"碰撞.


******************** 刀路错误报告 ********************
错误538行,文件名:G682尝试后处理-777.NC.NC
X23.214 Y21.0891 Z-4.2
错误:在 538 行:X23.214 Y21.0891 Z-4.2,"Z"和"A"碰撞.


******************** 刀路错误报告 ********************
错误538行,文件名:G682尝试后处理-777.NC.NC
X23.214 Y21.0891 Z-4.2
错误:在 538 行:X23.214 Y21.0891 Z-4.2,"Z"和"C"碰撞.


******************** 刀路错误报告 ********************
错误539行,文件名:G682尝试后处理-777.NC.NC
X24.5515 Y20.5704 Z-4.275
错误:在 539 行:X24.5515 Y20.5704 Z-4.275,"Z"和"A"碰撞.


******************** 刀路错误报告 ********************
错误539行,文件名:G682尝试后处理-777.NC.NC
X24.5515 Y20.5704 Z-4.275
错误:在 539 行:X24.5515 Y20.5704 Z-4.275,"Z"和"C"碰撞.


******************** 刀路错误报告 ********************
错误540行,文件名:G682尝试后处理-777.NC.NC
X25.9841 Y20.4959 Z-4.35
错误:在 540 行:X25.9841 Y20.4959 Z-4.35,"Z"和"A"碰撞.


******************** 刀路错误报告 ********************
错误540行,文件名:G682尝试后处理-777.NC.NC
X25.9841 Y20.4959 Z-4.35
错误:在 540 行:X25.9841 Y20.4959 Z-4.35,"Z"和"C"碰撞.


******************** 刀路错误报告 ********************
错误541行,文件名:G682尝试后处理-777.NC.NC
X27.3682 Y20.8732 Z-4.425
错误:在 541 行:X27.3682 Y20.8732 Z-4.425,"Z"和"A"碰撞.


******************** 刀路错误报告 ********************
错误541行,文件名:G682尝试后处理-777.NC.NC
X27.3682 Y20.8732 Z-4.425
错误:在 541 行:X27.3682 Y20.8732 Z-4.425,"Z"和"C"碰撞.


******************** 刀路错误报告 ********************
错误542行,文件名:G682尝试后处理-777.NC.NC
X28.5649 Y21.6643 Z-4.5
错误:在 542 行:X28.5649 Y21.6643 Z-4.5,"Z"和"A"碰撞.


******************** 刀路错误报告 ********************
错误542行,文件名:G682尝试后处理-777.NC.NC
X28.5649 Y21.6643 Z-4.5
错误:在 542 行:X28.5649 Y21.6643 Z-4.5,"Z"和"C"碰撞.


******************** 刀路错误报告 ********************
错误543行,文件名:G682尝试后处理-777.NC.NC
X29.4543 Y22.7899 Z-4.575
错误:在 543 行:X29.4543 Y22.7899 Z-4.575,"Z"和"A"碰撞.


******************** 刀路错误报告 ********************
错误543行,文件名:G682尝试后处理-777.NC.NC
X29.4543 Y22.7899 Z-4.575
错误:在 543 行:X29.4543 Y22.7899 Z-4.575,"Z"和"C"碰撞.


******************** 刀路错误报告 ********************
错误544行,文件名:G682尝试后处理-777.NC.NC
X29.9471 Y24.1371 Z-4.65
错误:在 544 行:X29.9471 Y24.1371 Z-4.65,"Z"和"A"碰撞.


******************** 刀路错误报告 ********************
错误544行,文件名:G682尝试后处理-777.NC.NC
X29.9471 Y24.1371 Z-4.65
错误:在 544 行:X29.9471 Y24.1371 Z-4.65,"Z"和"C"碰撞.


******************** 刀路错误报告 ********************
错误545行,文件名:G682尝试后处理-777.NC.NC
X29.9939 Y25.5709 Z-4.725
错误:在 545 行:X29.9939 Y25.5709 Z-4.725,"Z"和"A"碰撞.


******************** 刀路错误报告 ********************
错误545行,文件名:G682尝试后处理-777.NC.NC
X29.9939 Y25.5709 Z-4.725
错误:在 545 行:X29.9939 Y25.5709 Z-4.725,"Z"和"C"碰撞.


******************** 刀路错误报告 ********************
错误546行,文件名:G682尝试后处理-777.NC.NC
X29.59 Y26.9475 Z-4.8
错误:在 546 行:X29.59 Y26.9475 Z-4.8,"Z"和"A"碰撞.


******************** 刀路错误报告 ********************
错误546行,文件名:G682尝试后处理-777.NC.NC
X29.59 Y26.9475 Z-4.8
错误:在 546 行:X29.59 Y26.9475 Z-4.8,"Z"和"C"碰撞.


******************** 刀路错误报告 ********************
错误547行,文件名:G682尝试后处理-777.NC.NC
X28.776 Y28.1287 Z-4.875
错误:在 547 行:X28.776 Y28.1287 Z-4.875,"Z"和"A"碰撞.


******************** 刀路错误报告 ********************
错误547行,文件名:G682尝试后处理-777.NC.NC
X28.776 Y28.1287 Z-4.875
错误:在 547 行:X28.776 Y28.1287 Z-4.875,"Z"和"C"碰撞.


******************** 刀路错误报告 ********************
错误548行,文件名:G682尝试后处理-777.NC.NC
X27.6334 Y28.9962 Z-4.95
错误:在 548 行:X27.6334 Y28.9962 Z-4.95,"Z"和"A"碰撞.


******************** 刀路错误报告 ********************
错误548行,文件名:G682尝试后处理-777.NC.NC
X27.6334 Y28.9962 Z-4.95
错误:在 548 行:X27.6334 Y28.9962 Z-4.95,"Z"和"C"碰撞.


******************** 刀路错误报告 ********************
错误549行,文件名:G682尝试后处理-777.NC.NC
X26.2769 Y29.4629 Z-5.025
错误:在 549 行:X26.2769 Y29.4629 Z-5.025,"Z"和"A"碰撞.


******************** 刀路错误报告 ********************
错误549行,文件名:G682尝试后处理-777.NC.NC
X26.2769 Y29.4629 Z-5.025
错误:在 549 行:X26.2769 Y29.4629 Z-5.025,"Z"和"C"碰撞.


******************** 刀路错误报告 ********************
错误550行,文件名:G682尝试后处理-777.NC.NC
X24.8424 Y29.482 Z-5.1
错误:在 550 行:X24.8424 Y29.482 Z-5.1,"Z"和"A"碰撞.


******************** 刀路错误报告 ********************
错误550行,文件名:G682尝试后处理-777.NC.NC
X24.8424 Y29.482 Z-5.1
错误:在 550 行:X24.8424 Y29.482 Z-5.1,"Z"和"C"碰撞.


******************** 刀路错误报告 ********************
错误551行,文件名:G682尝试后处理-777.NC.NC
X23.474 Y29.0517 Z-5.175
错误:在 551 行:X23.474 Y29.0517 Z-5.175,"Z"和"A"碰撞.


******************** 刀路错误报告 ********************
错误551行,文件名:G682尝试后处理-777.NC.NC
X23.474 Y29.0517 Z-5.175
错误:在 551 行:X23.474 Y29.0517 Z-5.175,"Z"和"C"碰撞.


******************** 刀路错误报告 ********************
错误552行,文件名:G682尝试后处理-777.NC.NC
X22.3086 Y28.215 Z-5.25
错误:在 552 行:X22.3086 Y28.215 Z-5.25,"Z"和"A"碰撞.


******************** 刀路错误报告 ********************
错误552行,文件名:G682尝试后处理-777.NC.NC
X22.3086 Y28.215 Z-5.25
错误:在 552 行:X22.3086 Y28.215 Z-5.25,"Z"和"C"碰撞.


******************** 刀路错误报告 ********************
错误553行,文件名:G682尝试后处理-777.NC.NC
X21.4634 Y27.0559 Z-5.325
错误:在 553 行:X21.4634 Y27.0559 Z-5.325,"Z"和"A"碰撞.


******************** 刀路错误报告 ********************
错误553行,文件名:G682尝试后处理-777.NC.NC
X21.4634 Y27.0559 Z-5.325
错误:在 553 行:X21.4634 Y27.0559 Z-5.325,"Z"和"C"碰撞.


******************** 刀路错误报告 ********************
错误554行,文件名:G682尝试后处理-777.NC.NC
X21.023 Y25.6906 Z-5.4
错误:在 554 行:X21.023 Y25.6906 Z-5.4,"Z"和"A"碰撞.


******************** 刀路错误报告 ********************
错误554行,文件名:G682尝试后处理-777.NC.NC
X21.023 Y25.6906 Z-5.4
错误:在 554 行:X21.023 Y25.6906 Z-5.4,"Z"和"C"碰撞.


******************** 刀路错误报告 ********************
错误555行,文件名:G682尝试后处理-777.NC.NC
X21.0315 Y24.2561 Z-5.475
错误:在 555 行:X21.0315 Y24.2561 Z-5.475,"Z"和"A"碰撞.


******************** 刀路错误报告 ********************
错误555行,文件名:G682尝试后处理-777.NC.NC
X21.0315 Y24.2561 Z-5.475
错误:在 555 行:X21.0315 Y24.2561 Z-5.475,"Z"和"C"碰撞.


******************** 刀路错误报告 ********************
错误556行,文件名:G682尝试后处理-777.NC.NC
X21.4882 Y22.8961 Z-5.55
错误:在 556 行:X21.4882 Y22.8961 Z-5.55,"Z"和"A"碰撞.


******************** 刀路错误报告 ********************
错误556行,文件名:G682尝试后处理-777.NC.NC
X21.4882 Y22.8961 Z-5.55
错误:在 556 行:X21.4882 Y22.8961 Z-5.55,"Z"和"C"碰撞.


******************** 刀路错误报告 ********************
错误557行,文件名:G682尝试后处理-777.NC.NC
X22.3472 Y21.7472 Z-5.625
错误:在 557 行:X22.3472 Y21.7472 Z-5.625,"Z"和"A"碰撞.


******************** 刀路错误报告 ********************
错误557行,文件名:G682尝试后处理-777.NC.NC
X22.3472 Y21.7472 Z-5.625
错误:在 557 行:X22.3472 Y21.7472 Z-5.625,"Z"和"C"碰撞.


******************** 刀路错误报告 ********************
错误558行,文件名:G682尝试后处理-777.NC.NC
X23.5224 Y20.9245 Z-5.7
错误:在 558 行:X23.5224 Y20.9245 Z-5.7,"Z"和"A"碰撞.


******************** 刀路错误报告 ********************
错误558行,文件名:G682尝试后处理-777.NC.NC
X23.5224 Y20.9245 Z-5.7
错误:在 558 行:X23.5224 Y20.9245 Z-5.7,"Z"和"C"碰撞.


******************** 刀路错误报告 ********************
错误559行,文件名:G682尝试后处理-777.NC.NC
X24.8959 Y20.5105 Z-5.775
错误:在 559 行:X24.8959 Y20.5105 Z-5.775,"Z"和"A"碰撞.


******************** 刀路错误报告 ********************
错误559行,文件名:G682尝试后处理-777.NC.NC
X24.8959 Y20.5105 Z-5.775
错误:在 559 行:X24.8959 Y20.5105 Z-5.775,"Z"和"C"碰撞.


******************** 刀路错误报告 ********************
错误560行,文件名:G682尝试后处理-777.NC.NC
X26.33 Y20.5467 Z-5.85
错误:在 560 行:X26.33 Y20.5467 Z-5.85,"Z"和"A"碰撞.


******************** 刀路错误报告 ********************
错误560行,文件名:G682尝试后处理-777.NC.NC
X26.33 Y20.5467 Z-5.85
错误:在 560 行:X26.33 Y20.5467 Z-5.85,"Z"和"C"碰撞.


******************** 刀路错误报告 ********************
错误561行,文件名:G682尝试后处理-777.NC.NC
X27.6809 Y21.0295 Z-5.925
错误:在 561 行:X27.6809 Y21.0295 Z-5.925,"Z"和"A"碰撞.


******************** 刀路错误报告 ********************
错误561行,文件名:G682尝试后处理-777.NC.NC
X27.6809 Y21.0295 Z-5.925
错误:在 561 行:X27.6809 Y21.0295 Z-5.925,"Z"和"C"碰撞.


******************** 刀路错误报告 ********************
错误562行,文件名:G682尝试后处理-777.NC.NC
X28.7911 Y21.931 Z-6.
错误:在 562 行:X28.7911 Y21.931 Z-6.,"Z"和"A"碰撞.


******************** 刀路错误报告 ********************
错误562行,文件名:G682尝试后处理-777.NC.NC
X28.7911 Y21.931 Z-6.
错误:在 562 行:X28.7911 Y21.931 Z-6.,"Z"和"C"碰撞.


******************** 刀路错误报告 ********************
错误563行,文件名:G682尝试后处理-777.NC.NC
X39.6898 Y33.6184
错误:在 563 行:X39.6898 Y33.6184,"Z"和"A"碰撞.


******************** 刀路错误报告 ********************
错误563行,文件名:G682尝试后处理-777.NC.NC
X39.6898 Y33.6184
错误:在 563 行:X39.6898 Y33.6184,"Z"和"C"碰撞.


******************** 刀路错误报告 ********************
错误564行,文件名:G682尝试后处理-777.NC.NC
X33.839 Y39.0744
错误:在 564 行:X33.839 Y39.0744,"Z"和"A"碰撞.


******************** 刀路错误报告 ********************
错误564行,文件名:G682尝试后处理-777.NC.NC
X33.839 Y39.0744
错误:在 564 行:X33.839 Y39.0744,"Z"和"C"碰撞.


******************** 刀路错误报告 ********************
错误565行,文件名:G682尝试后处理-777.NC.NC
G03 X33.157Y39.3431 Z-6. R1.
错误:在 565 行:G03 X33.157Y39.3431 Z-6. R1.,"Z"和"A"碰撞.


******************** 刀路错误报告 ********************
错误565行,文件名:G682尝试后处理-777.NC.NC
G03 X33.157Y39.3431 Z-6. R1.
错误:在 565 行:G03 X33.157Y39.3431 Z-6. R1.,"Z"和"C"碰撞.


******************** 刀路错误报告 ********************
错误566行,文件名:G682尝试后处理-777.NC.NC
G03 X32.4256Y39.0251 Z-6. R1.
错误:在 566 行:G03 X32.4256Y39.0251 Z-6. R1.,"Z"和"A"碰撞.


******************** 刀路错误报告 ********************
错误566行,文件名:G682尝试后处理-777.NC.NC
G03 X32.4256Y39.0251 Z-6. R1.
错误:在 566 行:G03 X32.4256Y39.0251 Z-6. R1.,"Z"和"C"碰撞.


******************** 刀路错误报告 ********************
错误567行,文件名:G682尝试后处理-777.NC.NC
G01 X11.9922 Y17.1129
错误:在 567 行:G01 X11.9922 Y17.1129,"Z"和"A"碰撞.


******************** 刀路错误报告 ********************
错误567行,文件名:G682尝试后处理-777.NC.NC
G01 X11.9922 Y17.1129
错误:在 567 行:G01 X11.9922 Y17.1129,"Z"和"C"碰撞.


******************** 刀路错误报告 ********************
错误568行,文件名:G682尝试后处理-777.NC.NC
G03 X11.7236Y16.4309 Z-6. R1.
错误:在 568 行:G03 X11.7236Y16.4309 Z-6. R1.,"Z"和"A"碰撞.


******************** 刀路错误报告 ********************
错误568行,文件名:G682尝试后处理-777.NC.NC
G03 X11.7236Y16.4309 Z-6. R1.
错误:在 568 行:G03 X11.7236Y16.4309 Z-6. R1.,"Z"和"C"碰撞.


******************** 刀路错误报告 ********************
错误569行,文件名:G682尝试后处理-777.NC.NC
G03 X12.0416Y15.6996 Z-6. R1.
错误:在 569 行:G03 X12.0416Y15.6996 Z-6. R1.,"Z"和"A"碰撞.


******************** 刀路错误报告 ********************
错误569行,文件名:G682尝试后处理-777.NC.NC
G03 X12.0416Y15.6996 Z-6. R1.
错误:在 569 行:G03 X12.0416Y15.6996 Z-6. R1.,"Z"和"C"碰撞.


******************** 刀路错误报告 ********************
错误570行,文件名:G682尝试后处理-777.NC.NC
G01 X17.8924 Y10.2436
错误:在 570 行:G01 X17.8924 Y10.2436,"Z"和"A"碰撞.


******************** 刀路错误报告 ********************
错误570行,文件名:G682尝试后处理-777.NC.NC
G01 X17.8924 Y10.2436
错误:在 570 行:G01 X17.8924 Y10.2436,"Z"和"C"碰撞.


******************** 刀路错误报告 ********************
错误571行,文件名:G682尝试后处理-777.NC.NC
X28.7911 Y21.931
错误:在 571 行:X28.7911 Y21.931,"Z"和"A"碰撞.


******************** 刀路错误报告 ********************
错误571行,文件名:G682尝试后处理-777.NC.NC
X28.7911 Y21.931
错误:在 571 行:X28.7911 Y21.931,"Z"和"C"碰撞.


******************** 刀路错误报告 ********************
错误572行,文件名:G682尝试后处理-777.NC.NC
X25.1343 Y25.341
错误:在 572 行:X25.1343 Y25.341,"Z"和"A"碰撞.


******************** 刀路错误报告 ********************
错误572行,文件名:G682尝试后处理-777.NC.NC
X25.1343 Y25.341
错误:在 572 行:X25.1343 Y25.341,"Z"和"C"碰撞.


******************** 刀路错误报告 ********************
错误573行,文件名:G682尝试后处理-777.NC.NC
Z-3.
错误:在 573 行:Z-3.,"Z"和"A"碰撞.


******************** 刀路错误报告 ********************
错误573行,文件名:G682尝试后处理-777.NC.NC
Z-3.
错误:在 573 行:Z-3.,"Z"和"C"碰撞.


******************** 刀路错误报告 ********************
错误574行,文件名:G682尝试后处理-777.NC.NC
G00 Z10.
错误:在 574 行:G00 Z10.,"Z"和"A"碰撞.


******************** 刀路错误报告 ********************
错误574行,文件名:G682尝试后处理-777.NC.NC
G00 Z10.
错误:在 574 行:G00 Z10.,"Z"和"C"碰撞.


******************** 刀路错误报告 ********************
错误576行,文件名:G682尝试后处理-777.NC.NC
Z-4.
错误:在 576 行:Z-4.,"Z"和"C"碰撞.


******************** 刀路错误报告 ********************
错误576行,文件名:G682尝试后处理-777.NC.NC
Z-4.
错误:在 576 行:Z-4.,"Z"和"A"碰撞.


******************** 刀路错误报告 ********************
错误577行,文件名:G682尝试后处理-777.NC.NC
G01 X29.2721 Y22.4915 Z-4.075
错误:在 577 行:G01 X29.2721 Y22.4915 Z-4.075,"Z"和"A"碰撞.


******************** 刀路错误报告 ********************
错误577行,文件名:G682尝试后处理-777.NC.NC
G01 X29.2721 Y22.4915 Z-4.075
错误:在 577 行:G01 X29.2721 Y22.4915 Z-4.075,"Z"和"C"碰撞.


******************** 刀路错误报告 ********************
错误578行,文件名:G682尝试后处理-777.NC.NC
X29.8673 Y23.7968 Z-4.15
错误:在 578 行:X29.8673 Y23.7968 Z-4.15,"Z"和"A"碰撞.


******************** 刀路错误报告 ********************
错误578行,文件名:G682尝试后处理-777.NC.NC
X29.8673 Y23.7968 Z-4.15
错误:在 578 行:X29.8673 Y23.7968 Z-4.15,"Z"和"C"碰撞.


******************** 刀路错误报告 ********************
错误579行,文件名:G682尝试后处理-777.NC.NC
X30.0245 Y25.2227 Z-4.225
错误:在 579 行:X30.0245 Y25.2227 Z-4.225,"Z"和"A"碰撞.


******************** 刀路错误报告 ********************
错误579行,文件名:G682尝试后处理-777.NC.NC
X30.0245 Y25.2227 Z-4.225
错误:在 579 行:X30.0245 Y25.2227 Z-4.225,"Z"和"C"碰撞.


******************** 刀路错误报告 ********************
错误580行,文件名:G682尝试后处理-777.NC.NC
X29.728 Y26.6263 Z-4.3
错误:在 580 行:X29.728 Y26.6263 Z-4.3,"Z"和"A"碰撞.


******************** 刀路错误报告 ********************
错误580行,文件名:G682尝试后处理-777.NC.NC
X29.728 Y26.6263 Z-4.3
错误:在 580 行:X29.728 Y26.6263 Z-4.3,"Z"和"C"碰撞.


******************** 刀路错误报告 ********************
错误581行,文件名:G682尝试后处理-777.NC.NC
X29.0075 Y27.8668 Z-4.375
错误:在 581 行:X29.0075 Y27.8668 Z-4.375,"Z"和"A"碰撞.


******************** 刀路错误报告 ********************
错误581行,文件名:G682尝试后处理-777.NC.NC
X29.0075 Y27.8668 Z-4.375
错误:在 581 行:X29.0075 Y27.8668 Z-4.375,"Z"和"C"碰撞.


******************** 刀路错误报告 ********************
错误582行,文件名:G682尝试后处理-777.NC.NC
X27.9352 Y28.8198 Z-4.45
错误:在 582 行:X27.9352 Y28.8198 Z-4.45,"Z"和"A"碰撞.


******************** 刀路错误报告 ********************
错误582行,文件名:G682尝试后处理-777.NC.NC
X27.9352 Y28.8198 Z-4.45
错误:在 582 行:X27.9352 Y28.8198 Z-4.45,"Z"和"C"碰撞.


******************** 刀路错误报告 ********************
错误583行,文件名:G682尝试后处理-777.NC.NC
X26.6187 Y29.3897 Z-4.525
错误:在 583 行:X26.6187 Y29.3897 Z-4.525,"Z"和"A"碰撞.


******************** 刀路错误报告 ********************
错误583行,文件名:G682尝试后处理-777.NC.NC
X26.6187 Y29.3897 Z-4.525
错误:在 583 行:X26.6187 Y29.3897 Z-4.525,"Z"和"C"碰撞.


******************** 刀路错误报告 ********************
错误584行,文件名:G682尝试后处理-777.NC.NC
X25.19 Y29.5194 Z-4.6
错误:在 584 行:X25.19 Y29.5194 Z-4.6,"Z"和"A"碰撞.


******************** 刀路错误报告 ********************
错误584行,文件名:G682尝试后处理-777.NC.NC
X25.19 Y29.5194 Z-4.6
错误:在 584 行:X25.19 Y29.5194 Z-4.6,"Z"和"C"碰撞.


******************** 刀路错误报告 ********************
错误585行,文件名:G682尝试后处理-777.NC.NC
X23.7924 Y29.1958 Z-4.675
错误:在 585 行:X23.7924 Y29.1958 Z-4.675,"Z"和"A"碰撞.


******************** 刀路错误报告 ********************
错误585行,文件名:G682尝试后处理-777.NC.NC
X23.7924 Y29.1958 Z-4.675
错误:在 585 行:X23.7924 Y29.1958 Z-4.675,"Z"和"C"碰撞.


******************** 刀路错误报告 ********************
错误586行,文件名:G682尝试后处理-777.NC.NC
X22.5661 Y28.4515 Z-4.75
错误:在 586 行:X22.5661 Y28.4515 Z-4.75,"Z"和"A"碰撞.


******************** 刀路错误报告 ********************
错误586行,文件名:G682尝试后处理-777.NC.NC
X22.5661 Y28.4515 Z-4.75
错误:在 586 行:X22.5661 Y28.4515 Z-4.75,"Z"和"C"碰撞.


******************** 刀路错误报告 ********************
错误587行,文件名:G682尝试后处理-777.NC.NC
X21.634 Y27.3611 Z-4.825
错误:在 587 行:X21.634 Y27.3611 Z-4.825,"Z"和"A"碰撞.


******************** 刀路错误报告 ********************
错误587行,文件名:G682尝试后处理-777.NC.NC
X21.634 Y27.3611 Z-4.825
错误:在 587 行:X21.634 Y27.3611 Z-4.825,"Z"和"C"碰撞.


******************** 刀路错误报告 ********************
错误588行,文件名:G682尝试后处理-777.NC.NC
X21.0895 Y26.0338 Z-4.9
错误:在 588 行:X21.0895 Y26.0338 Z-4.9,"Z"和"A"碰撞.


******************** 刀路错误报告 ********************
错误588行,文件名:G682尝试后处理-777.NC.NC
X21.0895 Y26.0338 Z-4.9
错误:在 588 行:X21.0895 Y26.0338 Z-4.9,"Z"和"C"碰撞.


******************** 刀路错误报告 ********************
错误589行,文件名:G682尝试后处理-777.NC.NC
X20.9874 Y24.6029 Z-4.975
错误:在 589 行:X20.9874 Y24.6029 Z-4.975,"Z"和"A"碰撞.


******************** 刀路错误报告 ********************
错误589行,文件名:G682尝试后处理-777.NC.NC
X20.9874 Y24.6029 Z-4.975
错误:在 589 行:X20.9874 Y24.6029 Z-4.975,"Z"和"C"碰撞.


******************** 刀路错误报告 ********************
错误590行,文件名:G682尝试后处理-777.NC.NC
X21.3379 Y23.2118 Z-5.05
错误:在 590 行:X21.3379 Y23.2118 Z-5.05,"Z"和"A"碰撞.


******************** 刀路错误报告 ********************
错误590行,文件名:G682尝试后处理-777.NC.NC
X21.3379 Y23.2118 Z-5.05
错误:在 590 行:X21.3379 Y23.2118 Z-5.05,"Z"和"C"碰撞.


******************** 刀路错误报告 ********************
错误591行,文件名:G682尝试后处理-777.NC.NC
X22.1057 Y22. Z-5.125
错误:在 591 行:X22.1057 Y22. Z-5.125,"Z"和"A"碰撞.


******************** 刀路错误报告 ********************
错误591行,文件名:G682尝试后处理-777.NC.NC
X22.1057 Y22. Z-5.125
错误:在 591 行:X22.1057 Y22. Z-5.125,"Z"和"C"碰撞.


******************** 刀路错误报告 ********************
错误592行,文件名:G682尝试后处理-777.NC.NC
X23.214 Y21.0891 Z-5.2
错误:在 592 行:X23.214 Y21.0891 Z-5.2,"Z"和"A"碰撞.


******************** 刀路错误报告 ********************
错误592行,文件名:G682尝试后处理-777.NC.NC
X23.214 Y21.0891 Z-5.2
错误:在 592 行:X23.214 Y21.0891 Z-5.2,"Z"和"C"碰撞.


******************** 刀路错误报告 ********************
错误593行,文件名:G682尝试后处理-777.NC.NC
X24.5515 Y20.5704 Z-5.275
错误:在 593 行:X24.5515 Y20.5704 Z-5.275,"Z"和"A"碰撞.


******************** 刀路错误报告 ********************
错误593行,文件名:G682尝试后处理-777.NC.NC
X24.5515 Y20.5704 Z-5.275
错误:在 593 行:X24.5515 Y20.5704 Z-5.275,"Z"和"C"碰撞.


******************** 刀路错误报告 ********************
错误594行,文件名:G682尝试后处理-777.NC.NC
X25.9841 Y20.4959 Z-5.35
错误:在 594 行:X25.9841 Y20.4959 Z-5.35,"Z"和"A"碰撞.


******************** 刀路错误报告 ********************
错误594行,文件名:G682尝试后处理-777.NC.NC
X25.9841 Y20.4959 Z-5.35
错误:在 594 行:X25.9841 Y20.4959 Z-5.35,"Z"和"C"碰撞.


******************** 刀路错误报告 ********************
错误595行,文件名:G682尝试后处理-777.NC.NC
X27.3682 Y20.8732 Z-5.425
错误:在 595 行:X27.3682 Y20.8732 Z-5.425,"Z"和"A"碰撞.


******************** 刀路错误报告 ********************
错误595行,文件名:G682尝试后处理-777.NC.NC
X27.3682 Y20.8732 Z-5.425
错误:在 595 行:X27.3682 Y20.8732 Z-5.425,"Z"和"C"碰撞.


******************** 刀路错误报告 ********************
错误596行,文件名:G682尝试后处理-777.NC.NC
X28.5649 Y21.6643 Z-5.5
错误:在 596 行:X28.5649 Y21.6643 Z-5.5,"Z"和"A"碰撞.


******************** 刀路错误报告 ********************
错误596行,文件名:G682尝试后处理-777.NC.NC
X28.5649 Y21.6643 Z-5.5
错误:在 596 行:X28.5649 Y21.6643 Z-5.5,"Z"和"C"碰撞.


******************** 刀路错误报告 ********************
错误597行,文件名:G682尝试后处理-777.NC.NC
X29.4543 Y22.7899 Z-5.575
错误:在 597 行:X29.4543 Y22.7899 Z-5.575,"Z"和"A"碰撞.


******************** 刀路错误报告 ********************
错误597行,文件名:G682尝试后处理-777.NC.NC
X29.4543 Y22.7899 Z-5.575
错误:在 597 行:X29.4543 Y22.7899 Z-5.575,"Z"和"C"碰撞.


******************** 刀路错误报告 ********************
错误598行,文件名:G682尝试后处理-777.NC.NC
X29.9471 Y24.1371 Z-5.65
错误:在 598 行:X29.9471 Y24.1371 Z-5.65,"Z"和"A"碰撞.


******************** 刀路错误报告 ********************
错误598行,文件名:G682尝试后处理-777.NC.NC
X29.9471 Y24.1371 Z-5.65
错误:在 598 行:X29.9471 Y24.1371 Z-5.65,"Z"和"C"碰撞.


******************** 刀路错误报告 ********************
错误599行,文件名:G682尝试后处理-777.NC.NC
X29.9939 Y25.5709 Z-5.725
错误:在 599 行:X29.9939 Y25.5709 Z-5.725,"Z"和"A"碰撞.


******************** 刀路错误报告 ********************
错误599行,文件名:G682尝试后处理-777.NC.NC
X29.9939 Y25.5709 Z-5.725
错误:在 599 行:X29.9939 Y25.5709 Z-5.725,"Z"和"C"碰撞.


******************** 刀路错误报告 ********************
错误600行,文件名:G682尝试后处理-777.NC.NC
X29.59 Y26.9475 Z-5.8
错误:在 600 行:X29.59 Y26.9475 Z-5.8,"Z"和"A"碰撞.


******************** 刀路错误报告 ********************
错误600行,文件名:G682尝试后处理-777.NC.NC
X29.59 Y26.9475 Z-5.8
错误:在 600 行:X29.59 Y26.9475 Z-5.8,"Z"和"C"碰撞.


******************** 刀路错误报告 ********************
错误601行,文件名:G682尝试后处理-777.NC.NC
X28.776 Y28.1287 Z-5.875
错误:在 601 行:X28.776 Y28.1287 Z-5.875,"Z"和"A"碰撞.


******************** 刀路错误报告 ********************
错误601行,文件名:G682尝试后处理-777.NC.NC
X28.776 Y28.1287 Z-5.875
错误:在 601 行:X28.776 Y28.1287 Z-5.875,"Z"和"C"碰撞.


******************** 刀路错误报告 ********************
错误602行,文件名:G682尝试后处理-777.NC.NC
X27.6334 Y28.9962 Z-5.95
错误:在 602 行:X27.6334 Y28.9962 Z-5.95,"Z"和"A"碰撞.


******************** 刀路错误报告 ********************
错误602行,文件名:G682尝试后处理-777.NC.NC
X27.6334 Y28.9962 Z-5.95
错误:在 602 行:X27.6334 Y28.9962 Z-5.95,"Z"和"C"碰撞.


******************** 刀路错误报告 ********************
错误603行,文件名:G682尝试后处理-777.NC.NC
X26.2769 Y29.4629 Z-6.025
错误:在 603 行:X26.2769 Y29.4629 Z-6.025,"Z"和"A"碰撞.


******************** 刀路错误报告 ********************
错误603行,文件名:G682尝试后处理-777.NC.NC
X26.2769 Y29.4629 Z-6.025
错误:在 603 行:X26.2769 Y29.4629 Z-6.025,"Z"和"C"碰撞.


******************** 刀路错误报告 ********************
错误604行,文件名:G682尝试后处理-777.NC.NC
X24.8424 Y29.482 Z-6.1
错误:在 604 行:X24.8424 Y29.482 Z-6.1,"Z"和"A"碰撞.


******************** 刀路错误报告 ********************
错误604行,文件名:G682尝试后处理-777.NC.NC
X24.8424 Y29.482 Z-6.1
错误:在 604 行:X24.8424 Y29.482 Z-6.1,"Z"和"C"碰撞.


******************** 刀路错误报告 ********************
错误605行,文件名:G682尝试后处理-777.NC.NC
X23.474 Y29.0517 Z-6.175
错误:在 605 行:X23.474 Y29.0517 Z-6.175,"Z"和"A"碰撞.


******************** 刀路错误报告 ********************
错误605行,文件名:G682尝试后处理-777.NC.NC
X23.474 Y29.0517 Z-6.175
错误:在 605 行:X23.474 Y29.0517 Z-6.175,"Z"和"C"碰撞.


******************** 刀路错误报告 ********************
错误606行,文件名:G682尝试后处理-777.NC.NC
X22.3086 Y28.215 Z-6.25
错误:在 606 行:X22.3086 Y28.215 Z-6.25,"Z"和"A"碰撞.


******************** 刀路错误报告 ********************
错误606行,文件名:G682尝试后处理-777.NC.NC
X22.3086 Y28.215 Z-6.25
错误:在 606 行:X22.3086 Y28.215 Z-6.25,"Z"和"C"碰撞.


******************** 刀路错误报告 ********************
错误607行,文件名:G682尝试后处理-777.NC.NC
X21.4634 Y27.0559 Z-6.325
错误:在 607 行:X21.4634 Y27.0559 Z-6.325,"Z"和"A"碰撞.


******************** 刀路错误报告 ********************
错误607行,文件名:G682尝试后处理-777.NC.NC
X21.4634 Y27.0559 Z-6.325
错误:在 607 行:X21.4634 Y27.0559 Z-6.325,"Z"和"C"碰撞.


******************** 刀路错误报告 ********************
错误608行,文件名:G682尝试后处理-777.NC.NC
X21.023 Y25.6906 Z-6.4
错误:在 608 行:X21.023 Y25.6906 Z-6.4,"Z"和"A"碰撞.


******************** 刀路错误报告 ********************
错误608行,文件名:G682尝试后处理-777.NC.NC
X21.023 Y25.6906 Z-6.4
错误:在 608 行:X21.023 Y25.6906 Z-6.4,"Z"和"C"碰撞.


******************** 刀路错误报告 ********************
错误609行,文件名:G682尝试后处理-777.NC.NC
X21.0315 Y24.2561 Z-6.475
错误:在 609 行:X21.0315 Y24.2561 Z-6.475,"Z"和"A"碰撞.


******************** 刀路错误报告 ********************
错误609行,文件名:G682尝试后处理-777.NC.NC
X21.0315 Y24.2561 Z-6.475
错误:在 609 行:X21.0315 Y24.2561 Z-6.475,"Z"和"C"碰撞.


******************** 刀路错误报告 ********************
错误610行,文件名:G682尝试后处理-777.NC.NC
X21.4882 Y22.8961 Z-6.55
错误:在 610 行:X21.4882 Y22.8961 Z-6.55,"Z"和"A"碰撞.


******************** 刀路错误报告 ********************
错误610行,文件名:G682尝试后处理-777.NC.NC
X21.4882 Y22.8961 Z-6.55
错误:在 610 行:X21.4882 Y22.8961 Z-6.55,"Z"和"C"碰撞.


******************** 刀路错误报告 ********************
错误611行,文件名:G682尝试后处理-777.NC.NC
X22.3472 Y21.7472 Z-6.625
错误:在 611 行:X22.3472 Y21.7472 Z-6.625,"Z"和"A"碰撞.


******************** 刀路错误报告 ********************
错误611行,文件名:G682尝试后处理-777.NC.NC
X22.3472 Y21.7472 Z-6.625
错误:在 611 行:X22.3472 Y21.7472 Z-6.625,"Z"和"C"碰撞.


******************** 刀路错误报告 ********************
错误612行,文件名:G682尝试后处理-777.NC.NC
X23.5224 Y20.9245 Z-6.7
错误:在 612 行:X23.5224 Y20.9245 Z-6.7,"Z"和"A"碰撞.


******************** 刀路错误报告 ********************
错误612行,文件名:G682尝试后处理-777.NC.NC
X23.5224 Y20.9245 Z-6.7
错误:在 612 行:X23.5224 Y20.9245 Z-6.7,"Z"和"C"碰撞.


******************** 刀路错误报告 ********************
错误613行,文件名:G682尝试后处理-777.NC.NC
X24.8959 Y20.5105 Z-6.775
错误:在 613 行:X24.8959 Y20.5105 Z-6.775,"Z"和"A"碰撞.


******************** 刀路错误报告 ********************
错误613行,文件名:G682尝试后处理-777.NC.NC
X24.8959 Y20.5105 Z-6.775
错误:在 613 行:X24.8959 Y20.5105 Z-6.775,"Z"和"C"碰撞.


******************** 刀路错误报告 ********************
错误614行,文件名:G682尝试后处理-777.NC.NC
X26.33 Y20.5467 Z-6.85
错误:在 614 行:X26.33 Y20.5467 Z-6.85,"Z"和"A"碰撞.


******************** 刀路错误报告 ********************
错误614行,文件名:G682尝试后处理-777.NC.NC
X26.33 Y20.5467 Z-6.85
错误:在 614 行:X26.33 Y20.5467 Z-6.85,"Z"和"C"碰撞.


******************** 刀路错误报告 ********************
错误615行,文件名:G682尝试后处理-777.NC.NC
X27.6809 Y21.0295 Z-6.925
错误:在 615 行:X27.6809 Y21.0295 Z-6.925,"Z"和"A"碰撞.


******************** 刀路错误报告 ********************
错误615行,文件名:G682尝试后处理-777.NC.NC
X27.6809 Y21.0295 Z-6.925
错误:在 615 行:X27.6809 Y21.0295 Z-6.925,"Z"和"C"碰撞.


******************** 刀路错误报告 ********************
错误616行,文件名:G682尝试后处理-777.NC.NC
X28.7911 Y21.931 Z-7.
错误:在 616 行:X28.7911 Y21.931 Z-7.,"Z"和"A"碰撞.


******************** 刀路错误报告 ********************
错误616行,文件名:G682尝试后处理-777.NC.NC
X28.7911 Y21.931 Z-7.
错误:在 616 行:X28.7911 Y21.931 Z-7.,"Z"和"C"碰撞.


******************** 刀路错误报告 ********************
错误617行,文件名:G682尝试后处理-777.NC.NC
X39.6898 Y33.6184
错误:在 617 行:X39.6898 Y33.6184,"Z"和"A"碰撞.


******************** 刀路错误报告 ********************
错误617行,文件名:G682尝试后处理-777.NC.NC
X39.6898 Y33.6184
错误:在 617 行:X39.6898 Y33.6184,"Z"和"C"碰撞.


******************** 刀路错误报告 ********************
错误618行,文件名:G682尝试后处理-777.NC.NC
X33.839 Y39.0744
错误:在 618 行:X33.839 Y39.0744,"Z"和"A"碰撞.


******************** 刀路错误报告 ********************
错误618行,文件名:G682尝试后处理-777.NC.NC
X33.839 Y39.0744
错误:在 618 行:X33.839 Y39.0744,"Z"和"C"碰撞.


******************** 刀路错误报告 ********************
错误619行,文件名:G682尝试后处理-777.NC.NC
G03 X33.157Y39.3431 Z-7. R1.
错误:在 619 行:G03 X33.157Y39.3431 Z-7. R1.,"Z"和"A"碰撞.


******************** 刀路错误报告 ********************
错误619行,文件名:G682尝试后处理-777.NC.NC
G03 X33.157Y39.3431 Z-7. R1.
错误:在 619 行:G03 X33.157Y39.3431 Z-7. R1.,"Z"和"C"碰撞.


******************** 刀路错误报告 ********************
错误620行,文件名:G682尝试后处理-777.NC.NC
G03 X32.4256Y39.0251 Z-7. R1.
错误:在 620 行:G03 X32.4256Y39.0251 Z-7. R1.,"Z"和"A"碰撞.


******************** 刀路错误报告 ********************
错误620行,文件名:G682尝试后处理-777.NC.NC
G03 X32.4256Y39.0251 Z-7. R1.
错误:在 620 行:G03 X32.4256Y39.0251 Z-7. R1.,"Z"和"C"碰撞.


******************** 刀路错误报告 ********************
错误621行,文件名:G682尝试后处理-777.NC.NC
G01 X11.9922 Y17.1129
错误:在 621 行:G01 X11.9922 Y17.1129,"Z"和"A"碰撞.


******************** 刀路错误报告 ********************
错误621行,文件名:G682尝试后处理-777.NC.NC
G01 X11.9922 Y17.1129
错误:在 621 行:G01 X11.9922 Y17.1129,"Z"和"C"碰撞.


******************** 刀路错误报告 ********************
错误622行,文件名:G682尝试后处理-777.NC.NC
G03 X11.7236Y16.4309 Z-7. R1.
错误:在 622 行:G03 X11.7236Y16.4309 Z-7. R1.,"Z"和"A"碰撞.


******************** 刀路错误报告 ********************
错误622行,文件名:G682尝试后处理-777.NC.NC
G03 X11.7236Y16.4309 Z-7. R1.
错误:在 622 行:G03 X11.7236Y16.4309 Z-7. R1.,"Z"和"C"碰撞.


******************** 刀路错误报告 ********************
错误623行,文件名:G682尝试后处理-777.NC.NC
G03 X12.0416Y15.6996 Z-7. R1.
错误:在 623 行:G03 X12.0416Y15.6996 Z-7. R1.,"Z"和"A"碰撞.


******************** 刀路错误报告 ********************
错误623行,文件名:G682尝试后处理-777.NC.NC
G03 X12.0416Y15.6996 Z-7. R1.
错误:在 623 行:G03 X12.0416Y15.6996 Z-7. R1.,"Z"和"C"碰撞.


******************** 刀路错误报告 ********************
错误624行,文件名:G682尝试后处理-777.NC.NC
G01 X17.8924 Y10.2436
错误:在 624 行:G01 X17.8924 Y10.2436,"Z"和"A"碰撞.


******************** 刀路错误报告 ********************
错误624行,文件名:G682尝试后处理-777.NC.NC
G01 X17.8924 Y10.2436
错误:在 624 行:G01 X17.8924 Y10.2436,"Z"和"C"碰撞.


******************** 刀路错误报告 ********************
错误625行,文件名:G682尝试后处理-777.NC.NC
X28.7911 Y21.931
错误:在 625 行:X28.7911 Y21.931,"Z"和"A"碰撞.


******************** 刀路错误报告 ********************
错误625行,文件名:G682尝试后处理-777.NC.NC
X28.7911 Y21.931
错误:在 625 行:X28.7911 Y21.931,"Z"和"C"碰撞.


******************** 刀路错误报告 ********************
错误626行,文件名:G682尝试后处理-777.NC.NC
X25.1343 Y25.341
错误:在 626 行:X25.1343 Y25.341,"Z"和"A"碰撞.


******************** 刀路错误报告 ********************
错误626行,文件名:G682尝试后处理-777.NC.NC
X25.1343 Y25.341
错误:在 626 行:X25.1343 Y25.341,"Z"和"C"碰撞.


******************** 刀路错误报告 ********************
错误627行,文件名:G682尝试后处理-777.NC.NC
Z-4.
错误:在 627 行:Z-4.,"Z"和"A"碰撞.


******************** 刀路错误报告 ********************
错误627行,文件名:G682尝试后处理-777.NC.NC
Z-4.
错误:在 627 行:Z-4.,"Z"和"C"碰撞.


******************** 刀路错误报告 ********************
错误628行,文件名:G682尝试后处理-777.NC.NC
G00 Z10.
错误:在 628 行:G00 Z10.,"Z"和"A"碰撞.


******************** 刀路错误报告 ********************
错误628行,文件名:G682尝试后处理-777.NC.NC
G00 Z10.
错误:在 628 行:G00 Z10.,"Z"和"C"碰撞.


******************** 刀路错误报告 ********************
错误630行,文件名:G682尝试后处理-777.NC.NC
Z-5.
错误:在 630 行:Z-5.,"Z"和"A"碰撞.


******************** 刀路错误报告 ********************
错误630行,文件名:G682尝试后处理-777.NC.NC
Z-5.
错误:在 630 行:Z-5.,"Z"和"C"碰撞.


******************** 刀路错误报告 ********************
错误631行,文件名:G682尝试后处理-777.NC.NC
G01 X29.2721 Y22.4915 Z-5.075
错误:在 631 行:G01 X29.2721 Y22.4915 Z-5.075,"Z"和"A"碰撞.


******************** 刀路错误报告 ********************
错误631行,文件名:G682尝试后处理-777.NC.NC
G01 X29.2721 Y22.4915 Z-5.075
错误:在 631 行:G01 X29.2721 Y22.4915 Z-5.075,"Z"和"C"碰撞.


******************** 刀路错误报告 ********************
错误632行,文件名:G682尝试后处理-777.NC.NC
X29.8673 Y23.7968 Z-5.15
错误:在 632 行:X29.8673 Y23.7968 Z-5.15,"Z"和"A"碰撞.


******************** 刀路错误报告 ********************
错误632行,文件名:G682尝试后处理-777.NC.NC
X29.8673 Y23.7968 Z-5.15
错误:在 632 行:X29.8673 Y23.7968 Z-5.15,"Z"和"C"碰撞.


******************** 刀路错误报告 ********************
错误633行,文件名:G682尝试后处理-777.NC.NC
X30.0245 Y25.2227 Z-5.225
错误:在 633 行:X30.0245 Y25.2227 Z-5.225,"Z"和"A"碰撞.


******************** 刀路错误报告 ********************
错误633行,文件名:G682尝试后处理-777.NC.NC
X30.0245 Y25.2227 Z-5.225
错误:在 633 行:X30.0245 Y25.2227 Z-5.225,"Z"和"C"碰撞.


******************** 刀路错误报告 ********************
错误634行,文件名:G682尝试后处理-777.NC.NC
X29.728 Y26.6263 Z-5.3
错误:在 634 行:X29.728 Y26.6263 Z-5.3,"Z"和"A"碰撞.


******************** 刀路错误报告 ********************
错误634行,文件名:G682尝试后处理-777.NC.NC
X29.728 Y26.6263 Z-5.3
错误:在 634 行:X29.728 Y26.6263 Z-5.3,"Z"和"C"碰撞.


******************** 刀路错误报告 ********************
错误635行,文件名:G682尝试后处理-777.NC.NC
X29.0075 Y27.8668 Z-5.375
错误:在 635 行:X29.0075 Y27.8668 Z-5.375,"Z"和"A"碰撞.


******************** 刀路错误报告 ********************
错误635行,文件名:G682尝试后处理-777.NC.NC
X29.0075 Y27.8668 Z-5.375
错误:在 635 行:X29.0075 Y27.8668 Z-5.375,"Z"和"C"碰撞.


******************** 刀路错误报告 ********************
错误636行,文件名:G682尝试后处理-777.NC.NC
X27.9352 Y28.8198 Z-5.45
错误:在 636 行:X27.9352 Y28.8198 Z-5.45,"Z"和"A"碰撞.


******************** 刀路错误报告 ********************
错误636行,文件名:G682尝试后处理-777.NC.NC
X27.9352 Y28.8198 Z-5.45
错误:在 636 行:X27.9352 Y28.8198 Z-5.45,"Z"和"C"碰撞.


******************** 刀路错误报告 ********************
错误637行,文件名:G682尝试后处理-777.NC.NC
X26.6187 Y29.3897 Z-5.525
错误:在 637 行:X26.6187 Y29.3897 Z-5.525,"Z"和"A"碰撞.


******************** 刀路错误报告 ********************
错误637行,文件名:G682尝试后处理-777.NC.NC
X26.6187 Y29.3897 Z-5.525
错误:在 637 行:X26.6187 Y29.3897 Z-5.525,"Z"和"C"碰撞.


******************** 刀路错误报告 ********************
错误638行,文件名:G682尝试后处理-777.NC.NC
X25.19 Y29.5194 Z-5.6
错误:在 638 行:X25.19 Y29.5194 Z-5.6,"Z"和"A"碰撞.


******************** 刀路错误报告 ********************
错误638行,文件名:G682尝试后处理-777.NC.NC
X25.19 Y29.5194 Z-5.6
错误:在 638 行:X25.19 Y29.5194 Z-5.6,"Z"和"C"碰撞.


******************** 刀路错误报告 ********************
错误639行,文件名:G682尝试后处理-777.NC.NC
X23.7924 Y29.1958 Z-5.675
错误:在 639 行:X23.7924 Y29.1958 Z-5.675,"Z"和"A"碰撞.


******************** 刀路错误报告 ********************
错误639行,文件名:G682尝试后处理-777.NC.NC
X23.7924 Y29.1958 Z-5.675
错误:在 639 行:X23.7924 Y29.1958 Z-5.675,"Z"和"C"碰撞.


******************** 刀路错误报告 ********************
错误640行,文件名:G682尝试后处理-777.NC.NC
X22.5661 Y28.4515 Z-5.75
错误:在 640 行:X22.5661 Y28.4515 Z-5.75,"Z"和"A"碰撞.


******************** 刀路错误报告 ********************
错误640行,文件名:G682尝试后处理-777.NC.NC
X22.5661 Y28.4515 Z-5.75
错误:在 640 行:X22.5661 Y28.4515 Z-5.75,"Z"和"C"碰撞.


******************** 刀路错误报告 ********************
错误641行,文件名:G682尝试后处理-777.NC.NC
X21.634 Y27.3611 Z-5.825
错误:在 641 行:X21.634 Y27.3611 Z-5.825,"Z"和"A"碰撞.


******************** 刀路错误报告 ********************
错误641行,文件名:G682尝试后处理-777.NC.NC
X21.634 Y27.3611 Z-5.825
错误:在 641 行:X21.634 Y27.3611 Z-5.825,"Z"和"C"碰撞.


******************** 刀路错误报告 ********************
错误642行,文件名:G682尝试后处理-777.NC.NC
X21.0895 Y26.0338 Z-5.9
错误:在 642 行:X21.0895 Y26.0338 Z-5.9,"Z"和"A"碰撞.


******************** 刀路错误报告 ********************
错误642行,文件名:G682尝试后处理-777.NC.NC
X21.0895 Y26.0338 Z-5.9
错误:在 642 行:X21.0895 Y26.0338 Z-5.9,"Z"和"C"碰撞.


******************** 刀路错误报告 ********************
错误643行,文件名:G682尝试后处理-777.NC.NC
X20.9874 Y24.6029 Z-5.975
错误:在 643 行:X20.9874 Y24.6029 Z-5.975,"Z"和"A"碰撞.


******************** 刀路错误报告 ********************
错误643行,文件名:G682尝试后处理-777.NC.NC
X20.9874 Y24.6029 Z-5.975
错误:在 643 行:X20.9874 Y24.6029 Z-5.975,"Z"和"C"碰撞.


******************** 刀路错误报告 ********************
错误644行,文件名:G682尝试后处理-777.NC.NC
X21.3379 Y23.2118 Z-6.05
错误:在 644 行:X21.3379 Y23.2118 Z-6.05,"Z"和"A"碰撞.


******************** 刀路错误报告 ********************
错误644行,文件名:G682尝试后处理-777.NC.NC
X21.3379 Y23.2118 Z-6.05
错误:在 644 行:X21.3379 Y23.2118 Z-6.05,"Z"和"C"碰撞.


******************** 刀路错误报告 ********************
错误645行,文件名:G682尝试后处理-777.NC.NC
X22.1057 Y22. Z-6.125
错误:在 645 行:X22.1057 Y22. Z-6.125,"Z"和"A"碰撞.


******************** 刀路错误报告 ********************
错误645行,文件名:G682尝试后处理-777.NC.NC
X22.1057 Y22. Z-6.125
错误:在 645 行:X22.1057 Y22. Z-6.125,"Z"和"C"碰撞.


******************** 刀路错误报告 ********************
错误646行,文件名:G682尝试后处理-777.NC.NC
X23.214 Y21.0891 Z-6.2
错误:在 646 行:X23.214 Y21.0891 Z-6.2,"Z"和"A"碰撞.


******************** 刀路错误报告 ********************
错误646行,文件名:G682尝试后处理-777.NC.NC
X23.214 Y21.0891 Z-6.2
错误:在 646 行:X23.214 Y21.0891 Z-6.2,"Z"和"C"碰撞.


******************** 刀路错误报告 ********************
错误647行,文件名:G682尝试后处理-777.NC.NC
X24.5515 Y20.5704 Z-6.275
错误:在 647 行:X24.5515 Y20.5704 Z-6.275,"Z"和"A"碰撞.


******************** 刀路错误报告 ********************
错误647行,文件名:G682尝试后处理-777.NC.NC
X24.5515 Y20.5704 Z-6.275
错误:在 647 行:X24.5515 Y20.5704 Z-6.275,"Z"和"C"碰撞.


******************** 刀路错误报告 ********************
错误648行,文件名:G682尝试后处理-777.NC.NC
X25.9841 Y20.4959 Z-6.35
错误:在 648 行:X25.9841 Y20.4959 Z-6.35,"Z"和"A"碰撞.


******************** 刀路错误报告 ********************
错误648行,文件名:G682尝试后处理-777.NC.NC
X25.9841 Y20.4959 Z-6.35
错误:在 648 行:X25.9841 Y20.4959 Z-6.35,"Z"和"C"碰撞.


******************** 刀路错误报告 ********************
错误649行,文件名:G682尝试后处理-777.NC.NC
X27.3682 Y20.8732 Z-6.425
错误:在 649 行:X27.3682 Y20.8732 Z-6.425,"Z"和"A"碰撞.


******************** 刀路错误报告 ********************
错误649行,文件名:G682尝试后处理-777.NC.NC
X27.3682 Y20.8732 Z-6.425
错误:在 649 行:X27.3682 Y20.8732 Z-6.425,"Z"和"C"碰撞.


******************** 刀路错误报告 ********************
错误650行,文件名:G682尝试后处理-777.NC.NC
X28.5649 Y21.6643 Z-6.5
错误:在 650 行:X28.5649 Y21.6643 Z-6.5,"Z"和"A"碰撞.


******************** 刀路错误报告 ********************
错误650行,文件名:G682尝试后处理-777.NC.NC
X28.5649 Y21.6643 Z-6.5
错误:在 650 行:X28.5649 Y21.6643 Z-6.5,"Z"和"C"碰撞.


******************** 刀路错误报告 ********************
错误651行,文件名:G682尝试后处理-777.NC.NC
X29.4543 Y22.7899 Z-6.575
错误:在 651 行:X29.4543 Y22.7899 Z-6.575,"Z"和"A"碰撞.


******************** 刀路错误报告 ********************
错误651行,文件名:G682尝试后处理-777.NC.NC
X29.4543 Y22.7899 Z-6.575
错误:在 651 行:X29.4543 Y22.7899 Z-6.575,"Z"和"C"碰撞.


******************** 刀路错误报告 ********************
错误652行,文件名:G682尝试后处理-777.NC.NC
X29.9471 Y24.1371 Z-6.65
错误:在 652 行:X29.9471 Y24.1371 Z-6.65,"Z"和"A"碰撞.


******************** 刀路错误报告 ********************
错误652行,文件名:G682尝试后处理-777.NC.NC
X29.9471 Y24.1371 Z-6.65
错误:在 652 行:X29.9471 Y24.1371 Z-6.65,"Z"和"C"碰撞.


******************** 刀路错误报告 ********************
错误653行,文件名:G682尝试后处理-777.NC.NC
X29.9939 Y25.5709 Z-6.725
错误:在 653 行:X29.9939 Y25.5709 Z-6.725,"Z"和"A"碰撞.


******************** 刀路错误报告 ********************
错误653行,文件名:G682尝试后处理-777.NC.NC
X29.9939 Y25.5709 Z-6.725
错误:在 653 行:X29.9939 Y25.5709 Z-6.725,"Z"和"C"碰撞.


******************** 刀路错误报告 ********************
错误654行,文件名:G682尝试后处理-777.NC.NC
X29.59 Y26.9475 Z-6.8
错误:在 654 行:X29.59 Y26.9475 Z-6.8,"Z"和"A"碰撞.


******************** 刀路错误报告 ********************
错误654行,文件名:G682尝试后处理-777.NC.NC
X29.59 Y26.9475 Z-6.8
错误:在 654 行:X29.59 Y26.9475 Z-6.8,"Z"和"C"碰撞.


******************** 刀路错误报告 ********************
错误655行,文件名:G682尝试后处理-777.NC.NC
X28.776 Y28.1287 Z-6.875
错误:在 655 行:X28.776 Y28.1287 Z-6.875,"Z"和"A"碰撞.


******************** 刀路错误报告 ********************
错误655行,文件名:G682尝试后处理-777.NC.NC
X28.776 Y28.1287 Z-6.875
错误:在 655 行:X28.776 Y28.1287 Z-6.875,"Z"和"C"碰撞.


******************** 刀路错误报告 ********************
错误656行,文件名:G682尝试后处理-777.NC.NC
X27.6334 Y28.9962 Z-6.95
错误:在 656 行:X27.6334 Y28.9962 Z-6.95,"Z"和"A"碰撞.


******************** 刀路错误报告 ********************
错误656行,文件名:G682尝试后处理-777.NC.NC
X27.6334 Y28.9962 Z-6.95
错误:在 656 行:X27.6334 Y28.9962 Z-6.95,"Z"和"C"碰撞.


******************** 刀路错误报告 ********************
错误657行,文件名:G682尝试后处理-777.NC.NC
X26.2769 Y29.4629 Z-7.025
错误:在 657 行:X26.2769 Y29.4629 Z-7.025,"Z"和"A"碰撞.


******************** 刀路错误报告 ********************
错误657行,文件名:G682尝试后处理-777.NC.NC
X26.2769 Y29.4629 Z-7.025
错误:在 657 行:X26.2769 Y29.4629 Z-7.025,"Z"和"C"碰撞.


******************** 刀路错误报告 ********************
错误658行,文件名:G682尝试后处理-777.NC.NC
X24.8424 Y29.482 Z-7.1
错误:在 658 行:X24.8424 Y29.482 Z-7.1,"Z"和"A"碰撞.


******************** 刀路错误报告 ********************
错误658行,文件名:G682尝试后处理-777.NC.NC
X24.8424 Y29.482 Z-7.1
错误:在 658 行:X24.8424 Y29.482 Z-7.1,"Z"和"C"碰撞.


******************** 刀路错误报告 ********************
错误659行,文件名:G682尝试后处理-777.NC.NC
X23.474 Y29.0517 Z-7.175
错误:在 659 行:X23.474 Y29.0517 Z-7.175,"Z"和"A"碰撞.


******************** 刀路错误报告 ********************
错误659行,文件名:G682尝试后处理-777.NC.NC
X23.474 Y29.0517 Z-7.175
错误:在 659 行:X23.474 Y29.0517 Z-7.175,"Z"和"C"碰撞.


******************** 刀路错误报告 ********************
错误660行,文件名:G682尝试后处理-777.NC.NC
X22.3086 Y28.215 Z-7.25
错误:在 660 行:X22.3086 Y28.215 Z-7.25,"Z"和"A"碰撞.


******************** 刀路错误报告 ********************
错误660行,文件名:G682尝试后处理-777.NC.NC
X22.3086 Y28.215 Z-7.25
错误:在 660 行:X22.3086 Y28.215 Z-7.25,"Z"和"C"碰撞.


******************** 刀路错误报告 ********************
错误661行,文件名:G682尝试后处理-777.NC.NC
X21.4634 Y27.0559 Z-7.325
错误:在 661 行:X21.4634 Y27.0559 Z-7.325,"Z"和"A"碰撞.


******************** 刀路错误报告 ********************
错误661行,文件名:G682尝试后处理-777.NC.NC
X21.4634 Y27.0559 Z-7.325
错误:在 661 行:X21.4634 Y27.0559 Z-7.325,"Z"和"C"碰撞.


******************** 刀路错误报告 ********************
错误662行,文件名:G682尝试后处理-777.NC.NC
X21.023 Y25.6906 Z-7.4
错误:在 662 行:X21.023 Y25.6906 Z-7.4,"Z"和"A"碰撞.


******************** 刀路错误报告 ********************
错误662行,文件名:G682尝试后处理-777.NC.NC
X21.023 Y25.6906 Z-7.4
错误:在 662 行:X21.023 Y25.6906 Z-7.4,"Z"和"C"碰撞.


******************** 刀路错误报告 ********************
错误663行,文件名:G682尝试后处理-777.NC.NC
X21.0315 Y24.2561 Z-7.475
错误:在 663 行:X21.0315 Y24.2561 Z-7.475,"Z"和"A"碰撞.


******************** 刀路错误报告 ********************
错误663行,文件名:G682尝试后处理-777.NC.NC
X21.0315 Y24.2561 Z-7.475
错误:在 663 行:X21.0315 Y24.2561 Z-7.475,"Z"和"C"碰撞.


******************** 刀路错误报告 ********************
错误664行,文件名:G682尝试后处理-777.NC.NC
X21.4882 Y22.8961 Z-7.55
错误:在 664 行:X21.4882 Y22.8961 Z-7.55,"Z"和"A"碰撞.


******************** 刀路错误报告 ********************
错误664行,文件名:G682尝试后处理-777.NC.NC
X21.4882 Y22.8961 Z-7.55
错误:在 664 行:X21.4882 Y22.8961 Z-7.55,"Z"和"C"碰撞.


******************** 刀路错误报告 ********************
错误665行,文件名:G682尝试后处理-777.NC.NC
X22.3472 Y21.7472 Z-7.625
错误:在 665 行:X22.3472 Y21.7472 Z-7.625,"Z"和"A"碰撞.


******************** 刀路错误报告 ********************
错误665行,文件名:G682尝试后处理-777.NC.NC
X22.3472 Y21.7472 Z-7.625
错误:在 665 行:X22.3472 Y21.7472 Z-7.625,"Z"和"C"碰撞.


******************** 刀路错误报告 ********************
错误666行,文件名:G682尝试后处理-777.NC.NC
X23.5224 Y20.9245 Z-7.7
错误:在 666 行:X23.5224 Y20.9245 Z-7.7,"Z"和"A"碰撞.


******************** 刀路错误报告 ********************
错误666行,文件名:G682尝试后处理-777.NC.NC
X23.5224 Y20.9245 Z-7.7
错误:在 666 行:X23.5224 Y20.9245 Z-7.7,"Z"和"C"碰撞.


******************** 刀路错误报告 ********************
错误667行,文件名:G682尝试后处理-777.NC.NC
X24.8959 Y20.5105 Z-7.775
错误:在 667 行:X24.8959 Y20.5105 Z-7.775,"Z"和"A"碰撞.


******************** 刀路错误报告 ********************
错误667行,文件名:G682尝试后处理-777.NC.NC
X24.8959 Y20.5105 Z-7.775
错误:在 667 行:X24.8959 Y20.5105 Z-7.775,"Z"和"C"碰撞.


******************** 刀路错误报告 ********************
错误668行,文件名:G682尝试后处理-777.NC.NC
X26.33 Y20.5467 Z-7.85
错误:在 668 行:X26.33 Y20.5467 Z-7.85,"Z"和"A"碰撞.


******************** 刀路错误报告 ********************
错误668行,文件名:G682尝试后处理-777.NC.NC
X26.33 Y20.5467 Z-7.85
错误:在 668 行:X26.33 Y20.5467 Z-7.85,"Z"和"C"碰撞.


******************** 刀路错误报告 ********************
错误669行,文件名:G682尝试后处理-777.NC.NC
X27.6809 Y21.0295 Z-7.925
错误:在 669 行:X27.6809 Y21.0295 Z-7.925,"Z"和"A"碰撞.


******************** 刀路错误报告 ********************
错误669行,文件名:G682尝试后处理-777.NC.NC
X27.6809 Y21.0295 Z-7.925
错误:在 669 行:X27.6809 Y21.0295 Z-7.925,"Z"和"C"碰撞.


******************** 刀路错误报告 ********************
错误670行,文件名:G682尝试后处理-777.NC.NC
X28.7911 Y21.931 Z-8.
错误:在 670 行:X28.7911 Y21.931 Z-8.,"Z"和"A"碰撞.


******************** 刀路错误报告 ********************
错误670行,文件名:G682尝试后处理-777.NC.NC
X28.7911 Y21.931 Z-8.
错误:在 670 行:X28.7911 Y21.931 Z-8.,"Z"和"C"碰撞.


******************** 刀路错误报告 ********************
错误671行,文件名:G682尝试后处理-777.NC.NC
X39.6898 Y33.6184
错误:在 671 行:X39.6898 Y33.6184,"Z"和"A"碰撞.


******************** 刀路错误报告 ********************
错误671行,文件名:G682尝试后处理-777.NC.NC
X39.6898 Y33.6184
错误:在 671 行:X39.6898 Y33.6184,"Z"和"C"碰撞.


******************** 刀路错误报告 ********************
错误672行,文件名:G682尝试后处理-777.NC.NC
X33.839 Y39.0744
错误:在 672 行:X33.839 Y39.0744,"Z"和"A"碰撞.


******************** 刀路错误报告 ********************
错误672行,文件名:G682尝试后处理-777.NC.NC
X33.839 Y39.0744
错误:在 672 行:X33.839 Y39.0744,"Z"和"C"碰撞.


******************** 刀路错误报告 ********************
错误673行,文件名:G682尝试后处理-777.NC.NC
G03 X33.157Y39.3431 Z-8. R1.
错误:在 673 行:G03 X33.157Y39.3431 Z-8. R1.,"Z"和"A"碰撞.


******************** 刀路错误报告 ********************
错误673行,文件名:G682尝试后处理-777.NC.NC
G03 X33.157Y39.3431 Z-8. R1.
错误:在 673 行:G03 X33.157Y39.3431 Z-8. R1.,"Z"和"C"碰撞.


******************** 刀路错误报告 ********************
错误674行,文件名:G682尝试后处理-777.NC.NC
G03 X32.4256Y39.0251 Z-8. R1.
错误:在 674 行:G03 X32.4256Y39.0251 Z-8. R1.,"Z"和"A"碰撞.


******************** 刀路错误报告 ********************
错误674行,文件名:G682尝试后处理-777.NC.NC
G03 X32.4256Y39.0251 Z-8. R1.
错误:在 674 行:G03 X32.4256Y39.0251 Z-8. R1.,"Z"和"C"碰撞.


******************** 刀路错误报告 ********************
错误675行,文件名:G682尝试后处理-777.NC.NC
G01 X11.9922 Y17.1129
错误:在 675 行:G01 X11.9922 Y17.1129,"Z"和"A"碰撞.


******************** 刀路错误报告 ********************
错误675行,文件名:G682尝试后处理-777.NC.NC
G01 X11.9922 Y17.1129
错误:在 675 行:G01 X11.9922 Y17.1129,"Z"和"C"碰撞.


******************** 刀路错误报告 ********************
错误676行,文件名:G682尝试后处理-777.NC.NC
G03 X11.7236Y16.4309 Z-8. R1.
错误:在 676 行:G03 X11.7236Y16.4309 Z-8. R1.,"Z"和"A"碰撞.


******************** 刀路错误报告 ********************
错误676行,文件名:G682尝试后处理-777.NC.NC
G03 X11.7236Y16.4309 Z-8. R1.
错误:在 676 行:G03 X11.7236Y16.4309 Z-8. R1.,"Z"和"C"碰撞.


******************** 刀路错误报告 ********************
错误677行,文件名:G682尝试后处理-777.NC.NC
G03 X12.0416Y15.6996 Z-8. R1.
错误:在 677 行:G03 X12.0416Y15.6996 Z-8. R1.,"Z"和"A"碰撞.


******************** 刀路错误报告 ********************
错误677行,文件名:G682尝试后处理-777.NC.NC
G03 X12.0416Y15.6996 Z-8. R1.
错误:在 677 行:G03 X12.0416Y15.6996 Z-8. R1.,"Z"和"C"碰撞.


******************** 刀路错误报告 ********************
错误678行,文件名:G682尝试后处理-777.NC.NC
G01 X17.8924 Y10.2436
错误:在 678 行:G01 X17.8924 Y10.2436,"Z"和"A"碰撞.


******************** 刀路错误报告 ********************
错误678行,文件名:G682尝试后处理-777.NC.NC
G01 X17.8924 Y10.2436
错误:在 678 行:G01 X17.8924 Y10.2436,"Z"和"C"碰撞.


******************** 刀路错误报告 ********************
错误679行,文件名:G682尝试后处理-777.NC.NC
X28.7911 Y21.931
错误:在 679 行:X28.7911 Y21.931,"Z"和"A"碰撞.


******************** 刀路错误报告 ********************
错误679行,文件名:G682尝试后处理-777.NC.NC
X28.7911 Y21.931
错误:在 679 行:X28.7911 Y21.931,"Z"和"C"碰撞.


******************** 刀路错误报告 ********************
错误680行,文件名:G682尝试后处理-777.NC.NC
X25.1343 Y25.341
错误:在 680 行:X25.1343 Y25.341,"Z"和"A"碰撞.


******************** 刀路错误报告 ********************
错误680行,文件名:G682尝试后处理-777.NC.NC
X25.1343 Y25.341
错误:在 680 行:X25.1343 Y25.341,"Z"和"C"碰撞.


******************** 刀路错误报告 ********************
错误681行,文件名:G682尝试后处理-777.NC.NC
Z-5.
错误:在 681 行:Z-5.,"Z"和"A"碰撞.


******************** 刀路错误报告 ********************
错误681行,文件名:G682尝试后处理-777.NC.NC
Z-5.
错误:在 681 行:Z-5.,"Z"和"C"碰撞.


******************** 刀路错误报告 ********************
错误682行,文件名:G682尝试后处理-777.NC.NC
G00 Z10.
错误:在 682 行:G00 Z10.,"Z"和"A"碰撞.


******************** 刀路错误报告 ********************
错误682行,文件名:G682尝试后处理-777.NC.NC
G00 Z10.
错误:在 682 行:G00 Z10.,"Z"和"C"碰撞.


******************** 刀路错误报告 ********************
错误684行,文件名:G682尝试后处理-777.NC.NC
Z-6.
错误:在 684 行:Z-6.,"Z"和"A"碰撞.


******************** 刀路错误报告 ********************
错误684行,文件名:G682尝试后处理-777.NC.NC
Z-6.
错误:在 684 行:Z-6.,"Z"和"C"碰撞.


******************** 刀路错误报告 ********************
错误685行,文件名:G682尝试后处理-777.NC.NC
G01 X29.2721 Y22.4915 Z-6.075
错误:在 685 行:G01 X29.2721 Y22.4915 Z-6.075,"Z"和"A"碰撞.


******************** 刀路错误报告 ********************
错误685行,文件名:G682尝试后处理-777.NC.NC
G01 X29.2721 Y22.4915 Z-6.075
错误:在 685 行:G01 X29.2721 Y22.4915 Z-6.075,"Z"和"C"碰撞.


******************** 刀路错误报告 ********************
错误686行,文件名:G682尝试后处理-777.NC.NC
X29.8673 Y23.7968 Z-6.15
错误:在 686 行:X29.8673 Y23.7968 Z-6.15,"Z"和"A"碰撞.


******************** 刀路错误报告 ********************
错误686行,文件名:G682尝试后处理-777.NC.NC
X29.8673 Y23.7968 Z-6.15
错误:在 686 行:X29.8673 Y23.7968 Z-6.15,"Z"和"C"碰撞.


******************** 刀路错误报告 ********************
错误687行,文件名:G682尝试后处理-777.NC.NC
X30.0245 Y25.2227 Z-6.225
错误:在 687 行:X30.0245 Y25.2227 Z-6.225,"Z"和"A"碰撞.


******************** 刀路错误报告 ********************
错误687行,文件名:G682尝试后处理-777.NC.NC
X30.0245 Y25.2227 Z-6.225
错误:在 687 行:X30.0245 Y25.2227 Z-6.225,"Z"和"C"碰撞.


******************** 刀路错误报告 ********************
错误688行,文件名:G682尝试后处理-777.NC.NC
X29.728 Y26.6263 Z-6.3
错误:在 688 行:X29.728 Y26.6263 Z-6.3,"Z"和"A"碰撞.


******************** 刀路错误报告 ********************
错误688行,文件名:G682尝试后处理-777.NC.NC
X29.728 Y26.6263 Z-6.3
错误:在 688 行:X29.728 Y26.6263 Z-6.3,"Z"和"C"碰撞.


******************** 刀路错误报告 ********************
错误689行,文件名:G682尝试后处理-777.NC.NC
X29.0075 Y27.8668 Z-6.375
错误:在 689 行:X29.0075 Y27.8668 Z-6.375,"Z"和"A"碰撞.


******************** 刀路错误报告 ********************
错误689行,文件名:G682尝试后处理-777.NC.NC
X29.0075 Y27.8668 Z-6.375
错误:在 689 行:X29.0075 Y27.8668 Z-6.375,"Z"和"C"碰撞.


******************** 刀路错误报告 ********************
错误690行,文件名:G682尝试后处理-777.NC.NC
X27.9352 Y28.8198 Z-6.45
错误:在 690 行:X27.9352 Y28.8198 Z-6.45,"Z"和"A"碰撞.


******************** 刀路错误报告 ********************
错误690行,文件名:G682尝试后处理-777.NC.NC
X27.9352 Y28.8198 Z-6.45
错误:在 690 行:X27.9352 Y28.8198 Z-6.45,"Z"和"C"碰撞.


******************** 刀路错误报告 ********************
错误691行,文件名:G682尝试后处理-777.NC.NC
X26.6187 Y29.3897 Z-6.525
错误:在 691 行:X26.6187 Y29.3897 Z-6.525,"Z"和"A"碰撞.


******************** 刀路错误报告 ********************
错误691行,文件名:G682尝试后处理-777.NC.NC
X26.6187 Y29.3897 Z-6.525
错误:在 691 行:X26.6187 Y29.3897 Z-6.525,"Z"和"C"碰撞.


******************** 刀路错误报告 ********************
错误692行,文件名:G682尝试后处理-777.NC.NC
X25.19 Y29.5194 Z-6.6
错误:在 692 行:X25.19 Y29.5194 Z-6.6,"Z"和"A"碰撞.


******************** 刀路错误报告 ********************
错误692行,文件名:G682尝试后处理-777.NC.NC
X25.19 Y29.5194 Z-6.6
错误:在 692 行:X25.19 Y29.5194 Z-6.6,"Z"和"C"碰撞.


******************** 刀路错误报告 ********************
错误693行,文件名:G682尝试后处理-777.NC.NC
X23.7924 Y29.1958 Z-6.675
错误:在 693 行:X23.7924 Y29.1958 Z-6.675,"Z"和"A"碰撞.


******************** 刀路错误报告 ********************
错误693行,文件名:G682尝试后处理-777.NC.NC
X23.7924 Y29.1958 Z-6.675
错误:在 693 行:X23.7924 Y29.1958 Z-6.675,"Z"和"C"碰撞.


******************** 刀路错误报告 ********************
错误694行,文件名:G682尝试后处理-777.NC.NC
X22.5661 Y28.4515 Z-6.75
错误:在 694 行:X22.5661 Y28.4515 Z-6.75,"Z"和"A"碰撞.


******************** 刀路错误报告 ********************
错误694行,文件名:G682尝试后处理-777.NC.NC
X22.5661 Y28.4515 Z-6.75
错误:在 694 行:X22.5661 Y28.4515 Z-6.75,"Z"和"C"碰撞.


******************** 刀路错误报告 ********************
错误695行,文件名:G682尝试后处理-777.NC.NC
X21.634 Y27.3611 Z-6.825
错误:在 695 行:X21.634 Y27.3611 Z-6.825,"Z"和"A"碰撞.


******************** 刀路错误报告 ********************
错误695行,文件名:G682尝试后处理-777.NC.NC
X21.634 Y27.3611 Z-6.825
错误:在 695 行:X21.634 Y27.3611 Z-6.825,"Z"和"C"碰撞.


******************** 刀路错误报告 ********************
错误696行,文件名:G682尝试后处理-777.NC.NC
X21.0895 Y26.0338 Z-6.9
错误:在 696 行:X21.0895 Y26.0338 Z-6.9,"Z"和"A"碰撞.


******************** 刀路错误报告 ********************
错误696行,文件名:G682尝试后处理-777.NC.NC
X21.0895 Y26.0338 Z-6.9
错误:在 696 行:X21.0895 Y26.0338 Z-6.9,"Z"和"C"碰撞.


******************** 刀路错误报告 ********************
错误697行,文件名:G682尝试后处理-777.NC.NC
X20.9874 Y24.6029 Z-6.975
错误:在 697 行:X20.9874 Y24.6029 Z-6.975,"Z"和"A"碰撞.


******************** 刀路错误报告 ********************
错误697行,文件名:G682尝试后处理-777.NC.NC
X20.9874 Y24.6029 Z-6.975
错误:在 697 行:X20.9874 Y24.6029 Z-6.975,"Z"和"C"碰撞.


******************** 刀路错误报告 ********************
错误698行,文件名:G682尝试后处理-777.NC.NC
X21.3379 Y23.2118 Z-7.05
错误:在 698 行:X21.3379 Y23.2118 Z-7.05,"Z"和"A"碰撞.


******************** 刀路错误报告 ********************
错误698行,文件名:G682尝试后处理-777.NC.NC
X21.3379 Y23.2118 Z-7.05
错误:在 698 行:X21.3379 Y23.2118 Z-7.05,"Z"和"C"碰撞.


******************** 刀路错误报告 ********************
错误699行,文件名:G682尝试后处理-777.NC.NC
X22.1057 Y22. Z-7.125
错误:在 699 行:X22.1057 Y22. Z-7.125,"Z"和"A"碰撞.


******************** 刀路错误报告 ********************
错误699行,文件名:G682尝试后处理-777.NC.NC
X22.1057 Y22. Z-7.125
错误:在 699 行:X22.1057 Y22. Z-7.125,"Z"和"C"碰撞.


******************** 刀路错误报告 ********************
错误700行,文件名:G682尝试后处理-777.NC.NC
X23.214 Y21.0891 Z-7.2
错误:在 700 行:X23.214 Y21.0891 Z-7.2,"Z"和"A"碰撞.


******************** 刀路错误报告 ********************
错误700行,文件名:G682尝试后处理-777.NC.NC
X23.214 Y21.0891 Z-7.2
错误:在 700 行:X23.214 Y21.0891 Z-7.2,"Z"和"C"碰撞.


******************** 刀路错误报告 ********************
错误701行,文件名:G682尝试后处理-777.NC.NC
X24.5515 Y20.5704 Z-7.275
错误:在 701 行:X24.5515 Y20.5704 Z-7.275,"Z"和"A"碰撞.


******************** 刀路错误报告 ********************
错误701行,文件名:G682尝试后处理-777.NC.NC
X24.5515 Y20.5704 Z-7.275
错误:在 701 行:X24.5515 Y20.5704 Z-7.275,"Z"和"C"碰撞.


******************** 刀路错误报告 ********************
错误702行,文件名:G682尝试后处理-777.NC.NC
X25.9841 Y20.4959 Z-7.35
错误:在 702 行:X25.9841 Y20.4959 Z-7.35,"Z"和"A"碰撞.


******************** 刀路错误报告 ********************
错误702行,文件名:G682尝试后处理-777.NC.NC
X25.9841 Y20.4959 Z-7.35
错误:在 702 行:X25.9841 Y20.4959 Z-7.35,"Z"和"C"碰撞.


******************** 刀路错误报告 ********************
错误703行,文件名:G682尝试后处理-777.NC.NC
X27.3682 Y20.8732 Z-7.425
错误:在 703 行:X27.3682 Y20.8732 Z-7.425,"Z"和"A"碰撞.


******************** 刀路错误报告 ********************
错误703行,文件名:G682尝试后处理-777.NC.NC
X27.3682 Y20.8732 Z-7.425
错误:在 703 行:X27.3682 Y20.8732 Z-7.425,"Z"和"C"碰撞.


******************** 刀路错误报告 ********************
错误704行,文件名:G682尝试后处理-777.NC.NC
X28.5649 Y21.6643 Z-7.5
错误:在 704 行:X28.5649 Y21.6643 Z-7.5,"Z"和"A"碰撞.


******************** 刀路错误报告 ********************
错误704行,文件名:G682尝试后处理-777.NC.NC
X28.5649 Y21.6643 Z-7.5
错误:在 704 行:X28.5649 Y21.6643 Z-7.5,"Z"和"C"碰撞.


******************** 刀路错误报告 ********************
错误705行,文件名:G682尝试后处理-777.NC.NC
X29.4543 Y22.7899 Z-7.575
错误:在 705 行:X29.4543 Y22.7899 Z-7.575,"Z"和"A"碰撞.


******************** 刀路错误报告 ********************
错误705行,文件名:G682尝试后处理-777.NC.NC
X29.4543 Y22.7899 Z-7.575
错误:在 705 行:X29.4543 Y22.7899 Z-7.575,"Z"和"C"碰撞.


******************** 刀路错误报告 ********************
错误706行,文件名:G682尝试后处理-777.NC.NC
X29.9471 Y24.1371 Z-7.65
错误:在 706 行:X29.9471 Y24.1371 Z-7.65,"Z"和"A"碰撞.


******************** 刀路错误报告 ********************
错误706行,文件名:G682尝试后处理-777.NC.NC
X29.9471 Y24.1371 Z-7.65
错误:在 706 行:X29.9471 Y24.1371 Z-7.65,"Z"和"C"碰撞.


******************** 刀路错误报告 ********************
错误707行,文件名:G682尝试后处理-777.NC.NC
X29.9939 Y25.5709 Z-7.725
错误:在 707 行:X29.9939 Y25.5709 Z-7.725,"Z"和"A"碰撞.


******************** 刀路错误报告 ********************
错误707行,文件名:G682尝试后处理-777.NC.NC
X29.9939 Y25.5709 Z-7.725
错误:在 707 行:X29.9939 Y25.5709 Z-7.725,"Z"和"C"碰撞.


******************** 刀路错误报告 ********************
错误708行,文件名:G682尝试后处理-777.NC.NC
X29.59 Y26.9475 Z-7.8
错误:在 708 行:X29.59 Y26.9475 Z-7.8,"Z"和"A"碰撞.


******************** 刀路错误报告 ********************
错误708行,文件名:G682尝试后处理-777.NC.NC
X29.59 Y26.9475 Z-7.8
错误:在 708 行:X29.59 Y26.9475 Z-7.8,"Z"和"C"碰撞.


******************** 刀路错误报告 ********************
错误709行,文件名:G682尝试后处理-777.NC.NC
X28.776 Y28.1287 Z-7.875
错误:在 709 行:X28.776 Y28.1287 Z-7.875,"Z"和"A"碰撞.


******************** 刀路错误报告 ********************
错误709行,文件名:G682尝试后处理-777.NC.NC
X28.776 Y28.1287 Z-7.875
错误:在 709 行:X28.776 Y28.1287 Z-7.875,"Z"和"C"碰撞.


******************** 刀路错误报告 ********************
错误710行,文件名:G682尝试后处理-777.NC.NC
X27.6334 Y28.9962 Z-7.95
错误:在 710 行:X27.6334 Y28.9962 Z-7.95,"Z"和"A"碰撞.


******************** 刀路错误报告 ********************
错误710行,文件名:G682尝试后处理-777.NC.NC
X27.6334 Y28.9962 Z-7.95
错误:在 710 行:X27.6334 Y28.9962 Z-7.95,"Z"和"C"碰撞.


******************** 刀路错误报告 ********************
错误711行,文件名:G682尝试后处理-777.NC.NC
X26.2769 Y29.4629 Z-8.025
错误:在 711 行:X26.2769 Y29.4629 Z-8.025,"Z"和"A"碰撞.


******************** 刀路错误报告 ********************
错误711行,文件名:G682尝试后处理-777.NC.NC
X26.2769 Y29.4629 Z-8.025
错误:在 711 行:X26.2769 Y29.4629 Z-8.025,"Z"和"C"碰撞.


******************** 刀路错误报告 ********************
错误712行,文件名:G682尝试后处理-777.NC.NC
X24.8424 Y29.482 Z-8.1
错误:在 712 行:X24.8424 Y29.482 Z-8.1,"Z"和"A"碰撞.


******************** 刀路错误报告 ********************
错误712行,文件名:G682尝试后处理-777.NC.NC
X24.8424 Y29.482 Z-8.1
错误:在 712 行:X24.8424 Y29.482 Z-8.1,"Z"和"C"碰撞.


******************** 刀路错误报告 ********************
错误713行,文件名:G682尝试后处理-777.NC.NC
X23.474 Y29.0517 Z-8.175
错误:在 713 行:X23.474 Y29.0517 Z-8.175,"Z"和"A"碰撞.


******************** 刀路错误报告 ********************
错误713行,文件名:G682尝试后处理-777.NC.NC
X23.474 Y29.0517 Z-8.175
错误:在 713 行:X23.474 Y29.0517 Z-8.175,"Z"和"C"碰撞.


******************** 刀路错误报告 ********************
错误714行,文件名:G682尝试后处理-777.NC.NC
X22.3086 Y28.215 Z-8.25
错误:在 714 行:X22.3086 Y28.215 Z-8.25,"Z"和"A"碰撞.


******************** 刀路错误报告 ********************
错误714行,文件名:G682尝试后处理-777.NC.NC
X22.3086 Y28.215 Z-8.25
错误:在 714 行:X22.3086 Y28.215 Z-8.25,"Z"和"C"碰撞.


******************** 刀路错误报告 ********************
错误715行,文件名:G682尝试后处理-777.NC.NC
X21.4634 Y27.0559 Z-8.325
错误:在 715 行:X21.4634 Y27.0559 Z-8.325,"Z"和"A"碰撞.


******************** 刀路错误报告 ********************
错误715行,文件名:G682尝试后处理-777.NC.NC
X21.4634 Y27.0559 Z-8.325
错误:在 715 行:X21.4634 Y27.0559 Z-8.325,"Z"和"C"碰撞.


******************** 刀路错误报告 ********************
错误716行,文件名:G682尝试后处理-777.NC.NC
X21.023 Y25.6906 Z-8.4
错误:在 716 行:X21.023 Y25.6906 Z-8.4,"Z"和"A"碰撞.


******************** 刀路错误报告 ********************
错误716行,文件名:G682尝试后处理-777.NC.NC
X21.023 Y25.6906 Z-8.4
错误:在 716 行:X21.023 Y25.6906 Z-8.4,"Z"和"C"碰撞.


******************** 刀路错误报告 ********************
错误717行,文件名:G682尝试后处理-777.NC.NC
X21.0315 Y24.2561 Z-8.475
错误:在 717 行:X21.0315 Y24.2561 Z-8.475,"Z"和"A"碰撞.


******************** 刀路错误报告 ********************
错误717行,文件名:G682尝试后处理-777.NC.NC
X21.0315 Y24.2561 Z-8.475
错误:在 717 行:X21.0315 Y24.2561 Z-8.475,"Z"和"C"碰撞.


******************** 刀路错误报告 ********************
错误718行,文件名:G682尝试后处理-777.NC.NC
X21.4882 Y22.8961 Z-8.55
错误:在 718 行:X21.4882 Y22.8961 Z-8.55,"Z"和"A"碰撞.


******************** 刀路错误报告 ********************
错误718行,文件名:G682尝试后处理-777.NC.NC
X21.4882 Y22.8961 Z-8.55
错误:在 718 行:X21.4882 Y22.8961 Z-8.55,"Z"和"C"碰撞.


******************** 刀路错误报告 ********************
错误719行,文件名:G682尝试后处理-777.NC.NC
X22.3472 Y21.7472 Z-8.625
错误:在 719 行:X22.3472 Y21.7472 Z-8.625,"Z"和"A"碰撞.


******************** 刀路错误报告 ********************
错误719行,文件名:G682尝试后处理-777.NC.NC
X22.3472 Y21.7472 Z-8.625
错误:在 719 行:X22.3472 Y21.7472 Z-8.625,"Z"和"C"碰撞.


******************** 刀路错误报告 ********************
错误720行,文件名:G682尝试后处理-777.NC.NC
X23.5224 Y20.9245 Z-8.7
错误:在 720 行:X23.5224 Y20.9245 Z-8.7,"Z"和"A"碰撞.


******************** 刀路错误报告 ********************
错误720行,文件名:G682尝试后处理-777.NC.NC
X23.5224 Y20.9245 Z-8.7
错误:在 720 行:X23.5224 Y20.9245 Z-8.7,"Z"和"C"碰撞.


******************** 刀路错误报告 ********************
错误721行,文件名:G682尝试后处理-777.NC.NC
X24.8959 Y20.5105 Z-8.775
错误:在 721 行:X24.8959 Y20.5105 Z-8.775,"Z"和"A"碰撞.


******************** 刀路错误报告 ********************
错误721行,文件名:G682尝试后处理-777.NC.NC
X24.8959 Y20.5105 Z-8.775
错误:在 721 行:X24.8959 Y20.5105 Z-8.775,"Z"和"C"碰撞.


******************** 刀路错误报告 ********************
错误722行,文件名:G682尝试后处理-777.NC.NC
X26.33 Y20.5467 Z-8.85
错误:在 722 行:X26.33 Y20.5467 Z-8.85,"Z"和"A"碰撞.


******************** 刀路错误报告 ********************
错误722行,文件名:G682尝试后处理-777.NC.NC
X26.33 Y20.5467 Z-8.85
错误:在 722 行:X26.33 Y20.5467 Z-8.85,"Z"和"C"碰撞.


******************** 刀路错误报告 ********************
错误723行,文件名:G682尝试后处理-777.NC.NC
X27.6809 Y21.0295 Z-8.925
错误:在 723 行:X27.6809 Y21.0295 Z-8.925,"Z"和"A"碰撞.


******************** 刀路错误报告 ********************
错误723行,文件名:G682尝试后处理-777.NC.NC
X27.6809 Y21.0295 Z-8.925
错误:在 723 行:X27.6809 Y21.0295 Z-8.925,"Z"和"C"碰撞.


******************** 刀路错误报告 ********************
错误724行,文件名:G682尝试后处理-777.NC.NC
X28.7911 Y21.931 Z-9.
错误:在 724 行:X28.7911 Y21.931 Z-9.,"Z"和"A"碰撞.


******************** 刀路错误报告 ********************
错误724行,文件名:G682尝试后处理-777.NC.NC
X28.7911 Y21.931 Z-9.
错误:在 724 行:X28.7911 Y21.931 Z-9.,"Z"和"C"碰撞.


******************** 刀路错误报告 ********************
错误725行,文件名:G682尝试后处理-777.NC.NC
X39.6898 Y33.6184
错误:在 725 行:X39.6898 Y33.6184,"Z"和"A"碰撞.


******************** 刀路错误报告 ********************
错误725行,文件名:G682尝试后处理-777.NC.NC
X39.6898 Y33.6184
错误:在 725 行:X39.6898 Y33.6184,"Z"和"C"碰撞.


******************** 刀路错误报告 ********************
错误726行,文件名:G682尝试后处理-777.NC.NC
X33.839 Y39.0744
错误:在 726 行:X33.839 Y39.0744,"Z"和"A"碰撞.


******************** 刀路错误报告 ********************
错误726行,文件名:G682尝试后处理-777.NC.NC
X33.839 Y39.0744
错误:在 726 行:X33.839 Y39.0744,"Z"和"C"碰撞.


******************** 刀路错误报告 ********************
错误727行,文件名:G682尝试后处理-777.NC.NC
G03 X33.157Y39.3431 Z-9. R1.
错误:在 727 行:G03 X33.157Y39.3431 Z-9. R1.,"Z"和"A"碰撞.


******************** 刀路错误报告 ********************
错误727行,文件名:G682尝试后处理-777.NC.NC
G03 X33.157Y39.3431 Z-9. R1.
错误:在 727 行:G03 X33.157Y39.3431 Z-9. R1.,"Z"和"C"碰撞.


******************** 刀路错误报告 ********************
错误728行,文件名:G682尝试后处理-777.NC.NC
G03 X32.4256Y39.0251 Z-9. R1.
错误:在 728 行:G03 X32.4256Y39.0251 Z-9. R1.,"Z"和"A"碰撞.


******************** 刀路错误报告 ********************
错误728行,文件名:G682尝试后处理-777.NC.NC
G03 X32.4256Y39.0251 Z-9. R1.
错误:在 728 行:G03 X32.4256Y39.0251 Z-9. R1.,"Z"和"C"碰撞.


******************** 刀路错误报告 ********************
错误729行,文件名:G682尝试后处理-777.NC.NC
G01 X11.9922 Y17.1129
错误:在 729 行:G01 X11.9922 Y17.1129,"Z"和"A"碰撞.


******************** 刀路错误报告 ********************
错误729行,文件名:G682尝试后处理-777.NC.NC
G01 X11.9922 Y17.1129
错误:在 729 行:G01 X11.9922 Y17.1129,"Z"和"C"碰撞.


******************** 刀路错误报告 ********************
错误730行,文件名:G682尝试后处理-777.NC.NC
G03 X11.7236Y16.4309 Z-9. R1.
错误:在 730 行:G03 X11.7236Y16.4309 Z-9. R1.,"Z"和"A"碰撞.


******************** 刀路错误报告 ********************
错误730行,文件名:G682尝试后处理-777.NC.NC
G03 X11.7236Y16.4309 Z-9. R1.
错误:在 730 行:G03 X11.7236Y16.4309 Z-9. R1.,"Z"和"C"碰撞.


******************** 刀路错误报告 ********************
错误731行,文件名:G682尝试后处理-777.NC.NC
G03 X12.0416Y15.6996 Z-9. R1.
错误:在 731 行:G03 X12.0416Y15.6996 Z-9. R1.,"Z"和"A"碰撞.


******************** 刀路错误报告 ********************
错误731行,文件名:G682尝试后处理-777.NC.NC
G03 X12.0416Y15.6996 Z-9. R1.
错误:在 731 行:G03 X12.0416Y15.6996 Z-9. R1.,"Z"和"C"碰撞.


******************** 刀路错误报告 ********************
错误732行,文件名:G682尝试后处理-777.NC.NC
G01 X17.8924 Y10.2436
错误:在 732 行:G01 X17.8924 Y10.2436,"Z"和"A"碰撞.


******************** 刀路错误报告 ********************
错误732行,文件名:G682尝试后处理-777.NC.NC
G01 X17.8924 Y10.2436
错误:在 732 行:G01 X17.8924 Y10.2436,"Z"和"C"碰撞.


******************** 刀路错误报告 ********************
错误733行,文件名:G682尝试后处理-777.NC.NC
X28.7911 Y21.931
错误:在 733 行:X28.7911 Y21.931,"Z"和"A"碰撞.


******************** 刀路错误报告 ********************
错误733行,文件名:G682尝试后处理-777.NC.NC
X28.7911 Y21.931
错误:在 733 行:X28.7911 Y21.931,"Z"和"C"碰撞.


******************** 刀路错误报告 ********************
错误734行,文件名:G682尝试后处理-777.NC.NC
X25.1343 Y25.341
错误:在 734 行:X25.1343 Y25.341,"Z"和"A"碰撞.


******************** 刀路错误报告 ********************
错误734行,文件名:G682尝试后处理-777.NC.NC
X25.1343 Y25.341
错误:在 734 行:X25.1343 Y25.341,"Z"和"C"碰撞.


******************** 刀路错误报告 ********************
错误735行,文件名:G682尝试后处理-777.NC.NC
Z-6.
错误:在 735 行:Z-6.,"Z"和"A"碰撞.


******************** 刀路错误报告 ********************
错误735行,文件名:G682尝试后处理-777.NC.NC
Z-6.
错误:在 735 行:Z-6.,"Z"和"C"碰撞.


******************** 刀路错误报告 ********************
错误736行,文件名:G682尝试后处理-777.NC.NC
G00 Z10.
错误:在 736 行:G00 Z10.,"Z"和"A"碰撞.


******************** 刀路错误报告 ********************
错误736行,文件名:G682尝试后处理-777.NC.NC
G00 Z10.
错误:在 736 行:G00 Z10.,"Z"和"C"碰撞.


******************** 刀路错误报告 ********************
错误738行,文件名:G682尝试后处理-777.NC.NC
Z-7.
错误:在 738 行:Z-7.,"Z"和"A"碰撞.


******************** 刀路错误报告 ********************
错误738行,文件名:G682尝试后处理-777.NC.NC
Z-7.
错误:在 738 行:Z-7.,"Z"和"C"碰撞.


******************** 刀路错误报告 ********************
错误739行,文件名:G682尝试后处理-777.NC.NC
G01 X29.2721 Y22.4915 Z-7.075
错误:在 739 行:G01 X29.2721 Y22.4915 Z-7.075,"Z"和"A"碰撞.


******************** 刀路错误报告 ********************
错误739行,文件名:G682尝试后处理-777.NC.NC
G01 X29.2721 Y22.4915 Z-7.075
错误:在 739 行:G01 X29.2721 Y22.4915 Z-7.075,"Z"和"C"碰撞.


******************** 刀路错误报告 ********************
错误740行,文件名:G682尝试后处理-777.NC.NC
X29.8673 Y23.7968 Z-7.15
错误:在 740 行:X29.8673 Y23.7968 Z-7.15,"Z"和"A"碰撞.


******************** 刀路错误报告 ********************
错误740行,文件名:G682尝试后处理-777.NC.NC
X29.8673 Y23.7968 Z-7.15
错误:在 740 行:X29.8673 Y23.7968 Z-7.15,"Z"和"C"碰撞.


******************** 刀路错误报告 ********************
错误741行,文件名:G682尝试后处理-777.NC.NC
X30.0245 Y25.2227 Z-7.225
错误:在 741 行:X30.0245 Y25.2227 Z-7.225,"Z"和"A"碰撞.


******************** 刀路错误报告 ********************
错误741行,文件名:G682尝试后处理-777.NC.NC
X30.0245 Y25.2227 Z-7.225
错误:在 741 行:X30.0245 Y25.2227 Z-7.225,"Z"和"C"碰撞.


******************** 刀路错误报告 ********************
错误742行,文件名:G682尝试后处理-777.NC.NC
X29.728 Y26.6263 Z-7.3
错误:在 742 行:X29.728 Y26.6263 Z-7.3,"Z"和"A"碰撞.


******************** 刀路错误报告 ********************
错误742行,文件名:G682尝试后处理-777.NC.NC
X29.728 Y26.6263 Z-7.3
错误:在 742 行:X29.728 Y26.6263 Z-7.3,"Z"和"C"碰撞.


******************** 刀路错误报告 ********************
错误743行,文件名:G682尝试后处理-777.NC.NC
X29.0075 Y27.8668 Z-7.375
错误:在 743 行:X29.0075 Y27.8668 Z-7.375,"Z"和"A"碰撞.


******************** 刀路错误报告 ********************
错误743行,文件名:G682尝试后处理-777.NC.NC
X29.0075 Y27.8668 Z-7.375
错误:在 743 行:X29.0075 Y27.8668 Z-7.375,"Z"和"C"碰撞.


******************** 刀路错误报告 ********************
错误744行,文件名:G682尝试后处理-777.NC.NC
X27.9352 Y28.8198 Z-7.45
错误:在 744 行:X27.9352 Y28.8198 Z-7.45,"Z"和"A"碰撞.


******************** 刀路错误报告 ********************
错误744行,文件名:G682尝试后处理-777.NC.NC
X27.9352 Y28.8198 Z-7.45
错误:在 744 行:X27.9352 Y28.8198 Z-7.45,"Z"和"C"碰撞.


******************** 刀路错误报告 ********************
错误745行,文件名:G682尝试后处理-777.NC.NC
X26.6187 Y29.3897 Z-7.525
错误:在 745 行:X26.6187 Y29.3897 Z-7.525,"Z"和"A"碰撞.


******************** 刀路错误报告 ********************
错误745行,文件名:G682尝试后处理-777.NC.NC
X26.6187 Y29.3897 Z-7.525
错误:在 745 行:X26.6187 Y29.3897 Z-7.525,"Z"和"C"碰撞.


******************** 刀路错误报告 ********************
错误746行,文件名:G682尝试后处理-777.NC.NC
X25.19 Y29.5194 Z-7.6
错误:在 746 行:X25.19 Y29.5194 Z-7.6,"Z"和"A"碰撞.


******************** 刀路错误报告 ********************
错误746行,文件名:G682尝试后处理-777.NC.NC
X25.19 Y29.5194 Z-7.6
错误:在 746 行:X25.19 Y29.5194 Z-7.6,"Z"和"C"碰撞.


******************** 刀路错误报告 ********************
错误747行,文件名:G682尝试后处理-777.NC.NC
X23.7924 Y29.1958 Z-7.675
错误:在 747 行:X23.7924 Y29.1958 Z-7.675,"Z"和"A"碰撞.


******************** 刀路错误报告 ********************
错误747行,文件名:G682尝试后处理-777.NC.NC
X23.7924 Y29.1958 Z-7.675
错误:在 747 行:X23.7924 Y29.1958 Z-7.675,"Z"和"C"碰撞.


******************** 刀路错误报告 ********************
错误748行,文件名:G682尝试后处理-777.NC.NC
X22.5661 Y28.4515 Z-7.75
错误:在 748 行:X22.5661 Y28.4515 Z-7.75,"Z"和"A"碰撞.


******************** 刀路错误报告 ********************
错误748行,文件名:G682尝试后处理-777.NC.NC
X22.5661 Y28.4515 Z-7.75
错误:在 748 行:X22.5661 Y28.4515 Z-7.75,"Z"和"C"碰撞.


******************** 刀路错误报告 ********************
错误749行,文件名:G682尝试后处理-777.NC.NC
X21.634 Y27.3611 Z-7.825
错误:在 749 行:X21.634 Y27.3611 Z-7.825,"Z"和"A"碰撞.


******************** 刀路错误报告 ********************
错误749行,文件名:G682尝试后处理-777.NC.NC
X21.634 Y27.3611 Z-7.825
错误:在 749 行:X21.634 Y27.3611 Z-7.825,"Z"和"C"碰撞.


******************** 刀路错误报告 ********************
错误750行,文件名:G682尝试后处理-777.NC.NC
X21.0895 Y26.0338 Z-7.9
错误:在 750 行:X21.0895 Y26.0338 Z-7.9,"Z"和"A"碰撞.


******************** 刀路错误报告 ********************
错误750行,文件名:G682尝试后处理-777.NC.NC
X21.0895 Y26.0338 Z-7.9
错误:在 750 行:X21.0895 Y26.0338 Z-7.9,"Z"和"C"碰撞.


******************** 刀路错误报告 ********************
错误751行,文件名:G682尝试后处理-777.NC.NC
X20.9874 Y24.6029 Z-7.975
错误:在 751 行:X20.9874 Y24.6029 Z-7.975,"Z"和"A"碰撞.


******************** 刀路错误报告 ********************
错误751行,文件名:G682尝试后处理-777.NC.NC
X20.9874 Y24.6029 Z-7.975
错误:在 751 行:X20.9874 Y24.6029 Z-7.975,"Z"和"C"碰撞.


******************** 刀路错误报告 ********************
错误752行,文件名:G682尝试后处理-777.NC.NC
X21.3379 Y23.2118 Z-8.05
错误:在 752 行:X21.3379 Y23.2118 Z-8.05,"Z"和"A"碰撞.


******************** 刀路错误报告 ********************
错误752行,文件名:G682尝试后处理-777.NC.NC
X21.3379 Y23.2118 Z-8.05
错误:在 752 行:X21.3379 Y23.2118 Z-8.05,"Z"和"C"碰撞.


******************** 刀路错误报告 ********************
错误753行,文件名:G682尝试后处理-777.NC.NC
X22.1057 Y22. Z-8.125
错误:在 753 行:X22.1057 Y22. Z-8.125,"Z"和"A"碰撞.


******************** 刀路错误报告 ********************
错误753行,文件名:G682尝试后处理-777.NC.NC
X22.1057 Y22. Z-8.125
错误:在 753 行:X22.1057 Y22. Z-8.125,"Z"和"C"碰撞.


******************** 刀路错误报告 ********************
错误754行,文件名:G682尝试后处理-777.NC.NC
X23.214 Y21.0891 Z-8.2
错误:在 754 行:X23.214 Y21.0891 Z-8.2,"Z"和"A"碰撞.


******************** 刀路错误报告 ********************
错误754行,文件名:G682尝试后处理-777.NC.NC
X23.214 Y21.0891 Z-8.2
错误:在 754 行:X23.214 Y21.0891 Z-8.2,"Z"和"C"碰撞.


******************** 刀路错误报告 ********************
错误755行,文件名:G682尝试后处理-777.NC.NC
X24.5515 Y20.5704 Z-8.275
错误:在 755 行:X24.5515 Y20.5704 Z-8.275,"Z"和"A"碰撞.


******************** 刀路错误报告 ********************
错误755行,文件名:G682尝试后处理-777.NC.NC
X24.5515 Y20.5704 Z-8.275
错误:在 755 行:X24.5515 Y20.5704 Z-8.275,"Z"和"C"碰撞.


******************** 刀路错误报告 ********************
错误756行,文件名:G682尝试后处理-777.NC.NC
X25.9841 Y20.4959 Z-8.35
错误:在 756 行:X25.9841 Y20.4959 Z-8.35,"Z"和"A"碰撞.


******************** 刀路错误报告 ********************
错误756行,文件名:G682尝试后处理-777.NC.NC
X25.9841 Y20.4959 Z-8.35
错误:在 756 行:X25.9841 Y20.4959 Z-8.35,"Z"和"C"碰撞.


******************** 刀路错误报告 ********************
错误757行,文件名:G682尝试后处理-777.NC.NC
X27.3682 Y20.8732 Z-8.425
错误:在 757 行:X27.3682 Y20.8732 Z-8.425,"Z"和"A"碰撞.


******************** 刀路错误报告 ********************
错误757行,文件名:G682尝试后处理-777.NC.NC
X27.3682 Y20.8732 Z-8.425
错误:在 757 行:X27.3682 Y20.8732 Z-8.425,"Z"和"C"碰撞.


******************** 刀路错误报告 ********************
错误758行,文件名:G682尝试后处理-777.NC.NC
X28.5649 Y21.6643 Z-8.5
错误:在 758 行:X28.5649 Y21.6643 Z-8.5,"Z"和"A"碰撞.


******************** 刀路错误报告 ********************
错误758行,文件名:G682尝试后处理-777.NC.NC
X28.5649 Y21.6643 Z-8.5
错误:在 758 行:X28.5649 Y21.6643 Z-8.5,"Z"和"C"碰撞.


******************** 刀路错误报告 ********************
错误759行,文件名:G682尝试后处理-777.NC.NC
X29.4543 Y22.7899 Z-8.575
错误:在 759 行:X29.4543 Y22.7899 Z-8.575,"Z"和"A"碰撞.


******************** 刀路错误报告 ********************
错误759行,文件名:G682尝试后处理-777.NC.NC
X29.4543 Y22.7899 Z-8.575
错误:在 759 行:X29.4543 Y22.7899 Z-8.575,"Z"和"C"碰撞.


******************** 刀路错误报告 ********************
错误760行,文件名:G682尝试后处理-777.NC.NC
X29.9471 Y24.1371 Z-8.65
错误:在 760 行:X29.9471 Y24.1371 Z-8.65,"Z"和"A"碰撞.


******************** 刀路错误报告 ********************
错误760行,文件名:G682尝试后处理-777.NC.NC
X29.9471 Y24.1371 Z-8.65
错误:在 760 行:X29.9471 Y24.1371 Z-8.65,"Z"和"C"碰撞.


******************** 刀路错误报告 ********************
错误761行,文件名:G682尝试后处理-777.NC.NC
X29.9939 Y25.5709 Z-8.725
错误:在 761 行:X29.9939 Y25.5709 Z-8.725,"Z"和"A"碰撞.


******************** 刀路错误报告 ********************
错误761行,文件名:G682尝试后处理-777.NC.NC
X29.9939 Y25.5709 Z-8.725
错误:在 761 行:X29.9939 Y25.5709 Z-8.725,"Z"和"C"碰撞.


******************** 刀路错误报告 ********************
错误762行,文件名:G682尝试后处理-777.NC.NC
X29.59 Y26.9475 Z-8.8
错误:在 762 行:X29.59 Y26.9475 Z-8.8,"Z"和"A"碰撞.


******************** 刀路错误报告 ********************
错误762行,文件名:G682尝试后处理-777.NC.NC
X29.59 Y26.9475 Z-8.8
错误:在 762 行:X29.59 Y26.9475 Z-8.8,"Z"和"C"碰撞.


******************** 刀路错误报告 ********************
错误763行,文件名:G682尝试后处理-777.NC.NC
X28.776 Y28.1287 Z-8.875
错误:在 763 行:X28.776 Y28.1287 Z-8.875,"Z"和"A"碰撞.


******************** 刀路错误报告 ********************
错误763行,文件名:G682尝试后处理-777.NC.NC
X28.776 Y28.1287 Z-8.875
错误:在 763 行:X28.776 Y28.1287 Z-8.875,"Z"和"C"碰撞.


******************** 刀路错误报告 ********************
错误764行,文件名:G682尝试后处理-777.NC.NC
X27.6334 Y28.9962 Z-8.95
错误:在 764 行:X27.6334 Y28.9962 Z-8.95,"Z"和"A"碰撞.


******************** 刀路错误报告 ********************
错误764行,文件名:G682尝试后处理-777.NC.NC
X27.6334 Y28.9962 Z-8.95
错误:在 764 行:X27.6334 Y28.9962 Z-8.95,"Z"和"C"碰撞.


******************** 刀路错误报告 ********************
错误765行,文件名:G682尝试后处理-777.NC.NC
X26.2769 Y29.4629 Z-9.025
错误:在 765 行:X26.2769 Y29.4629 Z-9.025,"Z"和"A"碰撞.


******************** 刀路错误报告 ********************
错误765行,文件名:G682尝试后处理-777.NC.NC
X26.2769 Y29.4629 Z-9.025
错误:在 765 行:X26.2769 Y29.4629 Z-9.025,"Z"和"C"碰撞.


******************** 刀路错误报告 ********************
错误766行,文件名:G682尝试后处理-777.NC.NC
X24.8424 Y29.482 Z-9.1
错误:在 766 行:X24.8424 Y29.482 Z-9.1,"Z"和"A"碰撞.


******************** 刀路错误报告 ********************
错误766行,文件名:G682尝试后处理-777.NC.NC
X24.8424 Y29.482 Z-9.1
错误:在 766 行:X24.8424 Y29.482 Z-9.1,"Z"和"C"碰撞.


******************** 刀路错误报告 ********************
错误767行,文件名:G682尝试后处理-777.NC.NC
X23.474 Y29.0517 Z-9.175
错误:在 767 行:X23.474 Y29.0517 Z-9.175,"Z"和"A"碰撞.


******************** 刀路错误报告 ********************
错误767行,文件名:G682尝试后处理-777.NC.NC
X23.474 Y29.0517 Z-9.175
错误:在 767 行:X23.474 Y29.0517 Z-9.175,"Z"和"C"碰撞.


******************** 刀路错误报告 ********************
错误768行,文件名:G682尝试后处理-777.NC.NC
X22.3086 Y28.215 Z-9.25
错误:在 768 行:X22.3086 Y28.215 Z-9.25,"Z"和"A"碰撞.


******************** 刀路错误报告 ********************
错误768行,文件名:G682尝试后处理-777.NC.NC
X22.3086 Y28.215 Z-9.25
错误:在 768 行:X22.3086 Y28.215 Z-9.25,"Z"和"C"碰撞.


******************** 刀路错误报告 ********************
错误769行,文件名:G682尝试后处理-777.NC.NC
X21.4634 Y27.0559 Z-9.325
错误:在 769 行:X21.4634 Y27.0559 Z-9.325,"Z"和"A"碰撞.


******************** 刀路错误报告 ********************
错误769行,文件名:G682尝试后处理-777.NC.NC
X21.4634 Y27.0559 Z-9.325
错误:在 769 行:X21.4634 Y27.0559 Z-9.325,"Z"和"C"碰撞.


******************** 刀路错误报告 ********************
错误770行,文件名:G682尝试后处理-777.NC.NC
X21.023 Y25.6906 Z-9.4
错误:在 770 行:X21.023 Y25.6906 Z-9.4,"Z"和"A"碰撞.


******************** 刀路错误报告 ********************
错误770行,文件名:G682尝试后处理-777.NC.NC
X21.023 Y25.6906 Z-9.4
错误:在 770 行:X21.023 Y25.6906 Z-9.4,"Z"和"C"碰撞.


******************** 刀路错误报告 ********************
错误771行,文件名:G682尝试后处理-777.NC.NC
X21.0315 Y24.2561 Z-9.475
错误:在 771 行:X21.0315 Y24.2561 Z-9.475,"Z"和"A"碰撞.


******************** 刀路错误报告 ********************
错误771行,文件名:G682尝试后处理-777.NC.NC
X21.0315 Y24.2561 Z-9.475
错误:在 771 行:X21.0315 Y24.2561 Z-9.475,"Z"和"C"碰撞.


******************** 刀路错误报告 ********************
错误772行,文件名:G682尝试后处理-777.NC.NC
X21.4882 Y22.8961 Z-9.55
错误:在 772 行:X21.4882 Y22.8961 Z-9.55,"Z"和"A"碰撞.


******************** 刀路错误报告 ********************
错误772行,文件名:G682尝试后处理-777.NC.NC
X21.4882 Y22.8961 Z-9.55
错误:在 772 行:X21.4882 Y22.8961 Z-9.55,"Z"和"C"碰撞.


******************** 刀路错误报告 ********************
错误773行,文件名:G682尝试后处理-777.NC.NC
X22.3472 Y21.7472 Z-9.625
错误:在 773 行:X22.3472 Y21.7472 Z-9.625,"Z"和"A"碰撞.


******************** 刀路错误报告 ********************
错误773行,文件名:G682尝试后处理-777.NC.NC
X22.3472 Y21.7472 Z-9.625
错误:在 773 行:X22.3472 Y21.7472 Z-9.625,"Z"和"C"碰撞.


******************** 刀路错误报告 ********************
错误774行,文件名:G682尝试后处理-777.NC.NC
X23.5224 Y20.9245 Z-9.7
错误:在 774 行:X23.5224 Y20.9245 Z-9.7,"Z"和"A"碰撞.


******************** 刀路错误报告 ********************
错误774行,文件名:G682尝试后处理-777.NC.NC
X23.5224 Y20.9245 Z-9.7
错误:在 774 行:X23.5224 Y20.9245 Z-9.7,"Z"和"C"碰撞.


******************** 刀路错误报告 ********************
错误775行,文件名:G682尝试后处理-777.NC.NC
X24.8959 Y20.5105 Z-9.775
错误:在 775 行:X24.8959 Y20.5105 Z-9.775,"Z"和"A"碰撞.


******************** 刀路错误报告 ********************
错误775行,文件名:G682尝试后处理-777.NC.NC
X24.8959 Y20.5105 Z-9.775
错误:在 775 行:X24.8959 Y20.5105 Z-9.775,"Z"和"C"碰撞.


******************** 刀路错误报告 ********************
错误776行,文件名:G682尝试后处理-777.NC.NC
X26.33 Y20.5467 Z-9.85
错误:在 776 行:X26.33 Y20.5467 Z-9.85,"Z"和"A"碰撞.


******************** 刀路错误报告 ********************
错误776行,文件名:G682尝试后处理-777.NC.NC
X26.33 Y20.5467 Z-9.85
错误:在 776 行:X26.33 Y20.5467 Z-9.85,"Z"和"C"碰撞.


******************** 刀路错误报告 ********************
错误777行,文件名:G682尝试后处理-777.NC.NC
X27.6809 Y21.0295 Z-9.925
错误:在 777 行:X27.6809 Y21.0295 Z-9.925,"Z"和"A"碰撞.


******************** 刀路错误报告 ********************
错误777行,文件名:G682尝试后处理-777.NC.NC
X27.6809 Y21.0295 Z-9.925
错误:在 777 行:X27.6809 Y21.0295 Z-9.925,"Z"和"C"碰撞.


******************** 刀路错误报告 ********************
错误778行,文件名:G682尝试后处理-777.NC.NC
X28.7911 Y21.931 Z-10.
错误:在 778 行:X28.7911 Y21.931 Z-10.,"Z"和"A"碰撞.


******************** 刀路错误报告 ********************
错误778行,文件名:G682尝试后处理-777.NC.NC
X28.7911 Y21.931 Z-10.
错误:在 778 行:X28.7911 Y21.931 Z-10.,"Z"和"C"碰撞.


******************** 刀路错误报告 ********************
错误779行,文件名:G682尝试后处理-777.NC.NC
X39.6898 Y33.6184
错误:在 779 行:X39.6898 Y33.6184,"Z"和"A"碰撞.


******************** 刀路错误报告 ********************
错误779行,文件名:G682尝试后处理-777.NC.NC
X39.6898 Y33.6184
错误:在 779 行:X39.6898 Y33.6184,"Z"和"C"碰撞.


******************** 刀路错误报告 ********************
错误780行,文件名:G682尝试后处理-777.NC.NC
X33.839 Y39.0744
错误:在 780 行:X33.839 Y39.0744,"Z"和"A"碰撞.


******************** 刀路错误报告 ********************
错误780行,文件名:G682尝试后处理-777.NC.NC
X33.839 Y39.0744
错误:在 780 行:X33.839 Y39.0744,"Z"和"C"碰撞.


******************** 刀路错误报告 ********************
错误781行,文件名:G682尝试后处理-777.NC.NC
G03 X33.157Y39.3431 Z-10. R1.
错误:在 781 行:G03 X33.157Y39.3431 Z-10. R1.,"Z"和"A"碰撞.


******************** 刀路错误报告 ********************
错误781行,文件名:G682尝试后处理-777.NC.NC
G03 X33.157Y39.3431 Z-10. R1.
错误:在 781 行:G03 X33.157Y39.3431 Z-10. R1.,"Z"和"C"碰撞.


******************** 刀路错误报告 ********************
错误782行,文件名:G682尝试后处理-777.NC.NC
G03 X32.4256Y39.0251 Z-10. R1.
错误:在 782 行:G03 X32.4256Y39.0251 Z-10. R1.,"Z"和"A"碰撞.


******************** 刀路错误报告 ********************
错误782行,文件名:G682尝试后处理-777.NC.NC
G03 X32.4256Y39.0251 Z-10. R1.
错误:在 782 行:G03 X32.4256Y39.0251 Z-10. R1.,"Z"和"C"碰撞.


******************** 刀路错误报告 ********************
错误783行,文件名:G682尝试后处理-777.NC.NC
G01 X11.9922 Y17.1129
错误:在 783 行:G01 X11.9922 Y17.1129,"Z"和"A"碰撞.


******************** 刀路错误报告 ********************
错误783行,文件名:G682尝试后处理-777.NC.NC
G01 X11.9922 Y17.1129
错误:在 783 行:G01 X11.9922 Y17.1129,"Z"和"C"碰撞.


******************** 刀路错误报告 ********************
错误784行,文件名:G682尝试后处理-777.NC.NC
G03 X11.7236Y16.4309 Z-10. R1.
错误:在 784 行:G03 X11.7236Y16.4309 Z-10. R1.,"Z"和"A"碰撞.


******************** 刀路错误报告 ********************
错误784行,文件名:G682尝试后处理-777.NC.NC
G03 X11.7236Y16.4309 Z-10. R1.
错误:在 784 行:G03 X11.7236Y16.4309 Z-10. R1.,"Z"和"C"碰撞.


******************** 刀路错误报告 ********************
错误785行,文件名:G682尝试后处理-777.NC.NC
G03 X12.0416Y15.6996 Z-10. R1.
错误:在 785 行:G03 X12.0416Y15.6996 Z-10. R1.,"Z"和"A"碰撞.


******************** 刀路错误报告 ********************
错误785行,文件名:G682尝试后处理-777.NC.NC
G03 X12.0416Y15.6996 Z-10. R1.
错误:在 785 行:G03 X12.0416Y15.6996 Z-10. R1.,"Z"和"C"碰撞.


******************** 刀路错误报告 ********************
错误786行,文件名:G682尝试后处理-777.NC.NC
G01 X17.8924 Y10.2436
错误:在 786 行:G01 X17.8924 Y10.2436,"Z"和"A"碰撞.


******************** 刀路错误报告 ********************
错误786行,文件名:G682尝试后处理-777.NC.NC
G01 X17.8924 Y10.2436
错误:在 786 行:G01 X17.8924 Y10.2436,"Z"和"C"碰撞.


******************** 刀路错误报告 ********************
错误787行,文件名:G682尝试后处理-777.NC.NC
X28.7911 Y21.931
错误:在 787 行:X28.7911 Y21.931,"Z"和"A"碰撞.


******************** 刀路错误报告 ********************
错误787行,文件名:G682尝试后处理-777.NC.NC
X28.7911 Y21.931
错误:在 787 行:X28.7911 Y21.931,"Z"和"C"碰撞.


******************** 刀路错误报告 ********************
错误788行,文件名:G682尝试后处理-777.NC.NC
X25.1343 Y25.341
错误:在 788 行:X25.1343 Y25.341,"Z"和"A"碰撞.


******************** 刀路错误报告 ********************
错误788行,文件名:G682尝试后处理-777.NC.NC
X25.1343 Y25.341
错误:在 788 行:X25.1343 Y25.341,"Z"和"C"碰撞.


******************** 刀路错误报告 ********************
错误789行,文件名:G682尝试后处理-777.NC.NC
Z-7.
错误:在 789 行:Z-7.,"Z"和"A"碰撞.


******************** 刀路错误报告 ********************
错误789行,文件名:G682尝试后处理-777.NC.NC
Z-7.
错误:在 789 行:Z-7.,"Z"和"C"碰撞.


******************** 刀路错误报告 ********************
错误790行,文件名:G682尝试后处理-777.NC.NC
G00 Z10.
错误:在 790 行:G00 Z10.,"Z"和"A"碰撞.


******************** 刀路错误报告 ********************
错误790行,文件名:G682尝试后处理-777.NC.NC
G00 Z10.
错误:在 790 行:G00 Z10.,"Z"和"C"碰撞.


******************** 刀路警告报告 ********************
警告:在793行
M13
警告:M 13不支持


******************** 刀路警告报告 ********************
警告:在802行
M12
警告:M 12不支持


******************** 刀路错误报告 ********************
错误817行,文件名:G682尝试后处理-777.NC.NC
X12.0711
错误:组件 "Tool"的刀具 "1" 的刀杆超出允许的碰撞间隙 0.05 与 "Stock" 在(817)行X12.0711


******************** 刀路错误报告 ********************
错误825行,文件名:G682尝试后处理-777.NC.NC
X12.0711
错误:组件 "Tool"的刀具 "1" 的刀杆超出允许的碰撞间隙 0.05 与 "Stock" 在(825)行X12.0711


******************** 刀路警告报告 ********************
警告:在831行
M13
警告:M 13不支持


******************** 刀路警告报告 ********************
警告:在838行
M12
警告:M 12不支持


*** 结束数据处理数控程序文件C:\Users\Administrator\Desktop\G682尝试后处理-777.NC.NC
Wed Apr  1 22:17:49 2020

***************************************************************************************************************
刀路文件 : C:\Users\Administrator\Desktop\G682尝试后处理-777.NC.NC

                                  刀具摘要
                                 ==============

Seq.  记录        刀具描述  刀具高度  刀具夹长  时间      空刀时间  空刀时间 %
---------------------------------------------------------------------------------------------------------------
   1    16: T1 M06  1: D25 EM     100           57            0:01:44     0:01:17       74%           
===============================================================================================================
      总时间:                                              0:01:44     0:01:17       74%           

错误数: 1267
警告数: 10
从最近的倒回总的循环时间: 0:01:49
从最近的倒回总空刀时间: 0:01:22 (76)%
***************************************************************************************************************


*** 处理数控程序文件C:\Users\Administrator\Desktop\G682尝试后处理-777.NC.NC
Wed Apr  1 22:28:44 2020



*** 处理数控程序文件C:\Users\Administrator\Desktop\G682尝试后处理-777.NC.NC
Wed Apr  1 22:31:08 2020



*** 处理数控程序文件C:\Users\Administrator\Desktop\G682尝试后处理-777.NC.NC
Wed Apr  1 22:31:53 2020



*** 处理数控程序文件C:\Users\Administrator\Desktop\G682尝试后处理-777.NC.NC
Wed Apr  1 22:39:57 2020



*** 处理数控程序文件C:\Users\Administrator\Desktop\G682尝试后处理-777.NC.NC
Wed Apr  1 22:41:53 2020



******************** 刀路警告报告 ********************
警告:在11行
M13
警告:M 13不支持


******************** 刀路警告报告 ********************
警告:在23行
M12
警告:M 12不支持
