 PTC IGES file: 12951528.igs                                            S      1
1H,,1H;,8H12951528,12H12951528.igs,                                     G      1
49HPro/ENGINEER by Parametric Technology Corporation,4H9709,32,38,7,38, G      2
15,8H12951528,1.,1,4HINCH,32768,0.5,13H970722.150940,0.000977841,       G      3
 9.7788,13HAdministrator,7HUnknown,10,0,13H970722.150940;               G      4
     124       1       1       1       0       0       0       001000000D      1
     124       0       0       1       0                   XFORM       1D      2
     100       2       1       1       0       0       1       001010000D      3
     100       0       0       1       0                     ARC       1D      4
     124       3       1       1       0       0       0       001000000D      5
     124       0       0       1       0                   XFORM       2D      6
     100       4       1       1       0       0       5       001010000D      7
     100       0       0       1       0                     ARC       2D      8
     124       5       1       1       0       0       0       001000000D      9
     124       0       0       1       0                   XFORM       3D     10
     100       6       1       1       0       0       9       001010000D     11
     100       0       0       1       0                     ARC       3D     12
     124       7       1       1       0       0       0       001000000D     13
     124       0       0       1       0                   XFORM       4D     14
     100       8       1       1       0       0      13       001010000D     15
     100       0       0       1       0                     ARC       4D     16
     124       9       1       1       0       0       0       001000000D     17
     124       0       0       1       0                   XFORM       5D     18
     100      10       1       1       0       0      17       001010000D     19
     100       0       0       1       0                     ARC       5D     20
     124      11       1       1       0       0       0       001000000D     21
     124       0       0       1       0                   XFORM       6D     22
     100      12       1       1       0       0      21       001010000D     23
     100       0       0       1       0                     ARC       6D     24
     124      13       1       1       0       0       0       001000000D     25
     124       0       0       1       0                   XFORM       7D     26
     100      14       1       1       0       0      25       001010000D     27
     100       0       0       1       0                     ARC       7D     28
     124      15       1       1       0       0       0       001000000D     29
     124       0       0       1       0                   XFORM       8D     30
     100      16       1       1       0       0      29       001010000D     31
     100       0       0       1       0                     ARC       8D     32
     124      17       1       1       0       0       0       001000000D     33
     124       0       0       1       0                   XFORM       9D     34
     100      18       1       1       0       0      33       001010000D     35
     100       0       0       1       0                     ARC       9D     36
     124      19       1       1       0       0       0       001000000D     37
     124       0       0       1       0                   XFORM      10D     38
     100      20       1       1       0       0      37       001010000D     39
     100       0       0       1       0                     ARC      10D     40
     124      21       1       1       0       0       0       001000000D     41
     124       0       0       1       0                   XFORM      11D     42
     100      22       1       1       0       0      41       001010000D     43
     100       0       0       1       0                     ARC      11D     44
     124      23       1       1       0       0       0       001000000D     45
     124       0       0       1       0                   XFORM      12D     46
     100      24       1       1       0       0      45       001010000D     47
     100       0       0       1       0                     ARC      12D     48
     124      25       1       1       0       0       0       001000000D     49
     124       0       0       1       0                   XFORM      13D     50
     100      26       1       1       0       0      49       001010000D     51
     100       0       0       1       0                     ARC      13D     52
     124      27       1       1       0       0       0       001000000D     53
     124       0       0       1       0                   XFORM      14D     54
     100      28       1       1       0       0      53       001010000D     55
     100       0       0       1       0                     ARC      14D     56
     124      29       1       1       0       0       0       001000000D     57
     124       0       0       1       0                   XFORM      15D     58
     100      30       1       1       0       0      57       001010000D     59
     100       0       0       1       0                     ARC      15D     60
     124      31       1       1       0       0       0       001000000D     61
     124       0       0       1       0                   XFORM      16D     62
     100      32       1       1       0       0      61       001010000D     63
     100       0       0       1       0                     ARC      16D     64
     124      33       1       1       0       0       0       001000000D     65
     124       0       0       1       0                   XFORM      17D     66
     100      34       1       1       0       0      65       001010000D     67
     100       0       0       1       0                     ARC      17D     68
     124      35       1       1       0       0       0       001000000D     69
     124       0       0       1       0                   XFORM      18D     70
     100      36       1       1       0       0      69       001010000D     71
     100       0       0       1       0                     ARC      18D     72
     110      37       1       1       0       0       0       001010000D     73
     110       0       0       1       0                    LINE       1D     74
     124      38       1       1       0       0       0       001000000D     75
     124       0       0       1       0                   XFORM      19D     76
     100      39       1       1       0       0      75       001010000D     77
     100       0       0       1       0                     ARC      19D     78
     110      40       1       1       0       0       0       001010000D     79
     110       0       0       1       0                    LINE       2D     80
     110      41       1       1       0       0       0       001010000D     81
     110       0       0       1       0                    LINE       3D     82
     110      42       1       1       0       0       0       001010000D     83
     110       0       0       1       0                    LINE       4D     84
     110      43       1       1       0       0       0       001010000D     85
     110       0       0       1       0                    LINE       5D     86
     110      44       1       1       0       0       0       001010000D     87
     110       0       0       1       0                    LINE       6D     88
     110      45       1       1       0       0       0       001010000D     89
     110       0       0       1       0                    LINE       7D     90
     110      46       1       1       0       0       0       001010000D     91
     110       0       0       1       0                    LINE       8D     92
     124      47       1       1       0       0       0       001000000D     93
     124       0       0       1       0                   XFORM      20D     94
     100      48       1       1       0       0      93       001010000D     95
     100       0       0       1       0                     ARC      20D     96
     110      49       1       1       0       0       0       001010000D     97
     110       0       0       1       0                    LINE       9D     98
     110      50       1       1       0       0       0       001010000D     99
     110       0       0       1       0                    LINE      10D    100
     110      51       1       1       0       0       0       001010000D    101
     110       0       0       1       0                    LINE      11D    102
     124      52       1       1       0       0       0       001000000D    103
     124       0       0       1       0                   XFORM      21D    104
     100      53       1       1       0       0     103       001010000D    105
     100       0       0       1       0                     ARC      21D    106
     110      54       1       1       0       0       0       001010000D    107
     110       0       0       1       0                    LINE      12D    108
     110      55       1       1       0       0       0       001010000D    109
     110       0       0       1       0                    LINE      13D    110
     110      56       1       1       0       0       0       001010000D    111
     110       0       0       1       0                    LINE      14D    112
     110      57       1       1       0       0       0       001010000D    113
     110       0       0       1       0                    LINE      15D    114
     110      58       1       1       0       0       0       001010000D    115
     110       0       0       1       0                    LINE      16D    116
     110      59       1       1       0       0       0       001010000D    117
     110       0       0       1       0                    LINE      17D    118
     110      60       1       1       0       0       0       001010000D    119
     110       0       0       1       0                    LINE      18D    120
     110      61       1       1       0       0       0       001010000D    121
     110       0       0       1       0                    LINE      19D    122
     124      62       1       1       0       0       0       001000000D    123
     124       0       0       2       0                   XFORM      22D    124
     100      64       1       1       0       0     123       001010000D    125
     100       0       0       1       0                     ARC      22D    126
     124      65       1       1       0       0       0       001000000D    127
     124       0       0       2       0                   XFORM      23D    128
     100      67       1       1       0       0     127       001010000D    129
     100       0       0       1       0                     ARC      23D    130
     124      68       1       1       0       0       0       001000000D    131
     124       0       0       1       0                   XFORM      24D    132
     100      69       1       1       0       0     131       001010000D    133
     100       0       0       1       0                     ARC      24D    134
     124      70       1       1       0       0       0       001000000D    135
     124       0       0       1       0                   XFORM      25D    136
     100      71       1       1       0       0     135       001010000D    137
     100       0       0       1       0                     ARC      25D    138
     124      72       1       1       0       0       0       001000000D    139
     124       0       0       1       0                   XFORM      26D    140
     100      73       1       1       0       0     139       001010000D    141
     100       0       0       1       0                     ARC      26D    142
     124      74       1       1       0       0       0       001000000D    143
     124       0       0       1       0                   XFORM      27D    144
     100      75       1       1       0       0     143       001010000D    145
     100       0       0       1       0                     ARC      27D    146
     124      76       1       1       0       0       0       001000000D    147
     124       0       0       2       0                   XFORM      28D    148
     100      78       1       1       0       0     147       001010000D    149
     100       0       0       1       0                     ARC      28D    150
     124      79       1       1       0       0       0       001000000D    151
     124       0       0       1       0                   XFORM      29D    152
     100      80       1       1       0       0     151       001010000D    153
     100       0       0       1       0                     ARC      29D    154
     124      81       1       1       0       0       0       001000000D    155
     124       0       0       2       0                   XFORM      30D    156
     100      83       1       1       0       0     155       001010000D    157
     100       0       0       1       0                     ARC      30D    158
     124      84       1       1       0       0       0       001000000D    159
     124       0       0       1       0                   XFORM      31D    160
     100      85       1       1       0       0     159       001010000D    161
     100       0       0       1       0                     ARC      31D    162
     124      86       1       1       0       0       0       001000000D    163
     124       0       0       2       0                   XFORM      32D    164
     100      88       1       1       0       0     163       001010000D    165
     100       0       0       1       0                     ARC      32D    166
     124      89       1       1       0       0       0       001000000D    167
     124       0       0       2       0                   XFORM      33D    168
     100      91       1       1       0       0     167       001010000D    169
     100       0       0       1       0                     ARC      33D    170
     124      92       1       1       0       0       0       001000000D    171
     124       0       0       2       0                   XFORM      34D    172
     100      94       1       1       0       0     171       001010000D    173
     100       0       0       1       0                     ARC      34D    174
     124      95       1       1       0       0       0       001000000D    175
     124       0       0       1       0                   XFORM      35D    176
     100      96       1       1       0       0     175       001010000D    177
     100       0       0       1       0                     ARC      35D    178
     110      97       1       1       0       0       0       001010000D    179
     110       0       0       1       0                    LINE      20D    180
     110      98       1       1       0       0       0       001010000D    181
     110       0       0       1       0                    LINE      21D    182
     110      99       1       1       0       0       0       001010000D    183
     110       0       0       1       0                    LINE      22D    184
     110     100       1       1       0       0       0       001010000D    185
     110       0       0       1       0                    LINE      23D    186
     110     101       1       1       0       0       0       001010000D    187
     110       0       0       1       0                    LINE      24D    188
     110     102       1       1       0       0       0       001010000D    189
     110       0       0       1       0                    LINE      25D    190
     110     103       1       1       0       0       0       001010000D    191
     110       0       0       1       0                    LINE      26D    192
     110     104       1       1       0       0       0       001010000D    193
     110       0       0       1       0                    LINE      27D    194
     110     105       1       1       0       0       0       001010000D    195
     110       0       0       2       0                    LINE      28D    196
     110     107       1       1       0       0       0       001010000D    197
     110       0       0       2       0                    LINE      29D    198
     110     109       1       1       0       0       0       001010000D    199
     110       0       0       2       0                    LINE      30D    200
     110     111       1       1       0       0       0       001010000D    201
     110       0       0       2       0                    LINE      31D    202
     110     113       1       1       0       0       0       001010000D    203
     110       0       0       2       0                    LINE      32D    204
     110     115       1       1       0       0       0       001010000D    205
     110       0       0       2       0                    LINE      33D    206
     110     117       1       1       0       0       0       001010000D    207
     110       0       0       2       0                    LINE      34D    208
     110     119       1       1       0       0       0       001010000D    209
     110       0       0       2       0                    LINE      35D    210
     110     121       1       1       0       0       0       001010000D    211
     110       0       0       1       0                    LINE      36D    212
     110     122       1       1       0       0       0       001010000D    213
     110       0       0       1       0                    LINE      37D    214
     110     123       1       1       0       0       0       001010000D    215
     110       0       0       1       0                    LINE      38D    216
     124     124       1       1       0       0       0       001000000D    217
     124       0       0       1       0                   XFORM      36D    218
     100     125       1       1       0       0     217       001010000D    219
     100       0       0       1       0                     ARC      36D    220
     110     126       1       1       0       0       0       001010000D    221
     110       0       0       1       0                    LINE      39D    222
     110     127       1       1       0       0       0       001010000D    223
     110       0       0       1       0                    LINE      40D    224
     110     128       1       1       0       0       0       001010000D    225
     110       0       0       1       0                    LINE      41D    226
     124     129       1       1       0       0       0       001000000D    227
     124       0       0       2       0                   XFORM      37D    228
     100     131       1       1       0       0     227       001010000D    229
     100       0       0       1       0                     ARC      37D    230
     110     132       1       1       0       0       0       001010000D    231
     110       0       0       1       0                    LINE      42D    232
     110     133       1       1       0       0       0       001010000D    233
     110       0       0       1       0                    LINE      43D    234
     110     134       1       1       0       0       0       001010000D    235
     110       0       0       1       0                    LINE      44D    236
     110     135       1       1       0       0       0       001010000D    237
     110       0       0       1       0                    LINE      45D    238
     110     136       1       1       0       0       0       001010000D    239
     110       0       0       1       0                    LINE      46D    240
     110     137       1       1       0       0       0       001010000D    241
     110       0       0       1       0                    LINE      47D    242
     110     138       1       1       0       0       0       001010000D    243
     110       0       0       1       0                    LINE      48D    244
     110     139       1       1       0       0       0       001010000D    245
     110       0       0       1       0                    LINE      49D    246
     110     140       1       1       0       0       0       001010000D    247
     110       0       0       1       0                    LINE      50D    248
     110     141       1       1       0       0       0       001010000D    249
     110       0       0       1       0                    LINE      51D    250
     110     142       1       1       0       0       0       001010000D    251
     110       0       0       1       0                    LINE      52D    252
     110     143       1       1       0       0       0       001010000D    253
     110       0       0       1       0                    LINE      53D    254
     110     144       1       1       0       0       0       001010000D    255
     110       0       0       1       0                    LINE      54D    256
     110     145       1       1       0       0       0       001010000D    257
     110       0       0       1       0                    LINE      55D    258
     110     146       1       1       0       0       0       001010000D    259
     110       0       0       1       0                    LINE      56D    260
     110     147       1       1       0       0       0       001010000D    261
     110       0       0       1       0                    LINE      57D    262
     110     148       1       1       0       0       0       001010000D    263
     110       0       0       1       0                    LINE      58D    264
     110     149       1       1       0       0       0       001010000D    265
     110       0       0       1       0                    LINE      59D    266
     110     150       1       1       0       0       0       001010000D    267
     110       0       0       1       0                    LINE      60D    268
     110     151       1       1       0       0       0       001010000D    269
     110       0       0       1       0                    LINE      61D    270
     110     152       1       1       0       0       0       001010000D    271
     110       0       0       1       0                    LINE      62D    272
     110     153       1       1       0       0       0       001010000D    273
     110       0       0       1       0                    LINE      63D    274
     110     154       1       1       0       0       0       001010000D    275
     110       0       0       1       0                    LINE      64D    276
     110     155       1       1       0       0       0       001010000D    277
     110       0       0       1       0                    LINE      65D    278
     124     156       1       1       0       0       0       001000000D    279
     124       0       0       1       0                   XFORM      38D    280
     100     157       1       1       0       0     279       001010000D    281
     100       0       0       1       0                     ARC      38D    282
     124     158       1       1       0       0       0       001000000D    283
     124       0       0       1       0                   XFORM      39D    284
     100     159       1       1       0       0     283       001010000D    285
     100       0       0       1       0                     ARC      39D    286
     124     160       1       1       0       0       0       001000000D    287
     124       0       0       1       0                   XFORM      40D    288
     100     161       1       1       0       0     287       001010000D    289
     100       0       0       1       0                     ARC      40D    290
     124     162       1       1       0       0       0       001000000D    291
     124       0       0       1       0                   XFORM      41D    292
     100     163       1       1       0       0     291       001010000D    293
     100       0       0       1       0                     ARC      41D    294
     110     164       1       1       0       0       0       001010000D    295
     110       0       0       1       0                    LINE      66D    296
     124     165       1       1       0       0       0       001000000D    297
     124       0       0       1       0                   XFORM      42D    298
     100     166       1       1       0       0     297       001010000D    299
     100       0       0       1       0                     ARC      42D    300
     124     167       1       1       0       0       0       001000000D    301
     124       0       0       1       0                   XFORM      43D    302
     100     168       1       1       0       0     301       001010000D    303
     100       0       0       1       0                     ARC      43D    304
     124     169       1       1       0       0       0       001000000D    305
     124       0       0       1       0                   XFORM      44D    306
     100     170       1       1       0       0     305       001010000D    307
     100       0       0       1       0                     ARC      44D    308
     124     171       1       1       0       0       0       001000000D    309
     124       0       0       1       0                   XFORM      45D    310
     100     172       1       1       0       0     309       001010000D    311
     100       0       0       1       0                     ARC      45D    312
     110     173       1       1       0       0       0       001010000D    313
     110       0       0       1       0                    LINE      67D    314
     110     174       1       1       0       0       0       001010000D    315
     110       0       0       1       0                    LINE      68D    316
     110     175       1       1       0       0       0       001010000D    317
     110       0       0       1       0                    LINE      69D    318
     124     176       1       1       0       0       0       001000000D    319
     124       0       0       1       0                   XFORM      46D    320
     100     177       1       1       0       0     319       001010000D    321
     100       0       0       1       0                     ARC      46D    322
     110     178       1       1       0       0       0       001010000D    323
     110       0       0       1       0                    LINE      70D    324
     124     179       1       1       0       0       0       001000000D    325
     124       0       0       1       0                   XFORM      47D    326
     100     180       1       1       0       0     325       001010000D    327
     100       0       0       1       0                     ARC      47D    328
     110     181       1       1       0       0       0       001010000D    329
     110       0       0       1       0                    LINE      71D    330
     124     182       1       1       0       0       0       001000000D    331
     124       0       0       1       0                   XFORM      48D    332
     100     183       1       1       0       0     331       001010000D    333
     100       0       0       1       0                     ARC      48D    334
     124     184       1       1       0       0       0       001000000D    335
     124       0       0       1       0                   XFORM      49D    336
     100     185       1       1       0       0     335       001010000D    337
     100       0       0       1       0                     ARC      49D    338
     110     186       1       1       0       0       0       001010000D    339
     110       0       0       1       0                    LINE      72D    340
     124     187       1       1       0       0       0       001000000D    341
     124       0       0       1       0                   XFORM      50D    342
     100     188       1       1       0       0     341       001010000D    343
     100       0       0       1       0                     ARC      50D    344
     124     189       1       1       0       0       0       001000000D    345
     124       0       0       1       0                   XFORM      51D    346
     100     190       1       1       0       0     345       001010000D    347
     100       0       0       1       0                     ARC      51D    348
     124     191       1       1       0       0       0       001000000D    349
     124       0       0       1       0                   XFORM      52D    350
     100     192       1       1       0       0     349       001010000D    351
     100       0       0       1       0                     ARC      52D    352
     124     193       1       1       0       0       0       001000000D    353
     124       0       0       1       0                   XFORM      53D    354
     100     194       1       1       0       0     353       001010000D    355
     100       0       0       1       0                     ARC      53D    356
     110     195       1       1       0       0       0       001010000D    357
     110       0       0       1       0                    LINE      73D    358
     124     196       1       1       0       0       0       001000000D    359
     124       0       0       1       0                   XFORM      54D    360
     100     197       1       1       0       0     359       001010000D    361
     100       0       0       1       0                     ARC      54D    362
     124     198       1       1       0       0       0       001000000D    363
     124       0       0       1       0                   XFORM      55D    364
     100     199       1       1       0       0     363       001010000D    365
     100       0       0       1       0                     ARC      55D    366
     124     200       1       1       0       0       0       001000000D    367
     124       0       0       1       0                   XFORM      56D    368
     100     201       1       1       0       0     367       001010000D    369
     100       0       0       1       0                     ARC      56D    370
     124     202       1       1       0       0       0       001000000D    371
     124       0       0       1       0                   XFORM      57D    372
     100     203       1       1       0       0     371       001010000D    373
     100       0       0       1       0                     ARC      57D    374
     110     204       1       1       0       0       0       001010000D    375
     110       0       0       1       0                    LINE      74D    376
     110     205       1       1       0       0       0       001010000D    377
     110       0       0       1       0                    LINE      75D    378
     110     206       1       1       0       0       0       001010000D    379
     110       0       0       1       0                    LINE      76D    380
     110     207       1       1       0       0       0       001010000D    381
     110       0       0       1       0                    LINE      77D    382
     110     208       1       1       0       0       0       001010000D    383
     110       0       0       1       0                    LINE      78D    384
     110     209       1       1       0       0       0       001010000D    385
     110       0       0       1       0                    LINE      79D    386
     110     210       1       1       0       0       0       001010000D    387
     110       0       0       1       0                    LINE      80D    388
     110     211       1       1       0       0       0       001010000D    389
     110       0       0       1       0                    LINE      81D    390
     110     212       1       1       0       0       0       001010000D    391
     110       0       0       1       0                    LINE      82D    392
     124     213       1       1       0       0       0       001000000D    393
     124       0       0       1       0                   XFORM      58D    394
     100     214       1       1       0       0     393       001010000D    395
     100       0       0       1       0                     ARC      58D    396
     124     215       1       1       0       0       0       001000000D    397
     124       0       0       1       0                   XFORM      59D    398
     100     216       1       1       0       0     397       001010000D    399
     100       0       0       1       0                     ARC      59D    400
     124     217       1       1       0       0       0       001000000D    401
     124       0       0       1       0                   XFORM      60D    402
     100     218       1       1       0       0     401       001010000D    403
     100       0       0       1       0                     ARC      60D    404
     124     219       1       1       0       0       0       001000000D    405
     124       0       0       1       0                   XFORM      61D    406
     100     220       1       1       0       0     405       001010000D    407
     100       0       0       1       0                     ARC      61D    408
     110     221       1       1       0       0       0       001010000D    409
     110       0       0       1       0                    LINE      83D    410
     110     222       1       1       0       0       0       001010000D    411
     110       0       0       1       0                    LINE      84D    412
     110     223       1       1       0       0       0       001010000D    413
     110       0       0       1       0                    LINE      85D    414
     110     224       1       1       0       0       0       001010000D    415
     110       0       0       1       0                    LINE      86D    416
     124     225       1       1       0       0       0       001000000D    417
     124       0       0       1       0                   XFORM      62D    418
     100     226       1       1       0       0     417       001010000D    419
     100       0       0       1       0                     ARC      62D    420
     124     227       1       1       0       0       0       001000000D    421
     124       0       0       1       0                   XFORM      63D    422
     100     228       1       1       0       0     421       001010000D    423
     100       0       0       1       0                     ARC      63D    424
     124     229       1       1       0       0       0       001000000D    425
     124       0       0       1       0                   XFORM      64D    426
     100     230       1       1       0       0     425       001010000D    427
     100       0       0       1       0                     ARC      64D    428
     124     231       1       1       0       0       0       001000000D    429
     124       0       0       1       0                   XFORM      65D    430
     100     232       1       1       0       0     429       001010000D    431
     100       0       0       1       0                     ARC      65D    432
     110     233       1       1       0       0       0       001010000D    433
     110       0       0       1       0                    LINE      87D    434
     110     234       1       1       0       0       0       001010000D    435
     110       0       0       1       0                    LINE      88D    436
     110     235       1       1       0       0       0       001010000D    437
     110       0       0       1       0                    LINE      89D    438
     110     236       1       1       0       0       0       001010000D    439
     110       0       0       1       0                    LINE      90D    440
     124     237       1       1       0       0       0       001000000D    441
     124       0       0       2       0                   XFORM      66D    442
     100     239       1       1       0       0     441       001010000D    443
     100       0       0       1       0                     ARC      66D    444
     124     240       1       1       0       0       0       001000000D    445
     124       0       0       1       0                   XFORM      67D    446
     100     241       1       1       0       0     445       001010000D    447
     100       0       0       1       0                     ARC      67D    448
     124     242       1       1       0       0       0       001000000D    449
     124       0       0       2       0                   XFORM      68D    450
     100     244       1       1       0       0     449       001010000D    451
     100       0       0       1       0                     ARC      68D    452
     124     245       1       1       0       0       0       001000000D    453
     124       0       0       2       0                   XFORM      69D    454
     100     247       1       1       0       0     453       001010000D    455
     100       0       0       1       0                     ARC      69D    456
     110     248       1       1       0       0       0       001010000D    457
     110       0       0       1       0                    LINE      91D    458
     110     249       1       1       0       0       0       001010000D    459
     110       0       0       1       0                    LINE      92D    460
     110     250       1       1       0       0       0       001010000D    461
     110       0       0       1       0                    LINE      93D    462
     110     251       1       1       0       0       0       001010000D    463
     110       0       0       1       0                    LINE      94D    464
     124     252       1       1       0       0       0       001000000D    465
     124       0       0       1       0                   XFORM      70D    466
     100     253       1       1       0       0     465       001010000D    467
     100       0       0       1       0                     ARC      70D    468
     124     254       1       1       0       0       0       001000000D    469
     124       0       0       1       0                   XFORM      71D    470
     100     255       1       1       0       0     469       001010000D    471
     100       0       0       1       0                     ARC      71D    472
     124     256       1       1       0       0       0       001000000D    473
     124       0       0       1       0                   XFORM      72D    474
     100     257       1       1       0       0     473       001010000D    475
     100       0       0       1       0                     ARC      72D    476
     124     258       1       1       0       0       0       001000000D    477
     124       0       0       1       0                   XFORM      73D    478
     100     259       1       1       0       0     477       001010000D    479
     100       0       0       1       0                     ARC      73D    480
     110     260       1       1       0       0       0       001010000D    481
     110       0       0       1       0                    LINE      95D    482
     110     261       1       1       0       0       0       001010000D    483
     110       0       0       1       0                    LINE      96D    484
     110     262       1       1       0       0       0       001010000D    485
     110       0       0       1       0                    LINE      97D    486
     110     263       1       1       0       0       0       001010000D    487
     110       0       0       1       0                    LINE      98D    488
     110     264       1       1       0       0       0       001010000D    489
     110       0       0       1       0                    LINE      99D    490
     110     265       1       1       0       0       0       001010000D    491
     110       0       0       1       0                    LINE     100D    492
     110     266       1       1       0       0       0       001010000D    493
     110       0       0       1       0                    LINE     101D    494
     110     267       1       1       0       0       0       001010000D    495
     110       0       0       1       0                    LINE     102D    496
     110     268       1       1       0       0       0       001010000D    497
     110       0       0       1       0                    LINE     103D    498
     110     269       1       1       0       0       0       001010000D    499
     110       0       0       1       0                    LINE     104D    500
     110     270       1       1       0       0       0       001010000D    501
     110       0       0       1       0                    LINE     105D    502
     110     271       1       1       0       0       0       001010000D    503
     110       0       0       1       0                    LINE     106D    504
     110     272       1       1       0       0       0       001010000D    505
     110       0       0       1       0                    LINE     107D    506
     110     273       1       1       0       0       0       001010000D    507
     110       0       0       1       0                    LINE     108D    508
     110     274       1       1       0       0       0       001010000D    509
     110       0       0       1       0                    LINE     109D    510
     110     275       1       1       0       0       0       001010000D    511
     110       0       0       1       0                    LINE     110D    512
     110     276       1       1       0       0       0       001010000D    513
     110       0       0       1       0                    LINE     111D    514
     110     277       1       1       0       0       0       001010000D    515
     110       0       0       1       0                    LINE     112D    516
     110     278       1       1       0       0       0       001010000D    517
     110       0       0       1       0                    LINE     113D    518
     110     279       1       1       0       0       0       001010000D    519
     110       0       0       2       0                    LINE     114D    520
     110     281       1       1       0       0       0       001010000D    521
     110       0       0       2       0                    LINE     115D    522
     110     283       1       1       0       0       0       001010000D    523
     110       0       0       2       0                    LINE     116D    524
     110     285       1       1       0       0       0       001010000D    525
     110       0       0       2       0                    LINE     117D    526
     110     287       1       1       0       0       0       001010000D    527
     110       0       0       2       0                    LINE     118D    528
     110     289       1       1       0       0       0       001010000D    529
     110       0       0       2       0                    LINE     119D    530
     110     291       1       1       0       0       0       001010000D    531
     110       0       0       2       0                    LINE     120D    532
     110     293       1       1       0       0       0       001010000D    533
     110       0       0       2       0                    LINE     121D    534
     110     295       1       1       0       0       0       001010000D    535
     110       0       0       2       0                    LINE     122D    536
     110     297       1       1       0       0       0       001010000D    537
     110       0       0       2       0                    LINE     123D    538
     110     299       1       1       0       0       0       001010000D    539
     110       0       0       2       0                    LINE     124D    540
     110     301       1       1       0       0       0       001010000D    541
     110       0       0       2       0                    LINE     125D    542
     110     303       1       1       0       0       0       001010000D    543
     110       0       0       2       0                    LINE     126D    544
     110     305       1       1       0       0       0       001010000D    545
     110       0       0       2       0                    LINE     127D    546
     110     307       1       1       0       0       0       001010000D    547
     110       0       0       2       0                    LINE     128D    548
     110     309       1       1       0       0       0       001010000D    549
     110       0       0       2       0                    LINE     129D    550
     110     311       1       1       0       0       0       001010000D    551
     110       0       0       1       0                    LINE     130D    552
     124     312       1       1       0       0       0       001000000D    553
     124       0       0       1       0                   XFORM      74D    554
     100     313       1       1       0       0     553       001010000D    555
     100       0       0       1       0                     ARC      74D    556
     110     314       1       1       0       0       0       001010000D    557
     110       0       0       1       0                    LINE     131D    558
     124     315       1       1       0       0       0       001000000D    559
     124       0       0       2       0                   XFORM      75D    560
     100     317       1       1       0       0     559       001010000D    561
     100       0       0       1       0                     ARC      75D    562
     110     318       1       1       0       0       0       001010000D    563
     110       0       0       1       0                    LINE     132D    564
     124     319       1       1       0       0       0       001000000D    565
     124       0       0       1       0                   XFORM      76D    566
     100     320       1       1       0       0     565       001010000D    567
     100       0       0       1       0                     ARC      76D    568
     110     321       1       1       0       0       0       001010000D    569
     110       0       0       1       0                    LINE     133D    570
     124     322       1       1       0       0       0       001000000D    571
     124       0       0       1       0                   XFORM      77D    572
     100     323       1       1       0       0     571       001010000D    573
     100       0       0       1       0                     ARC      77D    574
     124     324       1       1       0       0       0       001000000D    575
     124       0       0       2       0                   XFORM      78D    576
     100     326       1       1       0       0     575       001010000D    577
     100       0       0       1       0                     ARC      78D    578
     124     327       1       1       0       0       0       001000000D    579
     124       0       0       2       0                   XFORM      79D    580
     100     329       1       1       0       0     579       001010000D    581
     100       0       0       1       0                     ARC      79D    582
     110     330       1       1       0       0       0       001010000D    583
     110       0       0       1       0                    LINE     134D    584
     110     331       1       1       0       0       0       001010000D    585
     110       0       0       1       0                    LINE     135D    586
     124     332       1       1       0       0       0       001000000D    587
     124       0       0       2       0                   XFORM      80D    588
     100     334       1       1       0       0     587       001010000D    589
     100       0       0       1       0                     ARC      80D    590
     124     335       1       1       0       0       0       001000000D    591
     124       0       0       2       0                   XFORM      81D    592
     100     337       1       1       0       0     591       001010000D    593
     100       0       0       1       0                     ARC      81D    594
     110     338       1       1       0       0       0       001010000D    595
     110       0       0       1       0                    LINE     136D    596
     124     339       1       1       0       0       0       001000000D    597
     124       0       0       1       0                   XFORM      82D    598
     100     340       1       1       0       0     597       001010000D    599
     100       0       0       1       0                     ARC      82D    600
     110     341       1       1       0       0       0       001010000D    601
     110       0       0       1       0                    LINE     137D    602
     124     342       1       1       0       0       0       001000000D    603
     124       0       0       2       0                   XFORM      83D    604
     100     344       1       1       0       0     603       001010000D    605
     100       0       0       1       0                     ARC      83D    606
     110     345       1       1       0       0       0       001010000D    607
     110       0       0       1       0                    LINE     138D    608
     110     346       1       1       0       0       0       001010000D    609
     110       0       0       1       0                    LINE     139D    610
     110     347       1       1       0       0       0       001010000D    611
     110       0       0       1       0                    LINE     140D    612
     110     348       1       1       0       0       0       001010000D    613
     110       0       0       1       0                    LINE     141D    614
     110     349       1       1       0       0       0       001010000D    615
     110       0       0       1       0                    LINE     142D    616
     110     350       1       1       0       0       0       001010000D    617
     110       0       0       1       0                    LINE     143D    618
     110     351       1       1       0       0       0       001010000D    619
     110       0       0       1       0                    LINE     144D    620
     110     352       1       1       0       0       0       001010000D    621
     110       0       0       1       0                    LINE     145D    622
     110     353       1       1       0       0       0       001010000D    623
     110       0       0       1       0                    LINE     146D    624
     110     354       1       1       0       0       0       001010000D    625
     110       0       0       1       0                    LINE     147D    626
     110     355       1       1       0       0       0       001010000D    627
     110       0       0       1       0                    LINE     148D    628
     110     356       1       1       0       0       0       001010000D    629
     110       0       0       1       0                    LINE     149D    630
     124     357       1       1       0       0       0       001000000D    631
     124       0       0       2       0                   XFORM      84D    632
     100     359       1       1       0       0     631       001010000D    633
     100       0       0       1       0                     ARC      84D    634
     110     360       1       1       0       0       0       001010000D    635
     110       0       0       1       0                    LINE     150D    636
     110     361       1       1       0       0       0       001010000D    637
     110       0       0       1       0                    LINE     151D    638
     110     362       1       1       0       0       0       001010000D    639
     110       0       0       1       0                    LINE     152D    640
     110     363       1       1       0       0       0       001010000D    641
     110       0       0       1       0                    LINE     153D    642
     124     364       1       1       0       0       0       001000000D    643
     124       0       0       2       0                   XFORM      85D    644
     100     366       1       1       0       0     643       001010000D    645
     100       0       0       1       0                     ARC      85D    646
     110     367       1       1       0       0       0       001010000D    647
     110       0       0       1       0                    LINE     154D    648
     124     368       1       1       0       0       0       001000000D    649
     124       0       0       2       0                   XFORM      86D    650
     100     370       1       1       0       0     649       001010000D    651
     100       0       0       1       0                     ARC      86D    652
     128     371       1       1       0       0       0       001010000D    653
     128       0       0       4       0                  SPLSRF       1D    654
     110     375       1       1       0       0       0       001010000D    655
     110       0       0       1       0                    LINE     155D    656
     124     376       1       1       0       0       0       001000000D    657
     124       0       0       2       0                   XFORM      87D    658
     100     378       1       1       0       0     657       001010000D    659
     100       0       0       1       0                     ARC      87D    660
     124     379       1       1       0       0       0       001000000D    661
     124       0       0       1       0                   XFORM      88D    662
     100     380       1       1       0       0     661       001010000D    663
     100       0       0       1       0                     ARC      88D    664
     124     381       1       1       0       0       0       001000000D    665
     124       0       0       1       0                   XFORM      89D    666
     100     382       1       1       0       0     665       001010000D    667
     100       0       0       1       0                     ARC      89D    668
     124     383       1       1       0       0       0       001000000D    669
     124       0       0       1       0                   XFORM      90D    670
     100     384       1       1       0       0     669       001010000D    671
     100       0       0       1       0                     ARC      90D    672
     110     385       1       1       0       0       0       001010000D    673
     110       0       0       1       0                    LINE     156D    674
     110     386       1       1       0       0       0       001010000D    675
     110       0       0       1       0                    LINE     157D    676
     102     387       1       1       0       0       0       001010000D    677
     102       0       0       2       0                  CCURVE       1D    678
     110     389       1       1       0       0       0       001010500D    679
     110       0       0       1       0                    LINE     158D    680
     126     390       1       1       0       0       0       001010500D    681
     126       0       0      11       0                B_SPLINE       1D    682
     110     401       1       1       0       0       0       001010500D    683
     110       0       0       1       0                    LINE     159D    684
     110     402       1       1       0       0       0       001010500D    685
     110       0       0       1       0                    LINE     160D    686
     126     403       1       1       0       0       0       001010500D    687
     126       0       0       8       0                B_SPLINE       2D    688
     110     411       1       1       0       0       0       001010500D    689
     110       0       0       1       0                    LINE     161D    690
     126     412       1       1       0       0       0       001010500D    691
     126       0       0       8       0                B_SPLINE       3D    692
     110     420       1       1       0       0       0       001010500D    693
     110       0       0       1       0                    LINE     162D    694
     126     421       1       1       0       0       0       001010500D    695
     126       0       0       8       0                B_SPLINE       4D    696
     110     429       1       1       0       0       0       001010500D    697
     110       0       0       1       0                    LINE     163D    698
     126     430       1       1       0       0       0       001010500D    699
     126       0       0       8       0                B_SPLINE       5D    700
     110     438       1       1       0       0       0       001010500D    701
     110       0       0       1       0                    LINE     164D    702
     110     439       1       1       0       0       0       001010500D    703
     110       0       0       1       0                    LINE     165D    704
     126     440       1       1       0       0       0       001010500D    705
     126       0       0      17       0                B_SPLINE       6D    706
     110     457       1       1       0       0       0       001010500D    707
     110       0       0       1       0                    LINE     166D    708
     110     458       1       1       0       0       0       001010500D    709
     110       0       0       1       0                    LINE     167D    710
     110     459       1       1       0       0       0       001010500D    711
     110       0       0       1       0                    LINE     168D    712
     126     460       1       1       0       0       0       001010500D    713
     126       0       0      14       0                B_SPLINE       7D    714
     110     474       1       1       0       0       0       001010500D    715
     110       0       0       1       0                    LINE     169D    716
     110     475       1       1       0       0       0       001010500D    717
     110       0       0       1       0                    LINE     170D    718
     102     476       1       1       0       0       0       001010500D    719
     102       0       0       2       0                  CCURVE       2D    720
     142     478       1       1       0       0       0       001010500D    721
     142       0       0       1       0                  UV_BND       1D    722
     102     479       1       1       0       0       0       001010000D    723
     102       0       0       1       0                  CCURVE       3D    724
     126     480       1       1       0       0       0       001010500D    725
     126       0       0      17       0                B_SPLINE       8D    726
     126     497       1       1       0       0       0       001010500D    727
     126       0       0      17       0                B_SPLINE       9D    728
     102     514       1       1       0       0       0       001010500D    729
     102       0       0       1       0                  CCURVE       4D    730
     142     515       1       1       0       0       0       001010500D    731
     142       0       0       1       0                  UV_BND       2D    732
     102     516       1       1       0       0       0       001010000D    733
     102       0       0       1       0                  CCURVE       5D    734
     126     517       1       1       0       0       0       001010500D    735
     126       0       0      15       0                B_SPLINE      10D    736
     126     532       1       1       0       0       0       001010500D    737
     126       0       0      15       0                B_SPLINE      11D    738
     102     547       1       1       0       0       0       001010500D    739
     102       0       0       1       0                  CCURVE       6D    740
     142     548       1       1       0       0       0       001010500D    741
     142       0       0       1       0                  UV_BND       3D    742
     102     549       1       1       0       0       0       001010000D    743
     102       0       0       1       0                  CCURVE       7D    744
     126     550       1       1       0       0       0       001010500D    745
     126       0       0      17       0                B_SPLINE      12D    746
     126     567       1       1       0       0       0       001010500D    747
     126       0       0      17       0                B_SPLINE      13D    748
     102     584       1       1       0       0       0       001010500D    749
     102       0       0       1       0                  CCURVE       8D    750
     142     585       1       1       0       0       0       001010500D    751
     142       0       0       1       0                  UV_BND       4D    752
     102     586       1       1       0       0       0       001010000D    753
     102       0       0       1       0                  CCURVE       9D    754
     126     587       1       1       0       0       0       001010500D    755
     126       0       0      17       0                B_SPLINE      14D    756
     126     604       1       1       0       0       0       001010500D    757
     126       0       0      17       0                B_SPLINE      15D    758
     102     621       1       1       0       0       0       001010500D    759
     102       0       0       1       0                  CCURVE      10D    760
     142     622       1       1       0       0       0       001010500D    761
     142       0       0       1       0                  UV_BND       5D    762
     102     623       1       1       0       0       0       001010000D    763
     102       0       0       1       0                  CCURVE      11D    764
     126     624       1       1       0       0       0       001010500D    765
     126       0       0      14       0                B_SPLINE      16D    766
     126     638       1       1       0       0       0       001010500D    767
     126       0       0      14       0                B_SPLINE      17D    768
     102     652       1       1       0       0       0       001010500D    769
     102       0       0       1       0                  CCURVE      12D    770
     142     653       1       1       0       0       0       001010500D    771
     142       0       0       1       0                  UV_BND       6D    772
     102     654       1       1       0       0       0       001010000D    773
     102       0       0       1       0                  CCURVE      13D    774
     126     655       1       1       0       0       0       001010500D    775
     126       0       0      14       0                B_SPLINE      18D    776
     126     669       1       1       0       0       0       001010500D    777
     126       0       0      14       0                B_SPLINE      19D    778
     102     683       1       1       0       0       0       001010500D    779
     102       0       0       1       0                  CCURVE      14D    780
     142     684       1       1       0       0       0       001010500D    781
     142       0       0       1       0                  UV_BND       7D    782
     102     685       1       1       0       0       0       001010000D    783
     102       0       0       1       0                  CCURVE      15D    784
     126     686       1       1       0       0       0       001010500D    785
     126       0       0      14       0                B_SPLINE      20D    786
     126     700       1       1       0       0       0       001010500D    787
     126       0       0      14       0                B_SPLINE      21D    788
     102     714       1       1       0       0       0       001010500D    789
     102       0       0       1       0                  CCURVE      16D    790
     142     715       1       1       0       0       0       001010500D    791
     142       0       0       1       0                  UV_BND       8D    792
     102     716       1       1       0       0       0       001010000D    793
     102       0       0       1       0                  CCURVE      17D    794
     126     717       1       1       0       0       0       001010500D    795
     126       0       0      14       0                B_SPLINE      22D    796
     126     731       1       1       0       0       0       001010500D    797
     126       0       0      14       0                B_SPLINE      23D    798
     102     745       1       1       0       0       0       001010500D    799
     102       0       0       1       0                  CCURVE      18D    800
     142     746       1       1       0       0       0       001010500D    801
     142       0       0       1       0                  UV_BND       9D    802
     102     747       1       1       0       0       0       001010000D    803
     102       0       0       1       0                  CCURVE      19D    804
     126     748       1       1       0       0       0       001010500D    805
     126       0       0      21       0                B_SPLINE      24D    806
     126     769       1       1       0       0       0       001010500D    807
     126       0       0      21       0                B_SPLINE      25D    808
     102     790       1       1       0       0       0       001010500D    809
     102       0       0       1       0                  CCURVE      20D    810
     142     791       1       1       0       0       0       001010500D    811
     142       0       0       1       0                  UV_BND      10D    812
     144     792       1       1       0       0       0       000000000D    813
     144       0       0       1       0                 TRM_SRF       1D    814
     110     793       1       1       0       0       0       001010000D    815
     110       0       0       1       0                    LINE     171D    816
     110     794       1       1       0       0       0       001010000D    817
     110       0       0       1       0                    LINE     172D    818
     120     795       1       1       0       0       0       001010000D    819
     120       0       0       1       0                    SREV       1D    820
     110     796       1       1       0       0       0       001010000D    821
     110       0       0       1       0                    LINE     173D    822
     124     797       1       1       0       0       0       001000000D    823
     124       0       0       2       0                   XFORM      91D    824
     100     799       1       1       0       0     823       001010000D    825
     100       0       0       1       0                     ARC      91D    826
     102     800       1       1       0       0       0       001010000D    827
     102       0       0       1       0                  CCURVE      21D    828
     110     801       1       1       0       0       0       001010500D    829
     110       0       0       2       0                    LINE     174D    830
     110     803       1       1       0       0       0       001010500D    831
     110       0       0       2       0                    LINE     175D    832
     110     805       1       1       0       0       0       001010500D    833
     110       0       0       2       0                    LINE     176D    834
     110     807       1       1       0       0       0       001010500D    835
     110       0       0       1       0                    LINE     177D    836
     102     808       1       1       0       0       0       001010500D    837
     102       0       0       1       0                  CCURVE      22D    838
     142     809       1       1       0       0       0       001010500D    839
     142       0       0       1       0                  UV_BND      11D    840
     144     810       1       1       0       0       0       000000000D    841
     144       0       0       1       0                 TRM_SRF       2D    842
     110     811       1       1       0       0       0       001010000D    843
     110       0       0       1       0                    LINE     178D    844
     110     812       1       1       0       0       0       001010000D    845
     110       0       0       1       0                    LINE     179D    846
     120     813       1       1       0       0       0       001010000D    847
     120       0       0       1       0                    SREV       2D    848
     110     814       1       1       0       0       0       001010000D    849
     110       0       0       1       0                    LINE     180D    850
     124     815       1       1       0       0       0       001000000D    851
     124       0       0       1       0                   XFORM      92D    852
     100     816       1       1       0       0     851       001010000D    853
     100       0       0       1       0                     ARC      92D    854
     102     817       1       1       0       0       0       001010000D    855
     102       0       0       1       0                  CCURVE      23D    856
     110     818       1       1       0       0       0       001010500D    857
     110       0       0       2       0                    LINE     181D    858
     110     820       1       1       0       0       0       001010500D    859
     110       0       0       2       0                    LINE     182D    860
     110     822       1       1       0       0       0       001010500D    861
     110       0       0       2       0                    LINE     183D    862
     110     824       1       1       0       0       0       001010500D    863
     110       0       0       2       0                    LINE     184D    864
     102     826       1       1       0       0       0       001010500D    865
     102       0       0       1       0                  CCURVE      24D    866
     142     827       1       1       0       0       0       001010500D    867
     142       0       0       1       0                  UV_BND      12D    868
     144     828       1       1       0       0       0       000000000D    869
     144       0       0       1       0                 TRM_SRF       3D    870
     128     829       1       1       0       0       0       001010000D    871
     128       0       0       4       0                  SPLSRF       2D    872
     102     833       1       1       0       0       0       001010000D    873
     102       0       0       1       0                  CCURVE      25D    874
     110     834       1       1       0       0       0       001010500D    875
     110       0       0       2       0                    LINE     185D    876
     110     836       1       1       0       0       0       001010500D    877
     110       0       0       2       0                    LINE     186D    878
     110     838       1       1       0       0       0       001010500D    879
     110       0       0       1       0                    LINE     187D    880
     110     839       1       1       0       0       0       001010500D    881
     110       0       0       2       0                    LINE     188D    882
     110     841       1       1       0       0       0       001010500D    883
     110       0       0       2       0                    LINE     189D    884
     110     843       1       1       0       0       0       001010500D    885
     110       0       0       2       0                    LINE     190D    886
     110     845       1       1       0       0       0       001010500D    887
     110       0       0       2       0                    LINE     191D    888
     110     847       1       1       0       0       0       001010500D    889
     110       0       0       2       0                    LINE     192D    890
     102     849       1       1       0       0       0       001010500D    891
     102       0       0       1       0                  CCURVE      26D    892
     142     850       1       1       0       0       0       001010500D    893
     142       0       0       1       0                  UV_BND      13D    894
     110     851       1       1       0       0       0       001010000D    895
     110       0       0       1       0                    LINE     193D    896
     110     852       1       1       0       0       0       001010000D    897
     110       0       0       1       0                    LINE     194D    898
     110     853       1       1       0       0       0       001010000D    899
     110       0       0       1       0                    LINE     195D    900
     110     854       1       1       0       0       0       001010000D    901
     110       0       0       1       0                    LINE     196D    902
     102     855       1       1       0       0       0       001010000D    903
     102       0       0       1       0                  CCURVE      27D    904
     110     856       1       1       0       0       0       001010500D    905
     110       0       0       1       0                    LINE     197D    906
     110     857       1       1       0       0       0       001010500D    907
     110       0       0       1       0                    LINE     198D    908
     110     858       1       1       0       0       0       001010500D    909
     110       0       0       1       0                    LINE     199D    910
     110     859       1       1       0       0       0       001010500D    911
     110       0       0       1       0                    LINE     200D    912
     110     860       1       1       0       0       0       001010500D    913
     110       0       0       1       0                    LINE     201D    914
     110     861       1       1       0       0       0       001010500D    915
     110       0       0       1       0                    LINE     202D    916
     110     862       1       1       0       0       0       001010500D    917
     110       0       0       1       0                    LINE     203D    918
     110     863       1       1       0       0       0       001010500D    919
     110       0       0       1       0                    LINE     204D    920
     102     864       1       1       0       0       0       001010500D    921
     102       0       0       1       0                  CCURVE      28D    922
     142     865       1       1       0       0       0       001010500D    923
     142       0       0       1       0                  UV_BND      14D    924
     144     866       1       1       0       0       0       000000000D    925
     144       0       0       1       0                 TRM_SRF       4D    926
     128     867       1       1       0       0       0       001010000D    927
     128       0       0       4       0                  SPLSRF       3D    928
     124     871       1       1       0       0       0       001000000D    929
     124       0       0       2       0                   XFORM      93D    930
     100     873       1       1       0       0     929       001010000D    931
     100       0       0       1       0                     ARC      93D    932
     124     874       1       1       0       0       0       001000000D    933
     124       0       0       1       0                   XFORM      94D    934
     100     875       1       1       0       0     933       001010000D    935
     100       0       0       1       0                     ARC      94D    936
     102     876       1       1       0       0       0       001010000D    937
     102       0       0       2       0                  CCURVE      29D    938
     126     878       1       1       0       0       0       001010500D    939
     126       0       0       8       0                B_SPLINE      26D    940
     110     886       1       1       0       0       0       001010500D    941
     110       0       0       1       0                    LINE     205D    942
     126     887       1       1       0       0       0       001010500D    943
     126       0       0       8       0                B_SPLINE      27D    944
     110     895       1       1       0       0       0       001010500D    945
     110       0       0       1       0                    LINE     206D    946
     126     896       1       1       0       0       0       001010500D    947
     126       0       0       8       0                B_SPLINE      28D    948
     110     904       1       1       0       0       0       001010500D    949
     110       0       0       1       0                    LINE     207D    950
     110     905       1       1       0       0       0       001010500D    951
     110       0       0       1       0                    LINE     208D    952
     126     906       1       1       0       0       0       001010500D    953
     126       0       0      17       0                B_SPLINE      29D    954
     110     923       1       1       0       0       0       001010500D    955
     110       0       0       1       0                    LINE     209D    956
     110     924       1       1       0       0       0       001010500D    957
     110       0       0       1       0                    LINE     210D    958
     110     925       1       1       0       0       0       001010500D    959
     110       0       0       1       0                    LINE     211D    960
     126     926       1       1       0       0       0       001010500D    961
     126       0       0      14       0                B_SPLINE      30D    962
     110     940       1       1       0       0       0       001010500D    963
     110       0       0       1       0                    LINE     212D    964
     110     941       1       1       0       0       0       001010500D    965
     110       0       0       1       0                    LINE     213D    966
     126     942       1       1       0       0       0       001010500D    967
     126       0       0       8       0                B_SPLINE      31D    968
     110     950       1       1       0       0       0       001010500D    969
     110       0       0       1       0                    LINE     214D    970
     102     951       1       1       0       0       0       001010500D    971
     102       0       0       2       0                  CCURVE      30D    972
     142     953       1       1       0       0       0       001010500D    973
     142       0       0       1       0                  UV_BND      15D    974
     102     954       1       1       0       0       0       001010000D    975
     102       0       0       1       0                  CCURVE      31D    976
     126     955       1       1       0       0       0       001010500D    977
     126       0       0      17       0                B_SPLINE      32D    978
     126     972       1       1       0       0       0       001010500D    979
     126       0       0      17       0                B_SPLINE      33D    980
     102     989       1       1       0       0       0       001010500D    981
     102       0       0       1       0                  CCURVE      32D    982
     142     990       1       1       0       0       0       001010500D    983
     142       0       0       1       0                  UV_BND      16D    984
     102     991       1       1       0       0       0       001010000D    985
     102       0       0       1       0                  CCURVE      33D    986
     126     992       1       1       0       0       0       001010500D    987
     126       0       0      15       0                B_SPLINE      34D    988
     126    1007       1       1       0       0       0       001010500D    989
     126       0       0      15       0                B_SPLINE      35D    990
     102    1022       1       1       0       0       0       001010500D    991
     102       0       0       1       0                  CCURVE      34D    992
     142    1023       1       1       0       0       0       001010500D    993
     142       0       0       1       0                  UV_BND      17D    994
     102    1024       1       1       0       0       0       001010000D    995
     102       0       0       1       0                  CCURVE      35D    996
     126    1025       1       1       0       0       0       001010500D    997
     126       0       0      17       0                B_SPLINE      36D    998
     126    1042       1       1       0       0       0       001010500D    999
     126       0       0      17       0                B_SPLINE      37D   1000
     102    1059       1       1       0       0       0       001010500D   1001
     102       0       0       1       0                  CCURVE      36D   1002
     142    1060       1       1       0       0       0       001010500D   1003
     142       0       0       1       0                  UV_BND      18D   1004
     124    1061       1       1       0       0       0       001000000D   1005
     124       0       0       2       0                   XFORM      95D   1006
     100    1063       1       1       0       0    1005       001010000D   1007
     100       0       0       1       0                     ARC      95D   1008
     124    1064       1       1       0       0       0       001000000D   1009
     124       0       0       2       0                   XFORM      96D   1010
     100    1066       1       1       0       0    1009       001010000D   1011
     100       0       0       1       0                     ARC      96D   1012
     102    1067       1       1       0       0       0       001010000D   1013
     102       0       0       1       0                  CCURVE      37D   1014
     126    1068       1       1       0       0       0       001010500D   1015
     126       0       0      11       0                B_SPLINE      38D   1016
     126    1079       1       1       0       0       0       001010500D   1017
     126       0       0      11       0                B_SPLINE      39D   1018
     102    1090       1       1       0       0       0       001010500D   1019
     102       0       0       1       0                  CCURVE      38D   1020
     142    1091       1       1       0       0       0       001010500D   1021
     142       0       0       1       0                  UV_BND      19D   1022
     124    1092       1       1       0       0       0       001000000D   1023
     124       0       0       2       0                   XFORM      97D   1024
     100    1094       1       1       0       0    1023       001010000D   1025
     100       0       0       1       0                     ARC      97D   1026
     124    1095       1       1       0       0       0       001000000D   1027
     124       0       0       2       0                   XFORM      98D   1028
     100    1097       1       1       0       0    1027       001010000D   1029
     100       0       0       1       0                     ARC      98D   1030
     102    1098       1       1       0       0       0       001010000D   1031
     102       0       0       1       0                  CCURVE      39D   1032
     126    1099       1       1       0       0       0       001010500D   1033
     126       0       0      11       0                B_SPLINE      40D   1034
     126    1110       1       1       0       0       0       001010500D   1035
     126       0       0      11       0                B_SPLINE      41D   1036
     102    1121       1       1       0       0       0       001010500D   1037
     102       0       0       1       0                  CCURVE      40D   1038
     142    1122       1       1       0       0       0       001010500D   1039
     142       0       0       1       0                  UV_BND      20D   1040
     124    1123       1       1       0       0       0       001000000D   1041
     124       0       0       2       0                   XFORM      99D   1042
     100    1125       1       1       0       0    1041       001010000D   1043
     100       0       0       1       0                     ARC      99D   1044
     124    1126       1       1       0       0       0       001000000D   1045
     124       0       0       2       0                   XFORM     100D   1046
     100    1128       1       1       0       0    1045       001010000D   1047
     100       0       0       1       0                     ARC     100D   1048
     102    1129       1       1       0       0       0       001010000D   1049
     102       0       0       1       0                  CCURVE      41D   1050
     126    1130       1       1       0       0       0       001010500D   1051
     126       0       0      11       0                B_SPLINE      42D   1052
     126    1141       1       1       0       0       0       001010500D   1053
     126       0       0      11       0                B_SPLINE      43D   1054
     102    1152       1       1       0       0       0       001010500D   1055
     102       0       0       1       0                  CCURVE      42D   1056
     142    1153       1       1       0       0       0       001010500D   1057
     142       0       0       1       0                  UV_BND      21D   1058
     124    1154       1       1       0       0       0       001000000D   1059
     124       0       0       2       0                   XFORM     101D   1060
     100    1156       1       1       0       0    1059       001010000D   1061
     100       0       0       1       0                     ARC     101D   1062
     124    1157       1       1       0       0       0       001000000D   1063
     124       0       0       2       0                   XFORM     102D   1064
     100    1159       1       1       0       0    1063       001010000D   1065
     100       0       0       1       0                     ARC     102D   1066
     102    1160       1       1       0       0       0       001010000D   1067
     102       0       0       1       0                  CCURVE      43D   1068
     126    1161       1       1       0       0       0       001010500D   1069
     126       0       0      11       0                B_SPLINE      44D   1070
     126    1172       1       1       0       0       0       001010500D   1071
     126       0       0      11       0                B_SPLINE      45D   1072
     102    1183       1       1       0       0       0       001010500D   1073
     102       0       0       1       0                  CCURVE      44D   1074
     142    1184       1       1       0       0       0       001010500D   1075
     142       0       0       1       0                  UV_BND      22D   1076
     102    1185       1       1       0       0       0       001010000D   1077
     102       0       0       1       0                  CCURVE      45D   1078
     110    1186       1       1       0       0       0       001010500D   1079
     110       0       0       1       0                    LINE     215D   1080
     110    1187       1       1       0       0       0       001010500D   1081
     110       0       0       1       0                    LINE     216D   1082
     110    1188       1       1       0       0       0       001010500D   1083
     110       0       0       1       0                    LINE     217D   1084
     110    1189       1       1       0       0       0       001010500D   1085
     110       0       0       1       0                    LINE     218D   1086
     110    1190       1       1       0       0       0       001010500D   1087
     110       0       0       1       0                    LINE     219D   1088
     110    1191       1       1       0       0       0       001010500D   1089
     110       0       0       1       0                    LINE     220D   1090
     110    1192       1       1       0       0       0       001010500D   1091
     110       0       0       1       0                    LINE     221D   1092
     110    1193       1       1       0       0       0       001010500D   1093
     110       0       0       1       0                    LINE     222D   1094
     102    1194       1       1       0       0       0       001010500D   1095
     102       0       0       1       0                  CCURVE      46D   1096
     142    1195       1       1       0       0       0       001010500D   1097
     142       0       0       1       0                  UV_BND      23D   1098
     144    1196       1       1       0       0       0       000000000D   1099
     144       0       0       1       0                 TRM_SRF       5D   1100
     128    1197       1       1       0       0       0       001010000D   1101
     128       0       0       4       0                  SPLSRF       4D   1102
     110    1201       1       1       0       0       0       001010000D   1103
     110       0       0       1       0                    LINE     223D   1104
     110    1202       1       1       0       0       0       001010000D   1105
     110       0       0       1       0                    LINE     224D   1106
     102    1203       1       1       0       0       0       001010000D   1107
     102       0       0       1       0                  CCURVE      47D   1108
     110    1204       1       1       0       0       0       001010500D   1109
     110       0       0       1       0                    LINE     225D   1110
     110    1205       1       1       0       0       0       001010500D   1111
     110       0       0       1       0                    LINE     226D   1112
     110    1206       1       1       0       0       0       001010500D   1113
     110       0       0       1       0                    LINE     227D   1114
     110    1207       1       1       0       0       0       001010500D   1115
     110       0       0       1       0                    LINE     228D   1116
     102    1208       1       1       0       0       0       001010500D   1117
     102       0       0       1       0                  CCURVE      48D   1118
     142    1209       1       1       0       0       0       001010500D   1119
     142       0       0       1       0                  UV_BND      24D   1120
     144    1210       1       1       0       0       0       000000000D   1121
     144       0       0       1       0                 TRM_SRF       6D   1122
     128    1211       1       1       0       0       0       001010000D   1123
     128       0       0       6       0                  SPLSRF       5D   1124
     110    1217       1       1       0       0       0       001010000D   1125
     110       0       0       1       0                    LINE     229D   1126
     110    1218       1       1       0       0       0       001010000D   1127
     110       0       0       1       0                    LINE     230D   1128
     102    1219       1       1       0       0       0       001010000D   1129
     102       0       0       1       0                  CCURVE      49D   1130
     110    1220       1       1       0       0       0       001010500D   1131
     110       0       0       1       0                    LINE     231D   1132
     110    1221       1       1       0       0       0       001010500D   1133
     110       0       0       1       0                    LINE     232D   1134
     110    1222       1       1       0       0       0       001010500D   1135
     110       0       0       1       0                    LINE     233D   1136
     110    1223       1       1       0       0       0       001010500D   1137
     110       0       0       1       0                    LINE     234D   1138
     102    1224       1       1       0       0       0       001010500D   1139
     102       0       0       1       0                  CCURVE      50D   1140
     142    1225       1       1       0       0       0       001010500D   1141
     142       0       0       1       0                  UV_BND      25D   1142
     144    1226       1       1       0       0       0       000000000D   1143
     144       0       0       1       0                 TRM_SRF       7D   1144
     128    1227       1       1       0       0       0       001010000D   1145
     128       0       0       4       0                  SPLSRF       6D   1146
     110    1231       1       1       0       0       0       001010000D   1147
     110       0       0       1       0                    LINE     235D   1148
     110    1232       1       1       0       0       0       001010000D   1149
     110       0       0       1       0                    LINE     236D   1150
     102    1233       1       1       0       0       0       001010000D   1151
     102       0       0       1       0                  CCURVE      51D   1152
     110    1234       1       1       0       0       0       001010500D   1153
     110       0       0       1       0                    LINE     237D   1154
     110    1235       1       1       0       0       0       001010500D   1155
     110       0       0       1       0                    LINE     238D   1156
     110    1236       1       1       0       0       0       001010500D   1157
     110       0       0       1       0                    LINE     239D   1158
     110    1237       1       1       0       0       0       001010500D   1159
     110       0       0       1       0                    LINE     240D   1160
     102    1238       1       1       0       0       0       001010500D   1161
     102       0       0       1       0                  CCURVE      52D   1162
     142    1239       1       1       0       0       0       001010500D   1163
     142       0       0       1       0                  UV_BND      26D   1164
     144    1240       1       1       0       0       0       000000000D   1165
     144       0       0       1       0                 TRM_SRF       8D   1166
     128    1241       1       1       0       0       0       001010000D   1167
     128       0       0       6       0                  SPLSRF       7D   1168
     110    1247       1       1       0       0       0       001010000D   1169
     110       0       0       1       0                    LINE     241D   1170
     110    1248       1       1       0       0       0       001010000D   1171
     110       0       0       1       0                    LINE     242D   1172
     102    1249       1       1       0       0       0       001010000D   1173
     102       0       0       1       0                  CCURVE      53D   1174
     110    1250       1       1       0       0       0       001010500D   1175
     110       0       0       1       0                    LINE     243D   1176
     110    1251       1       1       0       0       0       001010500D   1177
     110       0       0       1       0                    LINE     244D   1178
     110    1252       1       1       0       0       0       001010500D   1179
     110       0       0       1       0                    LINE     245D   1180
     110    1253       1       1       0       0       0       001010500D   1181
     110       0       0       1       0                    LINE     246D   1182
     102    1254       1       1       0       0       0       001010500D   1183
     102       0       0       1       0                  CCURVE      54D   1184
     142    1255       1       1       0       0       0       001010500D   1185
     142       0       0       1       0                  UV_BND      27D   1186
     144    1256       1       1       0       0       0       000000000D   1187
     144       0       0       1       0                 TRM_SRF       9D   1188
     128    1257       1       1       0       0       0       001010000D   1189
     128       0       0       4       0                  SPLSRF       8D   1190
     110    1261       1       1       0       0       0       001010000D   1191
     110       0       0       1       0                    LINE     247D   1192
     110    1262       1       1       0       0       0       001010000D   1193
     110       0       0       1       0                    LINE     248D   1194
     102    1263       1       1       0       0       0       001010000D   1195
     102       0       0       1       0                  CCURVE      55D   1196
     110    1264       1       1       0       0       0       001010500D   1197
     110       0       0       1       0                    LINE     249D   1198
     110    1265       1       1       0       0       0       001010500D   1199
     110       0       0       1       0                    LINE     250D   1200
     110    1266       1       1       0       0       0       001010500D   1201
     110       0       0       1       0                    LINE     251D   1202
     110    1267       1       1       0       0       0       001010500D   1203
     110       0       0       1       0                    LINE     252D   1204
     102    1268       1       1       0       0       0       001010500D   1205
     102       0       0       1       0                  CCURVE      56D   1206
     142    1269       1       1       0       0       0       001010500D   1207
     142       0       0       1       0                  UV_BND      28D   1208
     144    1270       1       1       0       0       0       000000000D   1209
     144       0       0       1       0                 TRM_SRF      10D   1210
     128    1271       1       1       0       0       0       001010000D   1211
     128       0       0       6       0                  SPLSRF       9D   1212
     110    1277       1       1       0       0       0       001010000D   1213
     110       0       0       1       0                    LINE     253D   1214
     110    1278       1       1       0       0       0       001010000D   1215
     110       0       0       1       0                    LINE     254D   1216
     102    1279       1       1       0       0       0       001010000D   1217
     102       0       0       1       0                  CCURVE      57D   1218
     110    1280       1       1       0       0       0       001010500D   1219
     110       0       0       1       0                    LINE     255D   1220
     110    1281       1       1       0       0       0       001010500D   1221
     110       0       0       1       0                    LINE     256D   1222
     110    1282       1       1       0       0       0       001010500D   1223
     110       0       0       1       0                    LINE     257D   1224
     110    1283       1       1       0       0       0       001010500D   1225
     110       0       0       1       0                    LINE     258D   1226
     102    1284       1       1       0       0       0       001010500D   1227
     102       0       0       1       0                  CCURVE      58D   1228
     142    1285       1       1       0       0       0       001010500D   1229
     142       0       0       1       0                  UV_BND      29D   1230
     144    1286       1       1       0       0       0       000000000D   1231
     144       0       0       1       0                 TRM_SRF      11D   1232
     128    1287       1       1       0       0       0       001010000D   1233
     128       0       0       4       0                  SPLSRF      10D   1234
     110    1291       1       1       0       0       0       001010000D   1235
     110       0       0       1       0                    LINE     259D   1236
     110    1292       1       1       0       0       0       001010000D   1237
     110       0       0       1       0                    LINE     260D   1238
     102    1293       1       1       0       0       0       001010000D   1239
     102       0       0       1       0                  CCURVE      59D   1240
     110    1294       1       1       0       0       0       001010500D   1241
     110       0       0       1       0                    LINE     261D   1242
     110    1295       1       1       0       0       0       001010500D   1243
     110       0       0       1       0                    LINE     262D   1244
     110    1296       1       1       0       0       0       001010500D   1245
     110       0       0       1       0                    LINE     263D   1246
     110    1297       1       1       0       0       0       001010500D   1247
     110       0       0       1       0                    LINE     264D   1248
     102    1298       1       1       0       0       0       001010500D   1249
     102       0       0       1       0                  CCURVE      60D   1250
     142    1299       1       1       0       0       0       001010500D   1251
     142       0       0       1       0                  UV_BND      30D   1252
     144    1300       1       1       0       0       0       000000000D   1253
     144       0       0       1       0                 TRM_SRF      12D   1254
     128    1301       1       1       0       0       0       001010000D   1255
     128       0       0       6       0                  SPLSRF      11D   1256
     110    1307       1       1       0       0       0       001010000D   1257
     110       0       0       1       0                    LINE     265D   1258
     110    1308       1       1       0       0       0       001010000D   1259
     110       0       0       1       0                    LINE     266D   1260
     102    1309       1       1       0       0       0       001010000D   1261
     102       0       0       1       0                  CCURVE      61D   1262
     110    1310       1       1       0       0       0       001010500D   1263
     110       0       0       1       0                    LINE     267D   1264
     110    1311       1       1       0       0       0       001010500D   1265
     110       0       0       1       0                    LINE     268D   1266
     110    1312       1       1       0       0       0       001010500D   1267
     110       0       0       1       0                    LINE     269D   1268
     110    1313       1       1       0       0       0       001010500D   1269
     110       0       0       1       0                    LINE     270D   1270
     102    1314       1       1       0       0       0       001010500D   1271
     102       0       0       1       0                  CCURVE      62D   1272
     142    1315       1       1       0       0       0       001010500D   1273
     142       0       0       1       0                  UV_BND      31D   1274
     144    1316       1       1       0       0       0       000000000D   1275
     144       0       0       1       0                 TRM_SRF      13D   1276
     128    1317       1       1       0       0       0       001010000D   1277
     128       0       0       4       0                  SPLSRF      12D   1278
     110    1321       1       1       0       0       0       001010000D   1279
     110       0       0       1       0                    LINE     271D   1280
     110    1322       1       1       0       0       0       001010000D   1281
     110       0       0       1       0                    LINE     272D   1282
     110    1323       1       1       0       0       0       001010000D   1283
     110       0       0       1       0                    LINE     273D   1284
     110    1324       1       1       0       0       0       001010000D   1285
     110       0       0       1       0                    LINE     274D   1286
     102    1325       1       1       0       0       0       001010000D   1287
     102       0       0       1       0                  CCURVE      63D   1288
     110    1326       1       1       0       0       0       001010500D   1289
     110       0       0       1       0                    LINE     275D   1290
     110    1327       1       1       0       0       0       001010500D   1291
     110       0       0       1       0                    LINE     276D   1292
     110    1328       1       1       0       0       0       001010500D   1293
     110       0       0       1       0                    LINE     277D   1294
     110    1329       1       1       0       0       0       001010500D   1295
     110       0       0       1       0                    LINE     278D   1296
     110    1330       1       1       0       0       0       001010500D   1297
     110       0       0       1       0                    LINE     279D   1298
     110    1331       1       1       0       0       0       001010500D   1299
     110       0       0       1       0                    LINE     280D   1300
     110    1332       1       1       0       0       0       001010500D   1301
     110       0       0       1       0                    LINE     281D   1302
     110    1333       1       1       0       0       0       001010500D   1303
     110       0       0       1       0                    LINE     282D   1304
     102    1334       1       1       0       0       0       001010500D   1305
     102       0       0       1       0                  CCURVE      64D   1306
     142    1335       1       1       0       0       0       001010500D   1307
     142       0       0       1       0                  UV_BND      32D   1308
     102    1336       1       1       0       0       0       001010000D   1309
     102       0       0       1       0                  CCURVE      65D   1310
     126    1337       1       1       0       0       0       001010500D   1311
     126       0       0      14       0                B_SPLINE      46D   1312
     126    1351       1       1       0       0       0       001010500D   1313
     126       0       0      14       0                B_SPLINE      47D   1314
     102    1365       1       1       0       0       0       001010500D   1315
     102       0       0       1       0                  CCURVE      66D   1316
     142    1366       1       1       0       0       0       001010500D   1317
     142       0       0       1       0                  UV_BND      33D   1318
     124    1367       1       1       0       0       0       001000000D   1319
     124       0       0       1       0                   XFORM     103D   1320
     100    1368       1       1       0       0    1319       001010000D   1321
     100       0       0       1       0                     ARC     103D   1322
     124    1369       1       1       0       0       0       001000000D   1323
     124       0       0       1       0                   XFORM     104D   1324
     100    1370       1       1       0       0    1323       001010000D   1325
     100       0       0       1       0                     ARC     104D   1326
     102    1371       1       1       0       0       0       001010000D   1327
     102       0       0       1       0                  CCURVE      67D   1328
     126    1372       1       1       0       0       0       001010500D   1329
     126       0       0      17       0                B_SPLINE      48D   1330
     126    1389       1       1       0       0       0       001010500D   1331
     126       0       0      17       0                B_SPLINE      49D   1332
     102    1406       1       1       0       0       0       001010500D   1333
     102       0       0       1       0                  CCURVE      68D   1334
     142    1407       1       1       0       0       0       001010500D   1335
     142       0       0       1       0                  UV_BND      34D   1336
     144    1408       1       1       0       0       0       000000000D   1337
     144       0       0       1       0                 TRM_SRF      14D   1338
     110    1409       1       1       0       0       0       001010000D   1339
     110       0       0       1       0                    LINE     283D   1340
     110    1410       1       1       0       0       0       001010000D   1341
     110       0       0       1       0                    LINE     284D   1342
     120    1411       1       1       0       0       0       001010000D   1343
     120       0       0       1       0                    SREV       3D   1344
     110    1412       1       1       0       0       0       001010000D   1345
     110       0       0       1       0                    LINE     285D   1346
     124    1413       1       1       0       0       0       001000000D   1347
     124       0       0       1       0                   XFORM     105D   1348
     100    1414       1       1       0       0    1347       001010000D   1349
     100       0       0       1       0                     ARC     105D   1350
     102    1415       1       1       0       0       0       001010000D   1351
     102       0       0       1       0                  CCURVE      69D   1352
     110    1416       1       1       0       0       0       001010500D   1353
     110       0       0       2       0                    LINE     286D   1354
     110    1418       1       1       0       0       0       001010500D   1355
     110       0       0       2       0                    LINE     287D   1356
     110    1420       1       1       0       0       0       001010500D   1357
     110       0       0       2       0                    LINE     288D   1358
     110    1422       1       1       0       0       0       001010500D   1359
     110       0       0       1       0                    LINE     289D   1360
     102    1423       1       1       0       0       0       001010500D   1361
     102       0       0       1       0                  CCURVE      70D   1362
     142    1424       1       1       0       0       0       001010500D   1363
     142       0       0       1       0                  UV_BND      35D   1364
     144    1425       1       1       0       0       0       000000000D   1365
     144       0       0       1       0                 TRM_SRF      15D   1366
     128    1426       1       1       0       0       0       001010000D   1367
     128       0       0       6       0                  SPLSRF      13D   1368
     102    1432       1       1       0       0       0       001010000D   1369
     102       0       0       1       0                  CCURVE      71D   1370
     126    1433       1       1       0       0       0       001010500D   1371
     126       0       0      16       0                B_SPLINE      50D   1372
     126    1449       1       1       0       0       0       001010500D   1373
     126       0       0      17       0                B_SPLINE      51D   1374
     102    1466       1       1       0       0       0       001010500D   1375
     102       0       0       1       0                  CCURVE      72D   1376
     142    1467       1       1       0       0       0       001010500D   1377
     142       0       0       1       0                  UV_BND      36D   1378
     102    1468       1       1       0       0       0       001010000D   1379
     102       0       0       1       0                  CCURVE      73D   1380
     126    1469       1       1       0       0       0       001010500D   1381
     126       0       0      14       0                B_SPLINE      52D   1382
     126    1483       1       1       0       0       0       001010500D   1383
     126       0       0      15       0                B_SPLINE      53D   1384
     102    1498       1       1       0       0       0       001010500D   1385
     102       0       0       1       0                  CCURVE      74D   1386
     142    1499       1       1       0       0       0       001010500D   1387
     142       0       0       1       0                  UV_BND      37D   1388
     144    1500       1       1       0       0       0       000000000D   1389
     144       0       0       1       0                 TRM_SRF      16D   1390
     110    1501       1       1       0       0       0       001010000D   1391
     110       0       0       1       0                    LINE     290D   1392
     110    1502       1       1       0       0       0       001010000D   1393
     110       0       0       1       0                    LINE     291D   1394
     120    1503       1       1       0       0       0       001010000D   1395
     120       0       0       1       0                    SREV       4D   1396
     110    1504       1       1       0       0       0       001010000D   1397
     110       0       0       1       0                    LINE     292D   1398
     102    1505       1       1       0       0       0       001010000D   1399
     102       0       0       1       0                  CCURVE      75D   1400
     110    1506       1       1       0       0       0       001010500D   1401
     110       0       0       2       0                    LINE     293D   1402
     110    1508       1       1       0       0       0       001010500D   1403
     110       0       0       1       0                    LINE     294D   1404
     110    1509       1       1       0       0       0       001010500D   1405
     110       0       0       2       0                    LINE     295D   1406
     110    1511       1       1       0       0       0       001010500D   1407
     110       0       0       2       0                    LINE     296D   1408
     102    1513       1       1       0       0       0       001010500D   1409
     102       0       0       1       0                  CCURVE      76D   1410
     142    1514       1       1       0       0       0       001010500D   1411
     142       0       0       1       0                  UV_BND      38D   1412
     144    1515       1       1       0       0       0       000000000D   1413
     144       0       0       1       0                 TRM_SRF      17D   1414
     110    1516       1       1       0       0       0       001010000D   1415
     110       0       0       1       0                    LINE     297D   1416
     110    1517       1       1       0       0       0       001010000D   1417
     110       0       0       1       0                    LINE     298D   1418
     120    1518       1       1       0       0       0       001010000D   1419
     120       0       0       1       0                    SREV       5D   1420
     110    1519       1       1       0       0       0       001010000D   1421
     110       0       0       1       0                    LINE     299D   1422
     102    1520       1       1       0       0       0       001010000D   1423
     102       0       0       1       0                  CCURVE      77D   1424
     110    1521       1       1       0       0       0       001010500D   1425
     110       0       0       2       0                    LINE     300D   1426
     110    1523       1       1       0       0       0       001010500D   1427
     110       0       0       2       0                    LINE     301D   1428
     110    1525       1       1       0       0       0       001010500D   1429
     110       0       0       2       0                    LINE     302D   1430
     110    1527       1       1       0       0       0       001010500D   1431
     110       0       0       2       0                    LINE     303D   1432
     102    1529       1       1       0       0       0       001010500D   1433
     102       0       0       1       0                  CCURVE      78D   1434
     142    1530       1       1       0       0       0       001010500D   1435
     142       0       0       1       0                  UV_BND      39D   1436
     144    1531       1       1       0       0       0       000000000D   1437
     144       0       0       1       0                 TRM_SRF      18D   1438
     110    1532       1       1       0       0       0       001010000D   1439
     110       0       0       1       0                    LINE     304D   1440
     110    1533       1       1       0       0       0       001010000D   1441
     110       0       0       1       0                    LINE     305D   1442
     120    1534       1       1       0       0       0       001010000D   1443
     120       0       0       1       0                    SREV       6D   1444
     110    1535       1       1       0       0       0       001010000D   1445
     110       0       0       1       0                    LINE     306D   1446
     124    1536       1       1       0       0       0       001000000D   1447
     124       0       0       1       0                   XFORM     106D   1448
     100    1537       1       1       0       0    1447       001010000D   1449
     100       0       0       1       0                     ARC     106D   1450
     102    1538       1       1       0       0       0       001010000D   1451
     102       0       0       1       0                  CCURVE      79D   1452
     110    1539       1       1       0       0       0       001010500D   1453
     110       0       0       2       0                    LINE     307D   1454
     110    1541       1       1       0       0       0       001010500D   1455
     110       0       0       2       0                    LINE     308D   1456
     110    1543       1       1       0       0       0       001010500D   1457
     110       0       0       2       0                    LINE     309D   1458
     110    1545       1       1       0       0       0       001010500D   1459
     110       0       0       2       0                    LINE     310D   1460
     102    1547       1       1       0       0       0       001010500D   1461
     102       0       0       1       0                  CCURVE      80D   1462
     142    1548       1       1       0       0       0       001010500D   1463
     142       0       0       1       0                  UV_BND      40D   1464
     144    1549       1       1       0       0       0       000000000D   1465
     144       0       0       1       0                 TRM_SRF      19D   1466
     110    1550       1       1       0       0       0       001010000D   1467
     110       0       0       1       0                    LINE     311D   1468
     110    1551       1       1       0       0       0       001010000D   1469
     110       0       0       2       0                    LINE     312D   1470
     120    1553       1       1       0       0       0       001010000D   1471
     120       0       0       1       0                    SREV       7D   1472
     110    1554       1       1       0       0       0       001010000D   1473
     110       0       0       1       0                    LINE     313D   1474
     102    1555       1       1       0       0       0       001010000D   1475
     102       0       0       1       0                  CCURVE      81D   1476
     110    1556       1       1       0       0       0       001010500D   1477
     110       0       0       2       0                    LINE     314D   1478
     110    1558       1       1       0       0       0       001010500D   1479
     110       0       0       2       0                    LINE     315D   1480
     110    1560       1       1       0       0       0       001010500D   1481
     110       0       0       2       0                    LINE     316D   1482
     110    1562       1       1       0       0       0       001010500D   1483
     110       0       0       1       0                    LINE     317D   1484
     102    1563       1       1       0       0       0       001010500D   1485
     102       0       0       1       0                  CCURVE      82D   1486
     142    1564       1       1       0       0       0       001010500D   1487
     142       0       0       1       0                  UV_BND      41D   1488
     144    1565       1       1       0       0       0       000000000D   1489
     144       0       0       1       0                 TRM_SRF      20D   1490
     110    1566       1       1       0       0       0       001010000D   1491
     110       0       0       1       0                    LINE     318D   1492
     110    1567       1       1       0       0       0       001010000D   1493
     110       0       0       2       0                    LINE     319D   1494
     120    1569       1       1       0       0       0       001010000D   1495
     120       0       0       1       0                    SREV       8D   1496
     110    1570       1       1       0       0       0       001010000D   1497
     110       0       0       1       0                    LINE     320D   1498
     102    1571       1       1       0       0       0       001010000D   1499
     102       0       0       1       0                  CCURVE      83D   1500
     110    1572       1       1       0       0       0       001010500D   1501
     110       0       0       2       0                    LINE     321D   1502
     110    1574       1       1       0       0       0       001010500D   1503
     110       0       0       1       0                    LINE     322D   1504
     110    1575       1       1       0       0       0       001010500D   1505
     110       0       0       2       0                    LINE     323D   1506
     110    1577       1       1       0       0       0       001010500D   1507
     110       0       0       2       0                    LINE     324D   1508
     102    1579       1       1       0       0       0       001010500D   1509
     102       0       0       1       0                  CCURVE      84D   1510
     142    1580       1       1       0       0       0       001010500D   1511
     142       0       0       1       0                  UV_BND      42D   1512
     144    1581       1       1       0       0       0       000000000D   1513
     144       0       0       1       0                 TRM_SRF      21D   1514
     128    1582       1       1       0       0       0       001010000D   1515
     128       0       0       7       0                  SPLSRF      14D   1516
     102    1589       1       1       0       0       0       001010000D   1517
     102       0       0       1       0                  CCURVE      85D   1518
     126    1590       1       1       0       0       0       001010500D   1519
     126       0       0      17       0                B_SPLINE      54D   1520
     126    1607       1       1       0       0       0       001010500D   1521
     126       0       0      18       0                B_SPLINE      55D   1522
     102    1625       1       1       0       0       0       001010500D   1523
     102       0       0       1       0                  CCURVE      86D   1524
     142    1626       1       1       0       0       0       001010500D   1525
     142       0       0       1       0                  UV_BND      43D   1526
     102    1627       1       1       0       0       0       001010000D   1527
     102       0       0       1       0                  CCURVE      87D   1528
     126    1628       1       1       0       0       0       001010500D   1529
     126       0       0      16       0                B_SPLINE      56D   1530
     126    1644       1       1       0       0       0       001010500D   1531
     126       0       0      17       0                B_SPLINE      57D   1532
     102    1661       1       1       0       0       0       001010500D   1533
     102       0       0       1       0                  CCURVE      88D   1534
     142    1662       1       1       0       0       0       001010500D   1535
     142       0       0       1       0                  UV_BND      44D   1536
     144    1663       1       1       0       0       0       000000000D   1537
     144       0       0       1       0                 TRM_SRF      22D   1538
     110    1664       1       1       0       0       0       001010000D   1539
     110       0       0       1       0                    LINE     325D   1540
     110    1665       1       1       0       0       0       001010000D   1541
     110       0       0       1       0                    LINE     326D   1542
     120    1666       1       1       0       0       0       001010000D   1543
     120       0       0       1       0                    SREV       9D   1544
     110    1667       1       1       0       0       0       001010000D   1545
     110       0       0       1       0                    LINE     327D   1546
     102    1668       1       1       0       0       0       001010000D   1547
     102       0       0       1       0                  CCURVE      89D   1548
     110    1669       1       1       0       0       0       001010500D   1549
     110       0       0       2       0                    LINE     328D   1550
     110    1671       1       1       0       0       0       001010500D   1551
     110       0       0       1       0                    LINE     329D   1552
     110    1672       1       1       0       0       0       001010500D   1553
     110       0       0       2       0                    LINE     330D   1554
     110    1674       1       1       0       0       0       001010500D   1555
     110       0       0       2       0                    LINE     331D   1556
     102    1676       1       1       0       0       0       001010500D   1557
     102       0       0       1       0                  CCURVE      90D   1558
     142    1677       1       1       0       0       0       001010500D   1559
     142       0       0       1       0                  UV_BND      45D   1560
     144    1678       1       1       0       0       0       000000000D   1561
     144       0       0       1       0                 TRM_SRF      23D   1562
     128    1679       1       1       0       0       0       001010000D   1563
     128       0       0       5       0                  SPLSRF      15D   1564
     102    1684       1       1       0       0       0       001010000D   1565
     102       0       0       1       0                  CCURVE      91D   1566
     126    1685       1       1       0       0       0       001010500D   1567
     126       0       0      16       0                B_SPLINE      58D   1568
     126    1701       1       1       0       0       0       001010500D   1569
     126       0       0      17       0                B_SPLINE      59D   1570
     102    1718       1       1       0       0       0       001010500D   1571
     102       0       0       1       0                  CCURVE      92D   1572
     142    1719       1       1       0       0       0       001010500D   1573
     142       0       0       1       0                  UV_BND      46D   1574
     102    1720       1       1       0       0       0       001010000D   1575
     102       0       0       1       0                  CCURVE      93D   1576
     126    1721       1       1       0       0       0       001010500D   1577
     126       0       0      16       0                B_SPLINE      60D   1578
     126    1737       1       1       0       0       0       001010500D   1579
     126       0       0      17       0                B_SPLINE      61D   1580
     102    1754       1       1       0       0       0       001010500D   1581
     102       0       0       1       0                  CCURVE      94D   1582
     142    1755       1       1       0       0       0       001010500D   1583
     142       0       0       1       0                  UV_BND      47D   1584
     144    1756       1       1       0       0       0       000000000D   1585
     144       0       0       1       0                 TRM_SRF      24D   1586
     110    1757       1       1       0       0       0       001010000D   1587
     110       0       0       1       0                    LINE     332D   1588
     110    1758       1       1       0       0       0       001010000D   1589
     110       0       0       1       0                    LINE     333D   1590
     120    1759       1       1       0       0       0       001010000D   1591
     120       0       0       1       0                    SREV      10D   1592
     110    1760       1       1       0       0       0       001010000D   1593
     110       0       0       1       0                    LINE     334D   1594
     102    1761       1       1       0       0       0       001010000D   1595
     102       0       0       1       0                  CCURVE      95D   1596
     110    1762       1       1       0       0       0       001010500D   1597
     110       0       0       2       0                    LINE     335D   1598
     110    1764       1       1       0       0       0       001010500D   1599
     110       0       0       1       0                    LINE     336D   1600
     110    1765       1       1       0       0       0       001010500D   1601
     110       0       0       2       0                    LINE     337D   1602
     110    1767       1       1       0       0       0       001010500D   1603
     110       0       0       2       0                    LINE     338D   1604
     102    1769       1       1       0       0       0       001010500D   1605
     102       0       0       1       0                  CCURVE      96D   1606
     142    1770       1       1       0       0       0       001010500D   1607
     142       0       0       1       0                  UV_BND      48D   1608
     144    1771       1       1       0       0       0       000000000D   1609
     144       0       0       1       0                 TRM_SRF      25D   1610
     128    1772       1       1       0       0       0       001010000D   1611
     128       0       0       5       0                  SPLSRF      16D   1612
     102    1777       1       1       0       0       0       001010000D   1613
     102       0       0       1       0                  CCURVE      97D   1614
     126    1778       1       1       0       0       0       001010500D   1615
     126       0       0      16       0                B_SPLINE      62D   1616
     126    1794       1       1       0       0       0       001010500D   1617
     126       0       0      17       0                B_SPLINE      63D   1618
     102    1811       1       1       0       0       0       001010500D   1619
     102       0       0       1       0                  CCURVE      98D   1620
     142    1812       1       1       0       0       0       001010500D   1621
     142       0       0       1       0                  UV_BND      49D   1622
     102    1813       1       1       0       0       0       001010000D   1623
     102       0       0       1       0                  CCURVE      99D   1624
     126    1814       1       1       0       0       0       001010500D   1625
     126       0       0      21       0                B_SPLINE      64D   1626
     126    1835       1       1       0       0       0       001010500D   1627
     126       0       0      21       0                B_SPLINE      65D   1628
     102    1856       1       1       0       0       0       001010500D   1629
     102       0       0       1       0                  CCURVE     100D   1630
     142    1857       1       1       0       0       0       001010500D   1631
     142       0       0       1       0                  UV_BND      50D   1632
     144    1858       1       1       0       0       0       000000000D   1633
     144       0       0       1       0                 TRM_SRF      26D   1634
     110    1859       1       1       0       0       0       001010000D   1635
     110       0       0       1       0                    LINE     339D   1636
     110    1860       1       1       0       0       0       001010000D   1637
     110       0       0       1       0                    LINE     340D   1638
     120    1861       1       1       0       0       0       001010000D   1639
     120       0       0       1       0                    SREV      11D   1640
     110    1862       1       1       0       0       0       001010000D   1641
     110       0       0       1       0                    LINE     341D   1642
     102    1863       1       1       0       0       0       001010000D   1643
     102       0       0       1       0                  CCURVE     101D   1644
     110    1864       1       1       0       0       0       001010500D   1645
     110       0       0       2       0                    LINE     342D   1646
     110    1866       1       1       0       0       0       001010500D   1647
     110       0       0       1       0                    LINE     343D   1648
     110    1867       1       1       0       0       0       001010500D   1649
     110       0       0       2       0                    LINE     344D   1650
     110    1869       1       1       0       0       0       001010500D   1651
     110       0       0       2       0                    LINE     345D   1652
     102    1871       1       1       0       0       0       001010500D   1653
     102       0       0       1       0                  CCURVE     102D   1654
     142    1872       1       1       0       0       0       001010500D   1655
     142       0       0       1       0                  UV_BND      51D   1656
     144    1873       1       1       0       0       0       000000000D   1657
     144       0       0       1       0                 TRM_SRF      27D   1658
     110    1874       1       1       0       0       0       001010000D   1659
     110       0       0       1       0                    LINE     346D   1660
     110    1875       1       1       0       0       0       001010000D   1661
     110       0       0       1       0                    LINE     347D   1662
     120    1876       1       1       0       0       0       001010000D   1663
     120       0       0       1       0                    SREV      12D   1664
     110    1877       1       1       0       0       0       001010000D   1665
     110       0       0       1       0                    LINE     348D   1666
     102    1878       1       1       0       0       0       001010000D   1667
     102       0       0       1       0                  CCURVE     103D   1668
     110    1879       1       1       0       0       0       001010500D   1669
     110       0       0       2       0                    LINE     349D   1670
     110    1881       1       1       0       0       0       001010500D   1671
     110       0       0       2       0                    LINE     350D   1672
     110    1883       1       1       0       0       0       001010500D   1673
     110       0       0       2       0                    LINE     351D   1674
     110    1885       1       1       0       0       0       001010500D   1675
     110       0       0       2       0                    LINE     352D   1676
     102    1887       1       1       0       0       0       001010500D   1677
     102       0       0       1       0                  CCURVE     104D   1678
     142    1888       1       1       0       0       0       001010500D   1679
     142       0       0       1       0                  UV_BND      52D   1680
     144    1889       1       1       0       0       0       000000000D   1681
     144       0       0       1       0                 TRM_SRF      28D   1682
     110    1890       1       1       0       0       0       001010000D   1683
     110       0       0       1       0                    LINE     353D   1684
     110    1891       1       1       0       0       0       001010000D   1685
     110       0       0       1       0                    LINE     354D   1686
     120    1892       1       1       0       0       0       001010000D   1687
     120       0       0       1       0                    SREV      13D   1688
     110    1893       1       1       0       0       0       001010000D   1689
     110       0       0       1       0                    LINE     355D   1690
     102    1894       1       1       0       0       0       001010000D   1691
     102       0       0       1       0                  CCURVE     105D   1692
     110    1895       1       1       0       0       0       001010500D   1693
     110       0       0       2       0                    LINE     356D   1694
     110    1897       1       1       0       0       0       001010500D   1695
     110       0       0       2       0                    LINE     357D   1696
     110    1899       1       1       0       0       0       001010500D   1697
     110       0       0       2       0                    LINE     358D   1698
     110    1901       1       1       0       0       0       001010500D   1699
     110       0       0       2       0                    LINE     359D   1700
     102    1903       1       1       0       0       0       001010500D   1701
     102       0       0       1       0                  CCURVE     106D   1702
     142    1904       1       1       0       0       0       001010500D   1703
     142       0       0       1       0                  UV_BND      53D   1704
     144    1905       1       1       0       0       0       000000000D   1705
     144       0       0       1       0                 TRM_SRF      29D   1706
     110    1906       1       1       0       0       0       001010000D   1707
     110       0       0       1       0                    LINE     360D   1708
     110    1907       1       1       0       0       0       001010000D   1709
     110       0       0       1       0                    LINE     361D   1710
     120    1908       1       1       0       0       0       001010000D   1711
     120       0       0       1       0                    SREV      14D   1712
     110    1909       1       1       0       0       0       001010000D   1713
     110       0       0       1       0                    LINE     362D   1714
     102    1910       1       1       0       0       0       001010000D   1715
     102       0       0       1       0                  CCURVE     107D   1716
     110    1911       1       1       0       0       0       001010500D   1717
     110       0       0       2       0                    LINE     363D   1718
     110    1913       1       1       0       0       0       001010500D   1719
     110       0       0       2       0                    LINE     364D   1720
     110    1915       1       1       0       0       0       001010500D   1721
     110       0       0       2       0                    LINE     365D   1722
     110    1917       1       1       0       0       0       001010500D   1723
     110       0       0       2       0                    LINE     366D   1724
     102    1919       1       1       0       0       0       001010500D   1725
     102       0       0       1       0                  CCURVE     108D   1726
     142    1920       1       1       0       0       0       001010500D   1727
     142       0       0       1       0                  UV_BND      54D   1728
     144    1921       1       1       0       0       0       000000000D   1729
     144       0       0       1       0                 TRM_SRF      30D   1730
     110    1922       1       1       0       0       0       001010000D   1731
     110       0       0       1       0                    LINE     367D   1732
     110    1923       1       1       0       0       0       001010000D   1733
     110       0       0       1       0                    LINE     368D   1734
     120    1924       1       1       0       0       0       001010000D   1735
     120       0       0       1       0                    SREV      15D   1736
     110    1925       1       1       0       0       0       001010000D   1737
     110       0       0       1       0                    LINE     369D   1738
     124    1926       1       1       0       0       0       001000000D   1739
     124       0       0       1       0                   XFORM     107D   1740
     100    1927       1       1       0       0    1739       001010000D   1741
     100       0       0       1       0                     ARC     107D   1742
     102    1928       1       1       0       0       0       001010000D   1743
     102       0       0       1       0                  CCURVE     109D   1744
     110    1929       1       1       0       0       0       001010500D   1745
     110       0       0       2       0                    LINE     370D   1746
     110    1931       1       1       0       0       0       001010500D   1747
     110       0       0       2       0                    LINE     371D   1748
     110    1933       1       1       0       0       0       001010500D   1749
     110       0       0       2       0                    LINE     372D   1750
     110    1935       1       1       0       0       0       001010500D   1751
     110       0       0       1       0                    LINE     373D   1752
     102    1936       1       1       0       0       0       001010500D   1753
     102       0       0       1       0                  CCURVE     110D   1754
     142    1937       1       1       0       0       0       001010500D   1755
     142       0       0       1       0                  UV_BND      55D   1756
     144    1938       1       1       0       0       0       000000000D   1757
     144       0       0       1       0                 TRM_SRF      31D   1758
     110    1939       1       1       0       0       0       001010000D   1759
     110       0       0       1       0                    LINE     374D   1760
     110    1940       1       1       0       0       0       001010000D   1761
     110       0       0       1       0                    LINE     375D   1762
     120    1941       1       1       0       0       0       001010000D   1763
     120       0       0       1       0                    SREV      16D   1764
     110    1942       1       1       0       0       0       001010000D   1765
     110       0       0       1       0                    LINE     376D   1766
     124    1943       1       1       0       0       0       001000000D   1767
     124       0       0       1       0                   XFORM     108D   1768
     100    1944       1       1       0       0    1767       001010000D   1769
     100       0       0       1       0                     ARC     108D   1770
     102    1945       1       1       0       0       0       001010000D   1771
     102       0       0       1       0                  CCURVE     111D   1772
     110    1946       1       1       0       0       0       001010500D   1773
     110       0       0       2       0                    LINE     377D   1774
     110    1948       1       1       0       0       0       001010500D   1775
     110       0       0       2       0                    LINE     378D   1776
     110    1950       1       1       0       0       0       001010500D   1777
     110       0       0       2       0                    LINE     379D   1778
     110    1952       1       1       0       0       0       001010500D   1779
     110       0       0       2       0                    LINE     380D   1780
     102    1954       1       1       0       0       0       001010500D   1781
     102       0       0       1       0                  CCURVE     112D   1782
     142    1955       1       1       0       0       0       001010500D   1783
     142       0       0       1       0                  UV_BND      56D   1784
     144    1956       1       1       0       0       0       000000000D   1785
     144       0       0       1       0                 TRM_SRF      32D   1786
     110    1957       1       1       0       0       0       001010000D   1787
     110       0       0       1       0                    LINE     381D   1788
     110    1958       1       1       0       0       0       001010000D   1789
     110       0       0       1       0                    LINE     382D   1790
     120    1959       1       1       0       0       0       001010000D   1791
     120       0       0       1       0                    SREV      17D   1792
     110    1960       1       1       0       0       0       001010000D   1793
     110       0       0       1       0                    LINE     383D   1794
     124    1961       1       1       0       0       0       001000000D   1795
     124       0       0       1       0                   XFORM     109D   1796
     100    1962       1       1       0       0    1795       001010000D   1797
     100       0       0       1       0                     ARC     109D   1798
     102    1963       1       1       0       0       0       001010000D   1799
     102       0       0       1       0                  CCURVE     113D   1800
     110    1964       1       1       0       0       0       001010500D   1801
     110       0       0       2       0                    LINE     384D   1802
     110    1966       1       1       0       0       0       001010500D   1803
     110       0       0       2       0                    LINE     385D   1804
     110    1968       1       1       0       0       0       001010500D   1805
     110       0       0       2       0                    LINE     386D   1806
     110    1970       1       1       0       0       0       001010500D   1807
     110       0       0       1       0                    LINE     387D   1808
     102    1971       1       1       0       0       0       001010500D   1809
     102       0       0       1       0                  CCURVE     114D   1810
     142    1972       1       1       0       0       0       001010500D   1811
     142       0       0       1       0                  UV_BND      57D   1812
     144    1973       1       1       0       0       0       000000000D   1813
     144       0       0       1       0                 TRM_SRF      33D   1814
     110    1974       1       1       0       0       0       001010000D   1815
     110       0       0       1       0                    LINE     388D   1816
     110    1975       1       1       0       0       0       001010000D   1817
     110       0       0       1       0                    LINE     389D   1818
     120    1976       1       1       0       0       0       001010000D   1819
     120       0       0       1       0                    SREV      18D   1820
     110    1977       1       1       0       0       0       001010000D   1821
     110       0       0       1       0                    LINE     390D   1822
     124    1978       1       1       0       0       0       001000000D   1823
     124       0       0       1       0                   XFORM     110D   1824
     100    1979       1       1       0       0    1823       001010000D   1825
     100       0       0       1       0                     ARC     110D   1826
     102    1980       1       1       0       0       0       001010000D   1827
     102       0       0       1       0                  CCURVE     115D   1828
     110    1981       1       1       0       0       0       001010500D   1829
     110       0       0       2       0                    LINE     391D   1830
     110    1983       1       1       0       0       0       001010500D   1831
     110       0       0       2       0                    LINE     392D   1832
     110    1985       1       1       0       0       0       001010500D   1833
     110       0       0       2       0                    LINE     393D   1834
     110    1987       1       1       0       0       0       001010500D   1835
     110       0       0       2       0                    LINE     394D   1836
     102    1989       1       1       0       0       0       001010500D   1837
     102       0       0       1       0                  CCURVE     116D   1838
     142    1990       1       1       0       0       0       001010500D   1839
     142       0       0       1       0                  UV_BND      58D   1840
     144    1991       1       1       0       0       0       000000000D   1841
     144       0       0       1       0                 TRM_SRF      34D   1842
     110    1992       1       1       0       0       0       001010000D   1843
     110       0       0       1       0                    LINE     395D   1844
     110    1993       1       1       0       0       0       001010000D   1845
     110       0       0       1       0                    LINE     396D   1846
     120    1994       1       1       0       0       0       001010000D   1847
     120       0       0       1       0                    SREV      19D   1848
     110    1995       1       1       0       0       0       001010000D   1849
     110       0       0       1       0                    LINE     397D   1850
     102    1996       1       1       0       0       0       001010000D   1851
     102       0       0       1       0                  CCURVE     117D   1852
     110    1997       1       1       0       0       0       001010500D   1853
     110       0       0       2       0                    LINE     398D   1854
     110    1999       1       1       0       0       0       001010500D   1855
     110       0       0       1       0                    LINE     399D   1856
     110    2000       1       1       0       0       0       001010500D   1857
     110       0       0       2       0                    LINE     400D   1858
     110    2002       1       1       0       0       0       001010500D   1859
     110       0       0       2       0                    LINE     401D   1860
     102    2004       1       1       0       0       0       001010500D   1861
     102       0       0       1       0                  CCURVE     118D   1862
     142    2005       1       1       0       0       0       001010500D   1863
     142       0       0       1       0                  UV_BND      59D   1864
     144    2006       1       1       0       0       0       000000000D   1865
     144       0       0       1       0                 TRM_SRF      35D   1866
     128    2007       1       1       0       0       0       001010000D   1867
     128       0       0       4       0                  SPLSRF      17D   1868
     102    2011       1       1       0       0       0       001010000D   1869
     102       0       0       1       0                  CCURVE     119D   1870
     126    2012       1       1       0       0       0       001010500D   1871
     126       0       0      11       0                B_SPLINE      66D   1872
     126    2023       1       1       0       0       0       001010500D   1873
     126       0       0      11       0                B_SPLINE      67D   1874
     102    2034       1       1       0       0       0       001010500D   1875
     102       0       0       1       0                  CCURVE     120D   1876
     142    2035       1       1       0       0       0       001010500D   1877
     142       0       0       1       0                  UV_BND      60D   1878
     102    2036       1       1       0       0       0       001010000D   1879
     102       0       0       1       0                  CCURVE     121D   1880
     126    2037       1       1       0       0       0       001010500D   1881
     126       0       0      11       0                B_SPLINE      68D   1882
     126    2048       1       1       0       0       0       001010500D   1883
     126       0       0      11       0                B_SPLINE      69D   1884
     102    2059       1       1       0       0       0       001010500D   1885
     102       0       0       1       0                  CCURVE     122D   1886
     142    2060       1       1       0       0       0       001010500D   1887
     142       0       0       1       0                  UV_BND      61D   1888
     144    2061       1       1       0       0       0       000000000D   1889
     144       0       0       1       0                 TRM_SRF      36D   1890
     110    2062       1       1       0       0       0       001010000D   1891
     110       0       0       1       0                    LINE     402D   1892
     110    2063       1       1       0       0       0       001010000D   1893
     110       0       0       1       0                    LINE     403D   1894
     120    2064       1       1       0       0       0       001010000D   1895
     120       0       0       1       0                    SREV      20D   1896
     110    2065       1       1       0       0       0       001010000D   1897
     110       0       0       1       0                    LINE     404D   1898
     102    2066       1       1       0       0       0       001010000D   1899
     102       0       0       1       0                  CCURVE     123D   1900
     110    2067       1       1       0       0       0       001010500D   1901
     110       0       0       2       0                    LINE     405D   1902
     110    2069       1       1       0       0       0       001010500D   1903
     110       0       0       1       0                    LINE     406D   1904
     110    2070       1       1       0       0       0       001010500D   1905
     110       0       0       2       0                    LINE     407D   1906
     110    2072       1       1       0       0       0       001010500D   1907
     110       0       0       2       0                    LINE     408D   1908
     102    2074       1       1       0       0       0       001010500D   1909
     102       0       0       1       0                  CCURVE     124D   1910
     142    2075       1       1       0       0       0       001010500D   1911
     142       0       0       1       0                  UV_BND      62D   1912
     144    2076       1       1       0       0       0       000000000D   1913
     144       0       0       1       0                 TRM_SRF      37D   1914
     110    2077       1       1       0       0       0       001010000D   1915
     110       0       0       1       0                    LINE     409D   1916
     110    2078       1       1       0       0       0       001010000D   1917
     110       0       0       1       0                    LINE     410D   1918
     120    2079       1       1       0       0       0       001010000D   1919
     120       0       0       1       0                    SREV      21D   1920
     110    2080       1       1       0       0       0       001010000D   1921
     110       0       0       1       0                    LINE     411D   1922
     102    2081       1       1       0       0       0       001010000D   1923
     102       0       0       1       0                  CCURVE     125D   1924
     110    2082       1       1       0       0       0       001010500D   1925
     110       0       0       2       0                    LINE     412D   1926
     110    2084       1       1       0       0       0       001010500D   1927
     110       0       0       2       0                    LINE     413D   1928
     110    2086       1       1       0       0       0       001010500D   1929
     110       0       0       2       0                    LINE     414D   1930
     110    2088       1       1       0       0       0       001010500D   1931
     110       0       0       2       0                    LINE     415D   1932
     102    2090       1       1       0       0       0       001010500D   1933
     102       0       0       1       0                  CCURVE     126D   1934
     142    2091       1       1       0       0       0       001010500D   1935
     142       0       0       1       0                  UV_BND      63D   1936
     144    2092       1       1       0       0       0       000000000D   1937
     144       0       0       1       0                 TRM_SRF      38D   1938
     110    2093       1       1       0       0       0       001010000D   1939
     110       0       0       1       0                    LINE     416D   1940
     110    2094       1       1       0       0       0       001010000D   1941
     110       0       0       1       0                    LINE     417D   1942
     120    2095       1       1       0       0       0       001010000D   1943
     120       0       0       1       0                    SREV      22D   1944
     110    2096       1       1       0       0       0       001010000D   1945
     110       0       0       1       0                    LINE     418D   1946
     102    2097       1       1       0       0       0       001010000D   1947
     102       0       0       1       0                  CCURVE     127D   1948
     110    2098       1       1       0       0       0       001010500D   1949
     110       0       0       2       0                    LINE     419D   1950
     110    2100       1       1       0       0       0       001010500D   1951
     110       0       0       2       0                    LINE     420D   1952
     110    2102       1       1       0       0       0       001010500D   1953
     110       0       0       2       0                    LINE     421D   1954
     110    2104       1       1       0       0       0       001010500D   1955
     110       0       0       2       0                    LINE     422D   1956
     102    2106       1       1       0       0       0       001010500D   1957
     102       0       0       1       0                  CCURVE     128D   1958
     142    2107       1       1       0       0       0       001010500D   1959
     142       0       0       1       0                  UV_BND      64D   1960
     144    2108       1       1       0       0       0       000000000D   1961
     144       0       0       1       0                 TRM_SRF      39D   1962
     110    2109       1       1       0       0       0       001010000D   1963
     110       0       0       1       0                    LINE     423D   1964
     110    2110       1       1       0       0       0       001010000D   1965
     110       0       0       1       0                    LINE     424D   1966
     120    2111       1       1       0       0       0       001010000D   1967
     120       0       0       1       0                    SREV      23D   1968
     110    2112       1       1       0       0       0       001010000D   1969
     110       0       0       1       0                    LINE     425D   1970
     102    2113       1       1       0       0       0       001010000D   1971
     102       0       0       1       0                  CCURVE     129D   1972
     110    2114       1       1       0       0       0       001010500D   1973
     110       0       0       2       0                    LINE     426D   1974
     110    2116       1       1       0       0       0       001010500D   1975
     110       0       0       1       0                    LINE     427D   1976
     110    2117       1       1       0       0       0       001010500D   1977
     110       0       0       2       0                    LINE     428D   1978
     110    2119       1       1       0       0       0       001010500D   1979
     110       0       0       2       0                    LINE     429D   1980
     102    2121       1       1       0       0       0       001010500D   1981
     102       0       0       1       0                  CCURVE     130D   1982
     142    2122       1       1       0       0       0       001010500D   1983
     142       0       0       1       0                  UV_BND      65D   1984
     144    2123       1       1       0       0       0       000000000D   1985
     144       0       0       1       0                 TRM_SRF      40D   1986
     128    2124       1       1       0       0       0       001010000D   1987
     128       0       0       4       0                  SPLSRF      18D   1988
     102    2128       1       1       0       0       0       001010000D   1989
     102       0       0       1       0                  CCURVE     131D   1990
     126    2129       1       1       0       0       0       001010500D   1991
     126       0       0      11       0                B_SPLINE      70D   1992
     126    2140       1       1       0       0       0       001010500D   1993
     126       0       0      11       0                B_SPLINE      71D   1994
     102    2151       1       1       0       0       0       001010500D   1995
     102       0       0       1       0                  CCURVE     132D   1996
     142    2152       1       1       0       0       0       001010500D   1997
     142       0       0       1       0                  UV_BND      66D   1998
     102    2153       1       1       0       0       0       001010000D   1999
     102       0       0       1       0                  CCURVE     133D   2000
     126    2154       1       1       0       0       0       001010500D   2001
     126       0       0      11       0                B_SPLINE      72D   2002
     126    2165       1       1       0       0       0       001010500D   2003
     126       0       0      11       0                B_SPLINE      73D   2004
     102    2176       1       1       0       0       0       001010500D   2005
     102       0       0       1       0                  CCURVE     134D   2006
     142    2177       1       1       0       0       0       001010500D   2007
     142       0       0       1       0                  UV_BND      67D   2008
     144    2178       1       1       0       0       0       000000000D   2009
     144       0       0       1       0                 TRM_SRF      41D   2010
     110    2179       1       1       0       0       0       001010000D   2011
     110       0       0       1       0                    LINE     430D   2012
     110    2180       1       1       0       0       0       001010000D   2013
     110       0       0       1       0                    LINE     431D   2014
     120    2181       1       1       0       0       0       001010000D   2015
     120       0       0       1       0                    SREV      24D   2016
     110    2182       1       1       0       0       0       001010000D   2017
     110       0       0       1       0                    LINE     432D   2018
     102    2183       1       1       0       0       0       001010000D   2019
     102       0       0       1       0                  CCURVE     135D   2020
     110    2184       1       1       0       0       0       001010500D   2021
     110       0       0       2       0                    LINE     433D   2022
     110    2186       1       1       0       0       0       001010500D   2023
     110       0       0       1       0                    LINE     434D   2024
     110    2187       1       1       0       0       0       001010500D   2025
     110       0       0       2       0                    LINE     435D   2026
     110    2189       1       1       0       0       0       001010500D   2027
     110       0       0       2       0                    LINE     436D   2028
     102    2191       1       1       0       0       0       001010500D   2029
     102       0       0       1       0                  CCURVE     136D   2030
     142    2192       1       1       0       0       0       001010500D   2031
     142       0       0       1       0                  UV_BND      68D   2032
     144    2193       1       1       0       0       0       000000000D   2033
     144       0       0       1       0                 TRM_SRF      42D   2034
     110    2194       1       1       0       0       0       001010000D   2035
     110       0       0       1       0                    LINE     437D   2036
     110    2195       1       1       0       0       0       001010000D   2037
     110       0       0       1       0                    LINE     438D   2038
     120    2196       1       1       0       0       0       001010000D   2039
     120       0       0       1       0                    SREV      25D   2040
     110    2197       1       1       0       0       0       001010000D   2041
     110       0       0       1       0                    LINE     439D   2042
     102    2198       1       1       0       0       0       001010000D   2043
     102       0       0       1       0                  CCURVE     137D   2044
     110    2199       1       1       0       0       0       001010500D   2045
     110       0       0       2       0                    LINE     440D   2046
     110    2201       1       1       0       0       0       001010500D   2047
     110       0       0       2       0                    LINE     441D   2048
     110    2203       1       1       0       0       0       001010500D   2049
     110       0       0       2       0                    LINE     442D   2050
     110    2205       1       1       0       0       0       001010500D   2051
     110       0       0       2       0                    LINE     443D   2052
     102    2207       1       1       0       0       0       001010500D   2053
     102       0       0       1       0                  CCURVE     138D   2054
     142    2208       1       1       0       0       0       001010500D   2055
     142       0       0       1       0                  UV_BND      69D   2056
     144    2209       1       1       0       0       0       000000000D   2057
     144       0       0       1       0                 TRM_SRF      43D   2058
     110    2210       1       1       0       0       0       001010000D   2059
     110       0       0       1       0                    LINE     444D   2060
     110    2211       1       1       0       0       0       001010000D   2061
     110       0       0       1       0                    LINE     445D   2062
     120    2212       1       1       0       0       0       001010000D   2063
     120       0       0       1       0                    SREV      26D   2064
     110    2213       1       1       0       0       0       001010000D   2065
     110       0       0       1       0                    LINE     446D   2066
     102    2214       1       1       0       0       0       001010000D   2067
     102       0       0       1       0                  CCURVE     139D   2068
     110    2215       1       1       0       0       0       001010500D   2069
     110       0       0       2       0                    LINE     447D   2070
     110    2217       1       1       0       0       0       001010500D   2071
     110       0       0       2       0                    LINE     448D   2072
     110    2219       1       1       0       0       0       001010500D   2073
     110       0       0       2       0                    LINE     449D   2074
     110    2221       1       1       0       0       0       001010500D   2075
     110       0       0       2       0                    LINE     450D   2076
     102    2223       1       1       0       0       0       001010500D   2077
     102       0       0       1       0                  CCURVE     140D   2078
     142    2224       1       1       0       0       0       001010500D   2079
     142       0       0       1       0                  UV_BND      70D   2080
     144    2225       1       1       0       0       0       000000000D   2081
     144       0       0       1       0                 TRM_SRF      44D   2082
     110    2226       1       1       0       0       0       001010000D   2083
     110       0       0       1       0                    LINE     451D   2084
     110    2227       1       1       0       0       0       001010000D   2085
     110       0       0       1       0                    LINE     452D   2086
     120    2228       1       1       0       0       0       001010000D   2087
     120       0       0       1       0                    SREV      27D   2088
     110    2229       1       1       0       0       0       001010000D   2089
     110       0       0       1       0                    LINE     453D   2090
     102    2230       1       1       0       0       0       001010000D   2091
     102       0       0       1       0                  CCURVE     141D   2092
     110    2231       1       1       0       0       0       001010500D   2093
     110       0       0       2       0                    LINE     454D   2094
     110    2233       1       1       0       0       0       001010500D   2095
     110       0       0       1       0                    LINE     455D   2096
     110    2234       1       1       0       0       0       001010500D   2097
     110       0       0       2       0                    LINE     456D   2098
     110    2236       1       1       0       0       0       001010500D   2099
     110       0       0       2       0                    LINE     457D   2100
     102    2238       1       1       0       0       0       001010500D   2101
     102       0       0       1       0                  CCURVE     142D   2102
     142    2239       1       1       0       0       0       001010500D   2103
     142       0       0       1       0                  UV_BND      71D   2104
     144    2240       1       1       0       0       0       000000000D   2105
     144       0       0       1       0                 TRM_SRF      45D   2106
     128    2241       1       1       0       0       0       001010000D   2107
     128       0       0       4       0                  SPLSRF      19D   2108
     102    2245       1       1       0       0       0       001010000D   2109
     102       0       0       1       0                  CCURVE     143D   2110
     126    2246       1       1       0       0       0       001010500D   2111
     126       0       0      11       0                B_SPLINE      74D   2112
     126    2257       1       1       0       0       0       001010500D   2113
     126       0       0      11       0                B_SPLINE      75D   2114
     102    2268       1       1       0       0       0       001010500D   2115
     102       0       0       1       0                  CCURVE     144D   2116
     142    2269       1       1       0       0       0       001010500D   2117
     142       0       0       1       0                  UV_BND      72D   2118
     102    2270       1       1       0       0       0       001010000D   2119
     102       0       0       1       0                  CCURVE     145D   2120
     126    2271       1       1       0       0       0       001010500D   2121
     126       0       0      11       0                B_SPLINE      76D   2122
     126    2282       1       1       0       0       0       001010500D   2123
     126       0       0      11       0                B_SPLINE      77D   2124
     102    2293       1       1       0       0       0       001010500D   2125
     102       0       0       1       0                  CCURVE     146D   2126
     142    2294       1       1       0       0       0       001010500D   2127
     142       0       0       1       0                  UV_BND      73D   2128
     144    2295       1       1       0       0       0       000000000D   2129
     144       0       0       1       0                 TRM_SRF      46D   2130
     110    2296       1       1       0       0       0       001010000D   2131
     110       0       0       1       0                    LINE     458D   2132
     110    2297       1       1       0       0       0       001010000D   2133
     110       0       0       1       0                    LINE     459D   2134
     120    2298       1       1       0       0       0       001010000D   2135
     120       0       0       1       0                    SREV      28D   2136
     110    2299       1       1       0       0       0       001010000D   2137
     110       0       0       1       0                    LINE     460D   2138
     102    2300       1       1       0       0       0       001010000D   2139
     102       0       0       1       0                  CCURVE     147D   2140
     110    2301       1       1       0       0       0       001010500D   2141
     110       0       0       2       0                    LINE     461D   2142
     110    2303       1       1       0       0       0       001010500D   2143
     110       0       0       1       0                    LINE     462D   2144
     110    2304       1       1       0       0       0       001010500D   2145
     110       0       0       2       0                    LINE     463D   2146
     110    2306       1       1       0       0       0       001010500D   2147
     110       0       0       2       0                    LINE     464D   2148
     102    2308       1       1       0       0       0       001010500D   2149
     102       0       0       1       0                  CCURVE     148D   2150
     142    2309       1       1       0       0       0       001010500D   2151
     142       0       0       1       0                  UV_BND      74D   2152
     144    2310       1       1       0       0       0       000000000D   2153
     144       0       0       1       0                 TRM_SRF      47D   2154
     110    2311       1       1       0       0       0       001010000D   2155
     110       0       0       1       0                    LINE     465D   2156
     110    2312       1       1       0       0       0       001010000D   2157
     110       0       0       1       0                    LINE     466D   2158
     120    2313       1       1       0       0       0       001010000D   2159
     120       0       0       1       0                    SREV      29D   2160
     110    2314       1       1       0       0       0       001010000D   2161
     110       0       0       1       0                    LINE     467D   2162
     102    2315       1       1       0       0       0       001010000D   2163
     102       0       0       1       0                  CCURVE     149D   2164
     110    2316       1       1       0       0       0       001010500D   2165
     110       0       0       2       0                    LINE     468D   2166
     110    2318       1       1       0       0       0       001010500D   2167
     110       0       0       2       0                    LINE     469D   2168
     110    2320       1       1       0       0       0       001010500D   2169
     110       0       0       2       0                    LINE     470D   2170
     110    2322       1       1       0       0       0       001010500D   2171
     110       0       0       2       0                    LINE     471D   2172
     102    2324       1       1       0       0       0       001010500D   2173
     102       0       0       1       0                  CCURVE     150D   2174
     142    2325       1       1       0       0       0       001010500D   2175
     142       0       0       1       0                  UV_BND      75D   2176
     144    2326       1       1       0       0       0       000000000D   2177
     144       0       0       1       0                 TRM_SRF      48D   2178
     110    2327       1       1       0       0       0       001010000D   2179
     110       0       0       1       0                    LINE     472D   2180
     110    2328       1       1       0       0       0       001010000D   2181
     110       0       0       1       0                    LINE     473D   2182
     120    2329       1       1       0       0       0       001010000D   2183
     120       0       0       1       0                    SREV      30D   2184
     110    2330       1       1       0       0       0       001010000D   2185
     110       0       0       1       0                    LINE     474D   2186
     102    2331       1       1       0       0       0       001010000D   2187
     102       0       0       1       0                  CCURVE     151D   2188
     110    2332       1       1       0       0       0       001010500D   2189
     110       0       0       2       0                    LINE     475D   2190
     110    2334       1       1       0       0       0       001010500D   2191
     110       0       0       2       0                    LINE     476D   2192
     110    2336       1       1       0       0       0       001010500D   2193
     110       0       0       2       0                    LINE     477D   2194
     110    2338       1       1       0       0       0       001010500D   2195
     110       0       0       2       0                    LINE     478D   2196
     102    2340       1       1       0       0       0       001010500D   2197
     102       0       0       1       0                  CCURVE     152D   2198
     142    2341       1       1       0       0       0       001010500D   2199
     142       0       0       1       0                  UV_BND      76D   2200
     144    2342       1       1       0       0       0       000000000D   2201
     144       0       0       1       0                 TRM_SRF      49D   2202
     110    2343       1       1       0       0       0       001010000D   2203
     110       0       0       1       0                    LINE     479D   2204
     110    2344       1       1       0       0       0       001010000D   2205
     110       0       0       1       0                    LINE     480D   2206
     120    2345       1       1       0       0       0       001010000D   2207
     120       0       0       1       0                    SREV      31D   2208
     110    2346       1       1       0       0       0       001010000D   2209
     110       0       0       1       0                    LINE     481D   2210
     102    2347       1       1       0       0       0       001010000D   2211
     102       0       0       1       0                  CCURVE     153D   2212
     110    2348       1       1       0       0       0       001010500D   2213
     110       0       0       2       0                    LINE     482D   2214
     110    2350       1       1       0       0       0       001010500D   2215
     110       0       0       1       0                    LINE     483D   2216
     110    2351       1       1       0       0       0       001010500D   2217
     110       0       0       2       0                    LINE     484D   2218
     110    2353       1       1       0       0       0       001010500D   2219
     110       0       0       2       0                    LINE     485D   2220
     102    2355       1       1       0       0       0       001010500D   2221
     102       0       0       1       0                  CCURVE     154D   2222
     142    2356       1       1       0       0       0       001010500D   2223
     142       0       0       1       0                  UV_BND      77D   2224
     144    2357       1       1       0       0       0       000000000D   2225
     144       0       0       1       0                 TRM_SRF      50D   2226
     128    2358       1       1       0       0       0       001010000D   2227
     128       0       0       4       0                  SPLSRF      20D   2228
     102    2362       1       1       0       0       0       001010000D   2229
     102       0       0       1       0                  CCURVE     155D   2230
     126    2363       1       1       0       0       0       001010500D   2231
     126       0       0      11       0                B_SPLINE      78D   2232
     126    2374       1       1       0       0       0       001010500D   2233
     126       0       0      11       0                B_SPLINE      79D   2234
     102    2385       1       1       0       0       0       001010500D   2235
     102       0       0       1       0                  CCURVE     156D   2236
     142    2386       1       1       0       0       0       001010500D   2237
     142       0       0       1       0                  UV_BND      78D   2238
     102    2387       1       1       0       0       0       001010000D   2239
     102       0       0       1       0                  CCURVE     157D   2240
     126    2388       1       1       0       0       0       001010500D   2241
     126       0       0      11       0                B_SPLINE      80D   2242
     126    2399       1       1       0       0       0       001010500D   2243
     126       0       0      11       0                B_SPLINE      81D   2244
     102    2410       1       1       0       0       0       001010500D   2245
     102       0       0       1       0                  CCURVE     158D   2246
     142    2411       1       1       0       0       0       001010500D   2247
     142       0       0       1       0                  UV_BND      79D   2248
     144    2412       1       1       0       0       0       000000000D   2249
     144       0       0       1       0                 TRM_SRF      51D   2250
     110    2413       1       1       0       0       0       001010000D   2251
     110       0       0       1       0                    LINE     486D   2252
     110    2414       1       1       0       0       0       001010000D   2253
     110       0       0       1       0                    LINE     487D   2254
     120    2415       1       1       0       0       0       001010000D   2255
     120       0       0       1       0                    SREV      32D   2256
     110    2416       1       1       0       0       0       001010000D   2257
     110       0       0       1       0                    LINE     488D   2258
     102    2417       1       1       0       0       0       001010000D   2259
     102       0       0       1       0                  CCURVE     159D   2260
     110    2418       1       1       0       0       0       001010500D   2261
     110       0       0       2       0                    LINE     489D   2262
     110    2420       1       1       0       0       0       001010500D   2263
     110       0       0       1       0                    LINE     490D   2264
     110    2421       1       1       0       0       0       001010500D   2265
     110       0       0       2       0                    LINE     491D   2266
     110    2423       1       1       0       0       0       001010500D   2267
     110       0       0       2       0                    LINE     492D   2268
     102    2425       1       1       0       0       0       001010500D   2269
     102       0       0       1       0                  CCURVE     160D   2270
     142    2426       1       1       0       0       0       001010500D   2271
     142       0       0       1       0                  UV_BND      80D   2272
     144    2427       1       1       0       0       0       000000000D   2273
     144       0       0       1       0                 TRM_SRF      52D   2274
     110    2428       1       1       0       0       0       001010000D   2275
     110       0       0       1       0                    LINE     493D   2276
     110    2429       1       1       0       0       0       001010000D   2277
     110       0       0       1       0                    LINE     494D   2278
     120    2430       1       1       0       0       0       001010000D   2279
     120       0       0       1       0                    SREV      33D   2280
     110    2431       1       1       0       0       0       001010000D   2281
     110       0       0       1       0                    LINE     495D   2282
     102    2432       1       1       0       0       0       001010000D   2283
     102       0       0       1       0                  CCURVE     161D   2284
     110    2433       1       1       0       0       0       001010500D   2285
     110       0       0       2       0                    LINE     496D   2286
     110    2435       1       1       0       0       0       001010500D   2287
     110       0       0       2       0                    LINE     497D   2288
     110    2437       1       1       0       0       0       001010500D   2289
     110       0       0       2       0                    LINE     498D   2290
     110    2439       1       1       0       0       0       001010500D   2291
     110       0       0       2       0                    LINE     499D   2292
     102    2441       1       1       0       0       0       001010500D   2293
     102       0       0       1       0                  CCURVE     162D   2294
     142    2442       1       1       0       0       0       001010500D   2295
     142       0       0       1       0                  UV_BND      81D   2296
     144    2443       1       1       0       0       0       000000000D   2297
     144       0       0       1       0                 TRM_SRF      53D   2298
     110    2444       1       1       0       0       0       001010000D   2299
     110       0       0       1       0                    LINE     500D   2300
     110    2445       1       1       0       0       0       001010000D   2301
     110       0       0       1       0                    LINE     501D   2302
     120    2446       1       1       0       0       0       001010000D   2303
     120       0       0       1       0                    SREV      34D   2304
     110    2447       1       1       0       0       0       001010000D   2305
     110       0       0       1       0                    LINE     502D   2306
     102    2448       1       1       0       0       0       001010000D   2307
     102       0       0       1       0                  CCURVE     163D   2308
     110    2449       1       1       0       0       0       001010500D   2309
     110       0       0       2       0                    LINE     503D   2310
     110    2451       1       1       0       0       0       001010500D   2311
     110       0       0       2       0                    LINE     504D   2312
     110    2453       1       1       0       0       0       001010500D   2313
     110       0       0       2       0                    LINE     505D   2314
     110    2455       1       1       0       0       0       001010500D   2315
     110       0       0       2       0                    LINE     506D   2316
     102    2457       1       1       0       0       0       001010500D   2317
     102       0       0       1       0                  CCURVE     164D   2318
     142    2458       1       1       0       0       0       001010500D   2319
     142       0       0       1       0                  UV_BND      82D   2320
     144    2459       1       1       0       0       0       000000000D   2321
     144       0       0       1       0                 TRM_SRF      54D   2322
     128    2460       1       1       0       0       0       001010000D   2323
     128       0       0       6       0                  SPLSRF      21D   2324
     110    2466       1       1       0       0       0       001010000D   2325
     110       0       0       1       0                    LINE     507D   2326
     102    2467       1       1       0       0       0       001010000D   2327
     102       0       0       1       0                  CCURVE     165D   2328
     110    2468       1       1       0       0       0       001010500D   2329
     110       0       0       1       0                    LINE     508D   2330
     110    2469       1       1       0       0       0       001010500D   2331
     110       0       0       1       0                    LINE     509D   2332
     110    2470       1       1       0       0       0       001010500D   2333
     110       0       0       1       0                    LINE     510D   2334
     110    2471       1       1       0       0       0       001010500D   2335
     110       0       0       1       0                    LINE     511D   2336
     102    2472       1       1       0       0       0       001010500D   2337
     102       0       0       1       0                  CCURVE     166D   2338
     142    2473       1       1       0       0       0       001010500D   2339
     142       0       0       1       0                  UV_BND      83D   2340
     144    2474       1       1       0       0       0       000000000D   2341
     144       0       0       1       0                 TRM_SRF      55D   2342
     128    2475       1       1       0       0       0       001010000D   2343
     128       0       0       5       0                  SPLSRF      22D   2344
     110    2480       1       1       0       0       0       001010000D   2345
     110       0       0       1       0                    LINE     512D   2346
     102    2481       1       1       0       0       0       001010000D   2347
     102       0       0       1       0                  CCURVE     167D   2348
     110    2482       1       1       0       0       0       001010500D   2349
     110       0       0       1       0                    LINE     513D   2350
     110    2483       1       1       0       0       0       001010500D   2351
     110       0       0       1       0                    LINE     514D   2352
     110    2484       1       1       0       0       0       001010500D   2353
     110       0       0       1       0                    LINE     515D   2354
     110    2485       1       1       0       0       0       001010500D   2355
     110       0       0       1       0                    LINE     516D   2356
     102    2486       1       1       0       0       0       001010500D   2357
     102       0       0       1       0                  CCURVE     168D   2358
     142    2487       1       1       0       0       0       001010500D   2359
     142       0       0       1       0                  UV_BND      84D   2360
     144    2488       1       1       0       0       0       000000000D   2361
     144       0       0       1       0                 TRM_SRF      56D   2362
     128    2489       1       1       0       0       0       001010000D   2363
     128       0       0       6       0                  SPLSRF      23D   2364
     110    2495       1       1       0       0       0       001010000D   2365
     110       0       0       1       0                    LINE     517D   2366
     102    2496       1       1       0       0       0       001010000D   2367
     102       0       0       1       0                  CCURVE     169D   2368
     110    2497       1       1       0       0       0       001010500D   2369
     110       0       0       1       0                    LINE     518D   2370
     110    2498       1       1       0       0       0       001010500D   2371
     110       0       0       1       0                    LINE     519D   2372
     110    2499       1       1       0       0       0       001010500D   2373
     110       0       0       1       0                    LINE     520D   2374
     110    2500       1       1       0       0       0       001010500D   2375
     110       0       0       1       0                    LINE     521D   2376
     102    2501       1       1       0       0       0       001010500D   2377
     102       0       0       1       0                  CCURVE     170D   2378
     142    2502       1       1       0       0       0       001010500D   2379
     142       0       0       1       0                  UV_BND      85D   2380
     144    2503       1       1       0       0       0       000000000D   2381
     144       0       0       1       0                 TRM_SRF      57D   2382
     128    2504       1       1       0       0       0       001010000D   2383
     128       0       0       5       0                  SPLSRF      24D   2384
     110    2509       1       1       0       0       0       001010000D   2385
     110       0       0       1       0                    LINE     522D   2386
     102    2510       1       1       0       0       0       001010000D   2387
     102       0       0       1       0                  CCURVE     171D   2388
     110    2511       1       1       0       0       0       001010500D   2389
     110       0       0       1       0                    LINE     523D   2390
     110    2512       1       1       0       0       0       001010500D   2391
     110       0       0       1       0                    LINE     524D   2392
     110    2513       1       1       0       0       0       001010500D   2393
     110       0       0       1       0                    LINE     525D   2394
     110    2514       1       1       0       0       0       001010500D   2395
     110       0       0       1       0                    LINE     526D   2396
     102    2515       1       1       0       0       0       001010500D   2397
     102       0       0       1       0                  CCURVE     172D   2398
     142    2516       1       1       0       0       0       001010500D   2399
     142       0       0       1       0                  UV_BND      86D   2400
     144    2517       1       1       0       0       0       000000000D   2401
     144       0       0       1       0                 TRM_SRF      58D   2402
     128    2518       1       1       0       0       0       001010000D   2403
     128       0       0       6       0                  SPLSRF      25D   2404
     110    2524       1       1       0       0       0       001010000D   2405
     110       0       0       1       0                    LINE     527D   2406
     102    2525       1       1       0       0       0       001010000D   2407
     102       0       0       1       0                  CCURVE     173D   2408
     110    2526       1       1       0       0       0       001010500D   2409
     110       0       0       1       0                    LINE     528D   2410
     110    2527       1       1       0       0       0       001010500D   2411
     110       0       0       1       0                    LINE     529D   2412
     110    2528       1       1       0       0       0       001010500D   2413
     110       0       0       1       0                    LINE     530D   2414
     110    2529       1       1       0       0       0       001010500D   2415
     110       0       0       1       0                    LINE     531D   2416
     102    2530       1       1       0       0       0       001010500D   2417
     102       0       0       1       0                  CCURVE     174D   2418
     142    2531       1       1       0       0       0       001010500D   2419
     142       0       0       1       0                  UV_BND      87D   2420
     144    2532       1       1       0       0       0       000000000D   2421
     144       0       0       1       0                 TRM_SRF      59D   2422
     128    2533       1       1       0       0       0       001010000D   2423
     128       0       0       5       0                  SPLSRF      26D   2424
     110    2538       1       1       0       0       0       001010000D   2425
     110       0       0       1       0                    LINE     532D   2426
     102    2539       1       1       0       0       0       001010000D   2427
     102       0       0       1       0                  CCURVE     175D   2428
     110    2540       1       1       0       0       0       001010500D   2429
     110       0       0       1       0                    LINE     533D   2430
     110    2541       1       1       0       0       0       001010500D   2431
     110       0       0       1       0                    LINE     534D   2432
     110    2542       1       1       0       0       0       001010500D   2433
     110       0       0       1       0                    LINE     535D   2434
     110    2543       1       1       0       0       0       001010500D   2435
     110       0       0       1       0                    LINE     536D   2436
     102    2544       1       1       0       0       0       001010500D   2437
     102       0       0       1       0                  CCURVE     176D   2438
     142    2545       1       1       0       0       0       001010500D   2439
     142       0       0       1       0                  UV_BND      88D   2440
     144    2546       1       1       0       0       0       000000000D   2441
     144       0       0       1       0                 TRM_SRF      60D   2442
     128    2547       1       1       0       0       0       001010000D   2443
     128       0       0       6       0                  SPLSRF      27D   2444
     110    2553       1       1       0       0       0       001010000D   2445
     110       0       0       1       0                    LINE     537D   2446
     102    2554       1       1       0       0       0       001010000D   2447
     102       0       0       1       0                  CCURVE     177D   2448
     110    2555       1       1       0       0       0       001010500D   2449
     110       0       0       1       0                    LINE     538D   2450
     110    2556       1       1       0       0       0       001010500D   2451
     110       0       0       1       0                    LINE     539D   2452
     110    2557       1       1       0       0       0       001010500D   2453
     110       0       0       1       0                    LINE     540D   2454
     110    2558       1       1       0       0       0       001010500D   2455
     110       0       0       1       0                    LINE     541D   2456
     102    2559       1       1       0       0       0       001010500D   2457
     102       0       0       1       0                  CCURVE     178D   2458
     142    2560       1       1       0       0       0       001010500D   2459
     142       0       0       1       0                  UV_BND      89D   2460
     144    2561       1       1       0       0       0       000000000D   2461
     144       0       0       1       0                 TRM_SRF      61D   2462
     128    2562       1       1       0       0       0       001010000D   2463
     128       0       0       5       0                  SPLSRF      28D   2464
     110    2567       1       1       0       0       0       001010000D   2465
     110       0       0       1       0                    LINE     542D   2466
     102    2568       1       1       0       0       0       001010000D   2467
     102       0       0       1       0                  CCURVE     179D   2468
     110    2569       1       1       0       0       0       001010500D   2469
     110       0       0       1       0                    LINE     543D   2470
     110    2570       1       1       0       0       0       001010500D   2471
     110       0       0       1       0                    LINE     544D   2472
     110    2571       1       1       0       0       0       001010500D   2473
     110       0       0       1       0                    LINE     545D   2474
     110    2572       1       1       0       0       0       001010500D   2475
     110       0       0       1       0                    LINE     546D   2476
     102    2573       1       1       0       0       0       001010500D   2477
     102       0       0       1       0                  CCURVE     180D   2478
     142    2574       1       1       0       0       0       001010500D   2479
     142       0       0       1       0                  UV_BND      90D   2480
     144    2575       1       1       0       0       0       000000000D   2481
     144       0       0       1       0                 TRM_SRF      62D   2482
     128    2576       1       1       0       0       0       001010000D   2483
     128       0       0       5       0                  SPLSRF      29D   2484
     102    2581       1       1       0       0       0       001010000D   2485
     102       0       0       1       0                  CCURVE     181D   2486
     110    2582       1       1       0       0       0       001010500D   2487
     110       0       0       1       0                    LINE     547D   2488
     110    2583       1       1       0       0       0       001010500D   2489
     110       0       0       1       0                    LINE     548D   2490
     110    2584       1       1       0       0       0       001010500D   2491
     110       0       0       1       0                    LINE     549D   2492
     110    2585       1       1       0       0       0       001010500D   2493
     110       0       0       1       0                    LINE     550D   2494
     110    2586       1       1       0       0       0       001010500D   2495
     110       0       0       1       0                    LINE     551D   2496
     110    2587       1       1       0       0       0       001010500D   2497
     110       0       0       1       0                    LINE     552D   2498
     110    2588       1       1       0       0       0       001010500D   2499
     110       0       0       1       0                    LINE     553D   2500
     110    2589       1       1       0       0       0       001010500D   2501
     110       0       0       1       0                    LINE     554D   2502
     102    2590       1       1       0       0       0       001010500D   2503
     102       0       0       1       0                  CCURVE     182D   2504
     142    2591       1       1       0       0       0       001010500D   2505
     142       0       0       1       0                  UV_BND      91D   2506
     102    2592       1       1       0       0       0       001010000D   2507
     102       0       0       1       0                  CCURVE     183D   2508
     110    2593       1       1       0       0       0       001010500D   2509
     110       0       0       2       0                    LINE     555D   2510
     110    2595       1       1       0       0       0       001010500D   2511
     110       0       0       2       0                    LINE     556D   2512
     110    2597       1       1       0       0       0       001010500D   2513
     110       0       0       2       0                    LINE     557D   2514
     110    2599       1       1       0       0       0       001010500D   2515
     110       0       0       2       0                    LINE     558D   2516
     110    2601       1       1       0       0       0       001010500D   2517
     110       0       0       2       0                    LINE     559D   2518
     110    2603       1       1       0       0       0       001010500D   2519
     110       0       0       2       0                    LINE     560D   2520
     110    2605       1       1       0       0       0       001010500D   2521
     110       0       0       1       0                    LINE     561D   2522
     110    2606       1       1       0       0       0       001010500D   2523
     110       0       0       2       0                    LINE     562D   2524
     102    2608       1       1       0       0       0       001010500D   2525
     102       0       0       1       0                  CCURVE     184D   2526
     142    2609       1       1       0       0       0       001010500D   2527
     142       0       0       1       0                  UV_BND      92D   2528
     144    2610       1       1       0       0       0       000000000D   2529
     144       0       0       1       0                 TRM_SRF      63D   2530
     128    2611       1       1       0       0       0       001010000D   2531
     128       0       0       7       0                  SPLSRF      30D   2532
     110    2618       1       1       0       0       0       001010000D   2533
     110       0       0       2       0                    LINE     563D   2534
     102    2620       1       1       0       0       0       001010000D   2535
     102       0       0       1       0                  CCURVE     185D   2536
     110    2621       1       1       0       0       0       001010500D   2537
     110       0       0       1       0                    LINE     564D   2538
     110    2622       1       1       0       0       0       001010500D   2539
     110       0       0       1       0                    LINE     565D   2540
     110    2623       1       1       0       0       0       001010500D   2541
     110       0       0       1       0                    LINE     566D   2542
     110    2624       1       1       0       0       0       001010500D   2543
     110       0       0       1       0                    LINE     567D   2544
     102    2625       1       1       0       0       0       001010500D   2545
     102       0       0       1       0                  CCURVE     186D   2546
     142    2626       1       1       0       0       0       001010500D   2547
     142       0       0       1       0                  UV_BND      93D   2548
     144    2627       1       1       0       0       0       000000000D   2549
     144       0       0       1       0                 TRM_SRF      64D   2550
     128    2628       1       1       0       0       0       001010000D   2551
     128       0       0       6       0                  SPLSRF      31D   2552
     110    2634       1       1       0       0       0       001010000D   2553
     110       0       0       2       0                    LINE     568D   2554
     102    2636       1       1       0       0       0       001010000D   2555
     102       0       0       1       0                  CCURVE     187D   2556
     110    2637       1       1       0       0       0       001010500D   2557
     110       0       0       1       0                    LINE     569D   2558
     110    2638       1       1       0       0       0       001010500D   2559
     110       0       0       1       0                    LINE     570D   2560
     110    2639       1       1       0       0       0       001010500D   2561
     110       0       0       1       0                    LINE     571D   2562
     110    2640       1       1       0       0       0       001010500D   2563
     110       0       0       1       0                    LINE     572D   2564
     102    2641       1       1       0       0       0       001010500D   2565
     102       0       0       1       0                  CCURVE     188D   2566
     142    2642       1       1       0       0       0       001010500D   2567
     142       0       0       1       0                  UV_BND      94D   2568
     144    2643       1       1       0       0       0       000000000D   2569
     144       0       0       1       0                 TRM_SRF      65D   2570
     128    2644       1       1       0       0       0       001010000D   2571
     128       0       0       7       0                  SPLSRF      32D   2572
     110    2651       1       1       0       0       0       001010000D   2573
     110       0       0       2       0                    LINE     573D   2574
     102    2653       1       1       0       0       0       001010000D   2575
     102       0       0       1       0                  CCURVE     189D   2576
     110    2654       1       1       0       0       0       001010500D   2577
     110       0       0       1       0                    LINE     574D   2578
     110    2655       1       1       0       0       0       001010500D   2579
     110       0       0       1       0                    LINE     575D   2580
     110    2656       1       1       0       0       0       001010500D   2581
     110       0       0       1       0                    LINE     576D   2582
     110    2657       1       1       0       0       0       001010500D   2583
     110       0       0       1       0                    LINE     577D   2584
     102    2658       1       1       0       0       0       001010500D   2585
     102       0       0       1       0                  CCURVE     190D   2586
     142    2659       1       1       0       0       0       001010500D   2587
     142       0       0       1       0                  UV_BND      95D   2588
     144    2660       1       1       0       0       0       000000000D   2589
     144       0       0       1       0                 TRM_SRF      66D   2590
     128    2661       1       1       0       0       0       001010000D   2591
     128       0       0       6       0                  SPLSRF      33D   2592
     110    2667       1       1       0       0       0       001010000D   2593
     110       0       0       2       0                    LINE     578D   2594
     102    2669       1       1       0       0       0       001010000D   2595
     102       0       0       1       0                  CCURVE     191D   2596
     110    2670       1       1       0       0       0       001010500D   2597
     110       0       0       1       0                    LINE     579D   2598
     110    2671       1       1       0       0       0       001010500D   2599
     110       0       0       1       0                    LINE     580D   2600
     110    2672       1       1       0       0       0       001010500D   2601
     110       0       0       1       0                    LINE     581D   2602
     110    2673       1       1       0       0       0       001010500D   2603
     110       0       0       1       0                    LINE     582D   2604
     102    2674       1       1       0       0       0       001010500D   2605
     102       0       0       1       0                  CCURVE     192D   2606
     142    2675       1       1       0       0       0       001010500D   2607
     142       0       0       1       0                  UV_BND      96D   2608
     144    2676       1       1       0       0       0       000000000D   2609
     144       0       0       1       0                 TRM_SRF      67D   2610
     128    2677       1       1       0       0       0       001010000D   2611
     128       0       0       7       0                  SPLSRF      34D   2612
     110    2684       1       1       0       0       0       001010000D   2613
     110       0       0       2       0                    LINE     583D   2614
     102    2686       1       1       0       0       0       001010000D   2615
     102       0       0       1       0                  CCURVE     193D   2616
     110    2687       1       1       0       0       0       001010500D   2617
     110       0       0       1       0                    LINE     584D   2618
     110    2688       1       1       0       0       0       001010500D   2619
     110       0       0       1       0                    LINE     585D   2620
     110    2689       1       1       0       0       0       001010500D   2621
     110       0       0       1       0                    LINE     586D   2622
     110    2690       1       1       0       0       0       001010500D   2623
     110       0       0       1       0                    LINE     587D   2624
     102    2691       1       1       0       0       0       001010500D   2625
     102       0       0       1       0                  CCURVE     194D   2626
     142    2692       1       1       0       0       0       001010500D   2627
     142       0       0       1       0                  UV_BND      97D   2628
     144    2693       1       1       0       0       0       000000000D   2629
     144       0       0       1       0                 TRM_SRF      68D   2630
     128    2694       1       1       0       0       0       001010000D   2631
     128       0       0       7       0                  SPLSRF      35D   2632
     110    2701       1       1       0       0       0       001010000D   2633
     110       0       0       2       0                    LINE     588D   2634
     102    2703       1       1       0       0       0       001010000D   2635
     102       0       0       1       0                  CCURVE     195D   2636
     110    2704       1       1       0       0       0       001010500D   2637
     110       0       0       1       0                    LINE     589D   2638
     110    2705       1       1       0       0       0       001010500D   2639
     110       0       0       1       0                    LINE     590D   2640
     110    2706       1       1       0       0       0       001010500D   2641
     110       0       0       1       0                    LINE     591D   2642
     110    2707       1       1       0       0       0       001010500D   2643
     110       0       0       1       0                    LINE     592D   2644
     102    2708       1       1       0       0       0       001010500D   2645
     102       0       0       1       0                  CCURVE     196D   2646
     142    2709       1       1       0       0       0       001010500D   2647
     142       0       0       1       0                  UV_BND      98D   2648
     144    2710       1       1       0       0       0       000000000D   2649
     144       0       0       1       0                 TRM_SRF      69D   2650
     128    2711       1       1       0       0       0       001010000D   2651
     128       0       0       7       0                  SPLSRF      36D   2652
     110    2718       1       1       0       0       0       001010000D   2653
     110       0       0       2       0                    LINE     593D   2654
     102    2720       1       1       0       0       0       001010000D   2655
     102       0       0       1       0                  CCURVE     197D   2656
     110    2721       1       1       0       0       0       001010500D   2657
     110       0       0       1       0                    LINE     594D   2658
     110    2722       1       1       0       0       0       001010500D   2659
     110       0       0       1       0                    LINE     595D   2660
     110    2723       1       1       0       0       0       001010500D   2661
     110       0       0       1       0                    LINE     596D   2662
     110    2724       1       1       0       0       0       001010500D   2663
     110       0       0       1       0                    LINE     597D   2664
     102    2725       1       1       0       0       0       001010500D   2665
     102       0       0       1       0                  CCURVE     198D   2666
     142    2726       1       1       0       0       0       001010500D   2667
     142       0       0       1       0                  UV_BND      99D   2668
     144    2727       1       1       0       0       0       000000000D   2669
     144       0       0       1       0                 TRM_SRF      70D   2670
     128    2728       1       1       0       0       0       001010000D   2671
     128       0       0       6       0                  SPLSRF      37D   2672
     110    2734       1       1       0       0       0       001010000D   2673
     110       0       0       2       0                    LINE     598D   2674
     102    2736       1       1       0       0       0       001010000D   2675
     102       0       0       1       0                  CCURVE     199D   2676
     110    2737       1       1       0       0       0       001010500D   2677
     110       0       0       1       0                    LINE     599D   2678
     110    2738       1       1       0       0       0       001010500D   2679
     110       0       0       1       0                    LINE     600D   2680
     110    2739       1       1       0       0       0       001010500D   2681
     110       0       0       1       0                    LINE     601D   2682
     110    2740       1       1       0       0       0       001010500D   2683
     110       0       0       1       0                    LINE     602D   2684
     102    2741       1       1       0       0       0       001010500D   2685
     102       0       0       1       0                  CCURVE     200D   2686
     142    2742       1       1       0       0       0       001010500D   2687
     142       0       0       1       0                  UV_BND     100D   2688
     144    2743       1       1       0       0       0       000000000D   2689
     144       0       0       1       0                 TRM_SRF      71D   2690
     110    2744       1       1       0       0       0       001010000D   2691
     110       0       0       2       0                    LINE     603D   2692
     110    2746       1       1       0       0       0       001010000D   2693
     110       0       0       1       0                    LINE     604D   2694
     120    2747       1       1       0       0       0       001010000D   2695
     120       0       0       1       0                    SREV      35D   2696
     102    2748       1       1       0       0       0       001010000D   2697
     102       0       0       1       0                  CCURVE     201D   2698
     110    2749       1       1       0       0       0       001010500D   2699
     110       0       0       2       0                    LINE     605D   2700
     110    2751       1       1       0       0       0       001010500D   2701
     110       0       0       2       0                    LINE     606D   2702
     110    2753       1       1       0       0       0       001010500D   2703
     110       0       0       1       0                    LINE     607D   2704
     110    2754       1       1       0       0       0       001010500D   2705
     110       0       0       2       0                    LINE     608D   2706
     102    2756       1       1       0       0       0       001010500D   2707
     102       0       0       1       0                  CCURVE     202D   2708
     142    2757       1       1       0       0       0       001010500D   2709
     142       0       0       1       0                  UV_BND     101D   2710
     144    2758       1       1       0       0       0       000000000D   2711
     144       0       0       1       0                 TRM_SRF      72D   2712
     128    2759       1       1       0       0       0       001010000D   2713
     128       0       0       4       0                  SPLSRF      38D   2714
     110    2763       1       1       0       0       0       001010000D   2715
     110       0       0       1       0                    LINE     609D   2716
     102    2764       1       1       0       0       0       001010000D   2717
     102       0       0       1       0                  CCURVE     203D   2718
     110    2765       1       1       0       0       0       001010500D   2719
     110       0       0       1       0                    LINE     610D   2720
     110    2766       1       1       0       0       0       001010500D   2721
     110       0       0       1       0                    LINE     611D   2722
     110    2767       1       1       0       0       0       001010500D   2723
     110       0       0       1       0                    LINE     612D   2724
     110    2768       1       1       0       0       0       001010500D   2725
     110       0       0       1       0                    LINE     613D   2726
     102    2769       1       1       0       0       0       001010500D   2727
     102       0       0       1       0                  CCURVE     204D   2728
     142    2770       1       1       0       0       0       001010500D   2729
     142       0       0       1       0                  UV_BND     102D   2730
     144    2771       1       1       0       0       0       000000000D   2731
     144       0       0       1       0                 TRM_SRF      73D   2732
     110    2772       1       1       0       0       0       001010000D   2733
     110       0       0       2       0                    LINE     614D   2734
     110    2774       1       1       0       0       0       001010000D   2735
     110       0       0       1       0                    LINE     615D   2736
     120    2775       1       1       0       0       0       001010000D   2737
     120       0       0       1       0                    SREV      36D   2738
     102    2776       1       1       0       0       0       001010000D   2739
     102       0       0       1       0                  CCURVE     205D   2740
     110    2777       1       1       0       0       0       001010500D   2741
     110       0       0       2       0                    LINE     616D   2742
     110    2779       1       1       0       0       0       001010500D   2743
     110       0       0       2       0                    LINE     617D   2744
     110    2781       1       1       0       0       0       001010500D   2745
     110       0       0       1       0                    LINE     618D   2746
     110    2782       1       1       0       0       0       001010500D   2747
     110       0       0       2       0                    LINE     619D   2748
     102    2784       1       1       0       0       0       001010500D   2749
     102       0       0       1       0                  CCURVE     206D   2750
     142    2785       1       1       0       0       0       001010500D   2751
     142       0       0       1       0                  UV_BND     103D   2752
     144    2786       1       1       0       0       0       000000000D   2753
     144       0       0       1       0                 TRM_SRF      74D   2754
     128    2787       1       1       0       0       0       001010000D   2755
     128       0       0       5       0                  SPLSRF      39D   2756
     110    2792       1       1       0       0       0       001010000D   2757
     110       0       0       1       0                    LINE     620D   2758
     102    2793       1       1       0       0       0       001010000D   2759
     102       0       0       1       0                  CCURVE     207D   2760
     110    2794       1       1       0       0       0       001010500D   2761
     110       0       0       1       0                    LINE     621D   2762
     110    2795       1       1       0       0       0       001010500D   2763
     110       0       0       1       0                    LINE     622D   2764
     110    2796       1       1       0       0       0       001010500D   2765
     110       0       0       1       0                    LINE     623D   2766
     110    2797       1       1       0       0       0       001010500D   2767
     110       0       0       1       0                    LINE     624D   2768
     102    2798       1       1       0       0       0       001010500D   2769
     102       0       0       1       0                  CCURVE     208D   2770
     142    2799       1       1       0       0       0       001010500D   2771
     142       0       0       1       0                  UV_BND     104D   2772
     102    2800       1       1       0       0       0       001010000D   2773
     102       0       0       1       0                  CCURVE     209D   2774
     126    2801       1       1       0       0       0       001010500D   2775
     126       0       0      12       0                B_SPLINE      82D   2776
     126    2813       1       1       0       0       0       001010500D   2777
     126       0       0      12       0                B_SPLINE      83D   2778
     102    2825       1       1       0       0       0       001010500D   2779
     102       0       0       1       0                  CCURVE     210D   2780
     142    2826       1       1       0       0       0       001010500D   2781
     142       0       0       1       0                  UV_BND     105D   2782
     144    2827       1       1       0       0       0       000000000D   2783
     144       0       0       1       0                 TRM_SRF      75D   2784
     110    2828       1       1       0       0       0       001010000D   2785
     110       0       0       1       0                    LINE     625D   2786
     110    2829       1       1       0       0       0       001010000D   2787
     110       0       0       1       0                    LINE     626D   2788
     120    2830       1       1       0       0       0       001010000D   2789
     120       0       0       1       0                    SREV      37D   2790
     124    2831       1       1       0       0       0       001000000D   2791
     124       0       0       2       0                   XFORM     111D   2792
     100    2833       1       1       0       0    2791       001010000D   2793
     100       0       0       1       0                     ARC     111D   2794
     110    2834       1       1       0       0       0       001010000D   2795
     110       0       0       1       0                    LINE     627D   2796
     102    2835       1       1       0       0       0       001010000D   2797
     102       0       0       1       0                  CCURVE     211D   2798
     110    2836       1       1       0       0       0       001010500D   2799
     110       0       0       2       0                    LINE     628D   2800
     110    2838       1       1       0       0       0       001010500D   2801
     110       0       0       1       0                    LINE     629D   2802
     110    2839       1       1       0       0       0       001010500D   2803
     110       0       0       2       0                    LINE     630D   2804
     110    2841       1       1       0       0       0       001010500D   2805
     110       0       0       2       0                    LINE     631D   2806
     102    2843       1       1       0       0       0       001010500D   2807
     102       0       0       1       0                  CCURVE     212D   2808
     142    2844       1       1       0       0       0       001010500D   2809
     142       0       0       1       0                  UV_BND     106D   2810
     144    2845       1       1       0       0       0       000000000D   2811
     144       0       0       1       0                 TRM_SRF      76D   2812
     110    2846       1       1       0       0       0       001010000D   2813
     110       0       0       1       0                    LINE     632D   2814
     110    2847       1       1       0       0       0       001010000D   2815
     110       0       0       1       0                    LINE     633D   2816
     120    2848       1       1       0       0       0       001010000D   2817
     120       0       0       1       0                    SREV      38D   2818
     124    2849       1       1       0       0       0       001000000D   2819
     124       0       0       2       0                   XFORM     112D   2820
     100    2851       1       1       0       0    2819       001010000D   2821
     100       0       0       1       0                     ARC     112D   2822
     110    2852       1       1       0       0       0       001010000D   2823
     110       0       0       1       0                    LINE     634D   2824
     102    2853       1       1       0       0       0       001010000D   2825
     102       0       0       1       0                  CCURVE     213D   2826
     110    2854       1       1       0       0       0       001010500D   2827
     110       0       0       2       0                    LINE     635D   2828
     110    2856       1       1       0       0       0       001010500D   2829
     110       0       0       2       0                    LINE     636D   2830
     110    2858       1       1       0       0       0       001010500D   2831
     110       0       0       2       0                    LINE     637D   2832
     110    2860       1       1       0       0       0       001010500D   2833
     110       0       0       2       0                    LINE     638D   2834
     102    2862       1       1       0       0       0       001010500D   2835
     102       0       0       1       0                  CCURVE     214D   2836
     142    2863       1       1       0       0       0       001010500D   2837
     142       0       0       1       0                  UV_BND     107D   2838
     144    2864       1       1       0       0       0       000000000D   2839
     144       0       0       1       0                 TRM_SRF      77D   2840
     128    2865       1       1       0       0       0       001010000D   2841
     128       0       0       5       0                  SPLSRF      40D   2842
     102    2870       1       1       0       0       0       001010000D   2843
     102       0       0       1       0                  CCURVE     215D   2844
     126    2871       1       1       0       0       0       001010500D   2845
     126       0       0      10       0                B_SPLINE      84D   2846
     126    2881       1       1       0       0       0       001010500D   2847
     126       0       0      10       0                B_SPLINE      85D   2848
     102    2891       1       1       0       0       0       001010500D   2849
     102       0       0       1       0                  CCURVE     216D   2850
     142    2892       1       1       0       0       0       001010500D   2851
     142       0       0       1       0                  UV_BND     108D   2852
     144    2893       1       1       0       0       0       000000000D   2853
     144       0       0       1       0                 TRM_SRF      78D   2854
     110    2894       1       1       0       0       0       001010000D   2855
     110       0       0       2       0                    LINE     639D   2856
     110    2896       1       1       0       0       0       001010000D   2857
     110       0       0       1       0                    LINE     640D   2858
     120    2897       1       1       0       0       0       001010000D   2859
     120       0       0       1       0                    SREV      39D   2860
     102    2898       1       1       0       0       0       001010000D   2861
     102       0       0       1       0                  CCURVE     217D   2862
     110    2899       1       1       0       0       0       001010500D   2863
     110       0       0       2       0                    LINE     641D   2864
     110    2901       1       1       0       0       0       001010500D   2865
     110       0       0       2       0                    LINE     642D   2866
     110    2903       1       1       0       0       0       001010500D   2867
     110       0       0       1       0                    LINE     643D   2868
     110    2904       1       1       0       0       0       001010500D   2869
     110       0       0       2       0                    LINE     644D   2870
     102    2906       1       1       0       0       0       001010500D   2871
     102       0       0       1       0                  CCURVE     218D   2872
     142    2907       1       1       0       0       0       001010500D   2873
     142       0       0       1       0                  UV_BND     109D   2874
     144    2908       1       1       0       0       0       000000000D   2875
     144       0       0       1       0                 TRM_SRF      79D   2876
     128    2909       1       1       0       0       0       001010000D   2877
     128       0       0       4       0                  SPLSRF      41D   2878
     110    2913       1       1       0       0       0       001010000D   2879
     110       0       0       1       0                    LINE     645D   2880
     102    2914       1       1       0       0       0       001010000D   2881
     102       0       0       1       0                  CCURVE     219D   2882
     110    2915       1       1       0       0       0       001010500D   2883
     110       0       0       1       0                    LINE     646D   2884
     110    2916       1       1       0       0       0       001010500D   2885
     110       0       0       1       0                    LINE     647D   2886
     110    2917       1       1       0       0       0       001010500D   2887
     110       0       0       1       0                    LINE     648D   2888
     110    2918       1       1       0       0       0       001010500D   2889
     110       0       0       1       0                    LINE     649D   2890
     102    2919       1       1       0       0       0       001010500D   2891
     102       0       0       1       0                  CCURVE     220D   2892
     142    2920       1       1       0       0       0       001010500D   2893
     142       0       0       1       0                  UV_BND     110D   2894
     144    2921       1       1       0       0       0       000000000D   2895
     144       0       0       1       0                 TRM_SRF      80D   2896
     128    2922       1       1       0       0       0       001010000D   2897
     128       0       0       4       0                  SPLSRF      42D   2898
     110    2926       1       1       0       0       0       001010000D   2899
     110       0       0       1       0                    LINE     650D   2900
     102    2927       1       1       0       0       0       001010000D   2901
     102       0       0       1       0                  CCURVE     221D   2902
     110    2928       1       1       0       0       0       001010500D   2903
     110       0       0       1       0                    LINE     651D   2904
     110    2929       1       1       0       0       0       001010500D   2905
     110       0       0       1       0                    LINE     652D   2906
     110    2930       1       1       0       0       0       001010500D   2907
     110       0       0       1       0                    LINE     653D   2908
     110    2931       1       1       0       0       0       001010500D   2909
     110       0       0       1       0                    LINE     654D   2910
     102    2932       1       1       0       0       0       001010500D   2911
     102       0       0       1       0                  CCURVE     222D   2912
     142    2933       1       1       0       0       0       001010500D   2913
     142       0       0       1       0                  UV_BND     111D   2914
     144    2934       1       1       0       0       0       000000000D   2915
     144       0       0       1       0                 TRM_SRF      81D   2916
     128    2935       1       1       0       0       0       001010000D   2917
     128       0       0       4       0                  SPLSRF      43D   2918
     110    2939       1       1       0       0       0       001010000D   2919
     110       0       0       1       0                    LINE     655D   2920
     102    2940       1       1       0       0       0       001010000D   2921
     102       0       0       1       0                  CCURVE     223D   2922
     110    2941       1       1       0       0       0       001010500D   2923
     110       0       0       1       0                    LINE     656D   2924
     110    2942       1       1       0       0       0       001010500D   2925
     110       0       0       1       0                    LINE     657D   2926
     110    2943       1       1       0       0       0       001010500D   2927
     110       0       0       1       0                    LINE     658D   2928
     110    2944       1       1       0       0       0       001010500D   2929
     110       0       0       1       0                    LINE     659D   2930
     110    2945       1       1       0       0       0       001010500D   2931
     110       0       0       1       0                    LINE     660D   2932
     110    2946       1       1       0       0       0       001010500D   2933
     110       0       0       1       0                    LINE     661D   2934
     110    2947       1       1       0       0       0       001010500D   2935
     110       0       0       1       0                    LINE     662D   2936
     110    2948       1       1       0       0       0       001010500D   2937
     110       0       0       1       0                    LINE     663D   2938
     102    2949       1       1       0       0       0       001010500D   2939
     102       0       0       1       0                  CCURVE     224D   2940
     142    2950       1       1       0       0       0       001010500D   2941
     142       0       0       1       0                  UV_BND     112D   2942
     144    2951       1       1       0       0       0       000000000D   2943
     144       0       0       1       0                 TRM_SRF      82D   2944
     128    2952       1       1       0       0       0       001010000D   2945
     128       0       0       5       0                  SPLSRF      44D   2946
     110    2957       1       1       0       0       0       001010000D   2947
     110       0       0       1       0                    LINE     664D   2948
     102    2958       1       1       0       0       0       001010000D   2949
     102       0       0       1       0                  CCURVE     225D   2950
     110    2959       1       1       0       0       0       001010500D   2951
     110       0       0       1       0                    LINE     665D   2952
     110    2960       1       1       0       0       0       001010500D   2953
     110       0       0       1       0                    LINE     666D   2954
     110    2961       1       1       0       0       0       001010500D   2955
     110       0       0       1       0                    LINE     667D   2956
     110    2962       1       1       0       0       0       001010500D   2957
     110       0       0       1       0                    LINE     668D   2958
     102    2963       1       1       0       0       0       001010500D   2959
     102       0       0       1       0                  CCURVE     226D   2960
     142    2964       1       1       0       0       0       001010500D   2961
     142       0       0       1       0                  UV_BND     113D   2962
     144    2965       1       1       0       0       0       000000000D   2963
     144       0       0       1       0                 TRM_SRF      83D   2964
     110    2966       1       1       0       0       0       001010000D   2965
     110       0       0       1       0                    LINE     669D   2966
     110    2967       1       1       0       0       0       001010000D   2967
     110       0       0       1       0                    LINE     670D   2968
     120    2968       1       1       0       0       0       001010000D   2969
     120       0       0       1       0                    SREV      40D   2970
     102    2969       1       1       0       0       0       001010000D   2971
     102       0       0       1       0                  CCURVE     227D   2972
     110    2970       1       1       0       0       0       001010500D   2973
     110       0       0       2       0                    LINE     671D   2974
     110    2972       1       1       0       0       0       001010500D   2975
     110       0       0       2       0                    LINE     672D   2976
     110    2974       1       1       0       0       0       001010500D   2977
     110       0       0       2       0                    LINE     673D   2978
     110    2976       1       1       0       0       0       001010500D   2979
     110       0       0       2       0                    LINE     674D   2980
     102    2978       1       1       0       0       0       001010500D   2981
     102       0       0       1       0                  CCURVE     228D   2982
     142    2979       1       1       0       0       0       001010500D   2983
     142       0       0       1       0                  UV_BND     114D   2984
     144    2980       1       1       0       0       0       000000000D   2985
     144       0       0       1       0                 TRM_SRF      84D   2986
     128    2981       1       1       0       0       0       001010000D   2987
     128       0       0       5       0                  SPLSRF      45D   2988
     102    2986       1       1       0       0       0       001010000D   2989
     102       0       0       1       0                  CCURVE     229D   2990
     110    2987       1       1       0       0       0       001010500D   2991
     110       0       0       1       0                    LINE     675D   2992
     110    2988       1       1       0       0       0       001010500D   2993
     110       0       0       1       0                    LINE     676D   2994
     110    2989       1       1       0       0       0       001010500D   2995
     110       0       0       1       0                    LINE     677D   2996
     110    2990       1       1       0       0       0       001010500D   2997
     110       0       0       1       0                    LINE     678D   2998
     102    2991       1       1       0       0       0       001010500D   2999
     102       0       0       1       0                  CCURVE     230D   3000
     142    2992       1       1       0       0       0       001010500D   3001
     142       0       0       1       0                  UV_BND     115D   3002
     144    2993       1       1       0       0       0       000000000D   3003
     144       0       0       1       0                 TRM_SRF      85D   3004
     128    2994       1       1       0       0       0       001010000D   3005
     128       0       0       5       0                  SPLSRF      46D   3006
     102    2999       1       1       0       0       0       001010000D   3007
     102       0       0       1       0                  CCURVE     231D   3008
     110    3000       1       1       0       0       0       001010500D   3009
     110       0       0       1       0                    LINE     679D   3010
     110    3001       1       1       0       0       0       001010500D   3011
     110       0       0       1       0                    LINE     680D   3012
     110    3002       1       1       0       0       0       001010500D   3013
     110       0       0       1       0                    LINE     681D   3014
     110    3003       1       1       0       0       0       001010500D   3015
     110       0       0       1       0                    LINE     682D   3016
     102    3004       1       1       0       0       0       001010500D   3017
     102       0       0       1       0                  CCURVE     232D   3018
     142    3005       1       1       0       0       0       001010500D   3019
     142       0       0       1       0                  UV_BND     116D   3020
     144    3006       1       1       0       0       0       000000000D   3021
     144       0       0       1       0                 TRM_SRF      86D   3022
     110    3007       1       1       0       0       0       001010000D   3023
     110       0       0       1       0                    LINE     683D   3024
     110    3008       1       1       0       0       0       001010000D   3025
     110       0       0       1       0                    LINE     684D   3026
     120    3009       1       1       0       0       0       001010000D   3027
     120       0       0       1       0                    SREV      41D   3028
     102    3010       1       1       0       0       0       001010000D   3029
     102       0       0       1       0                  CCURVE     233D   3030
     110    3011       1       1       0       0       0       001010500D   3031
     110       0       0       2       0                    LINE     685D   3032
     110    3013       1       1       0       0       0       001010500D   3033
     110       0       0       2       0                    LINE     686D   3034
     110    3015       1       1       0       0       0       001010500D   3035
     110       0       0       2       0                    LINE     687D   3036
     110    3017       1       1       0       0       0       001010500D   3037
     110       0       0       2       0                    LINE     688D   3038
     102    3019       1       1       0       0       0       001010500D   3039
     102       0       0       1       0                  CCURVE     234D   3040
     142    3020       1       1       0       0       0       001010500D   3041
     142       0       0       1       0                  UV_BND     117D   3042
     144    3021       1       1       0       0       0       000000000D   3043
     144       0       0       1       0                 TRM_SRF      87D   3044
     128    3022       1       1       0       0       0       001010000D   3045
     128       0       0       5       0                  SPLSRF      47D   3046
     110    3027       1       1       0       0       0       001010000D   3047
     110       0       0       1       0                    LINE     689D   3048
     102    3028       1       1       0       0       0       001010000D   3049
     102       0       0       1       0                  CCURVE     235D   3050
     110    3029       1       1       0       0       0       001010500D   3051
     110       0       0       1       0                    LINE     690D   3052
     110    3030       1       1       0       0       0       001010500D   3053
     110       0       0       1       0                    LINE     691D   3054
     110    3031       1       1       0       0       0       001010500D   3055
     110       0       0       1       0                    LINE     692D   3056
     110    3032       1       1       0       0       0       001010500D   3057
     110       0       0       1       0                    LINE     693D   3058
     102    3033       1       1       0       0       0       001010500D   3059
     102       0       0       1       0                  CCURVE     236D   3060
     142    3034       1       1       0       0       0       001010500D   3061
     142       0       0       1       0                  UV_BND     118D   3062
     144    3035       1       1       0       0       0       000000000D   3063
     144       0       0       1       0                 TRM_SRF      88D   3064
     128    3036       1       1       0       0       0       001010000D   3065
     128       0       0       6       0                  SPLSRF      48D   3066
     110    3042       1       1       0       0       0       001010000D   3067
     110       0       0       1       0                    LINE     694D   3068
     102    3043       1       1       0       0       0       001010000D   3069
     102       0       0       1       0                  CCURVE     237D   3070
     110    3044       1       1       0       0       0       001010500D   3071
     110       0       0       1       0                    LINE     695D   3072
     110    3045       1       1       0       0       0       001010500D   3073
     110       0       0       1       0                    LINE     696D   3074
     126    3046       1       1       0       0       0       001010500D   3075
     126       0       0      12       0                B_SPLINE      86D   3076
     110    3058       1       1       0       0       0       001010500D   3077
     110       0       0       1       0                    LINE     697D   3078
     102    3059       1       1       0       0       0       001010500D   3079
     102       0       0       1       0                  CCURVE     238D   3080
     142    3060       1       1       0       0       0       001010500D   3081
     142       0       0       1       0                  UV_BND     119D   3082
     144    3061       1       1       0       0       0       000000000D   3083
     144       0       0       1       0                 TRM_SRF      89D   3084
     128    3062       1       1       0       0       0       001010000D   3085
     128       0       0       5       0                  SPLSRF      49D   3086
     102    3067       1       1       0       0       0       001010000D   3087
     102       0       0       1       0                  CCURVE     239D   3088
     110    3068       1       1       0       0       0       001010500D   3089
     110       0       0       1       0                    LINE     698D   3090
     110    3069       1       1       0       0       0       001010500D   3091
     110       0       0       1       0                    LINE     699D   3092
     110    3070       1       1       0       0       0       001010500D   3093
     110       0       0       1       0                    LINE     700D   3094
     110    3071       1       1       0       0       0       001010500D   3095
     110       0       0       1       0                    LINE     701D   3096
     102    3072       1       1       0       0       0       001010500D   3097
     102       0       0       1       0                  CCURVE     240D   3098
     142    3073       1       1       0       0       0       001010500D   3099
     142       0       0       1       0                  UV_BND     120D   3100
     144    3074       1       1       0       0       0       000000000D   3101
     144       0       0       1       0                 TRM_SRF      90D   3102
     110    3075       1       1       0       0       0       001010000D   3103
     110       0       0       1       0                    LINE     702D   3104
     110    3076       1       1       0       0       0       001010000D   3105
     110       0       0       1       0                    LINE     703D   3106
     120    3077       1       1       0       0       0       001010000D   3107
     120       0       0       1       0                    SREV      42D   3108
     124    3078       1       1       0       0       0       001000000D   3109
     124       0       0       2       0                   XFORM     113D   3110
     100    3080       1       1       0       0    3109       001010000D   3111
     100       0       0       1       0                     ARC     113D   3112
     102    3081       1       1       0       0       0       001010000D   3113
     102       0       0       1       0                  CCURVE     241D   3114
     110    3082       1       1       0       0       0       001010500D   3115
     110       0       0       2       0                    LINE     704D   3116
     110    3084       1       1       0       0       0       001010500D   3117
     110       0       0       2       0                    LINE     705D   3118
     110    3086       1       1       0       0       0       001010500D   3119
     110       0       0       2       0                    LINE     706D   3120
     110    3088       1       1       0       0       0       001010500D   3121
     110       0       0       2       0                    LINE     707D   3122
     102    3090       1       1       0       0       0       001010500D   3123
     102       0       0       1       0                  CCURVE     242D   3124
     142    3091       1       1       0       0       0       001010500D   3125
     142       0       0       1       0                  UV_BND     121D   3126
     144    3092       1       1       0       0       0       000000000D   3127
     144       0       0       1       0                 TRM_SRF      91D   3128
     128    3093       1       1       0       0       0       001010000D   3129
     128       0       0       5       0                  SPLSRF      50D   3130
     110    3098       1       1       0       0       0       001010000D   3131
     110       0       0       1       0                    LINE     708D   3132
     102    3099       1       1       0       0       0       001010000D   3133
     102       0       0       1       0                  CCURVE     243D   3134
     110    3100       1       1       0       0       0       001010500D   3135
     110       0       0       1       0                    LINE     709D   3136
     110    3101       1       1       0       0       0       001010500D   3137
     110       0       0       1       0                    LINE     710D   3138
     110    3102       1       1       0       0       0       001010500D   3139
     110       0       0       1       0                    LINE     711D   3140
     110    3103       1       1       0       0       0       001010500D   3141
     110       0       0       1       0                    LINE     712D   3142
     102    3104       1       1       0       0       0       001010500D   3143
     102       0       0       1       0                  CCURVE     244D   3144
     142    3105       1       1       0       0       0       001010500D   3145
     142       0       0       1       0                  UV_BND     122D   3146
     144    3106       1       1       0       0       0       000000000D   3147
     144       0       0       1       0                 TRM_SRF      92D   3148
     110    3107       1       1       0       0       0       001010000D   3149
     110       0       0       2       0                    LINE     713D   3150
     110    3109       1       1       0       0       0       001010000D   3151
     110       0       0       1       0                    LINE     714D   3152
     120    3110       1       1       0       0       0       001010000D   3153
     120       0       0       1       0                    SREV      43D   3154
     102    3111       1       1       0       0       0       001010000D   3155
     102       0       0       1       0                  CCURVE     245D   3156
     110    3112       1       1       0       0       0       001010500D   3157
     110       0       0       2       0                    LINE     715D   3158
     110    3114       1       1       0       0       0       001010500D   3159
     110       0       0       2       0                    LINE     716D   3160
     110    3116       1       1       0       0       0       001010500D   3161
     110       0       0       1       0                    LINE     717D   3162
     110    3117       1       1       0       0       0       001010500D   3163
     110       0       0       2       0                    LINE     718D   3164
     102    3119       1       1       0       0       0       001010500D   3165
     102       0       0       1       0                  CCURVE     246D   3166
     142    3120       1       1       0       0       0       001010500D   3167
     142       0       0       1       0                  UV_BND     123D   3168
     144    3121       1       1       0       0       0       000000000D   3169
     144       0       0       1       0                 TRM_SRF      93D   3170
     128    3122       1       1       0       0       0       001010000D   3171
     128       0       0       5       0                  SPLSRF      51D   3172
     110    3127       1       1       0       0       0       001010000D   3173
     110       0       0       1       0                    LINE     719D   3174
     102    3128       1       1       0       0       0       001010000D   3175
     102       0       0       1       0                  CCURVE     247D   3176
     110    3129       1       1       0       0       0       001010500D   3177
     110       0       0       1       0                    LINE     720D   3178
     110    3130       1       1       0       0       0       001010500D   3179
     110       0       0       1       0                    LINE     721D   3180
     110    3131       1       1       0       0       0       001010500D   3181
     110       0       0       1       0                    LINE     722D   3182
     110    3132       1       1       0       0       0       001010500D   3183
     110       0       0       1       0                    LINE     723D   3184
     102    3133       1       1       0       0       0       001010500D   3185
     102       0       0       1       0                  CCURVE     248D   3186
     142    3134       1       1       0       0       0       001010500D   3187
     142       0       0       1       0                  UV_BND     124D   3188
     144    3135       1       1       0       0       0       000000000D   3189
     144       0       0       1       0                 TRM_SRF      94D   3190
124,1D0,0D0,0D0,5.156D0,0D0,-1D0,0D0,-1.5D0,0D0,0D0,-1D0,-1D0;         1P      1
100,0D0,0D0,0D0,2.825D-1,0D0,-2.825D-1,0D0;                            3P      2
124,-1D0,0D0,0D0,5.156D0,0D0,1D0,0D0,-1.5D0,0D0,0D0,-1D0,-1D0;         5P      3
100,0D0,0D0,0D0,2.825D-1,0D0,-2.825D-1,0D0;                            7P      4
124,1D0,0D0,0D0,5.156D0,0D0,-1D0,0D0,0D0,0D0,0D0,-1D0,-1D0;            9P      5
100,0D0,0D0,0D0,2.505D-1,0D0,-2.505D-1,0D0;                           11P      6
124,-1D0,0D0,0D0,5.156D0,0D0,1D0,0D0,0D0,0D0,0D0,-1D0,-1D0;           13P      7
100,0D0,0D0,0D0,2.505D-1,0D0,-2.505D-1,0D0;                           15P      8
124,1D0,0D0,0D0,5.156D0,0D0,-1D0,0D0,1.5D0,0D0,0D0,-1D0,-1D0;         17P      9
100,0D0,0D0,0D0,2.825D-1,0D0,-2.825D-1,0D0;                           19P     10
124,-1D0,0D0,0D0,5.156D0,0D0,1D0,0D0,1.5D0,0D0,0D0,-1D0,-1D0;         21P     11
100,0D0,0D0,0D0,2.825D-1,0D0,-2.825D-1,0D0;                           23P     12
124,1D0,0D0,0D0,3.672D0,0D0,-1D0,0D0,0D0,0D0,0D0,-1D0,-1D0;           25P     13
100,0D0,0D0,0D0,3.75D-1,0D0,-3.75D-1,0D0;                             27P     14
124,-1D0,0D0,0D0,3.672D0,0D0,1D0,0D0,0D0,0D0,0D0,-1D0,-1D0;           29P     15
100,0D0,0D0,0D0,3.75D-1,0D0,-3.75D-1,0D0;                             31P     16
124,1D0,0D0,0D0,4.218D0,0D0,-1D0,0D0,1.75D0,0D0,0D0,-1D0,-1D0;        33P     17
100,0D0,0D0,0D0,1.875D-1,0D0,-1.875D-1,0D0;                           35P     18
124,-1D0,0D0,0D0,4.218D0,0D0,1D0,0D0,1.75D0,0D0,0D0,-1D0,-1D0;        37P     19
100,0D0,0D0,0D0,1.875D-1,0D0,-1.875D-1,0D0;                           39P     20
124,1D0,0D0,0D0,4.218D0,0D0,-1D0,0D0,-1.75D0,0D0,0D0,-1D0,-1D0;       41P     21
100,0D0,0D0,0D0,1.875D-1,0D0,-1.875D-1,0D0;                           43P     22
124,-1D0,0D0,0D0,4.218D0,0D0,1D0,0D0,-1.75D0,0D0,0D0,-1D0,-1D0;       45P     23
100,0D0,0D0,0D0,1.875D-1,0D0,-1.875D-1,0D0;                           47P     24
124,1D0,0D0,0D0,-1.532D0,0D0,-1D0,0D0,-1.75D0,0D0,0D0,-1D0,-1D0;      49P     25
100,0D0,0D0,0D0,1.875D-1,0D0,-1.875D-1,0D0;                           51P     26
124,-1D0,0D0,0D0,-1.532D0,0D0,1D0,0D0,-1.75D0,0D0,0D0,-1D0,-1D0;      53P     27
100,0D0,0D0,0D0,1.875D-1,0D0,-1.875D-1,0D0;                           55P     28
124,1D0,0D0,0D0,-1.532D0,0D0,-1D0,0D0,1.75D0,0D0,0D0,-1D0,-1D0;       57P     29
100,0D0,0D0,0D0,1.875D-1,0D0,-1.875D-1,0D0;                           59P     30
124,-1D0,0D0,0D0,-1.532D0,0D0,1D0,0D0,1.75D0,0D0,0D0,-1D0,-1D0;       61P     31
100,0D0,0D0,0D0,1.875D-1,0D0,-1.875D-1,0D0;                           63P     32
124,1D0,0D0,0D0,0D0,0D0,-1D0,0D0,0D0,0D0,0D0,-1D0,-1D0;               65P     33
100,0D0,0D0,0D0,9.615D-1,0D0,-9.615D-1,0D0;                           67P     34
124,-1D0,0D0,0D0,0D0,0D0,1D0,0D0,0D0,0D0,0D0,-1D0,-1D0;               69P     35
100,0D0,0D0,0D0,9.615D-1,0D0,-9.615D-1,0D0;                           71P     36
110,-3.032D0,-7.5D-1,-1D0,-2.562D0,-7.5D-1,-1D0;                      73P     37
124,0D0,1D0,0D0,-2.562D0,1D0,0D0,0D0,-8.75D-1,0D0,0D0,-1D0,-1D0;      75P     38
100,0D0,0D0,0D0,1.25D-1,0D0,-1.25D-1,0D0;                             77P     39
110,-3.032D0,-1D0,-1D0,-2.562D0,-1D0,-1D0;                            79P     40
110,-3.032D0,-1D0,-1D0,-3.032D0,-2.005D0,-1D0;                        81P     41
110,-2.912D0,-2.125D0,-1D0,5.598D0,-2.125D0,-1D0;                     83P     42
110,5.718D0,-2.005D0,-1D0,5.718D0,2.005D0,-1D0;                       85P     43
110,5.598D0,2.125D0,-1D0,-2.912D0,2.125D0,-1D0;                       87P     44
110,-3.032D0,2.005D0,-1D0,-3.032D0,1.656D0,-1D0;                      89P     45
110,-3.032D0,1.656D0,-1D0,-2.375D0,1.656D0,-1D0;                      91P     46
124,0D0,1D0,0D0,-2.375D0,1D0,0D0,0D0,1.375D0,0D0,0D0,-1D0,-1D0;       93P     47
100,0D0,0D0,0D0,2.81D-1,0D0,-2.81D-1,0D0;                             95P     48
110,-3.032D0,1.094D0,-1D0,-2.375D0,1.094D0,-1D0;                      97P     49
110,-3.032D0,1.094D0,-1D0,-3.032D0,2.5D-1,-1D0;                       99P     50
110,-3.032D0,2.5D-1,-1D0,-2.469D0,2.5D-1,-1D0;                       101P     51
124,0D0,1D0,0D0,-2.469D0,1D0,0D0,0D0,0D0,0D0,0D0,-1D0,-1D0;          103P     52
100,0D0,0D0,0D0,2.5D-1,0D0,-2.5D-1,0D0;                              105P     53
110,-3.032D0,-2.5D-1,-1D0,-2.469D0,-2.5D-1,-1D0;                     107P     54
110,-3.032D0,-2.5D-1,-1D0,-3.032D0,-7.5D-1,-1D0;                     109P     55
110,5.4385D0,-1.5D0,-2.5D-1,5.4385D0,-1.5D0,-1D0;                    111P     56
110,4.8735D0,-1.5D0,-2.5D-1,4.8735D0,-1.5D0,-1D0;                    113P     57
110,-1.402D0,9.95D-1,-2.5D-1,-1.402D0,-9.95D-1,-2.5D-1;              115P     58
110,-7.72D-1,-1.625D0,-2.5D-1,3.468D0,-1.625D0,-2.5D-1;              117P     59
110,4.098D0,-9.95D-1,-2.5D-1,4.098D0,9.95D-1,-2.5D-1;                119P     60
110,3.468D0,1.625D0,-2.5D-1,-7.72D-1,1.625D0,-2.5D-1;                121P     61
124,1D0,0D0,0D0,5.156D0,0D0,-1D0,0D0,-1.5D0,0D0,0D0,-1D0,            123P     62
-2.5D-1;                                                             123P     63
100,0D0,0D0,0D0,2.825D-1,0D0,-2.825D-1,0D0;                          125P     64
124,-1D0,0D0,0D0,5.156D0,0D0,1D0,0D0,-1.5D0,0D0,0D0,-1D0,            127P     65
-2.5D-1;                                                             127P     66
100,0D0,0D0,0D0,2.825D-1,0D0,-2.825D-1,0D0;                          129P     67
124,1D0,0D0,0D0,5.156D0,0D0,-1D0,0D0,0D0,0D0,0D0,-1D0,-2.5D-1;       131P     68
100,0D0,0D0,0D0,2.505D-1,0D0,-2.505D-1,0D0;                          133P     69
124,-1D0,0D0,0D0,5.156D0,0D0,1D0,0D0,0D0,0D0,0D0,-1D0,-2.5D-1;       135P     70
100,0D0,0D0,0D0,2.505D-1,0D0,-2.505D-1,0D0;                          137P     71
124,1D0,0D0,0D0,5.156D0,0D0,-1D0,0D0,1.5D0,0D0,0D0,-1D0,-2.5D-1;     139P     72
100,0D0,0D0,0D0,2.825D-1,0D0,-2.825D-1,0D0;                          141P     73
124,-1D0,0D0,0D0,5.156D0,0D0,1D0,0D0,1.5D0,0D0,0D0,-1D0,-2.5D-1;     143P     74
100,0D0,0D0,0D0,2.825D-1,0D0,-2.825D-1,0D0;                          145P     75
124,-1D0,0D0,0D0,4.218D0,0D0,-1D0,0D0,1.75D0,0D0,0D0,1D0,            147P     76
-2.5D-1;                                                             147P     77
100,0D0,0D0,0D0,1.015D-1,0D0,-1.015D-1,0D0;                          149P     78
124,1D0,0D0,0D0,4.218D0,0D0,1D0,0D0,1.75D0,0D0,0D0,1D0,-2.5D-1;      151P     79
100,0D0,0D0,0D0,1.015D-1,0D0,-1.015D-1,0D0;                          153P     80
124,-1D0,0D0,0D0,4.218D0,0D0,-1D0,0D0,-1.75D0,0D0,0D0,1D0,           155P     81
-2.5D-1;                                                             155P     82
100,0D0,0D0,0D0,1.015D-1,0D0,-1.015D-1,0D0;                          157P     83
124,1D0,0D0,0D0,4.218D0,0D0,1D0,0D0,-1.75D0,0D0,0D0,1D0,-2.5D-1;     159P     84
100,0D0,0D0,0D0,1.015D-1,0D0,-1.015D-1,0D0;                          161P     85
124,-1D0,0D0,0D0,-1.532D0,0D0,-1D0,0D0,-1.75D0,0D0,0D0,1D0,          163P     86
-2.5D-1;                                                             163P     87
100,0D0,0D0,0D0,1.015D-1,0D0,-1.015D-1,0D0;                          165P     88
124,1D0,0D0,0D0,-1.532D0,0D0,1D0,0D0,-1.75D0,0D0,0D0,1D0,            167P     89
-2.5D-1;                                                             167P     90
100,0D0,0D0,0D0,1.015D-1,0D0,-1.015D-1,0D0;                          169P     91
124,-1D0,0D0,0D0,-1.532D0,0D0,-1D0,0D0,1.75D0,0D0,0D0,1D0,           171P     92
-2.5D-1;                                                             171P     93
100,0D0,0D0,0D0,1.015D-1,0D0,-1.015D-1,0D0;                          173P     94
124,1D0,0D0,0D0,-1.532D0,0D0,1D0,0D0,1.75D0,0D0,0D0,1D0,-2.5D-1;     175P     95
100,0D0,0D0,0D0,1.015D-1,0D0,-1.015D-1,0D0;                          177P     96
110,-1.682D0,1.369D0,-2.5D-1,-1.151D0,1.9D0,-2.5D-1;                 179P     97
110,-1.682D0,-1.369D0,-2.5D-1,-1.682D0,1.369D0,-2.5D-1;              181P     98
110,-1.151D0,-1.9D0,-2.5D-1,-1.682D0,-1.369D0,-2.5D-1;               183P     99
110,3.837D0,-1.9D0,-2.5D-1,-1.151D0,-1.9D0,-2.5D-1;                  185P    100
110,4.368D0,-1.369D0,-2.5D-1,3.837D0,-1.9D0,-2.5D-1;                 187P    101
110,4.368D0,1.369D0,-2.5D-1,4.368D0,-1.369D0,-2.5D-1;                189P    102
110,3.837D0,1.9D0,-2.5D-1,4.368D0,1.369D0,-2.5D-1;                   191P    103
110,-1.151D0,1.9D0,-2.5D-1,3.837D0,1.9D0,-2.5D-1;                    193P    104
110,3.797442604793D0,-1.8045D0,-2.5D-1,4.2725D0,                     195P    105
-1.329442604793D0,-2.5D-1;                                           195P    106
110,-1.111442604793D0,-1.8045D0,-2.5D-1,3.797442604793D0,            197P    107
-1.8045D0,-2.5D-1;                                                   197P    108
110,-1.5865D0,-1.329442604793D0,-2.5D-1,-1.111442604793D0,           199P    109
-1.8045D0,-2.5D-1;                                                   199P    110
110,-1.5865D0,1.329442604793D0,-2.5D-1,-1.5865D0,                    201P    111
-1.329442604793D0,-2.5D-1;                                           201P    112
110,-1.111442604793D0,1.8045D0,-2.5D-1,-1.5865D0,                    203P    113
1.329442604793D0,-2.5D-1;                                            203P    114
110,3.797442604793D0,1.8045D0,-2.5D-1,-1.111442604793D0,             205P    115
1.8045D0,-2.5D-1;                                                    205P    116
110,4.2725D0,1.329442604793D0,-2.5D-1,3.797442604793D0,1.8045D0,     207P    117
-2.5D-1;                                                             207P    118
110,4.2725D0,-1.329442604793D0,-2.5D-1,4.2725D0,                     209P    119
1.329442604793D0,-2.5D-1;                                            209P    120
110,-2.912D0,-2.125D0,-2.5D-1,5.598D0,-2.125D0,-2.5D-1;              211P    121
110,-3.032D0,-2.5D-1,-2.5D-1,-3.032D0,-2.005D0,-2.5D-1;              213P    122
110,-2.469D0,-2.5D-1,-2.5D-1,-3.032D0,-2.5D-1,-2.5D-1;               215P    123
124,0D0,1D0,0D0,-2.469D0,-1D0,0D0,0D0,0D0,0D0,0D0,1D0,-2.5D-1;       217P    124
100,0D0,0D0,0D0,2.5D-1,0D0,-2.5D-1,0D0;                              219P    125
110,-3.032D0,2.5D-1,-2.5D-1,-2.469D0,2.5D-1,-2.5D-1;                 221P    126
110,-3.032D0,1.094D0,-2.5D-1,-3.032D0,2.5D-1,-2.5D-1;                223P    127
110,-2.375D0,1.094D0,-2.5D-1,-3.032D0,1.094D0,-2.5D-1;               225P    128
124,0D0,1D0,0D0,-2.375D0,-1D0,0D0,0D0,1.375D0,0D0,0D0,1D0,           227P    129
-2.5D-1;                                                             227P    130
100,0D0,0D0,0D0,2.81D-1,0D0,-2.81D-1,0D0;                            229P    131
110,-3.032D0,1.656D0,-2.5D-1,-2.375D0,1.656D0,-2.5D-1;               231P    132
110,-3.032D0,2.005D0,-2.5D-1,-3.032D0,1.656D0,-2.5D-1;               233P    133
110,5.598D0,2.125D0,-2.5D-1,-2.912D0,2.125D0,-2.5D-1;                235P    134
110,5.718D0,-2.005D0,-2.5D-1,5.718D0,2.005D0,-2.5D-1;                237P    135
110,-1.402D0,9.95D-1,-2.5D-1,-1.402D0,9.95D-1,0D0;                   239P    136
110,-1.402D0,9.95D-1,-2.5D-1,-7.72D-1,1.625D0,-2.5D-1;               241P    137
110,-7.72D-1,1.625D0,-2.5D-1,-7.72D-1,1.625D0,0D0;                   243P    138
110,-1.402D0,9.95D-1,0D0,-7.72D-1,1.625D0,0D0;                       245P    139
110,3.468D0,1.625D0,-2.5D-1,3.468D0,1.625D0,0D0;                     247P    140
110,3.468D0,1.625D0,-2.5D-1,4.098D0,9.95D-1,-2.5D-1;                 249P    141
110,4.098D0,9.95D-1,-2.5D-1,4.098D0,9.95D-1,0D0;                     251P    142
110,3.468D0,1.625D0,0D0,4.098D0,9.95D-1,0D0;                         253P    143
110,4.098D0,-9.95D-1,-2.5D-1,4.098D0,-9.95D-1,0D0;                   255P    144
110,4.098D0,-9.95D-1,-2.5D-1,3.468D0,-1.625D0,-2.5D-1;               257P    145
110,3.468D0,-1.625D0,-2.5D-1,3.468D0,-1.625D0,0D0;                   259P    146
110,4.098D0,-9.95D-1,0D0,3.468D0,-1.625D0,0D0;                       261P    147
110,-7.72D-1,-1.625D0,-2.5D-1,-7.72D-1,-1.625D0,0D0;                 263P    148
110,-7.72D-1,-1.625D0,-2.5D-1,-1.402D0,-9.95D-1,-2.5D-1;             265P    149
110,-1.402D0,-9.95D-1,-2.5D-1,-1.402D0,-9.95D-1,0D0;                 267P    150
110,-7.72D-1,-1.625D0,0D0,-1.402D0,-9.95D-1,0D0;                     269P    151
110,-1.402D0,9.95D-1,0D0,-1.402D0,-9.95D-1,0D0;                      271P    152
110,3.468D0,1.625D0,0D0,-7.72D-1,1.625D0,0D0;                        273P    153
110,4.098D0,-9.95D-1,0D0,4.098D0,9.95D-1,0D0;                        275P    154
110,-7.72D-1,-1.625D0,0D0,3.468D0,-1.625D0,0D0;                      277P    155
124,1D0,0D0,0D0,3.672D0,0D0,-1D0,0D0,0D0,0D0,0D0,-1D0,0D0;           279P    156
100,0D0,0D0,0D0,1.695D-1,0D0,-1.695D-1,0D0;                          281P    157
124,-1D0,0D0,0D0,3.672D0,0D0,1D0,0D0,0D0,0D0,0D0,-1D0,0D0;           283P    158
100,0D0,0D0,0D0,1.695D-1,0D0,-1.695D-1,0D0;                          285P    159
124,1D0,0D0,0D0,0D0,0D0,1D0,0D0,0D0,0D0,0D0,1D0,0D0;                 287P    160
100,0D0,0D0,0D0,7.796745221963D-1,0D0,-7.796745221963D-1,0D0;        289P    161
124,-1D0,0D0,0D0,0D0,0D0,-1D0,0D0,0D0,0D0,0D0,1D0,0D0;               291P    162
100,0D0,0D0,0D0,7.796745221963D-1,0D0,-7.796745221963D-1,0D0;        293P    163
110,3.8415D0,0D0,0D0,3.8415D0,0D0,-1.25D-1;                          295P    164
124,-1D0,0D0,0D0,3.672D0,0D0,-1D0,0D0,0D0,0D0,0D0,1D0,-1.25D-1;      297P    165
100,0D0,0D0,0D0,3.75D-1,0D0,-3.75D-1,0D0;                            299P    166
124,1D0,0D0,0D0,3.672D0,0D0,1D0,0D0,0D0,0D0,0D0,1D0,-1.25D-1;        301P    167
100,0D0,0D0,0D0,3.75D-1,0D0,-3.75D-1,0D0;                            303P    168
124,1D0,0D0,0D0,3.672D0,0D0,-1D0,0D0,0D0,0D0,0D0,-1D0,-1.25D-1;      305P    169
100,0D0,0D0,0D0,1.695D-1,0D0,-1.695D-1,0D0;                          307P    170
124,-1D0,0D0,0D0,3.672D0,0D0,1D0,0D0,0D0,0D0,0D0,-1D0,-1.25D-1;      309P    171
100,0D0,0D0,0D0,1.695D-1,0D0,-1.695D-1,0D0;                          311P    172
110,3.297D0,0D0,-1D0,3.297D0,0D0,-1.25D-1;                           313P    173
110,4.047D0,0D0,-1D0,4.047D0,0D0,-1.25D-1;                           315P    174
110,3.5025D0,0D0,0D0,3.5025D0,0D0,-1.25D-1;                          317P    175
124,-1D0,0D0,0D0,0D0,0D0,1D0,0D0,0D0,0D0,0D0,-1D0,-3.44D-1;          319P    176
100,0D0,0D0,0D0,6.875D-1,0D0,-6.875D-1,0D0;                          321P    177
110,-6.875D-1,0D0,-3.44D-1,-7.796745221963D-1,0D0,0D0;               323P    178
124,1D0,0D0,0D0,0D0,0D0,-1D0,0D0,0D0,0D0,0D0,-1D0,-3.44D-1;          325P    179
100,0D0,0D0,0D0,6.875D-1,0D0,-6.875D-1,0D0;                          327P    180
110,6.875D-1,0D0,-3.44D-1,7.796745221963D-1,0D0,0D0;                 329P    181
124,-1D0,0D0,0D0,0D0,0D0,-1D0,0D0,0D0,0D0,0D0,1D0,-3.44D-1;          331P    182
100,0D0,0D0,0D0,7.975D-1,0D0,-7.975D-1,0D0;                          333P    183
124,1D0,0D0,0D0,0D0,0D0,1D0,0D0,0D0,0D0,0D0,1D0,-3.44D-1;            335P    184
100,0D0,0D0,0D0,7.975D-1,0D0,-7.975D-1,0D0;                          337P    185
110,-7.975D-1,0D0,-5D-1,-7.975D-1,0D0,-3.44D-1;                      339P    186
124,-1D0,0D0,0D0,0D0,0D0,-1D0,0D0,0D0,0D0,0D0,1D0,-5D-1;             341P    187
100,0D0,0D0,0D0,8.8D-1,0D0,-8.8D-1,0D0;                              343P    188
124,1D0,0D0,0D0,0D0,0D0,1D0,0D0,0D0,0D0,0D0,1D0,-5D-1;               345P    189
100,0D0,0D0,0D0,8.8D-1,0D0,-8.8D-1,0D0;                              347P    190
124,1D0,0D0,0D0,0D0,0D0,-1D0,0D0,0D0,0D0,0D0,-1D0,-5D-1;             349P    191
100,0D0,0D0,0D0,7.975D-1,0D0,-7.975D-1,0D0;                          351P    192
124,-1D0,0D0,0D0,0D0,0D0,1D0,0D0,0D0,0D0,0D0,-1D0,-5D-1;             353P    193
100,0D0,0D0,0D0,7.975D-1,0D0,-7.975D-1,0D0;                          355P    194
110,-8.8D-1,0D0,-6.56D-1,-8.8D-1,0D0,-5D-1;                          357P    195
124,-1D0,0D0,0D0,0D0,0D0,-1D0,0D0,0D0,0D0,0D0,1D0,-6.56D-1;          359P    196
100,0D0,0D0,0D0,9.615D-1,0D0,-9.615D-1,0D0;                          361P    197
124,1D0,0D0,0D0,0D0,0D0,1D0,0D0,0D0,0D0,0D0,1D0,-6.56D-1;            363P    198
100,0D0,0D0,0D0,9.615D-1,0D0,-9.615D-1,0D0;                          365P    199
124,1D0,0D0,0D0,0D0,0D0,-1D0,0D0,0D0,0D0,0D0,-1D0,-6.56D-1;          367P    200
100,0D0,0D0,0D0,8.8D-1,0D0,-8.8D-1,0D0;                              369P    201
124,-1D0,0D0,0D0,0D0,0D0,1D0,0D0,0D0,0D0,0D0,-1D0,-6.56D-1;          371P    202
100,0D0,0D0,0D0,8.8D-1,0D0,-8.8D-1,0D0;                              373P    203
110,-9.615D-1,0D0,-1D0,-9.615D-1,0D0,-6.56D-1;                       375P    204
110,9.615D-1,0D0,-1D0,9.615D-1,0D0,-6.56D-1;                         377P    205
110,8.8D-1,0D0,-6.56D-1,8.8D-1,0D0,-5D-1;                            379P    206
110,7.975D-1,0D0,-5D-1,7.975D-1,0D0,-3.44D-1;                        381P    207
110,5.4065D0,0D0,-2.5D-1,5.4065D0,0D0,-1D0;                          383P    208
110,4.9055D0,0D0,-2.5D-1,4.9055D0,0D0,-1D0;                          385P    209
110,5.4385D0,1.5D0,-2.5D-1,5.4385D0,1.5D0,-1D0;                      387P    210
110,4.8735D0,1.5D0,-2.5D-1,4.8735D0,1.5D0,-1D0;                      389P    211
110,4.1165D0,1.75D0,-5D-1,4.1165D0,1.75D0,-2.5D-1;                   391P    212
124,-1D0,0D0,0D0,4.218D0,0D0,-1D0,0D0,1.75D0,0D0,0D0,1D0,-5D-1;      393P    213
100,0D0,0D0,0D0,1.875D-1,0D0,-1.875D-1,0D0;                          395P    214
124,1D0,0D0,0D0,4.218D0,0D0,1D0,0D0,1.75D0,0D0,0D0,1D0,-5D-1;        397P    215
100,0D0,0D0,0D0,1.875D-1,0D0,-1.875D-1,0D0;                          399P    216
124,1D0,0D0,0D0,4.218D0,0D0,-1D0,0D0,1.75D0,0D0,0D0,-1D0,-5D-1;      401P    217
100,0D0,0D0,0D0,1.015D-1,0D0,-1.015D-1,0D0;                          403P    218
124,-1D0,0D0,0D0,4.218D0,0D0,1D0,0D0,1.75D0,0D0,0D0,-1D0,-5D-1;      405P    219
100,0D0,0D0,0D0,1.015D-1,0D0,-1.015D-1,0D0;                          407P    220
110,4.0305D0,1.75D0,-1D0,4.0305D0,1.75D0,-5D-1;                      409P    221
110,4.4055D0,1.75D0,-1D0,4.4055D0,1.75D0,-5D-1;                      411P    222
110,4.3195D0,1.75D0,-5D-1,4.3195D0,1.75D0,-2.5D-1;                   413P    223
110,4.1165D0,-1.75D0,-5D-1,4.1165D0,-1.75D0,-2.5D-1;                 415P    224
124,-1D0,0D0,0D0,4.218D0,0D0,-1D0,0D0,-1.75D0,0D0,0D0,1D0,-5D-1;     417P    225
100,0D0,0D0,0D0,1.875D-1,0D0,-1.875D-1,0D0;                          419P    226
124,1D0,0D0,0D0,4.218D0,0D0,1D0,0D0,-1.75D0,0D0,0D0,1D0,-5D-1;       421P    227
100,0D0,0D0,0D0,1.875D-1,0D0,-1.875D-1,0D0;                          423P    228
124,1D0,0D0,0D0,4.218D0,0D0,-1D0,0D0,-1.75D0,0D0,0D0,-1D0,-5D-1;     425P    229
100,0D0,0D0,0D0,1.015D-1,0D0,-1.015D-1,0D0;                          427P    230
124,-1D0,0D0,0D0,4.218D0,0D0,1D0,0D0,-1.75D0,0D0,0D0,-1D0,-5D-1;     429P    231
100,0D0,0D0,0D0,1.015D-1,0D0,-1.015D-1,0D0;                          431P    232
110,4.0305D0,-1.75D0,-1D0,4.0305D0,-1.75D0,-5D-1;                    433P    233
110,4.4055D0,-1.75D0,-1D0,4.4055D0,-1.75D0,-5D-1;                    435P    234
110,4.3195D0,-1.75D0,-5D-1,4.3195D0,-1.75D0,-2.5D-1;                 437P    235
110,-1.6335D0,-1.75D0,-5D-1,-1.6335D0,-1.75D0,-2.5D-1;               439P    236
124,-1D0,0D0,0D0,-1.532D0,0D0,-1D0,0D0,-1.75D0,0D0,0D0,1D0,          441P    237
-5D-1;                                                               441P    238
100,0D0,0D0,0D0,1.875D-1,0D0,-1.875D-1,0D0;                          443P    239
124,1D0,0D0,0D0,-1.532D0,0D0,1D0,0D0,-1.75D0,0D0,0D0,1D0,-5D-1;      445P    240
100,0D0,0D0,0D0,1.875D-1,0D0,-1.875D-1,0D0;                          447P    241
124,1D0,0D0,0D0,-1.532D0,0D0,-1D0,0D0,-1.75D0,0D0,0D0,-1D0,          449P    242
-5D-1;                                                               449P    243
100,0D0,0D0,0D0,1.015D-1,0D0,-1.015D-1,0D0;                          451P    244
124,-1D0,0D0,0D0,-1.532D0,0D0,1D0,0D0,-1.75D0,0D0,0D0,-1D0,          453P    245
-5D-1;                                                               453P    246
100,0D0,0D0,0D0,1.015D-1,0D0,-1.015D-1,0D0;                          455P    247
110,-1.7195D0,-1.75D0,-1D0,-1.7195D0,-1.75D0,-5D-1;                  457P    248
110,-1.3445D0,-1.75D0,-1D0,-1.3445D0,-1.75D0,-5D-1;                  459P    249
110,-1.4305D0,-1.75D0,-5D-1,-1.4305D0,-1.75D0,-2.5D-1;               461P    250
110,-1.6335D0,1.75D0,-5D-1,-1.6335D0,1.75D0,-2.5D-1;                 463P    251
124,-1D0,0D0,0D0,-1.532D0,0D0,-1D0,0D0,1.75D0,0D0,0D0,1D0,-5D-1;     465P    252
100,0D0,0D0,0D0,1.875D-1,0D0,-1.875D-1,0D0;                          467P    253
124,1D0,0D0,0D0,-1.532D0,0D0,1D0,0D0,1.75D0,0D0,0D0,1D0,-5D-1;       469P    254
100,0D0,0D0,0D0,1.875D-1,0D0,-1.875D-1,0D0;                          471P    255
124,1D0,0D0,0D0,-1.532D0,0D0,-1D0,0D0,1.75D0,0D0,0D0,-1D0,-5D-1;     473P    256
100,0D0,0D0,0D0,1.015D-1,0D0,-1.015D-1,0D0;                          475P    257
124,-1D0,0D0,0D0,-1.532D0,0D0,1D0,0D0,1.75D0,0D0,0D0,-1D0,-5D-1;     477P    258
100,0D0,0D0,0D0,1.015D-1,0D0,-1.015D-1,0D0;                          479P    259
110,-1.7195D0,1.75D0,-1D0,-1.7195D0,1.75D0,-5D-1;                    481P    260
110,-1.3445D0,1.75D0,-1D0,-1.3445D0,1.75D0,-5D-1;                    483P    261
110,-1.4305D0,1.75D0,-5D-1,-1.4305D0,1.75D0,-2.5D-1;                 485P    262
110,-1.151D0,1.9D0,-2.5D-1,-1.151D0,1.9D0,-3.01D-1;                  487P    263
110,3.837D0,1.9D0,-2.5D-1,3.837D0,1.9D0,-3.01D-1;                    489P    264
110,4.368D0,1.369D0,-2.5D-1,4.368D0,1.369D0,-3.01D-1;                491P    265
110,4.368D0,-1.369D0,-2.5D-1,4.368D0,-1.369D0,-3.01D-1;              493P    266
110,3.837D0,-1.9D0,-2.5D-1,3.837D0,-1.9D0,-3.01D-1;                  495P    267
110,-1.151D0,-1.9D0,-2.5D-1,-1.151D0,-1.9D0,-3.01D-1;                497P    268
110,-1.682D0,-1.369D0,-2.5D-1,-1.682D0,-1.369D0,-3.01D-1;            499P    269
110,-1.682D0,1.369D0,-2.5D-1,-1.682D0,1.369D0,-3.01D-1;              501P    270
110,-1.151D0,1.9D0,-3.01D-1,-1.682D0,1.369D0,-3.01D-1;               503P    271
110,3.837D0,1.9D0,-3.01D-1,-1.151D0,1.9D0,-3.01D-1;                  505P    272
110,4.368D0,1.369D0,-3.01D-1,3.837D0,1.9D0,-3.01D-1;                 507P    273
110,4.368D0,-1.369D0,-3.01D-1,4.368D0,1.369D0,-3.01D-1;              509P    274
110,3.837D0,-1.9D0,-3.01D-1,4.368D0,-1.369D0,-3.01D-1;               511P    275
110,-1.151D0,-1.9D0,-3.01D-1,3.837D0,-1.9D0,-3.01D-1;                513P    276
110,-1.682D0,-1.369D0,-3.01D-1,-1.151D0,-1.9D0,-3.01D-1;             515P    277
110,-1.682D0,1.369D0,-3.01D-1,-1.682D0,-1.369D0,-3.01D-1;            517P    278
110,4.2725D0,-1.329442604793D0,-3.01D-1,3.797442604793D0,            519P    279
-1.8045D0,-3.01D-1;                                                  519P    280
110,4.2725D0,1.329442604793D0,-3.01D-1,4.2725D0,                     521P    281
-1.329442604793D0,-3.01D-1;                                          521P    282
110,3.797442604793D0,1.8045D0,-3.01D-1,4.2725D0,                     523P    283
1.329442604793D0,-3.01D-1;                                           523P    284
110,-1.111442604793D0,1.8045D0,-3.01D-1,3.797442604793D0,            525P    285
1.8045D0,-3.01D-1;                                                   525P    286
110,-1.5865D0,1.329442604793D0,-3.01D-1,-1.111442604793D0,           527P    287
1.8045D0,-3.01D-1;                                                   527P    288
110,-1.5865D0,-1.329442604793D0,-3.01D-1,-1.5865D0,                  529P    289
1.329442604793D0,-3.01D-1;                                           529P    290
110,-1.111442604793D0,-1.8045D0,-3.01D-1,-1.5865D0,                  531P    291
-1.329442604793D0,-3.01D-1;                                          531P    292
110,3.797442604793D0,-1.8045D0,-3.01D-1,-1.111442604793D0,           533P    293
-1.8045D0,-3.01D-1;                                                  533P    294
110,4.2725D0,-1.329442604793D0,-2.5D-1,4.2725D0,                     535P    295
-1.329442604793D0,-3.01D-1;                                          535P    296
110,4.2725D0,1.329442604793D0,-2.5D-1,4.2725D0,1.329442604793D0,     537P    297
-3.01D-1;                                                            537P    298
110,3.797442604793D0,1.8045D0,-2.5D-1,3.797442604793D0,1.8045D0,     539P    299
-3.01D-1;                                                            539P    300
110,-1.111442604793D0,1.8045D0,-2.5D-1,-1.111442604793D0,            541P    301
1.8045D0,-3.01D-1;                                                   541P    302
110,-1.5865D0,1.329442604793D0,-2.5D-1,-1.5865D0,                    543P    303
1.329442604793D0,-3.01D-1;                                           543P    304
110,-1.5865D0,-1.329442604793D0,-2.5D-1,-1.5865D0,                   545P    305
-1.329442604793D0,-3.01D-1;                                          545P    306
110,-1.111442604793D0,-1.8045D0,-2.5D-1,-1.111442604793D0,           547P    307
-1.8045D0,-3.01D-1;                                                  547P    308
110,3.797442604793D0,-1.8045D0,-2.5D-1,3.797442604793D0,             549P    309
-1.8045D0,-3.01D-1;                                                  549P    310
110,5.718D0,-2.005D0,-2.5D-1,5.718D0,-2.005D0,-1D0;                  551P    311
124,1D0,0D0,0D0,5.598D0,0D0,-1D0,0D0,-2.005D0,0D0,0D0,-1D0,-1D0;     553P    312
100,0D0,0D0,0D0,1.2D-1,0D0,0D0,1.2D-1;                               555P    313
110,5.598D0,-2.125D0,-1D0,5.598D0,-2.125D0,-2.5D-1;                  557P    314
124,0D0,1D0,0D0,5.598D0,-1D0,0D0,0D0,-2.005D0,0D0,0D0,1D0,           559P    315
-2.5D-1;                                                             559P    316
100,0D0,0D0,0D0,1.2D-1,0D0,0D0,1.2D-1;                               561P    317
110,5.598D0,2.125D0,-2.5D-1,5.598D0,2.125D0,-1D0;                    563P    318
124,0D0,1D0,0D0,5.598D0,1D0,0D0,0D0,2.005D0,0D0,0D0,-1D0,-1D0;       565P    319
100,0D0,0D0,0D0,1.2D-1,0D0,0D0,1.2D-1;                               567P    320
110,5.718D0,2.005D0,-1D0,5.718D0,2.005D0,-2.5D-1;                    569P    321
124,1D0,0D0,0D0,5.598D0,0D0,1D0,0D0,2.005D0,0D0,0D0,1D0,-2.5D-1;     571P    322
100,0D0,0D0,0D0,1.2D-1,0D0,0D0,1.2D-1;                               573P    323
124,1D0,0D0,0D0,1.468D0,0D0,0D0,-1D0,2.125D0,0D0,1D0,0D0,            575P    324
-6.2D-1;                                                             575P    325
100,0D0,0D0,0D0,6.8D-2,0D0,-6.8D-2,0D0;                              577P    326
124,-1D0,0D0,0D0,1.468D0,0D0,0D0,-1D0,2.125D0,0D0,-1D0,0D0,          579P    327
-6.2D-1;                                                             579P    328
100,0D0,0D0,0D0,6.8D-2,0D0,-6.8D-2,0D0;                              581P    329
110,1.536D0,2.125D0,-6.2D-1,1.536D0,1.875D0,-6.2D-1;                 583P    330
110,1.4D0,2.125D0,-6.2D-1,1.4D0,1.875D0,-6.2D-1;                     585P    331
124,1D0,0D0,0D0,1.468D0,0D0,0D0,-1D0,1.875D0,0D0,1D0,0D0,            587P    332
-6.2D-1;                                                             587P    333
100,0D0,0D0,0D0,6.8D-2,0D0,-6.8D-2,0D0;                              589P    334
124,-1D0,0D0,0D0,1.468D0,0D0,0D0,-1D0,1.875D0,0D0,-1D0,0D0,          591P    335
-6.2D-1;                                                             591P    336
100,0D0,0D0,0D0,6.8D-2,0D0,-6.8D-2,0D0;                              593P    337
110,-3.032D0,2.005D0,-2.5D-1,-3.032D0,2.005D0,-1D0;                  595P    338
124,-1D0,0D0,0D0,-2.912D0,0D0,1D0,0D0,2.005D0,0D0,0D0,-1D0,-1D0;     597P    339
100,0D0,0D0,0D0,1.2D-1,0D0,0D0,1.2D-1;                               599P    340
110,-2.912D0,2.125D0,-1D0,-2.912D0,2.125D0,-2.5D-1;                  601P    341
124,0D0,-1D0,0D0,-2.912D0,1D0,0D0,0D0,2.005D0,0D0,0D0,1D0,           603P    342
-2.5D-1;                                                             603P    343
100,0D0,0D0,0D0,1.2D-1,0D0,0D0,1.2D-1;                               605P    344
110,-3.032D0,2.5D-1,-1D0,-3.032D0,2.5D-1,-2.5D-1;                    607P    345
110,-3.032D0,1.094D0,-2.5D-1,-3.032D0,1.094D0,-1D0;                  609P    346
110,-3.032D0,1.656D0,-1D0,-3.032D0,1.656D0,-2.5D-1;                  611P    347
110,-3.032D0,-7.5D-1,-5.4D-1,-3.032D0,-1D0,-5.4D-1;                  613P    348
110,-3.032D0,-7.5D-1,-1D0,-3.032D0,-7.5D-1,-5.4D-1;                  615P    349
110,-3.032D0,-2.5D-1,-2.5D-1,-3.032D0,-2.5D-1,-1D0;                  617P    350
110,-3.032D0,-1D0,-5.4D-1,-3.032D0,-1D0,-1D0;                        619P    351
110,-2.469D0,2.5D-1,-2.5D-1,-2.469D0,2.5D-1,-1D0;                    621P    352
110,-2.469D0,-2.5D-1,-1D0,-2.469D0,-2.5D-1,-2.5D-1;                  623P    353
110,-2.375D0,1.094D0,-1D0,-2.375D0,1.094D0,-2.5D-1;                  625P    354
110,-2.375D0,1.656D0,-2.5D-1,-2.375D0,1.656D0,-1D0;                  627P    355
110,-2.562D0,-1D0,-5.4D-1,-3.032D0,-1D0,-5.4D-1;                     629P    356
124,0D0,1D0,0D0,-2.562D0,1D0,0D0,0D0,-8.75D-1,0D0,0D0,-1D0,          631P    357
-5.4D-1;                                                             631P    358
100,0D0,0D0,0D0,1.25D-1,0D0,-1.25D-1,0D0;                            633P    359
110,-3.032D0,-7.5D-1,-5.4D-1,-2.562D0,-7.5D-1,-5.4D-1;               635P    360
110,-2.562D0,-1D0,-1D0,-2.562D0,-1D0,-5.4D-1;                        637P    361
110,-2.562D0,-7.5D-1,-5.4D-1,-2.562D0,-7.5D-1,-1D0;                  639P    362
110,-2.912D0,-2.125D0,-2.5D-1,-2.912D0,-2.125D0,-1D0;                641P    363
124,0D0,-1D0,0D0,-2.912D0,-1D0,0D0,0D0,-2.005D0,0D0,0D0,-1D0,        643P    364
-1D0;                                                                643P    365
100,0D0,0D0,0D0,1.2D-1,0D0,0D0,1.2D-1;                               645P    366
110,-3.032D0,-2.005D0,-1D0,-3.032D0,-2.005D0,-2.5D-1;                647P    367
124,-1D0,0D0,0D0,-2.912D0,0D0,-1D0,0D0,-2.005D0,0D0,0D0,1D0,         649P    368
-2.5D-1;                                                             649P    369
100,0D0,0D0,0D0,1.2D-1,0D0,0D0,1.2D-1;                               651P    370
128,1,1,1,1,0,0,1,0,0,-3.207D0,-3.207D0,5.893D0,5.893D0,-2.21D0,     653P    371
-2.21D0,2.21D0,2.21D0,1D0,1D0,1D0,1D0,-3.207D0,-2.21D0,-1D0,         653P    372
5.893D0,-2.21D0,-1D0,-3.207D0,2.21D0,-1D0,5.893D0,2.21D0,-1D0,       653P    373
-3.207D0,5.893D0,-2.21D0,2.21D0;                                     653P    374
110,-2.562D0,-1D0,-1D0,-3.032D0,-1D0,-1D0;                           655P    375
124,-1D0,0D0,0D0,-2.912D0,0D0,-1D0,0D0,-2.005D0,0D0,0D0,1D0,         657P    376
-1D0;                                                                657P    377
100,0D0,0D0,0D0,1.2D-1,0D0,0D0,1.2D-1;                               659P    378
124,0D0,1D0,0D0,5.598D0,-1D0,0D0,0D0,-2.005D0,0D0,0D0,1D0,-1D0;      661P    379
100,0D0,0D0,0D0,1.2D-1,0D0,0D0,1.2D-1;                               663P    380
124,1D0,0D0,0D0,5.598D0,0D0,1D0,0D0,2.005D0,0D0,0D0,1D0,-1D0;        665P    381
100,0D0,0D0,0D0,1.2D-1,0D0,0D0,1.2D-1;                               667P    382
124,0D0,-1D0,0D0,-2.912D0,1D0,0D0,0D0,2.005D0,0D0,0D0,1D0,-1D0;      669P    383
100,0D0,0D0,0D0,1.2D-1,0D0,0D0,1.2D-1;                               671P    384
110,-2.375D0,1.094D0,-1D0,-3.032D0,1.094D0,-1D0;                     673P    385
110,-2.469D0,-2.5D-1,-1D0,-3.032D0,-2.5D-1,-1D0;                     675P    386
102,20,73,77,655,81,659,83,663,85,667,87,671,89,91,95,673,99,        677P    387
101,105,675,109;                                                     677P    388
110,-3.032D0,-7.5D-1,0D0,-2.562D0,-7.5D-1,0D0;                       679P    389
126,12,3,0,0,1,0,0D0,0D0,0D0,0D0,1D-1,2D-1,3D-1,4D-1,5D-1,6D-1,      681P    390
7D-1,8D-1,9D-1,1D0,1D0,1D0,1D0,1D0,1D0,1D0,1D0,1D0,1D0,1D0,1D0,      681P    391
1D0,1D0,1D0,1D0,1D0,-2.562D0,-7.5D-1,0D0,-2.548888227903D0,          681P    392
-7.499306882918D-1,0D0,-2.522742693694D0,-7.541784346670D-1,0D0,     681P    393
-2.487305484436D0,-7.721870590067D-1,0D0,-2.459196429343D0,          681P    394
-8.003105835251D-1,0D0,-2.441146052410D0,-8.357316676734D-1,0D0,     681P    395
-2.434926973795D0,-8.75D-1,0D0,-2.441146052410D0,                    681P    396
-9.142683323266D-1,0D0,-2.459196429343D0,-9.496894164749D-1,0D0,     681P    397
-2.487305484436D0,-9.778129409933D-1,0D0,-2.522742693694D0,          681P    398
-9.958215653330D-1,0D0,-2.548888227903D0,-1.000069311708D0,0D0,      681P    399
-2.562D0,-1D0,0D0,0D0,1D0,0D0,0D0,1D0;                               681P    400
110,-2.562D0,-1D0,0D0,-3.032D0,-1D0,0D0;                             683P    401
110,-3.032D0,-1D0,0D0,-3.032D0,-2.005D0,0D0;                         685P    402
126,7,3,0,0,1,0,0D0,0D0,0D0,0D0,1.993551252293D-1,                   687P    403
4.012653042662D-1,5.987346957338D-1,8.006448747707D-1,1D0,1D0,       687P    404
1D0,1D0,1D0,1D0,1D0,1D0,1D0,1D0,1D0,1D0,-3.032D0,-2.005D0,0D0,       687P    405
-3.032068783284D0,-2.017545824643D0,0D0,-3.027989613030D0,           687P    406
-2.042724409220D0,0D0,-3.010713451986D0,-2.076674774714D0,0D0,       687P    407
-2.983674774714D0,-2.103713451986D0,0D0,-2.949724409220D0,           687P    408
-2.120989613030D0,0D0,-2.924545824643D0,-2.125068783284D0,0D0,       687P    409
-2.912D0,-2.125D0,0D0,0D0,1D0,0D0,0D0,1D0;                           687P    410
110,-2.912D0,-2.125D0,0D0,5.598D0,-2.125D0,0D0;                      689P    411
126,7,3,0,0,1,0,0D0,0D0,0D0,0D0,1.993551252293D-1,                   691P    412
4.012653042662D-1,5.987346957338D-1,8.006448747707D-1,1D0,1D0,       691P    413
1D0,1D0,1D0,1D0,1D0,1D0,1D0,1D0,1D0,1D0,5.598D0,-2.125D0,0D0,        691P    414
5.610545824643D0,-2.125068783284D0,0D0,5.635724409220D0,             691P    415
-2.120989613030D0,0D0,5.669674774714D0,-2.103713451986D0,0D0,        691P    416
5.696713451986D0,-2.076674774714D0,0D0,5.713989613030D0,             691P    417
-2.042724409220D0,0D0,5.718068783284D0,-2.017545824643D0,0D0,        691P    418
5.718D0,-2.005D0,0D0,0D0,1D0,0D0,0D0,1D0;                            691P    419
110,5.718D0,-2.005D0,0D0,5.718D0,2.005D0,0D0;                        693P    420
126,7,3,0,0,1,0,0D0,0D0,0D0,0D0,1.993551252293D-1,                   695P    421
4.012653042662D-1,5.987346957338D-1,8.006448747707D-1,1D0,1D0,       695P    422
1D0,1D0,1D0,1D0,1D0,1D0,1D0,1D0,1D0,1D0,5.718D0,2.005D0,0D0,         695P    423
5.718068783284D0,2.017545824643D0,0D0,5.713989613030D0,              695P    424
2.042724409220D0,0D0,5.696713451986D0,2.076674774714D0,0D0,          695P    425
5.669674774714D0,2.103713451986D0,0D0,5.635724409220D0,              695P    426
2.120989613030D0,0D0,5.610545824643D0,2.125068783284D0,0D0,          695P    427
5.598D0,2.125D0,0D0,0D0,1D0,0D0,0D0,1D0;                             695P    428
110,5.598D0,2.125D0,0D0,-2.912D0,2.125D0,0D0;                        697P    429
126,7,3,0,0,1,0,0D0,0D0,0D0,0D0,1.993551252293D-1,                   699P    430
4.012653042662D-1,5.987346957338D-1,8.006448747707D-1,1D0,1D0,       699P    431
1D0,1D0,1D0,1D0,1D0,1D0,1D0,1D0,1D0,1D0,-2.912D0,2.125D0,0D0,        699P    432
-2.924545824643D0,2.125068783284D0,0D0,-2.949724409220D0,            699P    433
2.120989613030D0,0D0,-2.983674774714D0,2.103713451986D0,0D0,         699P    434
-3.010713451986D0,2.076674774714D0,0D0,-3.027989613030D0,            699P    435
2.042724409220D0,0D0,-3.032068783284D0,2.017545824643D0,0D0,         699P    436
-3.032D0,2.005D0,0D0,0D0,1D0,0D0,0D0,1D0;                            699P    437
110,-3.032D0,2.005D0,0D0,-3.032D0,1.656D0,0D0;                       701P    438
110,-3.032D0,1.656D0,0D0,-2.375D0,1.656D0,0D0;                       703P    439
126,15,3,0,0,1,0,0D0,0D0,0D0,0D0,7.692307692308D-2,                  705P    440
1.538461538462D-1,2.307692307692D-1,3.076923076923D-1,               705P    441
3.846153846154D-1,4.615384615385D-1,5.384615384615D-1,               705P    442
6.153846153846D-1,6.923076923077D-1,7.692307692308D-1,               705P    443
8.461538461538D-1,9.230769230769D-1,1D0,1D0,1D0,1D0,1D0,1D0,1D0,     705P    444
1D0,1D0,1D0,1D0,1D0,1D0,1D0,1D0,1D0,1D0,1D0,1D0,1D0,-2.375D0,        705P    445
1.656D0,0D0,-2.352351126713D0,1.656055693909D0,0D0,                  705P    446
-2.307100933004D0,1.650477343728D0,0D0,-2.243133834427D0,            705P    447
1.626253660270D0,0D0,-2.186840461224D0,1.587386874444D0,0D0,         705P    448
-2.141479518885D0,1.536187963372D0,0D0,-2.109690665340D0,            705P    449
1.475618435058D0,0D0,-2.093320434586D0,1.409202135951D0,0D0,         705P    450
-2.093320434586D0,1.340797864049D0,0D0,-2.109690665340D0,            705P    451
1.274381564942D0,0D0,-2.141479518885D0,1.213812036628D0,0D0,         705P    452
-2.186840461224D0,1.162613125556D0,0D0,-2.243133834427D0,            705P    453
1.123746339730D0,0D0,-2.307100933004D0,1.099522656272D0,0D0,         705P    454
-2.352351126713D0,1.093944306091D0,0D0,-2.375D0,1.094D0,0D0,0D0,     705P    455
1D0,0D0,0D0,1D0;                                                     705P    456
110,-2.375D0,1.094D0,0D0,-3.032D0,1.094D0,0D0;                       707P    457
110,-3.032D0,1.094D0,0D0,-3.032D0,2.5D-1,0D0;                        709P    458
110,-3.032D0,2.5D-1,0D0,-2.469D0,2.5D-1,0D0;                         711P    459
126,14,3,0,0,1,0,0D0,0D0,0D0,0D0,8.333333333333D-2,                  713P    460
1.666666666667D-1,2.5D-1,3.333333333333D-1,4.166666666667D-1,        713P    461
5D-1,5.833333333333D-1,6.666666666667D-1,7.5D-1,                     713P    462
8.333333333333D-1,9.166666666667D-1,1D0,1D0,1D0,1D0,1D0,1D0,1D0,     713P    463
1D0,1D0,1D0,1D0,1D0,1D0,1D0,1D0,1D0,1D0,1D0,1D0,-2.469D0,2.5D-1,     713P    464
0D0,-2.447165765919D0,2.500678954578D-1,0D0,-2.403560318299D0,       713P    465
2.442242169387D-1,0D0,-2.342561669421D0,2.190021369616D-1,0D0,       713P    466
-2.290193004017D0,1.788053408916D-1,0D0,-2.250006142731D0,           713P    467
1.264366712520D-1,0D0,-2.224744319381D0,6.544797410044D-2,0D0,       713P    468
-2.216127840309D0,0D0,0D0,-2.224744319381D0,-6.544797410045D-2,      713P    469
0D0,-2.250006142731D0,-1.264366712520D-1,0D0,-2.290193004017D0,      713P    470
-1.788053408916D-1,0D0,-2.342561669421D0,-2.190021369616D-1,0D0,     713P    471
-2.403560318299D0,-2.442242169387D-1,0D0,-2.447165765919D0,          713P    472
-2.500678954578D-1,0D0,-2.469D0,-2.5D-1,0D0,0D0,1D0,0D0,0D0,1D0;     713P    473
110,-2.469D0,-2.5D-1,0D0,-3.032D0,-2.5D-1,0D0;                       715P    474
110,-3.032D0,-2.5D-1,0D0,-3.032D0,-7.5D-1,0D0;                       717P    475
102,20,679,681,683,685,687,689,691,693,695,697,699,701,703,705,      719P    476
707,709,711,713,715,717;                                             719P    477
142,0,653,719,677,1;                                                 721P    478
102,2,3,7;                                                           723P    479
126,15,3,0,0,1,0,0D0,0D0,0D0,0D0,7.692307692308D-2,                  725P    480
1.538461538462D-1,2.307692307692D-1,3.076923076923D-1,               725P    481
3.846153846154D-1,4.615384615385D-1,5.384615384615D-1,               725P    482
6.153846153846D-1,6.923076923077D-1,7.692307692308D-1,               725P    483
8.461538461538D-1,9.230769230769D-1,1D0,1D0,1D0,1D0,1D0,1D0,1D0,     725P    484
1D0,1D0,1D0,1D0,1D0,1D0,1D0,1D0,1D0,1D0,1D0,1D0,1D0,5.4385D0,        725P    485
-1.5D0,0D0,5.438555991208D0,-1.522769774746D0,0D0,                   725P    486
5.432947863356D0,-1.568261517531D0,0D0,5.408594871980D0,             725P    487
-1.632570077489D0,0D0,5.369520612208D0,-1.689163949126D0,0D0,        725P    488
5.318048397340D0,-1.734767031726D0,0D0,5.257155544142D0,             725P    489
-1.766725576660D0,0D0,5.190384709630D0,-1.783183192987D0,0D0,        725P    490
5.121615290370D0,-1.783183192987D0,0D0,5.054844455858D0,             725P    491
-1.766725576660D0,0D0,4.993951602660D0,-1.734767031726D0,0D0,        725P    492
4.942479387792D0,-1.689163949126D0,0D0,4.903405128020D0,             725P    493
-1.632570077489D0,0D0,4.879052136644D0,-1.568261517531D0,0D0,        725P    494
4.873444008792D0,-1.522769774746D0,0D0,4.8735D0,-1.5D0,0D0,0D0,      725P    495
1D0,0D0,0D0,1D0;                                                     725P    496
126,15,3,0,0,1,0,0D0,0D0,0D0,0D0,7.692307692308D-2,                  727P    497
1.538461538462D-1,2.307692307692D-1,3.076923076923D-1,               727P    498
3.846153846154D-1,4.615384615385D-1,5.384615384615D-1,               727P    499
6.153846153846D-1,6.923076923077D-1,7.692307692308D-1,               727P    500
8.461538461538D-1,9.230769230769D-1,1D0,1D0,1D0,1D0,1D0,1D0,1D0,     727P    501
1D0,1D0,1D0,1D0,1D0,1D0,1D0,1D0,1D0,1D0,1D0,1D0,1D0,4.8735D0,        727P    502
-1.5D0,0D0,4.873444008792D0,-1.477230225254D0,0D0,                   727P    503
4.879052136644D0,-1.431738482469D0,0D0,4.903405128020D0,             727P    504
-1.367429922511D0,0D0,4.942479387792D0,-1.310836050874D0,0D0,        727P    505
4.993951602660D0,-1.265232968274D0,0D0,5.054844455858D0,             727P    506
-1.233274423340D0,0D0,5.121615290370D0,-1.216816807013D0,0D0,        727P    507
5.190384709630D0,-1.216816807013D0,0D0,5.257155544142D0,             727P    508
-1.233274423340D0,0D0,5.318048397340D0,-1.265232968274D0,0D0,        727P    509
5.369520612208D0,-1.310836050874D0,0D0,5.408594871980D0,             727P    510
-1.367429922511D0,0D0,5.432947863356D0,-1.431738482469D0,0D0,        727P    511
5.438555991208D0,-1.477230225254D0,0D0,5.4385D0,-1.5D0,0D0,0D0,      727P    512
1D0,0D0,0D0,1D0;                                                     727P    513
102,2,725,727;                                                       729P    514
142,0,653,729,723,1;                                                 731P    515
102,2,11,15;                                                         733P    516
126,14,3,0,0,1,0,0D0,0D0,0D0,0D0,8.333333333333D-2,                  735P    517
1.666666666667D-1,2.5D-1,3.333333333333D-1,4.166666666667D-1,        735P    518
5D-1,5.833333333333D-1,6.666666666667D-1,7.5D-1,                     735P    519
8.333333333333D-1,9.166666666667D-1,1D0,1D0,1D0,1D0,1D0,1D0,1D0,     735P    520
1D0,1D0,1D0,1D0,1D0,1D0,1D0,1D0,1D0,1D0,1D0,1D0,5.4065D0,0D0,        735P    521
0D0,5.406568031249D0,-2.187790254936D-2,0D0,5.400712665373D0,        735P    522
-6.557056106424D-2,0D0,5.375440141236D0,-1.266912072402D-1,0D0,      735P    523
5.335162951573D0,-1.791646099750D-1,0D0,5.282689544595D0,            735P    524
-2.194318449833D-1,0D0,5.221578870049D0,-2.447441919798D-1,0D0,      735P    525
5.156D0,-2.533779040101D-1,0D0,5.090421129951D0,                     735P    526
-2.447441919798D-1,0D0,5.029310455405D0,-2.194318449833D-1,0D0,      735P    527
4.976837048427D0,-1.791646099750D-1,0D0,4.936559858764D0,            735P    528
-1.266912072402D-1,0D0,4.911287334627D0,-6.557056106424D-2,0D0,      735P    529
4.905431968751D0,-2.187790254936D-2,0D0,4.9055D0,0D0,0D0,0D0,        735P    530
1D0,0D0,0D0,1D0;                                                     735P    531
126,14,3,0,0,1,0,0D0,0D0,0D0,0D0,8.333333333333D-2,                  737P    532
1.666666666667D-1,2.5D-1,3.333333333333D-1,4.166666666667D-1,        737P    533
5D-1,5.833333333333D-1,6.666666666667D-1,7.5D-1,                     737P    534
8.333333333333D-1,9.166666666667D-1,1D0,1D0,1D0,1D0,1D0,1D0,1D0,     737P    535
1D0,1D0,1D0,1D0,1D0,1D0,1D0,1D0,1D0,1D0,1D0,1D0,4.9055D0,0D0,        737P    536
0D0,4.905431968751D0,2.187790254936D-2,0D0,4.911287334627D0,         737P    537
6.557056106424D-2,0D0,4.936559858764D0,1.266912072402D-1,0D0,        737P    538
4.976837048427D0,1.791646099750D-1,0D0,5.029310455405D0,             737P    539
2.194318449833D-1,0D0,5.090421129951D0,2.447441919798D-1,0D0,        737P    540
5.156D0,2.533779040101D-1,0D0,5.221578870049D0,                      737P    541
2.447441919798D-1,0D0,5.282689544595D0,2.194318449833D-1,0D0,        737P    542
5.335162951573D0,1.791646099750D-1,0D0,5.375440141236D0,             737P    543
1.266912072402D-1,0D0,5.400712665373D0,6.557056106424D-2,0D0,        737P    544
5.406568031249D0,2.187790254936D-2,0D0,5.4065D0,0D0,0D0,0D0,1D0,     737P    545
0D0,0D0,1D0;                                                         737P    546
102,2,735,737;                                                       739P    547
142,0,653,739,733,1;                                                 741P    548
102,2,19,23;                                                         743P    549
126,15,3,0,0,1,0,0D0,0D0,0D0,0D0,7.692307692308D-2,                  745P    550
1.538461538462D-1,2.307692307692D-1,3.076923076923D-1,               745P    551
3.846153846154D-1,4.615384615385D-1,5.384615384615D-1,               745P    552
6.153846153846D-1,6.923076923077D-1,7.692307692308D-1,               745P    553
8.461538461538D-1,9.230769230769D-1,1D0,1D0,1D0,1D0,1D0,1D0,1D0,     745P    554
1D0,1D0,1D0,1D0,1D0,1D0,1D0,1D0,1D0,1D0,1D0,1D0,1D0,5.4385D0,        745P    555
1.5D0,0D0,5.438555991208D0,1.477230225254D0,0D0,                     745P    556
5.432947863356D0,1.431738482469D0,0D0,5.408594871980D0,              745P    557
1.367429922511D0,0D0,5.369520612208D0,1.310836050874D0,0D0,          745P    558
5.318048397340D0,1.265232968274D0,0D0,5.257155544142D0,              745P    559
1.233274423340D0,0D0,5.190384709630D0,1.216816807013D0,0D0,          745P    560
5.121615290370D0,1.216816807013D0,0D0,5.054844455858D0,              745P    561
1.233274423340D0,0D0,4.993951602660D0,1.265232968274D0,0D0,          745P    562
4.942479387792D0,1.310836050874D0,0D0,4.903405128020D0,              745P    563
1.367429922511D0,0D0,4.879052136644D0,1.431738482469D0,0D0,          745P    564
4.873444008792D0,1.477230225254D0,0D0,4.8735D0,1.5D0,0D0,0D0,        745P    565
1D0,0D0,0D0,1D0;                                                     745P    566
126,15,3,0,0,1,0,0D0,0D0,0D0,0D0,7.692307692308D-2,                  747P    567
1.538461538462D-1,2.307692307692D-1,3.076923076923D-1,               747P    568
3.846153846154D-1,4.615384615385D-1,5.384615384615D-1,               747P    569
6.153846153846D-1,6.923076923077D-1,7.692307692308D-1,               747P    570
8.461538461538D-1,9.230769230769D-1,1D0,1D0,1D0,1D0,1D0,1D0,1D0,     747P    571
1D0,1D0,1D0,1D0,1D0,1D0,1D0,1D0,1D0,1D0,1D0,1D0,1D0,4.8735D0,        747P    572
1.5D0,0D0,4.873444008792D0,1.522769774746D0,0D0,                     747P    573
4.879052136644D0,1.568261517531D0,0D0,4.903405128020D0,              747P    574
1.632570077489D0,0D0,4.942479387792D0,1.689163949126D0,0D0,          747P    575
4.993951602660D0,1.734767031726D0,0D0,5.054844455858D0,              747P    576
1.766725576660D0,0D0,5.121615290370D0,1.783183192987D0,0D0,          747P    577
5.190384709630D0,1.783183192987D0,0D0,5.257155544142D0,              747P    578
1.766725576660D0,0D0,5.318048397340D0,1.734767031726D0,0D0,          747P    579
5.369520612208D0,1.689163949126D0,0D0,5.408594871980D0,              747P    580
1.632570077489D0,0D0,5.432947863356D0,1.568261517531D0,0D0,          747P    581
5.438555991208D0,1.522769774746D0,0D0,5.4385D0,1.5D0,0D0,0D0,        747P    582
1D0,0D0,0D0,1D0;                                                     747P    583
102,2,745,747;                                                       749P    584
142,0,653,749,743,1;                                                 751P    585
102,2,27,31;                                                         753P    586
126,16,3,0,0,1,0,0D0,0D0,0D0,0D0,7.142857142857D-2,                  755P    587
1.428571428571D-1,2.142857142857D-1,2.857142857143D-1,               755P    588
3.571428571429D-1,4.285714285714D-1,5D-1,5.714285714286D-1,          755P    589
6.428571428571D-1,7.142857142857D-1,7.857142857143D-1,               755P    590
8.571428571429D-1,9.285714285714D-1,1D0,1D0,1D0,1D0,1D0,1D0,1D0,     755P    591
1D0,1D0,1D0,1D0,1D0,1D0,1D0,1D0,1D0,1D0,1D0,1D0,1D0,1D0,4.047D0,     755P    592
0D0,0D0,4.047055484804D0,-2.806220093601D-2,0D0,                     755P    593
4.040653401847D0,-8.414273328331D-2,0D0,4.012717668739D0,            755P    594
-1.640792335061D-1,0D0,3.967655875979D0,-2.357787457067D-1,0D0,      755P    595
3.907779662900D0,-2.956578378491D-1,0D0,3.836077526604D0,            755P    596
-3.407107384501D-1,0D0,3.756148643699D0,-3.686791611312D-1,0D0,      755P    597
3.672D0,-3.781604194344D-1,0D0,3.587851356301D0,                     755P    598
-3.686791611312D-1,0D0,3.507922473396D0,-3.407107384501D-1,0D0,      755P    599
3.436220337100D0,-2.956578378491D-1,0D0,3.376344124021D0,            755P    600
-2.357787457067D-1,0D0,3.331282331261D0,-1.640792335061D-1,0D0,      755P    601
3.303346598153D0,-8.414273328331D-2,0D0,3.296944515196D0,            755P    602
-2.806220093601D-2,0D0,3.297D0,0D0,0D0,0D0,1D0,0D0,0D0,1D0;          755P    603
126,16,3,0,0,1,0,0D0,0D0,0D0,0D0,7.142857142857D-2,                  757P    604
1.428571428571D-1,2.142857142857D-1,2.857142857143D-1,               757P    605
3.571428571429D-1,4.285714285714D-1,5D-1,5.714285714286D-1,          757P    606
6.428571428571D-1,7.142857142857D-1,7.857142857143D-1,               757P    607
8.571428571429D-1,9.285714285714D-1,1D0,1D0,1D0,1D0,1D0,1D0,1D0,     757P    608
1D0,1D0,1D0,1D0,1D0,1D0,1D0,1D0,1D0,1D0,1D0,1D0,1D0,1D0,3.297D0,     757P    609
0D0,0D0,3.296944515196D0,2.806220093601D-2,0D0,3.303346598153D0,     757P    610
8.414273328331D-2,0D0,3.331282331261D0,1.640792335061D-1,0D0,        757P    611
3.376344124021D0,2.357787457067D-1,0D0,3.436220337100D0,             757P    612
2.956578378491D-1,0D0,3.507922473396D0,3.407107384501D-1,0D0,        757P    613
3.587851356301D0,3.686791611312D-1,0D0,3.672D0,                      757P    614
3.781604194344D-1,0D0,3.756148643699D0,3.686791611312D-1,0D0,        757P    615
3.836077526604D0,3.407107384501D-1,0D0,3.907779662900D0,             757P    616
2.956578378491D-1,0D0,3.967655875979D0,2.357787457067D-1,0D0,        757P    617
4.012717668739D0,1.640792335061D-1,0D0,4.040653401847D0,             757P    618
8.414273328331D-2,0D0,4.047055484804D0,2.806220093601D-2,0D0,        757P    619
4.047D0,0D0,0D0,0D0,1D0,0D0,0D0,1D0;                                 757P    620
102,2,755,757;                                                       759P    621
142,0,653,759,753,1;                                                 761P    622
102,2,35,39;                                                         763P    623
126,13,3,0,0,1,0,0D0,0D0,0D0,0D0,9.090909090909D-2,                  765P    624
1.818181818182D-1,2.727272727273D-1,3.636363636364D-1,               765P    625
4.545454545455D-1,5.454545454545D-1,6.363636363636D-1,               765P    626
7.272727272727D-1,8.181818181818D-1,9.090909090909D-1,1D0,1D0,       765P    627
1D0,1D0,1D0,1D0,1D0,1D0,1D0,1D0,1D0,1D0,1D0,1D0,1D0,1D0,1D0,1D0,     765P    628
4.4055D0,1.75D0,0D0,4.405571638888D0,1.732129672553D0,0D0,           765P    629
4.400334070503D0,1.696461886335D0,0D0,4.377902890225D0,              765P    630
1.647239762551D0,0D0,4.342464593031D0,1.606358143823D0,0D0,          765P    631
4.296957063339D0,1.577109391007D0,0D0,4.245049043239D0,              765P    632
1.561868297375D0,0D0,4.190950956761D0,1.561868297375D0,0D0,          765P    633
4.139042936661D0,1.577109391007D0,0D0,4.093535406969D0,              765P    634
1.606358143823D0,0D0,4.058097109775D0,1.647239762551D0,0D0,          765P    635
4.035665929497D0,1.696461886335D0,0D0,4.030428361112D0,              765P    636
1.732129672553D0,0D0,4.0305D0,1.75D0,0D0,0D0,1D0,0D0,0D0,1D0;        765P    637
126,13,3,0,0,1,0,0D0,0D0,0D0,0D0,9.090909090909D-2,                  767P    638
1.818181818182D-1,2.727272727273D-1,3.636363636364D-1,               767P    639
4.545454545455D-1,5.454545454545D-1,6.363636363636D-1,               767P    640
7.272727272727D-1,8.181818181818D-1,9.090909090909D-1,1D0,1D0,       767P    641
1D0,1D0,1D0,1D0,1D0,1D0,1D0,1D0,1D0,1D0,1D0,1D0,1D0,1D0,1D0,1D0,     767P    642
4.0305D0,1.75D0,0D0,4.030428361112D0,1.767870327447D0,0D0,           767P    643
4.035665929497D0,1.803538113665D0,0D0,4.058097109775D0,              767P    644
1.852760237449D0,0D0,4.093535406969D0,1.893641856177D0,0D0,          767P    645
4.139042936661D0,1.922890608993D0,0D0,4.190950956761D0,              767P    646
1.938131702625D0,0D0,4.245049043239D0,1.938131702625D0,0D0,          767P    647
4.296957063339D0,1.922890608993D0,0D0,4.342464593031D0,              767P    648
1.893641856177D0,0D0,4.377902890225D0,1.852760237449D0,0D0,          767P    649
4.400334070503D0,1.803538113665D0,0D0,4.405571638888D0,              767P    650
1.767870327447D0,0D0,4.4055D0,1.75D0,0D0,0D0,1D0,0D0,0D0,1D0;        767P    651
102,2,765,767;                                                       769P    652
142,0,653,769,763,1;                                                 771P    653
102,2,43,47;                                                         773P    654
126,13,3,0,0,1,0,0D0,0D0,0D0,0D0,9.090909090909D-2,                  775P    655
1.818181818182D-1,2.727272727273D-1,3.636363636364D-1,               775P    656
4.545454545455D-1,5.454545454545D-1,6.363636363636D-1,               775P    657
7.272727272727D-1,8.181818181818D-1,9.090909090909D-1,1D0,1D0,       775P    658
1D0,1D0,1D0,1D0,1D0,1D0,1D0,1D0,1D0,1D0,1D0,1D0,1D0,1D0,1D0,1D0,     775P    659
4.4055D0,-1.75D0,0D0,4.405571638888D0,-1.767870327447D0,0D0,         775P    660
4.400334070503D0,-1.803538113665D0,0D0,4.377902890225D0,             775P    661
-1.852760237449D0,0D0,4.342464593031D0,-1.893641856177D0,0D0,        775P    662
4.296957063339D0,-1.922890608993D0,0D0,4.245049043239D0,             775P    663
-1.938131702625D0,0D0,4.190950956761D0,-1.938131702625D0,0D0,        775P    664
4.139042936661D0,-1.922890608993D0,0D0,4.093535406969D0,             775P    665
-1.893641856177D0,0D0,4.058097109775D0,-1.852760237449D0,0D0,        775P    666
4.035665929497D0,-1.803538113665D0,0D0,4.030428361112D0,             775P    667
-1.767870327447D0,0D0,4.0305D0,-1.75D0,0D0,0D0,1D0,0D0,0D0,1D0;      775P    668
126,13,3,0,0,1,0,0D0,0D0,0D0,0D0,9.090909090909D-2,                  777P    669
1.818181818182D-1,2.727272727273D-1,3.636363636364D-1,               777P    670
4.545454545455D-1,5.454545454545D-1,6.363636363636D-1,               777P    671
7.272727272727D-1,8.181818181818D-1,9.090909090909D-1,1D0,1D0,       777P    672
1D0,1D0,1D0,1D0,1D0,1D0,1D0,1D0,1D0,1D0,1D0,1D0,1D0,1D0,1D0,1D0,     777P    673
4.0305D0,-1.75D0,0D0,4.030428361112D0,-1.732129672553D0,0D0,         777P    674
4.035665929497D0,-1.696461886335D0,0D0,4.058097109775D0,             777P    675
-1.647239762551D0,0D0,4.093535406969D0,-1.606358143823D0,0D0,        777P    676
4.139042936661D0,-1.577109391007D0,0D0,4.190950956761D0,             777P    677
-1.561868297375D0,0D0,4.245049043239D0,-1.561868297375D0,0D0,        777P    678
4.296957063339D0,-1.577109391007D0,0D0,4.342464593031D0,             777P    679
-1.606358143823D0,0D0,4.377902890225D0,-1.647239762551D0,0D0,        777P    680
4.400334070503D0,-1.696461886335D0,0D0,4.405571638888D0,             777P    681
-1.732129672553D0,0D0,4.4055D0,-1.75D0,0D0,0D0,1D0,0D0,0D0,1D0;      777P    682
102,2,775,777;                                                       779P    683
142,0,653,779,773,1;                                                 781P    684
102,2,51,55;                                                         783P    685
126,13,3,0,0,1,0,0D0,0D0,0D0,0D0,9.090909090909D-2,                  785P    686
1.818181818182D-1,2.727272727273D-1,3.636363636364D-1,               785P    687
4.545454545455D-1,5.454545454545D-1,6.363636363636D-1,               785P    688
7.272727272727D-1,8.181818181818D-1,9.090909090909D-1,1D0,1D0,       785P    689
1D0,1D0,1D0,1D0,1D0,1D0,1D0,1D0,1D0,1D0,1D0,1D0,1D0,1D0,1D0,1D0,     785P    690
-1.3445D0,-1.75D0,0D0,-1.344428361112D0,-1.767870327447D0,0D0,       785P    691
-1.349665929497D0,-1.803538113665D0,0D0,-1.372097109775D0,           785P    692
-1.852760237449D0,0D0,-1.407535406969D0,-1.893641856177D0,0D0,       785P    693
-1.453042936661D0,-1.922890608993D0,0D0,-1.504950956761D0,           785P    694
-1.938131702625D0,0D0,-1.559049043239D0,-1.938131702625D0,0D0,       785P    695
-1.610957063339D0,-1.922890608993D0,0D0,-1.656464593031D0,           785P    696
-1.893641856177D0,0D0,-1.691902890225D0,-1.852760237449D0,0D0,       785P    697
-1.714334070503D0,-1.803538113665D0,0D0,-1.719571638888D0,           785P    698
-1.767870327447D0,0D0,-1.7195D0,-1.75D0,0D0,0D0,1D0,0D0,0D0,1D0;     785P    699
126,13,3,0,0,1,0,0D0,0D0,0D0,0D0,9.090909090909D-2,                  787P    700
1.818181818182D-1,2.727272727273D-1,3.636363636364D-1,               787P    701
4.545454545455D-1,5.454545454545D-1,6.363636363636D-1,               787P    702
7.272727272727D-1,8.181818181818D-1,9.090909090909D-1,1D0,1D0,       787P    703
1D0,1D0,1D0,1D0,1D0,1D0,1D0,1D0,1D0,1D0,1D0,1D0,1D0,1D0,1D0,1D0,     787P    704
-1.7195D0,-1.75D0,0D0,-1.719571638888D0,-1.732129672553D0,0D0,       787P    705
-1.714334070503D0,-1.696461886335D0,0D0,-1.691902890225D0,           787P    706
-1.647239762551D0,0D0,-1.656464593031D0,-1.606358143823D0,0D0,       787P    707
-1.610957063339D0,-1.577109391007D0,0D0,-1.559049043239D0,           787P    708
-1.561868297375D0,0D0,-1.504950956761D0,-1.561868297375D0,0D0,       787P    709
-1.453042936661D0,-1.577109391007D0,0D0,-1.407535406969D0,           787P    710
-1.606358143823D0,0D0,-1.372097109775D0,-1.647239762551D0,0D0,       787P    711
-1.349665929497D0,-1.696461886335D0,0D0,-1.344428361112D0,           787P    712
-1.732129672553D0,0D0,-1.3445D0,-1.75D0,0D0,0D0,1D0,0D0,0D0,1D0;     787P    713
102,2,785,787;                                                       789P    714
142,0,653,789,783,1;                                                 791P    715
102,2,59,63;                                                         793P    716
126,13,3,0,0,1,0,0D0,0D0,0D0,0D0,9.090909090909D-2,                  795P    717
1.818181818182D-1,2.727272727273D-1,3.636363636364D-1,               795P    718
4.545454545455D-1,5.454545454545D-1,6.363636363636D-1,               795P    719
7.272727272727D-1,8.181818181818D-1,9.090909090909D-1,1D0,1D0,       795P    720
1D0,1D0,1D0,1D0,1D0,1D0,1D0,1D0,1D0,1D0,1D0,1D0,1D0,1D0,1D0,1D0,     795P    721
-1.3445D0,1.75D0,0D0,-1.344428361112D0,1.732129672553D0,0D0,         795P    722
-1.349665929497D0,1.696461886335D0,0D0,-1.372097109775D0,            795P    723
1.647239762551D0,0D0,-1.407535406969D0,1.606358143823D0,0D0,         795P    724
-1.453042936661D0,1.577109391007D0,0D0,-1.504950956761D0,            795P    725
1.561868297375D0,0D0,-1.559049043239D0,1.561868297375D0,0D0,         795P    726
-1.610957063339D0,1.577109391007D0,0D0,-1.656464593031D0,            795P    727
1.606358143823D0,0D0,-1.691902890225D0,1.647239762551D0,0D0,         795P    728
-1.714334070503D0,1.696461886335D0,0D0,-1.719571638888D0,            795P    729
1.732129672553D0,0D0,-1.7195D0,1.75D0,0D0,0D0,1D0,0D0,0D0,1D0;       795P    730
126,13,3,0,0,1,0,0D0,0D0,0D0,0D0,9.090909090909D-2,                  797P    731
1.818181818182D-1,2.727272727273D-1,3.636363636364D-1,               797P    732
4.545454545455D-1,5.454545454545D-1,6.363636363636D-1,               797P    733
7.272727272727D-1,8.181818181818D-1,9.090909090909D-1,1D0,1D0,       797P    734
1D0,1D0,1D0,1D0,1D0,1D0,1D0,1D0,1D0,1D0,1D0,1D0,1D0,1D0,1D0,1D0,     797P    735
-1.7195D0,1.75D0,0D0,-1.719571638888D0,1.767870327447D0,0D0,         797P    736
-1.714334070503D0,1.803538113665D0,0D0,-1.691902890225D0,            797P    737
1.852760237449D0,0D0,-1.656464593031D0,1.893641856177D0,0D0,         797P    738
-1.610957063339D0,1.922890608993D0,0D0,-1.559049043239D0,            797P    739
1.938131702625D0,0D0,-1.504950956761D0,1.938131702625D0,0D0,         797P    740
-1.453042936661D0,1.922890608993D0,0D0,-1.407535406969D0,            797P    741
1.893641856177D0,0D0,-1.372097109775D0,1.852760237449D0,0D0,         797P    742
-1.349665929497D0,1.803538113665D0,0D0,-1.344428361112D0,            797P    743
1.767870327447D0,0D0,-1.3445D0,1.75D0,0D0,0D0,1D0,0D0,0D0,1D0;       797P    744
102,2,795,797;                                                       799P    745
142,0,653,799,793,1;                                                 801P    746
102,2,67,71;                                                         803P    747
126,19,3,0,0,1,0,0D0,0D0,0D0,0D0,5.882352941176D-2,                  805P    748
1.176470588235D-1,1.764705882353D-1,2.352941176471D-1,               805P    749
2.941176470588D-1,3.529411764706D-1,4.117647058824D-1,               805P    750
4.705882352941D-1,5.294117647059D-1,5.882352941176D-1,               805P    751
6.470588235294D-1,7.058823529412D-1,7.647058823529D-1,               805P    752
8.235294117647D-1,8.823529411765D-1,9.411764705882D-1,1D0,1D0,       805P    753
1D0,1D0,1D0,1D0,1D0,1D0,1D0,1D0,1D0,1D0,1D0,1D0,1D0,1D0,1D0,1D0,     805P    754
1D0,1D0,1D0,1D0,1D0,1D0,9.615D-1,0D0,0D0,9.615659748537D-1,          805P    755
-5.924020901235D-2,0D0,9.504928390327D-1,-1.776779048344D-1,0D0,     805P    756
9.016979131814D-1,-3.493179878450D-1,0D0,8.221477996754D-1,          805P    757
-5.090533160192D-1,0D0,7.146135441410D-1,-6.514558957177D-1,0D0,     805P    758
5.827404672064D-1,-7.716732693070D-1,0D0,4.310238043054D-1,          805P    759
-8.656124112340D-1,0D0,2.646288900471D-1,-9.300741135844D-1,0D0,     805P    760
8.922242523224D-2,-9.628632698923D-1,0D0,-8.922242523224D-2,         805P    761
-9.628632698923D-1,0D0,-2.646288900471D-1,-9.300741135844D-1,        805P    762
0D0,-4.310238043054D-1,-8.656124112340D-1,0D0,                       805P    763
-5.827404672064D-1,-7.716732693070D-1,0D0,-7.146135441410D-1,        805P    764
-6.514558957177D-1,0D0,-8.221477996754D-1,-5.090533160192D-1,        805P    765
0D0,-9.016979131814D-1,-3.493179878450D-1,0D0,                       805P    766
-9.504928390327D-1,-1.776779048344D-1,0D0,-9.615659748537D-1,        805P    767
-5.924020901235D-2,0D0,-9.615D-1,0D0,0D0,0D0,1D0,0D0,0D0,1D0;        805P    768
126,19,3,0,0,1,0,0D0,0D0,0D0,0D0,5.882352941176D-2,                  807P    769
1.176470588235D-1,1.764705882353D-1,2.352941176471D-1,               807P    770
2.941176470588D-1,3.529411764706D-1,4.117647058824D-1,               807P    771
4.705882352941D-1,5.294117647059D-1,5.882352941176D-1,               807P    772
6.470588235294D-1,7.058823529412D-1,7.647058823529D-1,               807P    773
8.235294117647D-1,8.823529411765D-1,9.411764705882D-1,1D0,1D0,       807P    774
1D0,1D0,1D0,1D0,1D0,1D0,1D0,1D0,1D0,1D0,1D0,1D0,1D0,1D0,1D0,1D0,     807P    775
1D0,1D0,1D0,1D0,1D0,1D0,-9.615D-1,0D0,0D0,-9.615659748537D-1,        807P    776
5.924020901235D-2,0D0,-9.504928390327D-1,1.776779048344D-1,0D0,      807P    777
-9.016979131814D-1,3.493179878450D-1,0D0,-8.221477996754D-1,         807P    778
5.090533160192D-1,0D0,-7.146135441410D-1,6.514558957177D-1,0D0,      807P    779
-5.827404672064D-1,7.716732693070D-1,0D0,-4.310238043053D-1,         807P    780
8.656124112340D-1,0D0,-2.646288900471D-1,9.300741135844D-1,0D0,      807P    781
-8.922242523224D-2,9.628632698923D-1,0D0,8.922242523224D-2,          807P    782
9.628632698923D-1,0D0,2.646288900471D-1,9.300741135844D-1,0D0,       807P    783
4.310238043053D-1,8.656124112340D-1,0D0,5.827404672064D-1,           807P    784
7.716732693070D-1,0D0,7.146135441410D-1,6.514558957177D-1,0D0,       807P    785
8.221477996754D-1,5.090533160192D-1,0D0,9.016979131814D-1,           807P    786
3.493179878450D-1,0D0,9.504928390327D-1,1.776779048344D-1,0D0,       807P    787
9.615659748537D-1,5.924020901235D-2,0D0,9.615D-1,0D0,0D0,0D0,        807P    788
1D0,0D0,0D0,1D0;                                                     807P    789
102,2,805,807;                                                       809P    790
142,0,653,809,803,1;                                                 811P    791
144,653,1,9,721,731,741,751,761,771,781,791,801,811;                 813P    792
110,5.156D0,-1.5D0,-2.5D-1,5.156D0,-1.5D0,-1.25D0;                   815P    793
110,5.4385D0,-1.5D0,-2.35D-1,5.4385D0,-1.5D0,-1.015D0;               817P    794
120,815,817,-6.283185307180D-2,3.204424506662D0;                     819P    795
110,4.8735D0,-1.5D0,-1D0,4.8735D0,-1.5D0,-2.5D-1;                    821P    796
124,-1D0,0D0,0D0,5.156D0,0D0,-1D0,0D0,-1.5D0,0D0,0D0,1D0,            823P    797
-2.5D-1;                                                             823P    798
100,0D0,0D0,0D0,2.825D-1,0D0,-2.825D-1,0D0;                          825P    799
102,4,3,821,825,111;                                                 827P    800
110,9.807692307692D-1,0D0,0D0,9.807692307692D-1,                     829P    801
3.141592653590D0,0D0;                                                829P    802
110,9.807692307692D-1,3.141592653590D0,0D0,1.923076923077D-2,        831P    803
3.141592653590D0,0D0;                                                831P    804
110,1.923076923077D-2,3.141592653590D0,0D0,1.923076923077D-2,        833P    805
0D0,0D0;                                                             833P    806
110,1.923076923077D-2,0D0,0D0,9.807692307692D-1,0D0,0D0;             835P    807
102,4,829,831,833,835;                                               837P    808
142,0,819,837,827,1;                                                 839P    809
144,819,1,0,839;                                                     841P    810
110,5.156D0,-1.5D0,-2.5D-1,5.156D0,-1.5D0,-1.25D0;                   843P    811
110,5.4385D0,-1.5D0,-2.35D-1,5.4385D0,-1.5D0,-1.015D0;               845P    812
120,843,845,3.078760800518D0,6.346017160251D0;                       847P    813
110,5.4385D0,-1.5D0,-1D0,5.4385D0,-1.5D0,-2.5D-1;                    849P    814
124,1D0,0D0,0D0,5.156D0,0D0,1D0,0D0,-1.5D0,0D0,0D0,1D0,-2.5D-1;      851P    815
100,0D0,0D0,0D0,2.825D-1,0D0,-2.825D-1,0D0;                          853P    816
102,4,7,849,853,113;                                                 855P    817
110,9.807692307692D-1,3.141592653590D0,0D0,9.807692307692D-1,        857P    818
6.283185307180D0,0D0;                                                857P    819
110,9.807692307692D-1,6.283185307180D0,0D0,1.923076923077D-2,        859P    820
6.283185307180D0,0D0;                                                859P    821
110,1.923076923077D-2,6.283185307180D0,0D0,1.923076923077D-2,        861P    822
3.141592653590D0,0D0;                                                861P    823
110,1.923076923077D-2,3.141592653590D0,0D0,9.807692307692D-1,        863P    824
3.141592653590D0,0D0;                                                863P    825
102,4,857,859,861,863;                                               865P    826
142,0,847,865,855,1;                                                 867P    827
144,847,1,0,867;                                                     869P    828
128,1,1,1,1,0,0,1,0,0,-3.207D0,-3.207D0,5.893D0,5.893D0,-2.21D0,     871P    829
-2.21D0,2.21D0,2.21D0,1D0,1D0,1D0,1D0,-3.207D0,-2.21D0,-2.5D-1,      871P    830
5.893D0,-2.21D0,-2.5D-1,-3.207D0,2.21D0,-2.5D-1,5.893D0,2.21D0,      871P    831
-2.5D-1,-3.207D0,5.893D0,-2.21D0,2.21D0;                             871P    832
102,8,195,209,207,205,203,201,199,197;                               873P    833
110,3.797442604793D0,-1.8045D0,0D0,4.2725D0,-1.329442604793D0,       875P    834
0D0;                                                                 875P    835
110,4.2725D0,-1.329442604793D0,0D0,4.2725D0,1.329442604793D0,        877P    836
0D0;                                                                 877P    837
110,4.2725D0,1.329442604793D0,0D0,3.797442604793D0,1.8045D0,0D0;     879P    838
110,3.797442604793D0,1.8045D0,0D0,-1.111442604793D0,1.8045D0,        881P    839
0D0;                                                                 881P    840
110,-1.111442604793D0,1.8045D0,0D0,-1.5865D0,1.329442604793D0,       883P    841
0D0;                                                                 883P    842
110,-1.5865D0,1.329442604793D0,0D0,-1.5865D0,-1.329442604793D0,      885P    843
0D0;                                                                 885P    844
110,-1.5865D0,-1.329442604793D0,0D0,-1.111442604793D0,-1.8045D0,     887P    845
0D0;                                                                 887P    846
110,-1.111442604793D0,-1.8045D0,0D0,3.797442604793D0,-1.8045D0,      889P    847
0D0;                                                                 889P    848
102,8,875,877,879,881,883,885,887,889;                               891P    849
142,0,871,891,873,1;                                                 893P    850
110,-1.402D0,-9.95D-1,-2.5D-1,-1.402D0,9.95D-1,-2.5D-1;              895P    851
110,-7.72D-1,1.625D0,-2.5D-1,3.468D0,1.625D0,-2.5D-1;                897P    852
110,4.098D0,9.95D-1,-2.5D-1,4.098D0,-9.95D-1,-2.5D-1;                899P    853
110,3.468D0,-1.625D0,-2.5D-1,-7.72D-1,-1.625D0,-2.5D-1;              901P    854
102,8,895,241,897,249,899,257,901,265;                               903P    855
110,-1.402D0,-9.95D-1,0D0,-1.402D0,9.95D-1,0D0;                      905P    856
110,-1.402D0,9.95D-1,0D0,-7.72D-1,1.625D0,0D0;                       907P    857
110,-7.72D-1,1.625D0,0D0,3.468D0,1.625D0,0D0;                        909P    858
110,3.468D0,1.625D0,0D0,4.098D0,9.95D-1,0D0;                         911P    859
110,4.098D0,9.95D-1,0D0,4.098D0,-9.95D-1,0D0;                        913P    860
110,4.098D0,-9.95D-1,0D0,3.468D0,-1.625D0,0D0;                       915P    861
110,3.468D0,-1.625D0,0D0,-7.72D-1,-1.625D0,0D0;                      917P    862
110,-7.72D-1,-1.625D0,0D0,-1.402D0,-9.95D-1,0D0;                     919P    863
102,8,905,907,909,911,913,915,917,919;                               921P    864
142,0,871,921,903,1;                                                 923P    865
144,871,1,1,893,923;                                                 925P    866
128,1,1,1,1,0,0,1,0,0,-3.207D0,-3.207D0,5.893D0,5.893D0,-2.21D0,     927P    867
-2.21D0,2.21D0,2.21D0,1D0,1D0,1D0,1D0,-3.207D0,-2.21D0,-2.5D-1,      927P    868
5.893D0,-2.21D0,-2.5D-1,-3.207D0,2.21D0,-2.5D-1,5.893D0,2.21D0,      927P    869
-2.5D-1,-3.207D0,5.893D0,-2.21D0,2.21D0;                             927P    870
124,0D0,1D0,0D0,-2.375D0,1D0,0D0,0D0,1.375D0,0D0,0D0,-1D0,           929P    871
-2.5D-1;                                                             929P    872
100,0D0,0D0,0D0,2.81D-1,0D0,-2.81D-1,0D0;                            931P    873
124,0D0,1D0,0D0,-2.469D0,1D0,0D0,0D0,0D0,0D0,0D0,-1D0,-2.5D-1;       933P    874
100,0D0,0D0,0D0,2.5D-1,0D0,-2.5D-1,0D0;                              935P    875
102,16,561,237,573,235,605,233,231,931,225,223,221,935,215,213,      937P    876
651,211;                                                             937P    877
126,7,3,0,0,1,0,0D0,0D0,0D0,0D0,1.993551252293D-1,                   939P    878
4.012653042662D-1,5.987346957338D-1,8.006448747707D-1,1D0,1D0,       939P    879
1D0,1D0,1D0,1D0,1D0,1D0,1D0,1D0,1D0,1D0,5.598D0,-2.125D0,0D0,        939P    880
5.610545824643D0,-2.125068783284D0,0D0,5.635724409220D0,             939P    881
-2.120989613030D0,0D0,5.669674774714D0,-2.103713451986D0,0D0,        939P    882
5.696713451986D0,-2.076674774714D0,0D0,5.713989613030D0,             939P    883
-2.042724409220D0,0D0,5.718068783284D0,-2.017545824643D0,0D0,        939P    884
5.718D0,-2.005D0,0D0,0D0,1D0,0D0,0D0,1D0;                            939P    885
110,5.718D0,-2.005D0,0D0,5.718D0,2.005D0,0D0;                        941P    886
126,7,3,0,0,1,0,0D0,0D0,0D0,0D0,1.993551252293D-1,                   943P    887
4.012653042662D-1,5.987346957338D-1,8.006448747707D-1,1D0,1D0,       943P    888
1D0,1D0,1D0,1D0,1D0,1D0,1D0,1D0,1D0,1D0,5.718D0,2.005D0,0D0,         943P    889
5.718068783284D0,2.017545824643D0,0D0,5.713989613030D0,              943P    890
2.042724409220D0,0D0,5.696713451986D0,2.076674774714D0,0D0,          943P    891
5.669674774714D0,2.103713451986D0,0D0,5.635724409220D0,              943P    892
2.120989613030D0,0D0,5.610545824643D0,2.125068783284D0,0D0,          943P    893
5.598D0,2.125D0,0D0,0D0,1D0,0D0,0D0,1D0;                             943P    894
110,5.598D0,2.125D0,0D0,-2.912D0,2.125D0,0D0;                        945P    895
126,7,3,0,0,1,0,0D0,0D0,0D0,0D0,1.993551252293D-1,                   947P    896
4.012653042662D-1,5.987346957338D-1,8.006448747707D-1,1D0,1D0,       947P    897
1D0,1D0,1D0,1D0,1D0,1D0,1D0,1D0,1D0,1D0,-2.912D0,2.125D0,0D0,        947P    898
-2.924545824643D0,2.125068783284D0,0D0,-2.949724409220D0,            947P    899
2.120989613030D0,0D0,-2.983674774714D0,2.103713451986D0,0D0,         947P    900
-3.010713451986D0,2.076674774714D0,0D0,-3.027989613030D0,            947P    901
2.042724409220D0,0D0,-3.032068783284D0,2.017545824643D0,0D0,         947P    902
-3.032D0,2.005D0,0D0,0D0,1D0,0D0,0D0,1D0;                            947P    903
110,-3.032D0,2.005D0,0D0,-3.032D0,1.656D0,0D0;                       949P    904
110,-3.032D0,1.656D0,0D0,-2.375D0,1.656D0,0D0;                       951P    905
126,15,3,0,0,1,0,0D0,0D0,0D0,0D0,7.692307692308D-2,                  953P    906
1.538461538462D-1,2.307692307692D-1,3.076923076923D-1,               953P    907
3.846153846154D-1,4.615384615385D-1,5.384615384615D-1,               953P    908
6.153846153846D-1,6.923076923077D-1,7.692307692308D-1,               953P    909
8.461538461538D-1,9.230769230769D-1,1D0,1D0,1D0,1D0,1D0,1D0,1D0,     953P    910
1D0,1D0,1D0,1D0,1D0,1D0,1D0,1D0,1D0,1D0,1D0,1D0,1D0,-2.375D0,        953P    911
1.656D0,0D0,-2.352351126713D0,1.656055693909D0,0D0,                  953P    912
-2.307100933004D0,1.650477343728D0,0D0,-2.243133834427D0,            953P    913
1.626253660270D0,0D0,-2.186840461224D0,1.587386874444D0,0D0,         953P    914
-2.141479518885D0,1.536187963372D0,0D0,-2.109690665340D0,            953P    915
1.475618435058D0,0D0,-2.093320434586D0,1.409202135951D0,0D0,         953P    916
-2.093320434586D0,1.340797864049D0,0D0,-2.109690665340D0,            953P    917
1.274381564942D0,0D0,-2.141479518885D0,1.213812036628D0,0D0,         953P    918
-2.186840461224D0,1.162613125556D0,0D0,-2.243133834427D0,            953P    919
1.123746339730D0,0D0,-2.307100933004D0,1.099522656272D0,0D0,         953P    920
-2.352351126713D0,1.093944306091D0,0D0,-2.375D0,1.094D0,0D0,0D0,     953P    921
1D0,0D0,0D0,1D0;                                                     953P    922
110,-2.375D0,1.094D0,0D0,-3.032D0,1.094D0,0D0;                       955P    923
110,-3.032D0,1.094D0,0D0,-3.032D0,2.5D-1,0D0;                        957P    924
110,-3.032D0,2.5D-1,0D0,-2.469D0,2.5D-1,0D0;                         959P    925
126,14,3,0,0,1,0,0D0,0D0,0D0,0D0,8.333333333333D-2,                  961P    926
1.666666666667D-1,2.5D-1,3.333333333333D-1,4.166666666667D-1,        961P    927
5D-1,5.833333333333D-1,6.666666666667D-1,7.5D-1,                     961P    928
8.333333333333D-1,9.166666666667D-1,1D0,1D0,1D0,1D0,1D0,1D0,1D0,     961P    929
1D0,1D0,1D0,1D0,1D0,1D0,1D0,1D0,1D0,1D0,1D0,1D0,-2.469D0,2.5D-1,     961P    930
0D0,-2.447165765919D0,2.500678954578D-1,0D0,-2.403560318299D0,       961P    931
2.442242169387D-1,0D0,-2.342561669421D0,2.190021369616D-1,0D0,       961P    932
-2.290193004017D0,1.788053408916D-1,0D0,-2.250006142731D0,           961P    933
1.264366712520D-1,0D0,-2.224744319381D0,6.544797410044D-2,0D0,       961P    934
-2.216127840309D0,0D0,0D0,-2.224744319381D0,-6.544797410045D-2,      961P    935
0D0,-2.250006142731D0,-1.264366712520D-1,0D0,-2.290193004017D0,      961P    936
-1.788053408916D-1,0D0,-2.342561669421D0,-2.190021369616D-1,0D0,     961P    937
-2.403560318299D0,-2.442242169387D-1,0D0,-2.447165765919D0,          961P    938
-2.500678954578D-1,0D0,-2.469D0,-2.5D-1,0D0,0D0,1D0,0D0,0D0,1D0;     961P    939
110,-2.469D0,-2.5D-1,0D0,-3.032D0,-2.5D-1,0D0;                       963P    940
110,-3.032D0,-2.5D-1,0D0,-3.032D0,-2.005D0,0D0;                      965P    941
126,7,3,0,0,1,0,0D0,0D0,0D0,0D0,1.993551252293D-1,                   967P    942
4.012653042662D-1,5.987346957338D-1,8.006448747707D-1,1D0,1D0,       967P    943
1D0,1D0,1D0,1D0,1D0,1D0,1D0,1D0,1D0,1D0,-3.032D0,-2.005D0,0D0,       967P    944
-3.032068783284D0,-2.017545824643D0,0D0,-3.027989613030D0,           967P    945
-2.042724409220D0,0D0,-3.010713451986D0,-2.076674774714D0,0D0,       967P    946
-2.983674774714D0,-2.103713451986D0,0D0,-2.949724409220D0,           967P    947
-2.120989613030D0,0D0,-2.924545824643D0,-2.125068783284D0,0D0,       967P    948
-2.912D0,-2.125D0,0D0,0D0,1D0,0D0,0D0,1D0;                           967P    949
110,-2.912D0,-2.125D0,0D0,5.598D0,-2.125D0,0D0;                      969P    950
102,16,939,941,943,945,947,949,951,953,955,957,959,961,963,965,      971P    951
967,969;                                                             971P    952
142,0,927,971,937,1;                                                 973P    953
102,2,125,129;                                                       975P    954
126,15,3,0,0,1,0,0D0,0D0,0D0,0D0,7.692307692308D-2,                  977P    955
1.538461538462D-1,2.307692307692D-1,3.076923076923D-1,               977P    956
3.846153846154D-1,4.615384615385D-1,5.384615384615D-1,               977P    957
6.153846153846D-1,6.923076923077D-1,7.692307692308D-1,               977P    958
8.461538461538D-1,9.230769230769D-1,1D0,1D0,1D0,1D0,1D0,1D0,1D0,     977P    959
1D0,1D0,1D0,1D0,1D0,1D0,1D0,1D0,1D0,1D0,1D0,1D0,1D0,5.4385D0,        977P    960
-1.5D0,0D0,5.438555991208D0,-1.522769774746D0,0D0,                   977P    961
5.432947863356D0,-1.568261517531D0,0D0,5.408594871980D0,             977P    962
-1.632570077489D0,0D0,5.369520612208D0,-1.689163949126D0,0D0,        977P    963
5.318048397340D0,-1.734767031726D0,0D0,5.257155544142D0,             977P    964
-1.766725576660D0,0D0,5.190384709630D0,-1.783183192987D0,0D0,        977P    965
5.121615290370D0,-1.783183192987D0,0D0,5.054844455858D0,             977P    966
-1.766725576660D0,0D0,4.993951602660D0,-1.734767031726D0,0D0,        977P    967
4.942479387792D0,-1.689163949126D0,0D0,4.903405128020D0,             977P    968
-1.632570077489D0,0D0,4.879052136644D0,-1.568261517531D0,0D0,        977P    969
4.873444008792D0,-1.522769774746D0,0D0,4.8735D0,-1.5D0,0D0,0D0,      977P    970
1D0,0D0,0D0,1D0;                                                     977P    971
126,15,3,0,0,1,0,0D0,0D0,0D0,0D0,7.692307692308D-2,                  979P    972
1.538461538462D-1,2.307692307692D-1,3.076923076923D-1,               979P    973
3.846153846154D-1,4.615384615385D-1,5.384615384615D-1,               979P    974
6.153846153846D-1,6.923076923077D-1,7.692307692308D-1,               979P    975
8.461538461538D-1,9.230769230769D-1,1D0,1D0,1D0,1D0,1D0,1D0,1D0,     979P    976
1D0,1D0,1D0,1D0,1D0,1D0,1D0,1D0,1D0,1D0,1D0,1D0,1D0,4.8735D0,        979P    977
-1.5D0,0D0,4.873444008792D0,-1.477230225254D0,0D0,                   979P    978
4.879052136644D0,-1.431738482469D0,0D0,4.903405128020D0,             979P    979
-1.367429922511D0,0D0,4.942479387792D0,-1.310836050874D0,0D0,        979P    980
4.993951602660D0,-1.265232968274D0,0D0,5.054844455858D0,             979P    981
-1.233274423340D0,0D0,5.121615290370D0,-1.216816807013D0,0D0,        979P    982
5.190384709630D0,-1.216816807013D0,0D0,5.257155544142D0,             979P    983
-1.233274423340D0,0D0,5.318048397340D0,-1.265232968274D0,0D0,        979P    984
5.369520612208D0,-1.310836050874D0,0D0,5.408594871980D0,             979P    985
-1.367429922511D0,0D0,5.432947863356D0,-1.431738482469D0,0D0,        979P    986
5.438555991208D0,-1.477230225254D0,0D0,5.4385D0,-1.5D0,0D0,0D0,      979P    987
1D0,0D0,0D0,1D0;                                                     979P    988
102,2,977,979;                                                       981P    989
142,0,927,981,975,1;                                                 983P    990
102,2,133,137;                                                       985P    991
126,14,3,0,0,1,0,0D0,0D0,0D0,0D0,8.333333333333D-2,                  987P    992
1.666666666667D-1,2.5D-1,3.333333333333D-1,4.166666666667D-1,        987P    993
5D-1,5.833333333333D-1,6.666666666667D-1,7.5D-1,                     987P    994
8.333333333333D-1,9.166666666667D-1,1D0,1D0,1D0,1D0,1D0,1D0,1D0,     987P    995
1D0,1D0,1D0,1D0,1D0,1D0,1D0,1D0,1D0,1D0,1D0,1D0,5.4065D0,0D0,        987P    996
0D0,5.406568031249D0,-2.187790254936D-2,0D0,5.400712665373D0,        987P    997
-6.557056106424D-2,0D0,5.375440141236D0,-1.266912072402D-1,0D0,      987P    998
5.335162951573D0,-1.791646099750D-1,0D0,5.282689544595D0,            987P    999
-2.194318449833D-1,0D0,5.221578870049D0,-2.447441919798D-1,0D0,      987P   1000
5.156D0,-2.533779040101D-1,0D0,5.090421129951D0,                     987P   1001
-2.447441919798D-1,0D0,5.029310455405D0,-2.194318449833D-1,0D0,      987P   1002
4.976837048427D0,-1.791646099750D-1,0D0,4.936559858764D0,            987P   1003
-1.266912072402D-1,0D0,4.911287334627D0,-6.557056106424D-2,0D0,      987P   1004
4.905431968751D0,-2.187790254936D-2,0D0,4.9055D0,0D0,0D0,0D0,        987P   1005
1D0,0D0,0D0,1D0;                                                     987P   1006
126,14,3,0,0,1,0,0D0,0D0,0D0,0D0,8.333333333333D-2,                  989P   1007
1.666666666667D-1,2.5D-1,3.333333333333D-1,4.166666666667D-1,        989P   1008
5D-1,5.833333333333D-1,6.666666666667D-1,7.5D-1,                     989P   1009
8.333333333333D-1,9.166666666667D-1,1D0,1D0,1D0,1D0,1D0,1D0,1D0,     989P   1010
1D0,1D0,1D0,1D0,1D0,1D0,1D0,1D0,1D0,1D0,1D0,1D0,4.9055D0,0D0,        989P   1011
0D0,4.905431968751D0,2.187790254936D-2,0D0,4.911287334627D0,         989P   1012
6.557056106424D-2,0D0,4.936559858764D0,1.266912072402D-1,0D0,        989P   1013
4.976837048427D0,1.791646099750D-1,0D0,5.029310455405D0,             989P   1014
2.194318449833D-1,0D0,5.090421129951D0,2.447441919798D-1,0D0,        989P   1015
5.156D0,2.533779040101D-1,0D0,5.221578870049D0,                      989P   1016
2.447441919798D-1,0D0,5.282689544595D0,2.194318449833D-1,0D0,        989P   1017
5.335162951573D0,1.791646099750D-1,0D0,5.375440141236D0,             989P   1018
1.266912072402D-1,0D0,5.400712665373D0,6.557056106424D-2,0D0,        989P   1019
5.406568031249D0,2.187790254936D-2,0D0,5.4065D0,0D0,0D0,0D0,1D0,     989P   1020
0D0,0D0,1D0;                                                         989P   1021
102,2,987,989;                                                       991P   1022
142,0,927,991,985,1;                                                 993P   1023
102,2,141,145;                                                       995P   1024
126,15,3,0,0,1,0,0D0,0D0,0D0,0D0,7.692307692308D-2,                  997P   1025
1.538461538462D-1,2.307692307692D-1,3.076923076923D-1,               997P   1026
3.846153846154D-1,4.615384615385D-1,5.384615384615D-1,               997P   1027
6.153846153846D-1,6.923076923077D-1,7.692307692308D-1,               997P   1028
8.461538461538D-1,9.230769230769D-1,1D0,1D0,1D0,1D0,1D0,1D0,1D0,     997P   1029
1D0,1D0,1D0,1D0,1D0,1D0,1D0,1D0,1D0,1D0,1D0,1D0,1D0,5.4385D0,        997P   1030
1.5D0,0D0,5.438555991208D0,1.477230225254D0,0D0,                     997P   1031
5.432947863356D0,1.431738482469D0,0D0,5.408594871980D0,              997P   1032
1.367429922511D0,0D0,5.369520612208D0,1.310836050874D0,0D0,          997P   1033
5.318048397340D0,1.265232968274D0,0D0,5.257155544142D0,              997P   1034
1.233274423340D0,0D0,5.190384709630D0,1.216816807013D0,0D0,          997P   1035
5.121615290370D0,1.216816807013D0,0D0,5.054844455858D0,              997P   1036
1.233274423340D0,0D0,4.993951602660D0,1.265232968274D0,0D0,          997P   1037
4.942479387792D0,1.310836050874D0,0D0,4.903405128020D0,              997P   1038
1.367429922511D0,0D0,4.879052136644D0,1.431738482469D0,0D0,          997P   1039
4.873444008792D0,1.477230225254D0,0D0,4.8735D0,1.5D0,0D0,0D0,        997P   1040
1D0,0D0,0D0,1D0;                                                     997P   1041
126,15,3,0,0,1,0,0D0,0D0,0D0,0D0,7.692307692308D-2,                  999P   1042
1.538461538462D-1,2.307692307692D-1,3.076923076923D-1,               999P   1043
3.846153846154D-1,4.615384615385D-1,5.384615384615D-1,               999P   1044
6.153846153846D-1,6.923076923077D-1,7.692307692308D-1,               999P   1045
8.461538461538D-1,9.230769230769D-1,1D0,1D0,1D0,1D0,1D0,1D0,1D0,     999P   1046
1D0,1D0,1D0,1D0,1D0,1D0,1D0,1D0,1D0,1D0,1D0,1D0,1D0,4.8735D0,        999P   1047
1.5D0,0D0,4.873444008792D0,1.522769774746D0,0D0,                     999P   1048
4.879052136644D0,1.568261517531D0,0D0,4.903405128020D0,              999P   1049
1.632570077489D0,0D0,4.942479387792D0,1.689163949126D0,0D0,          999P   1050
4.993951602660D0,1.734767031726D0,0D0,5.054844455858D0,              999P   1051
1.766725576660D0,0D0,5.121615290370D0,1.783183192987D0,0D0,          999P   1052
5.190384709630D0,1.783183192987D0,0D0,5.257155544142D0,              999P   1053
1.766725576660D0,0D0,5.318048397340D0,1.734767031726D0,0D0,          999P   1054
5.369520612208D0,1.689163949126D0,0D0,5.408594871980D0,              999P   1055
1.632570077489D0,0D0,5.432947863356D0,1.568261517531D0,0D0,          999P   1056
5.438555991208D0,1.522769774746D0,0D0,5.4385D0,1.5D0,0D0,0D0,        999P   1057
1D0,0D0,0D0,1D0;                                                     999P   1058
102,2,997,999;                                                      1001P   1059
142,0,927,1001,995,1;                                               1003P   1060
124,1D0,0D0,0D0,4.218D0,0D0,-1D0,0D0,1.75D0,0D0,0D0,-1D0,           1005P   1061
-2.5D-1;                                                            1005P   1062
100,0D0,0D0,0D0,1.015D-1,0D0,-1.015D-1,0D0;                         1007P   1063
124,-1D0,0D0,0D0,4.218D0,0D0,1D0,0D0,1.75D0,0D0,0D0,-1D0,           1009P   1064
-2.5D-1;                                                            1009P   1065
100,0D0,0D0,0D0,1.015D-1,0D0,-1.015D-1,0D0;                         1011P   1066
102,2,1007,1011;                                                    1013P   1067
126,12,3,0,0,1,0,0D0,0D0,0D0,0D0,1D-1,2D-1,3D-1,4D-1,5D-1,6D-1,     1015P   1068
7D-1,8D-1,9D-1,1D0,1D0,1D0,1D0,1D0,1D0,1D0,1D0,1D0,1D0,1D0,1D0,     1015P   1069
1D0,1D0,1D0,1D0,1D0,4.3195D0,1.75D0,0D0,4.319556281107D0,           1015P   1070
1.739353241058D0,0D0,4.316107111050D0,1.718123067279D0,0D0,         1015P   1071
4.301484108087D0,1.689348053362D0,0D0,4.278647806178D0,             1015P   1072
1.666523500627D0,0D0,4.249885885849D0,1.651866594557D0,0D0,         1015P   1073
4.218D0,1.646816702721D0,0D0,4.186114114151D0,1.651866594557D0,     1015P   1074
0D0,4.157352193822D0,1.666523500627D0,0D0,4.134515891913D0,         1015P   1075
1.689348053362D0,0D0,4.119892888950D0,1.718123067279D0,0D0,         1015P   1076
4.116443718893D0,1.739353241058D0,0D0,4.1165D0,1.75D0,0D0,0D0,      1015P   1077
1D0,0D0,0D0,1D0;                                                    1015P   1078
126,12,3,0,0,1,0,0D0,0D0,0D0,0D0,1D-1,2D-1,3D-1,4D-1,5D-1,6D-1,     1017P   1079
7D-1,8D-1,9D-1,1D0,1D0,1D0,1D0,1D0,1D0,1D0,1D0,1D0,1D0,1D0,1D0,     1017P   1080
1D0,1D0,1D0,1D0,1D0,4.1165D0,1.75D0,0D0,4.116443718893D0,           1017P   1081
1.760646758942D0,0D0,4.119892888950D0,1.781876932721D0,0D0,         1017P   1082
4.134515891913D0,1.810651946638D0,0D0,4.157352193822D0,             1017P   1083
1.833476499373D0,0D0,4.186114114151D0,1.848133405443D0,0D0,         1017P   1084
4.218D0,1.853183297279D0,0D0,4.249885885849D0,1.848133405443D0,     1017P   1085
0D0,4.278647806178D0,1.833476499373D0,0D0,4.301484108087D0,         1017P   1086
1.810651946638D0,0D0,4.316107111050D0,1.781876932721D0,0D0,         1017P   1087
4.319556281107D0,1.760646758942D0,0D0,4.3195D0,1.75D0,0D0,0D0,      1017P   1088
1D0,0D0,0D0,1D0;                                                    1017P   1089
102,2,1015,1017;                                                    1019P   1090
142,0,927,1019,1013,1;                                              1021P   1091
124,1D0,0D0,0D0,4.218D0,0D0,-1D0,0D0,-1.75D0,0D0,0D0,-1D0,          1023P   1092
-2.5D-1;                                                            1023P   1093
100,0D0,0D0,0D0,1.015D-1,0D0,-1.015D-1,0D0;                         1025P   1094
124,-1D0,0D0,0D0,4.218D0,0D0,1D0,0D0,-1.75D0,0D0,0D0,-1D0,          1027P   1095
-2.5D-1;                                                            1027P   1096
100,0D0,0D0,0D0,1.015D-1,0D0,-1.015D-1,0D0;                         1029P   1097
102,2,1025,1029;                                                    1031P   1098
126,12,3,0,0,1,0,0D0,0D0,0D0,0D0,1D-1,2D-1,3D-1,4D-1,5D-1,6D-1,     1033P   1099
7D-1,8D-1,9D-1,1D0,1D0,1D0,1D0,1D0,1D0,1D0,1D0,1D0,1D0,1D0,1D0,     1033P   1100
1D0,1D0,1D0,1D0,1D0,4.3195D0,-1.75D0,0D0,4.319556281107D0,          1033P   1101
-1.760646758942D0,0D0,4.316107111050D0,-1.781876932721D0,0D0,       1033P   1102
4.301484108087D0,-1.810651946638D0,0D0,4.278647806178D0,            1033P   1103
-1.833476499373D0,0D0,4.249885885849D0,-1.848133405443D0,0D0,       1033P   1104
4.218D0,-1.853183297279D0,0D0,4.186114114151D0,                     1033P   1105
-1.848133405443D0,0D0,4.157352193822D0,-1.833476499373D0,0D0,       1033P   1106
4.134515891913D0,-1.810651946638D0,0D0,4.119892888950D0,            1033P   1107
-1.781876932721D0,0D0,4.116443718893D0,-1.760646758942D0,0D0,       1033P   1108
4.1165D0,-1.75D0,0D0,0D0,1D0,0D0,0D0,1D0;                           1033P   1109
126,12,3,0,0,1,0,0D0,0D0,0D0,0D0,1D-1,2D-1,3D-1,4D-1,5D-1,6D-1,     1035P   1110
7D-1,8D-1,9D-1,1D0,1D0,1D0,1D0,1D0,1D0,1D0,1D0,1D0,1D0,1D0,1D0,     1035P   1111
1D0,1D0,1D0,1D0,1D0,4.1165D0,-1.75D0,0D0,4.116443718893D0,          1035P   1112
-1.739353241058D0,0D0,4.119892888950D0,-1.718123067279D0,0D0,       1035P   1113
4.134515891913D0,-1.689348053362D0,0D0,4.157352193822D0,            1035P   1114
-1.666523500627D0,0D0,4.186114114151D0,-1.651866594557D0,0D0,       1035P   1115
4.218D0,-1.646816702721D0,0D0,4.249885885849D0,                     1035P   1116
-1.651866594557D0,0D0,4.278647806178D0,-1.666523500627D0,0D0,       1035P   1117
4.301484108087D0,-1.689348053362D0,0D0,4.316107111050D0,            1035P   1118
-1.718123067279D0,0D0,4.319556281107D0,-1.739353241058D0,0D0,       1035P   1119
4.3195D0,-1.75D0,0D0,0D0,1D0,0D0,0D0,1D0;                           1035P   1120
102,2,1033,1035;                                                    1037P   1121
142,0,927,1037,1031,1;                                              1039P   1122
124,1D0,0D0,0D0,-1.532D0,0D0,-1D0,0D0,-1.75D0,0D0,0D0,-1D0,         1041P   1123
-2.5D-1;                                                            1041P   1124
100,0D0,0D0,0D0,1.015D-1,0D0,-1.015D-1,0D0;                         1043P   1125
124,-1D0,0D0,0D0,-1.532D0,0D0,1D0,0D0,-1.75D0,0D0,0D0,-1D0,         1045P   1126
-2.5D-1;                                                            1045P   1127
100,0D0,0D0,0D0,1.015D-1,0D0,-1.015D-1,0D0;                         1047P   1128
102,2,1043,1047;                                                    1049P   1129
126,12,3,0,0,1,0,0D0,0D0,0D0,0D0,1D-1,2D-1,3D-1,4D-1,5D-1,6D-1,     1051P   1130
7D-1,8D-1,9D-1,1D0,1D0,1D0,1D0,1D0,1D0,1D0,1D0,1D0,1D0,1D0,1D0,     1051P   1131
1D0,1D0,1D0,1D0,1D0,-1.4305D0,-1.75D0,0D0,-1.430443718893D0,        1051P   1132
-1.760646758942D0,0D0,-1.433892888950D0,-1.781876932721D0,0D0,      1051P   1133
-1.448515891913D0,-1.810651946638D0,0D0,-1.471352193822D0,          1051P   1134
-1.833476499373D0,0D0,-1.500114114151D0,-1.848133405443D0,0D0,      1051P   1135
-1.532D0,-1.853183297279D0,0D0,-1.563885885849D0,                   1051P   1136
-1.848133405443D0,0D0,-1.592647806178D0,-1.833476499373D0,0D0,      1051P   1137
-1.615484108087D0,-1.810651946638D0,0D0,-1.630107111050D0,          1051P   1138
-1.781876932721D0,0D0,-1.633556281107D0,-1.760646758942D0,0D0,      1051P   1139
-1.6335D0,-1.75D0,0D0,0D0,1D0,0D0,0D0,1D0;                          1051P   1140
126,12,3,0,0,1,0,0D0,0D0,0D0,0D0,1D-1,2D-1,3D-1,4D-1,5D-1,6D-1,     1053P   1141
7D-1,8D-1,9D-1,1D0,1D0,1D0,1D0,1D0,1D0,1D0,1D0,1D0,1D0,1D0,1D0,     1053P   1142
1D0,1D0,1D0,1D0,1D0,-1.6335D0,-1.75D0,0D0,-1.633556281107D0,        1053P   1143
-1.739353241058D0,0D0,-1.630107111050D0,-1.718123067279D0,0D0,      1053P   1144
-1.615484108087D0,-1.689348053362D0,0D0,-1.592647806178D0,          1053P   1145
-1.666523500627D0,0D0,-1.563885885849D0,-1.651866594557D0,0D0,      1053P   1146
-1.532D0,-1.646816702721D0,0D0,-1.500114114151D0,                   1053P   1147
-1.651866594557D0,0D0,-1.471352193822D0,-1.666523500627D0,0D0,      1053P   1148
-1.448515891913D0,-1.689348053362D0,0D0,-1.433892888950D0,          1053P   1149
-1.718123067279D0,0D0,-1.430443718893D0,-1.739353241058D0,0D0,      1053P   1150
-1.4305D0,-1.75D0,0D0,0D0,1D0,0D0,0D0,1D0;                          1053P   1151
102,2,1051,1053;                                                    1055P   1152
142,0,927,1055,1049,1;                                              1057P   1153
124,1D0,0D0,0D0,-1.532D0,0D0,-1D0,0D0,1.75D0,0D0,0D0,-1D0,          1059P   1154
-2.5D-1;                                                            1059P   1155
100,0D0,0D0,0D0,1.015D-1,0D0,-1.015D-1,0D0;                         1061P   1156
124,-1D0,0D0,0D0,-1.532D0,0D0,1D0,0D0,1.75D0,0D0,0D0,-1D0,          1063P   1157
-2.5D-1;                                                            1063P   1158
100,0D0,0D0,0D0,1.015D-1,0D0,-1.015D-1,0D0;                         1065P   1159
102,2,1061,1065;                                                    1067P   1160
126,12,3,0,0,1,0,0D0,0D0,0D0,0D0,1D-1,2D-1,3D-1,4D-1,5D-1,6D-1,     1069P   1161
7D-1,8D-1,9D-1,1D0,1D0,1D0,1D0,1D0,1D0,1D0,1D0,1D0,1D0,1D0,1D0,     1069P   1162
1D0,1D0,1D0,1D0,1D0,-1.4305D0,1.75D0,0D0,-1.430443718893D0,         1069P   1163
1.739353241058D0,0D0,-1.433892888950D0,1.718123067279D0,0D0,        1069P   1164
-1.448515891913D0,1.689348053362D0,0D0,-1.471352193822D0,           1069P   1165
1.666523500627D0,0D0,-1.500114114151D0,1.651866594557D0,0D0,        1069P   1166
-1.532D0,1.646816702721D0,0D0,-1.563885885849D0,                    1069P   1167
1.651866594557D0,0D0,-1.592647806178D0,1.666523500627D0,0D0,        1069P   1168
-1.615484108087D0,1.689348053362D0,0D0,-1.630107111050D0,           1069P   1169
1.718123067279D0,0D0,-1.633556281107D0,1.739353241058D0,0D0,        1069P   1170
-1.6335D0,1.75D0,0D0,0D0,1D0,0D0,0D0,1D0;                           1069P   1171
126,12,3,0,0,1,0,0D0,0D0,0D0,0D0,1D-1,2D-1,3D-1,4D-1,5D-1,6D-1,     1071P   1172
7D-1,8D-1,9D-1,1D0,1D0,1D0,1D0,1D0,1D0,1D0,1D0,1D0,1D0,1D0,1D0,     1071P   1173
1D0,1D0,1D0,1D0,1D0,-1.6335D0,1.75D0,0D0,-1.633556281107D0,         1071P   1174
1.760646758942D0,0D0,-1.630107111050D0,1.781876932721D0,0D0,        1071P   1175
-1.615484108087D0,1.810651946638D0,0D0,-1.592647806178D0,           1071P   1176
1.833476499373D0,0D0,-1.563885885849D0,1.848133405443D0,0D0,        1071P   1177
-1.532D0,1.853183297279D0,0D0,-1.500114114151D0,                    1071P   1178
1.848133405443D0,0D0,-1.471352193822D0,1.833476499373D0,0D0,        1071P   1179
-1.448515891913D0,1.810651946638D0,0D0,-1.433892888950D0,           1071P   1180
1.781876932721D0,0D0,-1.430443718893D0,1.760646758942D0,0D0,        1071P   1181
-1.4305D0,1.75D0,0D0,0D0,1D0,0D0,0D0,1D0;                           1071P   1182
102,2,1069,1071;                                                    1073P   1183
142,0,927,1073,1067,1;                                              1075P   1184
102,8,179,193,191,189,187,185,183,181;                              1077P   1185
110,-1.682D0,1.369D0,0D0,-1.151D0,1.9D0,0D0;                        1079P   1186
110,-1.151D0,1.9D0,0D0,3.837D0,1.9D0,0D0;                           1081P   1187
110,3.837D0,1.9D0,0D0,4.368D0,1.369D0,0D0;                          1083P   1188
110,4.368D0,1.369D0,0D0,4.368D0,-1.369D0,0D0;                       1085P   1189
110,4.368D0,-1.369D0,0D0,3.837D0,-1.9D0,0D0;                        1087P   1190
110,3.837D0,-1.9D0,0D0,-1.151D0,-1.9D0,0D0;                         1089P   1191
110,-1.151D0,-1.9D0,0D0,-1.682D0,-1.369D0,0D0;                      1091P   1192
110,-1.682D0,-1.369D0,0D0,-1.682D0,1.369D0,0D0;                     1093P   1193
102,8,1079,1081,1083,1085,1087,1089,1091,1093;                      1095P   1194
142,0,927,1095,1077,1;                                              1097P   1195
144,927,1,8,973,983,993,1003,1021,1039,1057,1075,1097;              1099P   1196
128,1,1,1,1,0,0,1,0,0,5.902D-1,5.902D-1,2.6598D0,2.6598D0,-5D-3,    1101P   1197
-5D-3,2.55D-1,2.55D-1,1D0,1D0,1D0,1D0,-1.402D0,1.0348D0,            1101P   1198
-2.55D-1,-1.402D0,-1.0348D0,-2.55D-1,-1.402D0,1.0348D0,5D-3,        1101P   1199
-1.402D0,-1.0348D0,5D-3,5.902D-1,2.6598D0,-5D-3,2.55D-1;            1101P   1200
110,-1.402D0,-9.95D-1,0D0,-1.402D0,9.95D-1,0D0;                     1103P   1201
110,-1.402D0,9.95D-1,0D0,-1.402D0,9.95D-1,-2.5D-1;                  1105P   1202
102,4,115,267,1103,1105;                                            1107P   1203
110,6.3D-1,0D0,0D0,2.62D0,0D0,0D0;                                  1109P   1204
110,2.62D0,0D0,0D0,2.62D0,2.5D-1,0D0;                               1111P   1205
110,2.62D0,2.5D-1,0D0,6.3D-1,2.5D-1,0D0;                            1113P   1206
110,6.3D-1,2.5D-1,0D0,6.3D-1,0D0,0D0;                               1115P   1207
102,4,1109,1111,1113,1115;                                          1117P   1208
142,0,1101,1117,1107,1;                                             1119P   1209
144,1101,1,0,1119;                                                  1121P   1210
128,1,1,1,1,0,0,1,0,0,-5D-3,-5D-3,2.55D-1,2.55D-1,                  1123P   1211
-1.781909088590D-2,-1.781909088590D-2,9.087736351810D-1,            1123P   1212
9.087736351810D-1,1D0,1D0,1D0,1D0,-1.4146D0,9.824D-1,-2.55D-1,      1123P   1213
-1.4146D0,9.824D-1,5D-3,-7.594D-1,1.6376D0,-2.55D-1,-7.594D-1,      1123P   1214
1.6376D0,5D-3,-5D-3,2.55D-1,-1.781909088590D-2,                     1123P   1215
9.087736351810D-1;                                                  1123P   1216
110,-7.72D-1,1.625D0,0D0,-7.72D-1,1.625D0,-2.5D-1;                  1125P   1217
110,-7.72D-1,1.625D0,-2.5D-1,-1.402D0,9.95D-1,-2.5D-1;              1127P   1218
102,4,239,245,1125,1127;                                            1129P   1219
110,0D0,0D0,0D0,2.5D-1,0D0,0D0;                                     1131P   1220
110,2.5D-1,0D0,0D0,2.5D-1,8.909545442950D-1,0D0;                    1133P   1221
110,2.5D-1,8.909545442950D-1,0D0,0D0,8.909545442950D-1,0D0;         1135P   1222
110,0D0,8.909545442950D-1,0D0,0D0,0D0,0D0;                          1137P   1223
102,4,1131,1133,1135,1137;                                          1139P   1224
142,0,1123,1139,1129,1;                                             1141P   1225
144,1123,1,0,1141;                                                  1143P   1226
128,1,1,1,1,0,0,1,0,0,5.452D-1,5.452D-1,4.9548D0,4.9548D0,-5D-3,    1145P   1227
-5D-3,2.55D-1,2.55D-1,1D0,1D0,1D0,1D0,3.5528D0,1.625D0,-2.55D-1,    1145P   1228
-8.568D-1,1.625D0,-2.55D-1,3.5528D0,1.625D0,5D-3,-8.568D-1,         1145P   1229
1.625D0,5D-3,5.452D-1,4.9548D0,-5D-3,2.55D-1;                       1145P   1230
110,-7.72D-1,1.625D0,0D0,3.468D0,1.625D0,0D0;                       1147P   1231
110,3.468D0,1.625D0,0D0,3.468D0,1.625D0,-2.5D-1;                    1149P   1232
102,4,121,243,1147,1149;                                            1151P   1233
110,6.3D-1,0D0,0D0,4.87D0,0D0,0D0;                                  1153P   1234
110,4.87D0,0D0,0D0,4.87D0,2.5D-1,0D0;                               1155P   1235
110,4.87D0,2.5D-1,0D0,6.3D-1,2.5D-1,0D0;                            1157P   1236
110,6.3D-1,2.5D-1,0D0,6.3D-1,0D0,0D0;                               1159P   1237
102,4,1153,1155,1157,1159;                                          1161P   1238
142,0,1145,1161,1151,1;                                             1163P   1239
144,1145,1,0,1163;                                                  1165P   1240
128,1,1,1,1,0,0,1,0,0,-5D-3,-5D-3,2.55D-1,2.55D-1,                  1167P   1241
-1.781909088590D-2,-1.781909088590D-2,9.087736351810D-1,            1167P   1242
9.087736351810D-1,1D0,1D0,1D0,1D0,3.4554D0,1.6376D0,-2.55D-1,       1167P   1243
3.4554D0,1.6376D0,5D-3,4.1106D0,9.824D-1,-2.55D-1,4.1106D0,         1167P   1244
9.824D-1,5D-3,-5D-3,2.55D-1,-1.781909088590D-2,                     1167P   1245
9.087736351810D-1;                                                  1167P   1246
110,4.098D0,9.95D-1,0D0,4.098D0,9.95D-1,-2.5D-1;                    1169P   1247
110,4.098D0,9.95D-1,-2.5D-1,3.468D0,1.625D0,-2.5D-1;                1171P   1248
102,4,247,253,1169,1171;                                            1173P   1249
110,0D0,0D0,0D0,2.5D-1,0D0,0D0;                                     1175P   1250
110,2.5D-1,0D0,0D0,2.5D-1,8.909545442950D-1,0D0;                    1177P   1251
110,2.5D-1,8.909545442950D-1,0D0,0D0,8.909545442950D-1,0D0;         1179P   1252
110,0D0,8.909545442950D-1,0D0,0D0,0D0,0D0;                          1181P   1253
102,4,1175,1177,1179,1181;                                          1183P   1254
142,0,1167,1183,1173,1;                                             1185P   1255
144,1167,1,0,1185;                                                  1187P   1256
128,1,1,1,1,0,0,1,0,0,5.902D-1,5.902D-1,2.6598D0,2.6598D0,-5D-3,    1189P   1257
-5D-3,2.55D-1,2.55D-1,1D0,1D0,1D0,1D0,4.098D0,-1.0348D0,            1189P   1258
-2.55D-1,4.098D0,1.0348D0,-2.55D-1,4.098D0,-1.0348D0,5D-3,          1189P   1259
4.098D0,1.0348D0,5D-3,5.902D-1,2.6598D0,-5D-3,2.55D-1;              1189P   1260
110,4.098D0,9.95D-1,0D0,4.098D0,-9.95D-1,0D0;                       1191P   1261
110,4.098D0,-9.95D-1,0D0,4.098D0,-9.95D-1,-2.5D-1;                  1193P   1262
102,4,119,251,1191,1193;                                            1195P   1263
110,6.3D-1,0D0,0D0,2.62D0,0D0,0D0;                                  1197P   1264
110,2.62D0,0D0,0D0,2.62D0,2.5D-1,0D0;                               1199P   1265
110,2.62D0,2.5D-1,0D0,6.3D-1,2.5D-1,0D0;                            1201P   1266
110,6.3D-1,2.5D-1,0D0,6.3D-1,0D0,0D0;                               1203P   1267
102,4,1197,1199,1201,1203;                                          1205P   1268
142,0,1189,1205,1195,1;                                             1207P   1269
144,1189,1,0,1207;                                                  1209P   1270
128,1,1,1,1,0,0,1,0,0,-5D-3,-5D-3,2.55D-1,2.55D-1,                  1211P   1271
-1.781909088590D-2,-1.781909088590D-2,9.087736351810D-1,            1211P   1272
9.087736351810D-1,1D0,1D0,1D0,1D0,4.1106D0,-9.824D-1,-2.55D-1,      1211P   1273
4.1106D0,-9.824D-1,5D-3,3.4554D0,-1.6376D0,-2.55D-1,3.4554D0,       1211P   1274
-1.6376D0,5D-3,-5D-3,2.55D-1,-1.781909088590D-2,                    1211P   1275
9.087736351810D-1;                                                  1211P   1276
110,3.468D0,-1.625D0,0D0,3.468D0,-1.625D0,-2.5D-1;                  1213P   1277
110,3.468D0,-1.625D0,-2.5D-1,4.098D0,-9.95D-1,-2.5D-1;              1215P   1278
102,4,255,261,1213,1215;                                            1217P   1279
110,0D0,0D0,0D0,2.5D-1,0D0,0D0;                                     1219P   1280
110,2.5D-1,0D0,0D0,2.5D-1,8.909545442950D-1,0D0;                    1221P   1281
110,2.5D-1,8.909545442950D-1,0D0,0D0,8.909545442950D-1,0D0;         1223P   1282
110,0D0,8.909545442950D-1,0D0,0D0,0D0,0D0;                          1225P   1283
102,4,1219,1221,1223,1225;                                          1227P   1284
142,0,1211,1227,1217,1;                                             1229P   1285
144,1211,1,0,1229;                                                  1231P   1286
128,1,1,1,1,0,0,1,0,0,5.452D-1,5.452D-1,4.9548D0,4.9548D0,-5D-3,    1233P   1287
-5D-3,2.55D-1,2.55D-1,1D0,1D0,1D0,1D0,-8.568D-1,-1.625D0,           1233P   1288
-2.55D-1,3.5528D0,-1.625D0,-2.55D-1,-8.568D-1,-1.625D0,5D-3,        1233P   1289
3.5528D0,-1.625D0,5D-3,5.452D-1,4.9548D0,-5D-3,2.55D-1;             1233P   1290
110,3.468D0,-1.625D0,0D0,-7.72D-1,-1.625D0,0D0;                     1235P   1291
110,-7.72D-1,-1.625D0,0D0,-7.72D-1,-1.625D0,-2.5D-1;                1237P   1292
102,4,117,259,1235,1237;                                            1239P   1293
110,6.3D-1,0D0,0D0,4.87D0,0D0,0D0;                                  1241P   1294
110,4.87D0,0D0,0D0,4.87D0,2.5D-1,0D0;                               1243P   1295
110,4.87D0,2.5D-1,0D0,6.3D-1,2.5D-1,0D0;                            1245P   1296
110,6.3D-1,2.5D-1,0D0,6.3D-1,0D0,0D0;                               1247P   1297
102,4,1241,1243,1245,1247;                                          1249P   1298
142,0,1233,1249,1239,1;                                             1251P   1299
144,1233,1,0,1251;                                                  1253P   1300
128,1,1,1,1,0,0,1,0,0,-5D-3,-5D-3,2.55D-1,2.55D-1,                  1255P   1301
-1.781909088590D-2,-1.781909088590D-2,9.087736351810D-1,            1255P   1302
9.087736351810D-1,1D0,1D0,1D0,1D0,-7.594D-1,-1.6376D0,-2.55D-1,     1255P   1303
-7.594D-1,-1.6376D0,5D-3,-1.4146D0,-9.824D-1,-2.55D-1,-1.4146D0,    1255P   1304
-9.824D-1,5D-3,-5D-3,2.55D-1,-1.781909088590D-2,                    1255P   1305
9.087736351810D-1;                                                  1255P   1306
110,-1.402D0,-9.95D-1,0D0,-1.402D0,-9.95D-1,-2.5D-1;                1257P   1307
110,-1.402D0,-9.95D-1,-2.5D-1,-7.72D-1,-1.625D0,-2.5D-1;            1259P   1308
102,4,263,269,1257,1259;                                            1261P   1309
110,0D0,0D0,0D0,2.5D-1,0D0,0D0;                                     1263P   1310
110,2.5D-1,0D0,0D0,2.5D-1,8.909545442950D-1,0D0;                    1265P   1311
110,2.5D-1,8.909545442950D-1,0D0,0D0,8.909545442950D-1,0D0;         1267P   1312
110,0D0,8.909545442950D-1,0D0,0D0,0D0,0D0;                          1269P   1313
102,4,1263,1265,1267,1269;                                          1271P   1314
142,0,1255,1271,1261,1;                                             1273P   1315
144,1255,1,0,1273;                                                  1275P   1316
128,1,1,1,1,0,0,1,0,0,-1.512D0,-1.512D0,4.208D0,4.208D0,-1.69D0,    1277P   1317
-1.69D0,1.69D0,1.69D0,1D0,1D0,1D0,1D0,-1.512D0,-1.69D0,0D0,         1277P   1318
4.208D0,-1.69D0,0D0,-1.512D0,1.69D0,0D0,4.208D0,1.69D0,0D0,         1277P   1319
-1.512D0,4.208D0,-1.69D0,1.69D0;                                    1277P   1320
110,-1.402D0,-9.95D-1,0D0,-7.72D-1,-1.625D0,0D0;                    1279P   1321
110,3.468D0,-1.625D0,0D0,4.098D0,-9.95D-1,0D0;                      1281P   1322
110,4.098D0,9.95D-1,0D0,3.468D0,1.625D0,0D0;                        1283P   1323
110,-7.72D-1,1.625D0,0D0,-1.402D0,9.95D-1,0D0;                      1285P   1324
102,8,271,1279,277,1281,275,1283,273,1285;                          1287P   1325
110,-1.402D0,9.95D-1,0D0,-1.402D0,-9.95D-1,0D0;                     1289P   1326
110,-1.402D0,-9.95D-1,0D0,-7.72D-1,-1.625D0,0D0;                    1291P   1327
110,-7.72D-1,-1.625D0,0D0,3.468D0,-1.625D0,0D0;                     1293P   1328
110,3.468D0,-1.625D0,0D0,4.098D0,-9.95D-1,0D0;                      1295P   1329
110,4.098D0,-9.95D-1,0D0,4.098D0,9.95D-1,0D0;                       1297P   1330
110,4.098D0,9.95D-1,0D0,3.468D0,1.625D0,0D0;                        1299P   1331
110,3.468D0,1.625D0,0D0,-7.72D-1,1.625D0,0D0;                       1301P   1332
110,-7.72D-1,1.625D0,0D0,-1.402D0,9.95D-1,0D0;                      1303P   1333
102,8,1289,1291,1293,1295,1297,1299,1301,1303;                      1305P   1334
142,0,1277,1305,1287,1;                                             1307P   1335
102,2,281,285;                                                      1309P   1336
126,13,3,0,0,1,0,0D0,0D0,0D0,0D0,9.090909090909D-2,                 1311P   1337
1.818181818182D-1,2.727272727273D-1,3.636363636364D-1,              1311P   1338
4.545454545455D-1,5.454545454545D-1,6.363636363636D-1,              1311P   1339
7.272727272727D-1,8.181818181818D-1,9.090909090909D-1,1D0,1D0,      1311P   1340
1D0,1D0,1D0,1D0,1D0,1D0,1D0,1D0,1D0,1D0,1D0,1D0,1D0,1D0,1D0,1D0,    1311P   1341
3.8415D0,0D0,0D0,3.841564761555D0,-1.615477601211D-2,0D0,           1311P   1342
3.836829999734D0,-4.839845475304D-2,0D0,3.816552212764D0,           1311P   1343
-9.289525465392D-2,0D0,3.784515992100D0,-1.298522379836D-1,0D0,     1311P   1344
3.743377185259D0,-1.562931105298D-1,0D0,3.696452335088D0,           1311P   1345
-1.700710591726D-1,0D0,3.647547664912D0,-1.700710591726D-1,0D0,     1311P   1346
3.600622814741D0,-1.562931105298D-1,0D0,3.559484007900D0,           1311P   1347
-1.298522379836D-1,0D0,3.527447787236D0,-9.289525465392D-2,0D0,     1311P   1348
3.507170000266D0,-4.839845475304D-2,0D0,3.502435238445D0,           1311P   1349
-1.615477601211D-2,0D0,3.5025D0,0D0,0D0,0D0,1D0,0D0,0D0,1D0;        1311P   1350
126,13,3,0,0,1,0,0D0,0D0,0D0,0D0,9.090909090909D-2,                 1313P   1351
1.818181818182D-1,2.727272727273D-1,3.636363636364D-1,              1313P   1352
4.545454545455D-1,5.454545454545D-1,6.363636363636D-1,              1313P   1353
7.272727272727D-1,8.181818181818D-1,9.090909090909D-1,1D0,1D0,      1313P   1354
1D0,1D0,1D0,1D0,1D0,1D0,1D0,1D0,1D0,1D0,1D0,1D0,1D0,1D0,1D0,1D0,    1313P   1355
3.5025D0,0D0,0D0,3.502435238445D0,1.615477601211D-2,0D0,            1313P   1356
3.507170000266D0,4.839845475304D-2,0D0,3.527447787236D0,            1313P   1357
9.289525465392D-2,0D0,3.559484007900D0,1.298522379836D-1,0D0,       1313P   1358
3.600622814741D0,1.562931105298D-1,0D0,3.647547664912D0,            1313P   1359
1.700710591726D-1,0D0,3.696452335088D0,1.700710591726D-1,0D0,       1313P   1360
3.743377185259D0,1.562931105298D-1,0D0,3.784515992100D0,            1313P   1361
1.298522379836D-1,0D0,3.816552212764D0,9.289525465392D-2,0D0,       1313P   1362
3.836829999734D0,4.839845475304D-2,0D0,3.841564761555D0,            1313P   1363
1.615477601211D-2,0D0,3.8415D0,0D0,0D0,0D0,1D0,0D0,0D0,1D0;         1313P   1364
102,2,1311,1313;                                                    1315P   1365
142,0,1277,1315,1309,1;                                             1317P   1366
124,-1D0,0D0,0D0,0D0,0D0,1D0,0D0,0D0,0D0,0D0,-1D0,0D0;              1319P   1367
100,0D0,0D0,0D0,7.796745221963D-1,0D0,-7.796745221963D-1,0D0;       1321P   1368
124,1D0,0D0,0D0,0D0,0D0,-1D0,0D0,0D0,0D0,0D0,-1D0,0D0;              1323P   1369
100,0D0,0D0,0D0,7.796745221963D-1,0D0,-7.796745221963D-1,0D0;       1325P   1370
102,2,1321,1325;                                                    1327P   1371
126,18,3,0,0,1,0,0D0,0D0,0D0,0D0,6.25D-2,1.25D-1,1.875D-1,          1329P   1372
2.5D-1,3.125D-1,3.75D-1,4.375D-1,5D-1,5.625D-1,6.25D-1,6.875D-1,    1329P   1373
7.5D-1,8.125D-1,8.75D-1,9.375D-1,1D0,1D0,1D0,1D0,1D0,1D0,1D0,       1329P   1374
1D0,1D0,1D0,1D0,1D0,1D0,1D0,1D0,1D0,1D0,1D0,1D0,1D0,1D0,1D0,1D0,    1329P   1375
-7.796745221963D-1,0D0,0D0,-7.797425506127D-1,5.104268652789D-2,    1329P   1376
0D0,-7.695910839551D-1,1.530811844238D-1,0D0,-7.249771494915D-1,    1329P   1377
3.002935463432D-1,0D0,-6.524523165451D-1,4.359557638935D-1,0D0,     1329P   1378
-5.548676204846D-1,5.548671339389D-1,0D0,-4.359560520970D-1,        1329P   1379
6.524545509310D-1,0D0,-3.002919069836D-1,7.249686984934D-1,0D0,     1329P   1380
-1.530874536587D-1,7.696226535616D-1,0D0,0D0,7.847004565137D-1,     1329P   1381
0D0,1.530874536587D-1,7.696226535616D-1,0D0,3.002919069836D-1,      1329P   1382
7.249686984934D-1,0D0,4.359560520970D-1,6.524545509310D-1,0D0,      1329P   1383
5.548676204846D-1,5.548671339389D-1,0D0,6.524523165451D-1,          1329P   1384
4.359557638935D-1,0D0,7.249771494915D-1,3.002935463432D-1,0D0,      1329P   1385
7.695910839551D-1,1.530811844238D-1,0D0,7.797425506127D-1,          1329P   1386
5.104268652789D-2,0D0,7.796745221963D-1,0D0,0D0,0D0,1D0,0D0,0D0,    1329P   1387
1D0;                                                                1329P   1388
126,18,3,0,0,1,0,0D0,0D0,0D0,0D0,6.25D-2,1.25D-1,1.875D-1,          1331P   1389
2.5D-1,3.125D-1,3.75D-1,4.375D-1,5D-1,5.625D-1,6.25D-1,6.875D-1,    1331P   1390
7.5D-1,8.125D-1,8.75D-1,9.375D-1,1D0,1D0,1D0,1D0,1D0,1D0,1D0,       1331P   1391
1D0,1D0,1D0,1D0,1D0,1D0,1D0,1D0,1D0,1D0,1D0,1D0,1D0,1D0,1D0,1D0,    1331P   1392
7.796745221963D-1,0D0,0D0,7.797425506127D-1,-5.104268652789D-2,     1331P   1393
0D0,7.695910839551D-1,-1.530811844238D-1,0D0,7.249771494915D-1,     1331P   1394
-3.002935463432D-1,0D0,6.524523165451D-1,-4.359557638935D-1,0D0,    1331P   1395
5.548676204846D-1,-5.548671339389D-1,0D0,4.359560520970D-1,         1331P   1396
-6.524545509310D-1,0D0,3.002919069836D-1,-7.249686984934D-1,0D0,    1331P   1397
1.530874536587D-1,-7.696226535616D-1,0D0,0D0,-7.847004565137D-1,    1331P   1398
0D0,-1.530874536587D-1,-7.696226535616D-1,0D0,                      1331P   1399
-3.002919069836D-1,-7.249686984934D-1,0D0,-4.359560520970D-1,       1331P   1400
-6.524545509310D-1,0D0,-5.548676204846D-1,-5.548671339389D-1,       1331P   1401
0D0,-6.524523165451D-1,-4.359557638935D-1,0D0,                      1331P   1402
-7.249771494915D-1,-3.002935463432D-1,0D0,-7.695910839551D-1,       1331P   1403
-1.530811844238D-1,0D0,-7.797425506127D-1,-5.104268652789D-2,       1331P   1404
0D0,-7.796745221963D-1,0D0,0D0,0D0,1D0,0D0,0D0,1D0;                 1331P   1405
102,2,1329,1331;                                                    1333P   1406
142,0,1277,1333,1327,1;                                             1335P   1407
144,1277,1,2,1307,1317,1335;                                        1337P   1408
110,3.672D0,0D0,0D0,3.672D0,0D0,-1D0;                               1339P   1409
110,3.8415D0,0D0,2.5D-3,3.8415D0,0D0,-1.275D-1;                     1341P   1410
120,1339,1341,-6.283185307180D-2,3.204424506662D0;                  1343P   1411
110,3.5025D0,0D0,-1.25D-1,3.5025D0,0D0,0D0;                         1345P   1412
124,-1D0,0D0,0D0,3.672D0,0D0,-1D0,0D0,0D0,0D0,0D0,1D0,0D0;          1347P   1413
100,0D0,0D0,0D0,1.695D-1,0D0,-1.695D-1,0D0;                         1349P   1414
102,4,307,1345,1349,295;                                            1351P   1415
110,9.807692307692D-1,0D0,0D0,9.807692307692D-1,                    1353P   1416
3.141592653590D0,0D0;                                               1353P   1417
110,9.807692307692D-1,3.141592653590D0,0D0,1.923076923077D-2,       1355P   1418
3.141592653590D0,0D0;                                               1355P   1419
110,1.923076923077D-2,3.141592653590D0,0D0,1.923076923077D-2,       1357P   1420
0D0,0D0;                                                            1357P   1421
110,1.923076923077D-2,0D0,0D0,9.807692307692D-1,0D0,0D0;            1359P   1422
102,4,1353,1355,1357,1359;                                          1361P   1423
142,0,1343,1361,1351,1;                                             1363P   1424
144,1343,1,0,1363;                                                  1365P   1425
128,1,1,1,1,0,0,1,0,0,-3.9D-1,-3.9D-1,3.9D-1,3.9D-1,                1367P   1426
-3.908127314140D-1,-3.908127314140D-1,3.908127314140D-1,            1367P   1427
3.908127314140D-1,1D0,1D0,1D0,1D0,4.062D0,3.908127314140D-1,        1367P   1428
-1.25D-1,3.282D0,3.908127314140D-1,-1.25D-1,4.062D0,                1367P   1429
-3.908127314140D-1,-1.25D-1,3.282D0,-3.908127314140D-1,-1.25D-1,    1367P   1430
-3.9D-1,3.9D-1,-3.908127314140D-1,3.908127314140D-1;                1367P   1431
102,2,299,303;                                                      1369P   1432
126,15,3,0,0,1,0,0D0,0D0,0D0,0D0,7.692307692308D-2,                 1371P   1433
1.538461538462D-1,2.307692307692D-1,3.076923076923D-1,              1371P   1434
3.846153846154D-1,4.615384615385D-1,5.384615384615D-1,              1371P   1435
6.153846153846D-1,6.923076923077D-1,7.692307692308D-1,              1371P   1436
8.461538461538D-1,9.230769230769D-1,1D0,1D0,1D0,1D0,1D0,1D0,1D0,    1371P   1437
1D0,1D0,1D0,1D0,1D0,1D0,1D0,1D0,1D0,1D0,1D0,1D0,1D0,3.75D-1,0D0,    1371P   1438
0D0,3.750743246120D-1,3.022536470682D-2,0D0,3.676299071097D-1,      1371P   1439
9.061263389104D-2,0D0,3.353029274066D-1,1.759779789681D-1,0D0,      1371P   1440
2.834344409835D-1,2.511025873350D-1,0D0,2.151084920443D-1,          1371P   1441
3.116376527338D-1,0D0,1.342772709845D-1,3.540604999906D-1,0D0,      1371P   1442
4.564341986331D-2,3.759068933460D-1,0D0,-4.564341986332D-2,         1371P   1443
3.759068933460D-1,0D0,-1.342772709845D-1,3.540604999906D-1,0D0,     1371P   1444
-2.151084920443D-1,3.116376527338D-1,0D0,-2.834344409835D-1,        1371P   1445
2.511025873350D-1,0D0,-3.353029274066D-1,1.759779789681D-1,0D0,     1371P   1446
-3.676299071097D-1,9.061263389104D-2,0D0,-3.750743246120D-1,        1371P   1447
3.022536470682D-2,0D0,-3.75D-1,0D0,0D0,0D0,1D0,0D0,0D0,1D0;         1371P   1448
126,15,3,0,0,1,0,0D0,0D0,0D0,0D0,7.692307692308D-2,                 1373P   1449
1.538461538462D-1,2.307692307692D-1,3.076923076923D-1,              1373P   1450
3.846153846154D-1,4.615384615385D-1,5.384615384615D-1,              1373P   1451
6.153846153846D-1,6.923076923077D-1,7.692307692308D-1,              1373P   1452
8.461538461538D-1,9.230769230769D-1,1D0,1D0,1D0,1D0,1D0,1D0,1D0,    1373P   1453
1D0,1D0,1D0,1D0,1D0,1D0,1D0,1D0,1D0,1D0,1D0,1D0,1D0,-3.75D-1,       1373P   1454
0D0,0D0,-3.750743246120D-1,-3.022536470682D-2,0D0,                  1373P   1455
-3.676299071097D-1,-9.061263389104D-2,0D0,-3.353029274066D-1,       1373P   1456
-1.759779789681D-1,0D0,-2.834344409835D-1,-2.511025873350D-1,       1373P   1457
0D0,-2.151084920443D-1,-3.116376527338D-1,0D0,                      1373P   1458
-1.342772709845D-1,-3.540604999906D-1,0D0,-4.564341986332D-2,       1373P   1459
-3.759068933460D-1,0D0,4.564341986331D-2,-3.759068933460D-1,0D0,    1373P   1460
1.342772709845D-1,-3.540604999906D-1,0D0,2.151084920443D-1,         1373P   1461
-3.116376527338D-1,0D0,2.834344409835D-1,-2.511025873350D-1,0D0,    1373P   1462
3.353029274066D-1,-1.759779789681D-1,0D0,3.676299071097D-1,         1373P   1463
-9.061263389104D-2,0D0,3.750743246120D-1,-3.022536470682D-2,0D0,    1373P   1464
3.75D-1,0D0,0D0,0D0,1D0,0D0,0D0,1D0;                                1373P   1465
102,2,1371,1373;                                                    1375P   1466
142,0,1367,1375,1369,1;                                             1377P   1467
102,2,307,311;                                                      1379P   1468
126,13,3,0,0,1,0,0D0,0D0,0D0,0D0,9.090909090909D-2,                 1381P   1469
1.818181818182D-1,2.727272727273D-1,3.636363636364D-1,              1381P   1470
4.545454545455D-1,5.454545454545D-1,6.363636363636D-1,              1381P   1471
7.272727272727D-1,8.181818181818D-1,9.090909090909D-1,1D0,1D0,      1381P   1472
1D0,1D0,1D0,1D0,1D0,1D0,1D0,1D0,1D0,1D0,1D0,1D0,1D0,1D0,1D0,1D0,    1381P   1473
-1.695D-1,0D0,0D0,-1.695647615546D-1,1.615477601211D-2,0D0,         1381P   1474
-1.648299997344D-1,4.839845475304D-2,0D0,-1.445522127637D-1,        1381P   1475
9.289525465392D-2,0D0,-1.125159921D-1,1.298522379836D-1,0D0,        1381P   1476
-7.137718525862D-2,1.562931105298D-1,0D0,-2.445233508844D-2,        1381P   1477
1.700710591726D-1,0D0,2.445233508844D-2,1.700710591726D-1,0D0,      1381P   1478
7.137718525862D-2,1.562931105298D-1,0D0,1.125159921D-1,             1381P   1479
1.298522379836D-1,0D0,1.445522127637D-1,9.289525465392D-2,0D0,      1381P   1480
1.648299997344D-1,4.839845475304D-2,0D0,1.695647615546D-1,          1381P   1481
1.615477601211D-2,0D0,1.695D-1,0D0,0D0,0D0,1D0,0D0,0D0,1D0;         1381P   1482
126,13,3,0,0,1,0,0D0,0D0,0D0,0D0,9.090909090909D-2,                 1383P   1483
1.818181818182D-1,2.727272727273D-1,3.636363636364D-1,              1383P   1484
4.545454545455D-1,5.454545454545D-1,6.363636363636D-1,              1383P   1485
7.272727272727D-1,8.181818181818D-1,9.090909090909D-1,1D0,1D0,      1383P   1486
1D0,1D0,1D0,1D0,1D0,1D0,1D0,1D0,1D0,1D0,1D0,1D0,1D0,1D0,1D0,1D0,    1383P   1487
1.695D-1,0D0,0D0,1.695647615546D-1,-1.615477601211D-2,0D0,          1383P   1488
1.648299997344D-1,-4.839845475304D-2,0D0,1.445522127637D-1,         1383P   1489
-9.289525465392D-2,0D0,1.125159921D-1,-1.298522379836D-1,0D0,       1383P   1490
7.137718525862D-2,-1.562931105298D-1,0D0,2.445233508844D-2,         1383P   1491
-1.700710591726D-1,0D0,-2.445233508844D-2,-1.700710591726D-1,       1383P   1492
0D0,-7.137718525862D-2,-1.562931105298D-1,0D0,-1.125159921D-1,      1383P   1493
-1.298522379836D-1,0D0,-1.445522127637D-1,-9.289525465392D-2,       1383P   1494
0D0,-1.648299997344D-1,-4.839845475304D-2,0D0,                      1383P   1495
-1.695647615546D-1,-1.615477601211D-2,0D0,-1.695D-1,0D0,0D0,0D0,    1383P   1496
1D0,0D0,0D0,1D0;                                                    1383P   1497
102,2,1381,1383;                                                    1385P   1498
142,0,1367,1385,1379,1;                                             1387P   1499
144,1367,1,1,1377,1387;                                             1389P   1500
110,3.672D0,0D0,-1D0,3.672D0,0D0,0D0;                               1391P   1501
110,3.297D0,0D0,-1.0175D0,3.297D0,0D0,-1.075D-1;                    1393P   1502
120,1391,1393,-6.283185307180D-2,3.204424506662D0;                  1395P   1503
110,4.047D0,0D0,-1.25D-1,4.047D0,0D0,-1D0;                          1397P   1504
102,4,27,313,299,1397;                                              1399P   1505
110,1.923076923077D-2,3.141592653590D0,0D0,1.923076923077D-2,       1401P   1506
0D0,0D0;                                                            1401P   1507
110,1.923076923077D-2,0D0,0D0,9.807692307692D-1,0D0,0D0;            1403P   1508
110,9.807692307692D-1,0D0,0D0,9.807692307692D-1,                    1405P   1509
3.141592653590D0,0D0;                                               1405P   1510
110,9.807692307692D-1,3.141592653590D0,0D0,1.923076923077D-2,       1407P   1511
3.141592653590D0,0D0;                                               1407P   1512
102,4,1401,1403,1405,1407;                                          1409P   1513
142,0,1395,1409,1399,1;                                             1411P   1514
144,1395,1,0,1411;                                                  1413P   1515
110,3.672D0,0D0,-1D0,3.672D0,0D0,0D0;                               1415P   1516
110,3.297D0,0D0,-1.0175D0,3.297D0,0D0,-1.075D-1;                    1417P   1517
120,1415,1417,3.078760800518D0,6.346017160251D0;                    1419P   1518
110,3.297D0,0D0,-1.25D-1,3.297D0,0D0,-1D0;                          1421P   1519
102,4,31,315,303,1421;                                              1423P   1520
110,1.923076923077D-2,6.283185307180D0,0D0,1.923076923077D-2,       1425P   1521
3.141592653590D0,0D0;                                               1425P   1522
110,1.923076923077D-2,3.141592653590D0,0D0,9.807692307692D-1,       1427P   1523
3.141592653590D0,0D0;                                               1427P   1524
110,9.807692307692D-1,3.141592653590D0,0D0,9.807692307692D-1,       1429P   1525
6.283185307180D0,0D0;                                               1429P   1526
110,9.807692307692D-1,6.283185307180D0,0D0,1.923076923077D-2,       1431P   1527
6.283185307180D0,0D0;                                               1431P   1528
102,4,1425,1427,1429,1431;                                          1433P   1529
142,0,1419,1433,1423,1;                                             1435P   1530
144,1419,1,0,1435;                                                  1437P   1531
110,3.672D0,0D0,0D0,3.672D0,0D0,-1D0;                               1439P   1532
110,3.8415D0,0D0,2.5D-3,3.8415D0,0D0,-1.275D-1;                     1441P   1533
120,1439,1441,3.078760800518D0,6.346017160251D0;                    1443P   1534
110,3.8415D0,0D0,-1.25D-1,3.8415D0,0D0,0D0;                         1445P   1535
124,1D0,0D0,0D0,3.672D0,0D0,1D0,0D0,0D0,0D0,0D0,1D0,0D0;            1447P   1536
100,0D0,0D0,0D0,1.695D-1,0D0,-1.695D-1,0D0;                         1449P   1537
102,4,311,1445,1449,317;                                            1451P   1538
110,9.807692307692D-1,3.141592653590D0,0D0,9.807692307692D-1,       1453P   1539
6.283185307180D0,0D0;                                               1453P   1540
110,9.807692307692D-1,6.283185307180D0,0D0,1.923076923077D-2,       1455P   1541
6.283185307180D0,0D0;                                               1455P   1542
110,1.923076923077D-2,6.283185307180D0,0D0,1.923076923077D-2,       1457P   1543
3.141592653590D0,0D0;                                               1457P   1544
110,1.923076923077D-2,3.141592653590D0,0D0,9.807692307692D-1,       1459P   1545
3.141592653590D0,0D0;                                               1459P   1546
102,4,1453,1455,1457,1459;                                          1461P   1547
142,0,1443,1461,1451,1;                                             1463P   1548
144,1443,1,0,1463;                                                  1465P   1549
110,0D0,0D0,-2.909784930204D0,0D0,0D0,-1.909784930204D0;            1467P   1550
110,6.856565095561D-1,0D0,-3.5088D-1,7.815180126402D-1,0D0,         1469P   1551
6.88D-3;                                                            1469P   1552
120,1467,1469,-6.283185307180D-2,3.204424506662D0;                  1471P   1553
110,-7.796745221963D-1,0D0,0D0,-6.875D-1,0D0,-3.44D-1;              1473P   1554
102,4,289,1473,321,329;                                             1475P   1555
110,9.807692307692D-1,0D0,0D0,9.807692307692D-1,                    1477P   1556
3.141592653590D0,0D0;                                               1477P   1557
110,9.807692307692D-1,3.141592653590D0,0D0,1.923076923077D-2,       1479P   1558
3.141592653590D0,0D0;                                               1479P   1559
110,1.923076923077D-2,3.141592653590D0,0D0,1.923076923077D-2,       1481P   1560
0D0,0D0;                                                            1481P   1561
110,1.923076923077D-2,0D0,0D0,9.807692307692D-1,0D0,0D0;            1483P   1562
102,4,1477,1479,1481,1483;                                          1485P   1563
142,0,1471,1485,1475,1;                                             1487P   1564
144,1471,1,0,1487;                                                  1489P   1565
110,0D0,0D0,-2.909784930204D0,0D0,0D0,-1.909784930204D0;            1491P   1566
110,6.856565095561D-1,0D0,-3.5088D-1,7.815180126402D-1,0D0,         1493P   1567
6.88D-3;                                                            1493P   1568
120,1491,1493,-3.204424506662D0,6.283185307180D-2;                  1495P   1569
110,7.796745221963D-1,0D0,0D0,6.875D-1,0D0,-3.44D-1;                1497P   1570
102,4,293,1497,327,323;                                             1499P   1571
110,9.807692307692D-1,-3.141592653590D0,0D0,9.807692307692D-1,      1501P   1572
0D0,0D0;                                                            1501P   1573
110,9.807692307692D-1,0D0,0D0,1.923076923077D-2,0D0,0D0;            1503P   1574
110,1.923076923077D-2,0D0,0D0,1.923076923077D-2,                    1505P   1575
-3.141592653590D0,0D0;                                              1505P   1576
110,1.923076923077D-2,-3.141592653590D0,0D0,9.807692307692D-1,      1507P   1577
-3.141592653590D0,0D0;                                              1507P   1578
102,4,1501,1503,1505,1507;                                          1509P   1579
142,0,1495,1509,1499,1;                                             1511P   1580
144,1495,1,0,1511;                                                  1513P   1581
128,1,1,1,1,0,0,1,0,0,-8.294D-1,-8.294D-1,8.294D-1,8.294D-1,        1515P   1582
-8.307146151465D-1,-8.307146151465D-1,8.307146151465D-1,            1515P   1583
8.307146151465D-1,1D0,1D0,1D0,1D0,8.294D-1,8.307146151465D-1,       1515P   1584
-3.44D-1,-8.294D-1,8.307146151465D-1,-3.44D-1,8.294D-1,             1515P   1585
-8.307146151465D-1,-3.44D-1,-8.294D-1,-8.307146151465D-1,           1515P   1586
-3.44D-1,-8.294D-1,8.294D-1,-8.307146151465D-1,                     1515P   1587
8.307146151465D-1;                                                  1515P   1588
102,2,333,337;                                                      1517P   1589
126,17,3,0,0,1,0,0D0,0D0,0D0,0D0,6.666666666667D-2,                 1519P   1590
1.333333333333D-1,2D-1,2.666666666667D-1,3.333333333333D-1,4D-1,    1519P   1591
4.666666666667D-1,5.333333333333D-1,6D-1,6.666666666667D-1,         1519P   1592
7.333333333333D-1,8D-1,8.666666666667D-1,9.333333333333D-1,1D0,     1519P   1593
1D0,1D0,1D0,1D0,1D0,1D0,1D0,1D0,1D0,1D0,1D0,1D0,1D0,1D0,1D0,1D0,    1519P   1594
1D0,1D0,1D0,1D0,1D0,7.975D-1,0D0,0D0,7.975898364889D-1,             1519P   1595
5.569450020457D-2,0D0,7.857548650353D-1,1.670173524274D-1,0D0,      1519P   1596
7.339094871545D-1,3.267549567602D-1,0D0,6.499222011667D-1,          1519P   1597
4.721976576493D-1,0D0,5.375480262627D-1,5.970068448620D-1,0D0,      1519P   1598
4.016756452096D-1,6.957229528121D-1,0D0,2.482493928989D-1,          1519P   1599
7.640329009981D-1,0D0,8.397310127894D-2,7.989508736678D-1,0D0,      1519P   1600
-8.397310127894D-2,7.989508736678D-1,0D0,-2.482493928989D-1,        1519P   1601
7.640329009981D-1,0D0,-4.016756452096D-1,6.957229528121D-1,0D0,     1519P   1602
-5.375480262627D-1,5.970068448620D-1,0D0,-6.499222011667D-1,        1519P   1603
4.721976576493D-1,0D0,-7.339094871545D-1,3.267549567602D-1,0D0,     1519P   1604
-7.857548650353D-1,1.670173524274D-1,0D0,-7.975898364889D-1,        1519P   1605
5.569450020457D-2,0D0,-7.975D-1,0D0,0D0,0D0,1D0,0D0,0D0,1D0;        1519P   1606
126,17,3,0,0,1,0,0D0,0D0,0D0,0D0,6.666666666667D-2,                 1521P   1607
1.333333333333D-1,2D-1,2.666666666667D-1,3.333333333333D-1,4D-1,    1521P   1608
4.666666666667D-1,5.333333333333D-1,6D-1,6.666666666667D-1,         1521P   1609
7.333333333333D-1,8D-1,8.666666666667D-1,9.333333333333D-1,1D0,     1521P   1610
1D0,1D0,1D0,1D0,1D0,1D0,1D0,1D0,1D0,1D0,1D0,1D0,1D0,1D0,1D0,1D0,    1521P   1611
1D0,1D0,1D0,1D0,1D0,-7.975D-1,0D0,0D0,-7.975898364889D-1,           1521P   1612
-5.569450020457D-2,0D0,-7.857548650353D-1,-1.670173524274D-1,       1521P   1613
0D0,-7.339094871545D-1,-3.267549567602D-1,0D0,                      1521P   1614
-6.499222011667D-1,-4.721976576493D-1,0D0,-5.375480262627D-1,       1521P   1615
-5.970068448620D-1,0D0,-4.016756452096D-1,-6.957229528121D-1,       1521P   1616
0D0,-2.482493928989D-1,-7.640329009981D-1,0D0,                      1521P   1617
-8.397310127894D-2,-7.989508736678D-1,0D0,8.397310127894D-2,        1521P   1618
-7.989508736678D-1,0D0,2.482493928989D-1,-7.640329009981D-1,0D0,    1521P   1619
4.016756452096D-1,-6.957229528121D-1,0D0,5.375480262627D-1,         1521P   1620
-5.970068448620D-1,0D0,6.499222011667D-1,-4.721976576493D-1,0D0,    1521P   1621
7.339094871545D-1,-3.267549567602D-1,0D0,7.857548650353D-1,         1521P   1622
-1.670173524274D-1,0D0,7.975898364889D-1,-5.569450020457D-2,0D0,    1521P   1623
7.975D-1,0D0,0D0,0D0,1D0,0D0,0D0,1D0;                               1521P   1624
102,2,1519,1521;                                                    1523P   1625
142,0,1515,1523,1517,1;                                             1525P   1626
102,2,327,321;                                                      1527P   1627
126,18,3,0,0,1,0,0D0,0D0,0D0,0D0,6.25D-2,1.25D-1,1.875D-1,          1529P   1628
2.5D-1,3.125D-1,3.75D-1,4.375D-1,5D-1,5.625D-1,6.25D-1,6.875D-1,    1529P   1629
7.5D-1,8.125D-1,8.75D-1,9.375D-1,1D0,1D0,1D0,1D0,1D0,1D0,1D0,       1529P   1630
1D0,1D0,1D0,1D0,1D0,1D0,1D0,1D0,1D0,1D0,1D0,1D0,1D0,1D0,1D0,1D0,    1529P   1631
-6.875D-1,0D0,0D0,-6.875599859749D-1,4.500832846131D-2,0D0,         1529P   1632
-6.786086439360D-1,1.349836518896D-1,0D0,-6.392690489249D-1,        1529P   1633
2.647923040109D-1,0D0,-5.753182319735D-1,3.844162905728D-1,0D0,     1529P   1634
-4.892701739292D-1,4.892697449039D-1,0D0,-3.844165447043D-1,        1529P   1635
5.753202022063D-1,0D0,-2.647908584593D-1,6.392615970189D-1,0D0,     1529P   1636
-1.349891799643D-1,6.786364813270D-1,0D0,0D0,6.919317593365D-1,     1529P   1637
0D0,1.349891799643D-1,6.786364813270D-1,0D0,2.647908584593D-1,      1529P   1638
6.392615970189D-1,0D0,3.844165447043D-1,5.753202022063D-1,0D0,      1529P   1639
4.892701739292D-1,4.892697449039D-1,0D0,5.753182319735D-1,          1529P   1640
3.844162905728D-1,0D0,6.392690489249D-1,2.647923040109D-1,0D0,      1529P   1641
6.786086439360D-1,1.349836518896D-1,0D0,6.875599859749D-1,          1529P   1642
4.500832846131D-2,0D0,6.875D-1,0D0,0D0,0D0,1D0,0D0,0D0,1D0;         1529P   1643
126,18,3,0,0,1,0,0D0,0D0,0D0,0D0,6.25D-2,1.25D-1,1.875D-1,          1531P   1644
2.5D-1,3.125D-1,3.75D-1,4.375D-1,5D-1,5.625D-1,6.25D-1,6.875D-1,    1531P   1645
7.5D-1,8.125D-1,8.75D-1,9.375D-1,1D0,1D0,1D0,1D0,1D0,1D0,1D0,       1531P   1646
1D0,1D0,1D0,1D0,1D0,1D0,1D0,1D0,1D0,1D0,1D0,1D0,1D0,1D0,1D0,1D0,    1531P   1647
6.875D-1,0D0,0D0,6.875599859749D-1,-4.500832846131D-2,0D0,          1531P   1648
6.786086439360D-1,-1.349836518896D-1,0D0,6.392690489249D-1,         1531P   1649
-2.647923040109D-1,0D0,5.753182319735D-1,-3.844162905728D-1,0D0,    1531P   1650
4.892701739292D-1,-4.892697449039D-1,0D0,3.844165447043D-1,         1531P   1651
-5.753202022063D-1,0D0,2.647908584593D-1,-6.392615970189D-1,0D0,    1531P   1652
1.349891799643D-1,-6.786364813270D-1,0D0,0D0,-6.919317593365D-1,    1531P   1653
0D0,-1.349891799643D-1,-6.786364813270D-1,0D0,                      1531P   1654
-2.647908584593D-1,-6.392615970189D-1,0D0,-3.844165447043D-1,       1531P   1655
-5.753202022063D-1,0D0,-4.892701739292D-1,-4.892697449039D-1,       1531P   1656
0D0,-5.753182319735D-1,-3.844162905728D-1,0D0,                      1531P   1657
-6.392690489249D-1,-2.647923040109D-1,0D0,-6.786086439360D-1,       1531P   1658
-1.349836518896D-1,0D0,-6.875599859749D-1,-4.500832846131D-2,       1531P   1659
0D0,-6.875D-1,0D0,0D0,0D0,1D0,0D0,0D0,1D0;                          1531P   1660
102,2,1529,1531;                                                    1533P   1661
142,0,1515,1533,1527,1;                                             1535P   1662
144,1515,1,1,1525,1535;                                             1537P   1663
110,0D0,0D0,-1D0,0D0,0D0,0D0;                                       1539P   1664
110,-7.975D-1,0D0,-5.0312D-1,-7.975D-1,0D0,-3.4088D-1;              1541P   1665
120,1539,1541,-6.283185307180D-2,3.204424506662D0;                  1543P   1666
110,7.975D-1,0D0,-3.44D-1,7.975D-1,0D0,-5D-1;                       1545P   1667
102,4,351,339,333,1545;                                             1547P   1668
110,1.923076923077D-2,3.141592653590D0,0D0,1.923076923077D-2,       1549P   1669
0D0,0D0;                                                            1549P   1670
110,1.923076923077D-2,0D0,0D0,9.807692307692D-1,0D0,0D0;            1551P   1671
110,9.807692307692D-1,0D0,0D0,9.807692307692D-1,                    1553P   1672
3.141592653590D0,0D0;                                               1553P   1673
110,9.807692307692D-1,3.141592653590D0,0D0,1.923076923077D-2,       1555P   1674
3.141592653590D0,0D0;                                               1555P   1675
102,4,1549,1551,1553,1555;                                          1557P   1676
142,0,1543,1557,1547,1;                                             1559P   1677
144,1543,1,0,1559;                                                  1561P   1678
128,1,1,1,1,0,0,1,0,0,-9.152D-1,-9.152D-1,9.152D-1,9.152D-1,        1563P   1679
-9.152D-1,-9.152D-1,9.152D-1,9.152D-1,1D0,1D0,1D0,1D0,9.152D-1,     1563P   1680
9.152D-1,-5D-1,-9.152D-1,9.152D-1,-5D-1,9.152D-1,-9.152D-1,         1563P   1681
-5D-1,-9.152D-1,-9.152D-1,-5D-1,-9.152D-1,9.152D-1,-9.152D-1,       1563P   1682
9.152D-1;                                                           1563P   1683
102,2,343,347;                                                      1565P   1684
126,18,3,0,0,1,0,0D0,0D0,0D0,0D0,6.25D-2,1.25D-1,1.875D-1,          1567P   1685
2.5D-1,3.125D-1,3.75D-1,4.375D-1,5D-1,5.625D-1,6.25D-1,6.875D-1,    1567P   1686
7.5D-1,8.125D-1,8.75D-1,9.375D-1,1D0,1D0,1D0,1D0,1D0,1D0,1D0,       1567P   1687
1D0,1D0,1D0,1D0,1D0,1D0,1D0,1D0,1D0,1D0,1D0,1D0,1D0,1D0,1D0,1D0,    1567P   1688
8.8D-1,0D0,0D0,8.800767820478D-1,5.761066043048D-2,0D0,             1567P   1689
8.686190642381D-1,1.727790744187D-1,0D0,8.182643826238D-1,          1567P   1690
3.389341491340D-1,0D0,7.364073369261D-1,4.920528519332D-1,0D0,      1567P   1691
6.262658226293D-1,6.262652734769D-1,0D0,4.920531772216D-1,          1567P   1692
7.364098588241D-1,0D0,3.389322988280D-1,8.182548441843D-1,0D0,      1567P   1693
1.727861503543D-1,8.686546960985D-1,0D0,0D0,8.856726519507D-1,      1567P   1694
0D0,-1.727861503543D-1,8.686546960985D-1,0D0,-3.389322988280D-1,    1567P   1695
8.182548441843D-1,0D0,-4.920531772216D-1,7.364098588241D-1,0D0,     1567P   1696
-6.262658226293D-1,6.262652734769D-1,0D0,-7.364073369261D-1,        1567P   1697
4.920528519332D-1,0D0,-8.182643826238D-1,3.389341491340D-1,0D0,     1567P   1698
-8.686190642381D-1,1.727790744187D-1,0D0,-8.800767820478D-1,        1567P   1699
5.761066043048D-2,0D0,-8.8D-1,0D0,0D0,0D0,1D0,0D0,0D0,1D0;          1567P   1700
126,18,3,0,0,1,0,0D0,0D0,0D0,0D0,6.25D-2,1.25D-1,1.875D-1,          1569P   1701
2.5D-1,3.125D-1,3.75D-1,4.375D-1,5D-1,5.625D-1,6.25D-1,6.875D-1,    1569P   1702
7.5D-1,8.125D-1,8.75D-1,9.375D-1,1D0,1D0,1D0,1D0,1D0,1D0,1D0,       1569P   1703
1D0,1D0,1D0,1D0,1D0,1D0,1D0,1D0,1D0,1D0,1D0,1D0,1D0,1D0,1D0,1D0,    1569P   1704
-8.8D-1,0D0,0D0,-8.800767820478D-1,-5.761066043048D-2,0D0,          1569P   1705
-8.686190642381D-1,-1.727790744187D-1,0D0,-8.182643826238D-1,       1569P   1706
-3.389341491340D-1,0D0,-7.364073369261D-1,-4.920528519332D-1,       1569P   1707
0D0,-6.262658226293D-1,-6.262652734769D-1,0D0,                      1569P   1708
-4.920531772216D-1,-7.364098588241D-1,0D0,-3.389322988280D-1,       1569P   1709
-8.182548441843D-1,0D0,-1.727861503543D-1,-8.686546960985D-1,       1569P   1710
0D0,0D0,-8.856726519507D-1,0D0,1.727861503543D-1,                   1569P   1711
-8.686546960985D-1,0D0,3.389322988280D-1,-8.182548441843D-1,0D0,    1569P   1712
4.920531772216D-1,-7.364098588241D-1,0D0,6.262658226293D-1,         1569P   1713
-6.262652734769D-1,0D0,7.364073369261D-1,-4.920528519332D-1,0D0,    1569P   1714
8.182643826238D-1,-3.389341491340D-1,0D0,8.686190642381D-1,         1569P   1715
-1.727790744187D-1,0D0,8.800767820478D-1,-5.761066043048D-2,0D0,    1569P   1716
8.8D-1,0D0,0D0,0D0,1D0,0D0,0D0,1D0;                                 1569P   1717
102,2,1567,1569;                                                    1571P   1718
142,0,1563,1571,1565,1;                                             1573P   1719
102,2,351,355;                                                      1575P   1720
126,18,3,0,0,1,0,0D0,0D0,0D0,0D0,6.25D-2,1.25D-1,1.875D-1,          1577P   1721
2.5D-1,3.125D-1,3.75D-1,4.375D-1,5D-1,5.625D-1,6.25D-1,6.875D-1,    1577P   1722
7.5D-1,8.125D-1,8.75D-1,9.375D-1,1D0,1D0,1D0,1D0,1D0,1D0,1D0,       1577P   1723
1D0,1D0,1D0,1D0,1D0,1D0,1D0,1D0,1D0,1D0,1D0,1D0,1D0,1D0,1D0,1D0,    1577P   1724
-7.975D-1,0D0,0D0,-7.975695837308D-1,5.220966101512D-2,0D0,         1577P   1725
-7.871860269658D-1,1.565810361920D-1,0D0,-7.415520967529D-1,        1577P   1726
3.071590726526D-1,0D0,-6.673691490892D-1,4.459228970644D-1,0D0,     1577P   1727
-5.675534017578D-1,5.675529040885D-1,0D0,-4.459231918570D-1,        1577P   1728
6.673714345593D-1,0D0,-3.071573958128D-1,7.415434525420D-1,0D0,     1577P   1729
-1.565874487586D-1,7.872183183393D-1,0D0,0D0,8.026408408304D-1,     1577P   1730
0D0,1.565874487586D-1,7.872183183393D-1,0D0,3.071573958128D-1,      1577P   1731
7.415434525420D-1,0D0,4.459231918570D-1,6.673714345593D-1,0D0,      1577P   1732
5.675534017578D-1,5.675529040885D-1,0D0,6.673691490892D-1,          1577P   1733
4.459228970644D-1,0D0,7.415520967529D-1,3.071590726526D-1,0D0,      1577P   1734
7.871860269658D-1,1.565810361920D-1,0D0,7.975695837308D-1,          1577P   1735
5.220966101512D-2,0D0,7.975D-1,0D0,0D0,0D0,1D0,0D0,0D0,1D0;         1577P   1736
126,18,3,0,0,1,0,0D0,0D0,0D0,0D0,6.25D-2,1.25D-1,1.875D-1,          1579P   1737
2.5D-1,3.125D-1,3.75D-1,4.375D-1,5D-1,5.625D-1,6.25D-1,6.875D-1,    1579P   1738
7.5D-1,8.125D-1,8.75D-1,9.375D-1,1D0,1D0,1D0,1D0,1D0,1D0,1D0,       1579P   1739
1D0,1D0,1D0,1D0,1D0,1D0,1D0,1D0,1D0,1D0,1D0,1D0,1D0,1D0,1D0,1D0,    1579P   1740
7.975D-1,0D0,0D0,7.975695837308D-1,-5.220966101512D-2,0D0,          1579P   1741
7.871860269658D-1,-1.565810361920D-1,0D0,7.415520967529D-1,         1579P   1742
-3.071590726526D-1,0D0,6.673691490892D-1,-4.459228970644D-1,0D0,    1579P   1743
5.675534017578D-1,-5.675529040885D-1,0D0,4.459231918570D-1,         1579P   1744
-6.673714345593D-1,0D0,3.071573958128D-1,-7.415434525420D-1,0D0,    1579P   1745
1.565874487586D-1,-7.872183183393D-1,0D0,0D0,-8.026408408304D-1,    1579P   1746
0D0,-1.565874487586D-1,-7.872183183393D-1,0D0,                      1579P   1747
-3.071573958128D-1,-7.415434525420D-1,0D0,-4.459231918570D-1,       1579P   1748
-6.673714345593D-1,0D0,-5.675534017578D-1,-5.675529040885D-1,       1579P   1749
0D0,-6.673691490892D-1,-4.459228970644D-1,0D0,                      1579P   1750
-7.415520967529D-1,-3.071590726526D-1,0D0,-7.871860269658D-1,       1579P   1751
-1.565810361920D-1,0D0,-7.975695837308D-1,-5.220966101512D-2,       1579P   1752
0D0,-7.975D-1,0D0,0D0,0D0,1D0,0D0,0D0,1D0;                          1579P   1753
102,2,1577,1579;                                                    1581P   1754
142,0,1563,1581,1575,1;                                             1583P   1755
144,1563,1,1,1573,1583;                                             1585P   1756
110,0D0,0D0,-1D0,0D0,0D0,0D0;                                       1587P   1757
110,-8.8D-1,0D0,-6.5912D-1,-8.8D-1,0D0,-4.9688D-1;                  1589P   1758
120,1587,1589,-6.283185307180D-2,3.204424506662D0;                  1591P   1759
110,8.8D-1,0D0,-5D-1,8.8D-1,0D0,-6.56D-1;                           1593P   1760
102,4,369,357,343,1593;                                             1595P   1761
110,1.923076923077D-2,3.141592653590D0,0D0,1.923076923077D-2,       1597P   1762
0D0,0D0;                                                            1597P   1763
110,1.923076923077D-2,0D0,0D0,9.807692307692D-1,0D0,0D0;            1599P   1764
110,9.807692307692D-1,0D0,0D0,9.807692307692D-1,                    1601P   1765
3.141592653590D0,0D0;                                               1601P   1766
110,9.807692307692D-1,3.141592653590D0,0D0,1.923076923077D-2,       1603P   1767
3.141592653590D0,0D0;                                               1603P   1768
102,4,1597,1599,1601,1603;                                          1605P   1769
142,0,1591,1605,1595,1;                                             1607P   1770
144,1591,1,0,1607;                                                  1609P   1771
128,1,1,1,1,0,0,1,0,0,-9.9996D-1,-9.9996D-1,9.9996D-1,9.9996D-1,    1611P   1772
-9.9996D-1,-9.9996D-1,9.9996D-1,9.9996D-1,1D0,1D0,1D0,1D0,          1611P   1773
9.9996D-1,9.9996D-1,-6.56D-1,-9.9996D-1,9.9996D-1,-6.56D-1,         1611P   1774
9.9996D-1,-9.9996D-1,-6.56D-1,-9.9996D-1,-9.9996D-1,-6.56D-1,       1611P   1775
-9.9996D-1,9.9996D-1,-9.9996D-1,9.9996D-1;                          1611P   1776
102,2,361,365;                                                      1613P   1777
126,18,3,0,0,1,0,0D0,0D0,0D0,0D0,6.25D-2,1.25D-1,1.875D-1,          1615P   1778
2.5D-1,3.125D-1,3.75D-1,4.375D-1,5D-1,5.625D-1,6.25D-1,6.875D-1,    1615P   1779
7.5D-1,8.125D-1,8.75D-1,9.375D-1,1D0,1D0,1D0,1D0,1D0,1D0,1D0,       1615P   1780
1D0,1D0,1D0,1D0,1D0,1D0,1D0,1D0,1D0,1D0,1D0,1D0,1D0,1D0,1D0,1D0,    1615P   1781
9.615D-1,0D0,0D0,9.615838931125D-1,6.294619318626D-2,0D0,           1615P   1782
9.490650343920D-1,1.887807727882D-1,0D0,8.940468226055D-1,          1615P   1783
3.703240731731D-1,0D0,8.046086982436D-1,5.376236558338D-1,0D0,      1615P   1784
6.842665777933D-1,6.842659777819D-1,0D0,5.376240112483D-1,          1615P   1785
8.046114537038D-1,0D0,3.703220515035D-1,8.940364007763D-1,0D0,      1615P   1786
1.887885040519D-1,9.491039662485D-1,0D0,0D0,9.676980168757D-1,      1615P   1787
0D0,-1.887885040519D-1,9.491039662485D-1,0D0,-3.703220515035D-1,    1615P   1788
8.940364007763D-1,0D0,-5.376240112483D-1,8.046114537038D-1,0D0,     1615P   1789
-6.842665777933D-1,6.842659777819D-1,0D0,-8.046086982436D-1,        1615P   1790
5.376236558338D-1,0D0,-8.940468226055D-1,3.703240731731D-1,0D0,     1615P   1791
-9.490650343920D-1,1.887807727882D-1,0D0,-9.615838931125D-1,        1615P   1792
6.294619318626D-2,0D0,-9.615D-1,0D0,0D0,0D0,1D0,0D0,0D0,1D0;        1615P   1793
126,18,3,0,0,1,0,0D0,0D0,0D0,0D0,6.25D-2,1.25D-1,1.875D-1,          1617P   1794
2.5D-1,3.125D-1,3.75D-1,4.375D-1,5D-1,5.625D-1,6.25D-1,6.875D-1,    1617P   1795
7.5D-1,8.125D-1,8.75D-1,9.375D-1,1D0,1D0,1D0,1D0,1D0,1D0,1D0,       1617P   1796
1D0,1D0,1D0,1D0,1D0,1D0,1D0,1D0,1D0,1D0,1D0,1D0,1D0,1D0,1D0,1D0,    1617P   1797
-9.615D-1,0D0,0D0,-9.615838931125D-1,-6.294619318626D-2,0D0,        1617P   1798
-9.490650343920D-1,-1.887807727882D-1,0D0,-8.940468226055D-1,       1617P   1799
-3.703240731731D-1,0D0,-8.046086982436D-1,-5.376236558338D-1,       1617P   1800
0D0,-6.842665777933D-1,-6.842659777819D-1,0D0,                      1617P   1801
-5.376240112483D-1,-8.046114537038D-1,0D0,-3.703220515035D-1,       1617P   1802
-8.940364007763D-1,0D0,-1.887885040519D-1,-9.491039662485D-1,       1617P   1803
0D0,0D0,-9.676980168757D-1,0D0,1.887885040519D-1,                   1617P   1804
-9.491039662485D-1,0D0,3.703220515035D-1,-8.940364007763D-1,0D0,    1617P   1805
5.376240112483D-1,-8.046114537038D-1,0D0,6.842665777933D-1,         1617P   1806
-6.842659777819D-1,0D0,8.046086982436D-1,-5.376236558338D-1,0D0,    1617P   1807
8.940468226055D-1,-3.703240731731D-1,0D0,9.490650343920D-1,         1617P   1808
-1.887807727882D-1,0D0,9.615838931125D-1,-6.294619318626D-2,0D0,    1617P   1809
9.615D-1,0D0,0D0,0D0,1D0,0D0,0D0,1D0;                               1617P   1810
102,2,1615,1617;                                                    1619P   1811
142,0,1611,1619,1613,1;                                             1621P   1812
102,2,369,373;                                                      1623P   1813
126,19,3,0,0,1,0,0D0,0D0,0D0,0D0,5.882352941176D-2,                 1625P   1814
1.176470588235D-1,1.764705882353D-1,2.352941176471D-1,              1625P   1815
2.941176470588D-1,3.529411764706D-1,4.117647058824D-1,              1625P   1816
4.705882352941D-1,5.294117647059D-1,5.882352941176D-1,              1625P   1817
6.470588235294D-1,7.058823529412D-1,7.647058823529D-1,              1625P   1818
8.235294117647D-1,8.823529411765D-1,9.411764705882D-1,1D0,1D0,      1625P   1819
1D0,1D0,1D0,1D0,1D0,1D0,1D0,1D0,1D0,1D0,1D0,1D0,1D0,1D0,1D0,1D0,    1625P   1820
1D0,1D0,1D0,1D0,1D0,1D0,-8.8D-1,0D0,0D0,-8.800603826014D-1,         1625P   1821
5.421880804042D-2,0D0,-8.699258433165D-1,1.626173231973D-1,0D0,     1625P   1822
-8.252669408212D-1,3.197086108202D-1,0D0,-7.524597646535D-1,        1625P   1823
4.659042309900D-1,0D0,-6.540404772170D-1,5.962362852122D-1,0D0,     1625P   1824
-5.333454094037D-1,7.062636266148D-1,0D0,-3.944887652509D-1,        1625P   1825
7.922401683681D-1,0D0,-2.421980480930D-1,8.512378782676D-1,0D0,     1625P   1826
-8.165962995775D-2,8.812477145140D-1,0D0,8.165962995775D-2,         1625P   1827
8.812477145140D-1,0D0,2.421980480930D-1,8.512378782676D-1,0D0,      1625P   1828
3.944887652509D-1,7.922401683681D-1,0D0,5.333454094037D-1,          1625P   1829
7.062636266148D-1,0D0,6.540404772170D-1,5.962362852122D-1,0D0,      1625P   1830
7.524597646535D-1,4.659042309900D-1,0D0,8.252669408212D-1,          1625P   1831
3.197086108202D-1,0D0,8.699258433165D-1,1.626173231973D-1,0D0,      1625P   1832
8.800603826014D-1,5.421880804042D-2,0D0,8.8D-1,0D0,0D0,0D0,1D0,     1625P   1833
0D0,0D0,1D0;                                                        1625P   1834
126,19,3,0,0,1,0,0D0,0D0,0D0,0D0,5.882352941176D-2,                 1627P   1835
1.176470588235D-1,1.764705882353D-1,2.352941176471D-1,              1627P   1836
2.941176470588D-1,3.529411764706D-1,4.117647058824D-1,              1627P   1837
4.705882352941D-1,5.294117647059D-1,5.882352941176D-1,              1627P   1838
6.470588235294D-1,7.058823529412D-1,7.647058823529D-1,              1627P   1839
8.235294117647D-1,8.823529411765D-1,9.411764705882D-1,1D0,1D0,      1627P   1840
1D0,1D0,1D0,1D0,1D0,1D0,1D0,1D0,1D0,1D0,1D0,1D0,1D0,1D0,1D0,1D0,    1627P   1841
1D0,1D0,1D0,1D0,1D0,1D0,8.8D-1,0D0,0D0,8.800603826014D-1,           1627P   1842
-5.421880804042D-2,0D0,8.699258433165D-1,-1.626173231973D-1,0D0,    1627P   1843
8.252669408212D-1,-3.197086108202D-1,0D0,7.524597646535D-1,         1627P   1844
-4.659042309900D-1,0D0,6.540404772170D-1,-5.962362852122D-1,0D0,    1627P   1845
5.333454094037D-1,-7.062636266148D-1,0D0,3.944887652509D-1,         1627P   1846
-7.922401683681D-1,0D0,2.421980480930D-1,-8.512378782676D-1,0D0,    1627P   1847
8.165962995775D-2,-8.812477145140D-1,0D0,-8.165962995775D-2,        1627P   1848
-8.812477145140D-1,0D0,-2.421980480930D-1,-8.512378782676D-1,       1627P   1849
0D0,-3.944887652509D-1,-7.922401683681D-1,0D0,                      1627P   1850
-5.333454094037D-1,-7.062636266148D-1,0D0,-6.540404772170D-1,       1627P   1851
-5.962362852122D-1,0D0,-7.524597646535D-1,-4.659042309900D-1,       1627P   1852
0D0,-8.252669408212D-1,-3.197086108202D-1,0D0,                      1627P   1853
-8.699258433165D-1,-1.626173231973D-1,0D0,-8.800603826014D-1,       1627P   1854
-5.421880804042D-2,0D0,-8.8D-1,0D0,0D0,0D0,1D0,0D0,0D0,1D0;         1627P   1855
102,2,1625,1627;                                                    1629P   1856
142,0,1611,1629,1623,1;                                             1631P   1857
144,1611,1,1,1621,1631;                                             1633P   1858
110,0D0,0D0,-1D0,0D0,0D0,0D0;                                       1635P   1859
110,-9.615D-1,0D0,-1.00688D0,-9.615D-1,0D0,-6.4912D-1;              1637P   1860
120,1635,1637,-6.283185307180D-2,3.204424506662D0;                  1639P   1861
110,9.615D-1,0D0,-6.56D-1,9.615D-1,0D0,-1D0;                        1641P   1862
102,4,67,375,361,1641;                                              1643P   1863
110,1.923076923077D-2,3.141592653590D0,0D0,1.923076923077D-2,       1645P   1864
0D0,0D0;                                                            1645P   1865
110,1.923076923077D-2,0D0,0D0,9.807692307692D-1,0D0,0D0;            1647P   1866
110,9.807692307692D-1,0D0,0D0,9.807692307692D-1,                    1649P   1867
3.141592653590D0,0D0;                                               1649P   1868
110,9.807692307692D-1,3.141592653590D0,0D0,1.923076923077D-2,       1651P   1869
3.141592653590D0,0D0;                                               1651P   1870
102,4,1645,1647,1649,1651;                                          1653P   1871
142,0,1639,1653,1643,1;                                             1655P   1872
144,1639,1,0,1655;                                                  1657P   1873
110,0D0,0D0,-1D0,0D0,0D0,0D0;                                       1659P   1874
110,-9.615D-1,0D0,-1.00688D0,-9.615D-1,0D0,-6.4912D-1;              1661P   1875
120,1659,1661,3.078760800518D0,6.346017160251D0;                    1663P   1876
110,-9.615D-1,0D0,-6.56D-1,-9.615D-1,0D0,-1D0;                      1665P   1877
102,4,71,377,365,1665;                                              1667P   1878
110,1.923076923077D-2,6.283185307180D0,0D0,1.923076923077D-2,       1669P   1879
3.141592653590D0,0D0;                                               1669P   1880
110,1.923076923077D-2,3.141592653590D0,0D0,9.807692307692D-1,       1671P   1881
3.141592653590D0,0D0;                                               1671P   1882
110,9.807692307692D-1,3.141592653590D0,0D0,9.807692307692D-1,       1673P   1883
6.283185307180D0,0D0;                                               1673P   1884
110,9.807692307692D-1,6.283185307180D0,0D0,1.923076923077D-2,       1675P   1885
6.283185307180D0,0D0;                                               1675P   1886
102,4,1669,1671,1673,1675;                                          1677P   1887
142,0,1663,1677,1667,1;                                             1679P   1888
144,1663,1,0,1679;                                                  1681P   1889
110,0D0,0D0,-1D0,0D0,0D0,0D0;                                       1683P   1890
110,-8.8D-1,0D0,-6.5912D-1,-8.8D-1,0D0,-4.9688D-1;                  1685P   1891
120,1683,1685,3.078760800518D0,6.346017160251D0;                    1687P   1892
110,-8.8D-1,0D0,-5D-1,-8.8D-1,0D0,-6.56D-1;                         1689P   1893
102,4,373,379,347,1689;                                             1691P   1894
110,1.923076923077D-2,6.283185307180D0,0D0,1.923076923077D-2,       1693P   1895
3.141592653590D0,0D0;                                               1693P   1896
110,1.923076923077D-2,3.141592653590D0,0D0,9.807692307692D-1,       1695P   1897
3.141592653590D0,0D0;                                               1695P   1898
110,9.807692307692D-1,3.141592653590D0,0D0,9.807692307692D-1,       1697P   1899
6.283185307180D0,0D0;                                               1697P   1900
110,9.807692307692D-1,6.283185307180D0,0D0,1.923076923077D-2,       1699P   1901
6.283185307180D0,0D0;                                               1699P   1902
102,4,1693,1695,1697,1699;                                          1701P   1903
142,0,1687,1701,1691,1;                                             1703P   1904
144,1687,1,0,1703;                                                  1705P   1905
110,0D0,0D0,-1D0,0D0,0D0,0D0;                                       1707P   1906
110,-7.975D-1,0D0,-5.0312D-1,-7.975D-1,0D0,-3.4088D-1;              1709P   1907
120,1707,1709,3.078760800518D0,6.346017160251D0;                    1711P   1908
110,-7.975D-1,0D0,-3.44D-1,-7.975D-1,0D0,-5D-1;                     1713P   1909
102,4,355,381,337,1713;                                             1715P   1910
110,1.923076923077D-2,6.283185307180D0,0D0,1.923076923077D-2,       1717P   1911
3.141592653590D0,0D0;                                               1717P   1912
110,1.923076923077D-2,3.141592653590D0,0D0,9.807692307692D-1,       1719P   1913
3.141592653590D0,0D0;                                               1719P   1914
110,9.807692307692D-1,3.141592653590D0,0D0,9.807692307692D-1,       1721P   1915
6.283185307180D0,0D0;                                               1721P   1916
110,9.807692307692D-1,6.283185307180D0,0D0,1.923076923077D-2,       1723P   1917
6.283185307180D0,0D0;                                               1723P   1918
102,4,1717,1719,1721,1723;                                          1725P   1919
142,0,1711,1725,1715,1;                                             1727P   1920
144,1711,1,0,1727;                                                  1729P   1921
110,5.156D0,0D0,-2.5D-1,5.156D0,0D0,-1.25D0;                        1731P   1922
110,5.4065D0,0D0,-2.35D-1,5.4065D0,0D0,-1.015D0;                    1733P   1923
120,1731,1733,-6.283185307180D-2,3.204424506662D0;                  1735P   1924
110,4.9055D0,0D0,-1D0,4.9055D0,0D0,-2.5D-1;                         1737P   1925
124,-1D0,0D0,0D0,5.156D0,0D0,-1D0,0D0,0D0,0D0,0D0,1D0,-2.5D-1;      1739P   1926
100,0D0,0D0,0D0,2.505D-1,0D0,-2.505D-1,0D0;                         1741P   1927
102,4,11,1737,1741,383;                                             1743P   1928
110,9.807692307692D-1,0D0,0D0,9.807692307692D-1,                    1745P   1929
3.141592653590D0,0D0;                                               1745P   1930
110,9.807692307692D-1,3.141592653590D0,0D0,1.923076923077D-2,       1747P   1931
3.141592653590D0,0D0;                                               1747P   1932
110,1.923076923077D-2,3.141592653590D0,0D0,1.923076923077D-2,       1749P   1933
0D0,0D0;                                                            1749P   1934
110,1.923076923077D-2,0D0,0D0,9.807692307692D-1,0D0,0D0;            1751P   1935
102,4,1745,1747,1749,1751;                                          1753P   1936
142,0,1735,1753,1743,1;                                             1755P   1937
144,1735,1,0,1755;                                                  1757P   1938
110,5.156D0,0D0,-2.5D-1,5.156D0,0D0,-1.25D0;                        1759P   1939
110,5.4065D0,0D0,-2.35D-1,5.4065D0,0D0,-1.015D0;                    1761P   1940
120,1759,1761,3.078760800518D0,6.346017160251D0;                    1763P   1941
110,5.4065D0,0D0,-1D0,5.4065D0,0D0,-2.5D-1;                         1765P   1942
124,1D0,0D0,0D0,5.156D0,0D0,1D0,0D0,0D0,0D0,0D0,1D0,-2.5D-1;        1767P   1943
100,0D0,0D0,0D0,2.505D-1,0D0,-2.505D-1,0D0;                         1769P   1944
102,4,15,1765,1769,385;                                             1771P   1945
110,9.807692307692D-1,3.141592653590D0,0D0,9.807692307692D-1,       1773P   1946
6.283185307180D0,0D0;                                               1773P   1947
110,9.807692307692D-1,6.283185307180D0,0D0,1.923076923077D-2,       1775P   1948
6.283185307180D0,0D0;                                               1775P   1949
110,1.923076923077D-2,6.283185307180D0,0D0,1.923076923077D-2,       1777P   1950
3.141592653590D0,0D0;                                               1777P   1951
110,1.923076923077D-2,3.141592653590D0,0D0,9.807692307692D-1,       1779P   1952
3.141592653590D0,0D0;                                               1779P   1953
102,4,1773,1775,1777,1779;                                          1781P   1954
142,0,1763,1781,1771,1;                                             1783P   1955
144,1763,1,0,1783;                                                  1785P   1956
110,5.156D0,1.5D0,-2.5D-1,5.156D0,1.5D0,-1.25D0;                    1787P   1957
110,5.4385D0,1.5D0,-2.35D-1,5.4385D0,1.5D0,-1.015D0;                1789P   1958
120,1787,1789,-6.283185307180D-2,3.204424506662D0;                  1791P   1959
110,4.8735D0,1.5D0,-1D0,4.8735D0,1.5D0,-2.5D-1;                     1793P   1960
124,-1D0,0D0,0D0,5.156D0,0D0,-1D0,0D0,1.5D0,0D0,0D0,1D0,-2.5D-1;    1795P   1961
100,0D0,0D0,0D0,2.825D-1,0D0,-2.825D-1,0D0;                         1797P   1962
102,4,19,1793,1797,387;                                             1799P   1963
110,9.807692307692D-1,0D0,0D0,9.807692307692D-1,                    1801P   1964
3.141592653590D0,0D0;                                               1801P   1965
110,9.807692307692D-1,3.141592653590D0,0D0,1.923076923077D-2,       1803P   1966
3.141592653590D0,0D0;                                               1803P   1967
110,1.923076923077D-2,3.141592653590D0,0D0,1.923076923077D-2,       1805P   1968
0D0,0D0;                                                            1805P   1969
110,1.923076923077D-2,0D0,0D0,9.807692307692D-1,0D0,0D0;            1807P   1970
102,4,1801,1803,1805,1807;                                          1809P   1971
142,0,1791,1809,1799,1;                                             1811P   1972
144,1791,1,0,1811;                                                  1813P   1973
110,5.156D0,1.5D0,-2.5D-1,5.156D0,1.5D0,-1.25D0;                    1815P   1974
110,5.4385D0,1.5D0,-2.35D-1,5.4385D0,1.5D0,-1.015D0;                1817P   1975
120,1815,1817,3.078760800518D0,6.346017160251D0;                    1819P   1976
110,5.4385D0,1.5D0,-1D0,5.4385D0,1.5D0,-2.5D-1;                     1821P   1977
124,1D0,0D0,0D0,5.156D0,0D0,1D0,0D0,1.5D0,0D0,0D0,1D0,-2.5D-1;      1823P   1978
100,0D0,0D0,0D0,2.825D-1,0D0,-2.825D-1,0D0;                         1825P   1979
102,4,23,1821,1825,389;                                             1827P   1980
110,9.807692307692D-1,3.141592653590D0,0D0,9.807692307692D-1,       1829P   1981
6.283185307180D0,0D0;                                               1829P   1982
110,9.807692307692D-1,6.283185307180D0,0D0,1.923076923077D-2,       1831P   1983
6.283185307180D0,0D0;                                               1831P   1984
110,1.923076923077D-2,6.283185307180D0,0D0,1.923076923077D-2,       1833P   1985
3.141592653590D0,0D0;                                               1833P   1986
110,1.923076923077D-2,3.141592653590D0,0D0,9.807692307692D-1,       1835P   1987
3.141592653590D0,0D0;                                               1835P   1988
102,4,1829,1831,1833,1835;                                          1837P   1989
142,0,1819,1837,1827,1;                                             1839P   1990
144,1819,1,0,1839;                                                  1841P   1991
110,4.218D0,1.75D0,-1D0,4.218D0,1.75D0,0D0;                         1843P   1992
110,4.1165D0,1.75D0,-5.05D-1,4.1165D0,1.75D0,-2.45D-1;              1845P   1993
120,1843,1845,-6.283185307180D-2,3.204424506662D0;                  1847P   1994
110,4.3195D0,1.75D0,-2.5D-1,4.3195D0,1.75D0,-5D-1;                  1849P   1995
102,4,403,391,149,1849;                                             1851P   1996
110,1.923076923077D-2,3.141592653590D0,0D0,1.923076923077D-2,       1853P   1997
0D0,0D0;                                                            1853P   1998
110,1.923076923077D-2,0D0,0D0,9.807692307692D-1,0D0,0D0;            1855P   1999
110,9.807692307692D-1,0D0,0D0,9.807692307692D-1,                    1857P   2000
3.141592653590D0,0D0;                                               1857P   2001
110,9.807692307692D-1,3.141592653590D0,0D0,1.923076923077D-2,       1859P   2002
3.141592653590D0,0D0;                                               1859P   2003
102,4,1853,1855,1857,1859;                                          1861P   2004
142,0,1847,1861,1851,1;                                             1863P   2005
144,1847,1,0,1863;                                                  1865P   2006
128,1,1,1,1,0,0,1,0,0,-1.95D-1,-1.95D-1,1.95D-1,1.95D-1,            1867P   2007
-1.95D-1,-1.95D-1,1.95D-1,1.95D-1,1D0,1D0,1D0,1D0,4.413D0,          1867P   2008
1.945D0,-5D-1,4.023D0,1.945D0,-5D-1,4.413D0,1.555D0,-5D-1,          1867P   2009
4.023D0,1.555D0,-5D-1,-1.95D-1,1.95D-1,-1.95D-1,1.95D-1;            1867P   2010
102,2,395,399;                                                      1869P   2011
126,12,3,0,0,1,0,0D0,0D0,0D0,0D0,1D-1,2D-1,3D-1,4D-1,5D-1,6D-1,     1871P   2012
7D-1,8D-1,9D-1,1D0,1D0,1D0,1D0,1D0,1D0,1D0,1D0,1D0,1D0,1D0,1D0,     1871P   2013
1D0,1D0,1D0,1D0,1D0,1.875D-1,0D0,0D0,1.876039675624D-1,             1871P   2014
1.966765814479D-2,0D0,1.812323479996D-1,5.888595945960D-2,0D0,      1871P   2015
1.542194114900D-1,1.120417733460D-1,0D0,1.120341247123D-1,          1871P   2016
1.542053559852D-1,0D0,5.890249848988D-2,1.812809213848D-1,0D0,      1871P   2017
0D0,1.906095393076D-1,0D0,-5.890249848988D-2,1.812809213848D-1,     1871P   2018
0D0,-1.120341247123D-1,1.542053559852D-1,0D0,-1.542194114900D-1,    1871P   2019
1.120417733460D-1,0D0,-1.812323479996D-1,5.888595945960D-2,0D0,     1871P   2020
-1.876039675624D-1,1.966765814479D-2,0D0,-1.875D-1,0D0,0D0,0D0,     1871P   2021
1D0,0D0,0D0,1D0;                                                    1871P   2022
126,12,3,0,0,1,0,0D0,0D0,0D0,0D0,1D-1,2D-1,3D-1,4D-1,5D-1,6D-1,     1873P   2023
7D-1,8D-1,9D-1,1D0,1D0,1D0,1D0,1D0,1D0,1D0,1D0,1D0,1D0,1D0,1D0,     1873P   2024
1D0,1D0,1D0,1D0,1D0,-1.875D-1,0D0,0D0,-1.876039675624D-1,           1873P   2025
-1.966765814479D-2,0D0,-1.812323479996D-1,-5.888595945960D-2,       1873P   2026
0D0,-1.542194114900D-1,-1.120417733460D-1,0D0,                      1873P   2027
-1.120341247123D-1,-1.542053559852D-1,0D0,-5.890249848988D-2,       1873P   2028
-1.812809213848D-1,0D0,0D0,-1.906095393076D-1,0D0,                  1873P   2029
5.890249848988D-2,-1.812809213848D-1,0D0,1.120341247123D-1,         1873P   2030
-1.542053559852D-1,0D0,1.542194114900D-1,-1.120417733460D-1,0D0,    1873P   2031
1.812323479996D-1,-5.888595945960D-2,0D0,1.876039675624D-1,         1873P   2032
-1.966765814479D-2,0D0,1.875D-1,0D0,0D0,0D0,1D0,0D0,0D0,1D0;        1873P   2033
102,2,1871,1873;                                                    1875P   2034
142,0,1867,1875,1869,1;                                             1877P   2035
102,2,403,407;                                                      1879P   2036
126,12,3,0,0,1,0,0D0,0D0,0D0,0D0,1D-1,2D-1,3D-1,4D-1,5D-1,6D-1,     1881P   2037
7D-1,8D-1,9D-1,1D0,1D0,1D0,1D0,1D0,1D0,1D0,1D0,1D0,1D0,1D0,1D0,     1881P   2038
1D0,1D0,1D0,1D0,1D0,-1.015D-1,0D0,0D0,-1.015562811071D-1,           1881P   2039
1.064675894238D-2,0D0,-9.810711105044D-2,3.187693272080D-2,0D0,     1881P   2040
-8.348410808658D-2,6.065194663799D-2,0D0,-6.064780617759D-2,        1881P   2041
8.347649937334D-2,0D0,-3.188588584919D-2,9.813340544297D-2,0D0,     1881P   2042
0D0,1.031832972785D-1,0D0,3.188588584919D-2,9.813340544297D-2,      1881P   2043
0D0,6.064780617759D-2,8.347649937334D-2,0D0,8.348410808658D-2,      1881P   2044
6.065194663799D-2,0D0,9.810711105044D-2,3.187693272080D-2,0D0,      1881P   2045
1.015562811071D-1,1.064675894238D-2,0D0,1.015D-1,0D0,0D0,0D0,       1881P   2046
1D0,0D0,0D0,1D0;                                                    1881P   2047
126,12,3,0,0,1,0,0D0,0D0,0D0,0D0,1D-1,2D-1,3D-1,4D-1,5D-1,6D-1,     1883P   2048
7D-1,8D-1,9D-1,1D0,1D0,1D0,1D0,1D0,1D0,1D0,1D0,1D0,1D0,1D0,1D0,     1883P   2049
1D0,1D0,1D0,1D0,1D0,1.015D-1,0D0,0D0,1.015562811071D-1,             1883P   2050
-1.064675894238D-2,0D0,9.810711105044D-2,-3.187693272080D-2,0D0,    1883P   2051
8.348410808658D-2,-6.065194663799D-2,0D0,6.064780617759D-2,         1883P   2052
-8.347649937334D-2,0D0,3.188588584919D-2,-9.813340544297D-2,0D0,    1883P   2053
0D0,-1.031832972785D-1,0D0,-3.188588584919D-2,                      1883P   2054
-9.813340544297D-2,0D0,-6.064780617759D-2,-8.347649937334D-2,       1883P   2055
0D0,-8.348410808658D-2,-6.065194663799D-2,0D0,                      1883P   2056
-9.810711105044D-2,-3.187693272080D-2,0D0,-1.015562811071D-1,       1883P   2057
-1.064675894238D-2,0D0,-1.015D-1,0D0,0D0,0D0,1D0,0D0,0D0,1D0;       1883P   2058
102,2,1881,1883;                                                    1885P   2059
142,0,1867,1885,1879,1;                                             1887P   2060
144,1867,1,1,1877,1887;                                             1889P   2061
110,4.218D0,1.75D0,-1D0,4.218D0,1.75D0,0D0;                         1891P   2062
110,4.0305D0,1.75D0,-1.01D0,4.0305D0,1.75D0,-4.9D-1;                1893P   2063
120,1891,1893,-6.283185307180D-2,3.204424506662D0;                  1895P   2064
110,4.4055D0,1.75D0,-5D-1,4.4055D0,1.75D0,-1D0;                     1897P   2065
102,4,35,409,395,1897;                                              1899P   2066
110,1.923076923077D-2,3.141592653590D0,0D0,1.923076923077D-2,       1901P   2067
0D0,0D0;                                                            1901P   2068
110,1.923076923077D-2,0D0,0D0,9.807692307692D-1,0D0,0D0;            1903P   2069
110,9.807692307692D-1,0D0,0D0,9.807692307692D-1,                    1905P   2070
3.141592653590D0,0D0;                                               1905P   2071
110,9.807692307692D-1,3.141592653590D0,0D0,1.923076923077D-2,       1907P   2072
3.141592653590D0,0D0;                                               1907P   2073
102,4,1901,1903,1905,1907;                                          1909P   2074
142,0,1895,1909,1899,1;                                             1911P   2075
144,1895,1,0,1911;                                                  1913P   2076
110,4.218D0,1.75D0,-1D0,4.218D0,1.75D0,0D0;                         1915P   2077
110,4.0305D0,1.75D0,-1.01D0,4.0305D0,1.75D0,-4.9D-1;                1917P   2078
120,1915,1917,3.078760800518D0,6.346017160251D0;                    1919P   2079
110,4.0305D0,1.75D0,-5D-1,4.0305D0,1.75D0,-1D0;                     1921P   2080
102,4,39,411,399,1921;                                              1923P   2081
110,1.923076923077D-2,6.283185307180D0,0D0,1.923076923077D-2,       1925P   2082
3.141592653590D0,0D0;                                               1925P   2083
110,1.923076923077D-2,3.141592653590D0,0D0,9.807692307692D-1,       1927P   2084
3.141592653590D0,0D0;                                               1927P   2085
110,9.807692307692D-1,3.141592653590D0,0D0,9.807692307692D-1,       1929P   2086
6.283185307180D0,0D0;                                               1929P   2087
110,9.807692307692D-1,6.283185307180D0,0D0,1.923076923077D-2,       1931P   2088
6.283185307180D0,0D0;                                               1931P   2089
102,4,1925,1927,1929,1931;                                          1933P   2090
142,0,1919,1933,1923,1;                                             1935P   2091
144,1919,1,0,1935;                                                  1937P   2092
110,4.218D0,1.75D0,-1D0,4.218D0,1.75D0,0D0;                         1939P   2093
110,4.1165D0,1.75D0,-5.05D-1,4.1165D0,1.75D0,-2.45D-1;              1941P   2094
120,1939,1941,3.078760800518D0,6.346017160251D0;                    1943P   2095
110,4.1165D0,1.75D0,-2.5D-1,4.1165D0,1.75D0,-5D-1;                  1945P   2096
102,4,407,413,153,1945;                                             1947P   2097
110,1.923076923077D-2,6.283185307180D0,0D0,1.923076923077D-2,       1949P   2098
3.141592653590D0,0D0;                                               1949P   2099
110,1.923076923077D-2,3.141592653590D0,0D0,9.807692307692D-1,       1951P   2100
3.141592653590D0,0D0;                                               1951P   2101
110,9.807692307692D-1,3.141592653590D0,0D0,9.807692307692D-1,       1953P   2102
6.283185307180D0,0D0;                                               1953P   2103
110,9.807692307692D-1,6.283185307180D0,0D0,1.923076923077D-2,       1955P   2104
6.283185307180D0,0D0;                                               1955P   2105
102,4,1949,1951,1953,1955;                                          1957P   2106
142,0,1943,1957,1947,1;                                             1959P   2107
144,1943,1,0,1959;                                                  1961P   2108
110,4.218D0,-1.75D0,-1D0,4.218D0,-1.75D0,0D0;                       1963P   2109
110,4.1165D0,-1.75D0,-5.05D-1,4.1165D0,-1.75D0,-2.45D-1;            1965P   2110
120,1963,1965,-6.283185307180D-2,3.204424506662D0;                  1967P   2111
110,4.3195D0,-1.75D0,-2.5D-1,4.3195D0,-1.75D0,-5D-1;                1969P   2112
102,4,427,415,157,1969;                                             1971P   2113
110,1.923076923077D-2,3.141592653590D0,0D0,1.923076923077D-2,       1973P   2114
0D0,0D0;                                                            1973P   2115
110,1.923076923077D-2,0D0,0D0,9.807692307692D-1,0D0,0D0;            1975P   2116
110,9.807692307692D-1,0D0,0D0,9.807692307692D-1,                    1977P   2117
3.141592653590D0,0D0;                                               1977P   2118
110,9.807692307692D-1,3.141592653590D0,0D0,1.923076923077D-2,       1979P   2119
3.141592653590D0,0D0;                                               1979P   2120
102,4,1973,1975,1977,1979;                                          1981P   2121
142,0,1967,1981,1971,1;                                             1983P   2122
144,1967,1,0,1983;                                                  1985P   2123
128,1,1,1,1,0,0,1,0,0,-1.95D-1,-1.95D-1,1.95D-1,1.95D-1,            1987P   2124
-1.95D-1,-1.95D-1,1.95D-1,1.95D-1,1D0,1D0,1D0,1D0,4.413D0,          1987P   2125
-1.555D0,-5D-1,4.023D0,-1.555D0,-5D-1,4.413D0,-1.945D0,-5D-1,       1987P   2126
4.023D0,-1.945D0,-5D-1,-1.95D-1,1.95D-1,-1.95D-1,1.95D-1;           1987P   2127
102,2,419,423;                                                      1989P   2128
126,12,3,0,0,1,0,0D0,0D0,0D0,0D0,1D-1,2D-1,3D-1,4D-1,5D-1,6D-1,     1991P   2129
7D-1,8D-1,9D-1,1D0,1D0,1D0,1D0,1D0,1D0,1D0,1D0,1D0,1D0,1D0,1D0,     1991P   2130
1D0,1D0,1D0,1D0,1D0,1.875D-1,0D0,0D0,1.876039675624D-1,             1991P   2131
1.966765814479D-2,0D0,1.812323479996D-1,5.888595945960D-2,0D0,      1991P   2132
1.542194114900D-1,1.120417733460D-1,0D0,1.120341247123D-1,          1991P   2133
1.542053559852D-1,0D0,5.890249848988D-2,1.812809213848D-1,0D0,      1991P   2134
0D0,1.906095393076D-1,0D0,-5.890249848988D-2,1.812809213848D-1,     1991P   2135
0D0,-1.120341247123D-1,1.542053559852D-1,0D0,-1.542194114900D-1,    1991P   2136
1.120417733460D-1,0D0,-1.812323479996D-1,5.888595945960D-2,0D0,     1991P   2137
-1.876039675624D-1,1.966765814479D-2,0D0,-1.875D-1,0D0,0D0,0D0,     1991P   2138
1D0,0D0,0D0,1D0;                                                    1991P   2139
126,12,3,0,0,1,0,0D0,0D0,0D0,0D0,1D-1,2D-1,3D-1,4D-1,5D-1,6D-1,     1993P   2140
7D-1,8D-1,9D-1,1D0,1D0,1D0,1D0,1D0,1D0,1D0,1D0,1D0,1D0,1D0,1D0,     1993P   2141
1D0,1D0,1D0,1D0,1D0,-1.875D-1,0D0,0D0,-1.876039675624D-1,           1993P   2142
-1.966765814479D-2,0D0,-1.812323479996D-1,-5.888595945960D-2,       1993P   2143
0D0,-1.542194114900D-1,-1.120417733460D-1,0D0,                      1993P   2144
-1.120341247123D-1,-1.542053559852D-1,0D0,-5.890249848988D-2,       1993P   2145
-1.812809213848D-1,0D0,0D0,-1.906095393076D-1,0D0,                  1993P   2146
5.890249848988D-2,-1.812809213848D-1,0D0,1.120341247123D-1,         1993P   2147
-1.542053559852D-1,0D0,1.542194114900D-1,-1.120417733460D-1,0D0,    1993P   2148
1.812323479996D-1,-5.888595945960D-2,0D0,1.876039675624D-1,         1993P   2149
-1.966765814479D-2,0D0,1.875D-1,0D0,0D0,0D0,1D0,0D0,0D0,1D0;        1993P   2150
102,2,1991,1993;                                                    1995P   2151
142,0,1987,1995,1989,1;                                             1997P   2152
102,2,427,431;                                                      1999P   2153
126,12,3,0,0,1,0,0D0,0D0,0D0,0D0,1D-1,2D-1,3D-1,4D-1,5D-1,6D-1,     2001P   2154
7D-1,8D-1,9D-1,1D0,1D0,1D0,1D0,1D0,1D0,1D0,1D0,1D0,1D0,1D0,1D0,     2001P   2155
1D0,1D0,1D0,1D0,1D0,-1.015D-1,0D0,0D0,-1.015562811071D-1,           2001P   2156
1.064675894238D-2,0D0,-9.810711105044D-2,3.187693272080D-2,0D0,     2001P   2157
-8.348410808658D-2,6.065194663799D-2,0D0,-6.064780617759D-2,        2001P   2158
8.347649937334D-2,0D0,-3.188588584919D-2,9.813340544297D-2,0D0,     2001P   2159
0D0,1.031832972785D-1,0D0,3.188588584919D-2,9.813340544297D-2,      2001P   2160
0D0,6.064780617759D-2,8.347649937334D-2,0D0,8.348410808658D-2,      2001P   2161
6.065194663799D-2,0D0,9.810711105044D-2,3.187693272080D-2,0D0,      2001P   2162
1.015562811071D-1,1.064675894238D-2,0D0,1.015D-1,0D0,0D0,0D0,       2001P   2163
1D0,0D0,0D0,1D0;                                                    2001P   2164
126,12,3,0,0,1,0,0D0,0D0,0D0,0D0,1D-1,2D-1,3D-1,4D-1,5D-1,6D-1,     2003P   2165
7D-1,8D-1,9D-1,1D0,1D0,1D0,1D0,1D0,1D0,1D0,1D0,1D0,1D0,1D0,1D0,     2003P   2166
1D0,1D0,1D0,1D0,1D0,1.015D-1,0D0,0D0,1.015562811071D-1,             2003P   2167
-1.064675894238D-2,0D0,9.810711105044D-2,-3.187693272080D-2,0D0,    2003P   2168
8.348410808658D-2,-6.065194663799D-2,0D0,6.064780617759D-2,         2003P   2169
-8.347649937334D-2,0D0,3.188588584919D-2,-9.813340544297D-2,0D0,    2003P   2170
0D0,-1.031832972785D-1,0D0,-3.188588584919D-2,                      2003P   2171
-9.813340544297D-2,0D0,-6.064780617759D-2,-8.347649937334D-2,       2003P   2172
0D0,-8.348410808658D-2,-6.065194663799D-2,0D0,                      2003P   2173
-9.810711105044D-2,-3.187693272080D-2,0D0,-1.015562811071D-1,       2003P   2174
-1.064675894238D-2,0D0,-1.015D-1,0D0,0D0,0D0,1D0,0D0,0D0,1D0;       2003P   2175
102,2,2001,2003;                                                    2005P   2176
142,0,1987,2005,1999,1;                                             2007P   2177
144,1987,1,1,1997,2007;                                             2009P   2178
110,4.218D0,-1.75D0,-1D0,4.218D0,-1.75D0,0D0;                       2011P   2179
110,4.0305D0,-1.75D0,-1.01D0,4.0305D0,-1.75D0,-4.9D-1;              2013P   2180
120,2011,2013,-6.283185307180D-2,3.204424506662D0;                  2015P   2181
110,4.4055D0,-1.75D0,-5D-1,4.4055D0,-1.75D0,-1D0;                   2017P   2182
102,4,43,433,419,2017;                                              2019P   2183
110,1.923076923077D-2,3.141592653590D0,0D0,1.923076923077D-2,       2021P   2184
0D0,0D0;                                                            2021P   2185
110,1.923076923077D-2,0D0,0D0,9.807692307692D-1,0D0,0D0;            2023P   2186
110,9.807692307692D-1,0D0,0D0,9.807692307692D-1,                    2025P   2187
3.141592653590D0,0D0;                                               2025P   2188
110,9.807692307692D-1,3.141592653590D0,0D0,1.923076923077D-2,       2027P   2189
3.141592653590D0,0D0;                                               2027P   2190
102,4,2021,2023,2025,2027;                                          2029P   2191
142,0,2015,2029,2019,1;                                             2031P   2192
144,2015,1,0,2031;                                                  2033P   2193
110,4.218D0,-1.75D0,-1D0,4.218D0,-1.75D0,0D0;                       2035P   2194
110,4.0305D0,-1.75D0,-1.01D0,4.0305D0,-1.75D0,-4.9D-1;              2037P   2195
120,2035,2037,3.078760800518D0,6.346017160251D0;                    2039P   2196
110,4.0305D0,-1.75D0,-5D-1,4.0305D0,-1.75D0,-1D0;                   2041P   2197
102,4,47,435,423,2041;                                              2043P   2198
110,1.923076923077D-2,6.283185307180D0,0D0,1.923076923077D-2,       2045P   2199
3.141592653590D0,0D0;                                               2045P   2200
110,1.923076923077D-2,3.141592653590D0,0D0,9.807692307692D-1,       2047P   2201
3.141592653590D0,0D0;                                               2047P   2202
110,9.807692307692D-1,3.141592653590D0,0D0,9.807692307692D-1,       2049P   2203
6.283185307180D0,0D0;                                               2049P   2204
110,9.807692307692D-1,6.283185307180D0,0D0,1.923076923077D-2,       2051P   2205
6.283185307180D0,0D0;                                               2051P   2206
102,4,2045,2047,2049,2051;                                          2053P   2207
142,0,2039,2053,2043,1;                                             2055P   2208
144,2039,1,0,2055;                                                  2057P   2209
110,4.218D0,-1.75D0,-1D0,4.218D0,-1.75D0,0D0;                       2059P   2210
110,4.1165D0,-1.75D0,-5.05D-1,4.1165D0,-1.75D0,-2.45D-1;            2061P   2211
120,2059,2061,3.078760800518D0,6.346017160251D0;                    2063P   2212
110,4.1165D0,-1.75D0,-2.5D-1,4.1165D0,-1.75D0,-5D-1;                2065P   2213
102,4,431,437,161,2065;                                             2067P   2214
110,1.923076923077D-2,6.283185307180D0,0D0,1.923076923077D-2,       2069P   2215
3.141592653590D0,0D0;                                               2069P   2216
110,1.923076923077D-2,3.141592653590D0,0D0,9.807692307692D-1,       2071P   2217
3.141592653590D0,0D0;                                               2071P   2218
110,9.807692307692D-1,3.141592653590D0,0D0,9.807692307692D-1,       2073P   2219
6.283185307180D0,0D0;                                               2073P   2220
110,9.807692307692D-1,6.283185307180D0,0D0,1.923076923077D-2,       2075P   2221
6.283185307180D0,0D0;                                               2075P   2222
102,4,2069,2071,2073,2075;                                          2077P   2223
142,0,2063,2077,2067,1;                                             2079P   2224
144,2063,1,0,2079;                                                  2081P   2225
110,-1.532D0,-1.75D0,-1D0,-1.532D0,-1.75D0,0D0;                     2083P   2226
110,-1.6335D0,-1.75D0,-5.05D-1,-1.6335D0,-1.75D0,-2.45D-1;          2085P   2227
120,2083,2085,-6.283185307180D-2,3.204424506662D0;                  2087P   2228
110,-1.4305D0,-1.75D0,-2.5D-1,-1.4305D0,-1.75D0,-5D-1;              2089P   2229
102,4,451,439,165,2089;                                             2091P   2230
110,1.923076923077D-2,3.141592653590D0,0D0,1.923076923077D-2,       2093P   2231
0D0,0D0;                                                            2093P   2232
110,1.923076923077D-2,0D0,0D0,9.807692307692D-1,0D0,0D0;            2095P   2233
110,9.807692307692D-1,0D0,0D0,9.807692307692D-1,                    2097P   2234
3.141592653590D0,0D0;                                               2097P   2235
110,9.807692307692D-1,3.141592653590D0,0D0,1.923076923077D-2,       2099P   2236
3.141592653590D0,0D0;                                               2099P   2237
102,4,2093,2095,2097,2099;                                          2101P   2238
142,0,2087,2101,2091,1;                                             2103P   2239
144,2087,1,0,2103;                                                  2105P   2240
128,1,1,1,1,0,0,1,0,0,-1.95D-1,-1.95D-1,1.95D-1,1.95D-1,            2107P   2241
-1.95D-1,-1.95D-1,1.95D-1,1.95D-1,1D0,1D0,1D0,1D0,-1.337D0,         2107P   2242
-1.555D0,-5D-1,-1.727D0,-1.555D0,-5D-1,-1.337D0,-1.945D0,-5D-1,     2107P   2243
-1.727D0,-1.945D0,-5D-1,-1.95D-1,1.95D-1,-1.95D-1,1.95D-1;          2107P   2244
102,2,443,447;                                                      2109P   2245
126,12,3,0,0,1,0,0D0,0D0,0D0,0D0,1D-1,2D-1,3D-1,4D-1,5D-1,6D-1,     2111P   2246
7D-1,8D-1,9D-1,1D0,1D0,1D0,1D0,1D0,1D0,1D0,1D0,1D0,1D0,1D0,1D0,     2111P   2247
1D0,1D0,1D0,1D0,1D0,1.875D-1,0D0,0D0,1.876039675624D-1,             2111P   2248
1.966765814479D-2,0D0,1.812323479996D-1,5.888595945960D-2,0D0,      2111P   2249
1.542194114900D-1,1.120417733460D-1,0D0,1.120341247123D-1,          2111P   2250
1.542053559852D-1,0D0,5.890249848988D-2,1.812809213848D-1,0D0,      2111P   2251
0D0,1.906095393076D-1,0D0,-5.890249848988D-2,1.812809213848D-1,     2111P   2252
0D0,-1.120341247123D-1,1.542053559852D-1,0D0,-1.542194114900D-1,    2111P   2253
1.120417733460D-1,0D0,-1.812323479996D-1,5.888595945960D-2,0D0,     2111P   2254
-1.876039675624D-1,1.966765814479D-2,0D0,-1.875D-1,0D0,0D0,0D0,     2111P   2255
1D0,0D0,0D0,1D0;                                                    2111P   2256
126,12,3,0,0,1,0,0D0,0D0,0D0,0D0,1D-1,2D-1,3D-1,4D-1,5D-1,6D-1,     2113P   2257
7D-1,8D-1,9D-1,1D0,1D0,1D0,1D0,1D0,1D0,1D0,1D0,1D0,1D0,1D0,1D0,     2113P   2258
1D0,1D0,1D0,1D0,1D0,-1.875D-1,0D0,0D0,-1.876039675624D-1,           2113P   2259
-1.966765814479D-2,0D0,-1.812323479996D-1,-5.888595945960D-2,       2113P   2260
0D0,-1.542194114900D-1,-1.120417733460D-1,0D0,                      2113P   2261
-1.120341247123D-1,-1.542053559852D-1,0D0,-5.890249848988D-2,       2113P   2262
-1.812809213848D-1,0D0,0D0,-1.906095393076D-1,0D0,                  2113P   2263
5.890249848988D-2,-1.812809213848D-1,0D0,1.120341247123D-1,         2113P   2264
-1.542053559852D-1,0D0,1.542194114900D-1,-1.120417733460D-1,0D0,    2113P   2265
1.812323479996D-1,-5.888595945960D-2,0D0,1.876039675624D-1,         2113P   2266
-1.966765814479D-2,0D0,1.875D-1,0D0,0D0,0D0,1D0,0D0,0D0,1D0;        2113P   2267
102,2,2111,2113;                                                    2115P   2268
142,0,2107,2115,2109,1;                                             2117P   2269
102,2,451,455;                                                      2119P   2270
126,12,3,0,0,1,0,0D0,0D0,0D0,0D0,1D-1,2D-1,3D-1,4D-1,5D-1,6D-1,     2121P   2271
7D-1,8D-1,9D-1,1D0,1D0,1D0,1D0,1D0,1D0,1D0,1D0,1D0,1D0,1D0,1D0,     2121P   2272
1D0,1D0,1D0,1D0,1D0,-1.015D-1,0D0,0D0,-1.015562811071D-1,           2121P   2273
1.064675894238D-2,0D0,-9.810711105043D-2,3.187693272080D-2,0D0,     2121P   2274
-8.348410808658D-2,6.065194663799D-2,0D0,-6.064780617759D-2,        2121P   2275
8.347649937334D-2,0D0,-3.188588584919D-2,9.813340544297D-2,0D0,     2121P   2276
0D0,1.031832972785D-1,0D0,3.188588584919D-2,9.813340544297D-2,      2121P   2277
0D0,6.064780617759D-2,8.347649937334D-2,0D0,8.348410808658D-2,      2121P   2278
6.065194663799D-2,0D0,9.810711105043D-2,3.187693272080D-2,0D0,      2121P   2279
1.015562811071D-1,1.064675894238D-2,0D0,1.015D-1,0D0,0D0,0D0,       2121P   2280
1D0,0D0,0D0,1D0;                                                    2121P   2281
126,12,3,0,0,1,0,0D0,0D0,0D0,0D0,1D-1,2D-1,3D-1,4D-1,5D-1,6D-1,     2123P   2282
7D-1,8D-1,9D-1,1D0,1D0,1D0,1D0,1D0,1D0,1D0,1D0,1D0,1D0,1D0,1D0,     2123P   2283
1D0,1D0,1D0,1D0,1D0,1.015D-1,0D0,0D0,1.015562811071D-1,             2123P   2284
-1.064675894238D-2,0D0,9.810711105043D-2,-3.187693272080D-2,0D0,    2123P   2285
8.348410808658D-2,-6.065194663799D-2,0D0,6.064780617759D-2,         2123P   2286
-8.347649937334D-2,0D0,3.188588584919D-2,-9.813340544297D-2,0D0,    2123P   2287
0D0,-1.031832972785D-1,0D0,-3.188588584919D-2,                      2123P   2288
-9.813340544297D-2,0D0,-6.064780617759D-2,-8.347649937334D-2,       2123P   2289
0D0,-8.348410808658D-2,-6.065194663799D-2,0D0,                      2123P   2290
-9.810711105043D-2,-3.187693272080D-2,0D0,-1.015562811071D-1,       2123P   2291
-1.064675894238D-2,0D0,-1.015D-1,0D0,0D0,0D0,1D0,0D0,0D0,1D0;       2123P   2292
102,2,2121,2123;                                                    2125P   2293
142,0,2107,2125,2119,1;                                             2127P   2294
144,2107,1,1,2117,2127;                                             2129P   2295
110,-1.532D0,-1.75D0,-1D0,-1.532D0,-1.75D0,0D0;                     2131P   2296
110,-1.7195D0,-1.75D0,-1.01D0,-1.7195D0,-1.75D0,-4.9D-1;            2133P   2297
120,2131,2133,-6.283185307180D-2,3.204424506662D0;                  2135P   2298
110,-1.3445D0,-1.75D0,-5D-1,-1.3445D0,-1.75D0,-1D0;                 2137P   2299
102,4,51,457,443,2137;                                              2139P   2300
110,1.923076923077D-2,3.141592653590D0,0D0,1.923076923077D-2,       2141P   2301
0D0,0D0;                                                            2141P   2302
110,1.923076923077D-2,0D0,0D0,9.807692307692D-1,0D0,0D0;            2143P   2303
110,9.807692307692D-1,0D0,0D0,9.807692307692D-1,                    2145P   2304
3.141592653590D0,0D0;                                               2145P   2305
110,9.807692307692D-1,3.141592653590D0,0D0,1.923076923077D-2,       2147P   2306
3.141592653590D0,0D0;                                               2147P   2307
102,4,2141,2143,2145,2147;                                          2149P   2308
142,0,2135,2149,2139,1;                                             2151P   2309
144,2135,1,0,2151;                                                  2153P   2310
110,-1.532D0,-1.75D0,-1D0,-1.532D0,-1.75D0,0D0;                     2155P   2311
110,-1.7195D0,-1.75D0,-1.01D0,-1.7195D0,-1.75D0,-4.9D-1;            2157P   2312
120,2155,2157,3.078760800518D0,6.346017160251D0;                    2159P   2313
110,-1.7195D0,-1.75D0,-5D-1,-1.7195D0,-1.75D0,-1D0;                 2161P   2314
102,4,55,459,447,2161;                                              2163P   2315
110,1.923076923077D-2,6.283185307180D0,0D0,1.923076923077D-2,       2165P   2316
3.141592653590D0,0D0;                                               2165P   2317
110,1.923076923077D-2,3.141592653590D0,0D0,9.807692307692D-1,       2167P   2318
3.141592653590D0,0D0;                                               2167P   2319
110,9.807692307692D-1,3.141592653590D0,0D0,9.807692307692D-1,       2169P   2320
6.283185307180D0,0D0;                                               2169P   2321
110,9.807692307692D-1,6.283185307180D0,0D0,1.923076923077D-2,       2171P   2322
6.283185307180D0,0D0;                                               2171P   2323
102,4,2165,2167,2169,2171;                                          2173P   2324
142,0,2159,2173,2163,1;                                             2175P   2325
144,2159,1,0,2175;                                                  2177P   2326
110,-1.532D0,-1.75D0,-1D0,-1.532D0,-1.75D0,0D0;                     2179P   2327
110,-1.6335D0,-1.75D0,-5.05D-1,-1.6335D0,-1.75D0,-2.45D-1;          2181P   2328
120,2179,2181,3.078760800518D0,6.346017160251D0;                    2183P   2329
110,-1.6335D0,-1.75D0,-2.5D-1,-1.6335D0,-1.75D0,-5D-1;              2185P   2330
102,4,455,461,169,2185;                                             2187P   2331
110,1.923076923077D-2,6.283185307180D0,0D0,1.923076923077D-2,       2189P   2332
3.141592653590D0,0D0;                                               2189P   2333
110,1.923076923077D-2,3.141592653590D0,0D0,9.807692307692D-1,       2191P   2334
3.141592653590D0,0D0;                                               2191P   2335
110,9.807692307692D-1,3.141592653590D0,0D0,9.807692307692D-1,       2193P   2336
6.283185307180D0,0D0;                                               2193P   2337
110,9.807692307692D-1,6.283185307180D0,0D0,1.923076923077D-2,       2195P   2338
6.283185307180D0,0D0;                                               2195P   2339
102,4,2189,2191,2193,2195;                                          2197P   2340
142,0,2183,2197,2187,1;                                             2199P   2341
144,2183,1,0,2199;                                                  2201P   2342
110,-1.532D0,1.75D0,-1D0,-1.532D0,1.75D0,0D0;                       2203P   2343
110,-1.6335D0,1.75D0,-5.05D-1,-1.6335D0,1.75D0,-2.45D-1;            2205P   2344
120,2203,2205,-6.283185307180D-2,3.204424506662D0;                  2207P   2345
110,-1.4305D0,1.75D0,-2.5D-1,-1.4305D0,1.75D0,-5D-1;                2209P   2346
102,4,475,463,173,2209;                                             2211P   2347
110,1.923076923077D-2,3.141592653590D0,0D0,1.923076923077D-2,       2213P   2348
0D0,0D0;                                                            2213P   2349
110,1.923076923077D-2,0D0,0D0,9.807692307692D-1,0D0,0D0;            2215P   2350
110,9.807692307692D-1,0D0,0D0,9.807692307692D-1,                    2217P   2351
3.141592653590D0,0D0;                                               2217P   2352
110,9.807692307692D-1,3.141592653590D0,0D0,1.923076923077D-2,       2219P   2353
3.141592653590D0,0D0;                                               2219P   2354
102,4,2213,2215,2217,2219;                                          2221P   2355
142,0,2207,2221,2211,1;                                             2223P   2356
144,2207,1,0,2223;                                                  2225P   2357
128,1,1,1,1,0,0,1,0,0,-1.95D-1,-1.95D-1,1.95D-1,1.95D-1,            2227P   2358
-1.95D-1,-1.95D-1,1.95D-1,1.95D-1,1D0,1D0,1D0,1D0,-1.337D0,         2227P   2359
1.945D0,-5D-1,-1.727D0,1.945D0,-5D-1,-1.337D0,1.555D0,-5D-1,        2227P   2360
-1.727D0,1.555D0,-5D-1,-1.95D-1,1.95D-1,-1.95D-1,1.95D-1;           2227P   2361
102,2,467,471;                                                      2229P   2362
126,12,3,0,0,1,0,0D0,0D0,0D0,0D0,1D-1,2D-1,3D-1,4D-1,5D-1,6D-1,     2231P   2363
7D-1,8D-1,9D-1,1D0,1D0,1D0,1D0,1D0,1D0,1D0,1D0,1D0,1D0,1D0,1D0,     2231P   2364
1D0,1D0,1D0,1D0,1D0,1.875D-1,0D0,0D0,1.876039675624D-1,             2231P   2365
1.966765814479D-2,0D0,1.812323479996D-1,5.888595945960D-2,0D0,      2231P   2366
1.542194114900D-1,1.120417733460D-1,0D0,1.120341247123D-1,          2231P   2367
1.542053559852D-1,0D0,5.890249848988D-2,1.812809213848D-1,0D0,      2231P   2368
0D0,1.906095393076D-1,0D0,-5.890249848988D-2,1.812809213848D-1,     2231P   2369
0D0,-1.120341247123D-1,1.542053559852D-1,0D0,-1.542194114900D-1,    2231P   2370
1.120417733460D-1,0D0,-1.812323479996D-1,5.888595945960D-2,0D0,     2231P   2371
-1.876039675624D-1,1.966765814479D-2,0D0,-1.875D-1,0D0,0D0,0D0,     2231P   2372
1D0,0D0,0D0,1D0;                                                    2231P   2373
126,12,3,0,0,1,0,0D0,0D0,0D0,0D0,1D-1,2D-1,3D-1,4D-1,5D-1,6D-1,     2233P   2374
7D-1,8D-1,9D-1,1D0,1D0,1D0,1D0,1D0,1D0,1D0,1D0,1D0,1D0,1D0,1D0,     2233P   2375
1D0,1D0,1D0,1D0,1D0,-1.875D-1,0D0,0D0,-1.876039675624D-1,           2233P   2376
-1.966765814479D-2,0D0,-1.812323479996D-1,-5.888595945960D-2,       2233P   2377
0D0,-1.542194114900D-1,-1.120417733460D-1,0D0,                      2233P   2378
-1.120341247123D-1,-1.542053559852D-1,0D0,-5.890249848988D-2,       2233P   2379
-1.812809213848D-1,0D0,0D0,-1.906095393076D-1,0D0,                  2233P   2380
5.890249848988D-2,-1.812809213848D-1,0D0,1.120341247123D-1,         2233P   2381
-1.542053559852D-1,0D0,1.542194114900D-1,-1.120417733460D-1,0D0,    2233P   2382
1.812323479996D-1,-5.888595945960D-2,0D0,1.876039675624D-1,         2233P   2383
-1.966765814479D-2,0D0,1.875D-1,0D0,0D0,0D0,1D0,0D0,0D0,1D0;        2233P   2384
102,2,2231,2233;                                                    2235P   2385
142,0,2227,2235,2229,1;                                             2237P   2386
102,2,475,479;                                                      2239P   2387
126,12,3,0,0,1,0,0D0,0D0,0D0,0D0,1D-1,2D-1,3D-1,4D-1,5D-1,6D-1,     2241P   2388
7D-1,8D-1,9D-1,1D0,1D0,1D0,1D0,1D0,1D0,1D0,1D0,1D0,1D0,1D0,1D0,     2241P   2389
1D0,1D0,1D0,1D0,1D0,-1.015D-1,0D0,0D0,-1.015562811071D-1,           2241P   2390
1.064675894238D-2,0D0,-9.810711105043D-2,3.187693272080D-2,0D0,     2241P   2391
-8.348410808658D-2,6.065194663799D-2,0D0,-6.064780617759D-2,        2241P   2392
8.347649937334D-2,0D0,-3.188588584919D-2,9.813340544297D-2,0D0,     2241P   2393
0D0,1.031832972785D-1,0D0,3.188588584919D-2,9.813340544297D-2,      2241P   2394
0D0,6.064780617759D-2,8.347649937334D-2,0D0,8.348410808658D-2,      2241P   2395
6.065194663799D-2,0D0,9.810711105043D-2,3.187693272080D-2,0D0,      2241P   2396
1.015562811071D-1,1.064675894238D-2,0D0,1.015D-1,0D0,0D0,0D0,       2241P   2397
1D0,0D0,0D0,1D0;                                                    2241P   2398
126,12,3,0,0,1,0,0D0,0D0,0D0,0D0,1D-1,2D-1,3D-1,4D-1,5D-1,6D-1,     2243P   2399
7D-1,8D-1,9D-1,1D0,1D0,1D0,1D0,1D0,1D0,1D0,1D0,1D0,1D0,1D0,1D0,     2243P   2400
1D0,1D0,1D0,1D0,1D0,1.015D-1,0D0,0D0,1.015562811071D-1,             2243P   2401
-1.064675894238D-2,0D0,9.810711105043D-2,-3.187693272080D-2,0D0,    2243P   2402
8.348410808658D-2,-6.065194663799D-2,0D0,6.064780617759D-2,         2243P   2403
-8.347649937334D-2,0D0,3.188588584919D-2,-9.813340544297D-2,0D0,    2243P   2404
0D0,-1.031832972785D-1,0D0,-3.188588584919D-2,                      2243P   2405
-9.813340544297D-2,0D0,-6.064780617759D-2,-8.347649937334D-2,       2243P   2406
0D0,-8.348410808658D-2,-6.065194663799D-2,0D0,                      2243P   2407
-9.810711105043D-2,-3.187693272080D-2,0D0,-1.015562811071D-1,       2243P   2408
-1.064675894238D-2,0D0,-1.015D-1,0D0,0D0,0D0,1D0,0D0,0D0,1D0;       2243P   2409
102,2,2241,2243;                                                    2245P   2410
142,0,2227,2245,2239,1;                                             2247P   2411
144,2227,1,1,2237,2247;                                             2249P   2412
110,-1.532D0,1.75D0,-1D0,-1.532D0,1.75D0,0D0;                       2251P   2413
110,-1.7195D0,1.75D0,-1.01D0,-1.7195D0,1.75D0,-4.9D-1;              2253P   2414
120,2251,2253,-6.283185307180D-2,3.204424506662D0;                  2255P   2415
110,-1.3445D0,1.75D0,-5D-1,-1.3445D0,1.75D0,-1D0;                   2257P   2416
102,4,59,481,467,2257;                                              2259P   2417
110,1.923076923077D-2,3.141592653590D0,0D0,1.923076923077D-2,       2261P   2418
0D0,0D0;                                                            2261P   2419
110,1.923076923077D-2,0D0,0D0,9.807692307692D-1,0D0,0D0;            2263P   2420
110,9.807692307692D-1,0D0,0D0,9.807692307692D-1,                    2265P   2421
3.141592653590D0,0D0;                                               2265P   2422
110,9.807692307692D-1,3.141592653590D0,0D0,1.923076923077D-2,       2267P   2423
3.141592653590D0,0D0;                                               2267P   2424
102,4,2261,2263,2265,2267;                                          2269P   2425
142,0,2255,2269,2259,1;                                             2271P   2426
144,2255,1,0,2271;                                                  2273P   2427
110,-1.532D0,1.75D0,-1D0,-1.532D0,1.75D0,0D0;                       2275P   2428
110,-1.7195D0,1.75D0,-1.01D0,-1.7195D0,1.75D0,-4.9D-1;              2277P   2429
120,2275,2277,3.078760800518D0,6.346017160251D0;                    2279P   2430
110,-1.7195D0,1.75D0,-5D-1,-1.7195D0,1.75D0,-1D0;                   2281P   2431
102,4,63,483,471,2281;                                              2283P   2432
110,1.923076923077D-2,6.283185307180D0,0D0,1.923076923077D-2,       2285P   2433
3.141592653590D0,0D0;                                               2285P   2434
110,1.923076923077D-2,3.141592653590D0,0D0,9.807692307692D-1,       2287P   2435
3.141592653590D0,0D0;                                               2287P   2436
110,9.807692307692D-1,3.141592653590D0,0D0,9.807692307692D-1,       2289P   2437
6.283185307180D0,0D0;                                               2289P   2438
110,9.807692307692D-1,6.283185307180D0,0D0,1.923076923077D-2,       2291P   2439
6.283185307180D0,0D0;                                               2291P   2440
102,4,2285,2287,2289,2291;                                          2293P   2441
142,0,2279,2293,2283,1;                                             2295P   2442
144,2279,1,0,2295;                                                  2297P   2443
110,-1.532D0,1.75D0,-1D0,-1.532D0,1.75D0,0D0;                       2299P   2444
110,-1.6335D0,1.75D0,-5.05D-1,-1.6335D0,1.75D0,-2.45D-1;            2301P   2445
120,2299,2301,3.078760800518D0,6.346017160251D0;                    2303P   2446
110,-1.6335D0,1.75D0,-2.5D-1,-1.6335D0,1.75D0,-5D-1;                2305P   2447
102,4,479,485,177,2305;                                             2307P   2448
110,1.923076923077D-2,6.283185307180D0,0D0,1.923076923077D-2,       2309P   2449
3.141592653590D0,0D0;                                               2309P   2450
110,1.923076923077D-2,3.141592653590D0,0D0,9.807692307692D-1,       2311P   2451
3.141592653590D0,0D0;                                               2311P   2452
110,9.807692307692D-1,3.141592653590D0,0D0,9.807692307692D-1,       2313P   2453
6.283185307180D0,0D0;                                               2313P   2454
110,9.807692307692D-1,6.283185307180D0,0D0,1.923076923077D-2,       2315P   2455
6.283185307180D0,0D0;                                               2315P   2456
102,4,2309,2311,2313,2315;                                          2317P   2457
142,0,2303,2317,2307,1;                                             2319P   2458
144,2303,1,0,2319;                                                  2321P   2459
128,1,1,1,1,0,0,1,0,0,-1.501894803240D-2,-1.501894803240D-2,        2323P   2460
7.659663496525D-1,7.659663496525D-1,-5.202D-2,-5.202D-2,1.02D-3,    2323P   2461
1.02D-3,1D0,1D0,1D0,1D0,-1.14038D0,1.91062D0,-3.0202D-1,            2323P   2462
-1.69262D0,1.35838D0,-3.0202D-1,-1.14038D0,1.91062D0,-2.4898D-1,    2323P   2463
-1.69262D0,1.35838D0,-2.4898D-1,-1.501894803240D-2,                 2323P   2464
7.659663496525D-1,-5.202D-2,1.02D-3;                                2323P   2465
110,-1.682D0,1.369D0,-3.01D-1,-1.682D0,1.369D0,-2.5D-1;             2325P   2466
102,4,179,487,503,2325;                                             2327P   2467
110,7.509474016201D-1,0D0,0D0,0D0,0D0,0D0;                          2329P   2468
110,0D0,0D0,0D0,0D0,-5.1D-2,0D0;                                    2331P   2469
110,0D0,-5.1D-2,0D0,7.509474016201D-1,-5.1D-2,0D0;                  2333P   2470
110,7.509474016201D-1,-5.1D-2,0D0,7.509474016201D-1,0D0,0D0;        2335P   2471
102,4,2329,2331,2333,2335;                                          2337P   2472
142,0,2323,2337,2327,1;                                             2339P   2473
144,2323,1,0,2339;                                                  2341P   2474
128,1,1,1,1,0,0,1,0,0,-9.976D-2,-9.976D-2,5.08776D0,5.08776D0,      2343P   2475
-5.202D-2,-5.202D-2,1.02D-3,1.02D-3,1D0,1D0,1D0,1D0,3.93676D0,      2343P   2476
1.9D0,-3.0202D-1,-1.25076D0,1.9D0,-3.0202D-1,3.93676D0,1.9D0,       2343P   2477
-2.4898D-1,-1.25076D0,1.9D0,-2.4898D-1,-9.976D-2,5.08776D0,         2343P   2478
-5.202D-2,1.02D-3;                                                  2343P   2479
110,-1.151D0,1.9D0,-3.01D-1,-1.151D0,1.9D0,-2.5D-1;                 2345P   2480
102,4,193,489,505,2345;                                             2347P   2481
110,4.988D0,0D0,0D0,0D0,0D0,0D0;                                    2349P   2482
110,0D0,0D0,0D0,0D0,-5.1D-2,0D0;                                    2351P   2483
110,0D0,-5.1D-2,0D0,4.988D0,-5.1D-2,0D0;                            2353P   2484
110,4.988D0,-5.1D-2,0D0,4.988D0,0D0,0D0;                            2355P   2485
102,4,2349,2351,2353,2355;                                          2357P   2486
142,0,2343,2357,2347,1;                                             2359P   2487
144,2343,1,0,2359;                                                  2361P   2488
128,1,1,1,1,0,0,1,0,0,-1.501894803240D-2,-1.501894803240D-2,        2363P   2489
7.659663496525D-1,7.659663496525D-1,-5.202D-2,-5.202D-2,1.02D-3,    2363P   2490
1.02D-3,1D0,1D0,1D0,1D0,4.37862D0,1.35838D0,-3.0202D-1,             2363P   2491
3.82638D0,1.91062D0,-3.0202D-1,4.37862D0,1.35838D0,-2.4898D-1,      2363P   2492
3.82638D0,1.91062D0,-2.4898D-1,-1.501894803240D-2,                  2363P   2493
7.659663496525D-1,-5.202D-2,1.02D-3;                                2363P   2494
110,3.837D0,1.9D0,-3.01D-1,3.837D0,1.9D0,-2.5D-1;                   2365P   2495
102,4,191,491,507,2365;                                             2367P   2496
110,7.509474016201D-1,0D0,0D0,0D0,0D0,0D0;                          2369P   2497
110,0D0,0D0,0D0,0D0,-5.1D-2,0D0;                                    2371P   2498
110,0D0,-5.1D-2,0D0,7.509474016201D-1,-5.1D-2,0D0;                  2373P   2499
110,7.509474016201D-1,-5.1D-2,0D0,7.509474016201D-1,0D0,0D0;        2375P   2500
102,4,2369,2371,2373,2375;                                          2377P   2501
142,0,2363,2377,2367,1;                                             2379P   2502
144,2363,1,0,2379;                                                  2381P   2503
128,1,1,1,1,0,0,1,0,0,-5.476D-2,-5.476D-2,2.79276D0,2.79276D0,      2383P   2504
-5.202D-2,-5.202D-2,1.02D-3,1.02D-3,1D0,1D0,1D0,1D0,4.368D0,        2383P   2505
-1.42376D0,-3.0202D-1,4.368D0,1.42376D0,-3.0202D-1,4.368D0,         2383P   2506
-1.42376D0,-2.4898D-1,4.368D0,1.42376D0,-2.4898D-1,-5.476D-2,       2383P   2507
2.79276D0,-5.202D-2,1.02D-3;                                        2383P   2508
110,4.368D0,1.369D0,-3.01D-1,4.368D0,1.369D0,-2.5D-1;               2385P   2509
102,4,189,493,509,2385;                                             2387P   2510
110,2.738D0,0D0,0D0,0D0,0D0,0D0;                                    2389P   2511
110,0D0,0D0,0D0,0D0,-5.1D-2,0D0;                                    2391P   2512
110,0D0,-5.1D-2,0D0,2.738D0,-5.1D-2,0D0;                            2393P   2513
110,2.738D0,-5.1D-2,0D0,2.738D0,0D0,0D0;                            2395P   2514
102,4,2389,2391,2393,2395;                                          2397P   2515
142,0,2383,2397,2387,1;                                             2399P   2516
144,2383,1,0,2399;                                                  2401P   2517
128,1,1,1,1,0,0,1,0,0,-1.501894803240D-2,-1.501894803240D-2,        2403P   2518
7.659663496525D-1,7.659663496525D-1,-5.202D-2,-5.202D-2,1.02D-3,    2403P   2519
1.02D-3,1D0,1D0,1D0,1D0,3.82638D0,-1.91062D0,-3.0202D-1,            2403P   2520
4.37862D0,-1.35838D0,-3.0202D-1,3.82638D0,-1.91062D0,-2.4898D-1,    2403P   2521
4.37862D0,-1.35838D0,-2.4898D-1,-1.501894803240D-2,                 2403P   2522
7.659663496525D-1,-5.202D-2,1.02D-3;                                2403P   2523
110,4.368D0,-1.369D0,-3.01D-1,4.368D0,-1.369D0,-2.5D-1;             2405P   2524
102,4,187,495,511,2405;                                             2407P   2525
110,7.509474016201D-1,0D0,0D0,0D0,0D0,0D0;                          2409P   2526
110,0D0,0D0,0D0,0D0,-5.1D-2,0D0;                                    2411P   2527
110,0D0,-5.1D-2,0D0,7.509474016201D-1,-5.1D-2,0D0;                  2413P   2528
110,7.509474016201D-1,-5.1D-2,0D0,7.509474016201D-1,0D0,0D0;        2415P   2529
102,4,2409,2411,2413,2415;                                          2417P   2530
142,0,2403,2417,2407,1;                                             2419P   2531
144,2403,1,0,2419;                                                  2421P   2532
128,1,1,1,1,0,0,1,0,0,-9.976D-2,-9.976D-2,5.08776D0,5.08776D0,      2423P   2533
-5.202D-2,-5.202D-2,1.02D-3,1.02D-3,1D0,1D0,1D0,1D0,-1.25076D0,     2423P   2534
-1.9D0,-3.0202D-1,3.93676D0,-1.9D0,-3.0202D-1,-1.25076D0,-1.9D0,    2423P   2535
-2.4898D-1,3.93676D0,-1.9D0,-2.4898D-1,-9.976D-2,5.08776D0,         2423P   2536
-5.202D-2,1.02D-3;                                                  2423P   2537
110,3.837D0,-1.9D0,-3.01D-1,3.837D0,-1.9D0,-2.5D-1;                 2425P   2538
102,4,185,497,513,2425;                                             2427P   2539
110,4.988D0,0D0,0D0,0D0,0D0,0D0;                                    2429P   2540
110,0D0,0D0,0D0,0D0,-5.1D-2,0D0;                                    2431P   2541
110,0D0,-5.1D-2,0D0,4.988D0,-5.1D-2,0D0;                            2433P   2542
110,4.988D0,-5.1D-2,0D0,4.988D0,0D0,0D0;                            2435P   2543
102,4,2429,2431,2433,2435;                                          2437P   2544
142,0,2423,2437,2427,1;                                             2439P   2545
144,2423,1,0,2439;                                                  2441P   2546
128,1,1,1,1,0,0,1,0,0,-1.501894803240D-2,-1.501894803240D-2,        2443P   2547
7.659663496525D-1,7.659663496525D-1,-5.202D-2,-5.202D-2,1.02D-3,    2443P   2548
1.02D-3,1D0,1D0,1D0,1D0,-1.69262D0,-1.35838D0,-3.0202D-1,           2443P   2549
-1.14038D0,-1.91062D0,-3.0202D-1,-1.69262D0,-1.35838D0,             2443P   2550
-2.4898D-1,-1.14038D0,-1.91062D0,-2.4898D-1,-1.501894803240D-2,     2443P   2551
7.659663496525D-1,-5.202D-2,1.02D-3;                                2443P   2552
110,-1.151D0,-1.9D0,-3.01D-1,-1.151D0,-1.9D0,-2.5D-1;               2445P   2553
102,4,183,499,515,2445;                                             2447P   2554
110,7.509474016201D-1,0D0,0D0,0D0,0D0,0D0;                          2449P   2555
110,0D0,0D0,0D0,0D0,-5.1D-2,0D0;                                    2451P   2556
110,0D0,-5.1D-2,0D0,7.509474016201D-1,-5.1D-2,0D0;                  2453P   2557
110,7.509474016201D-1,-5.1D-2,0D0,7.509474016201D-1,0D0,0D0;        2455P   2558
102,4,2449,2451,2453,2455;                                          2457P   2559
142,0,2443,2457,2447,1;                                             2459P   2560
144,2443,1,0,2459;                                                  2461P   2561
128,1,1,1,1,0,0,1,0,0,-5.476D-2,-5.476D-2,2.79276D0,2.79276D0,      2463P   2562
-5.202D-2,-5.202D-2,1.02D-3,1.02D-3,1D0,1D0,1D0,1D0,-1.682D0,       2463P   2563
1.42376D0,-3.0202D-1,-1.682D0,-1.42376D0,-3.0202D-1,-1.682D0,       2463P   2564
1.42376D0,-2.4898D-1,-1.682D0,-1.42376D0,-2.4898D-1,-5.476D-2,      2463P   2565
2.79276D0,-5.202D-2,1.02D-3;                                        2463P   2566
110,-1.682D0,-1.369D0,-3.01D-1,-1.682D0,-1.369D0,-2.5D-1;           2465P   2567
102,4,181,501,517,2465;                                             2467P   2568
110,2.738D0,0D0,0D0,0D0,0D0,0D0;                                    2469P   2569
110,0D0,0D0,0D0,0D0,-5.1D-2,0D0;                                    2471P   2570
110,0D0,-5.1D-2,0D0,2.738D0,-5.1D-2,0D0;                            2473P   2571
110,2.738D0,-5.1D-2,0D0,2.738D0,0D0,0D0;                            2475P   2572
102,4,2469,2471,2473,2475;                                          2477P   2573
142,0,2463,2477,2467,1;                                             2479P   2574
144,2463,1,0,2479;                                                  2481P   2575
128,1,1,1,1,0,0,1,0,0,-1.803D0,-1.803D0,4.489D0,4.489D0,            2483P   2576
-1.976D0,-1.976D0,1.976D0,1.976D0,1D0,1D0,1D0,1D0,-1.803D0,         2483P   2577
-1.976D0,-3.01D-1,4.489D0,-1.976D0,-3.01D-1,-1.803D0,1.976D0,       2483P   2578
-3.01D-1,4.489D0,1.976D0,-3.01D-1,-1.803D0,4.489D0,-1.976D0,        2483P   2579
1.976D0;                                                            2483P   2580
102,8,503,517,515,513,511,509,507,505;                              2485P   2581
110,-1.151D0,1.9D0,0D0,-1.682D0,1.369D0,0D0;                        2487P   2582
110,-1.682D0,1.369D0,0D0,-1.682D0,-1.369D0,0D0;                     2489P   2583
110,-1.682D0,-1.369D0,0D0,-1.151D0,-1.9D0,0D0;                      2491P   2584
110,-1.151D0,-1.9D0,0D0,3.837D0,-1.9D0,0D0;                         2493P   2585
110,3.837D0,-1.9D0,0D0,4.368D0,-1.369D0,0D0;                        2495P   2586
110,4.368D0,-1.369D0,0D0,4.368D0,1.369D0,0D0;                       2497P   2587
110,4.368D0,1.369D0,0D0,3.837D0,1.9D0,0D0;                          2499P   2588
110,3.837D0,1.9D0,0D0,-1.151D0,1.9D0,0D0;                           2501P   2589
102,8,2487,2489,2491,2493,2495,2497,2499,2501;                      2503P   2590
142,0,2483,2503,2485,1;                                             2505P   2591
102,8,519,533,531,529,527,525,523,521;                              2507P   2592
110,4.2725D0,-1.329442604793D0,0D0,3.797442604793D0,-1.8045D0,      2509P   2593
0D0;                                                                2509P   2594
110,3.797442604793D0,-1.8045D0,0D0,-1.111442604793D0,-1.8045D0,     2511P   2595
0D0;                                                                2511P   2596
110,-1.111442604793D0,-1.8045D0,0D0,-1.5865D0,-1.329442604793D0,    2513P   2597
0D0;                                                                2513P   2598
110,-1.5865D0,-1.329442604793D0,0D0,-1.5865D0,1.329442604793D0,     2515P   2599
0D0;                                                                2515P   2600
110,-1.5865D0,1.329442604793D0,0D0,-1.111442604793D0,1.8045D0,      2517P   2601
0D0;                                                                2517P   2602
110,-1.111442604793D0,1.8045D0,0D0,3.797442604793D0,1.8045D0,       2519P   2603
0D0;                                                                2519P   2604
110,3.797442604793D0,1.8045D0,0D0,4.2725D0,1.329442604793D0,0D0;    2521P   2605
110,4.2725D0,1.329442604793D0,0D0,4.2725D0,-1.329442604793D0,       2523P   2606
0D0;                                                                2523P   2607
102,8,2509,2511,2513,2515,2517,2519,2521,2523;                      2525P   2608
142,0,2483,2525,2507,1;                                             2527P   2609
144,2483,1,1,2505,2527;                                             2529P   2610
128,1,1,1,1,0,0,1,0,0,-1.343665222414D-2,-1.343665222414D-2,        2531P   2611
6.852692634310D-1,6.852692634310D-1,-5.202D-2,-5.202D-2,1.02D-3,    2531P   2612
1.02D-3,1D0,1D0,1D0,1D0,4.282001147904D0,-1.319941456889D0,         2531P   2613
-3.0202D-1,3.787941456889D0,-1.814001147904D0,-3.0202D-1,           2531P   2614
4.282001147904D0,-1.319941456889D0,-2.4898D-1,3.787941456889D0,     2531P   2615
-1.814001147904D0,-2.4898D-1,-1.343665222414D-2,                    2531P   2616
6.852692634310D-1,-5.202D-2,1.02D-3;                                2531P   2617
110,3.797442604793D0,-1.8045D0,-3.01D-1,3.797442604793D0,           2533P   2618
-1.8045D0,-2.5D-1;                                                  2533P   2619
102,4,195,535,519,2533;                                             2535P   2620
110,6.718326112069D-1,0D0,0D0,0D0,0D0,0D0;                          2537P   2621
110,0D0,0D0,0D0,0D0,-5.1D-2,0D0;                                    2539P   2622
110,0D0,-5.1D-2,0D0,6.718326112069D-1,-5.1D-2,0D0;                  2541P   2623
110,6.718326112069D-1,-5.1D-2,0D0,6.718326112069D-1,0D0,0D0;        2543P   2624
102,4,2537,2539,2541,2543;                                          2545P   2625
142,0,2531,2545,2535,1;                                             2547P   2626
144,2531,1,0,2547;                                                  2549P   2627
128,1,1,1,1,0,0,1,0,0,-5.317770419173D-2,-5.317770419173D-2,        2551P   2628
2.712062913778D0,2.712062913778D0,-5.202D-2,-5.202D-2,1.02D-3,      2551P   2629
1.02D-3,1D0,1D0,1D0,1D0,4.2725D0,1.382620308985D0,-3.0202D-1,       2551P   2630
4.2725D0,-1.382620308985D0,-3.0202D-1,4.2725D0,1.382620308985D0,    2551P   2631
-2.4898D-1,4.2725D0,-1.382620308985D0,-2.4898D-1,                   2551P   2632
-5.317770419173D-2,2.712062913778D0,-5.202D-2,1.02D-3;              2551P   2633
110,4.2725D0,-1.329442604793D0,-3.01D-1,4.2725D0,                   2553P   2634
-1.329442604793D0,-2.5D-1;                                          2553P   2635
102,4,209,537,521,2553;                                             2555P   2636
110,2.658885209587D0,0D0,0D0,0D0,0D0,0D0;                           2557P   2637
110,0D0,0D0,0D0,0D0,-5.1D-2,0D0;                                    2559P   2638
110,0D0,-5.1D-2,0D0,2.658885209587D0,-5.1D-2,0D0;                   2561P   2639
110,2.658885209587D0,-5.1D-2,0D0,2.658885209587D0,0D0,0D0;          2563P   2640
102,4,2557,2559,2561,2563;                                          2565P   2641
142,0,2551,2565,2555,1;                                             2567P   2642
144,2551,1,0,2567;                                                  2569P   2643
128,1,1,1,1,0,0,1,0,0,-1.343665222414D-2,-1.343665222414D-2,        2571P   2644
6.852692634310D-1,6.852692634310D-1,-5.202D-2,-5.202D-2,1.02D-3,    2571P   2645
1.02D-3,1D0,1D0,1D0,1D0,3.787941456889D0,1.814001147904D0,          2571P   2646
-3.0202D-1,4.282001147904D0,1.319941456889D0,-3.0202D-1,            2571P   2647
3.787941456889D0,1.814001147904D0,-2.4898D-1,4.282001147904D0,      2571P   2648
1.319941456889D0,-2.4898D-1,-1.343665222414D-2,                     2571P   2649
6.852692634310D-1,-5.202D-2,1.02D-3;                                2571P   2650
110,4.2725D0,1.329442604793D0,-3.01D-1,4.2725D0,                    2573P   2651
1.329442604793D0,-2.5D-1;                                           2573P   2652
102,4,207,539,523,2573;                                             2575P   2653
110,6.718326112069D-1,0D0,0D0,0D0,0D0,0D0;                          2577P   2654
110,0D0,0D0,0D0,0D0,-5.1D-2,0D0;                                    2579P   2655
110,0D0,-5.1D-2,0D0,6.718326112069D-1,-5.1D-2,0D0;                  2581P   2656
110,6.718326112069D-1,-5.1D-2,0D0,6.718326112069D-1,0D0,0D0;        2583P   2657
102,4,2577,2579,2581,2583;                                          2585P   2658
142,0,2571,2585,2575,1;                                             2587P   2659
144,2571,1,0,2587;                                                  2589P   2660
128,1,1,1,1,0,0,1,0,0,-9.817770419173D-2,-9.817770419173D-2,        2591P   2661
5.007062913778D0,5.007062913778D0,-5.202D-2,-5.202D-2,1.02D-3,      2591P   2662
1.02D-3,1D0,1D0,1D0,1D0,-1.209620308985D0,1.8045D0,-3.0202D-1,      2591P   2663
3.895620308985D0,1.8045D0,-3.0202D-1,-1.209620308985D0,1.8045D0,    2591P   2664
-2.4898D-1,3.895620308985D0,1.8045D0,-2.4898D-1,                    2591P   2665
-9.817770419173D-2,5.007062913778D0,-5.202D-2,1.02D-3;              2591P   2666
110,3.797442604793D0,1.8045D0,-3.01D-1,3.797442604793D0,            2593P   2667
1.8045D0,-2.5D-1;                                                   2593P   2668
102,4,205,541,525,2593;                                             2595P   2669
110,4.908885209587D0,0D0,0D0,0D0,0D0,0D0;                           2597P   2670
110,0D0,0D0,0D0,0D0,-5.1D-2,0D0;                                    2599P   2671
110,0D0,-5.1D-2,0D0,4.908885209587D0,-5.1D-2,0D0;                   2601P   2672
110,4.908885209587D0,-5.1D-2,0D0,4.908885209587D0,0D0,0D0;          2603P   2673
102,4,2597,2599,2601,2603;                                          2605P   2674
142,0,2591,2605,2595,1;                                             2607P   2675
144,2591,1,0,2607;                                                  2609P   2676
128,1,1,1,1,0,0,1,0,0,-1.343665222414D-2,-1.343665222414D-2,        2611P   2677
6.852692634310D-1,6.852692634310D-1,-5.202D-2,-5.202D-2,1.02D-3,    2611P   2678
1.02D-3,1D0,1D0,1D0,1D0,-1.596001147904D0,1.319941456889D0,         2611P   2679
-3.0202D-1,-1.101941456889D0,1.814001147904D0,-3.0202D-1,           2611P   2680
-1.596001147904D0,1.319941456889D0,-2.4898D-1,-1.101941456889D0,    2611P   2681
1.814001147904D0,-2.4898D-1,-1.343665222414D-2,                     2611P   2682
6.852692634310D-1,-5.202D-2,1.02D-3;                                2611P   2683
110,-1.111442604793D0,1.8045D0,-3.01D-1,-1.111442604793D0,          2613P   2684
1.8045D0,-2.5D-1;                                                   2613P   2685
102,4,203,543,527,2613;                                             2615P   2686
110,6.718326112069D-1,0D0,0D0,0D0,0D0,0D0;                          2617P   2687
110,0D0,0D0,0D0,0D0,-5.1D-2,0D0;                                    2619P   2688
110,0D0,-5.1D-2,0D0,6.718326112069D-1,-5.1D-2,0D0;                  2621P   2689
110,6.718326112069D-1,-5.1D-2,0D0,6.718326112069D-1,0D0,0D0;        2623P   2690
102,4,2617,2619,2621,2623;                                          2625P   2691
142,0,2611,2625,2615,1;                                             2627P   2692
144,2611,1,0,2627;                                                  2629P   2693
128,1,1,1,1,0,0,1,0,0,-5.317770419173D-2,-5.317770419173D-2,        2631P   2694
2.712062913778D0,2.712062913778D0,-5.202D-2,-5.202D-2,1.02D-3,      2631P   2695
1.02D-3,1D0,1D0,1D0,1D0,-1.5865D0,-1.382620308985D0,-3.0202D-1,     2631P   2696
-1.5865D0,1.382620308985D0,-3.0202D-1,-1.5865D0,                    2631P   2697
-1.382620308985D0,-2.4898D-1,-1.5865D0,1.382620308985D0,            2631P   2698
-2.4898D-1,-5.317770419173D-2,2.712062913778D0,-5.202D-2,           2631P   2699
1.02D-3;                                                            2631P   2700
110,-1.5865D0,1.329442604793D0,-3.01D-1,-1.5865D0,                  2633P   2701
1.329442604793D0,-2.5D-1;                                           2633P   2702
102,4,201,545,529,2633;                                             2635P   2703
110,2.658885209587D0,0D0,0D0,0D0,0D0,0D0;                           2637P   2704
110,0D0,0D0,0D0,0D0,-5.1D-2,0D0;                                    2639P   2705
110,0D0,-5.1D-2,0D0,2.658885209587D0,-5.1D-2,0D0;                   2641P   2706
110,2.658885209587D0,-5.1D-2,0D0,2.658885209587D0,0D0,0D0;          2643P   2707
102,4,2637,2639,2641,2643;                                          2645P   2708
142,0,2631,2645,2635,1;                                             2647P   2709
144,2631,1,0,2647;                                                  2649P   2710
128,1,1,1,1,0,0,1,0,0,-1.343665222414D-2,-1.343665222414D-2,        2651P   2711
6.852692634310D-1,6.852692634310D-1,-5.202D-2,-5.202D-2,1.02D-3,    2651P   2712
1.02D-3,1D0,1D0,1D0,1D0,-1.101941456889D0,-1.814001147904D0,        2651P   2713
-3.0202D-1,-1.596001147904D0,-1.319941456889D0,-3.0202D-1,          2651P   2714
-1.101941456889D0,-1.814001147904D0,-2.4898D-1,                     2651P   2715
-1.596001147904D0,-1.319941456889D0,-2.4898D-1,                     2651P   2716
-1.343665222414D-2,6.852692634310D-1,-5.202D-2,1.02D-3;             2651P   2717
110,-1.5865D0,-1.329442604793D0,-3.01D-1,-1.5865D0,                 2653P   2718
-1.329442604793D0,-2.5D-1;                                          2653P   2719
102,4,199,547,531,2653;                                             2655P   2720
110,6.718326112069D-1,0D0,0D0,0D0,0D0,0D0;                          2657P   2721
110,0D0,0D0,0D0,0D0,-5.1D-2,0D0;                                    2659P   2722
110,0D0,-5.1D-2,0D0,6.718326112069D-1,-5.1D-2,0D0;                  2661P   2723
110,6.718326112069D-1,-5.1D-2,0D0,6.718326112069D-1,0D0,0D0;        2663P   2724
102,4,2657,2659,2661,2663;                                          2665P   2725
142,0,2651,2665,2655,1;                                             2667P   2726
144,2651,1,0,2667;                                                  2669P   2727
128,1,1,1,1,0,0,1,0,0,-9.817770419173D-2,-9.817770419173D-2,        2671P   2728
5.007062913778D0,5.007062913778D0,-5.202D-2,-5.202D-2,1.02D-3,      2671P   2729
1.02D-3,1D0,1D0,1D0,1D0,3.895620308985D0,-1.8045D0,-3.0202D-1,      2671P   2730
-1.209620308985D0,-1.8045D0,-3.0202D-1,3.895620308985D0,            2671P   2731
-1.8045D0,-2.4898D-1,-1.209620308985D0,-1.8045D0,-2.4898D-1,        2671P   2732
-9.817770419173D-2,5.007062913778D0,-5.202D-2,1.02D-3;              2671P   2733
110,-1.111442604793D0,-1.8045D0,-3.01D-1,-1.111442604793D0,         2673P   2734
-1.8045D0,-2.5D-1;                                                  2673P   2735
102,4,197,549,533,2673;                                             2675P   2736
110,4.908885209587D0,0D0,0D0,0D0,0D0,0D0;                           2677P   2737
110,0D0,0D0,0D0,0D0,-5.1D-2,0D0;                                    2679P   2738
110,0D0,-5.1D-2,0D0,4.908885209587D0,-5.1D-2,0D0;                   2681P   2739
110,4.908885209587D0,-5.1D-2,0D0,4.908885209587D0,0D0,0D0;          2683P   2740
102,4,2677,2679,2681,2683;                                          2685P   2741
142,0,2671,2685,2675,1;                                             2687P   2742
144,2671,1,0,2687;                                                  2689P   2743
110,5.598D0,-2.005D0,-2.492499816624D-1,5.598D0,-2.005D0,           2691P   2744
-1.249249981662D0;                                                  2691P   2745
110,5.598D0,-2.125D0,-2.35D-1,5.598D0,-2.125D0,-1.015D0;            2693P   2746
120,2691,2693,-1.602212253331D0,3.141592653590D-2;                  2695P   2747
102,4,551,555,557,561;                                              2697P   2748
110,1.923076923077D-2,-1.570796326795D0,0D0,9.807692307692D-1,      2699P   2749
-1.570796326795D0,0D0;                                              2699P   2750
110,9.807692307692D-1,-1.570796326795D0,0D0,9.807692307692D-1,      2701P   2751
0D0,0D0;                                                            2701P   2752
110,9.807692307692D-1,0D0,0D0,1.923076923077D-2,0D0,0D0;            2703P   2753
110,1.923076923077D-2,0D0,0D0,1.923076923077D-2,                    2705P   2754
-1.570796326795D0,0D0;                                              2705P   2755
102,4,2699,2701,2703,2705;                                          2707P   2756
142,0,2695,2707,2697,1;                                             2709P   2757
144,2695,1,0,2709;                                                  2711P   2758
128,1,1,1,1,0,0,1,0,0,3.98D-2,3.98D-2,4.2102D0,4.2102D0,-1.5D-2,    2713P   2759
-1.5D-2,7.65D-1,7.65D-1,1D0,1D0,1D0,1D0,5.718D0,-2.0852D0,          2713P   2760
-1.015D0,5.718D0,2.0852D0,-1.015D0,5.718D0,-2.0852D0,-2.35D-1,      2713P   2761
5.718D0,2.0852D0,-2.35D-1,3.98D-2,4.2102D0,-1.5D-2,7.65D-1;         2713P   2762
110,5.718D0,2.005D0,-2.5D-1,5.718D0,-2.005D0,-2.5D-1;               2715P   2763
102,4,551,85,569,2715;                                              2717P   2764
110,1.2D-1,7.5D-1,0D0,1.2D-1,0D0,0D0;                               2719P   2765
110,1.2D-1,0D0,0D0,4.13D0,0D0,0D0;                                  2721P   2766
110,4.13D0,0D0,0D0,4.13D0,7.5D-1,0D0;                               2723P   2767
110,4.13D0,7.5D-1,0D0,1.2D-1,7.5D-1,0D0;                            2725P   2768
102,4,2719,2721,2723,2725;                                          2727P   2769
142,0,2713,2727,2717,1;                                             2729P   2770
144,2713,1,0,2729;                                                  2731P   2771
110,5.598D0,2.005D0,-2.492499816624D-1,5.598D0,2.005D0,             2733P   2772
-1.249249981662D0;                                                  2733P   2773
110,5.718D0,2.005D0,-2.35D-1,5.718D0,2.005D0,-1.015D0;              2735P   2774
120,2733,2735,-1.602212253331D0,3.141592653590D-2;                  2737P   2775
102,4,563,567,569,573;                                              2739P   2776
110,1.923076923077D-2,-1.570796326795D0,0D0,9.807692307692D-1,      2741P   2777
-1.570796326795D0,0D0;                                              2741P   2778
110,9.807692307692D-1,-1.570796326795D0,0D0,9.807692307692D-1,      2743P   2779
0D0,0D0;                                                            2743P   2780
110,9.807692307692D-1,0D0,0D0,1.923076923077D-2,0D0,0D0;            2745P   2781
110,1.923076923077D-2,0D0,0D0,1.923076923077D-2,                    2747P   2782
-1.570796326795D0,0D0;                                              2747P   2783
102,4,2741,2743,2745,2747;                                          2749P   2784
142,0,2737,2749,2739,1;                                             2751P   2785
144,2737,1,0,2751;                                                  2753P   2786
128,1,1,1,1,0,0,1,0,0,-5.02D-2,-5.02D-2,8.8002D0,8.8002D0,          2755P   2787
-1.5D-2,-1.5D-2,7.65D-1,7.65D-1,1D0,1D0,1D0,1D0,5.7682D0,           2755P   2788
2.125D0,-1.015D0,-3.0822D0,2.125D0,-1.015D0,5.7682D0,2.125D0,       2755P   2789
-2.35D-1,-3.0822D0,2.125D0,-2.35D-1,-5.02D-2,8.8002D0,-1.5D-2,      2755P   2790
7.65D-1;                                                            2755P   2791
110,-2.912D0,2.125D0,-2.5D-1,5.598D0,2.125D0,-2.5D-1;               2757P   2792
102,4,563,87,601,2757;                                              2759P   2793
110,1.2D-1,7.5D-1,0D0,1.2D-1,0D0,0D0;                               2761P   2794
110,1.2D-1,0D0,0D0,8.63D0,0D0,0D0;                                  2763P   2795
110,8.63D0,0D0,0D0,8.63D0,7.5D-1,0D0;                               2765P   2796
110,8.63D0,7.5D-1,0D0,1.2D-1,7.5D-1,0D0;                            2767P   2797
102,4,2761,2763,2765,2767;                                          2769P   2798
142,0,2755,2769,2759,1;                                             2771P   2799
102,2,577,581;                                                      2773P   2800
126,11,3,0,0,1,0,0D0,0D0,0D0,0D0,1.111111111111D-1,                 2775P   2801
2.222222222222D-1,3.333333333333D-1,4.444444444444D-1,              2775P   2802
5.555555555556D-1,6.666666666667D-1,7.777777777778D-1,              2775P   2803
8.888888888889D-1,1D0,1D0,1D0,1D0,1D0,1D0,1D0,1D0,1D0,1D0,1D0,      2775P   2804
1D0,1D0,1D0,1D0,1D0,4.182D0,3.8D-1,0D0,4.181943225512D0,            2775P   2805
3.879321657515D-1,0D0,4.184816372737D0,4.037249000851D-1,0D0,       2775P   2806
4.196833267870D0,4.246088195519D-1,0D0,4.215304422989D0,            2775P   2807
4.400971664596D-1,0D0,4.237949040174D0,4.483408793539D-1,0D0,       2775P   2808
4.262050959826D0,4.483408793539D-1,0D0,4.284695577011D0,            2775P   2809
4.400971664596D-1,0D0,4.303166732130D0,4.246088195519D-1,0D0,       2775P   2810
4.315183627263D0,4.037249000851D-1,0D0,4.318056774488D0,            2775P   2811
3.879321657515D-1,0D0,4.318D0,3.8D-1,0D0,0D0,1D0,0D0,0D0,1D0;       2775P   2812
126,11,3,0,0,1,0,0D0,0D0,0D0,0D0,1.111111111111D-1,                 2777P   2813
2.222222222222D-1,3.333333333333D-1,4.444444444444D-1,              2777P   2814
5.555555555556D-1,6.666666666667D-1,7.777777777778D-1,              2777P   2815
8.888888888889D-1,1D0,1D0,1D0,1D0,1D0,1D0,1D0,1D0,1D0,1D0,1D0,      2777P   2816
1D0,1D0,1D0,1D0,1D0,4.318D0,3.8D-1,0D0,4.318056774488D0,            2777P   2817
3.720678342485D-1,0D0,4.315183627263D0,3.562750999149D-1,0D0,       2777P   2818
4.303166732130D0,3.353911804481D-1,0D0,4.284695577011D0,            2777P   2819
3.199028335404D-1,0D0,4.262050959826D0,3.116591206461D-1,0D0,       2777P   2820
4.237949040174D0,3.116591206461D-1,0D0,4.215304422989D0,            2777P   2821
3.199028335404D-1,0D0,4.196833267870D0,3.353911804481D-1,0D0,       2777P   2822
4.184816372737D0,3.562750999149D-1,0D0,4.181943225512D0,            2777P   2823
3.720678342485D-1,0D0,4.182D0,3.8D-1,0D0,0D0,1D0,0D0,0D0,1D0;       2777P   2824
102,2,2775,2777;                                                    2779P   2825
142,0,2755,2779,2773,1;                                             2781P   2826
144,2755,1,1,2771,2781;                                             2783P   2827
110,1.468D0,2.125D0,-6.2D-1,1.468D0,1.125D0,-6.2D-1;                2785P   2828
110,1.536D0,2.13D0,-6.2D-1,1.536D0,1.87D0,-6.2D-1;                  2787P   2829
120,2785,2787,-6.283185307180D-2,3.204424506662D0;                  2789P   2830
124,-1D0,0D0,0D0,1.468D0,0D0,0D0,1D0,2.125D0,0D0,1D0,0D0,           2791P   2831
-6.2D-1;                                                            2791P   2832
100,0D0,0D0,0D0,6.8D-2,0D0,-6.8D-2,0D0;                             2793P   2833
110,1.4D0,1.875D0,-6.2D-1,1.4D0,2.125D0,-6.2D-1;                    2795P   2834
102,4,2793,583,589,2795;                                            2797P   2835
110,1.923076923077D-2,3.141592653590D0,0D0,1.923076923077D-2,       2799P   2836
0D0,0D0;                                                            2799P   2837
110,1.923076923077D-2,0D0,0D0,9.807692307692D-1,0D0,0D0;            2801P   2838
110,9.807692307692D-1,0D0,0D0,9.807692307692D-1,                    2803P   2839
3.141592653590D0,0D0;                                               2803P   2840
110,9.807692307692D-1,3.141592653590D0,0D0,1.923076923077D-2,       2805P   2841
3.141592653590D0,0D0;                                               2805P   2842
102,4,2799,2801,2803,2805;                                          2807P   2843
142,0,2789,2807,2797,1;                                             2809P   2844
144,2789,1,0,2809;                                                  2811P   2845
110,1.468D0,2.125D0,-6.2D-1,1.468D0,1.125D0,-6.2D-1;                2813P   2846
110,1.536D0,2.13D0,-6.2D-1,1.536D0,1.87D0,-6.2D-1;                  2815P   2847
120,2813,2815,3.078760800518D0,6.346017160251D0;                    2817P   2848
124,1D0,0D0,0D0,1.468D0,0D0,0D0,1D0,2.125D0,0D0,-1D0,0D0,           2819P   2849
-6.2D-1;                                                            2819P   2850
100,0D0,0D0,0D0,6.8D-2,0D0,-6.8D-2,0D0;                             2821P   2851
110,1.536D0,1.875D0,-6.2D-1,1.536D0,2.125D0,-6.2D-1;                2823P   2852
102,4,2821,585,593,2823;                                            2825P   2853
110,1.923076923077D-2,6.283185307180D0,0D0,1.923076923077D-2,       2827P   2854
3.141592653590D0,0D0;                                               2827P   2855
110,1.923076923077D-2,3.141592653590D0,0D0,9.807692307692D-1,       2829P   2856
3.141592653590D0,0D0;                                               2829P   2857
110,9.807692307692D-1,3.141592653590D0,0D0,9.807692307692D-1,       2831P   2858
6.283185307180D0,0D0;                                               2831P   2859
110,9.807692307692D-1,6.283185307180D0,0D0,1.923076923077D-2,       2833P   2860
6.283185307180D0,0D0;                                               2833P   2861
102,4,2827,2829,2831,2833;                                          2835P   2862
142,0,2817,2835,2825,1;                                             2837P   2863
144,2817,1,0,2837;                                                  2839P   2864
128,1,1,1,1,0,0,1,0,0,-7.072D-2,-7.072D-2,7.072D-2,7.072D-2,        2841P   2865
-7.072D-2,-7.072D-2,7.072D-2,7.072D-2,1D0,1D0,1D0,1D0,1.39728D0,    2841P   2866
1.875D0,-6.9072D-1,1.53872D0,1.875D0,-6.9072D-1,1.39728D0,          2841P   2867
1.875D0,-5.4928D-1,1.53872D0,1.875D0,-5.4928D-1,-7.072D-2,          2841P   2868
7.072D-2,-7.072D-2,7.072D-2;                                        2841P   2869
102,2,589,593;                                                      2843P   2870
126,10,3,0,0,1,0,0D0,0D0,0D0,0D0,1.25D-1,2.5D-1,3.75D-1,5D-1,       2845P   2871
6.25D-1,7.5D-1,8.75D-1,1D0,1D0,1D0,1D0,1D0,1D0,1D0,1D0,1D0,1D0,     2845P   2872
1D0,1D0,1D0,1D0,1D0,6.8D-2,0D0,0D0,6.808945521067D-2,               2845P   2873
8.937005558625D-3,0D0,6.441786742758D-2,2.668275434765D-2,0D0,      2845P   2874
4.934613045208D-2,4.933969185023D-2,0D0,2.669717748822D-2,          2845P   2875
6.445804497554D-2,0D0,0D0,6.977097751223D-2,0D0,                    2845P   2876
-2.669717748822D-2,6.445804497554D-2,0D0,-4.934613045208D-2,        2845P   2877
4.933969185023D-2,0D0,-6.441786742758D-2,2.668275434765D-2,0D0,     2845P   2878
-6.808945521067D-2,8.937005558625D-3,0D0,-6.8D-2,0D0,0D0,0D0,       2845P   2879
1D0,0D0,0D0,1D0;                                                    2845P   2880
126,10,3,0,0,1,0,0D0,0D0,0D0,0D0,1.25D-1,2.5D-1,3.75D-1,5D-1,       2847P   2881
6.25D-1,7.5D-1,8.75D-1,1D0,1D0,1D0,1D0,1D0,1D0,1D0,1D0,1D0,1D0,     2847P   2882
1D0,1D0,1D0,1D0,1D0,-6.8D-2,0D0,0D0,-6.808945521067D-2,             2847P   2883
-8.937005558625D-3,0D0,-6.441786742758D-2,-2.668275434765D-2,       2847P   2884
0D0,-4.934613045208D-2,-4.933969185023D-2,0D0,                      2847P   2885
-2.669717748822D-2,-6.445804497554D-2,0D0,0D0,                      2847P   2886
-6.977097751223D-2,0D0,2.669717748822D-2,-6.445804497554D-2,0D0,    2847P   2887
4.934613045208D-2,-4.933969185023D-2,0D0,6.441786742758D-2,         2847P   2888
-2.668275434765D-2,0D0,6.808945521067D-2,-8.937005558625D-3,0D0,    2847P   2889
6.8D-2,0D0,0D0,0D0,1D0,0D0,0D0,1D0;                                 2847P   2890
102,2,2845,2847;                                                    2849P   2891
142,0,2841,2849,2843,1;                                             2851P   2892
144,2841,1,0,2851;                                                  2853P   2893
110,-2.912D0,2.005D0,-2.492499816624D-1,-2.912D0,2.005D0,           2855P   2894
-1.249249981662D0;                                                  2855P   2895
110,-2.912D0,2.125D0,-2.35D-1,-2.912D0,2.125D0,-1.015D0;            2857P   2896
120,2855,2857,-1.602212253331D0,3.141592653590D-2;                  2859P   2897
102,4,595,599,601,605;                                              2861P   2898
110,1.923076923077D-2,-1.570796326795D0,0D0,9.807692307692D-1,      2863P   2899
-1.570796326795D0,0D0;                                              2863P   2900
110,9.807692307692D-1,-1.570796326795D0,0D0,9.807692307692D-1,      2865P   2901
0D0,0D0;                                                            2865P   2902
110,9.807692307692D-1,0D0,0D0,1.923076923077D-2,0D0,0D0;            2867P   2903
110,1.923076923077D-2,0D0,0D0,1.923076923077D-2,                    2869P   2904
-1.570796326795D0,0D0;                                              2869P   2905
102,4,2863,2865,2867,2869;                                          2871P   2906
142,0,2859,2871,2861,1;                                             2873P   2907
144,2859,1,0,2873;                                                  2875P   2908
128,1,1,1,1,0,0,1,0,0,3.98D-2,3.98D-2,4.2102D0,4.2102D0,-1.5D-2,    2877P   2909
-1.5D-2,7.65D-1,7.65D-1,1D0,1D0,1D0,1D0,-3.032D0,2.0852D0,          2877P   2910
-1.015D0,-3.032D0,-2.0852D0,-1.015D0,-3.032D0,2.0852D0,-2.35D-1,    2877P   2911
-3.032D0,-2.0852D0,-2.35D-1,3.98D-2,4.2102D0,-1.5D-2,7.65D-1;       2877P   2912
110,-3.032D0,2.5D-1,-2.5D-1,-3.032D0,1.094D0,-2.5D-1;               2879P   2913
102,4,607,2879,609,99;                                              2881P   2914
110,1.875D0,0D0,0D0,1.875D0,7.5D-1,0D0;                             2883P   2915
110,1.875D0,7.5D-1,0D0,1.031D0,7.5D-1,0D0;                          2885P   2916
110,1.031D0,7.5D-1,0D0,1.031D0,0D0,0D0;                             2887P   2917
110,1.031D0,0D0,0D0,1.875D0,0D0,0D0;                                2889P   2918
102,4,2883,2885,2887,2889;                                          2891P   2919
142,0,2877,2891,2881,1;                                             2893P   2920
144,2877,1,0,2893;                                                  2895P   2921
128,1,1,1,1,0,0,1,0,0,3.98D-2,3.98D-2,4.2102D0,4.2102D0,-1.5D-2,    2897P   2922
-1.5D-2,7.65D-1,7.65D-1,1D0,1D0,1D0,1D0,-3.032D0,2.0852D0,          2897P   2923
-1.015D0,-3.032D0,-2.0852D0,-1.015D0,-3.032D0,2.0852D0,-2.35D-1,    2897P   2924
-3.032D0,-2.0852D0,-2.35D-1,3.98D-2,4.2102D0,-1.5D-2,7.65D-1;       2897P   2925
110,-3.032D0,1.656D0,-2.5D-1,-3.032D0,2.005D0,-2.5D-1;              2899P   2926
102,4,595,89,611,2899;                                              2901P   2927
110,1.2D-1,7.5D-1,0D0,1.2D-1,0D0,0D0;                               2903P   2928
110,1.2D-1,0D0,0D0,4.69D-1,0D0,0D0;                                 2905P   2929
110,4.69D-1,0D0,0D0,4.69D-1,7.5D-1,0D0;                             2907P   2930
110,4.69D-1,7.5D-1,0D0,1.2D-1,7.5D-1,0D0;                           2909P   2931
102,4,2903,2905,2907,2909;                                          2911P   2932
142,0,2897,2911,2901,1;                                             2913P   2933
144,2897,1,0,2913;                                                  2915P   2934
128,1,1,1,1,0,0,1,0,0,3.98D-2,3.98D-2,4.2102D0,4.2102D0,-1.5D-2,    2917P   2935
-1.5D-2,7.65D-1,7.65D-1,1D0,1D0,1D0,1D0,-3.032D0,2.0852D0,          2917P   2936
-1.015D0,-3.032D0,-2.0852D0,-1.015D0,-3.032D0,2.0852D0,-2.35D-1,    2917P   2937
-3.032D0,-2.0852D0,-2.35D-1,3.98D-2,4.2102D0,-1.5D-2,7.65D-1;       2917P   2938
110,-3.032D0,-2.005D0,-2.5D-1,-3.032D0,-2.5D-1,-2.5D-1;             2919P   2939
102,8,613,619,81,647,2919,617,109,615;                              2921P   2940
110,2.875D0,4.6D-1,0D0,3.125D0,4.6D-1,0D0;                          2923P   2941
110,3.125D0,4.6D-1,0D0,3.125D0,0D0,0D0;                             2925P   2942
110,3.125D0,0D0,0D0,4.13D0,0D0,0D0;                                 2927P   2943
110,4.13D0,0D0,0D0,4.13D0,7.5D-1,0D0;                               2929P   2944
110,4.13D0,7.5D-1,0D0,2.375D0,7.5D-1,0D0;                           2931P   2945
110,2.375D0,7.5D-1,0D0,2.375D0,0D0,0D0;                             2933P   2946
110,2.375D0,0D0,0D0,2.875D0,0D0,0D0;                                2935P   2947
110,2.875D0,0D0,0D0,2.875D0,4.6D-1,0D0;                             2937P   2948
102,8,2923,2925,2927,2929,2931,2933,2935,2937;                      2939P   2949
142,0,2917,2939,2921,1;                                             2941P   2950
144,2917,1,0,2941;                                                  2943P   2951
128,1,1,1,1,0,0,1,0,0,-1.126D-2,-1.126D-2,5.7426D-1,5.7426D-1,      2945P   2952
-7.65D-1,-7.65D-1,1.5D-2,1.5D-2,1D0,1D0,1D0,1D0,-2.45774D0,         2945P   2953
2.5D-1,-1.015D0,-3.04326D0,2.5D-1,-1.015D0,-2.45774D0,2.5D-1,       2945P   2954
-2.35D-1,-3.04326D0,2.5D-1,-2.35D-1,-1.126D-2,5.7426D-1,            2945P   2955
-7.65D-1,1.5D-2;                                                    2945P   2956
110,-2.469D0,2.5D-1,-1D0,-3.032D0,2.5D-1,-1D0;                      2947P   2957
102,4,2947,607,221,621;                                             2949P   2958
110,0D0,-7.5D-1,0D0,5.63D-1,-7.5D-1,0D0;                            2951P   2959
110,5.63D-1,-7.5D-1,0D0,5.63D-1,0D0,0D0;                            2953P   2960
110,5.63D-1,0D0,0D0,0D0,0D0,0D0;                                    2955P   2961
110,0D0,0D0,0D0,0D0,-7.5D-1,0D0;                                    2957P   2962
102,4,2951,2953,2955,2957;                                          2959P   2963
142,0,2945,2959,2949,1;                                             2961P   2964
144,2945,1,0,2961;                                                  2963P   2965
110,-2.469D0,0D0,-2.5D-1,-2.469D0,0D0,7.5D-1;                       2965P   2966
110,-2.219D0,0D0,-1.015D0,-2.219D0,0D0,-2.35D-1;                    2967P   2967
120,2965,2967,4.649557127313D0,7.916813487046D0;                    2969P   2968
102,4,105,623,219,621;                                              2971P   2969
110,1.923076923077D-2,7.853981633974D0,0D0,1.923076923077D-2,       2973P   2970
4.712388980385D0,0D0;                                               2973P   2971
110,1.923076923077D-2,4.712388980385D0,0D0,9.807692307692D-1,       2975P   2972
4.712388980385D0,0D0;                                               2975P   2973
110,9.807692307692D-1,4.712388980385D0,0D0,9.807692307692D-1,       2977P   2974
7.853981633974D0,0D0;                                               2977P   2975
110,9.807692307692D-1,7.853981633974D0,0D0,1.923076923077D-2,       2979P   2976
7.853981633974D0,0D0;                                               2979P   2977
102,4,2973,2975,2977,2979;                                          2981P   2978
142,0,2969,2981,2971,1;                                             2983P   2979
144,2969,1,0,2983;                                                  2985P   2980
128,1,1,1,1,0,0,1,0,0,-1.126D-2,-1.126D-2,5.7426D-1,5.7426D-1,      2987P   2981
-7.65D-1,-7.65D-1,1.5D-2,1.5D-2,1D0,1D0,1D0,1D0,-3.04326D0,         2987P   2982
-2.5D-1,-1.015D0,-2.45774D0,-2.5D-1,-1.015D0,-3.04326D0,-2.5D-1,    2987P   2983
-2.35D-1,-2.45774D0,-2.5D-1,-2.35D-1,-1.126D-2,5.7426D-1,           2987P   2984
-7.65D-1,1.5D-2;                                                    2987P   2985
102,4,107,623,215,617;                                              2989P   2986
110,0D0,-7.5D-1,0D0,5.63D-1,-7.5D-1,0D0;                            2991P   2987
110,5.63D-1,-7.5D-1,0D0,5.63D-1,0D0,0D0;                            2993P   2988
110,5.63D-1,0D0,0D0,0D0,0D0,0D0;                                    2995P   2989
110,0D0,0D0,0D0,0D0,-7.5D-1,0D0;                                    2997P   2990
102,4,2991,2993,2995,2997;                                          2999P   2991
142,0,2987,2999,2989,1;                                             3001P   2992
144,2987,1,0,3001;                                                  3003P   2993
128,1,1,1,1,0,0,1,0,0,-1.314D-2,-1.314D-2,6.7014D-1,6.7014D-1,      3005P   2994
-7.65D-1,-7.65D-1,1.5D-2,1.5D-2,1D0,1D0,1D0,1D0,-3.04514D0,         3005P   2995
1.094D0,-1.015D0,-2.36186D0,1.094D0,-1.015D0,-3.04514D0,1.094D0,    3005P   2996
-2.35D-1,-2.36186D0,1.094D0,-2.35D-1,-1.314D-2,6.7014D-1,           3005P   2997
-7.65D-1,1.5D-2;                                                    3005P   2998
102,4,97,625,225,609;                                               3007P   2999
110,0D0,-7.5D-1,0D0,6.57D-1,-7.5D-1,0D0;                            3009P   3000
110,6.57D-1,-7.5D-1,0D0,6.57D-1,0D0,0D0;                            3011P   3001
110,6.57D-1,0D0,0D0,0D0,0D0,0D0;                                    3013P   3002
110,0D0,0D0,0D0,0D0,-7.5D-1,0D0;                                    3015P   3003
102,4,3009,3011,3013,3015;                                          3017P   3004
142,0,3005,3017,3007,1;                                             3019P   3005
144,3005,1,0,3019;                                                  3021P   3006
110,-2.375D0,1.375D0,-2.5D-1,-2.375D0,1.375D0,7.5D-1;               3023P   3007
110,-2.094D0,1.375D0,-1.015D0,-2.094D0,1.375D0,-2.35D-1;            3025P   3008
120,3023,3025,4.649557127313D0,7.916813487046D0;                    3027P   3009
102,4,95,625,229,627;                                               3029P   3010
110,1.923076923077D-2,7.853981633974D0,0D0,1.923076923077D-2,       3031P   3011
4.712388980385D0,0D0;                                               3031P   3012
110,1.923076923077D-2,4.712388980385D0,0D0,9.807692307692D-1,       3033P   3013
4.712388980385D0,0D0;                                               3033P   3014
110,9.807692307692D-1,4.712388980385D0,0D0,9.807692307692D-1,       3035P   3015
7.853981633974D0,0D0;                                               3035P   3016
110,9.807692307692D-1,7.853981633974D0,0D0,1.923076923077D-2,       3037P   3017
7.853981633974D0,0D0;                                               3037P   3018
102,4,3031,3033,3035,3037;                                          3039P   3019
142,0,3027,3039,3029,1;                                             3041P   3020
144,3027,1,0,3041;                                                  3043P   3021
128,1,1,1,1,0,0,1,0,0,-1.314D-2,-1.314D-2,6.7014D-1,6.7014D-1,      3045P   3022
-7.65D-1,-7.65D-1,1.5D-2,1.5D-2,1D0,1D0,1D0,1D0,-2.36186D0,         3045P   3023
1.656D0,-1.015D0,-3.04514D0,1.656D0,-1.015D0,-2.36186D0,1.656D0,    3045P   3024
-2.35D-1,-3.04514D0,1.656D0,-2.35D-1,-1.314D-2,6.7014D-1,           3045P   3025
-7.65D-1,1.5D-2;                                                    3045P   3026
110,-2.375D0,1.656D0,-1D0,-3.032D0,1.656D0,-1D0;                    3047P   3027
102,4,3047,611,231,627;                                             3049P   3028
110,0D0,-7.5D-1,0D0,6.57D-1,-7.5D-1,0D0;                            3051P   3029
110,6.57D-1,-7.5D-1,0D0,6.57D-1,0D0,0D0;                            3053P   3030
110,6.57D-1,0D0,0D0,0D0,0D0,0D0;                                    3055P   3031
110,0D0,0D0,0D0,0D0,-7.5D-1,0D0;                                    3057P   3032
102,4,3051,3053,3055,3057;                                          3059P   3033
142,0,3045,3059,3049,1;                                             3061P   3034
144,3045,1,0,3061;                                                  3063P   3035
128,1,1,1,1,0,0,1,0,0,-3.043910274712D0,-3.043910274712D0,          3065P   3036
-2.424575989693D0,-2.424575989693D0,7.45D-1,7.45D-1,1.005D0,        3065P   3037
1.005D0,1D0,1D0,1D0,1D0,-3.043910274712D0,-7.45D-1,-5.4D-1,         3065P   3038
-2.424575989693D0,-7.45D-1,-5.4D-1,-3.043910274712D0,-1.005D0,      3065P   3039
-5.4D-1,-2.424575989693D0,-1.005D0,-5.4D-1,-3.043910274712D0,       3065P   3040
-2.424575989693D0,7.45D-1,1.005D0;                                  3065P   3041
110,-3.032D0,-1D0,-5.4D-1,-3.032D0,-7.5D-1,-5.4D-1;                 3067P   3042
102,4,3067,635,633,629;                                             3069P   3043
110,-3.032D0,1D0,0D0,-3.032D0,7.5D-1,0D0;                           3071P   3044
110,-3.032D0,7.5D-1,0D0,-2.562D0,7.5D-1,0D0;                        3073P   3045
126,11,3,0,0,1,0,0D0,0D0,0D0,0D0,1.111111111111D-1,                 3075P   3046
2.222222222222D-1,3.333333333333D-1,4.444444444444D-1,              3075P   3047
5.555555555556D-1,6.666666666667D-1,7.777777777778D-1,              3075P   3048
8.888888888889D-1,1D0,1D0,1D0,1D0,1D0,1D0,1D0,1D0,1D0,1D0,1D0,      3075P   3049
1D0,1D0,1D0,1D0,1D0,-2.562D0,7.5D-1,0D0,-2.547418812957D0,          3075P   3050
7.498956351324D-1,0D0,-2.518388051314D0,7.551771557673D-1,0D0,      3075P   3051
-2.479998493471D0,7.772670365263D-1,0D0,-2.451527267538D0,          3075P   3052
8.112213657883D-1,0D0,-2.436373383541D0,8.528475003205D-1,0D0,      3075P   3053
-2.436373383541D0,8.971524996795D-1,0D0,-2.451527267538D0,          3075P   3054
9.387786342117D-1,0D0,-2.479998493471D0,9.727329634737D-1,0D0,      3075P   3055
-2.518388051314D0,9.948228442327D-1,0D0,-2.547418812957D0,          3075P   3056
1.000104364868D0,0D0,-2.562D0,1D0,0D0,0D0,1D0,0D0,0D0,1D0;          3075P   3057
110,-2.562D0,1D0,0D0,-3.032D0,1D0,0D0;                              3077P   3058
102,4,3071,3073,3075,3077;                                          3079P   3059
142,0,3065,3079,3069,1;                                             3081P   3060
144,3065,1,0,3081;                                                  3083P   3061
128,1,1,1,1,0,0,1,0,0,-9.4D-3,-9.4D-3,4.794D-1,4.794D-1,            3085P   3062
-4.692D-1,-4.692D-1,9.2D-3,9.2D-3,1D0,1D0,1D0,1D0,-2.5526D0,        3085P   3063
-1D0,-5.308D-1,-3.0414D0,-1D0,-5.308D-1,-2.5526D0,-1D0,             3085P   3064
-1.0092D0,-3.0414D0,-1D0,-1.0092D0,-9.4D-3,4.794D-1,-4.692D-1,      3085P   3065
9.2D-3;                                                             3085P   3066
102,4,79,637,629,619;                                               3087P   3067
110,4.7D-1,0D0,0D0,0D0,0D0,0D0;                                     3089P   3068
110,0D0,0D0,0D0,0D0,-4.6D-1,0D0;                                    3091P   3069
110,0D0,-4.6D-1,0D0,4.7D-1,-4.6D-1,0D0;                             3093P   3070
110,4.7D-1,-4.6D-1,0D0,4.7D-1,0D0,0D0;                              3095P   3071
102,4,3089,3091,3093,3095;                                          3097P   3072
142,0,3085,3097,3087,1;                                             3099P   3073
144,3085,1,0,3099;                                                  3101P   3074
110,-2.562D0,-8.75D-1,-1D0,-2.562D0,-8.75D-1,-2D0;                  3103P   3075
110,-2.437D0,-8.75D-1,-5.308D-1,-2.437D0,-8.75D-1,-1.0092D0;        3105P   3076
120,3103,3105,4.649557127313D0,7.916813487046D0;                    3107P   3077
124,0D0,1D0,0D0,-2.562D0,-1D0,0D0,0D0,-8.75D-1,0D0,0D0,1D0,         3109P   3078
-5.4D-1;                                                            3109P   3079
100,0D0,0D0,0D0,1.25D-1,0D0,-1.25D-1,0D0;                           3111P   3080
102,4,77,637,3111,639;                                              3113P   3081
110,9.807692307692D-1,4.712388980385D0,0D0,9.807692307692D-1,       3115P   3082
7.853981633974D0,0D0;                                               3115P   3083
110,9.807692307692D-1,7.853981633974D0,0D0,1.923076923077D-2,       3117P   3084
7.853981633974D0,0D0;                                               3117P   3085
110,1.923076923077D-2,7.853981633974D0,0D0,1.923076923077D-2,       3119P   3086
4.712388980385D0,0D0;                                               3119P   3087
110,1.923076923077D-2,4.712388980385D0,0D0,9.807692307692D-1,       3121P   3088
4.712388980385D0,0D0;                                               3121P   3089
102,4,3115,3117,3119,3121;                                          3123P   3090
142,0,3107,3123,3113,1;                                             3125P   3091
144,3107,1,0,3125;                                                  3127P   3092
128,1,1,1,1,0,0,1,0,0,-9.4D-3,-9.4D-3,4.794D-1,4.794D-1,            3129P   3093
-4.692D-1,-4.692D-1,9.2D-3,9.2D-3,1D0,1D0,1D0,1D0,-3.0414D0,        3129P   3094
-7.5D-1,-5.308D-1,-2.5526D0,-7.5D-1,-5.308D-1,-3.0414D0,-7.5D-1,    3129P   3095
-1.0092D0,-2.5526D0,-7.5D-1,-1.0092D0,-9.4D-3,4.794D-1,             3129P   3096
-4.692D-1,9.2D-3;                                                   3129P   3097
110,-2.562D0,-7.5D-1,-1D0,-3.032D0,-7.5D-1,-1D0;                    3131P   3098
102,4,3131,615,635,639;                                             3133P   3099
110,4.7D-1,0D0,0D0,0D0,0D0,0D0;                                     3135P   3100
110,0D0,0D0,0D0,0D0,-4.6D-1,0D0;                                    3137P   3101
110,0D0,-4.6D-1,0D0,4.7D-1,-4.6D-1,0D0;                             3139P   3102
110,4.7D-1,-4.6D-1,0D0,4.7D-1,0D0,0D0;                              3141P   3103
102,4,3135,3137,3139,3141;                                          3143P   3104
142,0,3129,3143,3133,1;                                             3145P   3105
144,3129,1,0,3145;                                                  3147P   3106
110,-2.912D0,-2.005D0,-2.492499816624D-1,-2.912D0,-2.005D0,         3149P   3107
-1.249249981662D0;                                                  3149P   3108
110,-3.032D0,-2.005D0,-2.35D-1,-3.032D0,-2.005D0,-1.015D0;          3151P   3109
120,3149,3151,-1.602212253331D0,3.141592653590D-2;                  3153P   3110
102,4,641,645,647,651;                                              3155P   3111
110,1.923076923077D-2,-1.570796326795D0,0D0,9.807692307692D-1,      3157P   3112
-1.570796326795D0,0D0;                                              3157P   3113
110,9.807692307692D-1,-1.570796326795D0,0D0,9.807692307692D-1,      3159P   3114
0D0,0D0;                                                            3159P   3115
110,9.807692307692D-1,0D0,0D0,1.923076923077D-2,0D0,0D0;            3161P   3116
110,1.923076923077D-2,0D0,0D0,1.923076923077D-2,                    3163P   3117
-1.570796326795D0,0D0;                                              3163P   3118
102,4,3157,3159,3161,3163;                                          3165P   3119
142,0,3153,3165,3155,1;                                             3167P   3120
144,3153,1,0,3167;                                                  3169P   3121
128,1,1,1,1,0,0,1,0,0,-5.02D-2,-5.02D-2,8.8002D0,8.8002D0,          3171P   3122
-1.5D-2,-1.5D-2,7.65D-1,7.65D-1,1D0,1D0,1D0,1D0,-3.0822D0,          3171P   3123
-2.125D0,-1.015D0,5.7682D0,-2.125D0,-1.015D0,-3.0822D0,-2.125D0,    3171P   3124
-2.35D-1,5.7682D0,-2.125D0,-2.35D-1,-5.02D-2,8.8002D0,-1.5D-2,      3171P   3125
7.65D-1;                                                            3171P   3126
110,5.598D0,-2.125D0,-2.5D-1,-2.912D0,-2.125D0,-2.5D-1;             3173P   3127
102,4,557,3173,641,83;                                              3175P   3128
110,8.63D0,0D0,0D0,8.63D0,7.5D-1,0D0;                               3177P   3129
110,8.63D0,7.5D-1,0D0,1.2D-1,7.5D-1,0D0;                            3179P   3130
110,1.2D-1,7.5D-1,0D0,1.2D-1,0D0,0D0;                               3181P   3131
110,1.2D-1,0D0,0D0,8.63D0,0D0,0D0;                                  3183P   3132
102,4,3177,3179,3181,3183;                                          3185P   3133
142,0,3171,3185,3175,1;                                             3187P   3134
144,3171,1,0,3187;                                                  3189P   3135
S      1G      4D   3190P   3135                                        T      1
