Exchange7.2.1004                                                        S      1
1H,,1H;,8HExchange,30HC:\Users\zjh\Desktop\sssss.igs,31HExchange 7.2.100G      1
4 by Delcam plc,16HVersion 7.2.1004,32,38,6,308,15,8HExchange,1.,2,2HMM,G      2
1,0.,15H20130329.094707,0.001,100000.,3Hzjh,32HBeijing Delcam - QuanzhouG      3
 Office,11,0,15H20130329.094707;                                        G      4
     314       1       0       1       0       0       0       000000200D      1
     314       0       8       1       0                               0D      2
     143       2       0       1       8       0       0       000000001D      3
     143       0      -1       1       0                    NSU1       0D      4
     128       3       0       1       8       0       0       001010001D      5
     128       0      -1    1235       0                    NSU1       0D      6
     141    1238       0       1       8       0       0       000010001D      7
     141       0      -1       1       0                    NSU1       0D      8
     106    1239       0       1       8       0       0       000010501D      9
     106       0      -1       1      11                    NSU1       0D     10
     126    1240       0       1       8       0       0       000010001D     11
     126       0      -1      15       0                    NSU1       0D     12
     106    1255       0       1       8       0       0       000010501D     13
     106       0      -1       1      11                    NSU1       0D     14
     126    1256       0       1       8       0       0       000010001D     15
     126       0      -1     130       0                    NSU1       0D     16
     106    1386       0       1       8       0       0       000010501D     17
     106       0      -1       1      11                    NSU1       0D     18
     126    1387       0       1       8       0       0       000010001D     19
     126       0      -1      13       0                    NSU1       0D     20
     106    1400       0       1       8       0       0       000010501D     21
     106       0      -1       1      11                    NSU1       0D     22
     126    1401       0       1       8       0       0       000010001D     23
     126       0      -1      90       0                    NSU1       0D     24
     314    1491       0       1       0       0       0       000000200D     25
     314       0       6       1       0                               0D     26
     143    1492       0       1       8       0       0       000000001D     27
     143       0     -25       1       0                       6       0D     28
     128    1493       0       1       8       0       0       001010001D     29
     128       0     -25     376       0                       6       0D     30
     141    1869       0       1       8       0       0       000010001D     31
     141       0     -25       1       0                       6       0D     32
     106    1870       0       1       8       0       0       000010501D     33
     106       0     -25       1      11                       6       0D     34
     126    1871       0       1       8       0       0       000010001D     35
     126       0     -25      12       0                       6       0D     36
     106    1883       0       1       8       0       0       000010501D     37
     106       0     -25       1      11                       6       0D     38
     126    1884       0       1       8       0       0       000010001D     39
     126       0     -25      89       0                       6       0D     40
     106    1973       0       1       8       0       0       000010501D     41
     106       0     -25       1      11                       6       0D     42
     126    1974       0       1       8       0       0       000010001D     43
     126       0     -25      12       0                       6       0D     44
     106    1986       0       1       8       0       0       000010501D     45
     106       0     -25       1      11                       6       0D     46
     126    1987       0       1       8       0       0       000010001D     47
     126       0     -25      90       0                       6       0D     48
     143    2077       0       1       5       0       0       000000001D     49
     143       0       4       1       0                       5       0D     50
     128    2078       0       1       5       0       0       001010001D     51
     128       0       4    1432       0                       5       0D     52
     141    3510       0       1       5       0       0       000010001D     53
     141       0       4       1       0                       5       0D     54
     106    3511       0       1       5       0       0       000010501D     55
     106       0       4       1      11                       5       0D     56
     126    3512       0       1       5       0       0       000010001D     57
     126       0       4      19       0                       5       0D     58
     106    3531       0       1       5       0       0       000010501D     59
     106       0       4       1      11                       5       0D     60
     126    3532       0       1       5       0       0       000010001D     61
     126       0       4      27       0                       5       0D     62
     106    3559       0       1       5       0       0       000010501D     63
     106       0       4       1      11                       5       0D     64
     126    3560       0       1       5       0       0       000010001D     65
     126       0       4     114       0                       5       0D     66
     106    3674       0       1       5       0       0       000010501D     67
     106       0       4       1      11                       5       0D     68
     126    3675       0       1       5       0       0       000010001D     69
     126       0       4      27       0                       5       0D     70
     314    3702       0       1       0       0       0       000000200D     71
     314       0       5       1       0                               0D     72
     143    3703       0       1       8       0       0       000000001D     73
     143       0     -71       1       0                       7       0D     74
     128    3704       0       1       8       0       0       001010001D     75
     128       0     -71    1235       0                       7       0D     76
     141    4939       0       1       8       0       0       000010001D     77
     141       0     -71       1       0                       7       0D     78
     106    4940       0       1       8       0       0       000010501D     79
     106       0     -71       1      11                       7       0D     80
     126    4941       0       1       8       0       0       000010001D     81
     126       0     -71      52       0                       7       0D     82
     106    4993       0       1       8       0       0       000010501D     83
     106       0     -71       1      11                       7       0D     84
     126    4994       0       1       8       0       0       000010001D     85
     126       0     -71      97       0                       7       0D     86
     106    5091       0       1       8       0       0       000010501D     87
     106       0     -71       1      11                       7       0D     88
     126    5092       0       1       8       0       0       000010001D     89
     126       0     -71      52       0                       7       0D     90
     106    5144       0       1       8       0       0       000010501D     91
     106       0     -71       1      11                       7       0D     92
     126    5145       0       1       8       0       0       000010001D     93
     126       0     -71      46       0                       7       0D     94
314,50.19608,100.,50.19608,12Hrgb_colour_4;                            1P      1
143,1,5,1,7;                                                           3P      2
128,42,54,6,6,0,1,1,0,0,1.,1.,1.,1.,1.,1.,1.,2.,2.,2.,2.,2.,2.,        5P      3
3.,3.,3.,3.,3.,3.,4.,4.,4.,4.,4.,4.,5.,5.,5.,5.,5.,5.,6.,6.,6.,        5P      4
6.,6.,6.,7.,7.,7.,7.,7.,7.,8.,8.,8.,8.,8.,8.,8.,1.,1.,1.,1.,1.,        5P      5
1.,1.,2.,2.,2.,2.,2.,2.,3.,3.,3.,3.,3.,3.,4.,4.,4.,4.,4.,4.,5.,        5P      6
5.,5.,5.,5.,5.,6.,6.,6.,6.,6.,6.,7.,7.,7.,7.,7.,7.,8.,8.,8.,8.,        5P      7
8.,8.,9.,9.,9.,9.,9.,9.,10.,10.,10.,10.,10.,10.,10.,1.,1.,1.,1.,       5P      8
1.,1.,1.,1.,1.,1.,1.,1.,1.,1.,1.,1.,1.,1.,1.,1.,1.,1.,1.,1.,1.,        5P      9
1.,1.,1.,1.,1.,1.,1.,1.,1.,1.,1.,1.,1.,1.,1.,1.,1.,1.,1.,1.,1.,        5P     10
1.,1.,1.,1.,1.,1.,1.,1.,1.,1.,1.,1.,1.,1.,1.,1.,1.,1.,1.,1.,1.,        5P     11
1.,1.,1.,1.,1.,1.,1.,1.,1.,1.,1.,1.,1.,1.,1.,1.,1.,1.,1.,1.,1.,        5P     12
1.,1.,1.,1.,1.,1.,1.,1.,1.,1.,1.,1.,1.,1.,1.,1.,1.,1.,1.,1.,1.,        5P     13
1.,1.,1.,1.,1.,1.,1.,1.,1.,1.,1.,1.,1.,1.,1.,1.,1.,1.,1.,1.,1.,        5P     14
1.,1.,1.,1.,1.,1.,1.,1.,1.,1.,1.,1.,1.,1.,1.,1.,1.,1.,1.,1.,1.,        5P     15
1.,1.,1.,1.,1.,1.,1.,1.,1.,1.,1.,1.,1.,1.,1.,1.,1.,1.,1.,1.,1.,        5P     16
1.,1.,1.,1.,1.,1.,1.,1.,1.,1.,1.,1.,1.,1.,1.,1.,1.,1.,1.,1.,1.,        5P     17
1.,1.,1.,1.,1.,1.,1.,1.,1.,1.,1.,1.,1.,1.,1.,1.,1.,1.,1.,1.,1.,        5P     18
1.,1.,1.,1.,1.,1.,1.,1.,1.,1.,1.,1.,1.,1.,1.,1.,1.,1.,1.,1.,1.,        5P     19
1.,1.,1.,1.,1.,1.,1.,1.,1.,1.,1.,1.,1.,1.,1.,1.,1.,1.,1.,1.,1.,        5P     20
1.,1.,1.,1.,1.,1.,1.,1.,1.,1.,1.,1.,1.,1.,1.,1.,1.,1.,1.,1.,1.,        5P     21
1.,1.,1.,1.,1.,1.,1.,1.,1.,1.,1.,1.,1.,1.,1.,1.,1.,1.,1.,1.,1.,        5P     22
1.,1.,1.,1.,1.,1.,1.,1.,1.,1.,1.,1.,1.,1.,1.,1.,1.,1.,1.,1.,1.,        5P     23
1.,1.,1.,1.,1.,1.,1.,1.,1.,1.,1.,1.,1.,1.,1.,1.,1.,1.,1.,1.,1.,        5P     24
1.,1.,1.,1.,1.,1.,1.,1.,1.,1.,1.,1.,1.,1.,1.,1.,1.,1.,1.,1.,1.,        5P     25
1.,1.,1.,1.,1.,1.,1.,1.,1.,1.,1.,1.,1.,1.,1.,1.,1.,1.,1.,1.,1.,        5P     26
1.,1.,1.,1.,1.,1.,1.,1.,1.,1.,1.,1.,1.,1.,1.,1.,1.,1.,1.,1.,1.,        5P     27
1.,1.,1.,1.,1.,1.,1.,1.,1.,1.,1.,1.,1.,1.,1.,1.,1.,1.,1.,1.,1.,        5P     28
1.,1.,1.,1.,1.,1.,1.,1.,1.,1.,1.,1.,1.,1.,1.,1.,1.,1.,1.,1.,1.,        5P     29
1.,1.,1.,1.,1.,1.,1.,1.,1.,1.,1.,1.,1.,1.,1.,1.,1.,1.,1.,1.,1.,        5P     30
1.,1.,1.,1.,1.,1.,1.,1.,1.,1.,1.,1.,1.,1.,1.,1.,1.,1.,1.,1.,1.,        5P     31
1.,1.,1.,1.,1.,1.,1.,1.,1.,1.,1.,1.,1.,1.,1.,1.,1.,1.,1.,1.,1.,        5P     32
1.,1.,1.,1.,1.,1.,1.,1.,1.,1.,1.,1.,1.,1.,1.,1.,1.,1.,1.,1.,1.,        5P     33
1.,1.,1.,1.,1.,1.,1.,1.,1.,1.,1.,1.,1.,1.,1.,1.,1.,1.,1.,1.,1.,        5P     34
1.,1.,1.,1.,1.,1.,1.,1.,1.,1.,1.,1.,1.,1.,1.,1.,1.,1.,1.,1.,1.,        5P     35
1.,1.,1.,1.,1.,1.,1.,1.,1.,1.,1.,1.,1.,1.,1.,1.,1.,1.,1.,1.,1.,        5P     36
1.,1.,1.,1.,1.,1.,1.,1.,1.,1.,1.,1.,1.,1.,1.,1.,1.,1.,1.,1.,1.,        5P     37
1.,1.,1.,1.,1.,1.,1.,1.,1.,1.,1.,1.,1.,1.,1.,1.,1.,1.,1.,1.,1.,        5P     38
1.,1.,1.,1.,1.,1.,1.,1.,1.,1.,1.,1.,1.,1.,1.,1.,1.,1.,1.,1.,1.,        5P     39
1.,1.,1.,1.,1.,1.,1.,1.,1.,1.,1.,1.,1.,1.,1.,1.,1.,1.,1.,1.,1.,        5P     40
1.,1.,1.,1.,1.,1.,1.,1.,1.,1.,1.,1.,1.,1.,1.,1.,1.,1.,1.,1.,1.,        5P     41
1.,1.,1.,1.,1.,1.,1.,1.,1.,1.,1.,1.,1.,1.,1.,1.,1.,1.,1.,1.,1.,        5P     42
1.,1.,1.,1.,1.,1.,1.,1.,1.,1.,1.,1.,1.,1.,1.,1.,1.,1.,1.,1.,1.,        5P     43
1.,1.,1.,1.,1.,1.,1.,1.,1.,1.,1.,1.,1.,1.,1.,1.,1.,1.,1.,1.,1.,        5P     44
1.,1.,1.,1.,1.,1.,1.,1.,1.,1.,1.,1.,1.,1.,1.,1.,1.,1.,1.,1.,1.,        5P     45
1.,1.,1.,1.,1.,1.,1.,1.,1.,1.,1.,1.,1.,1.,1.,1.,1.,1.,1.,1.,1.,        5P     46
1.,1.,1.,1.,1.,1.,1.,1.,1.,1.,1.,1.,1.,1.,1.,1.,1.,1.,1.,1.,1.,        5P     47
1.,1.,1.,1.,1.,1.,1.,1.,1.,1.,1.,1.,1.,1.,1.,1.,1.,1.,1.,1.,1.,        5P     48
1.,1.,1.,1.,1.,1.,1.,1.,1.,1.,1.,1.,1.,1.,1.,1.,1.,1.,1.,1.,1.,        5P     49
1.,1.,1.,1.,1.,1.,1.,1.,1.,1.,1.,1.,1.,1.,1.,1.,1.,1.,1.,1.,1.,        5P     50
1.,1.,1.,1.,1.,1.,1.,1.,1.,1.,1.,1.,1.,1.,1.,1.,1.,1.,1.,1.,1.,        5P     51
1.,1.,1.,1.,1.,1.,1.,1.,1.,1.,1.,1.,1.,1.,1.,1.,1.,1.,1.,1.,1.,        5P     52
1.,1.,1.,1.,1.,1.,1.,1.,1.,1.,1.,1.,1.,1.,1.,1.,1.,1.,1.,1.,1.,        5P     53
1.,1.,1.,1.,1.,1.,1.,1.,1.,1.,1.,1.,1.,1.,1.,1.,1.,1.,1.,1.,1.,        5P     54
1.,1.,1.,1.,1.,1.,1.,1.,1.,1.,1.,1.,1.,1.,1.,1.,1.,1.,1.,1.,1.,        5P     55
1.,1.,1.,1.,1.,1.,1.,1.,1.,1.,1.,1.,1.,1.,1.,1.,1.,1.,1.,1.,1.,        5P     56
1.,1.,1.,1.,1.,1.,1.,1.,1.,1.,1.,1.,1.,1.,1.,1.,1.,1.,1.,1.,1.,        5P     57
1.,1.,1.,1.,1.,1.,1.,1.,1.,1.,1.,1.,1.,1.,1.,1.,1.,1.,1.,1.,1.,        5P     58
1.,1.,1.,1.,1.,1.,1.,1.,1.,1.,1.,1.,1.,1.,1.,1.,1.,1.,1.,1.,1.,        5P     59
1.,1.,1.,1.,1.,1.,1.,1.,1.,1.,1.,1.,1.,1.,1.,1.,1.,1.,1.,1.,1.,        5P     60
1.,1.,1.,1.,1.,1.,1.,1.,1.,1.,1.,1.,1.,1.,1.,1.,1.,1.,1.,1.,1.,        5P     61
1.,1.,1.,1.,1.,1.,1.,1.,1.,1.,1.,1.,1.,1.,1.,1.,1.,1.,1.,1.,1.,        5P     62
1.,1.,1.,1.,1.,1.,1.,1.,1.,1.,1.,1.,1.,1.,1.,1.,1.,1.,1.,1.,1.,        5P     63
1.,1.,1.,1.,1.,1.,1.,1.,1.,1.,1.,1.,1.,1.,1.,1.,1.,1.,1.,1.,1.,        5P     64
1.,1.,1.,1.,1.,1.,1.,1.,1.,1.,1.,1.,1.,1.,1.,1.,1.,1.,1.,1.,1.,        5P     65
1.,1.,1.,1.,1.,1.,1.,1.,1.,1.,1.,1.,1.,1.,1.,1.,1.,1.,1.,1.,1.,        5P     66
1.,1.,1.,1.,1.,1.,1.,1.,1.,1.,1.,1.,1.,1.,1.,1.,1.,1.,1.,1.,1.,        5P     67
1.,1.,1.,1.,1.,1.,1.,1.,1.,1.,1.,1.,1.,1.,1.,1.,1.,1.,1.,1.,1.,        5P     68
1.,1.,1.,1.,1.,1.,1.,1.,1.,1.,1.,1.,1.,1.,1.,1.,1.,1.,1.,1.,1.,        5P     69
1.,1.,1.,1.,1.,1.,1.,1.,1.,1.,1.,1.,1.,1.,1.,1.,1.,1.,1.,1.,1.,        5P     70
1.,1.,1.,1.,1.,1.,1.,1.,1.,1.,1.,1.,1.,1.,1.,1.,1.,1.,1.,1.,1.,        5P     71
1.,1.,1.,1.,1.,1.,1.,1.,1.,1.,1.,1.,1.,1.,1.,1.,1.,1.,1.,1.,1.,        5P     72
1.,1.,1.,1.,1.,1.,1.,1.,1.,1.,1.,1.,1.,1.,1.,1.,1.,1.,1.,1.,1.,        5P     73
1.,1.,1.,1.,1.,1.,1.,1.,1.,1.,1.,1.,1.,1.,1.,1.,1.,1.,1.,1.,1.,        5P     74
1.,1.,1.,1.,1.,1.,1.,1.,1.,1.,1.,1.,1.,1.,1.,1.,1.,1.,1.,1.,1.,        5P     75
1.,1.,1.,1.,1.,1.,1.,1.,1.,1.,1.,1.,1.,1.,1.,1.,1.,1.,1.,1.,1.,        5P     76
1.,1.,1.,1.,1.,1.,1.,1.,1.,1.,1.,1.,1.,1.,1.,1.,1.,1.,1.,1.,1.,        5P     77
1.,1.,1.,1.,1.,1.,1.,1.,1.,1.,1.,1.,1.,1.,1.,1.,1.,1.,1.,1.,1.,        5P     78
1.,1.,1.,1.,1.,1.,1.,1.,1.,1.,1.,1.,1.,1.,1.,1.,1.,1.,1.,1.,1.,        5P     79
1.,1.,1.,1.,1.,1.,1.,1.,1.,1.,1.,1.,1.,1.,1.,1.,1.,1.,1.,1.,1.,        5P     80
1.,1.,1.,1.,1.,1.,1.,1.,1.,1.,1.,1.,1.,1.,1.,1.,1.,1.,1.,1.,1.,        5P     81
1.,1.,1.,1.,1.,1.,1.,1.,1.,1.,1.,1.,1.,1.,1.,1.,1.,1.,1.,1.,1.,        5P     82
1.,1.,1.,1.,1.,1.,1.,1.,1.,1.,1.,1.,1.,1.,1.,1.,1.,1.,1.,1.,1.,        5P     83
1.,1.,1.,1.,1.,1.,1.,1.,1.,1.,1.,1.,1.,1.,1.,1.,1.,1.,1.,1.,1.,        5P     84
1.,1.,1.,1.,1.,1.,1.,1.,1.,1.,1.,1.,1.,1.,1.,1.,1.,1.,1.,1.,1.,        5P     85
1.,1.,1.,1.,1.,1.,1.,1.,1.,1.,1.,1.,1.,1.,1.,1.,1.,1.,1.,1.,1.,        5P     86
1.,1.,1.,1.,1.,1.,1.,1.,1.,1.,1.,1.,1.,1.,1.,1.,1.,1.,1.,1.,1.,        5P     87
1.,1.,1.,1.,1.,1.,1.,1.,1.,1.,1.,1.,1.,1.,1.,1.,1.,1.,1.,1.,1.,        5P     88
1.,1.,1.,1.,1.,1.,1.,1.,1.,1.,1.,1.,1.,1.,1.,1.,1.,1.,1.,1.,1.,        5P     89
1.,1.,1.,1.,1.,1.,1.,1.,1.,1.,1.,1.,1.,1.,1.,1.,1.,1.,1.,1.,1.,        5P     90
1.,1.,1.,1.,1.,1.,1.,1.,1.,1.,1.,1.,1.,1.,1.,1.,1.,1.,1.,1.,1.,        5P     91
1.,1.,1.,1.,1.,1.,1.,1.,1.,1.,1.,1.,1.,1.,1.,1.,1.,1.,1.,1.,1.,        5P     92
1.,1.,1.,1.,1.,1.,1.,1.,1.,1.,1.,1.,1.,1.,1.,1.,1.,1.,1.,1.,1.,        5P     93
1.,1.,1.,1.,1.,1.,1.,1.,1.,1.,1.,1.,1.,1.,1.,1.,1.,1.,1.,1.,1.,        5P     94
1.,1.,1.,1.,1.,1.,1.,1.,1.,1.,1.,1.,1.,1.,1.,1.,1.,1.,1.,1.,1.,        5P     95
1.,1.,1.,1.,1.,1.,1.,1.,1.,1.,1.,1.,1.,1.,1.,1.,1.,1.,1.,1.,1.,        5P     96
1.,1.,1.,1.,1.,1.,1.,1.,1.,1.,1.,1.,1.,1.,1.,1.,1.,1.,1.,1.,1.,        5P     97
1.,1.,1.,1.,1.,1.,1.,1.,1.,1.,1.,1.,1.,1.,1.,1.,1.,1.,1.,1.,1.,        5P     98
1.,1.,1.,1.,1.,1.,1.,1.,1.,1.,1.,1.,1.,1.,1.,1.,1.,1.,1.,1.,1.,        5P     99
1.,1.,1.,1.,1.,1.,1.,1.,1.,1.,1.,1.,1.,1.,1.,1.,1.,1.,1.,1.,1.,        5P    100
1.,1.,1.,1.,1.,1.,1.,1.,1.,1.,1.,1.,1.,1.,1.,1.,1.,1.,1.,1.,1.,        5P    101
1.,1.,1.,1.,1.,1.,1.,1.,1.,1.,1.,1.,1.,1.,1.,1.,1.,1.,1.,1.,1.,        5P    102
1.,1.,1.,1.,1.,1.,1.,1.,1.,1.,1.,1.,1.,1.,1.,1.,1.,1.,1.,1.,1.,        5P    103
1.,1.,1.,1.,1.,1.,1.,1.,1.,1.,1.,1.,1.,1.,1.,1.,1.,1.,1.,1.,1.,        5P    104
1.,1.,1.,1.,1.,1.,1.,1.,1.,1.,1.,1.,1.,1.,1.,1.,1.,1.,1.,1.,1.,        5P    105
1.,1.,1.,1.,1.,1.,1.,1.,1.,1.,1.,1.,1.,1.,1.,1.,1.,1.,1.,1.,1.,        5P    106
1.,1.,1.,1.,1.,1.,1.,1.,1.,1.,1.,1.,1.,1.,1.,1.,1.,1.,1.,1.,1.,        5P    107
1.,1.,1.,1.,1.,1.,1.,1.,1.,1.,1.,1.,1.,1.,1.,1.,1.,1.,1.,1.,1.,        5P    108
1.,1.,1.,1.,1.,1.,1.,1.,1.,1.,1.,1.,1.,1.,1.,1.,1.,1.,1.,1.,1.,        5P    109
1.,1.,1.,1.,1.,1.,1.,1.,1.,1.,1.,1.,1.,1.,1.,1.,1.,1.,1.,1.,1.,        5P    110
1.,1.,1.,1.,1.,1.,1.,1.,1.,1.,1.,1.,1.,1.,1.,1.,1.,1.,1.,1.,1.,        5P    111
1.,1.,1.,1.,1.,1.,1.,1.,1.,1.,1.,1.,1.,1.,1.,1.,1.,1.,1.,1.,1.,        5P    112
1.,1.,1.,1.,1.,1.,1.,1.,1.,1.,1.,1.,1.,1.,1.,1.,1.,1.,1.,1.,1.,        5P    113
1.,1.,1.,1.,1.,1.,1.,1.,1.,1.,1.,1.,1.,1.,1.,1.,1.,1.,1.,1.,1.,        5P    114
1.,1.,1.,1.,1.,1.,1.,1.,1.,1.,1.,1.,1.,1.,1.,1.,1.,1.,1.,1.,1.,        5P    115
1.,1.,1.,1.,1.,1.,1.,1.,1.,1.,1.,1.,1.,1.,1.,1.,1.,1.,1.,1.,1.,        5P    116
1.,1.,1.,1.,1.,1.,1.,1.,1.,1.,1.,1.,1.,1.,1.,1.,1.,1.,1.,1.,1.,        5P    117
1.,1.,1.,1.,1.,1.,1.,1.,1.,1.,1.,1.,1.,1.,1.,1.,1.,1.,1.,1.,1.,        5P    118
1.,1.,1.,1.,1.,1.,1.,1.,1.,1.,1.,1.,1.,1.,1.,1.,1.,1.,1.,1.,1.,        5P    119
1.,1.,1.,1.,1.,1.,1.,1.,1.,1.,1.,1.,1.,1.,1.,1.,1.,1.,1.,1.,1.,        5P    120
1.,1.,1.,1.,1.,1.,1.,1.,1.,22.7536,-1.997567,70.72956,23.00993,        5P    121
-2.020002,70.18295,23.29955,-2.045469,69.65274,23.61932,               5P    122
-2.073653,69.13961,23.96609,-2.10424,68.64422,24.33672,                5P    123
-2.136916,68.16724,24.72806,-2.171366,67.70933,25.11941,               5P    124
-2.205817,67.25142,25.53147,-2.242041,66.81258,25.958,-2.279503,       5P    125
66.38696,26.39277,-2.317666,65.96869,26.82955,-2.355993,65.5519,       5P    126
27.26208,-2.393947,65.13075,27.69462,-2.431901,64.7096,28.12292,       5P    127
-2.469482,64.28408,28.54828,-2.506812,63.85553,28.97203,               5P    128
-2.544011,63.42532,29.39547,-2.581201,62.99479,29.81991,               5P    129
-2.618503,62.5653,30.66862,-2.693093,61.70647,31.52,-2.767689,         5P    130
60.85028,32.37304,-2.84234,59.99576,33.22677,-2.917098,59.14192,       5P    131
34.0802,-2.992012,58.2878,34.93233,-3.067135,57.4324,36.21057,         5P    132
-3.179822,56.14927,37.48899,-3.292399,54.8663,38.76745,                5P    133
-3.404847,53.58336,40.04581,-3.517147,52.30032,41.32395,               5P    134
-3.629281,51.01703,42.60171,-3.741229,49.73335,43.24519,               5P    135
-3.797606,49.0869,43.88876,-3.854028,48.44056,44.53245,                5P    136
-3.910529,47.79433,45.17626,-3.967142,47.14824,45.8202,                5P    137
-4.023898,46.50229,46.4643,-4.08083,45.85651,47.52568,-4.174648,       5P    138
44.79234,48.58657,-4.267919,43.72762,49.64713,-4.360885,               5P    139
42.66256,50.70755,-4.453787,41.59734,51.768,-4.546865,40.53217,        5P    140
52.82865,-4.64036,39.46724,22.98409,0.6463571,70.72956,23.24307,       5P    141
0.6539441,70.18289,23.53581,0.6624969,69.6527,23.85908,                5P    142
0.6718719,69.13962,24.20964,0.6819254,68.64428,24.58424,               5P    143
0.6925148,68.16731,24.97962,0.7034979,67.70933,25.37494,               5P    144
0.7144864,67.25143,25.79118,0.7261361,66.81259,26.22205,               5P    145
0.7382555,66.38696,26.66124,0.7506532,65.96868,27.10245,               5P    146
0.7631377,65.5519,27.53939,0.7755177,65.13075,27.97633,                5P    147
0.7878972,64.70959,28.40901,0.8002207,64.28407,28.83873,               5P    148
0.8124819,63.85553,29.26682,0.8246746,63.42533,29.69458,               5P    149
0.8367923,62.9948,30.12334,0.848829,62.5653,30.98066,0.872901,         5P    150
61.7065,31.84062,0.8974904,60.85028,32.70223,0.9222637,59.99568,       5P    151
33.56452,0.9468868,59.14176,34.42649,0.971025,58.28758,35.2872,        5P    152
0.9943428,57.43221,36.57841,1.029311,56.149,37.86996,1.064625,         5P    153
54.86609,39.16168,1.100411,53.58331,40.45337,1.136801,52.30044,        5P    154
41.74482,1.173924,51.01727,43.03578,1.211915,49.73354,43.68594,        5P    155
1.231043,49.08702,44.33621,1.249624,48.44064,44.98656,1.267697,        5P    156
47.79441,45.63702,1.285301,47.14831,46.28756,1.302474,46.50234,        5P    157
46.93819,1.319256,45.85648,48.01034,1.346913,44.79222,49.08219,        5P    158
1.376334,43.72751,50.15386,1.406843,42.66252,51.22542,1.437762,        5P    159
41.59739,52.29696,1.468416,40.53225,53.36853,1.498132,39.46724,        5P    160
22.8298,3.325803,70.72956,23.08689,3.363819,70.18285,23.37769,         5P    161
3.406673,69.65265,23.69893,3.453849,69.1396,24.04732,3.50483,          5P    162
68.6443,24.41957,3.559097,68.16734,24.81238,3.61613,67.70934,          5P    163
25.20508,3.673155,67.25146,25.61851,3.733306,66.81263,26.04644,        5P    164
3.795653,66.387,26.48263,3.859264,65.96872,26.92087,3.923214,          5P    165
65.55191,27.35492,3.986573,65.13074,27.78892,4.049937,64.70961,        5P    166
28.21864,4.112828,64.28405,28.6454,4.175346,63.85545,29.07053,         5P    167
4.237598,63.42517,29.49538,4.299686,62.99461,29.92126,4.361719,        5P    168
62.56515,30.77285,4.485751,61.7064,31.62687,4.610852,60.85018,         5P    169
32.48245,4.736387,59.99556,33.33874,4.861721,59.14159,34.1949,         5P    170
4.986221,58.28735,35.05011,5.109253,57.43194,36.33315,5.293822,        5P    171
56.1486,37.6166,5.478861,54.86568,38.90017,5.664688,53.58298,          5P    172
40.18351,5.851618,52.30026,41.46623,6.039956,51.01726,42.74793,        5P    173
6.230003,49.73365,43.39337,6.325723,49.08724,44.03925,6.420129,        5P    174
48.44091,44.68548,6.513442,47.79465,45.33198,6.60589,47.14849,         5P    175
45.97866,6.6977,46.50244,46.62545,6.789104,45.85651,47.69132,          5P    176
6.93972,44.79207,48.75639,7.093217,43.72729,49.82094,7.248542,         5P    177
42.66231,50.88525,7.404644,41.59723,51.94958,7.560478,40.53218,        5P    178
53.01419,7.715,39.46724,22.30778,5.976168,70.72956,22.55873,           5P    179
6.04428,70.18282,22.84279,6.120939,69.65262,23.15672,6.205322,         5P    180
69.13957,23.49725,6.296602,68.64428,23.86111,6.39395,68.16734,         5P    181
24.24501,6.496533,67.70934,24.62878,6.599085,67.2515,25.03273,         5P    182
6.707194,66.8127,25.45081,6.819203,66.38708,25.87697,6.933456,         5P    183
65.96879,26.30516,7.048298,65.55196,26.72934,7.162078,65.13075,        5P    184
27.15341,7.275844,64.70965,27.57323,7.388731,64.28403,27.99012,        5P    185
7.500945,63.85532,28.40544,7.612697,63.42493,28.82051,7.724198,        5P    186
62.99431,29.23667,7.835663,62.56488,30.06886,8.058547,61.70619,        5P    187
30.9031,8.283042,60.85001,31.73877,8.508222,59.99539,32.57523,         5P    188
8.73316,59.14139,33.41185,8.956935,58.28711,34.24802,9.178629,         5P    189
57.43162,35.5025,9.511235,56.14817,36.75737,9.844369,54.86519,         5P    190
38.01214,10.17856,53.5825,39.26631,10.51432,52.29988,40.51929,         5P    191
10.85214,51.01705,41.77048,11.1925,49.73366,42.40047,11.36389,         5P    192
49.08746,43.03145,11.53318,48.44122,43.66322,11.70079,47.79496,        5P    193
44.29556,11.86717,47.14873,44.92827,12.03275,46.50258,45.56115,        5P    194
12.19798,45.85657,46.60419,12.47028,44.79191,47.64546,12.74641,        5P    195
43.72702,48.68561,13.02501,42.66201,49.72526,13.30473,41.59698,        5P    196
50.76503,13.58422,40.53202,51.80555,13.86213,39.46724,21.4351,         5P    197
8.532853,70.72956,21.67591,8.629996,70.18283,21.94871,8.739188,        5P    198
69.65261,22.25032,8.859345,69.13955,22.57756,8.989379,68.64424,        5P    199
22.92725,9.128201,68.16731,23.29619,9.274711,67.70935,23.66501,        5P    200
9.42117,67.25153,24.05315,9.575531,66.81277,24.45482,9.735437,         5P    201
66.38718,24.86426,9.898533,65.96889,25.27568,10.06247,65.55206,        5P    202
25.68333,10.2249,65.1308,26.09083,10.38726,64.7097,26.49421,           5P    203
10.54834,64.28401,26.89476,10.70844,63.85518,27.2938,10.8679,          5P    204
63.42469,27.69263,11.02703,62.99399,28.09257,11.18616,62.56458,        5P    205
28.8923,11.50438,61.70592,29.69368,11.82473,60.84978,30.49631,         5P    206
12.14602,59.99519,31.29981,12.46704,59.1412,32.10379,12.7866,          5P    207
58.28688,32.9079,13.10351,57.43131,34.11417,13.57895,56.14781,         5P    208
35.32065,14.055,54.86476,36.52672,14.53235,53.58201,37.73173,          5P    209
15.01169,52.29941,38.93499,15.49365,51.0167,40.13574,15.97885,         5P    210
49.7336,40.74029,16.22313,49.08759,41.34646,16.46466,48.44145,         5P    211
41.95389,16.70403,47.79523,42.56223,16.94183,47.14898,43.17117,        5P    212
17.17867,46.50276,43.78036,17.41516,45.85666,44.78443,17.80494,        5P    213
44.79176,45.78565,18.19939,43.72676,46.78503,18.59689,42.66173,        5P    214
47.78361,18.9958,41.59674,48.78244,19.39452,40.53188,49.78255,         5P    215
19.79142,39.46724,20.22885,10.93125,70.72955,20.45577,11.05565,        5P    216
70.18286,20.71302,11.19533,69.65263,20.99756,11.34899,69.13953,        5P    217
21.30637,11.51531,68.64419,21.6364,11.69298,68.16725,21.98459,         5P    218
11.88067,67.70936,22.33273,12.06831,67.25155,22.69905,12.26606,        5P    219
66.81282,23.07813,12.4709,66.38728,23.46453,12.67983,65.96903,         5P    220
23.85281,12.88983,65.5522,24.23755,13.09789,65.13092,24.62219,         5P    221
13.30587,64.70976,25.00298,13.51209,64.28399,25.38114,13.71701,        5P    222
63.85509,25.75788,13.9211,63.42452,26.13442,14.12484,62.99376,         5P    223
26.51196,14.32871,62.5643,27.26682,14.73633,61.70564,28.02294,         5P    224
15.14663,60.84953,28.78014,15.55811,59.99498,29.53827,15.9693,         5P    225
59.14102,30.29717,16.37872,58.28669,31.0567,16.78492,57.43103,         5P    226
32.1959,17.3942,56.14762,33.33492,18.00433,54.86451,34.47313,          5P    227
18.61608,53.58166,35.60985,19.2302,52.29896,36.7444,19.84745,          5P    228
51.01628,37.87603,20.46853,49.73346,38.44586,20.78124,49.08752,        5P    229
39.01784,21.09074,48.44149,39.5915,21.3977,47.79537,40.16641,          5P    230
21.70276,47.14919,40.7421,22.00661,46.50296,41.31817,22.30991,         5P    231
45.85675,42.26764,22.80982,44.79165,43.21326,23.31536,43.72657,        5P    232
44.15644,23.82458,42.66155,45.09854,24.33551,41.59661,46.04097,        5P    233
24.84621,40.53182,46.98514,25.35475,39.46724,18.70608,13.10677,        5P    234
70.72955,18.91563,13.25593,70.18292,19.15331,13.42329,69.65268,        5P    235
19.41629,13.60734,69.13953,19.70177,13.80655,68.64413,20.00691,        5P    236
14.01941,68.16719,20.3289,14.2444,67.70937,20.65089,14.4694,           5P    237
67.25154,20.98972,14.70652,66.81285,21.34036,14.95216,66.38737,        5P    238
21.69776,15.20269,65.96919,22.05688,15.45448,65.55241,22.41268,        5P    239
15.70391,65.13111,22.76848,15.95334,64.70981,23.12095,16.20041,        5P    240
64.28398,23.47112,16.44581,63.85507,23.81998,16.69022,63.4245,         5P    241
24.16855,16.93432,62.99371,24.51785,17.1788,62.56411,25.21605,         5P    242
17.66749,61.70539,25.91519,18.15944,60.84927,26.61526,18.65284,        5P    243
59.99476,27.3163,19.14591,59.14085,28.01834,19.63686,58.28654,         5P    244
28.72138,20.1239,57.43083,29.7756,20.8542,56.1477,30.82895,            5P    245
21.58587,54.86459,31.88092,22.31964,53.58156,32.93103,23.05625,        5P    246
52.29863,33.97877,23.79646,51.01585,35.02366,24.54099,49.73325,        5P    247
35.54999,24.91603,49.08717,36.0789,25.28763,48.44121,36.60984,         5P    248
25.65639,47.79527,37.1423,26.02289,47.14929,37.67574,26.38773,         5P    249
46.50317,38.20964,26.7515,45.85683,39.08956,27.35102,44.7916,          5P    250
39.96489,27.95748,43.72651,40.83727,28.56844,42.66156,41.70836,        5P    251
29.18147,41.59671,42.57979,29.79414,40.53194,43.45323,30.404,          5P    252
39.46724,17.18331,15.28229,70.72954,17.37571,15.45589,70.18298,        5P    253
17.5939,15.65081,69.65273,17.83531,15.86528,69.13953,18.09736,         5P    254
16.09751,68.64408,18.37751,16.34572,68.16712,18.67321,16.60814,        5P    255
67.70937,18.96897,16.8706,67.25154,19.28024,17.14722,66.81288,         5P    256
19.60238,17.43373,66.38746,19.93078,17.72586,65.96936,20.2608,         5P    257
18.01935,65.55262,20.58781,18.30994,65.1313,20.91492,18.60059,         5P    258
64.70985,21.23907,18.88852,64.28398,21.56115,19.17453,63.85506,        5P    259
21.88203,19.4594,63.42449,22.2026,19.74393,62.99365,22.52373,          5P    260
20.02889,62.56392,23.16547,20.59839,61.70513,23.80816,21.1712,         5P    261
60.84902,24.4517,21.74569,59.99455,25.09595,22.32022,59.14069,         5P    262
25.74079,22.89316,58.2864,26.38607,23.46288,57.43064,27.35338,         5P    263
24.31696,56.14777,28.31944,25.17246,54.86467,29.28423,26.02961,        5P    264
53.58146,30.24777,26.88864,52.2983,31.21009,27.74982,51.01542,         5P    265
32.17128,28.61344,49.73304,32.65567,29.04862,49.08682,33.14276,        5P    266
29.48053,48.44092,33.6317,29.91006,47.79517,34.12165,30.33807,         5P    267
47.14939,34.61175,30.76546,46.50337,35.10111,31.19308,45.85691,        5P    268
35.90757,31.89781,44.79154,36.71214,32.60583,43.72645,37.51532,        5P    269
33.31628,42.66157,38.3176,34.02826,41.5968,39.11944,34.74089,          5P    270
40.53206,39.92133,35.45326,39.46724,15.34402,17.23492,70.72954,        5P    271
15.51561,17.43033,70.18302,15.71024,17.64998,69.65275,15.92562,        5P    272
17.89179,69.13949,16.15946,18.15371,68.64399,16.40948,18.43368,        5P    273
68.16703,16.67341,18.72965,67.70939,16.9375,19.02576,67.25151,         5P    274
17.21545,19.3378,66.81292,17.50317,19.66096,66.38763,17.79654,         5P    275
19.99043,65.96964,18.09147,20.32138,65.55296,18.38384,20.64899,        5P    276
65.13157,18.67623,20.97667,64.71013,18.96633,21.30118,64.28417,        5P    277
19.25475,21.62347,63.85514,19.54212,21.9445,63.42445,19.82903,         5P    278
22.2652,62.99353,20.1161,22.58653,62.56381,20.68986,23.22872,          5P    279
61.70496,21.2645,23.87414,60.84883,21.83978,24.52138,59.99437,         5P    280
22.41541,25.16898,59.14055,22.99113,25.81549,58.2863,23.56664,         5P    281
26.45942,57.43052,24.42926,27.42463,56.14779,25.28959,28.39127,        5P    282
54.86467,26.14852,29.35913,53.58133,27.00695,30.32806,52.29802,        5P    283
27.86586,31.29794,51.01504,28.72625,32.26868,49.73276,29.15984,        5P    284
32.7579,49.08655,29.59645,33.24435,48.44072,30.03474,33.729,           5P    285
47.79507,30.47337,34.21279,47.14939,30.911,34.69665,46.50344,          5P    286
31.34625,35.18151,45.85698,32.06352,35.98053,44.79164,32.7828,         5P    287
36.78013,43.7266,33.50284,37.5805,42.66178,34.22239,38.38187,          5P    288
41.59703,34.94018,39.18445,40.53223,35.65493,39.98845,39.46724,        5P    289
13.24236,18.92709,70.72953,13.39013,19.14131,70.18305,13.55789,        5P    290
19.3824,69.65275,13.74362,19.64798,69.13943,13.94533,19.93571,         5P    291
68.64389,14.16102,20.24325,68.16694,14.38871,20.56829,67.7094,         5P    292
14.61658,20.89358,67.2515,14.85642,21.23626,66.81299,15.10473,         5P    293
21.59111,66.38783,15.35803,21.95287,65.96996,15.61282,22.31629,        5P    294
65.55334,15.86561,22.67608,65.13187,16.1183,23.03581,64.7105,          5P    295
16.36952,23.39198,64.28446,16.61956,23.74568,63.85527,16.86869,        5P    296
24.09799,63.42442,17.11718,24.45001,62.99342,17.36532,24.80284,        5P    297
62.56379,17.86142,25.50815,61.70488,18.35826,26.21653,60.84872,        5P    298
18.85544,26.92675,59.99425,19.35257,27.6376,59.14044,19.84924,         5P    299
28.34779,58.28622,20.34502,29.05607,57.43047,21.08818,30.11771,        5P    300
56.14775,21.82782,31.18069,54.8646,22.56586,32.24449,53.58119,         5P    301
23.30429,33.30867,52.2978,24.04513,34.37283,51.01475,24.79043,         5P    302
35.43661,49.73246,25.16592,35.97262,49.08637,25.54463,36.5066,         5P    303
48.44059,25.92476,37.03942,47.79496,26.30447,37.57192,47.14929,        5P    304
26.68192,38.10495,46.50339,27.05526,38.63931,45.85702,27.67053,        5P    305
39.51995,44.79178,28.29233,40.39923,43.72685,28.91735,41.27808,        5P    306
42.66207,29.54232,42.1574,41.59731,30.16395,43.03812,40.53241,         5P    307
30.77892,43.92115,39.46724,10.93245,20.32119,70.72953,11.05407,        5P    308
20.5509,70.18304,11.1924,20.8097,69.65272,11.34571,21.09497,           5P    309
69.13938,11.51227,21.40407,68.64383,11.69036,21.73441,68.16689,        5P    310
11.87826,22.0834,67.70941,12.06632,22.43271,67.25152,12.26419,         5P    311
22.80058,66.81308,12.46907,23.18145,66.38801,12.6782,23.56974,         5P    312
65.97023,12.88876,23.95986,65.55364,13.09797,24.34619,65.13212,        5P    313
13.30704,24.73231,64.71084,13.51547,25.11458,64.28475,13.7232,         5P    314
25.49419,63.85542,13.93019,25.87232,63.42444,14.13638,26.25016,        5P    315
62.99338,14.34173,26.62892,62.56384,14.75239,27.3863,61.70493,         5P    316
15.16354,28.14652,60.84872,15.57471,28.90858,59.99421,15.98537,        5P    317
29.67144,59.14037,16.39502,30.43406,58.28614,16.80314,31.19534,        5P    318
57.43045,17.41502,32.33659,56.14765,18.02241,33.47902,54.86446,        5P    319
18.62823,34.62192,53.58106,19.23541,35.76463,52.29767,19.84691,        5P    320
36.90655,51.0146,20.46571,38.04712,49.73221,20.77733,38.62161,         5P    321
49.08631,21.09203,39.19484,48.44055,21.40767,39.76751,47.79486,        5P    322
21.72205,40.34033,47.14912,22.03301,40.91396,46.50322,22.33835,        5P    323
41.48905,45.85699,22.84165,42.4369,44.79186,23.3561,43.38207,          5P    324
43.72704,23.87633,44.3259,42.66233,24.39699,45.26975,41.59757,         5P    325
24.91272,46.21497,40.53259,25.41816,47.16296,39.46724,8.468446,        5P    326
21.37966,70.72953,8.562221,21.62117,70.18298,8.669339,21.89352,        5P    327
69.65265,8.788298,22.19385,69.13934,8.917602,22.51931,68.64383,        5P    328
9.055754,22.86707,68.16692,9.201267,23.23432,67.70941,9.346847,        5P    329
23.60182,67.2516,9.499798,23.98875,66.8132,9.658145,24.38929,          5P    330
66.38814,9.819907,24.79763,65.97036,9.983102,25.20792,65.55377,        5P    331
10.14574,25.61432,65.13228,10.30832,26.02049,64.71103,10.47094,        5P    332
26.42266,64.28492,10.63329,26.82206,63.85556,10.79507,27.21991,        5P    333
63.42454,10.95597,27.61744,62.99347,11.1157,28.01591,62.56398,         5P    334
11.43508,28.81273,61.70511,11.75457,29.61225,60.84885,12.07364,        5P    335
30.4136,59.99425,12.39176,31.21591,59.14032,12.70837,32.01828,         5P    336
58.28606,13.02293,32.81978,57.43045,13.49465,34.02161,56.14746,        5P    337
13.96168,35.22451,54.86425,14.42755,36.42761,53.58093,14.89583,        5P    338
37.63009,52.29766,15.3701,38.83118,51.01462,15.85395,40.03012,         5P    339
49.73206,16.0975,40.63373,49.08636,16.34341,41.23666,48.44059,         5P    340
16.58942,41.83952,47.79477,16.83331,42.44286,47.14889,17.07283,        5P    341
43.04726,46.50294,17.30572,43.65325,45.85688,17.68971,44.65229,        5P    342
44.79179,18.08934,45.64756,43.72705,18.49727,46.64078,42.66244,        5P    343
18.90616,47.63367,41.59774,19.30869,48.62798,40.53273,19.69752,        5P    344
49.62546,39.46724,5.904472,22.0649,70.72953,5.969333,22.3142,          5P    345
70.18285,6.044229,22.59548,69.65256,6.127798,22.90574,69.13935,        5P    346
6.218675,23.24198,68.64394,6.315498,23.60119,68.16706,6.416902,        5P    347
23.98039,67.70941,6.518306,24.35959,67.25176,6.624291,24.75876,        5P    348
66.81334,6.733845,25.17193,66.38817,6.845954,25.5931,65.97026,         5P    349
6.959604,26.01627,65.55363,7.073783,26.43547,65.13228,7.187962,        5P    350
26.85467,64.71094,7.30267,27.26989,64.28488,7.417445,27.68232,         5P    351
63.85564,7.531828,28.09318,63.42476,7.645357,28.50364,62.99376,        5P    352
7.757572,28.91491,62.56418,7.981893,29.73705,61.70544,8.20565,         5P    353
30.56191,60.84915,8.428405,31.38865,59.99441,8.649722,32.21644,        5P    354
59.14031,8.869167,33.04447,58.28596,9.086303,33.8719,57.43045,         5P    355
9.412006,35.11304,56.1472,9.733913,36.35527,54.86398,10.0557,          5P    356
37.59762,53.58084,10.38103,38.8391,52.29779,10.71358,40.07872,         5P    357
51.01486,11.05703,41.31551,49.73207,11.22986,41.93789,49.08655,        5P    358
11.40352,42.55976,48.44072,11.57606,43.18175,47.79471,11.74555,        5P    359
43.80445,47.14861,11.91004,44.42849,46.50256,12.06758,45.05447,        5P    360
45.85665,12.32741,46.08683,44.79145,12.60719,47.11445,43.72676,        5P    361
12.89772,48.13945,42.66229,13.18982,49.16399,41.59775,13.47427,        5P    362
50.19021,40.53283,13.74188,51.22024,39.46724,3.340499,22.75013,        5P    363
70.72953,3.377142,23.00704,70.18273,3.419974,23.29721,69.65246,        5P    364
3.467964,23.61745,69.13935,3.520079,23.96456,68.64406,3.575284,        5P    365
24.33531,68.1672,3.632536,24.72646,67.70941,3.689722,25.11737,         5P    366
67.25191,3.748966,25.52873,66.81348,3.810032,25.95444,66.3882,         5P    367
3.872683,26.38838,65.97016,3.93669,26.82446,65.55348,4.001824,         5P    368
27.25662,65.13228,4.067022,27.68901,64.71085,4.133916,28.11725,        5P    369
64.28483,4.201558,28.54261,63.85572,4.268995,28.96634,63.42498,        5P    370
4.335275,29.38969,62.99405,4.399443,29.81391,62.56439,4.527641,        5P    371
30.66166,61.70578,4.654489,31.51217,60.84945,4.780048,32.36452,        5P    372
59.99456,4.904384,33.21785,59.1403,5.027569,34.0713,58.28586,          5P    373
5.149679,34.92402,57.43046,5.332952,36.2035,56.14693,5.51264,          5P    374
37.4843,54.86371,5.691978,38.76546,53.58074,5.874195,40.04597,         5P    375
52.29792,6.062506,41.32481,51.01509,6.260119,42.60091,49.73209,        5P    376
6.359485,43.24279,49.08674,6.458553,43.88423,48.44085,6.5562,          5P    377
44.52572,47.79464,6.651307,45.16777,47.14834,6.742759,45.81092,        5P    378
46.50218,6.829446,46.4557,45.85643,6.972498,47.51941,44.79111,         5P    379
7.133925,48.57896,43.72647,7.304872,49.63633,42.66214,7.476482,        5P    380
50.6935,41.59776,7.63989,51.75242,40.53293,7.78623,52.81503,           5P    381
39.46724,0.676559,23.06214,70.72953,0.6838578,23.3225,70.18268,        5P    382
0.6936214,23.61702,69.65243,0.7050246,23.94224,69.1394,                5P    383
0.7172415,24.29475,68.64417,0.7294439,24.67106,68.16732,               5P    384
0.740801,25.06769,67.7094,0.7521215,25.4639,67.25196,0.7625461,        5P    385
25.88051,66.81346,0.7728153,26.31151,66.38806,0.7836711,               5P    386
26.75088,65.96991,0.7958589,27.19262,65.5532,0.8101258,27.63078,       5P    387
65.13213,0.8244055,28.06924,64.71077,0.8414009,28.5037,64.28484,       5P    388
0.8597496,28.93532,63.85581,0.8780842,29.36528,63.42514,               5P    389
0.895033,29.79476,62.99428,0.9092192,30.22493,62.56468,                5P    390
0.9376235,31.0847,61.70601,0.9634853,31.94682,60.84964,                5P    391
0.9875573,32.81051,59.99471,1.010598,33.67505,59.14041,1.033371,       5P    392
34.53972,58.28592,1.056647,35.40383,57.43046,1.091584,36.70053,        5P    393
56.14674,1.124367,37.9989,54.8636,1.157201,39.29796,53.58087,          5P    394
1.19229,40.59669,52.2983,1.231839,41.89399,51.01556,1.278049,          5P    395
43.18869,49.73227,1.301291,43.83987,49.08682,1.322325,44.49001,        5P    396
48.44079,1.34122,45.13977,47.79442,1.358047,45.78986,47.14799,         5P    397
1.372881,46.44101,46.50178,1.385799,47.09393,45.8561,1.407057,         5P    398
48.17096,44.79105,1.445429,49.24581,43.72638,1.492196,50.31942,        5P    399
42.6619,1.538635,51.39272,41.59737,1.576009,52.46664,40.53256,         5P    400
1.595577,53.54209,39.46724,-2.021387,23.00696,70.72954,                5P    401
-2.043818,23.2667,70.18267,-2.067473,23.56092,69.65246,                5P    402
-2.093013,23.88601,69.13947,-2.121098,24.23831,68.64427,               5P    403
-2.152387,24.61416,68.1674,-2.187534,25.00987,67.70938,                5P    404
-2.222639,25.4051,67.25191,-2.261723,25.82029,66.81332,                5P    405
-2.303007,26.24963,66.38781,-2.344714,26.68737,65.96958,               5P    406
-2.385065,27.12775,65.55285,-2.422284,27.56504,65.13188,               5P    407
-2.459549,28.00257,64.71068,-2.493295,28.43643,64.28485,               5P    408
-2.52519,28.86763,63.85589,-2.556911,29.29716,63.42527,                5P    409
-2.590142,29.72603,62.99447,-2.626573,30.15525,62.56499,               5P    410
-2.699319,31.01355,61.70617,-2.775856,31.8735,60.84976,                5P    411
-2.854708,32.7346,59.99487,-2.934395,33.5964,59.14059,-3.01343,        5P    412
34.45844,58.28608,-3.090324,35.32029,57.43048,-3.205753,               5P    413
36.61346,56.14667,-3.321309,37.90866,54.86366,-3.436123,39.2049,       5P    414
53.58115,-3.549311,40.50113,52.29879,-3.659974,41.79621,               5P    415
51.01611,-3.767198,43.0889,49.73255,-3.821087,43.73922,49.08682,       5P    416
-3.87928,44.38755,48.44061,-3.940414,45.0349,47.79414,-4.00313,        5P    417
45.68231,47.14765,-4.066071,46.33085,46.50141,-4.127881,               5P    418
46.98159,45.85572,-4.229919,48.05451,44.79112,-4.316396,               5P    419
49.12806,43.7264,-4.395748,50.20158,42.66161,-4.476423,51.27445,       5P    420
41.59679,-4.566879,52.34602,40.53198,-4.675588,53.41568,               5P    421
39.46724,-4.687379,22.59062,70.72955,-4.739182,22.84572,               5P    422
70.18272,-4.795956,23.13497,69.65253,-4.85815,23.45464,69.13954,       5P    423
-4.926213,23.80101,68.64432,-5.000585,24.17032,68.16742,               5P    424
-5.081699,24.5588,67.70937,-5.162705,24.94688,67.2518,-5.250601,       5P    425
25.35421,66.81312,-5.34265,25.77531,66.38753,-5.436116,26.20469,       5P    426
65.96926,-5.528268,26.6369,65.55253,-5.61638,27.0665,65.13159,         5P    427
-5.704538,27.49621,64.71054,-5.788615,27.92269,64.28483,               5P    428
-5.870471,28.34671,63.85595,-5.951972,28.76909,63.42539,               5P    429
-6.034991,29.19063,62.99467,-6.121408,29.61215,62.56531,               5P    430
-6.294247,30.45548,61.70631,-6.471916,31.29971,60.84987,               5P    431
-6.652309,32.14467,59.99502,-6.833322,32.9902,59.14082,                5P    432
-7.012844,33.83615,58.2863,-7.188765,34.68236,57.43053,                5P    433
-7.452738,35.95175,56.14679,-7.714888,37.22338,54.8639,                5P    434
-7.975656,38.49628,53.58153,-8.235453,39.76939,52.29926,               5P    435
-8.494663,41.04156,51.01658,-8.75364,42.31157,49.73287,                5P    436
-8.883913,42.95078,49.08677,-9.02022,43.5871,48.44039,-9.160073,       5P    437
44.22188,47.79388,-9.30099,44.85652,47.1474,-9.440493,45.49244,        5P    438
46.50116,-9.576112,46.13107,45.85538,-9.799695,47.18342,44.7912,       5P    439
-10.00974,48.23898,43.72643,-10.21416,49.29556,42.66133,               5P    440
-10.42085,50.35102,41.59622,-10.63774,51.40322,40.53141,               5P    441
-10.87277,52.45003,39.46724,-7.255456,21.81916,70.72955,               5P    442
-7.33554,22.0657,70.18281,-7.424488,22.3452,69.65262,-7.522404,        5P    443
22.65403,69.13958,-7.629388,22.98859,68.6443,-7.745533,23.34522,       5P    444
68.16736,-7.870924,23.72029,67.70936,-7.996207,24.09513,               5P    445
67.25165,-8.130846,24.48845,66.8129,-8.271346,24.89504,66.3873,        5P    446
-8.414218,25.30967,65.96903,-8.555975,25.72713,65.5523,                5P    447
-8.693136,26.14225,65.13132,-8.830306,26.55737,64.71033,               5P    448
-8.963047,26.96967,64.28472,-9.093308,27.37974,63.85596,               5P    449
-9.22304,27.78821,63.42553,-9.354203,28.19572,62.9949,-9.488759,       5P    450
28.60292,62.56558,-9.758046,29.41775,61.70645,-10.03286,               5P    451
30.23294,60.85,-10.31065,31.04859,59.9952,-10.58884,31.86476,          5P    452
59.14105,-10.86488,32.68154,58.28653,-11.13621,33.49901,               5P    453
57.43065,-11.54314,34.72488,56.14714,-11.9471,35.9529,54.86434,        5P    454
-12.34941,37.18213,53.58194,-12.75138,38.41156,52.29957,               5P    455
-13.15426,39.64013,51.01681,-13.5593,40.86672,49.73316,                5P    456
-13.76323,41.48446,49.08671,-13.97414,42.09885,48.44021,               5P    457
-14.18881,42.71146,47.79372,-14.40405,43.32391,47.14731,               5P    458
-14.61665,43.93781,46.50108,-14.82342,44.55479,45.85513,               5P    459
-15.16402,45.57101,44.79116,-15.49304,46.59187,43.72636,               5P    460
-15.81788,47.61423,42.66112,-16.14595,48.63499,41.59589,               5P    461
-16.48467,49.65107,40.53111,-16.84147,50.65939,39.46724,               5P    462
-9.659659,20.6986,70.72956,-9.766204,20.93275,70.18293,                5P    463
-9.885738,21.19765,69.65271,-10.0178,21.49007,69.13957,                5P    464
-10.16191,21.80678,68.64418,-10.31761,22.14455,68.16721,               5P    465
-10.48444,22.50014,67.70935,-10.65126,22.85573,67.25148,               5P    466
-10.82921,23.22915,66.81271,-11.01434,23.61531,66.38717,               5P    467
-11.20273,24.00912,65.96898,-11.39044,24.4055,65.55226,                5P    468
-11.57353,24.79936,65.13113,-11.75662,25.19322,64.71001,               5P    469
-11.93509,25.58456,64.28449,-12.11091,25.97388,63.85593,               5P    470
-12.28604,26.3617,63.42571,-12.46245,26.74852,62.9952,-12.6421,        5P    471
27.13484,62.56577,-13.0015,27.90771,61.70665,-13.36675,28.6808,        5P    472
60.85019,-13.73503,29.45431,59.99539,-14.10357,30.22841,               5P    473
59.14123,-14.46955,31.00331,58.28672,-14.83018,31.7792,57.43084,       5P    474
-15.3708,32.94233,56.14779,-15.90882,34.10697,54.86499,                5P    475
-16.44561,35.27229,53.58231,-16.98252,36.43751,52.29958,               5P    476
-17.52092,37.60181,51.01665,-18.06219,38.7644,49.73338,                5P    477
-18.33497,39.35029,49.08666,-18.61451,39.93318,48.44013,               5P    478
-18.89752,40.51459,47.79374,-19.18069,41.09604,47.14746,               5P    479
-19.46072,41.67905,46.50125,-19.73432,42.26514,45.85505,               5P    480
-20.18489,43.23032,44.79087,-20.62485,44.19994,43.72609,               5P    481
-21.06163,45.17077,42.66103,-21.50266,46.13955,41.59599,               5P    482
-21.95537,47.10303,40.53129,-22.42719,48.05799,39.46724,               5P    483
-12.06386,19.57805,70.72956,-12.19816,19.7992,70.18306,                5P    484
-12.34867,20.04932,69.65281,-12.51465,20.32543,69.13956,               5P    485
-12.69535,20.62455,68.64406,-12.89003,20.94372,68.16706,               5P    486
-13.09795,21.27999,67.70934,-13.30598,21.61649,67.25131,               5P    487
-13.5273,21.96998,66.81253,-13.75733,22.33559,66.38705,                5P    488
-13.99149,22.70846,65.96893,-14.22522,23.08372,65.55221,               5P    489
-14.45392,23.45647,65.13095,-14.68261,23.82921,64.7097,                5P    490
-14.90676,24.19962,64.28425,-15.12824,24.56815,63.85589,               5P    491
-15.34894,24.93524,63.42589,-15.57072,25.3013,62.99549,                5P    492
-15.79544,25.66676,62.56595,-16.24492,26.39769,61.70684,               5P    493
-16.69985,27.12903,60.85038,-17.15772,27.86081,59.99558,               5P    494
-17.61606,28.5931,59.14142,-18.07237,29.32594,58.2869,-18.52415,       5P    495
30.05939,57.43103,-19.20124,31.1585,56.14843,-19.87363,32.25959,       5P    496
54.86565,-20.54375,33.36154,53.58268,-21.21404,34.46328,               5P    497
52.29959,-21.88699,35.56377,51.0165,-22.56509,36.66207,49.73359,       5P    498
-22.90701,37.21598,49.08661,-23.25519,37.76737,48.44005,               5P    499
-23.60637,38.31765,47.79377,-23.95728,38.86819,47.14762,               5P    500
-24.30466,39.42035,46.50141,-24.64522,39.97549,45.85497,               5P    501
-25.20598,40.88953,44.79058,-25.76088,41.80606,43.72583,               5P    502
-26.31447,42.72307,42.66093,-26.87131,43.63854,41.59609,               5P    503
-27.43595,44.5504,40.53147,-28.01291,45.45659,39.46724,                5P    504
-14.30419,18.1084,70.72957,-14.46433,18.31255,70.18315,                5P    505
-14.64419,18.54297,69.65289,-14.84251,18.79719,69.13956,               5P    506
-15.05803,19.07275,68.64397,-15.28952,19.36722,68.16694,               5P    507
-15.53576,19.67819,67.70933,-15.78224,19.98952,67.25121,               5P    508
-16.04345,20.31709,66.81241,-16.31452,20.65617,66.38696,               5P    509
-16.59056,21.00202,65.96888,-16.86667,21.34987,65.55218,               5P    510
-17.13794,21.69496,65.13084,-17.40918,22.03998,64.70957,               5P    511
-17.67608,22.38276,64.28419,-17.94038,22.72373,63.85592,               5P    512
-18.20378,23.0633,63.42601,-18.46802,23.40187,62.99566,                5P    513
-18.73477,23.73983,62.56606,-19.26825,24.41568,61.70693,               5P    514
-19.80628,25.09253,60.8505,-20.34692,25.77002,59.99576,                5P    515
-20.88818,26.44784,59.14167,-21.42808,27.12565,58.2872,                5P    516
-21.96466,27.80311,57.4313,-22.76862,28.81808,56.14894,                5P    517
-23.56743,29.83566,54.86611,-24.36375,30.8543,53.58292,                5P    518
-25.16031,31.87253,52.29956,-25.95986,32.88896,51.01635,               5P    519
-26.76522,33.90227,49.73371,-27.17151,34.41354,49.0866,                5P    520
-27.58236,34.92384,48.44007,-27.9952,35.43404,47.79391,                5P    521
-28.40744,35.945,47.14787,-28.81649,36.45754,46.50168,-29.21971,       5P    522
36.97247,45.85505,-29.88356,37.82018,44.79052,-30.54548,               5P    523
38.66715,43.72573,-31.20756,39.51324,42.66086,-31.87191,               5P    524
40.35829,41.59608,-32.54059,41.2021,40.5315,-33.21566,42.04444,        5P    525
39.46724,-16.33421,16.33567,70.72957,-16.51777,16.51935,               5P    526
70.18321,-16.72455,16.726,69.65293,-16.95267,16.95383,69.13955,        5P    527
-17.20023,17.201,68.64392,-17.46541,17.46572,68.16688,-17.74637,       5P    528
17.74624,67.70932,-18.0277,18.02713,67.25118,-18.32473,18.32345,       5P    529
66.81237,-18.63248,18.63058,66.38692,-18.94596,18.94389,               5P    530
65.96886,-19.26015,19.25871,65.55216,-19.57005,19.57038,65.1308,       5P    531
-19.87984,19.88194,64.70959,-20.18561,20.19124,64.28424,               5P    532
-20.48886,20.49874,63.856,-20.79114,20.80489,63.42608,-21.09395,       5P    533
21.11012,62.99571,-21.3988,21.41485,62.56608,-22.00842,22.02421,       5P    534
61.70694,-22.62147,22.63542,60.85057,-23.23661,23.24759,               5P    535
59.99592,-23.8525,23.85986,59.14192,-24.46776,24.47135,58.28751,       5P    536
-25.08101,25.08117,57.43158,-25.99975,25.99477,56.14928,               5P    537
-26.91397,26.91174,54.86637,-27.82603,27.83004,53.58302,               5P    538
-28.73836,28.74771,52.29951,-29.65346,29.66286,51.01625,               5P    539
-30.57391,30.57367,49.73376,-31.03836,31.03326,49.08662,               5P    540
-31.50509,31.494,48.44016,-31.97255,31.95601,47.7941,-32.43919,        5P    541
32.41942,47.14816,-32.90344,32.8843,46.502,-33.36369,33.35074,         5P    542
45.85526,-34.12133,34.11854,44.79066,-34.88021,34.88154,               5P    543
43.72578,-35.64037,35.64191,42.66084,-36.4018,36.40178,41.59601,       5P    544
-37.16452,37.16327,40.53144,-37.92848,37.92848,39.46724,               5P    545
-18.10748,14.30586,70.72957,-18.31153,14.46612,70.1832,                5P    546
-18.54199,14.64584,69.65293,-18.79637,14.84383,69.13956,               5P    547
-19.07219,15.0589,68.64393,-19.36698,15.28987,68.16689,                5P    548
-19.67833,15.53561,67.70932,-19.99006,15.78162,67.25121,               5P    549
-20.31822,16.04202,66.8124,-20.65779,16.31235,66.38694,                5P    550
-21.00374,16.58815,65.96885,-21.35105,16.86496,65.55216,               5P    551
-21.69467,17.1383,65.13085,-22.03814,17.41152,64.70972,                5P    552
-22.37789,17.68235,64.28437,-22.71526,17.95134,63.85608,               5P    553
-23.05156,18.21903,63.42609,-23.38812,18.48594,62.99567,               5P    554
-23.72624,18.7526,62.56603,-24.40236,19.28582,61.70692,                5P    555
-25.08077,19.82182,60.8506,-25.76074,20.35916,59.99603,                5P    556
-26.44152,20.89636,59.14211,-27.12238,21.43192,58.28775,               5P    557
-27.80252,21.96437,57.43183,-28.82154,22.76219,56.14939,               5P    558
-29.83703,23.56435,54.86639,-30.85086,24.36824,53.58299,               5P    559
-31.86502,25.1713,52.29947,-32.88151,25.97103,51.01622,                5P    560
-33.90247,26.76496,49.73371,-34.41758,27.16545,49.0867,                5P    561
-34.93264,27.56927,48.44032,-35.44722,27.97579,47.79431,               5P    562
-35.96082,28.38435,47.1484,-36.47293,28.79428,46.50226,                5P    563
-36.98303,29.20491,45.85555,-37.82275,29.88092,44.79092,               5P    564
-38.66636,30.54757,43.72595,-39.5121,31.20961,42.66087,                5P    565
-40.35821,31.87182,41.59593,-41.20292,32.53892,40.53133,               5P    566
-42.04444,33.21566,39.46724,-19.57758,12.06496,70.72956,               5P    567
-19.79864,12.19939,70.18312,-20.04874,12.34988,69.65286,               5P    568
-20.32489,12.51569,69.13956,-20.62414,12.69609,68.64401,               5P    569
-20.94353,12.89036,68.16699,-21.28014,13.09778,67.70933,               5P    570
-21.61703,13.30533,67.2513,-21.97103,13.52575,66.8125,-22.33706,       5P    571
13.75496,66.387,-22.71001,13.98885,65.96888,-23.08478,14.22332,        5P    572
65.55218,-23.45626,14.45427,65.13097,-23.82762,14.68516,64.7099,       5P    573
-24.19551,14.91339,64.28452,-24.56112,15.13968,63.85614,               5P    574
-24.92559,15.36472,63.42605,-25.2901,15.58922,62.99554,-25.6558,       5P    575
15.81388,62.5659,-26.38698,16.26305,61.70688,-27.1195,16.71593,        5P    576
60.85061,-27.85315,17.17048,59.99606,-28.5877,17.62464,59.14216,       5P    577
-29.3229,18.07633,58.28784,-30.05851,18.5235,57.43198,-31.16098,       5P    578
19.19378,56.14924,-32.2604,19.86992,54.86615,-33.35847,20.54849,       5P    579
53.58284,-34.45692,21.22608,52.29947,-35.55755,21.89931,               5P    580
51.01628,-36.66223,22.56482,49.73359,-37.21926,22.90033,               5P    581
49.08683,-37.77447,23.2409,48.44052,-38.32821,23.58534,47.79449,       5P    582
-38.88078,23.93242,47.14853,-39.43249,24.28093,46.50241,               5P    583
-39.98363,24.62963,45.85588,-40.89114,25.20388,44.79127,               5P    584
-41.80495,25.7638,43.72621,-42.72175,26.31702,42.66098,                5P    585
-43.63819,26.87119,41.5959,-44.55092,27.43395,40.53123,                5P    586
-45.45658,28.01292,39.46724,-20.69806,9.658987,70.72956,               5P    587
-20.93214,9.765659,70.18294,-21.19701,9.88551,69.65272,                5P    588
-21.48948,10.01792,69.13958,-21.80632,10.16226,68.64418,               5P    589
-22.14434,10.31791,68.16721,-22.50034,10.48424,67.70934,               5P    590
-22.85633,10.65058,67.25146,-23.23029,10.8276,66.81268,                5P    591
-23.61689,11.01188,66.38713,-24.01081,11.19997,65.96894,               5P    592
-24.40671,11.38844,65.55224,-24.79926,11.57387,65.13116,               5P    593
-25.19182,11.75929,64.71009,-25.58103,11.94165,64.28464,               5P    594
-25.96799,12.12191,63.85615,-26.35377,12.30101,63.42594,               5P    595
-26.73948,12.47988,62.99535,-27.12618,12.65948,62.5657,                5P    596
-27.89919,13.01849,61.70686,-28.67301,13.38197,60.85062,               5P    597
-29.44775,13.74735,59.99601,-30.22348,14.11209,59.14202,               5P    598
-31.00029,14.47361,58.28767,-31.77828,14.82937,57.43197,               5P    599
-32.94495,15.36286,56.14876,-34.10783,15.90482,54.86563,               5P    600
-35.26907,16.45049,53.58256,-36.43083,16.99508,52.29952,               5P    601
-37.59525,17.53382,51.01646,-38.7645,18.06194,49.73337,                5P    602
-39.35352,18.32799,49.08701,-39.93998,18.59989,48.44076,               5P    603
-40.52444,18.87633,47.7946,-41.10746,19.15597,47.14848,                5P    604
-41.68958,19.43749,46.50236,-42.27137,19.71955,45.8562,                5P    605
-43.22986,20.18424,44.79165,-44.19708,20.6291,43.72653,                5P    606
-45.16827,21.06498,42.66117,-46.13866,21.50273,41.59594,               5P    607
-47.10349,21.95319,40.53118,-48.05797,22.42721,39.46724,               5P    608
-21.81854,7.253012,70.72955,-22.06505,7.333203,70.18275,               5P    609
-22.34458,7.422664,69.65257,-22.65353,7.521275,69.13959,               5P    610
-22.98828,7.62891,68.64436,-23.34517,7.745436,68.16743,                5P    611
-23.72053,7.870703,67.70935,-24.09562,7.99584,67.25162,                5P    612
-24.48937,8.129816,66.81286,-24.89635,8.269597,66.38725,               5P    613
-25.31112,8.412149,65.969,-25.72823,8.554444,65.55229,-26.14227,       5P    614
8.693458,65.13136,-26.55644,8.832535,64.71028,-26.96706,               5P    615
8.968838,64.28476,-27.37526,9.103305,63.85616,-27.78215,               5P    616
9.236873,63.42583,-28.18888,9.370484,62.99516,-28.59656,9.50508,       5P    617
62.5655,-29.41134,9.774049,61.70684,-30.227,10.04699,60.85063,         5P    618
-31.04351,10.32174,59.99595,-31.86085,10.59612,59.14187,               5P    619
-32.67903,10.86801,58.28751,-33.49805,11.13523,57.43197,               5P    620
-34.72691,11.53626,56.14829,-35.95349,11.94353,54.86512,               5P    621
-37.17931,12.35327,53.58229,-38.40587,12.76166,52.29956,               5P    622
-39.63457,13.16488,51.01664,-40.86677,13.55906,49.73316,               5P    623
-41.48697,13.75739,49.08719,-42.10418,13.9617,48.441,-42.71919,        5P    624
14.17051,47.7947,-43.3328,14.38238,47.14842,-43.94583,14.59584,        5P    625
46.50231,-44.5591,14.80946,45.85651,-45.56995,15.16164,44.79203,       5P    626
-46.58891,15.49505,43.72685,-47.61164,15.81971,42.66136,               5P    627
-48.63383,16.14566,41.59598,-49.65117,16.48291,40.53113,               5P    628
-50.65936,16.84149,39.46724,-22.58941,4.681959,70.72955,               5P    629
-22.8445,4.733824,70.18264,-23.13393,4.791541,69.65247,                5P    630
-23.45392,4.85514,69.13955,-23.80068,4.924649,68.64439,                5P    631
-24.17037,5.000086,68.16751,-24.55912,5.081454,67.70936,               5P    632
-24.94738,5.162696,67.25178,-25.35503,5.250176,66.81308,               5P    633
-25.77641,5.341602,66.38749,-26.20588,5.434683,65.96922,               5P    634
-26.63784,5.527134,65.55251,-27.06668,5.61667,65.13162,                5P    635
-27.49575,5.706269,64.71051,-27.92101,5.793288,64.28487,               5P    636
-28.34364,5.878696,63.85611,-28.76485,5.963468,63.42565,               5P    637
-29.18583,6.048577,62.99488,-29.60778,6.135,62.56523,-30.45099,        5P    638
6.307704,61.70663,-31.29553,6.483761,60.85042,-32.14111,               5P    639
6.661479,59.9957,-32.98747,6.839178,59.14159,-33.83439,7.015184,       5P    640
58.28724,-34.68162,7.187833,57.43181,-35.95316,7.446998,               5P    641
56.14795,-37.22379,7.711875,54.86473,-38.49427,7.978731,               5P    642
53.58194,-39.76533,8.243809,52.29931,-41.03757,8.503316,               5P    643
51.01643,-42.31155,8.753436,49.73286,-42.9524,8.879194,49.0872,        5P    644
-43.5907,9.010117,48.44114,-44.22722,9.145153,47.79487,                5P    645
-44.86273,9.28326,47.14857,-45.49804,9.423404,46.50247,                5P    646
-46.13398,9.564563,45.85682,-47.18262,9.797412,44.79214,               5P    647
-48.23686,10.01113,43.72702,-49.29369,10.21561,42.6617,                5P    648
-50.35014,10.42078,41.59645,-51.40322,10.63654,40.53154,               5P    649
-52.44999,10.87281,39.46724,-23.00489,2.012569,70.72954,               5P    650
-23.26462,2.035009,70.18261,-23.55921,2.060119,69.65241,               5P    651
-23.88488,2.087901,69.13948,-24.23784,2.118358,68.64433,               5P    652
-24.61424,2.151483,68.16748,-25.01022,2.187269,67.70937,               5P    653
-25.40565,2.223009,67.25189,-25.82103,2.261925,66.81329,               5P    654
-26.25051,2.302676,66.38777,-26.68825,2.343921,65.96954,               5P    655
-27.12845,2.384319,65.55283,-27.56534,2.422531,65.13191,               5P    656
-28.00249,2.460767,64.71074,-28.43558,2.496649,64.28497,               5P    657
-28.86587,2.53117,63.85605,-29.29461,2.565324,63.42543,                5P    658
-29.72307,2.600106,62.99458,-30.15251,2.636512,62.56495,               5P    659
-31.01074,2.70929,61.70632,-31.87092,2.784677,60.85008,                5P    660
-32.73247,2.861529,59.99535,-33.59483,2.938712,59.14124,               5P    661
-34.45746,3.015097,58.28692,-35.31984,3.089562,57.43155,               5P    662
-36.61419,3.201311,56.14773,-37.9089,3.318986,54.86446,-39.2039,       5P    663
3.438503,53.5816,-40.49905,3.555765,52.29889,-41.79413,3.666653,       5P    664
51.016,-43.08884,3.767034,49.73255,-43.73993,3.817498,49.0871,         5P    665
-44.38936,3.871686,48.44121,-45.03777,3.929287,47.79505,               5P    666
-45.68579,3.99,47.14882,-46.33411,4.053526,46.50274,-46.98341,         5P    667
4.119577,45.85708,-48.05444,4.228582,44.79205,-49.12729,               5P    668
4.317846,43.72707,-50.20089,4.397273,42.66211,-51.27418,               5P    669
4.476771,41.59715,-52.34611,4.566251,40.53219,-53.41564,4.67563,       5P    670
39.46724,-23.05921,-0.6884157,70.72954,-23.31956,-0.6957501,           5P    671
70.18263,-23.61459,-0.7036173,69.6524,-23.94062,-0.7120513,            5P    672
69.1394,-24.29401,-0.7210854,68.64421,-24.67104,-0.730751,             5P    673
68.16736,-25.06797,-0.7410774,67.70938,-25.46445,-0.751362,            5P    674
67.25193,-25.88116,-0.7616963,66.81342,-26.31214,-0.7723984,           5P    675
66.38801,-26.75142,-0.7837884,65.96986,-27.19304,-0.7961899,           5P    676
65.55318,-27.63108,-0.8099289,65.13217,-28.06936,-0.8236897,           5P    677
64.71093,-28.50343,-0.8394118,64.28504,-28.93458,-0.8561556,           5P    678
63.85598,-29.3641,-0.8729806,63.42523,-29.79329,-0.888946,             5P    679
62.99431,-30.22346,-0.9031099,62.5647,-31.08324,-0.9314021,            5P    680
61.70602,-31.94552,-0.9579234,60.84974,-32.8095,-0.9832202,            5P    681
59.99498,-33.67437,-1.007836,59.14089,-34.53933,-1.032311,             5P    682
58.2866,-35.40359,-1.057183,57.43126,-36.70062,-1.094553,              5P    683
56.14761,-37.99897,-1.125887,54.86431,-39.29783,-1.155549,             5P    684
53.58129,-40.59635,-1.187905,52.29842,-41.8936,-1.227325,              5P    685
51.01549,-43.18862,-1.278179,49.73227,-43.83985,-1.303738,             5P    686
49.08696,-44.49032,-1.32731,48.44121,-45.14053,-1.34835,               5P    687
47.79519,-45.79099,-1.366309,47.14906,-46.44224,-1.380635,             5P    688
46.50302,-47.09483,-1.390775,45.85725,-48.17146,-1.407489,             5P    689
44.79187,-49.24618,-1.444009,43.72705,-50.31979,-1.490706,             5P    690
42.66247,-51.3931,-1.53795,41.59783,-52.46692,-1.576111,               5P    691
40.53285,-53.54207,-1.595557,39.46724,-22.74658,-3.354253,             5P    692
70.72954,-23.00347,-3.390958,70.18272,-23.29422,-3.431678,             5P    693
69.65244,-23.61536,-3.476319,69.13934,-23.96345,-3.524788,             5P    694
68.64405,-24.335,-3.576987,68.16719,-24.72652,-3.63281,67.70937,       5P    695
-25.11777,-3.688562,67.25188,-25.52921,-3.747461,66.81344,             5P    696
-25.95483,-3.808862,66.38815,-26.38861,-3.872123,65.97012,             5P    697
-26.82458,-3.936607,65.55347,-27.25676,-4.00168,65.13234,              5P    698
-27.68907,-4.066791,64.71106,-28.1172,-4.133169,64.28508,              5P    699
-28.54241,-4.200076,63.85593,-28.96598,-4.266774,63.42511,             5P    700
-29.38919,-4.332526,62.99414,-29.81331,-4.396594,62.56454,             5P    701
-30.6611,-4.52466,61.7058,-31.51167,-4.65179,60.84948,-32.36412,       5P    702
-4.777938,59.99471,-33.21755,-4.903055,59.14062,-34.07106,             5P    703
-5.027094,58.28633,-34.92375,-5.150007,57.43098,-36.20316,             5P    704
-5.334461,56.14757,-37.48421,-5.513368,54.86427,-38.76571,             5P    705
-5.691069,53.5811,-40.04648,-5.871898,52.29804,-41.32528,              5P    706
-6.060181,51.01506,-42.60087,-6.260237,49.73209,-43.24245,             5P    707
-6.360838,49.08681,-43.88375,-6.4611,48.44116,-44.52525,               5P    708
-6.559671,47.79525,-45.16742,-6.655205,47.14921,-45.81073,             5P    709
-6.746354,46.50319,-46.45565,-6.83177,45.8573,-47.51967,               5P    710
-6.972706,44.79167,-48.57949,-7.133094,43.72696,-49.63702,             5P    711
-7.303789,42.66267,-50.69418,-7.475646,41.59828,-51.75289,             5P    712
-7.639521,40.5333,-52.81507,-7.786271,39.46724,-22.06124,              5P    713
-5.918202,70.72955,-22.31052,-5.983126,70.18287,-22.59227,             5P    714
-6.056071,69.65255,-22.90329,-6.13649,69.13933,-23.24039,              5P    715
-6.22384,68.6439,-23.60035,-6.317576,68.16701,-23.98,-6.417153,        5P    716
67.70935,-24.35964,-6.51673,67.25169,-24.75897,-6.622148,              5P    717
66.81328,-25.17207,-6.73198,66.38812,-25.59307,-6.844799,              5P    718
65.97024,-26.01608,-6.959179,65.55365,-26.43519,-7.073693,             5P    719
65.13236,-26.85431,-7.188206,64.71108,-27.26953,-7.302854,             5P    720
64.2851,-27.68203,-7.417329,63.85594,-28.09296,-7.531327,              5P    721
63.42511,-28.50349,-7.644542,62.99414,-28.91477,-7.756668,             5P    722
62.56452,-29.73689,-7.980802,61.70576,-30.5616,-8.204708,              5P    723
60.84941,-31.38814,-8.42781,59.9946,-32.21575,-8.64953,59.14048,       5P    724
-33.04368,-8.869291,58.28616,-33.87118,-9.086515,57.43079,             5P    725
-35.11254,-9.412381,56.1476,-36.35498,-9.734046,54.86434,              5P    726
-37.5975,-10.05543,53.58107,-38.83911,-10.38047,52.29789,              5P    727
-40.07881,-10.71307,51.01487,-41.3156,-11.05717,49.73209,              5P    728
-41.93783,-11.23029,49.08673,-42.55953,-11.4042,48.44106,              5P    729
-43.18133,-11.57697,47.79518,-43.80382,-11.74661,47.14917,             5P    730
-44.42761,-11.91117,46.50314,-45.05329,-12.06869,45.85718,             5P    731
-46.08547,-12.32854,44.79155,-47.1135,-12.60774,43.72686,              5P    732
-48.1392,-12.8975,42.6626,-49.16438,-13.18901,41.59825,                5P    733
-50.19084,-13.47345,40.5333,-51.2204,-13.74203,39.46724,               5P    734
-21.3759,-8.48215,70.72955,-21.61739,-8.575989,70.18301,               5P    735
-21.89018,-8.681019,69.65266,-22.19123,-8.796661,69.13931,             5P    736
-22.51748,-8.922336,68.64375,-22.8659,-9.057471,68.16682,              5P    737
-23.23348,-9.201496,67.70933,-23.60133,-9.345593,67.25151,             5P    738
-23.98837,-9.498128,66.81312,-24.38888,-9.656756,66.38809,             5P    739
-24.7971,-9.81913,65.97036,-25.20727,-9.982899,65.55383,               5P    740
-25.61363,-10.14571,65.13239,-26.01985,-10.30847,64.7111,              5P    741
-26.42222,-10.47121,64.28511,-26.8219,-10.63365,63.85595,              5P    742
-27.22003,-10.79556,63.42511,-27.61776,-10.95667,62.99413,             5P    743
-28.01623,-11.11674,62.56451,-28.81275,-11.43671,61.70572,             5P    744
-29.61188,-11.75633,60.84934,-30.41283,-12.07519,59.9945,              5P    745
-31.2148,-12.39287,59.14034,-32.01699,-12.70895,58.286,                5P    746
-32.81861,-13.02302,57.43059,-34.02091,-13.49411,56.14763,             5P    747
-35.22426,-13.9603,54.8644,-36.42776,-14.42549,53.58105,               5P    748
-37.63051,-14.89358,52.29774,-38.83165,-15.36848,51.01467,             5P    749
-40.03033,-15.85411,49.73208,-40.63354,-16.09847,49.08665,             5P    750
-41.23608,-16.34447,48.44097,-41.83851,-16.59015,47.79511,             5P    751
-42.44142,-16.83354,47.14912,-43.04537,-17.07268,46.50309,             5P    752
-43.65093,-17.3056,45.85706,-44.64981,-17.68982,44.79143,              5P    753
-45.64605,-18.08787,43.72676,-46.64071,-18.49371,42.66254,             5P    754
-47.63485,-18.90133,41.59823,-48.6295,-19.3047,40.53331,               5P    755
-49.62573,-19.69779,39.46724,-20.31785,-10.94421,70.72957,             5P    756
-20.5475,-11.06586,70.18315,-20.80657,-11.20235,69.65279,              5P    757
-21.09228,-11.35276,69.13934,-21.40188,-11.51618,68.64368,             5P    758
-21.73265,-11.6917,68.16669,-22.08188,-11.87845,67.70928,              5P    759
-22.4315,-12.06539,67.25138,-22.79947,-12.26299,66.81295,              5P    760
-23.18029,-12.46815,66.38793,-23.56848,-12.67778,65.97022,             5P    761
-23.9585,-12.88877,65.55371,-24.34483,-13.09798,65.13228,              5P    762
-24.73113,-13.30714,64.71089,-25.1139,-13.51562,64.28496,              5P    763
-25.49413,-13.72346,63.85594,-25.87279,-13.93069,63.42527,             5P    764
-26.25086,-14.13733,62.99436,-26.62929,-14.34341,62.56464,             5P    765
-27.3856,-14.7553,61.70582,-28.14496,-15.1668,60.84943,                5P    766
-28.90637,-15.5776,59.99458,-29.66888,-15.98745,59.1404,               5P    767
-30.43152,-16.39608,58.28599,-31.19332,-16.80321,57.43048,             5P    768
-32.33568,-17.41378,56.14759,-33.47937,-18.01984,54.86442,             5P    769
-34.62338,-18.62474,53.58112,-35.76671,-19.23181,52.29784,             5P    770
-36.9084,-19.84442,51.0148,-38.04754,-20.46593,49.73224,               5P    771
-38.62102,-20.77876,49.08657,-39.19345,-21.09363,48.44078,             5P    772
-39.76548,-21.40879,47.79489,-40.33772,-21.72248,47.14892,             5P    773
-40.91082,-22.03295,46.50288,-41.4854,-22.33843,45.85678,              5P    774
-42.43298,-22.84229,44.79123,-43.38066,-23.35409,43.72654,             5P    775
-44.32799,-23.87073,42.66227,-45.27452,-24.38911,41.59795,             5P    776
-46.21981,-24.9061,40.53311,-47.16339,-25.41859,39.46724,              5P    777
-18.9245,-13.25104,70.72961,-19.13866,-13.39878,70.18327,              5P    778
-19.37977,-13.56517,69.6529,-19.64544,-13.74876,69.13941,              5P    779
-19.9333,-13.94816,68.64368,-20.241,-14.16198,68.16664,                5P    780
-20.56621,-14.38884,67.70923,-20.8918,-14.61597,67.2513,               5P    781
-21.23456,-14.8557,66.8128,-21.58934,-15.10429,66.38769,               5P    782
-21.95099,-15.35798,65.96993,-22.31433,-15.61303,65.55342,             5P    783
-22.67417,-15.86566,65.13208,-23.03417,-16.11835,64.71058,             5P    784
-23.39114,-16.36942,64.28475,-23.74579,-16.61935,63.85594,             5P    785
-24.09883,-16.86858,63.42549,-24.45098,-17.11755,62.9947,              5P    786
-24.80293,-17.36668,62.56487,-25.50618,-17.86453,61.70599,             5P    787
-26.21314,-18.36202,60.84961,-26.92257,-18.85899,59.99478,             5P    788
-27.63323,-19.35526,59.14059,-28.34387,-19.85068,58.28611,             5P    789
-29.05327,-20.34512,57.43044,-30.11689,-21.08647,56.14751,             5P    790
-31.18218,-21.82441,54.86442,-32.24797,-22.56135,53.58125,             5P    791
-33.31313,-23.29973,52.2981,-34.37656,-24.04202,51.01512,              5P    792
-35.4372,-24.79069,49.73248,-35.97142,-25.1677,49.0865,                5P    793
-36.50419,-25.54678,48.44054,-37.0362,-25.92656,47.7946,               5P    794
-37.56814,-26.30567,47.14862,-38.10069,-26.68274,46.50258,             5P    795
-38.63453,-27.05639,45.85642,-39.51468,-27.67253,44.79102,             5P    796
-40.39849,-28.29075,43.72629,-41.28353,-28.91081,42.66192,             5P    797
-42.16737,-29.53247,41.59753,-43.04758,-30.15545,40.53278,             5P    798
-43.92169,-30.77946,39.46724,-17.23329,-15.34929,70.72971,             5P    799
-17.42864,-15.52079,70.18337,-17.64812,-15.71457,69.65301,             5P    800
-17.88973,-15.92868,69.13951,-18.15146,-16.16114,68.64376,             5P    801
-18.43136,-16.41004,68.16668,-18.72746,-16.67347,67.70919,             5P    802
-19.02384,-16.93718,67.25125,-19.33592,-17.21518,66.81267,             5P    803
-19.65899,-17.50317,66.38745,-19.98835,-17.79683,65.96958,             5P    804
-20.31927,-18.09185,65.55304,-20.64701,-18.3839,65.13183,              5P    805
-20.97502,-18.67618,64.71029,-21.30051,-18.96586,64.28457,             5P    806
-21.62393,-19.25385,63.85595,-21.94572,-19.54105,63.42568,             5P    807
-22.26632,-19.82835,62.99501,-22.58615,-20.11659,62.56514,             5P    808
-23.22525,-20.69252,61.70617,-23.86883,-21.26819,60.84981,             5P    809
-24.5153,-21.84351,59.99503,-25.1631,-22.41841,59.14086,               5P    810
-25.81066,-22.99284,58.28632,-26.45644,-23.56676,57.43048,             5P    811
-27.42455,-24.42718,56.14744,-28.39445,-25.28553,54.86441,             5P    812
-29.365,-26.14321,53.5814,-30.33507,-27.00163,52.29842,                5P    813
-31.30354,-27.86224,51.01551,-32.26932,-28.72647,49.73274,             5P    814
-32.75592,-29.16187,49.08644,-33.24087,-29.59908,48.44033,             5P    815
-33.72477,-30.03724,47.79431,-34.20822,-30.47547,47.14832,             5P    816
-34.69181,-30.91291,46.50226,-35.17616,-31.34868,45.85605,             5P    817
-35.97448,-32.06702,44.79088,-36.78056,-32.78193,43.72611,             5P    818
-37.58973,-33.49582,42.66157,-38.39732,-34.21111,41.59708,             5P    819
-39.19863,-34.93019,40.53239,-39.98893,-35.65542,39.46724,             5P    820
-15.28164,-17.18561,70.72987,-15.45521,-17.37791,70.18344,             5P    821
-15.64994,-17.59569,69.65308,-15.86413,-17.83654,69.13963,             5P    822
-16.09609,-18.09801,68.64392,-16.34415,-18.37768,68.16681,             5P    823
-16.60663,-18.67318,67.70916,-16.86925,-18.96886,67.25124,             5P    824
-17.14585,-19.28031,66.81259,-17.43228,-19.60272,66.38725,             5P    825
-17.72435,-19.93131,65.96927,-18.0179,-20.26129,65.5527,               5P    826
-18.30874,-20.58785,65.13158,-18.59977,-20.91467,64.71015,             5P    827
-18.88866,-21.23811,64.28452,-19.17566,-21.55944,63.85597,             5P    828
-19.46105,-21.8799,63.42577,-19.74506,-22.20073,62.99517,              5P    829
-20.02793,-22.52315,62.56539,-20.59344,-23.1676,61.70631,              5P    830
-21.1642,-23.81171,60.84996,-21.73827,-24.45555,59.99526,              5P    831
-22.31368,-25.09919,59.14115,-22.8885,-25.7427,58.28661,               5P    832
-23.46078,-26.38618,57.4306,-24.31865,-27.35079,56.14743,              5P    833
-25.17805,-28.31453,54.86443,-26.03813,-29.27793,53.58153,             5P    834
-26.89802,-30.2415,52.29868,-27.75689,-31.20579,51.01582,              5P    835
-28.61387,-32.17133,49.73291,-29.04572,-32.6579,49.08642,              5P    836
-29.47609,-33.1458,48.44019,-29.90525,-33.63474,47.79411,              5P    837
-30.33347,-34.12438,47.14808,-30.761,-34.61441,46.50201,               5P    838
-31.18813,-35.1045,45.85577,-31.89194,-35.91212,44.79087,              5P    839
-32.60802,-36.71143,43.72607,-33.3293,-37.50725,42.66136,              5P    840
-34.04869,-38.30435,41.5967,-34.7591,-39.10751,40.53203,               5P    841
-35.45341,-39.92148,39.46724,-13.10696,-18.70668,70.73014,             5P    842
-13.25616,-18.91615,70.18347,-13.42357,-19.15364,69.6531,              5P    843
-13.60766,-19.4164,69.13976,-13.8069,-19.70167,68.64417,               5P    844
-14.01976,-20.00671,68.16706,-14.24472,-20.32878,67.70916,             5P    845
-14.46967,-20.65084,67.25125,-14.70672,-20.98993,66.81256,             5P    846
-14.9523,-21.34084,66.38716,-15.20287,-21.69839,65.96911,              5P    847
-15.45486,-22.05739,65.55249,-15.70472,-22.41265,65.13139,             5P    848
-15.95458,-22.7679,64.71029,-16.20231,-23.11941,64.28469,              5P    849
-16.44818,-23.4686,63.85601,-16.69245,-23.81688,63.42566,              5P    850
-16.93539,-24.16567,62.99505,-17.17726,-24.5164,62.56558,              5P    851
-17.66117,-25.21809,61.70635,-18.15122,-25.91902,60.85,                5P    852
-18.64498,-26.61952,59.9954,-19.14003,-27.31988,59.14142,              5P    853
-19.63394,-28.02041,58.28693,-20.12429,-28.72141,57.43079,             5P    854
-20.85927,-29.77215,56.14752,-21.59498,-30.82268,54.86449,             5P    855
-22.33121,-31.87303,53.58161,-23.06774,-32.92324,52.29878,             5P    856
-23.80436,-33.97334,51.01592,-24.54087,-35.02336,49.73292,             5P    857
-24.91197,-35.55244,49.08645,-25.28237,-36.08227,48.44019,             5P    858
-25.65164,-36.61306,47.79407,-26.01933,-37.145,47.14799,               5P    859
-26.38502,-37.67826,46.50188,-26.74828,-38.21305,45.85565,             5P    860
-27.34672,-39.09406,44.79107,-27.96226,-39.96298,43.72627,             5P    861
-28.58531,-40.82656,42.66138,-29.20626,-41.69154,41.59649,             5P    862
-29.81551,-42.56466,40.53174,-30.40344,-43.45267,39.46724,             5P    863
-10.93229,-20.22774,70.7304,-11.05677,-20.45464,70.18351,              5P    864
-11.19654,-20.71205,69.65313,-11.35033,-20.99686,69.13989,             5P    865
-11.51684,-21.30594,68.64441,-11.69477,-21.63617,68.1673,              5P    866
-11.8828,-21.98438,67.70915,-12.07071,-22.33239,67.25127,              5P    867
-12.2686,-22.69884,66.81254,-12.47351,-23.07813,66.38706,              5P    868
-12.68247,-23.46471,65.96894,-12.89252,-23.853,65.55229,               5P    869
-13.1007,-24.23745,65.1312,-13.30869,-24.62163,64.71042,               5P    870
-13.51496,-25.00142,64.28486,-13.71968,-25.37847,63.85606,             5P    871
-13.92306,-25.75442,63.42556,-14.1253,-26.13091,62.99493,              5P    872
-14.32659,-26.50964,62.56577,-14.72975,-27.26798,61.70639,             5P    873
-15.13908,-28.02574,60.85004,-15.55207,-28.78323,59.99555,             5P    874
-15.9662,-29.5407,59.14169,-16.37895,-30.29842,58.28725,               5P    875
-16.78779,-31.05663,57.43099,-17.40055,-32.19305,56.14761,             5P    876
-18.01394,-33.32941,54.86455,-18.62768,-34.46576,53.58168,             5P    877
-19.24146,-35.60218,52.29889,-19.85496,-36.7387,51.01602,              5P    878
-20.46786,-37.87538,49.73294,-20.77666,-38.44807,49.08648,             5P    879
-21.08494,-39.02135,48.4402,-21.39248,-39.59527,47.79402,              5P    880
-21.69906,-40.16991,47.14789,-22.00445,-40.74533,46.50175,             5P    881
-22.30844,-41.3216,45.85553,-22.80906,-42.2707,44.79127,               5P    882
-23.32291,-43.21005,43.72648,-23.84212,-44.14532,42.66139,             5P    883
-24.35884,-45.08222,41.59629,-24.86523,-46.02649,40.53146,             5P    884
-25.35347,-46.98386,39.46724,-8.534597,-21.43354,70.73076,             5P    885
-8.631816,-21.67434,70.18385,-8.741371,-21.94736,69.65343,             5P    886
-8.862113,-22.24933,69.14014,-8.992885,-22.57694,68.6446,              5P    887
-9.132514,-22.9269,68.16741,-9.279808,-23.29587,67.70918,              5P    888
-9.427006,-23.66459,67.25124,-9.581813,-24.0528,66.81245,              5P    889
-9.741918,-24.45463,66.38693,-9.905009,-24.86421,65.96878,             5P    890
-10.06878,-25.27565,65.55211,-10.23093,-25.6831,65.13105,              5P    891
-10.39291,-26.09016,64.7104,-10.55321,-26.49257,64.2849,               5P    892
-10.71211,-26.89202,63.85612,-10.8699,-27.29019,63.42563,              5P    893
-11.02692,-27.68879,62.99501,-11.18347,-28.08956,62.5659,              5P    894
-11.49696,-28.89215,61.70656,-11.81756,-29.69491,60.85022,             5P    895
-12.14223,-30.49787,59.99571,-12.46796,-31.301,59.14185,               5P    896
-12.79172,-32.10428,58.28744,-13.11044,-32.90766,57.43125,             5P    897
-13.58827,-34.11192,56.14781,-14.06679,-35.31624,54.8647,              5P    898
-14.54548,-36.52065,53.5818,-15.02382,-37.72518,52.29896,              5P    899
-15.50127,-38.92981,51.01602,-15.97729,-40.13455,49.7328,              5P    900
-16.21707,-40.74146,49.08636,-16.45747,-41.34885,48.44009,             5P    901
-16.69806,-41.9567,47.79393,-16.93843,-42.565,47.14783,                5P    902
-17.17814,-43.17374,46.50173,-17.41678,-43.78289,45.85558,             5P    903
-17.80978,-44.78608,44.79145,-18.2121,-45.78216,43.72663,              5P    904
-18.61743,-46.77535,42.66144,-19.01953,-47.76989,41.59622,             5P    905
-19.41214,-48.77007,40.53135,-19.78904,-49.78018,39.46724,             5P    906
-5.978323,-22.30645,70.73114,-6.046491,-22.55738,70.18433,             5P    907
-6.123936,-22.8416,69.65387,-6.209596,-23.15579,69.14044,              5P    908
-6.302404,-23.49659,68.64473,-6.401277,-23.86068,68.16744,             5P    909
-6.50512,-24.24469,67.70921,-6.608948,-24.62853,67.25119,              5P    910
-6.717843,-25.03258,66.81234,-6.830194,-25.45077,66.38679,             5P    911
-6.944392,-25.87697,65.96863,-7.058832,-26.30511,65.55198,             5P    912
-7.171908,-26.72909,65.13095,-7.28492,-27.15271,64.71027,              5P    913
-7.39614,-27.57166,64.28485,-7.506038,-27.98755,63.85618,              5P    914
-7.615096,-28.40203,63.42578,-7.723803,-28.81674,62.99519,             5P    915
-7.832657,-29.23336,62.56595,-8.050413,-30.0673,61.70679,              5P    916
-8.276455,-30.9026,60.85046,-8.507136,-31.73879,59.99587,              5P    917
-8.738798,-32.57537,59.14193,-8.967776,-33.41186,58.28754,             5P    918
-9.190392,-34.24773,57.43156,-9.524276,-35.50103,56.14807,             5P    919
-9.859043,-36.75454,54.86491,-10.19386,-38.00818,53.58194,             5P    920
-10.52788,-39.26188,52.299,-10.86027,-40.51551,51.01594,               5P    921
-11.19018,-41.76896,49.73256,-11.35631,-42.40029,49.08616,             5P    922
-11.52462,-43.0321,48.43994,-11.69431,-43.66431,47.79383,              5P    923
-11.86456,-44.29684,47.1478,-12.03456,-44.92959,46.50179,              5P    924
-12.2035,-45.56248,45.85574,-12.48183,-46.60489,44.79161,              5P    925
-12.76542,-47.64292,43.72676,-13.04958,-48.67909,42.66153,             5P    926
-13.32964,-49.71598,41.59627,-13.60095,-50.75617,40.53137,             5P    927
-13.85886,-51.80228,39.46724,-3.327904,-22.82887,70.73146,             5P    928
-3.36598,-23.08592,70.1848,-3.410114,-23.3768,69.65429,                5P    929
-3.459354,-23.69819,69.14072,-3.512747,-24.04678,68.64484,             5P    930
-3.56933,-24.41925,68.16743,-3.628135,-24.81228,67.70926,              5P    931
-3.686956,-25.20528,67.25114,-3.748227,-25.61888,66.81224,             5P    932
-3.811062,-26.04687,66.38666,-3.874579,-26.48302,65.96851,             5P    933
-3.937893,-26.9211,65.55188,-4.000123,-27.35489,65.13089,              5P    934
-4.062354,-27.78847,64.71009,-4.122803,-28.21745,64.28473,             5P    935
-4.182075,-28.64336,63.8562,-4.240777,-29.06776,63.42594,              5P    936
-4.299519,-29.4922,62.99536,-4.358916,-29.91825,62.56593,              5P    937
-4.477606,-30.77041,61.70699,-4.60549,-31.62514,60.85067,              5P    938
-4.738412,-32.48147,59.996,-4.872211,-33.33839,59.14197,               5P    939
-5.002721,-34.19493,58.2876,-5.125773,-35.05007,57.43186,              5P    940
-5.310401,-36.33268,56.14836,-5.496273,-37.61563,54.86513,             5P    941
-5.682158,-38.89873,53.58206,-5.866821,-40.18176,52.29899,             5P    942
-6.049031,-41.46449,51.01579,-6.22755,-42.74669,49.73227,              5P    943
-6.317411,-43.39234,49.08596,-6.410963,-44.03852,48.43979,             5P    944
-6.507043,-44.68511,47.79375,-6.604489,-45.33197,47.14779,             5P    945
-6.70214,-45.97896,46.50188,-6.798838,-46.62593,45.85596,              5P    946
-6.958215,-47.69184,44.79176,-7.11866,-48.75564,43.72687,              5P    947
-7.277193,-49.81837,42.66162,-7.430841,-50.8811,41.59636,              5P    948
-7.576639,-51.94489,40.53144,-7.711629,-53.01082,39.46724,             5P    949
-0.647776,-22.98317,70.73166,-0.6554383,-23.2421,70.18509,             5P    950
-0.6657544,-23.53497,69.65456,-0.677959,-23.8585,69.1409,              5P    951
-0.6912865,-24.20939,68.64491,-0.704971,-24.58434,68.16744,            5P    952
-0.7182456,-24.98009,67.7093,-0.7315167,-25.37588,67.25111,            5P    953
-0.744607,-25.79237,66.81217,-0.7573619,-26.22329,66.38658,            5P    954
-0.7696269,-26.66237,65.96843,-0.7812475,-27.10336,65.55182,           5P    955
-0.7920691,-27.53998,65.13084,-0.8028966,-27.97654,64.70993,           5P    956
-0.8122984,-28.40863,64.28459,-0.8208426,-28.8377,63.85617,            5P    957
-0.8290974,-29.26522,63.426,-0.8376307,-29.69264,62.99544,             5P    958
-0.8470099,-30.12142,62.56583,-0.8657349,-30.97851,61.70706,           5P    959
-0.8940399,-31.83895,60.85078,-0.9275081,-32.70142,59.99608,           5P    960
-0.9617228,-33.56462,59.14201,-0.9922673,-34.42722,58.28767,           5P    961
-1.014725,-35.28793,57.43213,-1.048426,-36.57919,56.14862,             5P    962
-1.08408,-37.87086,54.86533,-1.119897,-39.16265,53.58214,              5P    963
-1.154088,-40.45428,52.29895,-1.184863,-41.74543,51.01561,             5P    964
-1.210438,-43.03581,49.732,-1.22329,-43.6854,49.08581,-1.240902,       5P    965
-44.33552,48.43971,-1.261976,-44.98605,47.7937,-1.285213,              5P    966
-45.63687,47.14779,-1.309315,-46.28783,46.50196,-1.332987,             5P    967
-46.9388,45.85619,-1.372033,-48.01165,44.79192,-1.408055,              5P    968
-49.08363,43.72698,-1.43976,-50.15491,42.66172,-1.465854,              5P    969
-51.22569,41.59646,-1.485047,-52.29614,40.53152,-1.496045,             5P    970
-53.36644,39.46724,1.997624,-22.75175,70.73165,2.019998,               5P    971
-23.00807,70.18503,2.043307,-23.29814,69.65452,2.068015,               5P    972
-23.61865,69.14091,2.094583,-23.96626,68.64498,2.123476,               5P    973
-24.33767,68.16752,2.155156,-24.72956,67.70932,2.186837,               5P    974
-25.12144,67.25112,2.221304,-25.53379,66.81217,2.257995,               5P    975
-25.96041,66.38658,2.296344,-26.3951,65.96842,2.335788,                5P    976
-26.83165,65.5518,2.375761,-27.26386,65.13081,2.415735,                5P    977
-27.69606,64.70982,2.456239,-28.12392,64.28446,2.49701,                5P    978
-28.54885,63.85605,2.537786,-28.97225,63.42589,2.578304,               5P    979
-29.39552,62.99532,2.618301,-29.82008,62.56563,2.698232,               5P    980
-30.66853,61.70693,2.768747,-31.52031,60.85072,2.834243,               5P    981
-32.37411,59.99608,2.899121,-33.22862,59.14208,2.967777,               5P    982
-34.08253,58.2878,3.044612,-34.93454,57.43232,3.159889,                5P    983
-36.21283,56.14882,3.271906,-37.49157,54.86547,3.383301,               5P    984
-38.77043,53.58217,3.496712,-40.04907,52.29885,3.614778,               5P    985
-41.32717,51.01542,3.740135,-42.60439,49.7318,3.803223,                5P    986
-43.24718,49.0858,3.861233,-43.89039,48.43975,3.915232,                5P    987
-44.53399,47.79372,3.966288,-45.17793,47.14778,4.015467,               5P    988
-45.82217,46.50198,4.063838,-46.46666,45.85639,4.14358,                5P    989
-47.52915,44.79209,4.229886,-48.59044,43.72713,4.322679,               5P    990
-49.65085,42.66182,4.421879,-50.71068,41.59652,4.527409,               5P    991
-51.77023,40.53155,4.639191,-52.82982,39.46724,4.643023,               5P    992
-22.52032,70.73164,4.695211,-22.77406,70.18497,4.751832,               5P    993
-23.06136,69.65448,4.813183,-23.37886,69.14092,4.879558,               5P    994
-23.72322,68.64505,4.951252,-24.09106,68.16761,5.028558,               5P    995
-24.47902,67.70935,5.105862,-24.86693,67.25113,5.188354,               5P    996
-25.27511,66.81218,5.274705,-25.69742,66.38657,5.363583,               5P    997
-26.12772,65.96841,5.453655,-26.55986,65.55179,5.543592,               5P    998
-26.98773,65.13079,5.633534,-27.41565,64.70972,5.723988,               5P    999
-27.83929,64.28434,5.814588,-28.26002,63.85593,5.904969,               5P   1000
-28.67925,63.42578,5.994765,-29.09836,62.99519,6.083611,               5P   1001
-29.51874,62.56544,6.261148,-30.35863,61.7068,6.430578,                5P   1002
-31.20174,60.85065,6.595739,-32.04681,59.99607,6.760464,               5P   1003
-32.89257,59.14214,6.928589,-33.73777,58.28793,7.103948,               5P   1004
-34.58114,57.43251,7.367053,-35.84657,56.14902,7.628386,               5P   1005
-37.11224,54.8656,7.889682,-38.37793,53.58219,8.152677,                5P   1006
-39.64342,52.29874,8.419107,-40.90851,51.01522,8.690707,               5P   1007
-42.17298,49.7316,8.827377,-42.80917,49.08578,8.958939,                5P   1008
-43.44565,48.43979,9.08672,-44.08243,47.79374,9.212049,-44.7195,       5P   1009
47.14777,9.336253,-45.35686,46.502,9.460663,-45.99453,45.85659,        5P   1010
9.665783,-47.04607,44.79227,9.876878,-48.09646,43.72727,               5P   1011
10.09362,-49.14604,42.66193,10.31568,-50.19513,41.59658,               5P   1012
10.54272,-51.24407,40.53157,10.77443,-52.2932,39.46724,7.253695,       5P   1013
-21.90317,70.73143,7.335316,-22.14997,70.18477,7.425041,               5P   1014
-22.42971,69.6543,7.522893,-22.73899,69.14077,7.628897,                5P   1015
-23.07442,68.64494,7.74308,-23.4326,68.16755,7.865472,-23.81013,       5P   1016
67.70935,7.987851,-24.18764,67.25119,8.117771,-24.58474,               5P   1017
66.81226,8.253149,-24.99549,66.38665,8.391901,-25.41397,               5P   1018
65.96847,8.531946,-25.83424,65.55182,8.671199,-26.25037,               5P   1019
65.13077,8.810482,-26.66664,64.70959,8.949735,-27.07883,               5P   1020
64.28416,9.088754,-27.48825,63.85573,9.227332,-27.8962,63.42558,       5P   1021
9.36526,-28.30398,62.99498,9.502326,-28.71288,62.56516,9.776147,       5P   1022
-29.52959,61.70666,10.04372,-30.34962,60.85058,10.30803,               5P   1023
-31.17164,59.99603,10.57211,-31.99434,59.14212,10.83895,               5P   1024
-32.8164,58.28794,11.11157,-33.6365,57.43263,11.52066,-34.86731,       5P   1025
56.149,11.92873,-36.09847,54.86548,12.33699,-37.3297,53.58201,         5P   1026
12.74662,-38.56072,52.29856,13.15881,-39.79125,51.01506,               5P   1027
13.57474,-41.02104,49.73147,13.78398,-41.63958,49.08586,13.9888,       5P   1028
-42.25849,48.43998,14.19043,-42.87773,47.79397,14.3901,-43.4973,       5P   1029
47.14798,14.58903,-44.11718,46.50218,14.78846,-44.73738,               5P   1030
45.85675,15.11737,-45.76044,44.79209,15.45133,-46.78244,               5P   1031
43.72706,15.78992,-47.8036,42.66188,16.13274,-48.82416,41.59672,       5P   1032
16.47934,-49.84432,40.53178,16.82931,-50.86432,39.46724,               5P   1033
9.770015,-20.92874,70.73109,9.880001,-21.1646,70.18447,10.00182,       5P   1034
-21.43227,69.65403,10.13513,-21.72837,69.14053,10.27962,               5P   1035
-22.04949,68.64473,10.43496,-22.39226,68.16742,10.60084,               5P   1036
-22.75329,67.70935,10.76672,-23.11434,67.25126,10.94238,               5P   1037
-23.49391,66.81237,11.12504,-23.8864,66.38677,11.31187,                5P   1038
-24.28619,65.96857,11.50008,-24.68769,65.55187,11.68686,               5P   1039
-25.08529,65.13077,11.87372,-25.48306,64.70948,12.05971,               5P   1040
-25.87709,64.28397,12.24493,-26.26855,63.85551,12.4295,-26.6586,       5P   1041
63.42534,12.61349,-27.0484,62.99471,12.79701,-27.43911,62.56485,       5P   1042
13.1635,-28.21923,61.7065,13.52601,-29.00281,60.8505,13.8865,          5P   1043
-29.78843,59.99597,14.24694,-30.57469,59.14205,14.60932,               5P   1044
-31.3602,58.2879,14.97565,-32.1436,57.4327,15.52551,-33.31968,         5P   1045
56.14886,16.07469,-34.49636,54.86523,16.62405,-35.67323,               5P   1046
53.58175,17.17444,-36.84987,52.29835,17.72669,-38.02588,               5P   1047
51.01494,18.2816,-39.20081,49.73142,18.56066,-39.79161,49.086,         5P   1048
18.83648,-40.3829,48.44025,19.10995,-40.97461,47.7943,19.38197,        5P   1049
-41.56671,47.14831,19.65345,-42.15916,46.50244,19.9253,                5P   1050
-42.75192,45.85687,20.3738,-43.72998,44.79172,20.82614,                5P   1051
-44.70711,43.72669,21.28194,-45.68339,42.66175,21.74079,               5P   1052
-46.65885,41.59689,22.20228,-47.63354,40.53207,22.66599,               5P   1053
-48.60749,39.46724,12.13236,-19.62552,70.73071,12.26897,               5P   1054
-19.84673,70.18412,12.42106,-20.0981,69.65372,12.5879,-20.37631,       5P   1055
69.14026,12.76875,-20.67805,68.64452,12.96289,-21.,68.16728,           5P   1056
13.1696,-21.33887,67.70934,13.37634,-21.67779,67.25133,13.59498,       5P   1057
-22.03386,66.81248,13.82203,-22.40189,66.38689,14.05402,               5P   1058
-22.77671,65.96867,14.28745,-23.15313,65.55193,14.51886,               5P   1059
-23.52596,65.13077,14.75038,-23.89896,64.70941,14.98011,               5P   1060
-24.26861,64.28383,15.20852,-24.63593,63.85531,15.43605,               5P   1061
-25.00193,63.4251,15.66314,-25.36762,62.99445,15.89024,                5P   1062
-25.73399,62.56458,16.34363,-26.46545,61.70635,16.79545,               5P   1063
-27.20025,60.8504,17.24654,-27.93701,59.99589,17.69779,                5P   1064
-28.67436,59.14198,18.15009,-29.41095,58.28785,18.60434,               5P   1065
-30.14544,57.43272,19.2864,-31.2483,56.14874,19.96795,-32.35194,       5P   1066
54.86502,20.64958,-33.45589,53.58152,21.33187,-34.55965,               5P   1067
52.29817,22.01539,-35.6627,51.01485,22.70065,-36.7645,49.73144,        5P   1068
23.0452,-37.31848,49.08615,23.38784,-37.87299,48.44051,23.72907,       5P   1069
-38.42793,47.79464,24.06938,-38.98326,47.14866,24.40927,               5P   1070
-39.53892,46.50272,24.74925,-40.09486,45.85695,25.31028,               5P   1071
-41.01223,44.79135,25.87381,-41.92897,43.7263,26.43954,                5P   1072
-42.84494,42.6616,27.00714,-43.76004,41.59702,27.57628,-44.6741,       5P   1073
40.53232,28.14661,-45.587,39.46724,14.28111,-18.02196,70.73034,        5P   1074
14.44192,-18.22514,70.18377,14.62168,-18.45625,69.65341,14.8192,       5P   1075
-18.71216,69.14003,15.03332,-18.98971,68.64437,15.26287,               5P   1076
-19.28578,68.16722,15.5067,-19.59725,67.70933,15.75057,                5P   1077
-19.90877,67.25138,16.00829,-20.23583,66.81255,16.27575,               5P   1078
-20.57375,66.38697,16.54884,-20.91785,65.96874,16.82345,               5P   1079
-21.26346,65.55197,17.09547,-21.60588,65.13077,17.3676,-21.9484,       5P   1080
64.70943,17.63715,-22.28795,64.2838,17.90487,-22.62541,63.8552,        5P   1081
18.17152,-22.96168,63.42492,18.43785,-23.29763,62.99423,               5P   1082
18.70458,-23.63413,62.56442,19.23714,-24.30607,61.70619,               5P   1083
19.77018,-24.98082,60.85028,20.30363,-25.65723,59.99583,               5P   1084
20.83742,-26.33415,59.14197,21.37149,-27.01045,58.28788,               5P   1085
21.90581,-27.685,57.43273,22.70814,-28.69782,56.14873,23.5101,         5P   1086
-29.71133,54.86497,24.31207,-30.72515,53.58143,25.11438,               5P   1087
-31.73888,52.29807,25.91734,-32.7521,51.01481,26.72126,                5P   1088
-33.76435,49.73155,27.1255,-34.27339,49.08626,27.52899,                5P   1089
-34.78278,48.44068,27.93187,-35.29246,47.79489,28.33429,               5P   1090
-35.8024,47.14895,28.73641,-36.31255,46.50295,29.13838,                5P   1091
-36.82289,45.85697,29.80166,-37.66489,44.79114,30.46628,               5P   1092
-38.50667,43.72609,31.132,-39.34801,42.66151,31.79859,-40.18869,       5P   1093
41.59708,32.46577,-41.02848,40.53244,33.1333,-41.86715,39.46724,       5P   1094
16.15663,-16.14652,70.73009,16.33858,-16.3286,70.18346,16.54259,       5P   1095
-16.53577,69.65317,16.76705,-16.76522,69.13991,17.01036,               5P   1096
-17.0141,68.64438,17.2709,-17.27958,68.16729,17.54707,-17.55883,       5P   1097
67.70933,17.82324,-17.83808,67.25137,18.11503,-18.1311,66.81255,       5P   1098
18.41778,-18.43377,66.38697,18.7268,-18.74198,65.96874,19.03743,       5P   1099
-19.05161,65.55197,19.34498,-19.35854,65.13077,19.65253,               5P   1100
-19.66547,64.70957,19.95701,-19.9697,64.28393,20.25934,                5P   1101
-20.27205,63.85523,20.56043,-20.57336,63.42483,20.86121,               5P   1102
-20.87443,62.99411,21.16259,-21.1761,62.56442,21.76467,                5P   1103
-21.77875,61.70603,22.36842,-22.38325,60.85013,22.97325,               5P   1104
-22.98889,59.99579,23.57856,-23.59492,59.14206,24.18375,               5P   1105
-24.20063,58.28802,24.78823,-24.8053,57.43274,25.69554,-25.7129,       5P   1106
56.14896,26.60276,-26.62068,54.86524,27.50998,-27.52859,               5P   1107
53.58161,28.41732,-28.43658,52.29812,29.32489,-29.3446,51.01482,       5P   1108
30.2328,-30.2526,49.73175,30.68953,-30.70937,49.08629,31.14611,        5P   1109
-31.16608,48.44069,31.60254,-31.62275,47.79495,32.05879,               5P   1110
-32.0794,47.14908,32.51487,-32.53605,46.50307,32.97076,                5P   1111
-32.99271,45.85695,33.72268,-33.74591,44.79126,34.47529,               5P   1112
-34.49931,43.7262,35.22837,-35.25279,42.66153,35.9817,-36.0062,        5P   1113
41.59698,36.73505,-36.7594,40.53231,37.4882,-37.51225,39.46724,        5P   1114
18.03215,-14.27109,70.72983,18.23528,-14.43202,70.18315,               5P   1115
18.46345,-14.61535,69.65293,18.71471,-14.81847,69.13979,               5P   1116
18.98712,-15.03877,68.64439,19.27869,-15.27362,68.16736,               5P   1117
19.58744,-15.52041,67.70932,19.89616,-15.76714,67.25136,               5P   1118
20.22204,-16.02611,66.81254,20.55995,-16.29365,66.38697,               5P   1119
20.90476,-16.56612,65.96874,21.25132,-16.83985,65.55197,               5P   1120
21.59448,-17.1112,65.13077,21.93755,-17.38244,64.70971,22.27688,       5P   1121
-17.65144,64.28406,22.61366,-17.91883,63.85526,22.94908,               5P   1122
-18.1853,63.42475,23.28433,-18.45148,62.99398,23.62061,                5P   1123
-18.71807,62.56443,24.2927,-19.25093,61.70588,24.9672,-19.78515,       5P   1124
60.84998,25.64317,-20.32024,59.99574,26.31971,-20.85569,               5P   1125
59.14215,26.99585,-21.39098,58.28817,27.67064,-21.92559,               5P   1126
57.43275,28.6832,-22.72773,56.1492,29.69524,-23.5302,54.86551,         5P   1127
30.70704,-24.33286,53.58179,31.71894,-25.13559,52.29817,               5P   1128
32.73125,-25.93828,51.01483,33.74434,-26.74084,49.73194,               5P   1129
34.25416,-27.14475,49.08633,34.76424,-27.54839,48.4407,35.27439,       5P   1130
-27.95186,47.79501,35.7844,-28.35531,47.1492,36.29405,-28.75883,       5P   1131
46.5032,36.80313,-29.16254,45.85692,37.64251,-29.82812,44.79138,       5P   1132
38.48223,-30.49404,43.72632,39.32222,-31.1601,42.66156,40.1624,        5P   1133
-31.82612,41.59689,41.00271,-32.49192,40.53217,41.8431,                5P   1134
-33.15735,39.46724,19.63446,-12.12378,70.72967,19.85565,               5P   1135
-12.26048,70.18301,20.10453,-12.41624,69.65281,20.37882,               5P   1136
-12.58883,69.1397,20.67621,-12.77602,68.64433,20.99441,                5P   1137
-12.97555,68.16733,21.33109,-13.18517,67.70932,21.66773,               5P   1138
-13.39477,67.25137,22.02279,-13.61477,66.81255,22.39077,               5P   1139
-13.84206,66.38696,22.76612,-14.07354,65.96873,23.14334,               5P   1140
-14.30608,65.55196,23.51689,-14.5366,65.13077,23.89028,                5P   1141
-14.76701,64.70975,24.2596,-14.99558,64.28412,24.62614,                5P   1142
-15.22283,63.85532,24.99123,-15.44927,63.42483,25.35617,               5P   1143
-15.67544,62.99409,25.7223,-15.90188,62.5646,26.45429,-16.35464,       5P   1144
61.70592,27.18903,-16.80842,60.84998,27.92546,-17.26286,               5P   1145
59.99576,28.6625,-17.71762,59.1422,29.39905,-18.17233,58.28824,        5P   1146
30.13399,-18.62661,57.43276,31.23656,-19.30805,56.14941,               5P   1147
32.33852,-19.98986,54.86586,33.44019,-20.67186,53.58219,               5P   1148
34.54188,-21.35389,52.29857,35.64395,-22.0358,51.01517,36.7468,        5P   1149
-22.71747,49.73223,37.30195,-23.06064,49.08641,37.85748,               5P   1150
-23.40339,48.44064,38.41316,-23.74592,47.79487,38.96876,               5P   1151
-24.08843,47.14903,39.52404,-24.43111,46.50305,40.07876,               5P   1152
-24.77416,45.85684,40.99314,-25.33958,44.79167,41.90753,               5P   1153
-25.9052,43.72668,42.82198,-26.47089,42.66178,43.73654,                5P   1154
-27.03655,41.59693,44.65126,-27.60207,40.53209,45.56622,               5P   1155
-28.16738,39.46724,20.93564,-9.763685,70.72959,21.17148,               5P   1156
-9.873737,70.18298,21.43725,-9.999066,69.65278,21.73034,               5P   1157
-10.13791,69.13965,22.04815,-10.28851,68.64426,22.38807,               5P   1158
-10.4491,68.16726,22.7475,-10.61789,67.70932,23.10692,-10.7867,        5P   1159
67.25139,23.48574,-10.96387,66.81256,23.87813,-11.14691,               5P   1160
66.38696,24.27828,-11.3333,65.96872,24.68035,-11.52055,65.55195,       5P   1161
25.07851,-11.70615,65.13077,25.47654,-11.89171,64.70972,               5P   1162
25.87036,-12.0758,64.28413,26.26131,-12.25882,63.85541,26.65073,       5P   1163
-12.4412,63.42499,27.03996,-12.62334,62.99433,27.43038,                5P   1164
-12.80567,62.56486,28.21105,-13.1703,61.70608,28.99457,                5P   1165
-13.53567,60.85007,29.77984,-13.90157,59.9958,30.56577,                5P   1166
-14.26773,59.14221,31.35122,-14.63391,58.28823,32.13507,               5P   1167
-14.99981,57.43275,33.31081,-15.54863,56.14957,34.48609,               5P   1168
-16.09778,54.8662,35.6611,-16.64707,53.58269,36.83608,-17.19633,       5P   1169
52.29915,38.01127,-17.7454,51.01571,39.18698,-18.29416,49.73255,       5P   1170
39.77891,-18.57046,49.08652,40.37117,-18.84628,48.44056,               5P   1171
40.96358,-19.12187,47.79463,41.556,-19.39747,47.14871,42.14825,        5P   1172
-19.67334,46.50276,42.74016,-19.94969,45.85673,43.71568,               5P   1173
-20.40513,44.79202,44.69093,-20.86048,43.72712,45.66602,               5P   1174
-21.31576,42.6621,46.64111,-21.771,41.59704,47.61636,-22.22624,        5P   1175
40.53204,48.59195,-22.68153,39.46724,21.90783,-7.249892,               5P   1176
70.72957,22.1546,-7.331578,70.183,22.43303,-7.424474,69.65279,         5P   1177
22.74027,-7.52734,69.13962,23.07344,-7.638934,68.64419,23.42968,       5P   1178
-7.758012,68.16719,23.80614,-7.883327,67.70932,24.18266,               5P   1179
-8.008663,67.2514,24.57926,-8.140209,66.81257,24.98991,                5P   1180
-8.276104,66.38696,25.40857,-8.414488,65.9687,25.82918,                5P   1181
-8.553503,65.55193,26.2457,-8.691287,65.13076,26.66215,                5P   1182
-8.829064,64.70966,27.07438,-8.96574,64.28411,27.4837,-9.101622,       5P   1183
63.85548,27.89144,-9.237019,63.42518,28.29894,-9.372243,               5P   1184
62.99459,28.70753,-9.50761,62.56511,29.5246,-9.778305,61.70627,        5P   1185
30.34447,-10.04955,60.85019,31.16607,-10.32117,59.99583,               5P   1186
31.98836,-10.59302,59.14217,32.81024,-10.86491,58.28816,               5P   1187
33.63063,-11.13666,57.43271,34.86112,-11.54425,56.14962,36.0914,       5P   1188
-11.95208,54.86644,37.32149,-12.35996,53.58315,38.55149,               5P   1189
-12.76777,52.29975,39.78151,-13.17535,51.01629,41.01167,               5P   1190
-13.58257,49.73288,41.63108,-13.78763,49.08665,42.25069,               5P   1191
-13.99224,48.44048,42.87043,-14.19667,47.79439,43.49024,               5P   1192
-14.40115,47.14838,44.11008,-14.60593,46.50245,44.72986,               5P   1193
-14.81124,45.85662,45.75124,-15.14958,44.79232,46.77212,               5P   1194
-15.48755,43.72752,47.79268,-15.8253,42.66241,48.81314,-16.163,        5P   1195
41.59718,49.83372,-16.50083,40.53204,50.85467,-16.83897,               5P   1196
39.46724,22.52311,-4.64149,70.72957,22.77681,-4.693753,70.18301,       5P   1197
23.06332,-4.753076,69.65279,23.3796,-4.818721,69.13961,23.72258,       5P   1198
-4.889953,68.64416,24.08922,-4.966034,68.16717,24.47651,               5P   1199
-5.04623,67.70933,24.86385,-5.126432,67.25141,25.27171,-5.21063,       5P   1200
66.81258,25.69392,-5.297625,66.38696,26.12429,-5.386219,               5P   1201
65.96869,26.55664,-5.475214,65.55191,26.98478,-5.563412,               5P   1202
65.13076,27.41291,-5.651609,64.70961,27.83683,-5.739075,               5P   1203
64.28408,28.25785,-5.82602,63.85553,28.67725,-5.912655,63.42531,       5P   1204
29.09636,-5.99919,62.99478,29.51648,-6.085835,62.56529,30.35658,       5P   1205
-6.259096,61.70643,31.19939,-6.432675,60.85028,32.04389,               5P   1206
-6.606494,59.99583,32.88909,-6.780475,59.14208,33.73395,               5P   1207
-6.954541,58.28801,34.57746,-7.128612,57.4326,35.84266,                5P   1208
-7.389718,56.14954,37.10788,-7.650899,54.86651,38.37304,               5P   1209
-7.912053,53.58342,39.63808,-8.173081,52.30019,40.90296,               5P   1210
-8.433886,51.01678,42.16765,-8.694373,49.73316,42.80449,               5P   1211
-8.825548,49.08678,43.44142,-8.956447,48.44047,44.07846,               5P   1212
-9.087251,47.79426,44.71562,-9.218143,47.14817,45.35293,               5P   1213
-9.349304,46.50225,45.9904,-9.480916,45.85654,47.04089,-9.6978,        5P   1214
44.79247,48.09077,-9.914119,43.72774,49.14027,-10.13013,42.6626,       5P   1215
50.18961,-10.34608,41.59729,51.23903,-10.56224,40.53209,               5P   1216
52.28877,-10.77885,39.46724,22.7536,-1.997567,70.72956,23.00993,       5P   1217
-2.020002,70.18295,23.29955,-2.045469,69.65274,23.61932,               5P   1218
-2.073653,69.13961,23.96609,-2.10424,68.64422,24.33672,                5P   1219
-2.136916,68.16724,24.72806,-2.171366,67.70933,25.11941,               5P   1220
-2.205817,67.25142,25.53147,-2.242041,66.81258,25.958,-2.279503,       5P   1221
66.38696,26.39277,-2.317666,65.96869,26.82955,-2.355993,65.5519,       5P   1222
27.26208,-2.393947,65.13075,27.69462,-2.431901,64.7096,28.12292,       5P   1223
-2.469482,64.28408,28.54828,-2.506812,63.85553,28.97203,               5P   1224
-2.544011,63.42532,29.39547,-2.581201,62.99479,29.81991,               5P   1225
-2.618503,62.5653,30.66862,-2.693093,61.70647,31.52,-2.767689,         5P   1226
60.85028,32.37304,-2.84234,59.99576,33.22677,-2.917098,59.14192,       5P   1227
34.0802,-2.992012,58.2878,34.93233,-3.067135,57.4324,36.21057,         5P   1228
-3.179822,56.14927,37.48899,-3.292399,54.8663,38.76745,                5P   1229
-3.404847,53.58336,40.04581,-3.517147,52.30032,41.32395,               5P   1230
-3.629281,51.01703,42.60171,-3.741229,49.73335,43.24519,               5P   1231
-3.797606,49.0869,43.88876,-3.854028,48.44056,44.53245,                5P   1232
-3.910529,47.79433,45.17626,-3.967142,47.14824,45.8202,                5P   1233
-4.023898,46.50229,46.4643,-4.08083,45.85651,47.52568,-4.174648,       5P   1234
44.79234,48.58657,-4.267919,43.72762,49.64713,-4.360885,               5P   1235
42.66256,50.70755,-4.453787,41.59734,51.768,-4.546865,40.53217,        5P   1236
52.82865,-4.64036,39.46724,1.,8.,1.,10.;                               5P   1237
141,1,2,5,4,11,1,1,9,15,1,1,13,19,1,1,17,23,1,1,21;                    7P   1238
106,1,2,0.,1.,1.,8.,1.;                                                9P   1239
126,18,1,1,0,1,0,0.,0.,0.03571428571,0.07142857143,0.1071428571,      11P   1240
0.1428571429,0.1785714286,0.2142857143,0.25,0.2857142857,             11P   1241
0.3571428571,0.4285714286,0.5,0.5714285714,0.6428571429,              11P   1242
0.7142857143,0.7857142857,0.8571428571,0.9285714286,1.,1.,1.,1.,      11P   1243
1.,1.,1.,1.,1.,1.,1.,1.,1.,1.,1.,1.,1.,1.,1.,1.,1.,22.7536,           11P   1244
-1.997567,70.72956,23.16832,-2.033963,69.92523,23.63957,              11P   1245
-2.075455,69.15292,24.16145,-2.121453,68.41387,24.72806,              11P   1246
-2.171366,67.70933,25.33255,-2.224537,67.03851,25.96418,              11P   1247
-2.280029,66.39247,26.61125,-2.336834,65.76021,27.26208,              11P   1248
-2.393947,65.13075,28.54707,-2.506714,63.85428,29.81991,              11P   1249
-2.618503,62.5653,32.37356,-2.84242,59.99627,34.93233,-3.067135,      11P   1250
57.4324,38.76738,-3.404736,53.58328,42.60171,-3.741229,49.73335,      11P   1251
44.53254,-3.910613,47.79443,46.4643,-4.08083,45.85651,49.64702,       11P   1252
-4.360837,42.66245,52.82865,-4.64036,39.46724,0.,1.,-0.0878799,       11P   1253
-0.996131,-0.0003490023;                                              11P   1254
106,1,2,0.,8.,1.,8.,10.;                                              13P   1255
126,171,1,1,1,1,0,0.,0.,0.005847953216,0.01169590643,                 15P   1256
0.01754385965,0.02339181287,0.02923976608,0.0350877193,               15P   1257
0.04093567251,0.04678362573,0.05263157895,0.05847953216,              15P   1258
0.06432748538,0.0701754386,0.07602339181,0.08187134503,               15P   1259
0.08771929825,0.09356725146,0.09941520468,0.1052631579,               15P   1260
0.1111111111,0.1169590643,0.1228070175,0.1286549708,0.134502924,      15P   1261
0.1403508772,0.1461988304,0.1520467836,0.1578947368,                  15P   1262
0.1637426901,0.1695906433,0.1754385965,0.1812865497,                  15P   1263
0.1871345029,0.1929824561,0.1988304094,0.2046783626,                  15P   1264
0.2105263158,0.216374269,0.2222222222,0.2280701754,0.2339181287,      15P   1265
0.2397660819,0.2456140351,0.2514619883,0.2573099415,                  15P   1266
0.2631578947,0.269005848,0.2748538012,0.2807017544,0.2865497076,      15P   1267
0.2923976608,0.298245614,0.3040935673,0.3099415205,0.3157894737,      15P   1268
0.3216374269,0.3274853801,0.3333333333,0.3391812865,                  15P   1269
0.3450292398,0.350877193,0.3567251462,0.3625730994,0.3684210526,      15P   1270
0.3742690058,0.3801169591,0.3859649123,0.3918128655,                  15P   1271
0.3976608187,0.4035087719,0.4093567251,0.4152046784,                  15P   1272
0.4210526316,0.4269005848,0.432748538,0.4385964912,0.4444444444,      15P   1273
0.4502923977,0.4561403509,0.4619883041,0.4678362573,                  15P   1274
0.4736842105,0.4795321637,0.485380117,0.4912280702,0.4970760234,      15P   1275
0.5029239766,0.5087719298,0.514619883,0.5204678363,0.5263157895,      15P   1276
0.5321637427,0.5380116959,0.5438596491,0.5497076023,                  15P   1277
0.5555555556,0.5614035088,0.567251462,0.5730994152,0.5789473684,      15P   1278
0.5847953216,0.5906432749,0.5964912281,0.6023391813,                  15P   1279
0.6081871345,0.6140350877,0.6198830409,0.6257309942,                  15P   1280
0.6315789474,0.6374269006,0.6432748538,0.649122807,0.6549707602,      15P   1281
0.6608187135,0.6666666667,0.6725146199,0.6783625731,                  15P   1282
0.6842105263,0.6900584795,0.6959064327,0.701754386,0.7076023392,      15P   1283
0.7134502924,0.7192982456,0.7251461988,0.730994152,0.7368421053,      15P   1284
0.7426900585,0.7485380117,0.7543859649,0.7602339181,                  15P   1285
0.7660818713,0.7719298246,0.7777777778,0.783625731,0.7894736842,      15P   1286
0.7953216374,0.8011695906,0.8070175439,0.8128654971,                  15P   1287
0.8187134503,0.8245614035,0.8304093567,0.8362573099,                  15P   1288
0.8421052632,0.8479532164,0.8538011696,0.8596491228,0.865497076,      15P   1289
0.8713450292,0.8771929825,0.8830409357,0.8888888889,                  15P   1290
0.8947368421,0.9005847953,0.9064327485,0.9122807018,0.918128655,      15P   1291
0.9239766082,0.9298245614,0.9356725146,0.9415204678,                  15P   1292
0.9473684211,0.9532163743,0.9590643275,0.9649122807,                  15P   1293
0.9707602339,0.9766081871,0.9824561404,0.9883040936,                  15P   1294
0.9941520468,1.,1.,1.,1.,1.,1.,1.,1.,1.,1.,1.,1.,1.,1.,1.,1.,1.,      15P   1295
1.,1.,1.,1.,1.,1.,1.,1.,1.,1.,1.,1.,1.,1.,1.,1.,1.,1.,1.,1.,1.,       15P   1296
1.,1.,1.,1.,1.,1.,1.,1.,1.,1.,1.,1.,1.,1.,1.,1.,1.,1.,1.,1.,1.,       15P   1297
1.,1.,1.,1.,1.,1.,1.,1.,1.,1.,1.,1.,1.,1.,1.,1.,1.,1.,1.,1.,1.,       15P   1298
1.,1.,1.,1.,1.,1.,1.,1.,1.,1.,1.,1.,1.,1.,1.,1.,1.,1.,1.,1.,1.,       15P   1299
1.,1.,1.,1.,1.,1.,1.,1.,1.,1.,1.,1.,1.,1.,1.,1.,1.,1.,1.,1.,1.,       15P   1300
1.,1.,1.,1.,1.,1.,1.,1.,1.,1.,1.,1.,1.,1.,1.,1.,1.,1.,1.,1.,1.,       15P   1301
1.,1.,1.,1.,1.,1.,1.,1.,1.,1.,1.,1.,1.,1.,1.,1.,1.,1.,1.,1.,1.,       15P   1302
1.,1.,1.,1.,1.,1.,1.,1.,1.,1.,52.82865,-4.64036,39.46724,             15P   1303
52.9621,-2.699064,39.46724,53.02194,-0.7538463,39.46724,              15P   1304
53.00886,1.192702,39.46724,52.92356,3.137991,39.46724,52.76674,       15P   1305
5.079427,39.46724,52.53911,7.01442,39.46724,52.24136,8.94038,         15P   1306
39.46724,51.87418,10.85471,39.46724,51.43828,12.75483,39.46724,       15P   1307
50.93436,14.63814,39.46724,50.36311,16.50205,39.46724,49.72524,       15P   1308
18.34397,39.46724,49.02143,20.16131,39.46724,48.2524,21.95147,        15P   1309
39.46724,47.41883,23.71187,39.46724,46.52143,25.43992,39.46724,       15P   1310
45.5609,27.13301,39.46724,44.53794,28.78857,39.46724,43.45323,        15P   1311
30.404,39.46724,42.30774,31.97689,39.46724,41.10339,33.5055,          15P   1312
39.46724,39.84238,34.98831,39.46724,38.52688,36.42375,39.46724,       15P   1313
37.15908,37.81028,39.46724,35.74117,39.14636,39.46724,34.27532,       15P   1314
40.43044,39.46724,32.76374,41.66097,39.46724,31.20859,42.8364,        15P   1315
39.46724,29.61206,43.9552,39.46724,27.97634,45.0158,39.46724,         15P   1316
26.30362,46.01667,39.46724,24.59608,46.95626,39.46724,22.85589,       15P   1317
47.83302,39.46724,21.08526,48.6454,39.46724,19.28635,49.39186,        15P   1318
39.46724,17.46136,50.07085,39.46724,15.61248,50.68083,39.46724,       15P   1319
13.74188,51.22024,39.46724,11.85183,51.68785,39.46724,9.94496,        15P   1320
52.08359,39.46724,8.023965,52.40772,39.46724,6.091549,52.66049,       15P   1321
39.46724,4.150415,52.84214,39.46724,2.203266,52.95293,39.46724,       15P   1322
0.252805,52.99311,39.46724,-1.698265,52.96292,39.46724,               15P   1323
-3.647241,52.86262,39.46724,-5.591421,52.69245,39.46724,-7.5281,      15P   1324
52.45266,39.46724,-9.454577,52.1435,39.46724,-11.36815,51.76522,      15P   1325
39.46724,-13.26611,51.31807,39.46724,-15.14576,50.8023,39.46724,      15P   1326
-17.0044,50.21816,39.46724,-18.83932,49.56589,39.46724,               15P   1327
-20.64782,48.84575,39.46724,-22.42719,48.05799,39.46724,              15P   1328
-24.17488,47.20312,39.46724,-25.88887,46.28275,39.46724,              15P   1329
-27.56729,45.29874,39.46724,-29.20827,44.25297,39.46724,              15P   1330
-30.80994,43.14731,39.46724,-32.37043,41.98362,39.46724,              15P   1331
-33.88787,40.76379,39.46724,-35.36039,39.48968,39.46724,              15P   1332
-36.78611,38.16316,39.46724,-38.16316,36.78611,39.46724,              15P   1333
-39.48968,35.36039,39.46724,-40.76379,33.88788,39.46724,              15P   1334
-41.98362,32.37044,39.46724,-43.1473,30.80995,39.46724,               15P   1335
-44.25296,29.20828,39.46724,-45.29873,27.5673,39.46724,               15P   1336
-46.28273,25.88888,39.46724,-47.2031,24.17489,39.46724,               15P   1337
-48.05797,22.42721,39.46724,-48.84573,20.64784,39.46724,              15P   1338
-49.56587,18.83934,39.46724,-50.21813,17.00442,39.46724,              15P   1339
-50.80227,15.14579,39.46724,-51.31804,13.26614,39.46724,              15P   1340
-51.76519,11.36818,39.46724,-52.14347,9.454608,39.46724,              15P   1341
-52.45263,7.52813,39.46724,-52.69242,5.591447,39.46724,-52.8626,      15P   1342
3.647262,39.46724,-52.96291,1.698278,39.46724,-52.99311,              15P   1343
-0.2528015,39.46724,-52.95294,-2.203275,39.46724,-52.84217,           15P   1344
-4.150439,39.46724,-52.66053,-6.091592,39.46724,-52.40778,            15P   1345
-8.02403,39.46724,-52.08368,-9.945051,39.46724,-51.68797,             15P   1346
-11.85195,39.46724,-51.2204,-13.74203,39.46724,-50.68102,             15P   1347
-15.61267,39.46724,-50.07109,-17.4616,39.46724,-49.39213,             15P   1348
-19.28662,39.46724,-48.64571,-21.08557,39.46724,-47.83337,            15P   1349
-22.85624,39.46724,-46.95664,-24.59645,39.46724,-46.01707,            15P   1350
-26.30402,39.46724,-45.01622,-27.97676,39.46724,-43.95562,            15P   1351
-29.61248,39.46724,-42.83681,-31.209,39.46724,-41.66136,              15P   1352
-32.76412,39.46724,-40.43078,-34.27567,39.46724,-39.14665,            15P   1353
-35.74145,39.46724,-37.81049,-37.15929,39.46724,-36.42385,            15P   1354
-38.52698,39.46724,-34.98829,-39.84236,39.46724,-33.50533,            15P   1355
-41.10322,39.46724,-31.97653,-42.30739,39.46724,-30.40344,            15P   1356
-43.45267,39.46724,-28.78777,-44.53713,39.46724,-27.13195,            15P   1357
-45.55984,39.46724,-25.43858,-46.5201,39.46724,-23.71026,             15P   1358
-47.41722,39.46724,-21.94959,-48.25052,39.46724,-20.15918,            15P   1359
-49.01931,39.46724,-18.34163,-49.7229,39.46724,-16.49954,             15P   1360
-50.3606,39.46724,-14.6355,-50.93172,39.46724,-12.75213,              15P   1361
-51.43558,39.46724,-10.85202,-51.87149,39.46724,-8.937778,            15P   1362
-52.23876,39.46724,-7.011999,-52.53669,39.46724,-5.077289,            15P   1363
-52.76461,39.46724,-3.136248,-52.92182,39.46724,-1.191478,            15P   1364
-53.00763,39.46724,0.7544198,-53.02136,39.46724,2.698843,             15P   1365
-52.96232,39.46724,4.639191,-52.82982,39.46724,6.572894,              15P   1366
-52.62347,39.46724,8.497507,-52.3441,39.46724,10.41062,               15P   1367
-51.99283,39.46724,12.30982,-51.57079,39.46724,14.19269,              15P   1368
-51.0791,39.46724,16.05683,-50.51888,39.46724,17.89982,               15P   1369
-49.89127,39.46724,19.71925,-49.19738,39.46724,21.51271,              15P   1370
-48.43834,39.46724,23.27778,-47.61528,39.46724,25.01206,              15P   1371
-46.72932,39.46724,26.71313,-45.78158,39.46724,28.37858,              15P   1372
-44.7732,39.46724,30.006,-43.70529,39.46724,31.59297,-42.57898,       15P   1373
39.46724,33.13709,-41.3954,39.46724,34.63594,-40.15567,39.46724,      15P   1374
36.08712,-38.86091,39.46724,37.4882,-37.51225,39.46724,38.83699,      15P   1375
-36.11104,39.46724,40.13213,-34.65948,39.46724,41.37247,              15P   1376
-33.16002,39.46724,42.55686,-31.61509,39.46724,43.68416,              15P   1377
-30.02712,39.46724,44.75322,-28.39856,39.46724,45.76289,              15P   1378
-26.73183,39.46724,46.71202,-25.02936,39.46724,47.59946,              15P   1379
-23.2936,39.46724,48.42407,-21.52698,39.46724,49.1847,-19.73193,      15P   1380
39.46724,49.8802,-17.91089,39.46724,50.50942,-16.06629,39.46724,      15P   1381
51.07122,-14.20057,39.46724,51.56444,-12.31617,39.46724,              15P   1382
51.98795,-10.41551,39.46724,52.34058,-8.501029,39.46724,52.6212,      15P   1383
-6.575168,39.46724,52.82865,-4.64036,39.46724,0.,1.,                  15P   1384
-3.412992D-016,-4.223191D-017,1.;                                     15P   1385
106,1,2,0.,8.,10.,1.,10.;                                             17P   1386
126,15,1,1,0,1,0,0.,0.,0.1428571429,0.2857142857,0.4285714286,        19P   1387
0.5,0.5714285714,0.6428571429,0.7142857143,0.75,0.7857142857,         19P   1388
0.8214285714,0.8571428571,0.8928571429,0.9285714286,                  19P   1389
0.9642857143,1.,1.,1.,1.,1.,1.,1.,1.,1.,1.,1.,1.,1.,1.,1.,1.,1.,      19P   1390
1.,52.82865,-4.64036,39.46724,46.4643,-4.08083,45.85651,              19P   1391
42.60171,-3.741229,49.73335,34.93233,-3.067135,57.4324,32.37356,      19P   1392
-2.84242,59.99627,29.81991,-2.618503,62.5653,28.54707,-2.506714,      19P   1393
63.85428,27.26208,-2.393947,65.13075,26.61125,-2.336834,              19P   1394
65.76021,25.96418,-2.280029,66.39247,25.33255,-2.224537,              19P   1395
67.03851,24.72806,-2.171366,67.70933,24.16145,-2.121453,              19P   1396
68.41387,23.63957,-2.075455,69.15292,23.16832,-2.033963,              19P   1397
69.92523,22.7536,-1.997567,70.72956,0.,1.,0.08800239,0.9961202,       19P   1398
0.0004719549;                                                         19P   1399
106,1,2,0.,1.,10.,1.,1.;                                              21P   1400
126,117,1,1,1,1,0,0.,0.,0.008547008547,0.01709401709,                 23P   1401
0.02564102564,0.03418803419,0.04273504274,0.05128205128,              23P   1402
0.05982905983,0.06837606838,0.07692307692,0.08547008547,              23P   1403
0.09401709402,0.1025641026,0.1111111111,0.1196581197,                 23P   1404
0.1282051282,0.1367521368,0.1452991453,0.1538461538,                  23P   1405
0.1623931624,0.1709401709,0.1794871795,0.188034188,0.1965811966,      23P   1406
0.2051282051,0.2136752137,0.2222222222,0.2307692308,                  23P   1407
0.2393162393,0.2478632479,0.2564102564,0.264957265,0.2735042735,      23P   1408
0.2820512821,0.2905982906,0.2991452991,0.3076923077,                  23P   1409
0.3162393162,0.3247863248,0.3333333333,0.3418803419,                  23P   1410
0.3504273504,0.358974359,0.3675213675,0.3760683761,0.3846153846,      23P   1411
0.3931623932,0.4017094017,0.4102564103,0.4188034188,                  23P   1412
0.4273504274,0.4358974359,0.4444444444,0.452991453,0.4615384615,      23P   1413
0.4700854701,0.4786324786,0.4871794872,0.4957264957,                  23P   1414
0.5042735043,0.5128205128,0.5213675214,0.5299145299,                  23P   1415
0.5384615385,0.547008547,0.5555555556,0.5641025641,0.5726495726,      23P   1416
0.5811965812,0.5897435897,0.5982905983,0.6068376068,                  23P   1417
0.6153846154,0.6239316239,0.6324786325,0.641025641,0.6495726496,      23P   1418
0.6581196581,0.6666666667,0.6752136752,0.6837606838,                  23P   1419
0.6923076923,0.7008547009,0.7094017094,0.7179487179,                  23P   1420
0.7264957265,0.735042735,0.7435897436,0.7521367521,0.7606837607,      23P   1421
0.7692307692,0.7777777778,0.7863247863,0.7948717949,                  23P   1422
0.8034188034,0.811965812,0.8205128205,0.8290598291,0.8376068376,      23P   1423
0.8461538462,0.8547008547,0.8632478632,0.8717948718,                  23P   1424
0.8803418803,0.8888888889,0.8974358974,0.905982906,0.9145299145,      23P   1425
0.9230769231,0.9316239316,0.9401709402,0.9487179487,                  23P   1426
0.9572649573,0.9658119658,0.9743589744,0.9829059829,                  23P   1427
0.9914529915,1.,1.,1.,1.,1.,1.,1.,1.,1.,1.,1.,1.,1.,1.,1.,1.,1.,      23P   1428
1.,1.,1.,1.,1.,1.,1.,1.,1.,1.,1.,1.,1.,1.,1.,1.,1.,1.,1.,1.,1.,       23P   1429
1.,1.,1.,1.,1.,1.,1.,1.,1.,1.,1.,1.,1.,1.,1.,1.,1.,1.,1.,1.,1.,       23P   1430
1.,1.,1.,1.,1.,1.,1.,1.,1.,1.,1.,1.,1.,1.,1.,1.,1.,1.,1.,1.,1.,       23P   1431
1.,1.,1.,1.,1.,1.,1.,1.,1.,1.,1.,1.,1.,1.,1.,1.,1.,1.,1.,1.,1.,       23P   1432
1.,1.,1.,1.,1.,1.,1.,1.,1.,1.,1.,1.,1.,1.,1.,1.,1.,1.,1.,             23P   1433
22.7536,-1.997567,70.72956,22.61332,-3.214148,70.72957,22.40626,      23P   1434
-4.421197,70.72957,22.13394,-5.615485,70.72957,21.79788,              23P   1435
-6.793786,70.72958,21.39961,-7.952871,70.7296,20.94065,               23P   1436
-9.089514,70.72962,20.42253,-10.20049,70.72965,19.84676,              23P   1437
-11.28256,70.72969,19.21488,-12.33251,70.72974,18.5284,               23P   1438
-13.34711,70.7298,17.78885,-14.32313,70.72988,16.99775,               23P   1439
-15.25734,70.72997,16.15663,-16.14652,70.73009,15.2673,               23P   1440
-16.98772,70.73021,14.33272,-17.7791,70.73035,13.35615,               23P   1441
-18.51911,70.73051,12.34085,-19.20619,70.73066,11.29008,              23P   1442
-19.83879,70.73082,10.20709,-20.41536,70.73098,9.095142,              23P   1443
-20.93434,70.73113,7.957486,-21.39417,70.73127,6.797383,              23P   1444
-21.7933,70.73139,5.618089,-22.13018,70.7315,4.422859,-22.40325,      23P   1445
70.73158,3.214952,-22.61096,70.73163,1.997624,-22.75175,              23P   1446
70.73165,0.7741742,-22.82448,70.73164,-0.4519205,-22.82971,           23P   1447
70.73159,-1.677141,-22.76839,70.73152,-2.897968,-22.64148,            23P   1448
70.73142,-4.110881,-22.44994,70.7313,-5.312361,-22.19475,             23P   1449
70.73117,-6.498889,-21.87685,70.73102,-7.666945,-21.49722,            23P   1450
70.73087,-8.81301,-21.05681,70.73071,-9.933563,-20.55659,             23P   1451
70.73056,-11.02509,-19.99752,70.73041,-12.08406,-19.38056,            23P   1452
70.73027,-13.10696,-18.70668,70.73014,-14.09052,-17.97715,            23P   1453
70.73002,-15.03245,-17.19457,70.72993,-15.9307,-16.36186,             23P   1454
70.72984,-16.78323,-15.48193,70.72977,-17.58799,-14.55768,            23P   1455
70.72972,-18.34294,-13.59204,70.72967,-19.04604,-12.58791,            23P   1456
70.72963,-19.69525,-11.54822,70.7296,-20.28851,-10.47587,             23P   1457
70.72958,-20.82378,-9.373782,70.72957,-21.29902,-8.244865,            23P   1458
70.72956,-21.71219,-7.092034,70.72955,-22.06124,-5.918202,            23P   1459
70.72955,-22.34453,-4.726405,70.72954,-22.56196,-3.520167,            23P   1460
70.72954,-22.71386,-2.303133,70.72954,-22.80055,-1.078949,            23P   1461
70.72954,-22.82234,0.1487409,70.72954,-22.77954,1.37629,              23P   1462
70.72954,-22.67247,2.600053,70.72954,-22.50145,3.816385,              23P   1463
70.72955,-22.26679,5.021641,70.72955,-21.9688,6.212174,70.72955,      23P   1464
-21.60781,7.38434,70.72955,-21.18412,8.534492,70.72956,               23P   1465
-20.69806,9.658987,70.72956,-20.15031,10.75437,70.72956,              23P   1466
-19.54303,11.81793,70.72956,-18.87876,12.84716,70.72956,              23P   1467
-18.16004,13.83955,70.72956,-17.3894,14.79259,70.72956,               23P   1468
-16.56939,15.70376,70.72957,-15.70252,16.57055,70.72956,              23P   1469
-14.79135,17.39045,70.72956,-13.83841,18.16094,70.72956,              23P   1470
-12.84624,18.87951,70.72956,-11.81736,19.54366,70.72956,              23P   1471
-10.75432,20.15086,70.72956,-9.659659,20.6986,70.72956,               23P   1472
-8.536082,21.18474,70.72956,-7.387018,21.60858,70.72955,              23P   1473
-6.21607,21.9698,70.72955,-5.026839,22.26805,70.72955,-3.822929,      23P   1474
22.50302,70.72954,-2.607942,22.67438,70.72954,-1.385482,              23P   1475
22.78178,70.72954,-0.1591513,22.82491,70.72954,1.067448,              23P   1476
22.80344,70.72953,2.290713,22.71703,70.72953,3.50704,22.56536,        23P   1477
70.72953,4.712828,22.34809,70.72953,5.904472,22.0649,70.72953,        23P   1478
7.078479,21.71585,70.72953,8.231783,21.3026,70.72953,9.361428,        23P   1479
20.8272,70.72953,10.46446,20.29171,70.72953,11.53791,19.69818,        23P   1480
70.72953,12.57884,19.04866,70.72953,13.58427,18.3452,70.72954,        23P   1481
14.55127,17.58986,70.72954,15.47686,16.78469,70.72954,16.35809,       23P   1482
15.93174,70.72954,17.19201,15.03307,70.72954,17.97566,14.09073,       23P   1483
70.72955,18.70608,13.10677,70.72955,19.38065,12.08349,70.72955,       23P   1484
19.9981,11.02418,70.72955,20.5575,9.932352,70.72955,21.05791,         23P   1485
8.811547,70.72956,21.49841,7.665292,70.72956,21.87807,6.497114,       23P   1486
70.72956,22.19594,5.310543,70.72956,22.45111,4.109105,70.72956,       23P   1487
22.64262,2.896331,70.72956,22.76956,1.675748,70.72956,22.831,         23P   1488
0.4508849,70.72956,22.82599,-0.7747294,70.72956,22.7536,              23P   1489
-1.997567,70.72956,0.,1.,2.195947D-006,-2.882426D-005,-1.;            23P   1490
314,100.,0.,74.90196,12Hrgb_colour_2;                                 25P   1491
143,1,29,1,31;                                                        27P   1492
128,12,54,6,6,0,1,1,0,0,1.,1.,1.,1.,1.,1.,1.,2.,2.,2.,2.,2.,2.,       29P   1493
3.,3.,3.,3.,3.,3.,3.,1.,1.,1.,1.,1.,1.,1.,2.,2.,2.,2.,2.,2.,3.,       29P   1494
3.,3.,3.,3.,3.,4.,4.,4.,4.,4.,4.,5.,5.,5.,5.,5.,5.,6.,6.,6.,6.,       29P   1495
6.,6.,7.,7.,7.,7.,7.,7.,8.,8.,8.,8.,8.,8.,9.,9.,9.,9.,9.,9.,10.,      29P   1496
10.,10.,10.,10.,10.,10.,1.,1.,1.,1.,1.,1.,1.,1.,1.,1.,1.,1.,1.,       29P   1497
1.,1.,1.,1.,1.,1.,1.,1.,1.,1.,1.,1.,1.,1.,1.,1.,1.,1.,1.,1.,1.,       29P   1498
1.,1.,1.,1.,1.,1.,1.,1.,1.,1.,1.,1.,1.,1.,1.,1.,1.,1.,1.,1.,1.,       29P   1499
1.,1.,1.,1.,1.,1.,1.,1.,1.,1.,1.,1.,1.,1.,1.,1.,1.,1.,1.,1.,1.,       29P   1500
1.,1.,1.,1.,1.,1.,1.,1.,1.,1.,1.,1.,1.,1.,1.,1.,1.,1.,1.,1.,1.,       29P   1501
1.,1.,1.,1.,1.,1.,1.,1.,1.,1.,1.,1.,1.,1.,1.,1.,1.,1.,1.,1.,1.,       29P   1502
1.,1.,1.,1.,1.,1.,1.,1.,1.,1.,1.,1.,1.,1.,1.,1.,1.,1.,1.,1.,1.,       29P   1503
1.,1.,1.,1.,1.,1.,1.,1.,1.,1.,1.,1.,1.,1.,1.,1.,1.,1.,1.,1.,1.,       29P   1504
1.,1.,1.,1.,1.,1.,1.,1.,1.,1.,1.,1.,1.,1.,1.,1.,1.,1.,1.,1.,1.,       29P   1505
1.,1.,1.,1.,1.,1.,1.,1.,1.,1.,1.,1.,1.,1.,1.,1.,1.,1.,1.,1.,1.,       29P   1506
1.,1.,1.,1.,1.,1.,1.,1.,1.,1.,1.,1.,1.,1.,1.,1.,1.,1.,1.,1.,1.,       29P   1507
1.,1.,1.,1.,1.,1.,1.,1.,1.,1.,1.,1.,1.,1.,1.,1.,1.,1.,1.,1.,1.,       29P   1508
1.,1.,1.,1.,1.,1.,1.,1.,1.,1.,1.,1.,1.,1.,1.,1.,1.,1.,1.,1.,1.,       29P   1509
1.,1.,1.,1.,1.,1.,1.,1.,1.,1.,1.,1.,1.,1.,1.,1.,1.,1.,1.,1.,1.,       29P   1510
1.,1.,1.,1.,1.,1.,1.,1.,1.,1.,1.,1.,1.,1.,1.,1.,1.,1.,1.,1.,1.,       29P   1511
1.,1.,1.,1.,1.,1.,1.,1.,1.,1.,1.,1.,1.,1.,1.,1.,1.,1.,1.,1.,1.,       29P   1512
1.,1.,1.,1.,1.,1.,1.,1.,1.,1.,1.,1.,1.,1.,1.,1.,1.,1.,1.,1.,1.,       29P   1513
1.,1.,1.,1.,1.,1.,1.,1.,1.,1.,1.,1.,1.,1.,1.,1.,1.,1.,1.,1.,1.,       29P   1514
1.,1.,1.,1.,1.,1.,1.,1.,1.,1.,1.,1.,1.,1.,1.,1.,1.,1.,1.,1.,1.,       29P   1515
1.,1.,1.,1.,1.,1.,1.,1.,1.,1.,1.,1.,1.,1.,1.,1.,1.,1.,1.,1.,1.,       29P   1516
1.,1.,1.,1.,1.,1.,1.,1.,1.,1.,1.,1.,1.,1.,1.,1.,1.,1.,1.,1.,1.,       29P   1517
1.,1.,1.,1.,1.,1.,1.,1.,1.,1.,1.,1.,1.,1.,1.,1.,1.,1.,1.,1.,1.,       29P   1518
1.,1.,1.,1.,1.,1.,1.,1.,1.,1.,1.,1.,1.,1.,1.,1.,1.,1.,1.,1.,1.,       29P   1519
1.,1.,1.,1.,1.,1.,1.,1.,1.,1.,1.,1.,1.,1.,1.,1.,1.,1.,1.,1.,1.,       29P   1520
1.,1.,1.,1.,1.,1.,1.,1.,1.,1.,1.,1.,1.,1.,1.,1.,1.,1.,1.,1.,1.,       29P   1521
1.,1.,1.,1.,1.,1.,1.,1.,1.,1.,1.,1.,1.,1.,1.,1.,1.,1.,1.,1.,1.,       29P   1522
1.,1.,1.,1.,1.,1.,1.,1.,1.,1.,1.,1.,1.,1.,1.,1.,1.,1.,1.,1.,1.,       29P   1523
1.,1.,1.,1.,1.,1.,1.,1.,1.,1.,1.,1.,1.,1.,1.,1.,1.,1.,1.,1.,1.,       29P   1524
1.,1.,1.,1.,1.,1.,1.,1.,1.,1.,1.,1.,1.,1.,1.,1.,1.,1.,1.,1.,1.,       29P   1525
1.,1.,1.,1.,1.,1.,1.,1.,1.,1.,1.,1.,1.,1.,1.,1.,1.,1.,1.,1.,1.,       29P   1526
1.,1.,1.,1.,1.,1.,1.,1.,1.,1.,1.,1.,1.,1.,1.,1.,1.,1.,1.,1.,1.,       29P   1527
1.,1.,1.,1.,1.,1.,1.,1.,1.,1.,1.,1.,1.,1.,1.,1.,1.,1.,1.,1.,1.,       29P   1528
1.,1.,1.,1.,1.,1.,1.,1.,1.,1.,1.,1.,1.,1.,1.,1.,1.,1.,1.,1.,1.,       29P   1529
1.,1.,1.,1.,1.,1.,1.,1.,1.,1.,1.,1.,1.,1.,1.,1.,1.,1.,1.,1.,1.,       29P   1530
1.,1.,1.,1.,1.,1.,1.,1.,1.,24.74182,-2.17311,84.30993,23.94211,       29P   1531
-2.102687,83.39331,23.24896,-2.041591,82.39475,22.67154,              29P   1532
-1.990684,81.32648,22.21899,-1.950825,80.20074,21.90045,              29P   1533
-1.922874,79.02973,21.72509,-1.907691,77.8257,21.54905,               29P   1534
-1.892448,76.61695,21.51239,-1.889245,75.3977,21.61483,               29P   1535
-1.898118,74.18364,21.85605,-1.919104,72.99047,22.23575,              29P   1536
-1.952241,71.83388,22.7536,-1.997567,70.72956,24.99434,               29P   1537
0.7017437,84.30993,24.18643,0.6796068,83.39324,23.48607,              29P   1538
0.6607637,82.39468,22.90258,0.6452,81.32645,22.44524,0.6329036,       29P   1539
80.20074,22.12333,0.6238638,79.02976,21.94613,0.6180688,77.8257,      29P   1540
21.76824,0.6122511,76.61693,21.73101,0.6106101,75.39765,              29P   1541
21.83421,0.6131722,74.18357,22.07761,0.6199658,72.99039,              29P   1542
22.46098,0.6310189,71.83382,22.98409,0.6463571,70.72956,              29P   1543
24.82829,3.613353,84.30993,24.02554,3.497466,83.39326,23.32944,       29P   1544
3.397827,82.39471,22.74938,3.31519,81.32646,22.29474,3.250321,        29P   1545
80.20074,21.9749,3.203994,79.02975,21.79922,3.176976,77.8257,         29P   1546
21.62285,3.149852,76.61692,21.58598,3.143475,75.39763,21.68844,       29P   1547
3.157862,74.18355,21.93002,3.193034,72.99037,22.31052,3.249006,       29P   1548
71.83381,22.8298,3.325803,70.72956,24.26227,6.492301,84.30993,        29P   1549
23.47749,6.283716,83.39333,22.79666,6.104261,82.39478,22.22918,       29P   1550
5.955413,81.3265,21.78444,5.838671,80.20074,21.47184,5.755548,        29P   1551
79.02973,21.30076,5.707547,77.8257,21.12901,5.659357,76.61693,        29P   1552
21.09332,5.648414,75.39765,21.19353,5.674675,74.18357,21.42946,       29P   1553
5.738087,72.9904,21.80092,5.838597,71.83382,22.30778,5.976168,        29P   1554
70.72956,23.31485,9.269171,84.30993,22.5603,8.971185,83.3934,         29P   1555
21.90534,8.714735,82.39484,21.35925,8.502004,81.32654,20.93131,       29P   1556
8.335205,80.20074,20.63085,8.216564,79.02971,20.46718,8.148297,       29P   1557
77.8257,20.30287,8.079761,76.61694,20.26903,8.064481,75.39768,        29P   1558
20.36552,8.10231,74.18362,20.59214,8.193084,72.99045,20.94872,        29P   1559
8.336645,71.83386,21.4351,8.532853,70.72956,22.00461,11.87455,        29P   1560
84.30993,21.29202,11.4927,83.39341,20.67307,11.16392,82.39485,        29P   1561
20.15681,10.89111,81.32654,19.7523,10.67718,80.20074,19.46864,        29P   1562
10.52509,79.02971,19.31491,10.43774,77.8257,19.16057,10.35006,        29P   1563
76.61696,19.12913,10.33071,75.39773,19.22042,10.37943,74.18368,       29P   1564
19.43425,10.49595,72.99051,19.77045,10.67997,71.83391,20.22885,       29P   1565
10.93125,70.72955,20.35013,14.23902,84.30993,19.69066,13.7811,        29P   1566
83.3933,19.11743,13.38649,82.39475,18.63911,13.05886,81.32649,        29P   1567
18.26437,12.80187,80.20075,18.0019,12.61916,79.02974,17.86035,        29P   1568
12.5144,77.8257,17.71826,12.40924,76.61698,17.68964,12.38613,         29P   1569
75.39777,17.7743,12.44471,74.18374,17.97205,12.5846,72.99058,         29P   1570
18.2827,12.80541,71.83396,18.70608,13.10677,70.72955,18.69565,        29P   1571
16.60349,84.30993,18.08995,16.06856,83.39319,17.5629,15.60747,        29P   1572
82.39464,17.12275,15.2247,81.32644,16.77771,14.92473,80.20075,        29P   1573
16.53599,14.71203,79.02978,16.4058,14.59106,77.8257,16.2751,          29P   1574
14.46963,76.617,16.24894,14.44328,75.39781,16.32698,14.51169,         29P   1575
74.18381,16.50893,14.67454,72.99065,16.79448,14.93152,71.83401,       29P   1576
17.18331,15.28229,70.72954,16.69693,18.72704,84.30993,16.15627,       29P   1577
18.12298,83.39319,15.68504,17.60187,82.39463,15.29099,17.16911,       29P   1578
81.3264,14.98183,16.83011,80.20071,14.76526,16.59025,79.02975,        29P   1579
14.64896,16.45493,77.8257,14.53222,16.31909,76.61701,14.50916,        29P   1580
16.28997,75.39783,14.57929,16.36727,74.18382,14.74214,16.55071,       29P   1581
72.99065,14.99722,16.84004,71.83401,15.34402,17.23492,70.72954,       29P   1582
14.41283,20.56853,84.30993,13.9465,19.90454,83.39324,13.53916,        29P   1583
19.33116,82.39465,13.19792,18.8547,81.32638,12.92988,18.48151,        29P   1584
80.20064,12.74215,18.21793,79.02968,12.64182,18.0703,77.8257,         29P   1585
12.5411,17.92209,76.61701,12.5216,17.89063,75.39781,12.58263,         29P   1586
17.97565,74.18378,12.72355,18.1769,72.9906,12.94369,18.49415,         29P   1587
71.83396,13.24236,18.92709,70.72953,11.9022,22.08677,84.30993,        29P   1588
11.51755,21.37339,83.39329,11.18056,20.75676,82.39468,10.89759,       29P   1589
20.24404,81.32635,10.675,19.84244,80.20058,10.51913,19.55917,         29P   1590
79.02961,10.43635,19.40143,77.8257,10.35324,19.24307,76.617,          29P   1591
10.33752,19.20968,75.39777,10.38839,19.301,74.1837,10.50504,          29P   1592
19.51684,72.9905,10.68667,19.857,71.83388,10.93245,20.32119,          29P   1593
70.72953,9.223889,23.24062,84.30993,8.926339,22.48966,83.3933,        29P   1594
8.664619,21.84007,82.39466,8.444147,21.29968,81.32632,8.270351,       29P   1595
20.87639,80.20054,8.148665,20.57807,79.02958,8.08452,20.41262,        29P   1596
77.8257,8.020116,20.2465,76.61698,8.008235,20.2115,75.39769,          29P   1597
8.047999,20.30746,74.18358,8.138538,20.53424,72.99037,8.278982,       29P   1598
20.8917,71.83378,8.468446,21.37966,70.72953,6.43676,23.98889,         29P   1599
84.30994,6.22986,23.2135,83.3932,6.046743,22.54252,82.39457,          29P   1600
5.891719,21.98422,81.32627,5.769098,21.54687,80.20055,5.68319,        29P   1601
21.23875,79.02961,5.638306,21.06813,77.8257,5.593241,20.89683,        29P   1602
76.61693,5.585061,20.86051,75.3976,5.612929,20.95917,74.18345,        29P   1603
5.676012,21.19279,72.99022,5.773471,21.56137,71.83367,5.904472,       29P   1604
22.0649,70.72953,3.649631,24.73716,84.30995,3.533075,23.93742,        29P   1605
83.3931,3.428489,23.24506,82.39447,3.338991,22.66883,81.32623,        29P   1606
3.26769,22.21739,80.20056,3.217689,21.89944,79.02965,3.192092,        29P   1607
21.72365,77.8257,3.166392,21.54715,76.61689,3.161354,21.50966,        29P   1608
75.3975,3.176616,21.61121,74.18331,3.211805,21.8518,72.99007,         29P   1609
3.266551,22.23142,71.83355,3.340499,22.75013,70.72953,0.7536803,      29P   1610
25.07986,84.30996,0.7311107,24.26921,83.39317,0.7083753,              29P   1611
23.56706,82.39457,0.6872702,22.98243,81.32632,0.6695743,              29P   1612
22.52431,80.20062,0.6570571,22.20167,79.02968,0.6514943,22.0235,      29P   1613
77.82571,0.6459093,21.8446,76.61687,0.6439261,21.8063,75.39747,       29P   1614
0.6457743,21.90877,74.18328,0.6516774,22.15214,72.99005,              29P   1615
0.661861,22.53652,71.83354,0.676559,23.06214,70.72953,-2.17965,       29P   1616
25.02289,84.30997,-2.107039,24.21447,83.39334,-2.046747,              29P   1617
23.51388,82.39476,-1.998388,22.93027,81.32647,-1.961597,              29P   1618
22.47279,80.20071,-1.936021,22.15057,79.02971,-1.921296,              29P   1619
21.97276,77.82571,-1.906511,21.79423,76.61687,-1.90545,21.75561,      29P   1620
75.39749,-1.917262,21.85727,74.18333,-1.941091,22.09949,              29P   1621
72.99012,-1.976082,22.48259,71.8336,-2.021387,23.00696,70.72954,      29P   1622
-5.078919,24.57214,84.30998,-4.912302,23.77873,83.3935,               29P   1623
-4.769932,23.09081,82.39496,-4.652856,22.51751,81.32663,              29P   1624
-4.56214,22.06795,80.2008,-4.498861,21.75124,79.02973,-4.464087,      29P   1625
21.57652,77.82571,-4.429173,21.4011,76.61688,-4.425005,21.36279,      29P   1626
75.39755,-4.450168,21.46212,74.18344,-4.503232,21.69953,              29P   1627
72.99026,-4.582771,22.07551,71.83371,-4.687379,22.59062,              29P   1628
70.72955,-7.872686,23.73351,84.30999,-7.615479,22.96751,              29P   1629
83.39359,-7.394081,22.30317,82.39507,-7.210891,21.74935,              29P   1630
81.32673,-7.068319,21.31493,80.20086,-6.96878,21.00881,79.02976,      29P   1631
-6.914688,20.83987,77.82571,-6.860381,20.67027,76.61691,              29P   1632
-6.852973,20.63302,75.39764,-6.890627,20.72872,74.18358,              29P   1633
-6.971488,20.95792,72.99041,-7.093707,21.3212,71.83384,               29P   1634
-7.255456,21.81916,70.72955,-10.48951,22.51289,84.30999,              29P   1635
-10.14731,21.78647,83.39352,-9.852022,21.15638,82.395,-9.607196,      29P   1636
20.63106,81.32669,-9.416373,20.21891,80.20087,-9.283095,              29P   1637
19.92839,79.02978,-9.210906,19.76789,77.82571,-9.138436,              29P   1638
19.60678,76.61696,-9.127588,19.57147,75.39773,-9.176324,              29P   1639
19.66248,74.18371,-9.282607,19.88032,72.99056,-9.444398,              29P   1640
20.22553,71.83395,-9.659659,20.6986,70.72956,-13.10633,21.29227,      29P   1641
84.30999,-12.68066,20.60471,83.39345,-12.31224,20.00853,              29P   1642
82.39493,-12.00587,19.51165,81.32666,-11.76637,19.12199,              29P   1643
80.20087,-11.59852,18.84745,79.02981,-11.50712,18.69592,              29P   1644
77.82571,-11.41538,18.54381,76.617,-11.39982,18.51102,75.39783,       29P   1645
-11.45867,18.5978,74.18384,-11.59014,18.8044,72.99071,-11.79247,      29P   1646
19.13108,71.83407,-12.06386,19.57805,70.72956,-15.54621,              29P   1647
19.68966,84.30998,-15.04269,19.05313,83.39338,-14.60625,              29P   1648
18.50151,82.39486,-14.24279,18.04205,81.32661,-13.95818,              29P   1649
17.68194,80.20085,-13.75828,17.4284,79.02981,-13.64896,17.28861,      29P   1650
77.82571,-13.53922,17.1483,76.61704,-13.51884,17.11911,75.3979,       29P   1651
-13.58646,17.20077,74.18395,-13.74078,17.39305,72.99082,              29P   1652
-13.98048,17.69569,71.83415,-14.30419,18.1084,70.72957,               29P   1653
-17.75798,17.7566,84.30997,-17.18388,17.18166,83.39333,               29P   1654
-16.68593,16.68383,82.39479,-16.27091,16.26951,81.32655,              29P   1655
-15.9456,15.94506,80.20081,-15.71677,15.71684,79.02979,               29P   1656
-15.59119,15.59122,77.82571,-15.46513,15.46513,76.61706,              29P   1657
-15.44007,15.44026,75.39795,-15.51521,15.51572,74.18401,              29P   1658
-15.6898,15.69068,72.99089,-15.96308,15.96431,71.8342,-16.33421,      29P   1659
16.33567,70.72957,-19.69049,15.54465,84.30996,-19.05474,              29P   1660
15.04022,83.39329,-18.50312,14.60395,82.39474,-18.04317,              29P   1661
14.24129,81.32649,-17.68242,13.95764,80.20077,-17.42838,13.7584,      29P   1662
79.02977,-17.28858,13.64899,77.82571,-17.14825,13.53916,              29P   1663
76.61706,-17.11895,13.51897,75.39795,-17.20042,13.58696,              29P   1664
74.18401,-17.39248,13.74173,72.99088,-17.69494,13.98186,              29P   1665
71.83419,-18.10748,14.30586,70.72957,-21.29256,13.10535,              29P   1666
84.30995,-20.60573,12.67869,83.39328,-20.00966,12.31033,              29P   1667
82.39472,-19.51251,12.00463,81.32647,-19.1224,11.76596,80.20074,      29P   1668
-18.84749,11.59869,79.02975,-18.69592,11.50716,77.82571,              29P   1669
-18.54376,11.41527,76.61704,-18.51092,11.39978,75.39789,              29P   1670
-18.59762,11.45883,74.18391,-18.80414,11.59061,72.99077,              29P   1671
-19.13073,11.79327,71.83411,-19.57758,12.06496,70.72956,              29P   1672
-22.51304,10.49025,84.30994,-21.78733,10.14696,83.39331,              29P   1673
-21.15739,9.85138,82.39474,-20.63185,9.606751,81.32648,               29P   1674
-20.21934,9.416313,80.20074,-19.9285,9.283302,79.02974,               29P   1675
-19.76796,9.21096,77.8257,-19.6068,9.138335,76.61697,-19.57142,       29P   1676
9.127208,75.39775,-19.66234,9.175644,74.18371,-19.88007,              29P   1677
9.281709,72.99055,-20.22514,9.443468,71.83394,-20.69806,              29P   1678
9.658987,70.72956,-23.73351,7.875147,84.30994,-22.96783,              29P   1679
7.617573,83.39333,-22.30356,7.395766,82.39477,-21.74966,7.21215,      29P   1680
81.32649,-21.31511,7.069157,80.20073,-21.0089,6.969217,79.02972,      29P   1681
-20.84001,6.914764,77.8257,-20.67046,6.860093,76.6169,-20.63314,      29P   1682
6.852036,75.3976,-20.72868,6.888956,74.18351,-20.95769,6.969191,      29P   1683
72.99033,-21.32075,7.091083,71.83377,-21.81854,7.253012,              29P   1684
70.72955,-24.57239,5.084238,84.30993,-23.77922,4.918114,              29P   1685
83.39332,-23.09135,4.775038,82.39475,-22.51797,4.656556,              29P   1686
81.32646,-22.06827,4.564221,80.2007,-21.75148,4.499587,79.0297,       29P   1687
-21.57678,4.464207,77.8257,-21.40137,4.428682,76.61686,               29P   1688
-21.36284,4.423245,75.3975,-21.4618,4.446883,74.18335,-21.69882,      29P   1689
4.498562,72.99015,-22.07446,4.577252,71.83363,-22.58941,              29P   1690
4.681959,70.72955,-25.02374,2.188348,84.30993,-24.21573,              29P   1691
2.117102,83.39329,-23.51517,2.055719,82.3947,-22.93133,2.00483,       29P   1692
81.3264,-22.47351,1.965068,80.20065,-22.151,1.937069,79.02967,        29P   1693
-21.9731,1.921466,77.8257,-21.79447,1.905799,76.61684,-21.7554,       29P   1694
1.902757,75.39744,-21.85643,1.912132,74.18326,-22.09802,              29P   1695
1.933702,72.99004,-22.48064,1.967249,71.83354,-23.00489,              29P   1696
2.012569,70.72954,-25.08162,-0.7417003,84.30995,-24.27163,            29P   1697
-0.7169408,83.39326,-23.56945,-0.6956633,82.39465,-22.98432,          29P   1698
-0.678164,81.32635,-22.52551,-0.6647379,80.20061,-22.20226,           29P   1699
-0.6556788,79.02965,-22.02384,-0.6512814,77.8257,-21.84469,           29P   1700
-0.6468658,76.61685,-21.80572,-0.6475051,75.39744,-21.90733,          29P   1701
-0.6525913,74.18324,-22.14986,-0.6615116,72.99001,-22.53366,          29P   1702
-0.6736547,71.83351,-23.05921,-0.6884157,70.72954,-24.74008,          29P   1703
-3.635085,84.30998,-23.94122,-3.51551,83.39325,-23.24867,             29P   1704
-3.412606,82.39462,-22.67154,-3.32758,81.32633,-22.21894,             29P   1705
-3.261641,80.20059,-21.9,-3.215998,79.02964,-21.72384,-3.191858,      29P   1706
77.8257,-21.54696,-3.167619,76.61688,-21.50866,-3.165623,             29P   1707
75.39749,-21.60923,-3.184584,74.1833,-21.8489,-3.223203,              29P   1708
72.99007,-22.22791,-3.280185,71.83356,-22.74658,-3.354253,            29P   1709
70.72954,-23.99319,-6.420983,84.31002,-23.2188,-6.210126,             29P   1710
83.39329,-22.5473,-6.028633,82.39465,-21.98758,-5.878593,             29P   1711
81.32635,-21.54853,-5.762096,80.2006,-21.23902,-5.681231,             29P   1712
79.02965,-21.06795,-5.638087,77.8257,-20.89619,-5.59477,              29P   1713
76.61693,-20.8591,-5.589677,75.39761,-20.95688,-5.621141,             29P   1714
74.18347,-21.1897,-5.687495,72.99025,-21.55776,-5.787071,             29P   1715
71.8337,-22.06124,-5.918202,70.72955,-23.24631,-9.206881,             29P   1716
84.31007,-22.49602,-8.90607,83.39332,-21.84543,-8.646537,             29P   1717
82.39468,-21.30313,-8.431438,81.32637,-20.87774,-8.263931,            29P   1718
80.20062,-20.57785,-8.147171,79.02966,-20.41206,-8.084315,            29P   1719
77.8257,-20.24561,-8.02121,76.61698,-20.20992,-8.012319,              29P   1720
75.39772,-20.30504,-8.055801,74.18363,-20.53103,-8.149825,            29P   1721
72.99043,-20.88798,-8.292558,71.83384,-21.3759,-8.48215,              29P   1722
70.72955,-22.09407,-11.88529,84.31013,-21.38136,-11.49808,            29P   1723
83.39344,-20.76322,-11.1636,82.39481,-20.24787,-10.88601,             29P   1724
81.32648,-19.84347,-10.66948,80.2007,-19.55821,-10.51815,             29P   1725
79.02969,-19.40028,-10.4362,77.8257,-19.24173,-10.35392,              29P   1726
76.61704,-19.20786,-10.34072,75.39785,-19.29858,-10.39486,            29P   1727
74.18383,-19.51385,-10.51463,72.99065,-19.85366,-10.69834,            29P   1728
71.83401,-20.31785,-10.94421,70.72957,-20.57753,-14.39702,            29P   1729
84.3102,-19.91433,-13.92891,83.3936,-19.33898,-13.52421,              29P   1730
82.39499,-18.8591,-13.18803,81.32664,-18.48233,-12.92548,             29P   1731
80.2008,-18.21629,-12.74167,79.02974,-18.06863,-12.64173,             29P   1732
77.82571,-17.92041,-12.54141,76.61708,-17.88875,-12.52372,            29P   1733
75.39797,-17.97346,-12.58723,74.18401,-18.17443,-12.73056,            29P   1734
72.99087,-18.49152,-12.95232,71.8342,-18.9245,-13.25104,              29P   1735
70.72961,-18.73771,-16.68286,84.31026,-18.13446,-16.14121,            29P   1736
83.39375,-17.61095,-15.67261,82.39517,-17.17413,-15.28308,            29P   1737
81.32679,-16.83093,-14.97862,80.2009,-16.58829,-14.76524,             29P   1738
79.02978,-16.45316,-14.64893,77.82571,-16.31752,-14.53218,            29P   1739
76.61711,-16.28844,-14.51019,75.39805,-16.36567,-14.5819,             29P   1740
74.18415,-16.54903,-14.74634,72.99104,-16.83833,-15.00249,            29P   1741
71.83436,-17.23329,-15.34929,70.72971,-16.61567,-18.68361,            29P   1742
84.3103,-16.08132,-18.07751,83.39385,-15.6175,-17.55294,              29P   1743
82.39529,-15.23032,-17.1167,81.32689,-14.92591,-16.77556,             29P   1744
80.20097,-14.71039,-16.53633,79.02981,-14.58988,-16.40578,            29P   1745
77.82571,-14.46891,-16.27475,76.61712,-14.44274,-16.24901,            29P   1746
75.39808,-14.51113,-16.32789,74.1842,-14.67388,-16.51072,             29P   1747
72.99112,-14.9308,-16.79687,71.83448,-15.28164,-17.18561,             29P   1748
70.72987,-14.25244,-20.34008,84.31031,-13.7946,-19.68035,             29P   1749
83.39386,-13.3971,-19.10931,82.39529,-13.06515,-18.63437,             29P   1750
81.3269,-12.80397,-18.26294,80.20097,-12.61879,-18.00245,             29P   1751
79.02981,-12.51482,-17.8603,77.8257,-12.41046,-17.71763,76.6171,      29P   1752
-12.38745,-17.68909,75.39802,-12.4457,-17.77421,74.18412,             29P   1753
-12.5851,-17.9725,72.99107,-12.80555,-18.28349,71.83452,              29P   1754
-13.10696,-18.70668,70.73014,-11.88921,-21.99655,84.31032,            29P   1755
-11.50727,-21.28362,83.39387,-11.17563,-20.66642,82.3953,             29P   1756
-10.89868,-20.15294,81.3269,-10.68079,-19.75118,80.20097,             29P   1757
-10.52636,-19.46914,79.0298,-10.43976,-19.31482,77.8257,              29P   1758
-10.35284,-19.15992,76.61707,-10.33343,-19.12828,75.39796,            29P   1759
-10.38162,-19.21959,74.18404,-10.49746,-19.43349,72.99102,            29P   1760
-10.68098,-19.76963,71.83457,-10.93229,-20.22774,70.7304,             29P   1761
-9.28479,-23.30873,84.31029,-8.986649,-22.55389,83.39381,             29P   1762
-8.727654,-21.90023,82.39524,-8.511295,-21.35622,81.32685,            29P   1763
-8.341061,-20.93035,80.20094,-8.220441,-20.63112,79.02979,            29P   1764
-8.152924,-20.46701,77.8257,-8.085156,-20.30228,76.61711,             29P   1765
-8.069424,-20.26821,75.39803,-8.106131,-20.36456,74.18416,            29P   1766
-8.195638,-20.59106,72.99118,-8.338317,-20.94745,71.83481,            29P   1767
-8.534597,-21.43354,70.73076,-6.508606,-24.25807,84.31023,            29P   1768
-6.299838,-23.47313,83.39372,-6.118302,-22.79317,82.39514,            29P   1769
-5.966537,-22.22706,81.32678,-5.847082,-21.78367,80.2009,             29P   1770
-5.762478,-21.47188,79.02978,-5.715264,-21.30056,77.82569,            29P   1771
-5.667879,-21.12862,76.61719,-5.655935,-21.09277,75.39818,            29P   1772
-5.680233,-21.19282,74.18437,-5.741539,-21.42857,72.99146,            29P   1773
-5.840628,-21.79984,71.83514,-5.978323,-22.30645,70.73114,            29P   1774
-3.630075,-24.826,84.31017,-3.513948,-24.02323,83.39361,              29P   1775
-3.412725,-23.32761,82.39503,-3.32795,-22.74825,81.3267,              29P   1776
-3.261164,-22.2943,80.20086,-3.213911,-21.97491,79.02977,             29P   1777
-3.187733,-21.79919,77.82569,-3.161463,-21.62285,76.61726,            29P   1778
-3.153463,-21.58587,75.39833,-3.164927,-21.68812,74.18459,            29P   1779
-3.197032,-21.92946,72.99173,-3.250957,-22.30976,71.83545,            29P   1780
-3.327904,-22.82887,70.73146,-0.7186191,-24.99396,84.31011,           29P   1781
-0.6961621,-24.18608,83.39352,-0.6761635,-23.48588,82.39495,          29P   1782
-0.65915,-22.90258,81.32663,-0.6456482,-22.44544,80.20082,            29P   1783
-0.6361842,-22.1237,79.02975,-0.6312846,-21.94661,77.82568,           29P   1784
-0.626367,-21.76888,76.61731,-0.6224863,-21.73145,75.39842,           29P   1785
-0.6211653,-21.83424,74.18471,-0.6239251,-22.07718,72.99188,          29P   1786
-0.6322874,-22.46019,71.83564,-0.647776,-22.98317,70.73166,           29P   1787
2.156341,-24.74339,84.31007,2.086281,-23.94357,83.39347,              29P   1788
2.026078,-23.25034,82.3949,1.976197,-22.67285,81.3266,1.937102,       29P   1789
-22.22027,80.2008,1.909258,-21.90177,79.02975,1.893129,               29P   1790
-21.72651,77.82568,1.876943,-21.55061,76.61728,1.87653,               29P   1791
-21.51342,75.39837,1.890141,-21.61494,74.18464,1.916027,              29P   1792
-21.85516,72.99181,1.952438,-22.2341,71.83558,1.997624,               29P   1793
-22.75175,70.73165,5.031302,-24.49282,84.31002,4.868579,              29P   1794
-23.70108,83.39343,4.727889,-23.01484,82.39486,4.610837,              29P   1795
-22.44318,81.32657,4.519026,-21.99517,80.20078,4.45406,               29P   1796
-21.67989,79.02974,4.417543,-21.50641,77.82568,4.380894,              29P   1797
-21.33229,76.61726,4.376499,-21.29531,75.39832,4.402435,              29P   1798
-21.39555,74.18458,4.456783,-21.63307,72.99174,4.537618,              29P   1799
-22.00796,71.83552,4.643023,-22.52032,70.73164,7.869767,              29P   1800
-23.82372,84.30999,7.615556,-23.05351,83.39337,7.395395,              29P   1801
-22.38594,82.3948,7.212021,-21.82987,81.32652,7.068164,-21.3941,      29P   1802
80.20075,6.966554,-21.08747,79.02972,6.909922,-20.91879,              29P   1803
77.82568,6.853084,-20.7495,76.61724,6.844535,-20.71315,75.39828,      29P   1804
6.882297,-20.81005,74.18451,6.964396,-21.04049,72.99164,              29P   1805
7.088857,-21.40476,71.83538,7.253695,-21.90317,70.73143,              29P   1806
10.60662,-22.76643,84.30997,10.26418,-22.03023,83.39331,              29P   1807
9.967397,-21.39221,82.39473,9.720083,-20.86078,81.32645,              29P   1808
9.526057,-20.44438,80.2007,9.389126,-20.15143,79.0297,9.313105,       29P   1809
-19.99034,77.82569,9.236804,-19.82866,76.61721,9.224066,              29P   1810
-19.79345,75.39823,9.272947,-19.88528,74.18442,9.381523,              29P   1811
-20.10473,72.9915,9.547864,-20.45236,71.83516,9.770015,               29P   1812
-20.92874,70.73109,13.17674,-21.35125,84.30995,12.75145,              29P   1813
-20.66064,83.39326,12.38271,-20.06219,82.39467,12.07537,              29P   1814
-19.56379,81.3264,11.83425,-19.17333,80.20066,11.66416,               29P   1815
-18.89869,79.02968,11.56993,-18.74774,77.82569,11.47535,              29P   1816
-18.59622,76.61717,11.45853,-18.56272,75.39815,11.51763,              29P   1817
-18.64807,74.1843,11.65086,-18.8531,72.99132,11.85638,-19.17865,      29P   1818
71.8349,12.13236,-19.62552,70.73071,15.51502,-19.60854,84.30995,      29P   1819
15.01436,-18.97408,83.39325,14.58019,-18.42442,82.39465,              29P   1820
14.21826,-17.96675,81.32637,13.9343,-17.60827,80.20063,13.73405,      29P   1821
-17.35617,79.02966,13.62324,-17.21765,77.82569,13.51201,              29P   1822
-17.0786,76.61712,13.49137,-17.04747,75.39804,13.55963,               29P   1823
-17.12523,74.18414,13.71513,-17.3129,72.9911,13.95619,-17.61149,      29P   1824
71.83461,14.28111,-18.02196,70.73034,17.55634,-17.56861,              29P   1825
84.30994,16.98991,-16.99991,83.39328,16.49866,-16.50742,              29P   1826
82.39468,16.08911,-16.09749,81.32638,15.76777,-15.77649,              29P   1827
80.20063,15.54119,-15.55079,79.02965,15.41587,-15.42677,77.8257,      29P   1828
15.29007,-15.30225,76.61705,15.26604,-15.27418,75.39789,              29P   1829
15.34223,-15.34356,74.18391,15.51709,-15.5114,72.99082,15.78908,      29P   1830
-15.77872,71.83431,16.15663,-16.14652,70.73009,19.59766,              29P   1831
-15.52868,84.30993,18.96512,-15.02609,83.39331,18.41665,              29P   1832
-14.59089,82.39471,17.95951,-14.22866,81.3264,17.60094,               29P   1833
-13.94502,80.20062,17.34818,-13.74555,79.02964,17.20851,              29P   1834
-13.63588,77.8257,17.06827,-13.52577,76.61697,17.04084,               29P   1835
-13.50076,75.39773,17.12488,-13.56184,74.18368,17.319,-13.70995,      29P   1836
72.99054,17.62187,-13.94604,71.83401,18.03215,-14.27109,              29P   1837
70.72983,21.34201,-13.19154,84.30993,20.6529,-12.7646,83.39335,       29P   1838
20.05552,-12.39501,82.39475,19.55771,-12.08747,81.32643,              29P   1839
19.16735,-11.84668,80.20064,18.89231,-11.67736,79.02965,              29P   1840
18.74046,-11.58419,77.8257,18.58801,-11.49065,76.61695,18.5576,       29P   1841
-11.46941,75.39768,18.64815,-11.5213,74.18361,18.85854,               29P   1842
-11.64711,72.99045,19.18767,-11.84766,71.83389,19.63446,              29P   1843
-12.12378,70.72967,22.759,-10.62229,84.30993,22.02386,-10.27847,      29P   1844
83.39338,21.3867,-9.980963,82.3948,20.85585,-9.733496,81.32648,       29P   1845
20.43968,-9.539795,80.20068,20.14658,-9.403592,79.02966,              29P   1846
19.98492,-9.328614,77.8257,19.82261,-9.253339,76.61695,19.78972,      29P   1847
-9.23636,75.3977,19.8854,-9.278298,74.18363,20.10884,-9.379755,       29P   1848
72.99046,20.4592,-9.54134,71.83388,20.93564,-9.763685,70.72959,       29P   1849
23.81824,-7.886064,84.30993,23.04863,-7.630755,83.3934,22.38167,      29P   1850
-7.409935,82.39483,21.82608,-7.226327,81.32651,21.39061,              29P   1851
-7.082658,80.20071,21.08401,-6.98166,79.02968,20.91505,               29P   1852
-6.926063,77.8257,20.74543,-6.870246,76.61697,20.71061,-6.85783,      29P   1853
75.39773,20.81002,-6.889201,74.18369,21.04308,-6.964744,              29P   1854
72.99052,21.40921,-7.084844,71.83392,21.90783,-7.249892,              29P   1855
70.72957,24.48931,-5.047965,84.30993,23.69783,-4.88449,83.39338,      29P   1856
23.01193,-4.743096,82.39482,22.44059,-4.625538,81.32652,              29P   1857
21.99281,-4.533571,80.20073,21.67763,-4.468956,79.02971,              29P   1858
21.50405,-4.43345,77.8257,21.32979,-4.397805,76.61697,21.2937,        29P   1859
-4.39005,75.39775,21.39537,-4.410361,74.18371,21.63443,               29P   1860
-4.458919,72.99055,22.01048,-4.535903,71.83394,22.52311,              29P   1861
-4.64149,70.72957,24.74182,-2.17311,84.30993,23.94211,-2.102687,      29P   1862
83.39331,23.24896,-2.041591,82.39475,22.67154,-1.990684,              29P   1863
81.32648,22.21899,-1.950825,80.20074,21.90045,-1.922874,              29P   1864
79.02973,21.72509,-1.907691,77.8257,21.54905,-1.892448,76.61695,      29P   1865
21.51239,-1.889245,75.3977,21.61483,-1.898118,74.18364,21.85605,      29P   1866
-1.919104,72.99047,22.23575,-1.952241,71.83388,22.7536,               29P   1867
-1.997567,70.72956,1.,3.,1.,10.;                                      29P   1868
141,1,2,29,4,35,1,1,33,39,1,1,37,43,1,1,41,47,1,1,45;                 31P   1869
106,1,2,0.,1.,1.,3.,1.;                                               33P   1870
126,16,1,1,0,1,0,0.,0.,0.0625,0.125,0.1875,0.25,0.3125,0.375,         35P   1871
0.4375,0.5,0.5625,0.625,0.6875,0.75,0.8125,0.875,0.9375,1.,1.,        35P   1872
1.,1.,1.,1.,1.,1.,1.,1.,1.,1.,1.,1.,1.,1.,1.,1.,1.,24.74182,          35P   1873
-2.17311,84.30993,24.16737,-2.122513,83.60373,23.64502,               35P   1874
-2.076489,82.862,23.17691,-2.035241,82.08759,22.76519,-1.99897,       35P   1875
81.28337,22.41201,-1.967878,80.45221,22.1195,-1.942167,79.59696,      35P   1876
21.88981,-1.922037,78.72051,21.72509,-1.907691,77.8257,21.62572,      35P   1877
-1.899082,76.91729,21.59161,-1.896125,76.00763,21.6227,               35P   1878
-1.898829,75.10041,21.71892,-1.907203,74.19931,21.88019,              35P   1879
-1.921255,73.30799,22.10644,-1.940993,72.43014,22.3976,               35P   1880
-1.966428,71.56944,22.7536,-1.997567,70.72956,0.,1.,-0.08750186,      35P   1881
-0.9961644,-2.656808D-005;                                            35P   1882
106,1,2,0.,3.,1.,3.,10.;                                              37P   1883
126,117,1,1,1,1,0,0.,0.,0.008547008547,0.01709401709,                 39P   1884
0.02564102564,0.03418803419,0.04273504274,0.05128205128,              39P   1885
0.05982905983,0.06837606838,0.07692307692,0.08547008547,              39P   1886
0.09401709402,0.1025641026,0.1111111111,0.1196581197,                 39P   1887
0.1282051282,0.1367521368,0.1452991453,0.1538461538,                  39P   1888
0.1623931624,0.1709401709,0.1794871795,0.188034188,0.1965811966,      39P   1889
0.2051282051,0.2136752137,0.2222222222,0.2307692308,                  39P   1890
0.2393162393,0.2478632479,0.2564102564,0.264957265,0.2735042735,      39P   1891
0.2820512821,0.2905982906,0.2991452991,0.3076923077,                  39P   1892
0.3162393162,0.3247863248,0.3333333333,0.3418803419,                  39P   1893
0.3504273504,0.358974359,0.3675213675,0.3760683761,0.3846153846,      39P   1894
0.3931623932,0.4017094017,0.4102564103,0.4188034188,                  39P   1895
0.4273504274,0.4358974359,0.4444444444,0.452991453,0.4615384615,      39P   1896
0.4700854701,0.4786324786,0.4871794872,0.4957264957,                  39P   1897
0.5042735043,0.5128205128,0.5213675214,0.5299145299,                  39P   1898
0.5384615385,0.547008547,0.5555555556,0.5641025641,0.5726495726,      39P   1899
0.5811965812,0.5897435897,0.5982905983,0.6068376068,                  39P   1900
0.6153846154,0.6239316239,0.6324786325,0.641025641,0.6495726496,      39P   1901
0.6581196581,0.6666666667,0.6752136752,0.6837606838,                  39P   1902
0.6923076923,0.7008547009,0.7094017094,0.7179487179,                  39P   1903
0.7264957265,0.735042735,0.7435897436,0.7521367521,0.7606837607,      39P   1904
0.7692307692,0.7777777778,0.7863247863,0.7948717949,                  39P   1905
0.8034188034,0.811965812,0.8205128205,0.8290598291,0.8376068376,      39P   1906
0.8461538462,0.8547008547,0.8632478632,0.8717948718,                  39P   1907
0.8803418803,0.8888888889,0.8974358974,0.905982906,0.9145299145,      39P   1908
0.9230769231,0.9316239316,0.9401709402,0.9487179487,                  39P   1909
0.9572649573,0.9658119658,0.9743589744,0.9829059829,                  39P   1910
0.9914529915,1.,1.,1.,1.,1.,1.,1.,1.,1.,1.,1.,1.,1.,1.,1.,1.,1.,      39P   1911
1.,1.,1.,1.,1.,1.,1.,1.,1.,1.,1.,1.,1.,1.,1.,1.,1.,1.,1.,1.,1.,       39P   1912
1.,1.,1.,1.,1.,1.,1.,1.,1.,1.,1.,1.,1.,1.,1.,1.,1.,1.,1.,1.,1.,       39P   1913
1.,1.,1.,1.,1.,1.,1.,1.,1.,1.,1.,1.,1.,1.,1.,1.,1.,1.,1.,1.,1.,       39P   1914
1.,1.,1.,1.,1.,1.,1.,1.,1.,1.,1.,1.,1.,1.,1.,1.,1.,1.,1.,1.,1.,       39P   1915
1.,1.,1.,1.,1.,1.,1.,1.,1.,1.,1.,1.,1.,1.,1.,1.,1.,1.,1.,             39P   1916
22.7536,-1.997567,70.72956,22.82599,-0.7747294,70.72956,22.831,       39P   1917
0.4508849,70.72956,22.76956,1.675748,70.72956,22.64262,2.896331,      39P   1918
70.72956,22.45111,4.109105,70.72956,22.19594,5.310543,70.72956,       39P   1919
21.87807,6.497114,70.72956,21.49841,7.665292,70.72956,21.05791,       39P   1920
8.811547,70.72956,20.5575,9.932352,70.72955,19.9981,11.02418,         39P   1921
70.72955,19.38065,12.08349,70.72955,18.70608,13.10677,70.72955,       39P   1922
17.97566,14.09073,70.72955,17.19201,15.03307,70.72954,16.35809,       39P   1923
15.93174,70.72954,15.47686,16.78469,70.72954,14.55127,17.58986,       39P   1924
70.72954,13.58427,18.3452,70.72954,12.57884,19.04866,70.72953,        39P   1925
11.53791,19.69818,70.72953,10.46446,20.29171,70.72953,9.361428,       39P   1926
20.8272,70.72953,8.231783,21.3026,70.72953,7.078479,21.71585,         39P   1927
70.72953,5.904472,22.0649,70.72953,4.712828,22.34809,70.72953,        39P   1928
3.50704,22.56536,70.72953,2.290713,22.71703,70.72953,1.067448,        39P   1929
22.80344,70.72953,-0.1591513,22.82491,70.72954,-1.385482,             39P   1930
22.78178,70.72954,-2.607942,22.67438,70.72954,-3.822929,              39P   1931
22.50302,70.72954,-5.026839,22.26805,70.72955,-6.21607,21.9698,       39P   1932
70.72955,-7.387018,21.60858,70.72955,-8.536082,21.18474,              39P   1933
70.72956,-9.659659,20.6986,70.72956,-10.75432,20.15086,70.72956,      39P   1934
-11.81736,19.54366,70.72956,-12.84624,18.87951,70.72956,              39P   1935
-13.83841,18.16094,70.72956,-14.79135,17.39045,70.72956,              39P   1936
-15.70252,16.57055,70.72956,-16.56939,15.70376,70.72957,              39P   1937
-17.3894,14.79259,70.72956,-18.16004,13.83955,70.72956,               39P   1938
-18.87876,12.84716,70.72956,-19.54303,11.81793,70.72956,              39P   1939
-20.15031,10.75437,70.72956,-20.69806,9.658987,70.72956,              39P   1940
-21.18412,8.534492,70.72956,-21.60781,7.38434,70.72955,-21.9688,      39P   1941
6.212174,70.72955,-22.26679,5.021641,70.72955,-22.50145,              39P   1942
3.816385,70.72955,-22.67247,2.600053,70.72954,-22.77954,1.37629,      39P   1943
70.72954,-22.82234,0.1487409,70.72954,-22.80055,-1.078949,            39P   1944
70.72954,-22.71386,-2.303133,70.72954,-22.56196,-3.520167,            39P   1945
70.72954,-22.34453,-4.726405,70.72954,-22.06124,-5.918202,            39P   1946
70.72955,-21.71219,-7.092034,70.72955,-21.29902,-8.244865,            39P   1947
70.72956,-20.82378,-9.373782,70.72957,-20.28851,-10.47587,            39P   1948
70.72958,-19.69525,-11.54822,70.7296,-19.04604,-12.58791,             39P   1949
70.72963,-18.34294,-13.59204,70.72967,-17.58799,-14.55768,            39P   1950
70.72972,-16.78323,-15.48193,70.72977,-15.9307,-16.36186,             39P   1951
70.72984,-15.03245,-17.19457,70.72993,-14.09052,-17.97715,            39P   1952
70.73002,-13.10696,-18.70668,70.73014,-12.08406,-19.38056,            39P   1953
70.73027,-11.02509,-19.99752,70.73041,-9.933563,-20.55659,            39P   1954
70.73056,-8.81301,-21.05681,70.73071,-7.666945,-21.49722,             39P   1955
70.73087,-6.498889,-21.87685,70.73102,-5.312361,-22.19475,            39P   1956
70.73117,-4.110881,-22.44994,70.7313,-2.897968,-22.64148,             39P   1957
70.73142,-1.677141,-22.76839,70.73152,-0.4519205,-22.82971,           39P   1958
70.73159,0.7741742,-22.82448,70.73164,1.997624,-22.75175,             39P   1959
70.73165,3.214952,-22.61096,70.73163,4.422859,-22.40325,              39P   1960
70.73158,5.618089,-22.13018,70.7315,6.797383,-21.7933,70.73139,       39P   1961
7.957486,-21.39417,70.73127,9.095142,-20.93434,70.73113,              39P   1962
10.20709,-20.41536,70.73098,11.29008,-19.83879,70.73082,              39P   1963
12.34085,-19.20619,70.73066,13.35615,-18.51911,70.73051,              39P   1964
14.33272,-17.7791,70.73035,15.2673,-16.98772,70.73021,16.15663,       39P   1965
-16.14652,70.73009,16.99775,-15.25734,70.72997,17.78885,              39P   1966
-14.32313,70.72988,18.5284,-13.34711,70.7298,19.21488,-12.33251,      39P   1967
70.72974,19.84676,-11.28256,70.72969,20.42253,-10.20049,              39P   1968
70.72965,20.94065,-9.089514,70.72962,21.39961,-7.952871,70.7296,      39P   1969
21.79788,-6.793786,70.72958,22.13394,-5.615485,70.72957,              39P   1970
22.40626,-4.421197,70.72957,22.61332,-3.214148,70.72957,22.7536,      39P   1971
-1.997567,70.72956,0.,1.,-2.195947D-006,2.882426D-005,1.;             39P   1972
106,1,2,0.,3.,10.,1.,10.;                                             41P   1973
126,16,1,1,0,1,0,0.,0.,0.0625,0.125,0.1875,0.25,0.3125,0.375,         43P   1974
0.4375,0.5,0.5625,0.625,0.6875,0.75,0.8125,0.875,0.9375,1.,1.,        43P   1975
1.,1.,1.,1.,1.,1.,1.,1.,1.,1.,1.,1.,1.,1.,1.,1.,1.,22.7536,           43P   1976
-1.997567,70.72956,22.3976,-1.966428,71.56944,22.10644,               43P   1977
-1.940993,72.43014,21.88019,-1.921255,73.30799,21.71892,              43P   1978
-1.907203,74.19931,21.6227,-1.898829,75.10041,21.59161,               43P   1979
-1.896125,76.00763,21.62572,-1.899082,76.91729,21.72509,              43P   1980
-1.907691,77.8257,21.88981,-1.922037,78.72051,22.1195,-1.942167,      43P   1981
79.59696,22.41201,-1.967878,80.45221,22.76519,-1.99897,81.28337,      43P   1982
23.17691,-2.035241,82.08759,23.64502,-2.076489,82.862,24.16737,       43P   1983
-2.122513,83.60373,24.74182,-2.17311,84.30993,0.,1.,0.08750186,       43P   1984
0.9961644,2.656808D-005;                                              43P   1985
106,1,2,0.,1.,10.,1.,1.;                                              45P   1986
126,117,1,1,1,1,0,0.,0.,0.008547008547,0.01709401709,                 47P   1987
0.02564102564,0.03418803419,0.04273504274,0.05128205128,              47P   1988
0.05982905983,0.06837606838,0.07692307692,0.08547008547,              47P   1989
0.09401709402,0.1025641026,0.1111111111,0.1196581197,                 47P   1990
0.1282051282,0.1367521368,0.1452991453,0.1538461538,                  47P   1991
0.1623931624,0.1709401709,0.1794871795,0.188034188,0.1965811966,      47P   1992
0.2051282051,0.2136752137,0.2222222222,0.2307692308,                  47P   1993
0.2393162393,0.2478632479,0.2564102564,0.264957265,0.2735042735,      47P   1994
0.2820512821,0.2905982906,0.2991452991,0.3076923077,                  47P   1995
0.3162393162,0.3247863248,0.3333333333,0.3418803419,                  47P   1996
0.3504273504,0.358974359,0.3675213675,0.3760683761,0.3846153846,      47P   1997
0.3931623932,0.4017094017,0.4102564103,0.4188034188,                  47P   1998
0.4273504274,0.4358974359,0.4444444444,0.452991453,0.4615384615,      47P   1999
0.4700854701,0.4786324786,0.4871794872,0.4957264957,                  47P   2000
0.5042735043,0.5128205128,0.5213675214,0.5299145299,                  47P   2001
0.5384615385,0.547008547,0.5555555556,0.5641025641,0.5726495726,      47P   2002
0.5811965812,0.5897435897,0.5982905983,0.6068376068,                  47P   2003
0.6153846154,0.6239316239,0.6324786325,0.641025641,0.6495726496,      47P   2004
0.6581196581,0.6666666667,0.6752136752,0.6837606838,                  47P   2005
0.6923076923,0.7008547009,0.7094017094,0.7179487179,                  47P   2006
0.7264957265,0.735042735,0.7435897436,0.7521367521,0.7606837607,      47P   2007
0.7692307692,0.7777777778,0.7863247863,0.7948717949,                  47P   2008
0.8034188034,0.811965812,0.8205128205,0.8290598291,0.8376068376,      47P   2009
0.8461538462,0.8547008547,0.8632478632,0.8717948718,                  47P   2010
0.8803418803,0.8888888889,0.8974358974,0.905982906,0.9145299145,      47P   2011
0.9230769231,0.9316239316,0.9401709402,0.9487179487,                  47P   2012
0.9572649573,0.9658119658,0.9743589744,0.9829059829,                  47P   2013
0.9914529915,1.,1.,1.,1.,1.,1.,1.,1.,1.,1.,1.,1.,1.,1.,1.,1.,1.,      47P   2014
1.,1.,1.,1.,1.,1.,1.,1.,1.,1.,1.,1.,1.,1.,1.,1.,1.,1.,1.,1.,1.,       47P   2015
1.,1.,1.,1.,1.,1.,1.,1.,1.,1.,1.,1.,1.,1.,1.,1.,1.,1.,1.,1.,1.,       47P   2016
1.,1.,1.,1.,1.,1.,1.,1.,1.,1.,1.,1.,1.,1.,1.,1.,1.,1.,1.,1.,1.,       47P   2017
1.,1.,1.,1.,1.,1.,1.,1.,1.,1.,1.,1.,1.,1.,1.,1.,1.,1.,1.,1.,1.,       47P   2018
1.,1.,1.,1.,1.,1.,1.,1.,1.,1.,1.,1.,1.,1.,1.,1.,1.,1.,1.,             47P   2019
24.74182,-2.17311,84.30993,24.5884,-3.496111,84.30993,24.36235,       47P   2020
-4.809031,84.30993,24.06531,-6.108313,84.30993,23.69895,              47P   2021
-7.390401,84.30993,23.26493,-8.651737,84.30993,22.76492,              47P   2022
-9.888767,84.30993,22.20057,-11.09793,84.30993,21.57354,              47P   2023
-12.27568,84.30993,20.88549,-13.41844,84.30993,20.13809,              47P   2024
-14.52268,84.30993,19.33299,-15.58482,84.30993,18.47185,              47P   2025
-16.60132,84.30994,17.55634,-17.56861,84.30994,16.58843,              47P   2026
-18.48346,84.30994,15.57136,-19.34389,84.30995,14.50869,              47P   2027
-20.14825,84.30995,13.40397,-20.89488,84.30995,12.26077,              47P   2028
-21.58213,84.30996,11.08263,-22.20833,84.30997,9.873118,              47P   2029
-22.77183,84.30998,8.635787,-23.27098,84.30999,7.374195,              47P   2030
-23.70411,84.31,6.091898,-24.06957,84.31001,4.792452,-24.36571,       47P   2031
84.31003,3.479414,-24.59087,84.31004,2.156341,-24.74339,              47P   2032
84.31007,0.8268293,-24.82206,84.31009,-0.5053696,-24.82744,           47P   2033
84.31011,-1.836463,-24.76056,84.31014,-3.16266,-24.62243,             47P   2034
84.31016,-4.480169,-24.41405,84.31019,-5.785197,-24.13645,            47P   2035
84.31021,-7.073953,-23.79064,84.31024,-8.342646,-23.37763,            47P   2036
84.31026,-9.587482,-22.89843,84.31028,-10.80467,-22.35407,            47P   2037
84.31029,-11.99042,-21.74554,84.3103,-13.14094,-21.07387,             47P   2038
84.31031,-14.25244,-20.34008,84.31031,-15.32138,-19.54554,            47P   2039
84.3103,-16.34526,-18.69311,84.31029,-17.32185,-17.78604,             47P   2040
84.31028,-18.2489,-16.82755,84.31026,-19.12417,-15.82088,             47P   2041
84.31024,-19.94541,-14.76926,84.31021,-20.71039,-13.67592,            47P   2042
84.31018,-21.41687,-12.54411,84.31015,-22.06259,-11.37705,            47P   2043
84.31013,-22.64533,-10.17797,84.3101,-23.16284,-8.950109,             47P   2044
84.31007,-23.61287,-7.696703,84.31004,-23.99319,-6.420983,            47P   2045
84.31002,-24.30199,-5.126288,84.31,-24.53915,-3.816382,84.30999,      47P   2046
-24.705,-2.495131,84.30997,-24.79988,-1.166405,84.30996,              47P   2047
-24.82409,0.1659281,84.30995,-24.77797,1.498,84.30995,-24.66184,      47P   2048
2.825943,84.30994,-24.47603,4.145887,84.30994,-24.22085,              47P   2049
5.453966,84.30994,-23.89664,6.746309,84.30994,-23.50372,8.01905,      47P   2050
84.30994,-23.04241,9.26832,84.30994,-22.51304,10.49025,84.30994,      47P   2051
-21.91634,11.68115,84.30995,-21.25469,12.83802,84.30995,              47P   2052
-20.5309,13.95806,84.30996,-19.74775,15.03844,84.30996,               47P   2053
-18.90804,16.07635,84.30996,-18.01456,17.06898,84.30997,              47P   2054
-17.07011,18.01351,84.30997,-16.07749,18.90712,84.30998,              47P   2055
-15.03948,19.74699,84.30998,-13.95888,20.53033,84.30998,              47P   2056
-12.83849,21.2543,84.30999,-11.6811,21.91609,84.30999,-10.48951,      47P   2057
22.51289,84.30999,-9.26669,23.04229,84.30999,-8.016362,23.50357,      47P   2058
84.30998,-6.742429,23.89639,84.30998,-5.448793,24.22044,              47P   2059
84.30998,-4.139354,24.47539,84.30998,-2.818016,24.66092,              47P   2060
84.30997,-1.488681,24.77672,84.30997,-0.1552498,24.82245,             47P   2061
84.30996,1.178374,24.79779,84.30996,2.508289,24.70243,84.30995,       47P   2062
3.830593,24.53604,84.30995,5.141384,24.2983,84.30994,6.43676,         47P   2063
23.98889,84.30994,7.712933,23.60791,84.30994,8.966573,23.15718,       47P   2064
84.30994,10.19447,22.63896,84.30993,11.3934,22.05549,84.30993,        47P   2065
12.56016,21.40902,84.30993,13.69152,20.70179,84.30993,14.78429,       47P   2066
19.93606,84.30993,15.83523,19.11408,84.30993,16.84114,18.23809,       47P   2067
84.30993,17.79879,17.31034,84.30993,18.70499,16.33308,84.30993,       47P   2068
19.55651,15.30855,84.30993,20.35013,14.23902,84.30993,21.08301,       47P   2069
13.12697,84.30993,21.75377,11.97596,84.30993,22.3614,10.78976,        47P   2070
84.30993,22.90487,9.572168,84.30993,23.38317,8.32698,84.30993,        47P   2071
23.79529,7.057984,84.30993,24.14022,5.768972,84.30993,24.41694,       47P   2072
4.463736,84.30993,24.62443,3.146066,84.30993,24.76167,1.819756,       47P   2073
84.30993,24.82767,0.4885948,84.30993,24.82139,-0.8436243,             47P   2074
84.30993,24.74182,-2.17311,84.30993,0.,1.,-2.927657D-006,             47P   2075
-3.661143D-006,-1.;                                                   47P   2076
143,1,51,1,53;                                                        49P   2077
128,72,36,6,6,1,0,1,0,0,0.,1.,1.,1.,1.,1.,1.,2.,2.,2.,2.,2.,2.,       51P   2078
3.,3.,3.,3.,3.,3.,4.,4.,4.,4.,4.,4.,5.,5.,5.,5.,5.,5.,6.,6.,6.,       51P   2079
6.,6.,6.,7.,7.,7.,7.,7.,7.,8.,8.,8.,8.,8.,8.,9.,9.,9.,9.,9.,9.,       51P   2080
10.,10.,10.,10.,10.,10.,11.,11.,11.,11.,11.,11.,12.,12.,12.,12.,      51P   2081
12.,12.,13.,13.,13.,13.,13.,13.,14.,1.,1.,1.,1.,1.,1.,1.,2.,2.,       51P   2082
2.,2.,2.,2.,3.,3.,3.,3.,3.,3.,4.,4.,4.,4.,4.,4.,5.,5.,5.,5.,5.,       51P   2083
5.,6.,6.,6.,6.,6.,6.,7.,7.,7.,7.,7.,7.,7.,1.,1.,1.,1.,1.,1.,1.,       51P   2084
1.,1.,1.,1.,1.,1.,1.,1.,1.,1.,1.,1.,1.,1.,1.,1.,1.,1.,1.,1.,1.,       51P   2085
1.,1.,1.,1.,1.,1.,1.,1.,1.,1.,1.,1.,1.,1.,1.,1.,1.,1.,1.,1.,1.,       51P   2086
1.,1.,1.,1.,1.,1.,1.,1.,1.,1.,1.,1.,1.,1.,1.,1.,1.,1.,1.,1.,1.,       51P   2087
1.,1.,1.,1.,1.,1.,1.,1.,1.,1.,1.,1.,1.,1.,1.,1.,1.,1.,1.,1.,1.,       51P   2088
1.,1.,1.,1.,1.,1.,1.,1.,1.,1.,1.,1.,1.,1.,1.,1.,1.,1.,1.,1.,1.,       51P   2089
1.,1.,1.,1.,1.,1.,1.,1.,1.,1.,1.,1.,1.,1.,1.,1.,1.,1.,1.,1.,1.,       51P   2090
1.,1.,1.,1.,1.,1.,1.,1.,1.,1.,1.,1.,1.,1.,1.,1.,1.,1.,1.,1.,1.,       51P   2091
1.,1.,1.,1.,1.,1.,1.,1.,1.,1.,1.,1.,1.,1.,1.,1.,1.,1.,1.,1.,1.,       51P   2092
1.,1.,1.,1.,1.,1.,1.,1.,1.,1.,1.,1.,1.,1.,1.,1.,1.,1.,1.,1.,1.,       51P   2093
1.,1.,1.,1.,1.,1.,1.,1.,1.,1.,1.,1.,1.,1.,1.,1.,1.,1.,1.,1.,1.,       51P   2094
1.,1.,1.,1.,1.,1.,1.,1.,1.,1.,1.,1.,1.,1.,1.,1.,1.,1.,1.,1.,1.,       51P   2095
1.,1.,1.,1.,1.,1.,1.,1.,1.,1.,1.,1.,1.,1.,1.,1.,1.,1.,1.,1.,1.,       51P   2096
1.,1.,1.,1.,1.,1.,1.,1.,1.,1.,1.,1.,1.,1.,1.,1.,1.,1.,1.,1.,1.,       51P   2097
1.,1.,1.,1.,1.,1.,1.,1.,1.,1.,1.,1.,1.,1.,1.,1.,1.,1.,1.,1.,1.,       51P   2098
1.,1.,1.,1.,1.,1.,1.,1.,1.,1.,1.,1.,1.,1.,1.,1.,1.,1.,1.,1.,1.,       51P   2099
1.,1.,1.,1.,1.,1.,1.,1.,1.,1.,1.,1.,1.,1.,1.,1.,1.,1.,1.,1.,1.,       51P   2100
1.,1.,1.,1.,1.,1.,1.,1.,1.,1.,1.,1.,1.,1.,1.,1.,1.,1.,1.,1.,1.,       51P   2101
1.,1.,1.,1.,1.,1.,1.,1.,1.,1.,1.,1.,1.,1.,1.,1.,1.,1.,1.,1.,1.,       51P   2102
1.,1.,1.,1.,1.,1.,1.,1.,1.,1.,1.,1.,1.,1.,1.,1.,1.,1.,1.,1.,1.,       51P   2103
1.,1.,1.,1.,1.,1.,1.,1.,1.,1.,1.,1.,1.,1.,1.,1.,1.,1.,1.,1.,1.,       51P   2104
1.,1.,1.,1.,1.,1.,1.,1.,1.,1.,1.,1.,1.,1.,1.,1.,1.,1.,1.,1.,1.,       51P   2105
1.,1.,1.,1.,1.,1.,1.,1.,1.,1.,1.,1.,1.,1.,1.,1.,1.,1.,1.,1.,1.,       51P   2106
1.,1.,1.,1.,1.,1.,1.,1.,1.,1.,1.,1.,1.,1.,1.,1.,1.,1.,1.,1.,1.,       51P   2107
1.,1.,1.,1.,1.,1.,1.,1.,1.,1.,1.,1.,1.,1.,1.,1.,1.,1.,1.,1.,1.,       51P   2108
1.,1.,1.,1.,1.,1.,1.,1.,1.,1.,1.,1.,1.,1.,1.,1.,1.,1.,1.,1.,1.,       51P   2109
1.,1.,1.,1.,1.,1.,1.,1.,1.,1.,1.,1.,1.,1.,1.,1.,1.,1.,1.,1.,1.,       51P   2110
1.,1.,1.,1.,1.,1.,1.,1.,1.,1.,1.,1.,1.,1.,1.,1.,1.,1.,1.,1.,1.,       51P   2111
1.,1.,1.,1.,1.,1.,1.,1.,1.,1.,1.,1.,1.,1.,1.,1.,1.,1.,1.,1.,1.,       51P   2112
1.,1.,1.,1.,1.,1.,1.,1.,1.,1.,1.,1.,1.,1.,1.,1.,1.,1.,1.,1.,1.,       51P   2113
1.,1.,1.,1.,1.,1.,1.,1.,1.,1.,1.,1.,1.,1.,1.,1.,1.,1.,1.,1.,1.,       51P   2114
1.,1.,1.,1.,1.,1.,1.,1.,1.,1.,1.,1.,1.,1.,1.,1.,1.,1.,1.,1.,1.,       51P   2115
1.,1.,1.,1.,1.,1.,1.,1.,1.,1.,1.,1.,1.,1.,1.,1.,1.,1.,1.,1.,1.,       51P   2116
1.,1.,1.,1.,1.,1.,1.,1.,1.,1.,1.,1.,1.,1.,1.,1.,1.,1.,1.,1.,1.,       51P   2117
1.,1.,1.,1.,1.,1.,1.,1.,1.,1.,1.,1.,1.,1.,1.,1.,1.,1.,1.,1.,1.,       51P   2118
1.,1.,1.,1.,1.,1.,1.,1.,1.,1.,1.,1.,1.,1.,1.,1.,1.,1.,1.,1.,1.,       51P   2119
1.,1.,1.,1.,1.,1.,1.,1.,1.,1.,1.,1.,1.,1.,1.,1.,1.,1.,1.,1.,1.,       51P   2120
1.,1.,1.,1.,1.,1.,1.,1.,1.,1.,1.,1.,1.,1.,1.,1.,1.,1.,1.,1.,1.,       51P   2121
1.,1.,1.,1.,1.,1.,1.,1.,1.,1.,1.,1.,1.,1.,1.,1.,1.,1.,1.,1.,1.,       51P   2122
1.,1.,1.,1.,1.,1.,1.,1.,1.,1.,1.,1.,1.,1.,1.,1.,1.,1.,1.,1.,1.,       51P   2123
1.,1.,1.,1.,1.,1.,1.,1.,1.,1.,1.,1.,1.,1.,1.,1.,1.,1.,1.,1.,1.,       51P   2124
1.,1.,1.,1.,1.,1.,1.,1.,1.,1.,1.,1.,1.,1.,1.,1.,1.,1.,1.,1.,1.,       51P   2125
1.,1.,1.,1.,1.,1.,1.,1.,1.,1.,1.,1.,1.,1.,1.,1.,1.,1.,1.,1.,1.,       51P   2126
1.,1.,1.,1.,1.,1.,1.,1.,1.,1.,1.,1.,1.,1.,1.,1.,1.,1.,1.,1.,1.,       51P   2127
1.,1.,1.,1.,1.,1.,1.,1.,1.,1.,1.,1.,1.,1.,1.,1.,1.,1.,1.,1.,1.,       51P   2128
1.,1.,1.,1.,1.,1.,1.,1.,1.,1.,1.,1.,1.,1.,1.,1.,1.,1.,1.,1.,1.,       51P   2129
1.,1.,1.,1.,1.,1.,1.,1.,1.,1.,1.,1.,1.,1.,1.,1.,1.,1.,1.,1.,1.,       51P   2130
1.,1.,1.,1.,1.,1.,1.,1.,1.,1.,1.,1.,1.,1.,1.,1.,1.,1.,1.,1.,1.,       51P   2131
1.,1.,1.,1.,1.,1.,1.,1.,1.,1.,1.,1.,1.,1.,1.,1.,1.,1.,1.,1.,1.,       51P   2132
1.,1.,1.,1.,1.,1.,1.,1.,1.,1.,1.,1.,1.,1.,1.,1.,1.,1.,1.,1.,1.,       51P   2133
1.,1.,1.,1.,1.,1.,1.,1.,1.,1.,1.,1.,1.,1.,1.,1.,1.,1.,1.,1.,1.,       51P   2134
1.,1.,1.,1.,1.,1.,1.,1.,1.,1.,1.,1.,1.,1.,1.,1.,1.,1.,1.,1.,1.,       51P   2135
1.,1.,1.,1.,1.,1.,1.,1.,1.,1.,1.,1.,1.,1.,1.,1.,1.,1.,1.,1.,1.,       51P   2136
1.,1.,1.,1.,1.,1.,1.,1.,1.,1.,1.,1.,1.,1.,1.,1.,1.,1.,1.,1.,1.,       51P   2137
1.,1.,1.,1.,1.,1.,1.,1.,1.,1.,1.,1.,1.,1.,1.,1.,1.,1.,1.,1.,1.,       51P   2138
1.,1.,1.,1.,1.,1.,1.,1.,1.,1.,1.,1.,1.,1.,1.,1.,1.,1.,1.,1.,1.,       51P   2139
1.,1.,1.,1.,1.,1.,1.,1.,1.,1.,1.,1.,1.,1.,1.,1.,1.,1.,1.,1.,1.,       51P   2140
1.,1.,1.,1.,1.,1.,1.,1.,1.,1.,1.,1.,1.,1.,1.,1.,1.,1.,1.,1.,1.,       51P   2141
1.,1.,1.,1.,1.,1.,1.,1.,1.,1.,1.,1.,1.,1.,1.,1.,1.,1.,1.,1.,1.,       51P   2142
1.,1.,1.,1.,1.,1.,1.,1.,1.,1.,1.,1.,1.,1.,1.,1.,1.,1.,1.,1.,1.,       51P   2143
1.,1.,1.,1.,1.,1.,1.,1.,1.,1.,1.,1.,1.,1.,1.,1.,1.,1.,1.,1.,1.,       51P   2144
1.,1.,1.,1.,1.,1.,1.,1.,1.,1.,1.,1.,1.,1.,1.,1.,1.,1.,1.,1.,1.,       51P   2145
1.,1.,1.,1.,1.,1.,1.,1.,1.,1.,1.,1.,1.,1.,1.,1.,1.,1.,1.,1.,1.,       51P   2146
1.,1.,1.,1.,1.,1.,1.,1.,1.,1.,1.,1.,1.,1.,1.,1.,1.,1.,1.,1.,1.,       51P   2147
1.,1.,1.,1.,1.,1.,1.,1.,1.,1.,1.,1.,1.,1.,1.,1.,1.,1.,1.,1.,1.,       51P   2148
1.,1.,1.,1.,1.,1.,1.,1.,1.,1.,1.,1.,1.,1.,1.,1.,1.,1.,1.,1.,1.,       51P   2149
1.,1.,1.,1.,1.,1.,1.,1.,1.,1.,1.,1.,1.,1.,1.,1.,1.,1.,1.,1.,1.,       51P   2150
1.,1.,1.,1.,1.,1.,1.,1.,1.,1.,1.,1.,1.,1.,1.,1.,1.,1.,1.,1.,1.,       51P   2151
1.,1.,1.,1.,1.,1.,1.,1.,1.,1.,1.,1.,1.,1.,1.,1.,1.,1.,1.,1.,1.,       51P   2152
1.,1.,1.,1.,1.,1.,1.,1.,1.,1.,1.,1.,1.,1.,1.,1.,1.,1.,1.,1.,1.,       51P   2153
1.,1.,1.,1.,1.,1.,1.,1.,1.,1.,1.,1.,1.,1.,1.,1.,1.,1.,1.,1.,1.,       51P   2154
1.,1.,1.,1.,1.,1.,1.,1.,1.,1.,1.,1.,1.,1.,1.,1.,1.,1.,1.,1.,1.,       51P   2155
1.,1.,1.,1.,1.,1.,1.,1.,1.,1.,1.,1.,1.,1.,1.,1.,1.,1.,1.,1.,1.,       51P   2156
1.,1.,1.,1.,1.,1.,1.,1.,1.,1.,1.,1.,1.,1.,1.,1.,1.,1.,1.,1.,1.,       51P   2157
1.,1.,1.,1.,1.,1.,1.,1.,1.,1.,1.,1.,1.,1.,1.,1.,1.,1.,1.,1.,1.,       51P   2158
1.,1.,1.,1.,1.,1.,1.,1.,1.,1.,1.,1.,1.,1.,1.,1.,1.,1.,1.,1.,1.,       51P   2159
1.,1.,1.,1.,1.,1.,1.,1.,1.,1.,1.,1.,1.,1.,1.,1.,1.,1.,1.,1.,1.,       51P   2160
1.,1.,1.,1.,1.,1.,1.,1.,1.,1.,1.,1.,1.,1.,1.,1.,1.,1.,1.,1.,1.,       51P   2161
1.,1.,1.,1.,1.,1.,1.,1.,1.,1.,1.,1.,1.,1.,1.,1.,1.,1.,1.,1.,1.,       51P   2162
1.,1.,1.,1.,1.,1.,1.,1.,1.,1.,1.,1.,1.,1.,1.,1.,1.,1.,1.,1.,1.,       51P   2163
1.,1.,1.,1.,1.,1.,1.,1.,1.,1.,1.,1.,1.,1.,1.,1.,1.,1.,1.,1.,1.,       51P   2164
1.,1.,1.,1.,1.,1.,1.,1.,1.,1.,1.,1.,1.,1.,1.,1.,1.,1.,1.,1.,1.,       51P   2165
1.,1.,1.,1.,1.,1.,1.,1.,1.,1.,1.,1.,1.,1.,1.,1.,1.,1.,1.,1.,1.,       51P   2166
1.,1.,1.,1.,1.,1.,1.,1.,1.,1.,1.,1.,1.,1.,1.,1.,1.,1.,1.,1.,1.,       51P   2167
1.,1.,1.,1.,1.,1.,1.,1.,1.,1.,1.,1.,1.,1.,1.,1.,1.,1.,1.,1.,1.,       51P   2168
1.,1.,1.,1.,1.,1.,1.,1.,1.,1.,1.,1.,1.,1.,1.,1.,1.,1.,1.,1.,1.,       51P   2169
1.,1.,1.,1.,1.,1.,1.,1.,1.,1.,1.,1.,1.,1.,1.,1.,1.,1.,1.,1.,1.,       51P   2170
1.,1.,1.,1.,1.,1.,1.,1.,1.,1.,1.,1.,1.,1.,1.,1.,1.,1.,1.,1.,1.,       51P   2171
1.,1.,1.,1.,1.,1.,1.,1.,1.,1.,1.,1.,1.,1.,1.,1.,1.,1.,1.,1.,1.,       51P   2172
1.,1.,1.,1.,1.,1.,1.,1.,1.,1.,1.,1.,1.,1.,1.,1.,1.,1.,1.,1.,1.,       51P   2173
1.,1.,1.,1.,1.,1.,1.,1.,1.,1.,1.,1.,1.,1.,1.,1.,1.,1.,1.,1.,1.,       51P   2174
1.,1.,1.,1.,1.,1.,1.,1.,1.,1.,1.,1.,1.,1.,1.,1.,1.,1.,1.,1.,1.,       51P   2175
1.,1.,1.,1.,1.,1.,1.,1.,1.,1.,1.,1.,1.,1.,1.,1.,1.,1.,1.,1.,1.,       51P   2176
1.,1.,1.,1.,1.,1.,1.,1.,1.,1.,1.,1.,1.,1.,1.,1.,1.,1.,1.,1.,1.,       51P   2177
1.,1.,1.,1.,1.,1.,1.,1.,1.,1.,1.,1.,1.,1.,1.,1.,1.,1.,1.,1.,1.,       51P   2178
1.,1.,1.,1.,1.,1.,1.,1.,1.,1.,1.,1.,1.,1.,1.,1.,1.,1.,1.,1.,1.,       51P   2179
1.,1.,1.,1.,1.,1.,1.,1.,1.,1.,1.,1.,1.,1.,1.,1.,1.,1.,1.,1.,1.,       51P   2180
1.,1.,1.,1.,1.,1.,1.,1.,1.,1.,1.,1.,1.,1.,1.,1.,1.,1.,1.,1.,1.,       51P   2181
1.,1.,1.,1.,1.,1.,1.,1.,1.,1.,1.,1.,1.,1.,1.,1.,1.,1.,1.,1.,1.,       51P   2182
1.,1.,1.,1.,1.,1.,1.,1.,1.,1.,1.,1.,1.,1.,1.,1.,1.,1.,1.,1.,1.,       51P   2183
1.,1.,1.,1.,1.,1.,1.,1.,1.,1.,1.,1.,1.,1.,1.,1.,1.,1.,1.,1.,1.,       51P   2184
1.,1.,1.,1.,1.,1.,1.,1.,1.,1.,1.,1.,1.,1.,1.,1.,1.,1.,1.,1.,1.,       51P   2185
1.,1.,1.,1.,1.,1.,1.,1.,1.,1.,1.,1.,1.,1.,1.,1.,1.,1.,1.,1.,1.,       51P   2186
1.,1.,1.,1.,1.,1.,1.,1.,1.,1.,1.,1.,1.,1.,1.,1.,1.,1.,1.,1.,1.,       51P   2187
1.,1.,1.,1.,1.,1.,1.,1.,1.,1.,1.,1.,1.,1.,1.,1.,1.,1.,1.,1.,1.,       51P   2188
1.,1.,1.,1.,1.,1.,1.,1.,1.,1.,1.,1.,1.,1.,1.,1.,1.,1.,1.,1.,1.,       51P   2189
1.,1.,1.,1.,1.,1.,1.,1.,1.,1.,1.,1.,1.,1.,1.,1.,1.,1.,1.,1.,1.,       51P   2190
1.,1.,1.,1.,1.,1.,1.,1.,1.,1.,1.,1.,1.,1.,1.,1.,1.,1.,1.,1.,1.,       51P   2191
1.,1.,1.,1.,1.,1.,1.,1.,1.,1.,1.,1.,1.,1.,1.,1.,1.,1.,1.,1.,1.,       51P   2192
1.,1.,1.,1.,1.,1.,1.,1.,1.,1.,1.,1.,1.,1.,1.,1.,1.,1.,1.,1.,1.,       51P   2193
1.,1.,1.,1.,1.,1.,1.,1.,1.,1.,1.,1.,1.,1.,1.,1.,1.,1.,1.,1.,1.,       51P   2194
1.,1.,1.,1.,1.,1.,1.,1.,1.,1.,1.,1.,1.,1.,1.,1.,1.,1.,1.,1.,1.,       51P   2195
1.,1.,1.,1.,1.,1.,1.,1.,1.,1.,1.,1.,1.,1.,1.,1.,1.,1.,1.,1.,1.,       51P   2196
1.,1.,1.,1.,1.,1.,1.,1.,1.,1.,1.,1.,1.,1.,1.,1.,1.,1.,1.,1.,1.,       51P   2197
1.,1.,1.,1.,1.,1.,1.,1.,1.,1.,1.,1.,1.,1.,1.,1.,1.,1.,1.,1.,1.,       51P   2198
1.,1.,1.,1.,1.,1.,1.,1.,1.,1.,1.,1.,1.,1.,1.,1.,1.,1.,1.,1.,1.,       51P   2199
1.,1.,1.,1.,1.,1.,1.,1.,1.,1.,1.,1.,1.,1.,1.,1.,1.,1.,1.,1.,1.,       51P   2200
1.,1.,1.,1.,1.,1.,1.,1.,1.,1.,1.,1.,1.,1.,1.,1.,1.,1.,1.,1.,1.,       51P   2201
1.,1.,1.,1.,1.,1.,1.,1.,1.,1.,1.,1.,1.,1.,1.,1.,1.,1.,1.,1.,1.,       51P   2202
1.,1.,1.,1.,1.,1.,1.,1.,1.,1.,1.,1.,1.,1.,1.,1.,1.,1.,1.,1.,1.,       51P   2203
1.,1.,1.,1.,1.,1.,1.,1.,1.,1.,1.,1.,1.,1.,1.,1.,1.,1.,1.,1.,1.,       51P   2204
1.,1.,1.,1.,1.,1.,1.,1.,1.,1.,1.,1.,1.,1.,1.,1.,1.,1.,1.,1.,1.,       51P   2205
1.,1.,1.,1.,1.,1.,1.,1.,1.,1.,1.,1.,1.,1.,1.,1.,1.,1.,1.,1.,1.,       51P   2206
1.,1.,1.,1.,1.,1.,1.,1.,1.,1.,1.,1.,1.,1.,1.,1.,1.,1.,1.,1.,1.,       51P   2207
1.,1.,1.,1.,1.,1.,1.,1.,1.,1.,1.,1.,1.,1.,1.,1.,1.,1.,1.,1.,1.,       51P   2208
1.,1.,1.,1.,1.,1.,1.,1.,1.,1.,1.,1.,1.,1.,1.,1.,1.,1.,1.,1.,1.,       51P   2209
1.,1.,1.,1.,1.,1.,1.,1.,1.,1.,1.,1.,1.,1.,1.,1.,1.,1.,1.,1.,1.,       51P   2210
1.,1.,1.,1.,1.,1.,1.,1.,1.,1.,1.,1.,1.,1.,1.,1.,1.,1.,1.,1.,1.,       51P   2211
1.,1.,1.,1.,1.,1.,1.,1.,1.,1.,1.,1.,1.,1.,1.,1.,1.,1.,1.,1.,1.,       51P   2212
1.,1.,1.,1.,1.,1.,1.034D-006,0.1,148.9279,0.008777867,                51P   2213
0.09999991,148.9279,0.01749284,0.09907569,148.9279,0.02605929,        51P   2214
0.09725058,148.9279,0.03439056,0.09454778,148.9279,0.04239998,        51P   2215
0.09099052,148.9279,0.0500009,0.08660202,148.9279,0.05760181,         51P   2216
0.08221353,148.9279,0.06468709,0.07705565,148.9279,0.0711933,         51P   2217
0.07119182,148.9279,0.07705699,0.0646855,148.9279,0.08221472,         51P   2218
0.05760011,148.9279,0.08660306,0.0499991,148.9279,0.0909914,          51P   2219
0.0423981,148.9279,0.09454849,0.0343886,148.9279,0.09725111,          51P   2220
0.02605728,148.9279,0.09907606,0.01749079,148.9279,0.1000001,         51P   2221
0.008775799,148.9279,0.1,-1.034D-006,148.9279,0.09999991,             51P   2222
-0.008777867,148.9279,0.09907569,-0.01749284,148.9279,                51P   2223
0.09725058,-0.02605929,148.9279,0.09454778,-0.03439056,148.9279,      51P   2224
0.09099052,-0.04239998,148.9279,0.08660202,-0.0500009,148.9279,       51P   2225
0.08221353,-0.05760181,148.9279,0.07705565,-0.06468709,148.9279,      51P   2226
0.07119182,-0.0711933,148.9279,0.0646855,-0.07705699,148.9279,        51P   2227
0.05760011,-0.08221472,148.9279,0.0499991,-0.08660306,148.9279,       51P   2228
0.0423981,-0.0909914,148.9279,0.0343886,-0.09454849,148.9279,         51P   2229
0.02605728,-0.09725111,148.9279,0.01749079,-0.09907606,148.9279,      51P   2230
0.008775799,-0.1000001,148.9279,-1.034D-006,-0.1,148.9279,            51P   2231
-0.008777867,-0.09999991,148.9279,-0.01749284,-0.09907569,            51P   2232
148.9279,-0.02605929,-0.09725058,148.9279,-0.03439056,                51P   2233
-0.09454778,148.9279,-0.04239998,-0.09099052,148.9279,                51P   2234
-0.0500009,-0.08660202,148.9279,-0.05760181,-0.08221353,              51P   2235
148.9279,-0.06468709,-0.07705565,148.9279,-0.0711933,                 51P   2236
-0.07119182,148.9279,-0.07705699,-0.0646855,148.9279,                 51P   2237
-0.08221472,-0.05760011,148.9279,-0.08660306,-0.0499991,              51P   2238
148.9279,-0.0909914,-0.0423981,148.9279,-0.09454849,-0.0343886,       51P   2239
148.9279,-0.09725111,-0.02605728,148.9279,-0.09907606,                51P   2240
-0.01749079,148.9279,-0.1000001,-0.008775799,148.9279,-0.1,           51P   2241
1.034D-006,148.9279,-0.09999991,0.008777867,148.9279,                 51P   2242
-0.09907569,0.01749284,148.9279,-0.09725058,0.02605929,148.9279,      51P   2243
-0.09454778,0.03439056,148.9279,-0.09099052,0.04239998,148.9279,      51P   2244
-0.08660202,0.0500009,148.9279,-0.08221353,0.05760181,148.9279,       51P   2245
-0.07705565,0.06468709,148.9279,-0.07119182,0.0711933,148.9279,       51P   2246
-0.0646855,0.07705699,148.9279,-0.05760011,0.08221472,148.9279,       51P   2247
-0.0499991,0.08660306,148.9279,-0.0423981,0.0909914,148.9279,         51P   2248
-0.0343886,0.09454849,148.9279,-0.02605728,0.09725111,148.9279,       51P   2249
-0.01749079,0.09907606,148.9279,-0.008775799,0.1000001,148.9279,      51P   2250
1.034D-006,0.1,148.9279,1.032892D-006,0.1372014,148.9143,             51P   2251
0.01204298,0.1372013,148.9143,0.02400005,0.1359333,148.9143,          51P   2252
0.03575334,0.1334292,148.9143,0.04718396,0.129721,148.9143,           51P   2253
0.05817301,0.1248404,148.9143,0.06860157,0.1188193,148.9143,          51P   2254
0.07903015,0.1127983,148.9143,0.08875128,0.1057216,148.9143,          51P   2255
0.0976779,0.09767641,148.9143,0.105723,0.08874967,148.9143,           51P   2256
0.1127995,0.07902844,148.9143,0.1188204,0.06859978,148.9143,          51P   2257
0.1248413,0.05817111,148.9143,0.1297217,0.04718198,148.9143,          51P   2258
0.1334298,0.0357513,148.9143,0.1359336,0.02399797,148.9143,           51P   2259
0.1372015,0.01204089,148.9143,0.1372014,-1.032892D-006,148.9143,      51P   2260
0.1372013,-0.01204298,148.9143,0.1359333,-0.02400005,148.9143,        51P   2261
0.1334292,-0.03575334,148.9143,0.129721,-0.04718396,148.9143,         51P   2262
0.1248404,-0.05817301,148.9143,0.1188193,-0.06860157,148.9143,        51P   2263
0.1127983,-0.07903015,148.9143,0.1057216,-0.08875128,148.9143,        51P   2264
0.09767641,-0.0976779,148.9143,0.08874967,-0.105723,148.9143,         51P   2265
0.07902844,-0.1127995,148.9143,0.06859978,-0.1188204,148.9143,        51P   2266
0.05817111,-0.1248413,148.9143,0.04718198,-0.1297217,148.9143,        51P   2267
0.0357513,-0.1334298,148.9143,0.02399797,-0.1359336,148.9143,         51P   2268
0.01204089,-0.1372015,148.9143,-1.032892D-006,-0.1372014,             51P   2269
148.9143,-0.01204298,-0.1372013,148.9143,-0.02400005,-0.1359333,      51P   2270
148.9143,-0.03575334,-0.1334292,148.9143,-0.04718396,-0.129721,       51P   2271
148.9143,-0.05817301,-0.1248404,148.9143,-0.06860157,-0.1188193,      51P   2272
148.9143,-0.07903015,-0.1127983,148.9143,-0.08875128,-0.1057216,      51P   2273
148.9143,-0.0976779,-0.09767641,148.9143,-0.105723,-0.08874967,       51P   2274
148.9143,-0.1127995,-0.07902844,148.9143,-0.1188204,-0.06859978,      51P   2275
148.9143,-0.1248413,-0.05817111,148.9143,-0.1297217,-0.04718198,      51P   2276
148.9143,-0.1334298,-0.0357513,148.9143,-0.1359336,-0.02399797,       51P   2277
148.9143,-0.1372015,-0.01204089,148.9143,-0.1372014,                  51P   2278
1.032892D-006,148.9143,-0.1372013,0.01204298,148.9143,                51P   2279
-0.1359333,0.02400005,148.9143,-0.1334292,0.03575334,148.9143,        51P   2280
-0.129721,0.04718396,148.9143,-0.1248404,0.05817301,148.9143,         51P   2281
-0.1188193,0.06860157,148.9143,-0.1127983,0.07903015,148.9143,        51P   2282
-0.1057216,0.08875128,148.9143,-0.09767641,0.0976779,148.9143,        51P   2283
-0.08874967,0.105723,148.9143,-0.07902844,0.1127995,148.9143,         51P   2284
-0.06859978,0.1188204,148.9143,-0.05817111,0.1248413,148.9143,        51P   2285
-0.04718198,0.1297217,148.9143,-0.0357513,0.1334298,148.9143,         51P   2286
-0.02399797,0.1359336,148.9143,-0.01204089,0.1372015,148.9143,        51P   2287
1.032892D-006,0.1372014,148.9143,1.031783D-006,0.1744027,             51P   2288
148.9008,0.01530808,0.1744026,148.9008,0.03050724,0.1727908,          51P   2289
148.9008,0.04544737,0.1696078,148.9008,0.05997735,0.1648941,          51P   2290
148.9008,0.07394602,0.1586902,148.9008,0.08720225,0.1510367,          51P   2291
148.9008,0.1004585,0.1433831,148.9008,0.1128155,0.1343876,            51P   2292
148.9008,0.1241625,0.124161,148.9008,0.134389,0.1128138,              51P   2293
148.9008,0.1433843,0.1004568,148.9008,0.1510377,0.08720046,           51P   2294
148.9008,0.1586911,0.07394413,148.9008,0.1648949,0.05997538,          51P   2295
148.9008,0.1696084,0.04544534,148.9008,0.1727912,0.03050516,          51P   2296
148.9008,0.1744028,0.01530599,148.9008,0.1744027,-1.031783D-006,      51P   2297
148.9008,0.1744026,-0.01530808,148.9008,0.1727908,-0.03050724,        51P   2298
148.9008,0.1696078,-0.04544737,148.9008,0.1648941,-0.05997735,        51P   2299
148.9008,0.1586902,-0.07394602,148.9008,0.1510367,-0.08720225,        51P   2300
148.9008,0.1433831,-0.1004585,148.9008,0.1343876,-0.1128155,          51P   2301
148.9008,0.124161,-0.1241625,148.9008,0.1128138,-0.134389,            51P   2302
148.9008,0.1004568,-0.1433843,148.9008,0.08720046,-0.1510377,         51P   2303
148.9008,0.07394413,-0.1586911,148.9008,0.05997538,-0.1648949,        51P   2304
148.9008,0.04544534,-0.1696084,148.9008,0.03050516,-0.1727912,        51P   2305
148.9008,0.01530599,-0.1744028,148.9008,-1.031783D-006,               51P   2306
-0.1744027,148.9008,-0.01530808,-0.1744026,148.9008,-0.03050724,      51P   2307
-0.1727908,148.9008,-0.04544737,-0.1696078,148.9008,-0.05997735,      51P   2308
-0.1648941,148.9008,-0.07394602,-0.1586902,148.9008,-0.08720225,      51P   2309
-0.1510367,148.9008,-0.1004585,-0.1433831,148.9008,-0.1128155,        51P   2310
-0.1343876,148.9008,-0.1241625,-0.124161,148.9008,-0.134389,          51P   2311
-0.1128138,148.9008,-0.1433843,-0.1004568,148.9008,-0.1510377,        51P   2312
-0.08720046,148.9008,-0.1586911,-0.07394413,148.9008,-0.1648949,      51P   2313
-0.05997538,148.9008,-0.1696084,-0.04544534,148.9008,-0.1727912,      51P   2314
-0.03050516,148.9008,-0.1744028,-0.01530599,148.9008,-0.1744027,      51P   2315
1.031783D-006,148.9008,-0.1744026,0.01530808,148.9008,                51P   2316
-0.1727908,0.03050724,148.9008,-0.1696078,0.04544737,148.9008,        51P   2317
-0.1648941,0.05997735,148.9008,-0.1586902,0.07394602,148.9008,        51P   2318
-0.1510367,0.08720225,148.9008,-0.1433831,0.1004585,148.9008,         51P   2319
-0.1343876,0.1128155,148.9008,-0.124161,0.1241625,148.9008,           51P   2320
-0.1128138,0.134389,148.9008,-0.1004568,0.1433843,148.9008,           51P   2321
-0.08720046,0.1510377,148.9008,-0.07394413,0.1586911,148.9008,        51P   2322
-0.05997538,0.1648949,148.9008,-0.04544534,0.1696084,148.9008,        51P   2323
-0.03050516,0.1727912,148.9008,-0.01530599,0.1744028,148.9008,        51P   2324
1.031783D-006,0.1744027,148.9008,1.030675D-006,0.2116041,             51P   2325
148.8872,0.01857317,0.211604,148.8872,0.03701442,0.2096484,           51P   2326
148.8872,0.0551414,0.2057865,148.8872,0.07277073,0.2000673,           51P   2327
148.8872,0.08971903,0.1925401,148.8872,0.1058029,0.183254,            51P   2328
148.8872,0.1218868,0.1739678,148.8872,0.1368796,0.1630536,            51P   2329
148.8872,0.1506471,0.1506456,148.8872,0.163055,0.136878,              51P   2330
148.8872,0.173969,0.1218851,148.8872,0.183255,0.1058011,              51P   2331
148.8872,0.192541,0.08971716,148.8872,0.2000681,0.07276878,           51P   2332
148.8872,0.205787,0.05513939,148.8872,0.2096487,0.03701237,           51P   2333
148.8872,0.2116041,0.0185711,148.8872,0.2116041,-1.030675D-006,       51P   2334
148.8872,0.211604,-0.01857317,148.8872,0.2096484,-0.03701442,         51P   2335
148.8872,0.2057865,-0.0551414,148.8872,0.2000673,-0.07277073,         51P   2336
148.8872,0.1925401,-0.08971903,148.8872,0.183254,-0.1058029,          51P   2337
148.8872,0.1739678,-0.1218868,148.8872,0.1630536,-0.1368796,          51P   2338
148.8872,0.1506456,-0.1506471,148.8872,0.136878,-0.163055,            51P   2339
148.8872,0.1218851,-0.173969,148.8872,0.1058011,-0.183255,            51P   2340
148.8872,0.08971716,-0.192541,148.8872,0.07276878,-0.2000681,         51P   2341
148.8872,0.05513939,-0.205787,148.8872,0.03701237,-0.2096487,         51P   2342
148.8872,0.0185711,-0.2116041,148.8872,-1.030675D-006,                51P   2343
-0.2116041,148.8872,-0.01857317,-0.211604,148.8872,-0.03701442,       51P   2344
-0.2096484,148.8872,-0.0551414,-0.2057865,148.8872,-0.07277073,       51P   2345
-0.2000673,148.8872,-0.08971903,-0.1925401,148.8872,-0.1058029,       51P   2346
-0.183254,148.8872,-0.1218868,-0.1739678,148.8872,-0.1368796,         51P   2347
-0.1630536,148.8872,-0.1506471,-0.1506456,148.8872,-0.163055,         51P   2348
-0.136878,148.8872,-0.173969,-0.1218851,148.8872,-0.183255,           51P   2349
-0.1058011,148.8872,-0.192541,-0.08971716,148.8872,-0.2000681,        51P   2350
-0.07276878,148.8872,-0.205787,-0.05513939,148.8872,-0.2096487,       51P   2351
-0.03701237,148.8872,-0.2116041,-0.0185711,148.8872,-0.2116041,       51P   2352
1.030675D-006,148.8872,-0.211604,0.01857317,148.8872,-0.2096484,      51P   2353
0.03701442,148.8872,-0.2057865,0.0551414,148.8872,-0.2000673,         51P   2354
0.07277073,148.8872,-0.1925401,0.08971903,148.8872,-0.183254,         51P   2355
0.1058029,148.8872,-0.1739678,0.1218868,148.8872,-0.1630536,          51P   2356
0.1368796,148.8872,-0.1506456,0.1506471,148.8872,-0.136878,           51P   2357
0.163055,148.8872,-0.1218851,0.173969,148.8872,-0.1058011,            51P   2358
0.183255,148.8872,-0.08971716,0.192541,148.8872,-0.07276878,          51P   2359
0.2000681,148.8872,-0.05513939,0.205787,148.8872,-0.03701237,         51P   2360
0.2096487,148.8872,-0.0185711,0.2116041,148.8872,1.030675D-006,       51P   2361
0.2116041,148.8872,1.029566D-006,0.2488054,148.8737,0.02183827,       51P   2362
0.2488053,148.8737,0.0435216,0.246506,148.8737,0.06483542,            51P   2363
0.2419651,148.8737,0.08556411,0.2352405,148.8737,0.105492,            51P   2364
0.22639,148.8737,0.1244036,0.2154713,148.8737,0.1433152,              51P   2365
0.2045526,148.8737,0.1609438,0.1917196,148.8737,0.1771317,            51P   2366
0.1771302,148.8737,0.191721,0.1609422,148.8737,0.2045538,             51P   2367
0.1433135,148.8737,0.2154723,0.1244018,148.8737,0.2263909,            51P   2368
0.1054902,148.8737,0.2352412,0.08556217,148.8737,0.2419656,           51P   2369
0.06483343,148.8737,0.2465063,0.04351957,148.8737,0.2488055,          51P   2370
0.02183621,148.8737,0.2488054,-1.029566D-006,148.8737,0.2488053,      51P   2371
-0.02183827,148.8737,0.246506,-0.0435216,148.8737,0.2419651,          51P   2372
-0.06483542,148.8737,0.2352405,-0.08556411,148.8737,0.22639,          51P   2373
-0.105492,148.8737,0.2154713,-0.1244036,148.8737,0.2045526,           51P   2374
-0.1433152,148.8737,0.1917196,-0.1609438,148.8737,0.1771302,          51P   2375
-0.1771317,148.8737,0.1609422,-0.191721,148.8737,0.1433135,           51P   2376
-0.2045538,148.8737,0.1244018,-0.2154723,148.8737,0.1054902,          51P   2377
-0.2263909,148.8737,0.08556217,-0.2352412,148.8737,0.06483343,        51P   2378
-0.2419656,148.8737,0.04351957,-0.2465063,148.8737,0.02183621,        51P   2379
-0.2488055,148.8737,-1.029566D-006,-0.2488054,148.8737,               51P   2380
-0.02183827,-0.2488053,148.8737,-0.0435216,-0.246506,148.8737,        51P   2381
-0.06483542,-0.2419651,148.8737,-0.08556411,-0.2352405,148.8737,      51P   2382
-0.105492,-0.22639,148.8737,-0.1244036,-0.2154713,148.8737,           51P   2383
-0.1433152,-0.2045526,148.8737,-0.1609438,-0.1917196,148.8737,        51P   2384
-0.1771317,-0.1771302,148.8737,-0.191721,-0.1609422,148.8737,         51P   2385
-0.2045538,-0.1433135,148.8737,-0.2154723,-0.1244018,148.8737,        51P   2386
-0.2263909,-0.1054902,148.8737,-0.2352412,-0.08556217,148.8737,       51P   2387
-0.2419656,-0.06483343,148.8737,-0.2465063,-0.04351957,148.8737,      51P   2388
-0.2488055,-0.02183621,148.8737,-0.2488054,1.029566D-006,             51P   2389
148.8737,-0.2488053,0.02183827,148.8737,-0.246506,0.0435216,          51P   2390
148.8737,-0.2419651,0.06483542,148.8737,-0.2352405,0.08556411,        51P   2391
148.8737,-0.22639,0.105492,148.8737,-0.2154713,0.1244036,             51P   2392
148.8737,-0.2045526,0.1433152,148.8737,-0.1917196,0.1609438,          51P   2393
148.8737,-0.1771302,0.1771317,148.8737,-0.1609422,0.191721,           51P   2394
148.8737,-0.1433135,0.2045538,148.8737,-0.1244018,0.2154723,          51P   2395
148.8737,-0.1054902,0.2263909,148.8737,-0.08556217,0.2352412,         51P   2396
148.8737,-0.06483343,0.2419656,148.8737,-0.04351957,0.2465063,        51P   2397
148.8737,-0.02183621,0.2488055,148.8737,1.029566D-006,0.2488054,      51P   2398
148.8737,1.028457D-006,0.2860068,148.8602,0.02510336,0.2860067,       51P   2399
148.8602,0.05002879,0.2833635,148.8602,0.07452946,0.2781437,          51P   2400
148.8602,0.0983575,0.2704137,148.8602,0.1212651,0.2602399,            51P   2401
148.8602,0.1430043,0.2476886,148.8602,0.1647435,0.2351374,            51P   2402
148.8602,0.185008,0.2203856,148.8602,0.2036163,0.2036148,             51P   2403
148.8602,0.2203869,0.1850064,148.8602,0.2351386,0.1647418,            51P   2404
148.8602,0.2476896,0.1430025,148.8602,0.2602407,0.1212632,            51P   2405
148.8602,0.2704144,0.09835556,148.8602,0.2781443,0.07452747,          51P   2406
148.8602,0.2833639,0.05002676,148.8602,0.2860069,0.02510131,          51P   2407
148.8602,0.2860068,-1.028457D-006,148.8602,0.2860067,                 51P   2408
-0.02510336,148.8602,0.2833635,-0.05002879,148.8602,0.2781437,        51P   2409
-0.07452946,148.8602,0.2704137,-0.0983575,148.8602,0.2602399,         51P   2410
-0.1212651,148.8602,0.2476886,-0.1430043,148.8602,0.2351374,          51P   2411
-0.1647435,148.8602,0.2203856,-0.185008,148.8602,0.2036148,           51P   2412
-0.2036163,148.8602,0.1850064,-0.2203869,148.8602,0.1647418,          51P   2413
-0.2351386,148.8602,0.1430025,-0.2476896,148.8602,0.1212632,          51P   2414
-0.2602407,148.8602,0.09835556,-0.2704144,148.8602,0.07452747,        51P   2415
-0.2781443,148.8602,0.05002676,-0.2833639,148.8602,0.02510131,        51P   2416
-0.2860069,148.8602,-1.028457D-006,-0.2860068,148.8602,               51P   2417
-0.02510336,-0.2860067,148.8602,-0.05002879,-0.2833635,148.8602,      51P   2418
-0.07452946,-0.2781437,148.8602,-0.0983575,-0.2704137,148.8602,       51P   2419
-0.1212651,-0.2602399,148.8602,-0.1430043,-0.2476886,148.8602,        51P   2420
-0.1647435,-0.2351374,148.8602,-0.185008,-0.2203856,148.8602,         51P   2421
-0.2036163,-0.2036148,148.8602,-0.2203869,-0.1850064,148.8602,        51P   2422
-0.2351386,-0.1647418,148.8602,-0.2476896,-0.1430025,148.8602,        51P   2423
-0.2602407,-0.1212632,148.8602,-0.2704144,-0.09835556,148.8602,       51P   2424
-0.2781443,-0.07452747,148.8602,-0.2833639,-0.05002676,148.8602,      51P   2425
-0.2860069,-0.02510131,148.8602,-0.2860068,1.028457D-006,             51P   2426
148.8602,-0.2860067,0.02510336,148.8602,-0.2833635,0.05002879,        51P   2427
148.8602,-0.2781437,0.07452946,148.8602,-0.2704137,0.0983575,         51P   2428
148.8602,-0.2602399,0.1212651,148.8602,-0.2476886,0.1430043,          51P   2429
148.8602,-0.2351374,0.1647435,148.8602,-0.2203856,0.185008,           51P   2430
148.8602,-0.2036148,0.2036163,148.8602,-0.1850064,0.2203869,          51P   2431
148.8602,-0.1647418,0.2351386,148.8602,-0.1430025,0.2476896,          51P   2432
148.8602,-0.1212632,0.2602407,148.8602,-0.09835556,0.2704144,         51P   2433
148.8602,-0.07452747,0.2781443,148.8602,-0.05002676,0.2833639,        51P   2434
148.8602,-0.02510131,0.2860069,148.8602,1.028457D-006,0.2860068,      51P   2435
148.8602,1.027349D-006,0.3232081,148.8466,0.02836847,0.323208,        51P   2436
148.8466,0.05653599,0.3202211,148.8466,0.0842235,0.3143224,           51P   2437
148.8466,0.1111509,0.3055869,148.8466,0.1370381,0.2940897,            51P   2438
148.8466,0.161605,0.2799059,148.8466,0.1861718,0.2657221,             51P   2439
148.8466,0.2090722,0.2490516,148.8466,0.2301009,0.2300994,            51P   2440
148.8466,0.2490529,0.2090706,148.8466,0.2657233,0.1861701,            51P   2441
148.8466,0.279907,0.1616032,148.8466,0.2940906,0.1370362,             51P   2442
148.8466,0.3055876,0.111149,148.8466,0.3143229,0.0842215,             51P   2443
148.8466,0.3202215,0.05653395,148.8466,0.3232082,0.02836641,          51P   2444
148.8466,0.3232081,-1.027349D-006,148.8466,0.323208,-0.02836847,      51P   2445
148.8466,0.3202211,-0.05653599,148.8466,0.3143224,-0.0842235,         51P   2446
148.8466,0.3055869,-0.1111509,148.8466,0.2940897,-0.1370381,          51P   2447
148.8466,0.2799059,-0.161605,148.8466,0.2657221,-0.1861718,           51P   2448
148.8466,0.2490516,-0.2090722,148.8466,0.2300994,-0.2301009,          51P   2449
148.8466,0.2090706,-0.2490529,148.8466,0.1861701,-0.2657233,          51P   2450
148.8466,0.1616032,-0.279907,148.8466,0.1370362,-0.2940906,           51P   2451
148.8466,0.111149,-0.3055876,148.8466,0.0842215,-0.3143229,           51P   2452
148.8466,0.05653395,-0.3202215,148.8466,0.02836641,-0.3232082,        51P   2453
148.8466,-1.027349D-006,-0.3232081,148.8466,-0.02836847,              51P   2454
-0.323208,148.8466,-0.05653599,-0.3202211,148.8466,-0.0842235,        51P   2455
-0.3143224,148.8466,-0.1111509,-0.3055869,148.8466,-0.1370381,        51P   2456
-0.2940897,148.8466,-0.161605,-0.2799059,148.8466,-0.1861718,         51P   2457
-0.2657221,148.8466,-0.2090722,-0.2490516,148.8466,-0.2301009,        51P   2458
-0.2300994,148.8466,-0.2490529,-0.2090706,148.8466,-0.2657233,        51P   2459
-0.1861701,148.8466,-0.279907,-0.1616032,148.8466,-0.2940906,         51P   2460
-0.1370362,148.8466,-0.3055876,-0.111149,148.8466,-0.3143229,         51P   2461
-0.0842215,148.8466,-0.3202215,-0.05653395,148.8466,-0.3232082,       51P   2462
-0.02836641,148.8466,-0.3232081,1.027349D-006,148.8466,               51P   2463
-0.323208,0.02836847,148.8466,-0.3202211,0.05653599,148.8466,         51P   2464
-0.3143224,0.0842235,148.8466,-0.3055869,0.1111509,148.8466,          51P   2465
-0.2940897,0.1370381,148.8466,-0.2799059,0.161605,148.8466,           51P   2466
-0.2657221,0.1861718,148.8466,-0.2490516,0.2090722,148.8466,          51P   2467
-0.2300994,0.2301009,148.8466,-0.2090706,0.2490529,148.8466,          51P   2468
-0.1861701,0.2657233,148.8466,-0.1616032,0.279907,148.8466,           51P   2469
-0.1370362,0.2940906,148.8466,-0.111149,0.3055876,148.8466,           51P   2470
-0.0842215,0.3143229,148.8466,-0.05653395,0.3202215,148.8466,         51P   2471
-0.02836641,0.3232082,148.8466,1.027349D-006,0.3232081,148.8466,      51P   2472
1.019979D-006,0.570503,148.7566,0.05007314,0.5705029,148.7566,        51P   2473
0.09979237,0.5652306,148.7566,0.1486643,0.5548187,148.7566,           51P   2474
0.1961946,0.5393996,148.7566,0.2418888,0.5191057,148.7566,            51P   2475
0.2852524,0.4940696,148.7566,0.3286161,0.4690334,148.7566,            51P   2476
0.3690381,0.4396079,148.7566,0.4061564,0.4061549,148.7566,            51P   2477
0.4396093,0.3690365,148.7566,0.4690347,0.3286144,148.7566,            51P   2478
0.4940706,0.2852506,148.7566,0.5191066,0.2418868,148.7566,            51P   2479
0.5394003,0.1961926,148.7566,0.5548193,0.1486623,148.7566,            51P   2480
0.565231,0.0997903,148.7566,0.5705031,0.05007106,148.7566,            51P   2481
0.570503,-1.019979D-006,148.7566,0.5705029,-0.05007314,148.7566,      51P   2482
0.5652306,-0.09979237,148.7566,0.5548187,-0.1486643,148.7566,         51P   2483
0.5393996,-0.1961946,148.7566,0.5191057,-0.2418888,148.7566,          51P   2484
0.4940696,-0.2852524,148.7566,0.4690334,-0.3286161,148.7566,          51P   2485
0.4396079,-0.3690381,148.7566,0.4061549,-0.4061564,148.7566,          51P   2486
0.3690365,-0.4396093,148.7566,0.3286144,-0.4690347,148.7566,          51P   2487
0.2852506,-0.4940706,148.7566,0.2418868,-0.5191066,148.7566,          51P   2488
0.1961926,-0.5394003,148.7566,0.1486623,-0.5548193,148.7566,          51P   2489
0.0997903,-0.565231,148.7566,0.05007106,-0.5705031,148.7566,          51P   2490
-1.019979D-006,-0.570503,148.7566,-0.05007314,-0.5705029,             51P   2491
148.7566,-0.09979237,-0.5652306,148.7566,-0.1486643,-0.5548187,       51P   2492
148.7566,-0.1961946,-0.5393996,148.7566,-0.2418888,-0.5191057,        51P   2493
148.7566,-0.2852524,-0.4940696,148.7566,-0.3286161,-0.4690334,        51P   2494
148.7566,-0.3690381,-0.4396079,148.7566,-0.4061564,-0.4061549,        51P   2495
148.7566,-0.4396093,-0.3690365,148.7566,-0.4690347,-0.3286144,        51P   2496
148.7566,-0.4940706,-0.2852506,148.7566,-0.5191066,-0.2418868,        51P   2497
148.7566,-0.5394003,-0.1961926,148.7566,-0.5548193,-0.1486623,        51P   2498
148.7566,-0.565231,-0.0997903,148.7566,-0.5705031,-0.05007106,        51P   2499
148.7566,-0.570503,1.019979D-006,148.7566,-0.5705029,0.05007314,      51P   2500
148.7566,-0.5652306,0.09979237,148.7566,-0.5548187,0.1486643,         51P   2501
148.7566,-0.5393996,0.1961946,148.7566,-0.5191057,0.2418888,          51P   2502
148.7566,-0.4940696,0.2852524,148.7566,-0.4690334,0.3286161,          51P   2503
148.7566,-0.4396079,0.3690381,148.7566,-0.4061549,0.4061564,          51P   2504
148.7566,-0.3690365,0.4396093,148.7566,-0.3286144,0.4690347,          51P   2505
148.7566,-0.2852506,0.4940706,148.7566,-0.2418868,0.5191066,          51P   2506
148.7566,-0.1961926,0.5394003,148.7566,-0.1486623,0.5548193,          51P   2507
148.7566,-0.0997903,0.565231,148.7566,-0.05007106,0.5705031,          51P   2508
148.7566,1.019979D-006,0.570503,148.7566,1.00556D-006,0.8097199,      51P   2509
148.6474,0.0710688,0.8097199,148.6474,0.1416357,0.802237,             51P   2510
148.6474,0.2110001,0.7874592,148.6474,0.2784603,0.7655747,            51P   2511
148.6474,0.3433144,0.7367715,148.6474,0.4048608,0.7012375,            51P   2512
148.6474,0.4664073,0.6657036,148.6474,0.5237786,0.6239397,            51P   2513
148.6474,0.5764611,0.5764596,148.6474,0.623941,0.523777,              51P   2514
148.6474,0.6657047,0.4664056,148.6474,0.7012385,0.4048591,            51P   2515
148.6474,0.7367724,0.3433126,148.6474,0.7655755,0.2784583,            51P   2516
148.6474,0.7874598,0.2109981,148.6474,0.8022373,0.1416337,            51P   2517
148.6474,0.80972,0.07106674,148.6474,0.8097199,-1.00556D-006,         51P   2518
148.6474,0.8097199,-0.0710688,148.6474,0.802237,-0.1416357,           51P   2519
148.6474,0.7874592,-0.2110001,148.6474,0.7655747,-0.2784603,          51P   2520
148.6474,0.7367715,-0.3433144,148.6474,0.7012375,-0.4048608,          51P   2521
148.6474,0.6657036,-0.4664073,148.6474,0.6239397,-0.5237786,          51P   2522
148.6474,0.5764596,-0.5764611,148.6474,0.523777,-0.623941,            51P   2523
148.6474,0.4664056,-0.6657047,148.6474,0.4048591,-0.7012385,          51P   2524
148.6474,0.3433126,-0.7367724,148.6474,0.2784583,-0.7655755,          51P   2525
148.6474,0.2109981,-0.7874598,148.6474,0.1416337,-0.8022373,          51P   2526
148.6474,0.07106674,-0.80972,148.6474,-1.00556D-006,-0.8097199,       51P   2527
148.6474,-0.0710688,-0.8097199,148.6474,-0.1416357,-0.802237,         51P   2528
148.6474,-0.2110001,-0.7874592,148.6474,-0.2784603,-0.7655747,        51P   2529
148.6474,-0.3433144,-0.7367715,148.6474,-0.4048608,-0.7012375,        51P   2530
148.6474,-0.4664073,-0.6657036,148.6474,-0.5237786,-0.6239397,        51P   2531
148.6474,-0.5764611,-0.5764596,148.6474,-0.623941,-0.523777,          51P   2532
148.6474,-0.6657047,-0.4664056,148.6474,-0.7012385,-0.4048591,        51P   2533
148.6474,-0.7367724,-0.3433126,148.6474,-0.7655755,-0.2784583,        51P   2534
148.6474,-0.7874598,-0.2109981,148.6474,-0.8022373,-0.1416337,        51P   2535
148.6474,-0.80972,-0.07106674,148.6474,-0.8097199,1.00556D-006,       51P   2536
148.6474,-0.8097199,0.0710688,148.6474,-0.802237,0.1416357,           51P   2537
148.6474,-0.7874592,0.2110001,148.6474,-0.7655747,0.2784603,          51P   2538
148.6474,-0.7367715,0.3433144,148.6474,-0.7012375,0.4048608,          51P   2539
148.6474,-0.6657036,0.4664073,148.6474,-0.6239397,0.5237786,          51P   2540
148.6474,-0.5764596,0.5764611,148.6474,-0.523777,0.623941,            51P   2541
148.6474,-0.4664056,0.6657047,148.6474,-0.4048591,0.7012385,          51P   2542
148.6474,-0.3433126,0.7367724,148.6474,-0.2784583,0.7655755,          51P   2543
148.6474,-0.2109981,0.7874598,148.6474,-0.1416337,0.8022373,          51P   2544
148.6474,-0.07106674,0.80972,148.6474,1.00556D-006,0.8097199,         51P   2545
148.6474,9.870816D-007,1.039557,148.5199,0.09124121,1.039557,         51P   2546
148.5199,0.1818384,1.02995,148.5199,0.2708918,1.010978,148.5199,      51P   2547
0.3575003,0.9828816,148.5199,0.4407632,0.9459026,148.5199,            51P   2548
0.5197795,0.9002825,148.5199,0.5987958,0.8546623,148.5199,            51P   2549
0.6724518,0.8010439,148.5199,0.7400881,0.7400867,148.5199,            51P   2550
0.8010451,0.6724503,148.5199,0.8546634,0.5987941,148.5199,            51P   2551
0.9002835,0.5197778,148.5199,0.9459036,0.4407614,148.5199,            51P   2552
0.9828823,0.3574985,148.5199,1.010978,0.2708898,148.5199,             51P   2553
1.029951,0.1818365,148.5199,1.039557,0.0912392,148.5199,              51P   2554
1.039557,-9.870816D-007,148.5199,1.039557,-0.09124121,148.5199,       51P   2555
1.02995,-0.1818384,148.5199,1.010978,-0.2708918,148.5199,             51P   2556
0.9828816,-0.3575003,148.5199,0.9459026,-0.4407632,148.5199,          51P   2557
0.9002825,-0.5197795,148.5199,0.8546623,-0.5987958,148.5199,          51P   2558
0.8010439,-0.6724518,148.5199,0.7400867,-0.7400881,148.5199,          51P   2559
0.6724503,-0.8010451,148.5199,0.5987941,-0.8546634,148.5199,          51P   2560
0.5197778,-0.9002835,148.5199,0.4407614,-0.9459036,148.5199,          51P   2561
0.3574985,-0.9828823,148.5199,0.2708898,-1.010978,148.5199,           51P   2562
0.1818365,-1.029951,148.5199,0.0912392,-1.039557,148.5199,            51P   2563
-9.870816D-007,-1.039557,148.5199,-0.09124121,-1.039557,              51P   2564
148.5199,-0.1818384,-1.02995,148.5199,-0.2708918,-1.010978,           51P   2565
148.5199,-0.3575003,-0.9828816,148.5199,-0.4407632,-0.9459026,        51P   2566
148.5199,-0.5197795,-0.9002825,148.5199,-0.5987958,-0.8546623,        51P   2567
148.5199,-0.6724518,-0.8010439,148.5199,-0.7400881,-0.7400867,        51P   2568
148.5199,-0.8010451,-0.6724503,148.5199,-0.8546634,-0.5987941,        51P   2569
148.5199,-0.9002835,-0.5197778,148.5199,-0.9459036,-0.4407614,        51P   2570
148.5199,-0.9828823,-0.3574985,148.5199,-1.010978,-0.2708898,         51P   2571
148.5199,-1.029951,-0.1818365,148.5199,-1.039557,-0.0912392,          51P   2572
148.5199,-1.039557,9.870816D-007,148.5199,-1.039557,0.09124121,       51P   2573
148.5199,-1.02995,0.1818384,148.5199,-1.010978,0.2708918,             51P   2574
148.5199,-0.9828816,0.3575003,148.5199,-0.9459026,0.4407632,          51P   2575
148.5199,-0.9002825,0.5197795,148.5199,-0.8546623,0.5987958,          51P   2576
148.5199,-0.8010439,0.6724518,148.5199,-0.7400867,0.7400881,          51P   2577
148.5199,-0.6724503,0.8010451,148.5199,-0.5987941,0.8546634,          51P   2578
148.5199,-0.5197778,0.9002835,148.5199,-0.4407614,0.9459036,          51P   2579
148.5199,-0.3574985,0.9828823,148.5199,-0.2708898,1.010978,           51P   2580
148.5199,-0.1818365,1.029951,148.5199,-0.0912392,1.039557,            51P   2581
148.5199,9.870816D-007,1.039557,148.5199,9.675375D-007,1.258713,      51P   2582
148.3747,0.1104761,1.258713,148.3747,0.2201728,1.247081,              51P   2583
148.3747,0.328,1.224109,148.3747,0.4328671,1.190089,148.3747,         51P   2584
0.5336832,1.145315,148.3747,0.6293575,1.090077,148.3747,              51P   2585
0.7250317,1.03484,148.3747,0.8142157,0.9699174,148.3747,              51P   2586
0.8961108,0.8961095,148.3747,0.9699187,0.8142142,148.3747,            51P   2587
1.034841,0.7250301,148.3747,1.090078,0.6293558,148.3747,              51P   2588
1.145316,0.5336815,148.3747,1.19009,0.4328653,148.3747,1.22411,       51P   2589
0.3279982,148.3747,1.247081,0.2201708,148.3747,1.258713,              51P   2590
0.1104742,148.3747,1.258713,-9.675375D-007,148.3747,1.258713,         51P   2591
-0.1104761,148.3747,1.247081,-0.2201728,148.3747,1.224109,            51P   2592
-0.328,148.3747,1.190089,-0.4328671,148.3747,1.145315,                51P   2593
-0.5336832,148.3747,1.090077,-0.6293575,148.3747,1.03484,             51P   2594
-0.7250317,148.3747,0.9699174,-0.8142157,148.3747,0.8961095,          51P   2595
-0.8961108,148.3747,0.8142142,-0.9699187,148.3747,0.7250301,          51P   2596
-1.034841,148.3747,0.6293558,-1.090078,148.3747,0.5336815,            51P   2597
-1.145316,148.3747,0.4328653,-1.19009,148.3747,0.3279982,             51P   2598
-1.22411,148.3747,0.2201708,-1.247081,148.3747,0.1104742,             51P   2599
-1.258713,148.3747,-9.675375D-007,-1.258713,148.3747,-0.1104761,      51P   2600
-1.258713,148.3747,-0.2201728,-1.247081,148.3747,-0.328,              51P   2601
-1.224109,148.3747,-0.4328671,-1.190089,148.3747,-0.5336832,          51P   2602
-1.145315,148.3747,-0.6293575,-1.090077,148.3747,-0.7250317,          51P   2603
-1.03484,148.3747,-0.8142157,-0.9699174,148.3747,-0.8961108,          51P   2604
-0.8961095,148.3747,-0.9699187,-0.8142142,148.3747,-1.034841,         51P   2605
-0.7250301,148.3747,-1.090078,-0.6293558,148.3747,-1.145316,          51P   2606
-0.5336815,148.3747,-1.19009,-0.4328653,148.3747,-1.22411,            51P   2607
-0.3279982,148.3747,-1.247081,-0.2201708,148.3747,-1.258713,          51P   2608
-0.1104742,148.3747,-1.258713,9.675375D-007,148.3747,-1.258713,       51P   2609
0.1104761,148.3747,-1.247081,0.2201728,148.3747,-1.224109,0.328,      51P   2610
148.3747,-1.190089,0.4328671,148.3747,-1.145315,0.5336832,            51P   2611
148.3747,-1.090077,0.6293575,148.3747,-1.03484,0.7250317,             51P   2612
148.3747,-0.9699174,0.8142157,148.3747,-0.8961095,0.8961108,          51P   2613
148.3747,-0.8142142,0.9699187,148.3747,-0.7250301,1.034841,           51P   2614
148.3747,-0.6293558,1.090078,148.3747,-0.5336815,1.145316,            51P   2615
148.3747,-0.4328653,1.19009,148.3747,-0.3279982,1.22411,              51P   2616
148.3747,-0.2201708,1.247081,148.3747,-0.1104742,1.258713,            51P   2617
148.3747,9.675375D-007,1.258713,148.3747,9.499196D-007,1.465886,      51P   2618
148.2128,0.1286593,1.465886,148.2128,0.256411,1.452339,148.2128,      51P   2619
0.3819857,1.425586,148.2128,0.504113,1.385968,148.2128,               51P   2620
0.6215225,1.333823,148.2128,0.7329439,1.269494,148.2128,              51P   2621
0.8443653,1.205165,148.2128,0.9482282,1.129557,148.2128,              51P   2622
1.043603,1.043601,148.2128,1.129558,0.9482267,148.2128,1.205166,      51P   2623
0.8443637,148.2128,1.269495,0.7329423,148.2128,1.333824,              51P   2624
0.6215208,148.2128,1.385968,0.5041112,148.2128,1.425587,              51P   2625
0.3819839,148.2128,1.45234,0.2564092,148.2128,1.465886,               51P   2626
0.1286574,148.2128,1.465886,-9.499196D-007,148.2128,1.465886,         51P   2627
-0.1286593,148.2128,1.452339,-0.256411,148.2128,1.425586,             51P   2628
-0.3819857,148.2128,1.385968,-0.504113,148.2128,1.333823,             51P   2629
-0.6215225,148.2128,1.269494,-0.7329439,148.2128,1.205165,            51P   2630
-0.8443653,148.2128,1.129557,-0.9482282,148.2128,1.043601,            51P   2631
-1.043603,148.2128,0.9482267,-1.129558,148.2128,0.8443637,            51P   2632
-1.205166,148.2128,0.7329423,-1.269495,148.2128,0.6215208,            51P   2633
-1.333824,148.2128,0.5041112,-1.385968,148.2128,0.3819839,            51P   2634
-1.425587,148.2128,0.2564092,-1.45234,148.2128,0.1286574,             51P   2635
-1.465886,148.2128,-9.499196D-007,-1.465886,148.2128,-0.1286593,      51P   2636
-1.465886,148.2128,-0.256411,-1.452339,148.2128,-0.3819857,           51P   2637
-1.425586,148.2128,-0.504113,-1.385968,148.2128,-0.6215225,           51P   2638
-1.333823,148.2128,-0.7329439,-1.269494,148.2128,-0.8443653,          51P   2639
-1.205165,148.2128,-0.9482282,-1.129557,148.2128,-1.043603,           51P   2640
-1.043601,148.2128,-1.129558,-0.9482267,148.2128,-1.205166,           51P   2641
-0.8443637,148.2128,-1.269495,-0.7329423,148.2128,-1.333824,          51P   2642
-0.6215208,148.2128,-1.385968,-0.5041112,148.2128,-1.425587,          51P   2643
-0.3819839,148.2128,-1.45234,-0.2564092,148.2128,-1.465886,           51P   2644
-0.1286574,148.2128,-1.465886,9.499196D-007,148.2128,-1.465886,       51P   2645
0.1286593,148.2128,-1.452339,0.256411,148.2128,-1.425586,             51P   2646
0.3819857,148.2128,-1.385968,0.504113,148.2128,-1.333823,             51P   2647
0.6215225,148.2128,-1.269494,0.7329439,148.2128,-1.205165,            51P   2648
0.8443653,148.2128,-1.129557,0.9482282,148.2128,-1.043601,            51P   2649
1.043603,148.2128,-0.9482267,1.129558,148.2128,-0.8443637,            51P   2650
1.205166,148.2128,-0.7329423,1.269495,148.2128,-0.6215208,            51P   2651
1.333824,148.2128,-0.5041112,1.385968,148.2128,-0.3819839,            51P   2652
1.425587,148.2128,-0.2564092,1.45234,148.2128,-0.1286574,             51P   2653
1.465886,148.2128,9.499196D-007,1.465886,148.2128,9.372201D-007,      51P   2654
1.659774,148.0349,0.1456766,1.659774,148.0349,0.2903256,              51P   2655
1.644436,148.0349,0.4325096,1.614144,148.0349,0.5707903,              51P   2656
1.569285,148.0349,0.7037292,1.510244,148.0349,0.829888,1.437406,      51P   2657
148.0349,0.9560467,1.364568,148.0349,1.073647,1.27896,148.0349,       51P   2658
1.181637,1.181635,148.0349,1.278962,1.073646,148.0349,1.364569,       51P   2659
0.9560452,148.0349,1.437407,0.8298864,148.0349,1.510245,              51P   2660
0.7037275,148.0349,1.569286,0.5707886,148.0349,1.614145,              51P   2661
0.4325078,148.0349,1.644436,0.2903237,148.0349,1.659774,              51P   2662
0.1456747,148.0349,1.659774,-9.372201D-007,148.0349,1.659774,         51P   2663
-0.1456766,148.0349,1.644436,-0.2903256,148.0349,1.614144,            51P   2664
-0.4325096,148.0349,1.569285,-0.5707903,148.0349,1.510244,            51P   2665
-0.7037292,148.0349,1.437406,-0.829888,148.0349,1.364568,             51P   2666
-0.9560467,148.0349,1.27896,-1.073647,148.0349,1.181635,              51P   2667
-1.181637,148.0349,1.073646,-1.278962,148.0349,0.9560452,             51P   2668
-1.364569,148.0349,0.8298864,-1.437407,148.0349,0.7037275,            51P   2669
-1.510245,148.0349,0.5707886,-1.569286,148.0349,0.4325078,            51P   2670
-1.614145,148.0349,0.2903237,-1.644436,148.0349,0.1456747,            51P   2671
-1.659774,148.0349,-9.372201D-007,-1.659774,148.0349,-0.1456766,      51P   2672
-1.659774,148.0349,-0.2903256,-1.644436,148.0349,-0.4325096,          51P   2673
-1.614144,148.0349,-0.5707903,-1.569285,148.0349,-0.7037292,          51P   2674
-1.510244,148.0349,-0.829888,-1.437406,148.0349,-0.9560467,           51P   2675
-1.364568,148.0349,-1.073647,-1.27896,148.0349,-1.181637,             51P   2676
-1.181635,148.0349,-1.278962,-1.073646,148.0349,-1.364569,            51P   2677
-0.9560452,148.0349,-1.437407,-0.8298864,148.0349,-1.510245,          51P   2678
-0.7037275,148.0349,-1.569286,-0.5707886,148.0349,-1.614145,          51P   2679
-0.4325078,148.0349,-1.644436,-0.2903237,148.0349,-1.659774,          51P   2680
-0.1456747,148.0349,-1.659774,9.372201D-007,148.0349,-1.659774,       51P   2681
0.1456766,148.0349,-1.644436,0.2903256,148.0349,-1.614144,            51P   2682
0.4325096,148.0349,-1.569285,0.5707903,148.0349,-1.510244,            51P   2683
0.7037292,148.0349,-1.437406,0.829888,148.0349,-1.364568,             51P   2684
0.9560467,148.0349,-1.27896,1.073647,148.0349,-1.181635,              51P   2685
1.181637,148.0349,-1.073646,1.278962,148.0349,-0.9560452,             51P   2686
1.364569,148.0349,-0.8298864,1.437407,148.0349,-0.7037275,            51P   2687
1.510245,148.0349,-0.5707886,1.569286,148.0349,-0.4325078,            51P   2688
1.614145,148.0349,-0.2903237,1.644436,148.0349,-0.1456747,            51P   2689
1.659774,148.0349,9.372201D-007,1.659774,148.0349,6.357843D-007,      51P   2690
6.261926,143.8112,0.5495995,6.261925,143.8112,1.095325,6.204057,      51P   2691
143.8112,1.631751,6.089775,143.8112,2.153451,5.920534,143.8112,       51P   2692
2.654997,5.697786,143.8112,3.130963,5.422986,143.8112,3.60693,        51P   2693
5.148186,143.8112,4.050608,4.825208,143.8112,4.458026,4.458025,       51P   2694
143.8112,4.82521,4.050607,143.8112,5.148188,3.606929,143.8112,        51P   2695
5.422987,3.130962,143.8112,5.697786,2.654995,143.8112,5.920534,       51P   2696
2.153449,143.8112,6.089776,1.63175,143.8112,6.204058,1.095324,        51P   2697
143.8112,6.261926,0.5495981,143.8112,6.261926,-6.357843D-007,         51P   2698
143.8112,6.261925,-0.5495995,143.8112,6.204057,-1.095325,             51P   2699
143.8112,6.089775,-1.631751,143.8112,5.920534,-2.153451,              51P   2700
143.8112,5.697786,-2.654997,143.8112,5.422986,-3.130963,              51P   2701
143.8112,5.148186,-3.60693,143.8112,4.825208,-4.050608,143.8112,      51P   2702
4.458025,-4.458026,143.8112,4.050607,-4.82521,143.8112,3.606929,      51P   2703
-5.148188,143.8112,3.130962,-5.422987,143.8112,2.654995,              51P   2704
-5.697786,143.8112,2.153449,-5.920534,143.8112,1.63175,               51P   2705
-6.089776,143.8112,1.095324,-6.204058,143.8112,0.5495981,             51P   2706
-6.261926,143.8112,-6.357843D-007,-6.261926,143.8112,-0.5495995,      51P   2707
-6.261925,143.8112,-1.095325,-6.204057,143.8112,-1.631751,            51P   2708
-6.089775,143.8112,-2.153451,-5.920534,143.8112,-2.654997,            51P   2709
-5.697786,143.8112,-3.130963,-5.422986,143.8112,-3.60693,             51P   2710
-5.148186,143.8112,-4.050608,-4.825208,143.8112,-4.458026,            51P   2711
-4.458025,143.8112,-4.82521,-4.050607,143.8112,-5.148188,             51P   2712
-3.606929,143.8112,-5.422987,-3.130962,143.8112,-5.697786,            51P   2713
-2.654995,143.8112,-5.920534,-2.153449,143.8112,-6.089776,            51P   2714
-1.63175,143.8112,-6.204058,-1.095324,143.8112,-6.261926,             51P   2715
-0.5495981,143.8112,-6.261926,6.357843D-007,143.8112,-6.261925,       51P   2716
0.5495995,143.8112,-6.204057,1.095325,143.8112,-6.089775,             51P   2717
1.631751,143.8112,-5.920534,2.153451,143.8112,-5.697786,              51P   2718
2.654997,143.8112,-5.422986,3.130963,143.8112,-5.148186,3.60693,      51P   2719
143.8112,-4.825208,4.050608,143.8112,-4.458025,4.458026,              51P   2720
143.8112,-4.050607,4.82521,143.8112,-3.606929,5.148188,143.8112,      51P   2721
-3.130962,5.422987,143.8112,-2.654995,5.697786,143.8112,              51P   2722
-2.153449,5.920534,143.8112,-1.63175,6.089776,143.8112,               51P   2723
-1.095324,6.204058,143.8112,-0.5495981,6.261926,143.8112,             51P   2724
6.357843D-007,6.261926,143.8112,1.215044D-005,10.16492,138.9596,      51P   2725
0.8921701,10.16492,138.9596,1.778041,10.07098,138.9596,2.648815,      51P   2726
9.885465,138.9596,3.495684,9.610736,138.9596,4.309839,9.249151,       51P   2727
138.9596,5.082469,8.803071,138.9596,5.8551,8.35699,138.9596,          51P   2728
6.575317,7.832702,138.9596,7.236674,7.236656,138.9596,7.832719,       51P   2729
6.575299,138.9596,8.357006,5.85508,138.9596,8.803083,5.082448,        51P   2730
138.9596,9.24916,4.309816,138.9596,9.610743,3.495661,138.9596,        51P   2731
9.885471,2.648791,138.9596,10.07098,1.778016,138.9596,10.16492,       51P   2732
0.8921456,138.9596,10.16492,-1.215044D-005,138.9596,10.16492,         51P   2733
-0.8921701,138.9596,10.07098,-1.778041,138.9596,9.885465,             51P   2734
-2.648815,138.9596,9.610736,-3.495684,138.9596,9.249151,              51P   2735
-4.309839,138.9596,8.803071,-5.082469,138.9596,8.35699,-5.8551,       51P   2736
138.9596,7.832702,-6.575317,138.9596,7.236656,-7.236674,              51P   2737
138.9596,6.575299,-7.832719,138.9596,5.85508,-8.357006,138.9596,      51P   2738
5.082448,-8.803083,138.9596,4.309816,-9.24916,138.9596,3.495661,      51P   2739
-9.610743,138.9596,2.648791,-9.885471,138.9596,1.778016,              51P   2740
-10.07098,138.9596,0.8921456,-10.16492,138.9596,-1.215044D-005,       51P   2741
-10.16492,138.9596,-0.8921701,-10.16492,138.9596,-1.778041,           51P   2742
-10.07098,138.9596,-2.648815,-9.885465,138.9596,-3.495684,            51P   2743
-9.610736,138.9596,-4.309839,-9.249151,138.9596,-5.082469,            51P   2744
-8.803071,138.9596,-5.8551,-8.35699,138.9596,-6.575317,               51P   2745
-7.832702,138.9596,-7.236674,-7.236656,138.9596,-7.832719,            51P   2746
-6.575299,138.9596,-8.357006,-5.85508,138.9596,-8.803083,             51P   2747
-5.082448,138.9596,-9.24916,-4.309816,138.9596,-9.610743,             51P   2748
-3.495661,138.9596,-9.885471,-2.648791,138.9596,-10.07098,            51P   2749
-1.778016,138.9596,-10.16492,-0.8921456,138.9596,-10.16492,           51P   2750
1.215044D-005,138.9596,-10.16492,0.8921701,138.9596,-10.07098,        51P   2751
1.778041,138.9596,-9.885465,2.648815,138.9596,-9.610736,              51P   2752
3.495684,138.9596,-9.249151,4.309839,138.9596,-8.803071,              51P   2753
5.082469,138.9596,-8.35699,5.8551,138.9596,-7.832702,6.575317,        51P   2754
138.9596,-7.236656,7.236674,138.9596,-6.575299,7.832719,              51P   2755
138.9596,-5.85508,8.357006,138.9596,-5.082448,8.803083,138.9596,      51P   2756
-4.309816,9.24916,138.9596,-3.495661,9.610743,138.9596,               51P   2757
-2.648791,9.885471,138.9596,-1.778016,10.07098,138.9596,              51P   2758
-0.8921456,10.16492,138.9596,1.215044D-005,10.16492,138.9596,         51P   2759
2.960329D-005,13.31256,133.5941,1.168451,13.31255,133.5941,           51P   2760
2.328637,13.18953,133.5941,3.469053,12.94657,133.5941,4.578161,       51P   2761
12.58676,133.5941,5.644423,12.11321,133.5941,6.656304,11.529,         51P   2762
133.5941,7.668184,10.94478,133.5941,8.611422,10.25815,133.5941,       51P   2763
9.477571,9.477529,133.5941,10.25819,8.611377,133.5941,10.94482,       51P   2764
7.668136,133.5941,11.52903,6.656253,133.5941,12.11323,5.644369,       51P   2765
133.5941,12.58678,4.578104,133.5941,12.94658,3.468995,133.5941,       51P   2766
13.18954,2.328578,133.5941,13.31256,1.168391,133.5941,13.31256,       51P   2767
-2.960329D-005,133.5941,13.31255,-1.168451,133.5941,13.18953,         51P   2768
-2.328637,133.5941,12.94657,-3.469053,133.5941,12.58676,              51P   2769
-4.578161,133.5941,12.11321,-5.644423,133.5941,11.529,-6.656304,      51P   2770
133.5941,10.94478,-7.668184,133.5941,10.25815,-8.611422,              51P   2771
133.5941,9.477529,-9.477571,133.5941,8.611377,-10.25819,              51P   2772
133.5941,7.668136,-10.94482,133.5941,6.656253,-11.52903,              51P   2773
133.5941,5.644369,-12.11323,133.5941,4.578104,-12.58678,              51P   2774
133.5941,3.468995,-12.94658,133.5941,2.328578,-13.18954,              51P   2775
133.5941,1.168391,-13.31256,133.5941,-2.960329D-005,-13.31256,        51P   2776
133.5941,-1.168451,-13.31255,133.5941,-2.328637,-13.18953,            51P   2777
133.5941,-3.469053,-12.94657,133.5941,-4.578161,-12.58676,            51P   2778
133.5941,-5.644423,-12.11321,133.5941,-6.656304,-11.529,              51P   2779
133.5941,-7.668184,-10.94478,133.5941,-8.611422,-10.25815,            51P   2780
133.5941,-9.477571,-9.477529,133.5941,-10.25819,-8.611377,            51P   2781
133.5941,-10.94482,-7.668136,133.5941,-11.52903,-6.656253,            51P   2782
133.5941,-12.11323,-5.644369,133.5941,-12.58678,-4.578104,            51P   2783
133.5941,-12.94658,-3.468995,133.5941,-13.18954,-2.328578,            51P   2784
133.5941,-13.31256,-1.168391,133.5941,-13.31256,2.960329D-005,        51P   2785
133.5941,-13.31255,1.168451,133.5941,-13.18953,2.328637,              51P   2786
133.5941,-12.94657,3.469053,133.5941,-12.58676,4.578161,              51P   2787
133.5941,-12.11321,5.644423,133.5941,-11.529,6.656304,133.5941,       51P   2788
-10.94478,7.668184,133.5941,-10.25815,8.611422,133.5941,              51P   2789
-9.477529,9.477571,133.5941,-8.611377,10.25819,133.5941,              51P   2790
-7.668136,10.94482,133.5941,-6.656253,11.52903,133.5941,              51P   2791
-5.644369,12.11323,133.5941,-4.578104,12.58678,133.5941,              51P   2792
-3.468995,12.94658,133.5941,-2.328578,13.18954,133.5941,              51P   2793
-1.168391,13.31256,133.5941,2.960329D-005,13.31256,133.5941,          51P   2794
4.711642D-005,15.64865,127.8288,1.373503,15.64865,127.8288,           51P   2795
2.73728,15.50403,127.8288,4.077816,15.21843,127.8288,5.38155,         51P   2796
14.79549,127.8288,6.63492,14.23884,127.8288,7.824366,13.5521,         51P   2797
127.8288,9.013811,12.86537,127.8288,10.12257,12.05824,127.8288,       51P   2798
11.14071,11.14064,127.8288,12.0583,10.1225,127.8288,12.86543,         51P   2799
9.013734,127.8288,13.55215,7.824284,127.8288,14.23888,6.634834,       51P   2800
127.8288,14.79552,5.38146,127.8288,15.21846,4.077724,127.8288,        51P   2801
15.50404,2.737186,127.8288,15.64865,1.373409,127.8288,15.64865,       51P   2802
-4.711642D-005,127.8288,15.64865,-1.373503,127.8288,15.50403,         51P   2803
-2.73728,127.8288,15.21843,-4.077816,127.8288,14.79549,-5.38155,      51P   2804
127.8288,14.23884,-6.63492,127.8288,13.5521,-7.824366,127.8288,       51P   2805
12.86537,-9.013811,127.8288,12.05824,-10.12257,127.8288,              51P   2806
11.14064,-11.14071,127.8288,10.1225,-12.0583,127.8288,9.013734,       51P   2807
-12.86543,127.8288,7.824284,-13.55215,127.8288,6.634834,              51P   2808
-14.23888,127.8288,5.38146,-14.79552,127.8288,4.077724,               51P   2809
-15.21846,127.8288,2.737186,-15.50404,127.8288,1.373409,              51P   2810
-15.64865,127.8288,-4.711642D-005,-15.64865,127.8288,-1.373503,       51P   2811
-15.64865,127.8288,-2.73728,-15.50403,127.8288,-4.077816,             51P   2812
-15.21843,127.8288,-5.38155,-14.79549,127.8288,-6.63492,              51P   2813
-14.23884,127.8288,-7.824366,-13.5521,127.8288,-9.013811,             51P   2814
-12.86537,127.8288,-10.12257,-12.05824,127.8288,-11.14071,            51P   2815
-11.14064,127.8288,-12.0583,-10.1225,127.8288,-12.86543,              51P   2816
-9.013734,127.8288,-13.55215,-7.824284,127.8288,-14.23888,            51P   2817
-6.634834,127.8288,-14.79552,-5.38146,127.8288,-15.21846,             51P   2818
-4.077724,127.8288,-15.50404,-2.737186,127.8288,-15.64865,            51P   2819
-1.373409,127.8288,-15.64865,4.711642D-005,127.8288,-15.64865,        51P   2820
1.373503,127.8288,-15.50403,2.73728,127.8288,-15.21843,4.077816,      51P   2821
127.8288,-14.79549,5.38155,127.8288,-14.23884,6.63492,127.8288,       51P   2822
-13.5521,7.824366,127.8288,-12.86537,9.013811,127.8288,               51P   2823
-12.05824,10.12257,127.8288,-11.14064,11.14071,127.8288,              51P   2824
-10.1225,12.0583,127.8288,-9.013734,12.86543,127.8288,-7.824284,      51P   2825
13.55215,127.8288,-6.634834,14.23888,127.8288,-5.38146,14.79552,      51P   2826
127.8288,-4.077724,15.21846,127.8288,-2.737186,15.50404,              51P   2827
127.8288,-1.373409,15.64865,127.8288,4.711642D-005,15.64865,          51P   2828
127.8288,5.881194D-005,17.117,121.7777,1.50239,17.117,121.7777,       51P   2829
2.994133,16.95881,121.7777,4.460455,16.64642,121.7777,5.886521,       51P   2830
16.18379,121.7777,7.257498,15.5749,121.7777,8.558553,14.82373,        51P   2831
121.7777,9.859607,14.07256,121.7777,11.0724,13.18969,121.7777,        51P   2832
12.18607,12.18599,121.7777,13.18977,11.07231,121.7777,14.07263,       51P   2833
9.85951,121.7777,14.82379,8.558451,121.7777,15.57495,7.257392,        51P   2834
121.7777,16.18383,5.88641,121.7777,16.64645,4.460341,121.7777,        51P   2835
16.95883,2.994016,121.7777,17.11701,1.502272,121.7777,17.117,         51P   2836
-5.881194D-005,121.7777,17.117,-1.50239,121.7777,16.95881,            51P   2837
-2.994133,121.7777,16.64642,-4.460455,121.7777,16.18379,              51P   2838
-5.886521,121.7777,15.5749,-7.257498,121.7777,14.82373,               51P   2839
-8.558553,121.7777,14.07256,-9.859607,121.7777,13.18969,              51P   2840
-11.0724,121.7777,12.18599,-12.18607,121.7777,11.07231,               51P   2841
-13.18977,121.7777,9.85951,-14.07263,121.7777,8.558451,               51P   2842
-14.82379,121.7777,7.257392,-15.57495,121.7777,5.88641,               51P   2843
-16.18383,121.7777,4.460341,-16.64645,121.7777,2.994016,              51P   2844
-16.95883,121.7777,1.502272,-17.11701,121.7777,-5.881194D-005,        51P   2845
-17.117,121.7777,-1.50239,-17.117,121.7777,-2.994133,-16.95881,       51P   2846
121.7777,-4.460455,-16.64642,121.7777,-5.886521,-16.18379,            51P   2847
121.7777,-7.257498,-15.5749,121.7777,-8.558553,-14.82373,             51P   2848
121.7777,-9.859607,-14.07256,121.7777,-11.0724,-13.18969,             51P   2849
121.7777,-12.18607,-12.18599,121.7777,-13.18977,-11.07231,            51P   2850
121.7777,-14.07263,-9.85951,121.7777,-14.82379,-8.558451,             51P   2851
121.7777,-15.57495,-7.257392,121.7777,-16.18383,-5.88641,             51P   2852
121.7777,-16.64645,-4.460341,121.7777,-16.95883,-2.994016,            51P   2853
121.7777,-17.11701,-1.502272,121.7777,-17.117,5.881194D-005,          51P   2854
121.7777,-17.117,1.50239,121.7777,-16.95881,2.994133,121.7777,        51P   2855
-16.64642,4.460455,121.7777,-16.18379,5.886521,121.7777,              51P   2856
-15.5749,7.257498,121.7777,-14.82373,8.558553,121.7777,               51P   2857
-14.07256,9.859607,121.7777,-13.18969,11.0724,121.7777,               51P   2858
-12.18599,12.18607,121.7777,-11.07231,13.18977,121.7777,              51P   2859
-9.85951,14.07263,121.7777,-8.558451,14.82379,121.7777,               51P   2860
-7.257392,15.57495,121.7777,-5.88641,16.18383,121.7777,               51P   2861
-4.460341,16.64645,121.7777,-2.994016,16.95883,121.7777,              51P   2862
-1.502272,17.11701,121.7777,5.881194D-005,17.117,121.7777,            51P   2863
5.881194D-005,17.66142,115.555,1.550173,17.66142,115.555,             51P   2864
3.089362,17.4982,115.555,4.602322,17.17587,115.555,6.073745,          51P   2865
16.69853,115.555,7.488328,16.07027,115.555,8.830763,15.29521,         51P   2866
115.555,10.1732,14.52015,115.555,11.42457,13.6092,115.555,            51P   2867
12.57366,12.57358,115.555,13.60928,11.42448,115.555,14.52022,         51P   2868
10.1731,115.555,15.29527,8.830661,115.555,16.07032,7.488221,          51P   2869
115.555,16.69857,6.073634,115.555,17.1759,4.602207,115.555,           51P   2870
17.49822,3.089246,115.555,17.66143,1.550055,115.555,17.66142,         51P   2871
-5.881194D-005,115.555,17.66142,-1.550173,115.555,17.4982,            51P   2872
-3.089362,115.555,17.17587,-4.602322,115.555,16.69853,-6.073745,      51P   2873
115.555,16.07027,-7.488328,115.555,15.29521,-8.830763,115.555,        51P   2874
14.52015,-10.1732,115.555,13.6092,-11.42457,115.555,12.57358,         51P   2875
-12.57366,115.555,11.42448,-13.60928,115.555,10.1731,-14.52022,       51P   2876
115.555,8.830661,-15.29527,115.555,7.488221,-16.07032,115.555,        51P   2877
6.073634,-16.69857,115.555,4.602207,-17.1759,115.555,3.089246,        51P   2878
-17.49822,115.555,1.550055,-17.66143,115.555,-5.881194D-005,          51P   2879
-17.66142,115.555,-1.550173,-17.66142,115.555,-3.089362,              51P   2880
-17.4982,115.555,-4.602322,-17.17587,115.555,-6.073745,               51P   2881
-16.69853,115.555,-7.488328,-16.07027,115.555,-8.830763,              51P   2882
-15.29521,115.555,-10.1732,-14.52015,115.555,-11.42457,-13.6092,      51P   2883
115.555,-12.57366,-12.57358,115.555,-13.60928,-11.42448,115.555,      51P   2884
-14.52022,-10.1731,115.555,-15.29527,-8.830661,115.555,               51P   2885
-16.07032,-7.488221,115.555,-16.69857,-6.073634,115.555,              51P   2886
-17.1759,-4.602207,115.555,-17.49822,-3.089246,115.555,               51P   2887
-17.66143,-1.550055,115.555,-17.66142,5.881194D-005,115.555,          51P   2888
-17.66142,1.550173,115.555,-17.4982,3.089362,115.555,-17.17587,       51P   2889
4.602322,115.555,-16.69853,6.073745,115.555,-16.07027,7.488328,       51P   2890
115.555,-15.29521,8.830763,115.555,-14.52015,10.1732,115.555,         51P   2891
-13.6092,11.42457,115.555,-12.57358,12.57366,115.555,-11.42448,       51P   2892
13.60928,115.555,-10.1731,14.52022,115.555,-8.830661,15.29527,        51P   2893
115.555,-7.488221,16.07032,115.555,-6.073634,16.69857,115.555,        51P   2894
-4.602207,17.1759,115.555,-3.089246,17.49822,115.555,-1.550055,       51P   2895
17.66143,115.555,5.881194D-005,17.66142,115.555,5.881194D-005,        51P   2896
18.25466,108.7743,1.60224,18.25465,108.7743,3.19313,18.08595,         51P   2897
108.7743,4.756908,17.75279,108.7743,6.277756,17.25942,108.7743,       51P   2898
7.739853,16.61006,108.7743,9.12738,15.80897,108.7743,10.51491,        51P   2899
15.00787,108.7743,11.80831,14.06633,108.7743,12.996,12.99592,         51P   2900
108.7743,14.06641,11.80822,108.7743,15.00794,10.51481,108.7743,       51P   2901
15.80903,9.127278,108.7743,16.61011,7.739746,108.7743,17.25946,       51P   2902
6.277645,108.7743,17.75282,4.756794,108.7743,18.08597,3.193013,       51P   2903
108.7743,18.25466,1.602122,108.7743,18.25466,-5.881194D-005,          51P   2904
108.7743,18.25465,-1.60224,108.7743,18.08595,-3.19313,108.7743,       51P   2905
17.75279,-4.756908,108.7743,17.25942,-6.277756,108.7743,              51P   2906
16.61006,-7.739853,108.7743,15.80897,-9.12738,108.7743,15.00787,      51P   2907
-10.51491,108.7743,14.06633,-11.80831,108.7743,12.99592,-12.996,      51P   2908
108.7743,11.80822,-14.06641,108.7743,10.51481,-15.00794,              51P   2909
108.7743,9.127278,-15.80903,108.7743,7.739746,-16.61011,              51P   2910
108.7743,6.277645,-17.25946,108.7743,4.756794,-17.75282,              51P   2911
108.7743,3.193013,-18.08597,108.7743,1.602122,-18.25466,              51P   2912
108.7743,-5.881194D-005,-18.25466,108.7743,-1.60224,-18.25465,        51P   2913
108.7743,-3.19313,-18.08595,108.7743,-4.756908,-17.75279,             51P   2914
108.7743,-6.277756,-17.25942,108.7743,-7.739853,-16.61006,            51P   2915
108.7743,-9.12738,-15.80897,108.7743,-10.51491,-15.00787,             51P   2916
108.7743,-11.80831,-14.06633,108.7743,-12.996,-12.99592,              51P   2917
108.7743,-14.06641,-11.80822,108.7743,-15.00794,-10.51481,            51P   2918
108.7743,-15.80903,-9.127278,108.7743,-16.61011,-7.739746,            51P   2919
108.7743,-17.25946,-6.277645,108.7743,-17.75282,-4.756794,            51P   2920
108.7743,-18.08597,-3.193013,108.7743,-18.25466,-1.602122,            51P   2921
108.7743,-18.25466,5.881194D-005,108.7743,-18.25465,1.60224,          51P   2922
108.7743,-18.08595,3.19313,108.7743,-17.75279,4.756908,108.7743,      51P   2923
-17.25942,6.277756,108.7743,-16.61006,7.739853,108.7743,              51P   2924
-15.80897,9.12738,108.7743,-15.00787,10.51491,108.7743,               51P   2925
-14.06633,11.80831,108.7743,-12.99592,12.996,108.7743,-11.80822,      51P   2926
14.06641,108.7743,-10.51481,15.00794,108.7743,-9.127278,              51P   2927
15.80903,108.7743,-7.739746,16.61011,108.7743,-6.277645,              51P   2928
17.25946,108.7743,-4.756794,17.75282,108.7743,-3.193013,              51P   2929
18.08597,108.7743,-1.602122,18.25466,108.7743,5.881194D-005,          51P   2930
18.25466,108.7743,5.097035D-005,18.84789,101.9936,1.654299,           51P   2931
18.84789,101.9936,3.296889,18.67371,101.9936,4.911487,18.32972,       51P   2932
101.9936,6.481759,17.82031,101.9936,7.991372,17.14986,101.9936,       51P   2933
9.42399,16.32273,101.9936,10.85661,15.4956,101.9936,12.19204,         51P   2934
14.52346,101.9936,13.41833,13.41826,101.9936,14.52352,12.19196,       51P   2935
101.9936,15.49566,10.85653,101.9936,16.32278,9.423902,101.9936,       51P   2936
17.1499,7.991279,101.9936,17.82035,6.481663,101.9936,18.32975,        51P   2937
4.911388,101.9936,18.67372,3.296788,101.9936,18.8479,1.654197,        51P   2938
101.9936,18.84789,-5.097035D-005,101.9936,18.84789,-1.654299,         51P   2939
101.9936,18.67371,-3.296889,101.9936,18.32972,-4.911487,              51P   2940
101.9936,17.82031,-6.481759,101.9936,17.14986,-7.991372,              51P   2941
101.9936,16.32273,-9.42399,101.9936,15.4956,-10.85661,101.9936,       51P   2942
14.52346,-12.19204,101.9936,13.41826,-13.41833,101.9936,              51P   2943
12.19196,-14.52352,101.9936,10.85653,-15.49566,101.9936,              51P   2944
9.423902,-16.32278,101.9936,7.991279,-17.1499,101.9936,6.481663,      51P   2945
-17.82035,101.9936,4.911388,-18.32975,101.9936,3.296788,              51P   2946
-18.67372,101.9936,1.654197,-18.8479,101.9936,-5.097035D-005,         51P   2947
-18.84789,101.9936,-1.654299,-18.84789,101.9936,-3.296889,            51P   2948
-18.67371,101.9936,-4.911487,-18.32972,101.9936,-6.481759,            51P   2949
-17.82031,101.9936,-7.991372,-17.14986,101.9936,-9.42399,             51P   2950
-16.32273,101.9936,-10.85661,-15.4956,101.9936,-12.19204,             51P   2951
-14.52346,101.9936,-13.41833,-13.41826,101.9936,-14.52352,            51P   2952
-12.19196,101.9936,-15.49566,-10.85653,101.9936,-16.32278,            51P   2953
-9.423902,101.9936,-17.1499,-7.991279,101.9936,-17.82035,             51P   2954
-6.481663,101.9936,-18.32975,-4.911388,101.9936,-18.67372,            51P   2955
-3.296788,101.9936,-18.8479,-1.654197,101.9936,-18.84789,             51P   2956
5.097035D-005,101.9936,-18.84789,1.654299,101.9936,-18.67371,         51P   2957
3.296889,101.9936,-18.32972,4.911487,101.9936,-17.82031,              51P   2958
6.481759,101.9936,-17.14986,7.991372,101.9936,-16.32273,9.42399,      51P   2959
101.9936,-15.4956,10.85661,101.9936,-14.52346,12.19204,101.9936,      51P   2960
-13.41826,13.41833,101.9936,-12.19196,14.52352,101.9936,              51P   2961
-10.85653,15.49566,101.9936,-9.423902,16.32278,101.9936,              51P   2962
-7.991279,17.1499,101.9936,-6.481663,17.82035,101.9936,               51P   2963
-4.911388,18.32975,101.9936,-3.296788,18.67372,101.9936,              51P   2964
-1.654197,18.8479,101.9936,5.097035D-005,18.84789,101.9936,           51P   2965
3.822776D-005,19.44113,95.21291,1.706353,19.44112,95.21291,           51P   2966
3.400643,19.26146,95.21291,5.066061,18.90665,95.21291,6.685757,       51P   2967
18.38121,95.21291,8.242885,17.68965,95.21291,9.720596,16.83649,       51P   2968
95.21291,11.19831,15.98333,95.21291,12.57577,14.98059,95.21291,       51P   2969
13.84066,13.84061,95.21291,14.98064,12.57571,95.21291,15.98337,       51P   2970
11.19824,95.21291,16.83653,9.72053,95.21291,17.68968,8.242816,        51P   2971
95.21291,18.38123,6.685686,95.21291,18.90667,5.065987,95.21291,       51P   2972
19.26147,3.400568,95.21291,19.44113,1.706277,95.21291,19.44113,       51P   2973
-3.822776D-005,95.21291,19.44112,-1.706353,95.21291,19.26146,         51P   2974
-3.400643,95.21291,18.90665,-5.066061,95.21291,18.38121,              51P   2975
-6.685757,95.21291,17.68965,-8.242885,95.21291,16.83649,              51P   2976
-9.720596,95.21291,15.98333,-11.19831,95.21291,14.98059,              51P   2977
-12.57577,95.21291,13.84061,-13.84066,95.21291,12.57571,              51P   2978
-14.98064,95.21291,11.19824,-15.98337,95.21291,9.72053,               51P   2979
-16.83653,95.21291,8.242816,-17.68968,95.21291,6.685686,              51P   2980
-18.38123,95.21291,5.065987,-18.90667,95.21291,3.400568,              51P   2981
-19.26147,95.21291,1.706277,-19.44113,95.21291,-3.822776D-005,        51P   2982
-19.44113,95.21291,-1.706353,-19.44112,95.21291,-3.400643,            51P   2983
-19.26146,95.21291,-5.066061,-18.90665,95.21291,-6.685757,            51P   2984
-18.38121,95.21291,-8.242885,-17.68965,95.21291,-9.720596,            51P   2985
-16.83649,95.21291,-11.19831,-15.98333,95.21291,-12.57577,            51P   2986
-14.98059,95.21291,-13.84066,-13.84061,95.21291,-14.98064,            51P   2987
-12.57571,95.21291,-15.98337,-11.19824,95.21291,-16.83653,            51P   2988
-9.72053,95.21291,-17.68968,-8.242816,95.21291,-18.38123,             51P   2989
-6.685686,95.21291,-18.90667,-5.065987,95.21291,-19.26147,            51P   2990
-3.400568,95.21291,-19.44113,-1.706277,95.21291,-19.44113,            51P   2991
3.822776D-005,95.21291,-19.44112,1.706353,95.21291,-19.26146,         51P   2992
3.400643,95.21291,-18.90665,5.066061,95.21291,-18.38121,              51P   2993
6.685757,95.21291,-17.68965,8.242885,95.21291,-16.83649,              51P   2994
9.720596,95.21291,-15.98333,11.19831,95.21291,-14.98059,              51P   2995
12.57577,95.21291,-13.84061,13.84066,95.21291,-12.57571,              51P   2996
14.98064,95.21291,-11.19824,15.98337,95.21291,-9.72053,16.83653,      51P   2997
95.21291,-8.242816,17.68968,95.21291,-6.685686,18.38123,              51P   2998
95.21291,-5.065987,18.90667,95.21291,-3.400568,19.26147,              51P   2999
95.21291,-1.706277,19.44113,95.21291,3.822776D-005,19.44113,          51P   3000
95.21291,2.352478D-005,20.03436,88.43221,1.758406,20.03436,           51P   3001
88.43221,3.504396,19.84921,88.43221,5.220633,19.48358,88.43221,       51P   3002
6.889754,18.9421,88.43221,8.494397,18.22945,88.43221,10.0172,         51P   3003
17.35025,88.43221,11.54,16.47106,88.43221,12.9595,15.43773,           51P   3004
88.43221,14.26299,14.26296,88.43221,15.43775,12.95947,88.43221,       51P   3005
16.47109,11.53996,88.43221,17.35028,10.01716,88.43221,18.22947,       51P   3006
8.494355,88.43221,18.94212,6.889711,88.43221,19.48359,5.220589,       51P   3007
88.43221,19.84922,3.504351,88.43221,20.03436,1.758359,88.43221,       51P   3008
20.03436,-2.352478D-005,88.43221,20.03436,-1.758406,88.43221,         51P   3009
19.84921,-3.504396,88.43221,19.48358,-5.220633,88.43221,18.9421,      51P   3010
-6.889754,88.43221,18.22945,-8.494397,88.43221,17.35025,              51P   3011
-10.0172,88.43221,16.47106,-11.54,88.43221,15.43773,-12.9595,         51P   3012
88.43221,14.26296,-14.26299,88.43221,12.95947,-15.43775,              51P   3013
88.43221,11.53996,-16.47109,88.43221,10.01716,-17.35028,              51P   3014
88.43221,8.494355,-18.22947,88.43221,6.889711,-18.94212,              51P   3015
88.43221,5.220589,-19.48359,88.43221,3.504351,-19.84922,              51P   3016
88.43221,1.758359,-20.03436,88.43221,-2.352478D-005,-20.03436,        51P   3017
88.43221,-1.758406,-20.03436,88.43221,-3.504396,-19.84921,            51P   3018
88.43221,-5.220633,-19.48358,88.43221,-6.889754,-18.9421,             51P   3019
88.43221,-8.494397,-18.22945,88.43221,-10.0172,-17.35025,             51P   3020
88.43221,-11.54,-16.47106,88.43221,-12.9595,-15.43773,88.43221,       51P   3021
-14.26299,-14.26296,88.43221,-15.43775,-12.95947,88.43221,            51P   3022
-16.47109,-11.53996,88.43221,-17.35028,-10.01716,88.43221,            51P   3023
-18.22947,-8.494355,88.43221,-18.94212,-6.889711,88.43221,            51P   3024
-19.48359,-5.220589,88.43221,-19.84922,-3.504351,88.43221,            51P   3025
-20.03436,-1.758359,88.43221,-20.03436,2.352478D-005,88.43221,        51P   3026
-20.03436,1.758406,88.43221,-19.84921,3.504396,88.43221,              51P   3027
-19.48358,5.220633,88.43221,-18.9421,6.889754,88.43221,               51P   3028
-18.22945,8.494397,88.43221,-17.35025,10.0172,88.43221,               51P   3029
-16.47106,11.54,88.43221,-15.43773,12.9595,88.43221,-14.26296,        51P   3030
14.26299,88.43221,-12.95947,15.43775,88.43221,-11.53996,              51P   3031
16.47109,88.43221,-10.01716,17.35028,88.43221,-8.494355,              51P   3032
18.22947,88.43221,-6.889711,18.94212,88.43221,-5.220589,              51P   3033
19.48359,88.43221,-3.504351,19.84922,88.43221,-1.758359,              51P   3034
20.03436,88.43221,2.352478D-005,20.03436,88.43221,9.80199D-006,       51P   3035
20.62759,81.65152,1.810459,20.62759,81.65152,3.60815,20.43697,        51P   3036
81.65152,5.375206,20.06051,81.65152,7.093751,19.503,81.65152,         51P   3037
8.74591,18.76924,81.65152,10.31381,17.86402,81.65152,11.8817,         51P   3038
16.95879,81.65152,13.34323,15.89486,81.65152,14.68532,14.68531,       51P   3039
81.65152,15.89487,13.34322,81.65152,16.9588,11.88168,81.65152,        51P   3040
17.86403,10.31379,81.65152,18.76925,8.745893,81.65152,19.50301,       51P   3041
7.093735,81.65152,20.06051,5.375189,81.65152,20.43697,3.608132,       51P   3042
81.65152,20.62759,1.81044,81.65152,20.62759,-9.80199D-006,            51P   3043
81.65152,20.62759,-1.810459,81.65152,20.43697,-3.60815,81.65152,      51P   3044
20.06051,-5.375206,81.65152,19.503,-7.093751,81.65152,18.76924,       51P   3045
-8.74591,81.65152,17.86402,-10.31381,81.65152,16.95879,-11.8817,      51P   3046
81.65152,15.89486,-13.34323,81.65152,14.68531,-14.68532,              51P   3047
81.65152,13.34322,-15.89487,81.65152,11.88168,-16.9588,81.65152,      51P   3048
10.31379,-17.86403,81.65152,8.745893,-18.76925,81.65152,              51P   3049
7.093735,-19.50301,81.65152,5.375189,-20.06051,81.65152,              51P   3050
3.608132,-20.43697,81.65152,1.81044,-20.62759,81.65152,               51P   3051
-9.80199D-006,-20.62759,81.65152,-1.810459,-20.62759,81.65152,        51P   3052
-3.60815,-20.43697,81.65152,-5.375206,-20.06051,81.65152,             51P   3053
-7.093751,-19.503,81.65152,-8.74591,-18.76924,81.65152,               51P   3054
-10.31381,-17.86402,81.65152,-11.8817,-16.95879,81.65152,             51P   3055
-13.34323,-15.89486,81.65152,-14.68532,-14.68531,81.65152,            51P   3056
-15.89487,-13.34322,81.65152,-16.9588,-11.88168,81.65152,             51P   3057
-17.86403,-10.31379,81.65152,-18.76925,-8.745893,81.65152,            51P   3058
-19.50301,-7.093735,81.65152,-20.06051,-5.375189,81.65152,            51P   3059
-20.43697,-3.608132,81.65152,-20.62759,-1.81044,81.65152,             51P   3060
-20.62759,9.80199D-006,81.65152,-20.62759,1.810459,81.65152,          51P   3061
-20.43697,3.60815,81.65152,-20.06051,5.375206,81.65152,-19.503,       51P   3062
7.093751,81.65152,-18.76924,8.74591,81.65152,-17.86402,10.31381,      51P   3063
81.65152,-16.95879,11.8817,81.65152,-15.89486,13.34323,81.65152,      51P   3064
-14.68531,14.68532,81.65152,-13.34322,15.89487,81.65152,              51P   3065
-11.88168,16.9588,81.65152,-10.31379,17.86403,81.65152,               51P   3066
-8.745893,18.76925,81.65152,-7.093735,19.50301,81.65152,              51P   3067
-5.375189,20.06051,81.65152,-3.608132,20.43697,81.65152,              51P   3068
-1.81044,20.62759,81.65152,9.80199D-006,20.62759,81.65152,0.,         51P   3069
21.22083,74.87082,1.862517,21.22083,74.87082,3.711908,21.02472,       51P   3070
74.87082,5.529784,20.63743,74.87082,7.297754,20.0639,74.87082,        51P   3071
8.997427,19.30903,74.87082,10.61041,18.37778,74.87082,12.2234,        51P   3072
17.44652,74.87082,13.72697,16.35199,74.87082,15.10765,15.10765,       51P   3073
74.87082,16.35199,13.72697,74.87082,17.44652,12.2234,74.87082,        51P   3074
18.37778,10.61041,74.87082,19.30903,8.997427,74.87082,20.0639,        51P   3075
7.297754,74.87082,20.63743,5.529784,74.87082,21.02472,3.711908,       51P   3076
74.87082,21.22083,1.862517,74.87082,21.22083,0.,74.87082,             51P   3077
21.22083,-1.862517,74.87082,21.02472,-3.711908,74.87082,              51P   3078
20.63743,-5.529784,74.87082,20.0639,-7.297754,74.87082,19.30903,      51P   3079
-8.997427,74.87082,18.37778,-10.61041,74.87082,17.44652,              51P   3080
-12.2234,74.87082,16.35199,-13.72697,74.87082,15.10765,               51P   3081
-15.10765,74.87082,13.72697,-16.35199,74.87082,12.2234,               51P   3082
-17.44652,74.87082,10.61041,-18.37778,74.87082,8.997427,              51P   3083
-19.30903,74.87082,7.297754,-20.0639,74.87082,5.529784,               51P   3084
-20.63743,74.87082,3.711908,-21.02472,74.87082,1.862517,              51P   3085
-21.22083,74.87082,0.,-21.22083,74.87082,-1.862517,-21.22083,         51P   3086
74.87082,-3.711908,-21.02472,74.87082,-5.529784,-20.63743,            51P   3087
74.87082,-7.297754,-20.0639,74.87082,-8.997427,-19.30903,             51P   3088
74.87082,-10.61041,-18.37778,74.87082,-12.2234,-17.44652,             51P   3089
74.87082,-13.72697,-16.35199,74.87082,-15.10765,-15.10765,            51P   3090
74.87082,-16.35199,-13.72697,74.87082,-17.44652,-12.2234,             51P   3091
74.87082,-18.37778,-10.61041,74.87082,-19.30903,-8.997427,            51P   3092
74.87082,-20.0639,-7.297754,74.87082,-20.63743,-5.529784,             51P   3093
74.87082,-21.02472,-3.711908,74.87082,-21.22083,-1.862517,            51P   3094
74.87082,-21.22083,0.,74.87082,-21.22083,1.862517,74.87082,           51P   3095
-21.02472,3.711908,74.87082,-20.63743,5.529784,74.87082,              51P   3096
-20.0639,7.297754,74.87082,-19.30903,8.997427,74.87082,               51P   3097
-18.37778,10.61041,74.87082,-17.44652,12.2234,74.87082,               51P   3098
-16.35199,13.72697,74.87082,-15.10765,15.10765,74.87082,              51P   3099
-13.72697,16.35199,74.87082,-12.2234,17.44652,74.87082,               51P   3100
-10.61041,18.37778,74.87082,-8.997427,19.30903,74.87082,              51P   3101
-7.297754,20.0639,74.87082,-5.529784,20.63743,74.87082,               51P   3102
-3.711908,21.02472,74.87082,-1.862517,21.22083,74.87082,0.,           51P   3103
21.22083,74.87082,-1.920952D-006,21.33709,73.54197,1.872719,          51P   3104
21.33709,73.54197,3.732242,21.13991,73.54197,5.560077,20.7505,        51P   3105
73.54197,7.337733,20.17382,73.54197,9.046718,19.41482,73.54197,       51P   3106
10.66854,18.47846,73.54197,12.29037,17.5421,73.54197,13.80217,        51P   3107
16.44157,73.54197,15.19042,15.19042,73.54197,16.44157,13.80217,       51P   3108
73.54197,17.5421,12.29037,73.54197,18.47846,10.66855,73.54197,        51P   3109
19.41482,9.046722,73.54197,20.17382,7.337736,73.54197,20.7505,        51P   3110
5.560081,73.54197,21.13991,3.732246,73.54197,21.33709,1.872722,       51P   3111
73.54197,21.33709,1.920952D-006,73.54197,21.33709,-1.872719,          51P   3112
73.54197,21.13991,-3.732242,73.54197,20.7505,-5.560077,73.54197,      51P   3113
20.17382,-7.337733,73.54197,19.41482,-9.046718,73.54197,              51P   3114
18.47846,-10.66854,73.54197,17.5421,-12.29037,73.54197,16.44157,      51P   3115
-13.80217,73.54197,15.19042,-15.19042,73.54197,13.80217,              51P   3116
-16.44157,73.54197,12.29037,-17.5421,73.54197,10.66855,               51P   3117
-18.47846,73.54197,9.046722,-19.41482,73.54197,7.337736,              51P   3118
-20.17382,73.54197,5.560081,-20.7505,73.54197,3.732246,               51P   3119
-21.13991,73.54197,1.872722,-21.33709,73.54197,1.920952D-006,         51P   3120
-21.33709,73.54197,-1.872719,-21.33709,73.54197,-3.732242,            51P   3121
-21.13991,73.54197,-5.560077,-20.7505,73.54197,-7.337733,             51P   3122
-20.17382,73.54197,-9.046718,-19.41482,73.54197,-10.66854,            51P   3123
-18.47846,73.54197,-12.29037,-17.5421,73.54197,-13.80217,             51P   3124
-16.44157,73.54197,-15.19042,-15.19042,73.54197,-16.44157,            51P   3125
-13.80217,73.54197,-17.5421,-12.29037,73.54197,-18.47846,             51P   3126
-10.66855,73.54197,-19.41482,-9.046722,73.54197,-20.17382,            51P   3127
-7.337736,73.54197,-20.7505,-5.560081,73.54197,-21.13991,             51P   3128
-3.732246,73.54197,-21.33709,-1.872722,73.54197,-21.33709,            51P   3129
-1.920952D-006,73.54197,-21.33709,1.872719,73.54197,-21.13991,        51P   3130
3.732242,73.54197,-20.7505,5.560077,73.54197,-20.17382,7.337733,      51P   3131
73.54197,-19.41482,9.046718,73.54197,-18.47846,10.66854,              51P   3132
73.54197,-17.5421,12.29037,73.54197,-16.44157,13.80217,73.54197,      51P   3133
-15.19042,15.19042,73.54197,-13.80217,16.44157,73.54197,              51P   3134
-12.29037,17.5421,73.54197,-10.66855,18.47846,73.54197,               51P   3135
-9.046722,19.41482,73.54197,-7.337736,20.17382,73.54197,              51P   3136
-5.560081,20.7505,73.54197,-3.732246,21.13991,73.54197,               51P   3137
-1.872722,21.33709,73.54197,-1.920952D-006,21.33709,73.54197,         51P   3138
-2.305143D-006,21.61576,72.2403,1.897177,21.61576,72.2403,            51P   3139
3.780986,21.416,72.2403,5.632694,21.02151,72.2403,7.433566,           51P   3140
20.4373,72.2403,9.164871,19.66839,72.2403,10.80788,18.7198,           51P   3141
72.2403,12.45088,17.77121,72.2403,13.98243,16.65631,72.2403,          51P   3142
15.38881,15.38881,72.2403,16.6563,13.98243,72.2403,17.7712,           51P   3143
12.45089,72.2403,18.71979,10.80788,72.2403,19.66838,9.164875,         51P   3144
72.2403,20.43729,7.43357,72.2403,21.02151,5.632698,72.2403,           51P   3145
21.416,3.780991,72.2403,21.61576,1.897181,72.2403,21.61576,           51P   3146
2.305143D-006,72.2403,21.61576,-1.897177,72.2403,21.416,              51P   3147
-3.780986,72.2403,21.02151,-5.632694,72.2403,20.4373,-7.433566,       51P   3148
72.2403,19.66839,-9.164871,72.2403,18.7198,-10.80788,72.2403,         51P   3149
17.77121,-12.45088,72.2403,16.65631,-13.98243,72.2403,15.38881,       51P   3150
-15.38881,72.2403,13.98243,-16.6563,72.2403,12.45089,-17.7712,        51P   3151
72.2403,10.80788,-18.71979,72.2403,9.164875,-19.66838,72.2403,        51P   3152
7.43357,-20.43729,72.2403,5.632698,-21.02151,72.2403,3.780991,        51P   3153
-21.416,72.2403,1.897181,-21.61576,72.2403,2.305143D-006,             51P   3154
-21.61576,72.2403,-1.897177,-21.61576,72.2403,-3.780986,-21.416,      51P   3155
72.2403,-5.632694,-21.02151,72.2403,-7.433566,-20.4373,72.2403,       51P   3156
-9.164871,-19.66839,72.2403,-10.80788,-18.7198,72.2403,               51P   3157
-12.45088,-17.77121,72.2403,-13.98243,-16.65631,72.2403,              51P   3158
-15.38881,-15.38881,72.2403,-16.6563,-13.98243,72.2403,-17.7712,      51P   3159
-12.45089,72.2403,-18.71979,-10.80788,72.2403,-19.66838,              51P   3160
-9.164875,72.2403,-20.43729,-7.43357,72.2403,-21.02151,               51P   3161
-5.632698,72.2403,-21.416,-3.780991,72.2403,-21.61576,-1.897181,      51P   3162
72.2403,-21.61576,-2.305143D-006,72.2403,-21.61576,1.897177,          51P   3163
72.2403,-21.416,3.780986,72.2403,-21.02151,5.632694,72.2403,          51P   3164
-20.4373,7.433566,72.2403,-19.66839,9.164871,72.2403,-18.7198,        51P   3165
10.80788,72.2403,-17.77121,12.45088,72.2403,-16.65631,13.98243,       51P   3166
72.2403,-15.38881,15.38881,72.2403,-13.98243,16.6563,72.2403,         51P   3167
-12.45089,17.7712,72.2403,-10.80788,18.71979,72.2403,-9.164875,       51P   3168
19.66838,72.2403,-7.43357,20.43729,72.2403,-5.632698,21.02151,        51P   3169
72.2403,-3.780991,21.416,72.2403,-1.897181,21.61576,72.2403,          51P   3170
-2.305143D-006,21.61576,72.2403,-1.728857D-006,22.04975,              51P   3171
70.98291,1.935268,22.04975,70.98291,3.8569,21.84598,70.98291,         51P   3172
5.745785,21.44357,70.98291,7.582815,20.84763,70.98291,9.34888,        51P   3173
20.06328,70.98291,11.02487,19.09564,70.98291,12.70087,18.12801,       51P   3174
70.98291,14.26316,16.99073,70.98291,15.69778,15.69778,70.98291,       51P   3175
16.99072,14.26317,70.98291,18.12801,12.70087,70.98291,19.09564,       51P   3176
11.02488,70.98291,20.06328,9.348883,70.98291,20.84763,7.582818,       51P   3177
70.98291,21.44357,5.745788,70.98291,21.84598,3.856903,70.98291,       51P   3178
22.04975,1.935271,70.98291,22.04975,1.728857D-006,70.98291,           51P   3179
22.04975,-1.935268,70.98291,21.84598,-3.8569,70.98291,21.44357,       51P   3180
-5.745785,70.98291,20.84763,-7.582815,70.98291,20.06328,              51P   3181
-9.34888,70.98291,19.09564,-11.02487,70.98291,18.12801,               51P   3182
-12.70087,70.98291,16.99073,-14.26316,70.98291,15.69778,              51P   3183
-15.69778,70.98291,14.26317,-16.99072,70.98291,12.70087,              51P   3184
-18.12801,70.98291,11.02488,-19.09564,70.98291,9.348883,              51P   3185
-20.06328,70.98291,7.582818,-20.84763,70.98291,5.745788,              51P   3186
-21.44357,70.98291,3.856903,-21.84598,70.98291,1.935271,              51P   3187
-22.04975,70.98291,1.728857D-006,-22.04975,70.98291,-1.935268,        51P   3188
-22.04975,70.98291,-3.8569,-21.84598,70.98291,-5.745785,              51P   3189
-21.44357,70.98291,-7.582815,-20.84763,70.98291,-9.34888,             51P   3190
-20.06328,70.98291,-11.02487,-19.09564,70.98291,-12.70087,            51P   3191
-18.12801,70.98291,-14.26316,-16.99073,70.98291,-15.69778,            51P   3192
-15.69778,70.98291,-16.99072,-14.26317,70.98291,-18.12801,            51P   3193
-12.70087,70.98291,-19.09564,-11.02488,70.98291,-20.06328,            51P   3194
-9.348883,70.98291,-20.84763,-7.582818,70.98291,-21.44357,            51P   3195
-5.745788,70.98291,-21.84598,-3.856903,70.98291,-22.04975,            51P   3196
-1.935271,70.98291,-22.04975,-1.728857D-006,70.98291,-22.04975,       51P   3197
1.935268,70.98291,-21.84598,3.8569,70.98291,-21.44357,5.745785,       51P   3198
70.98291,-20.84763,7.582815,70.98291,-20.06328,9.34888,70.98291,      51P   3199
-19.09564,11.02487,70.98291,-18.12801,12.70087,70.98291,              51P   3200
-16.99073,14.26316,70.98291,-15.69778,15.69778,70.98291,              51P   3201
-14.26317,16.99072,70.98291,-12.70087,18.12801,70.98291,              51P   3202
-11.02488,19.09564,70.98291,-9.348883,20.06328,70.98291,              51P   3203
-7.582818,20.84763,70.98291,-5.745788,21.44357,70.98291,              51P   3204
-3.856903,21.84598,70.98291,-1.935271,22.04975,70.98291,              51P   3205
-1.728857D-006,22.04975,70.98291,-7.683809D-007,22.63198,             51P   3206
69.78693,1.98637,22.63198,69.78693,3.958743,22.42283,69.78693,        51P   3207
5.897504,22.00979,69.78693,7.783041,21.39811,69.78693,9.59574,        51P   3208
20.59305,69.78693,11.31599,19.59987,69.78693,13.03623,18.60668,       51P   3209
69.78693,14.63979,17.43937,69.78693,16.11228,16.11228,69.78693,       51P   3210
17.43937,14.63979,69.78693,18.60668,13.03624,69.78693,19.59987,       51P   3211
11.31599,69.78693,20.59305,9.595741,69.78693,21.39811,7.783042,       51P   3212
69.78693,22.00979,5.897506,69.78693,22.42283,3.958744,69.78693,       51P   3213
22.63198,1.986372,69.78693,22.63198,7.683809D-007,69.78693,           51P   3214
22.63198,-1.98637,69.78693,22.42283,-3.958743,69.78693,22.00979,      51P   3215
-5.897504,69.78693,21.39811,-7.783041,69.78693,20.59305,              51P   3216
-9.59574,69.78693,19.59987,-11.31599,69.78693,18.60668,               51P   3217
-13.03623,69.78693,17.43937,-14.63979,69.78693,16.11228,              51P   3218
-16.11228,69.78693,14.63979,-17.43937,69.78693,13.03624,              51P   3219
-18.60668,69.78693,11.31599,-19.59987,69.78693,9.595741,              51P   3220
-20.59305,69.78693,7.783042,-21.39811,69.78693,5.897506,              51P   3221
-22.00979,69.78693,3.958744,-22.42283,69.78693,1.986372,              51P   3222
-22.63198,69.78693,7.683809D-007,-22.63198,69.78693,-1.98637,         51P   3223
-22.63198,69.78693,-3.958743,-22.42283,69.78693,-5.897504,            51P   3224
-22.00979,69.78693,-7.783041,-21.39811,69.78693,-9.59574,             51P   3225
-20.59305,69.78693,-11.31599,-19.59987,69.78693,-13.03623,            51P   3226
-18.60668,69.78693,-14.63979,-17.43937,69.78693,-16.11228,            51P   3227
-16.11228,69.78693,-17.43937,-14.63979,69.78693,-18.60668,            51P   3228
-13.03624,69.78693,-19.59987,-11.31599,69.78693,-20.59305,            51P   3229
-9.595741,69.78693,-21.39811,-7.783042,69.78693,-22.00979,            51P   3230
-5.897506,69.78693,-22.42283,-3.958744,69.78693,-22.63198,            51P   3231
-1.986372,69.78693,-22.63198,-7.683809D-007,69.78693,-22.63198,       51P   3232
1.98637,69.78693,-22.42283,3.958743,69.78693,-22.00979,5.897504,      51P   3233
69.78693,-21.39811,7.783041,69.78693,-20.59305,9.59574,69.78693,      51P   3234
-19.59987,11.31599,69.78693,-18.60668,13.03623,69.78693,              51P   3235
-17.43937,14.63979,69.78693,-16.11228,16.11228,69.78693,              51P   3236
-14.63979,17.43937,69.78693,-13.03624,18.60668,69.78693,              51P   3237
-11.31599,19.59987,69.78693,-9.595741,20.59305,69.78693,              51P   3238
-7.783042,21.39811,69.78693,-5.897506,22.00979,69.78693,              51P   3239
-3.958744,22.42283,69.78693,-1.986372,22.63198,69.78693,              51P   3240
-7.683809D-007,22.63198,69.78693,0.,23.35535,68.66946,2.04986,        51P   3241
23.35535,68.66946,4.085275,23.13952,68.66946,6.086004,22.71327,       51P   3242
68.66946,8.031807,22.08205,68.66946,9.902444,21.25126,68.66946,       51P   3243
11.67767,20.22633,68.66946,13.45291,19.2014,68.66946,15.10771,        51P   3244
17.99677,68.66946,16.62727,16.62727,68.66946,17.99677,15.10771,       51P   3245
68.66946,19.2014,13.45291,68.66946,20.22633,11.67767,68.66946,        51P   3246
21.25126,9.902444,68.66946,22.08205,8.031807,68.66946,22.71327,       51P   3247
6.086004,68.66946,23.13952,4.085275,68.66946,23.35535,2.04986,        51P   3248
68.66946,23.35535,0.,68.66946,23.35535,-2.04986,68.66946,             51P   3249
23.13952,-4.085275,68.66946,22.71327,-6.086004,68.66946,              51P   3250
22.08205,-8.031807,68.66946,21.25126,-9.902444,68.66946,              51P   3251
20.22633,-11.67767,68.66946,19.2014,-13.45291,68.66946,17.99677,      51P   3252
-15.10771,68.66946,16.62727,-16.62727,68.66946,15.10771,              51P   3253
-17.99677,68.66946,13.45291,-19.2014,68.66946,11.67767,               51P   3254
-20.22633,68.66946,9.902444,-21.25126,68.66946,8.031807,              51P   3255
-22.08205,68.66946,6.086004,-22.71327,68.66946,4.085275,              51P   3256
-23.13952,68.66946,2.04986,-23.35535,68.66946,0.,-23.35535,           51P   3257
68.66946,-2.04986,-23.35535,68.66946,-4.085275,-23.13952,             51P   3258
68.66946,-6.086004,-22.71327,68.66946,-8.031807,-22.08205,            51P   3259
68.66946,-9.902444,-21.25126,68.66946,-11.67767,-20.22633,            51P   3260
68.66946,-13.45291,-19.2014,68.66946,-15.10771,-17.99677,             51P   3261
68.66946,-16.62727,-16.62727,68.66946,-17.99677,-15.10771,            51P   3262
68.66946,-19.2014,-13.45291,68.66946,-20.22633,-11.67767,             51P   3263
68.66946,-21.25126,-9.902444,68.66946,-22.08205,-8.031807,            51P   3264
68.66946,-22.71327,-6.086004,68.66946,-23.13952,-4.085275,            51P   3265
68.66946,-23.35535,-2.04986,68.66946,-23.35535,0.,68.66946,           51P   3266
-23.35535,2.04986,68.66946,-23.13952,4.085275,68.66946,               51P   3267
-22.71327,6.086004,68.66946,-22.08205,8.031807,68.66946,              51P   3268
-21.25126,9.902444,68.66946,-20.22633,11.67767,68.66946,              51P   3269
-19.2014,13.45291,68.66946,-17.99677,15.10771,68.66946,               51P   3270
-16.62727,16.62727,68.66946,-15.10771,17.99677,68.66946,              51P   3271
-13.45291,19.2014,68.66946,-11.67767,20.22633,68.66946,               51P   3272
-9.902444,21.25126,68.66946,-8.031807,22.08205,68.66946,              51P   3273
-6.086004,22.71327,68.66946,-4.085275,23.13952,68.66946,              51P   3274
-2.04986,23.35535,68.66946,0.,23.35535,68.66946,0.,24.21278,          51P   3275
67.64761,2.125115,24.21278,67.64761,4.235255,23.98902,67.64761,       51P   3276
6.309436,23.54713,67.64761,8.326674,22.89273,67.64761,10.26599,       51P   3277
22.03144,67.64761,12.10639,20.96888,67.64761,13.94679,19.90633,       51P   3278
67.64761,15.66235,18.65748,67.64761,17.2377,17.2377,67.64761,         51P   3279
18.65748,15.66235,67.64761,19.90633,13.94679,67.64761,20.96888,       51P   3280
12.10639,67.64761,22.03144,10.26599,67.64761,22.89273,8.326674,       51P   3281
67.64761,23.54713,6.309436,67.64761,23.98902,4.235255,67.64761,       51P   3282
24.21278,2.125115,67.64761,24.21278,0.,67.64761,24.21278,             51P   3283
-2.125115,67.64761,23.98902,-4.235255,67.64761,23.54713,              51P   3284
-6.309436,67.64761,22.89273,-8.326674,67.64761,22.03144,              51P   3285
-10.26599,67.64761,20.96888,-12.10639,67.64761,19.90633,              51P   3286
-13.94679,67.64761,18.65748,-15.66235,67.64761,17.2377,-17.2377,      51P   3287
67.64761,15.66235,-18.65748,67.64761,13.94679,-19.90633,              51P   3288
67.64761,12.10639,-20.96888,67.64761,10.26599,-22.03144,              51P   3289
67.64761,8.326674,-22.89273,67.64761,6.309436,-23.54713,              51P   3290
67.64761,4.235255,-23.98902,67.64761,2.125115,-24.21278,              51P   3291
67.64761,0.,-24.21278,67.64761,-2.125115,-24.21278,67.64761,          51P   3292
-4.235255,-23.98902,67.64761,-6.309436,-23.54713,67.64761,            51P   3293
-8.326674,-22.89273,67.64761,-10.26599,-22.03144,67.64761,            51P   3294
-12.10639,-20.96888,67.64761,-13.94679,-19.90633,67.64761,            51P   3295
-15.66235,-18.65748,67.64761,-17.2377,-17.2377,67.64761,              51P   3296
-18.65748,-15.66235,67.64761,-19.90633,-13.94679,67.64761,            51P   3297
-20.96888,-12.10639,67.64761,-22.03144,-10.26599,67.64761,            51P   3298
-22.89273,-8.326674,67.64761,-23.54713,-6.309436,67.64761,            51P   3299
-23.98902,-4.235255,67.64761,-24.21278,-2.125115,67.64761,            51P   3300
-24.21278,0.,67.64761,-24.21278,2.125115,67.64761,-23.98902,          51P   3301
4.235255,67.64761,-23.54713,6.309436,67.64761,-22.89273,              51P   3302
8.326674,67.64761,-22.03144,10.26599,67.64761,-20.96888,              51P   3303
12.10639,67.64761,-19.90633,13.94679,67.64761,-18.65748,              51P   3304
15.66235,67.64761,-17.2377,17.2377,67.64761,-15.66235,18.65748,       51P   3305
67.64761,-13.94679,19.90633,67.64761,-12.10639,20.96888,              51P   3306
67.64761,-10.26599,22.03144,67.64761,-8.326674,22.89273,              51P   3307
67.64761,-6.309436,23.54713,67.64761,-4.235255,23.98902,              51P   3308
67.64761,-2.125115,24.21278,67.64761,0.,24.21278,67.64761,0.,         51P   3309
28.19101,62.90654,2.474278,28.19101,62.90654,4.93112,27.93049,        51P   3310
62.90654,7.346094,27.416,62.90654,9.69477,26.65407,62.90654,          51P   3311
11.95272,25.65127,62.90654,14.09551,24.41413,62.90654,16.23829,       51P   3312
23.17699,62.90654,18.23572,21.72295,62.90654,20.0699,20.0699,         51P   3313
62.90654,21.72295,18.23572,62.90654,23.17699,16.23829,62.90654,       51P   3314
24.41413,14.09551,62.90654,25.65127,11.95272,62.90654,26.65407,       51P   3315
9.69477,62.90654,27.416,7.346094,62.90654,27.93049,4.93112,           51P   3316
62.90654,28.19101,2.474278,62.90654,28.19101,0.,62.90654,             51P   3317
28.19101,-2.474278,62.90654,27.93049,-4.93112,62.90654,27.416,        51P   3318
-7.346094,62.90654,26.65407,-9.69477,62.90654,25.65127,               51P   3319
-11.95272,62.90654,24.41413,-14.09551,62.90654,23.17699,              51P   3320
-16.23829,62.90654,21.72295,-18.23572,62.90654,20.0699,-20.0699,      51P   3321
62.90654,18.23572,-21.72295,62.90654,16.23829,-23.17699,              51P   3322
62.90654,14.09551,-24.41413,62.90654,11.95272,-25.65127,              51P   3323
62.90654,9.69477,-26.65407,62.90654,7.346094,-27.416,62.90654,        51P   3324
4.93112,-27.93049,62.90654,2.474278,-28.19101,62.90654,0.,            51P   3325
-28.19101,62.90654,-2.474278,-28.19101,62.90654,-4.93112,             51P   3326
-27.93049,62.90654,-7.346094,-27.416,62.90654,-9.69477,               51P   3327
-26.65407,62.90654,-11.95272,-25.65127,62.90654,-14.09551,            51P   3328
-24.41413,62.90654,-16.23829,-23.17699,62.90654,-18.23572,            51P   3329
-21.72295,62.90654,-20.0699,-20.0699,62.90654,-21.72295,              51P   3330
-18.23572,62.90654,-23.17699,-16.23829,62.90654,-24.41413,            51P   3331
-14.09551,62.90654,-25.65127,-11.95272,62.90654,-26.65407,            51P   3332
-9.69477,62.90654,-27.416,-7.346094,62.90654,-27.93049,-4.93112,      51P   3333
62.90654,-28.19101,-2.474278,62.90654,-28.19101,0.,62.90654,          51P   3334
-28.19101,2.474278,62.90654,-27.93049,4.93112,62.90654,-27.416,       51P   3335
7.346094,62.90654,-26.65407,9.69477,62.90654,-25.65127,11.95272,      51P   3336
62.90654,-24.41413,14.09551,62.90654,-23.17699,16.23829,              51P   3337
62.90654,-21.72295,18.23572,62.90654,-20.0699,20.0699,62.90654,       51P   3338
-18.23572,21.72295,62.90654,-16.23829,23.17699,62.90654,              51P   3339
-14.09551,24.41413,62.90654,-11.95272,25.65127,62.90654,              51P   3340
-9.69477,26.65407,62.90654,-7.346094,27.416,62.90654,-4.93112,        51P   3341
27.93049,62.90654,-2.474278,28.19101,62.90654,0.,28.19101,            51P   3342
62.90654,0.,32.16924,58.16547,2.82344,32.16924,58.16547,              51P   3343
5.626984,31.87196,58.16547,8.382752,31.28486,58.16547,11.06287,       51P   3344
30.41541,58.16547,13.63945,29.2711,58.16547,16.08462,27.85938,        51P   3345
58.16547,18.52979,26.44766,58.16547,20.80909,24.78843,58.16547,       51P   3346
22.9021,22.9021,58.16547,24.78843,20.80909,58.16547,26.44766,         51P   3347
18.52979,58.16547,27.85938,16.08462,58.16547,29.2711,13.63945,        51P   3348
58.16547,30.41541,11.06287,58.16547,31.28486,8.382752,58.16547,       51P   3349
31.87196,5.626984,58.16547,32.16924,2.82344,58.16547,32.16924,        51P   3350
0.,58.16547,32.16924,-2.82344,58.16547,31.87196,-5.626984,            51P   3351
58.16547,31.28486,-8.382752,58.16547,30.41541,-11.06287,              51P   3352
58.16547,29.2711,-13.63945,58.16547,27.85938,-16.08462,58.16547,      51P   3353
26.44766,-18.52979,58.16547,24.78843,-20.80909,58.16547,22.9021,      51P   3354
-22.9021,58.16547,20.80909,-24.78843,58.16547,18.52979,               51P   3355
-26.44766,58.16547,16.08462,-27.85938,58.16547,13.63945,              51P   3356
-29.2711,58.16547,11.06287,-30.41541,58.16547,8.382752,               51P   3357
-31.28486,58.16547,5.626984,-31.87196,58.16547,2.82344,               51P   3358
-32.16924,58.16547,0.,-32.16924,58.16547,-2.82344,-32.16924,          51P   3359
58.16547,-5.626984,-31.87196,58.16547,-8.382752,-31.28486,            51P   3360
58.16547,-11.06287,-30.41541,58.16547,-13.63945,-29.2711,             51P   3361
58.16547,-16.08462,-27.85938,58.16547,-18.52979,-26.44766,            51P   3362
58.16547,-20.80909,-24.78843,58.16547,-22.9021,-22.9021,              51P   3363
58.16547,-24.78843,-20.80909,58.16547,-26.44766,-18.52979,            51P   3364
58.16547,-27.85938,-16.08462,58.16547,-29.2711,-13.63945,             51P   3365
58.16547,-30.41541,-11.06287,58.16547,-31.28486,-8.382752,            51P   3366
58.16547,-31.87196,-5.626984,58.16547,-32.16924,-2.82344,             51P   3367
58.16547,-32.16924,0.,58.16547,-32.16924,2.82344,58.16547,            51P   3368
-31.87196,5.626984,58.16547,-31.28486,8.382752,58.16547,              51P   3369
-30.41541,11.06287,58.16547,-29.2711,13.63945,58.16547,               51P   3370
-27.85938,16.08462,58.16547,-26.44766,18.52979,58.16547,              51P   3371
-24.78843,20.80909,58.16547,-22.9021,22.9021,58.16547,-20.80909,      51P   3372
24.78843,58.16547,-18.52979,26.44766,58.16547,-16.08462,              51P   3373
27.85938,58.16547,-13.63945,29.2711,58.16547,-11.06287,30.41541,      51P   3374
58.16547,-8.382752,31.28486,58.16547,-5.626984,31.87196,              51P   3375
58.16547,-2.82344,32.16924,58.16547,0.,32.16924,58.16547,0.,          51P   3376
36.14747,53.4244,3.172603,36.14747,53.4244,6.322848,35.81342,         51P   3377
53.4244,9.41941,35.15372,53.4244,12.43096,34.17676,53.4244,           51P   3378
15.32618,32.89093,53.4244,18.07373,31.30463,53.4244,20.82129,         51P   3379
29.71832,53.4244,23.38246,27.85391,53.4244,25.73431,25.73431,         51P   3380
53.4244,27.85391,23.38246,53.4244,29.71832,20.82129,53.4244,          51P   3381
31.30463,18.07373,53.4244,32.89093,15.32618,53.4244,34.17676,         51P   3382
12.43096,53.4244,35.15372,9.41941,53.4244,35.81342,6.322848,          51P   3383
53.4244,36.14747,3.172603,53.4244,36.14747,0.,53.4244,36.14747,       51P   3384
-3.172603,53.4244,35.81342,-6.322848,53.4244,35.15372,-9.41941,       51P   3385
53.4244,34.17676,-12.43096,53.4244,32.89093,-15.32618,53.4244,        51P   3386
31.30463,-18.07373,53.4244,29.71832,-20.82129,53.4244,27.85391,       51P   3387
-23.38246,53.4244,25.73431,-25.73431,53.4244,23.38246,-27.85391,      51P   3388
53.4244,20.82129,-29.71832,53.4244,18.07373,-31.30463,53.4244,        51P   3389
15.32618,-32.89093,53.4244,12.43096,-34.17676,53.4244,9.41941,        51P   3390
-35.15372,53.4244,6.322848,-35.81342,53.4244,3.172603,-36.14747,      51P   3391
53.4244,0.,-36.14747,53.4244,-3.172603,-36.14747,53.4244,             51P   3392
-6.322848,-35.81342,53.4244,-9.41941,-35.15372,53.4244,               51P   3393
-12.43096,-34.17676,53.4244,-15.32618,-32.89093,53.4244,              51P   3394
-18.07373,-31.30463,53.4244,-20.82129,-29.71832,53.4244,              51P   3395
-23.38246,-27.85391,53.4244,-25.73431,-25.73431,53.4244,              51P   3396
-27.85391,-23.38246,53.4244,-29.71832,-20.82129,53.4244,              51P   3397
-31.30463,-18.07373,53.4244,-32.89093,-15.32618,53.4244,              51P   3398
-34.17676,-12.43096,53.4244,-35.15372,-9.41941,53.4244,               51P   3399
-35.81342,-6.322848,53.4244,-36.14747,-3.172603,53.4244,              51P   3400
-36.14747,0.,53.4244,-36.14747,3.172603,53.4244,-35.81342,            51P   3401
6.322848,53.4244,-35.15372,9.41941,53.4244,-34.17676,12.43096,        51P   3402
53.4244,-32.89093,15.32618,53.4244,-31.30463,18.07373,53.4244,        51P   3403
-29.71832,20.82129,53.4244,-27.85391,23.38246,53.4244,-25.73431,      51P   3404
25.73431,53.4244,-23.38246,27.85391,53.4244,-20.82129,29.71832,       51P   3405
53.4244,-18.07373,31.30463,53.4244,-15.32618,32.89093,53.4244,        51P   3406
-12.43096,34.17676,53.4244,-9.41941,35.15372,53.4244,-6.322848,       51P   3407
35.81342,53.4244,-3.172603,36.14747,53.4244,0.,36.14747,53.4244,      51P   3408
0.,40.1257,48.68333,3.521765,40.1257,48.68333,7.018713,39.75489,      51P   3409
48.68333,10.45607,39.02258,48.68333,13.79906,37.9381,48.68333,        51P   3410
17.01291,36.51076,48.68333,20.06285,34.74987,48.68333,23.11279,       51P   3411
32.98899,48.68333,25.95583,30.91938,48.68333,28.56651,28.56651,       51P   3412
48.68333,30.91938,25.95583,48.68333,32.98899,23.11279,48.68333,       51P   3413
34.74987,20.06285,48.68333,36.51076,17.01291,48.68333,37.9381,        51P   3414
13.79906,48.68333,39.02258,10.45607,48.68333,39.75489,7.018713,       51P   3415
48.68333,40.1257,3.521765,48.68333,40.1257,0.,48.68333,40.1257,       51P   3416
-3.521765,48.68333,39.75489,-7.018713,48.68333,39.02258,              51P   3417
-10.45607,48.68333,37.9381,-13.79906,48.68333,36.51076,               51P   3418
-17.01291,48.68333,34.74987,-20.06285,48.68333,32.98899,              51P   3419
-23.11279,48.68333,30.91938,-25.95583,48.68333,28.56651,              51P   3420
-28.56651,48.68333,25.95583,-30.91938,48.68333,23.11279,              51P   3421
-32.98899,48.68333,20.06285,-34.74987,48.68333,17.01291,              51P   3422
-36.51076,48.68333,13.79906,-37.9381,48.68333,10.45607,               51P   3423
-39.02258,48.68333,7.018713,-39.75489,48.68333,3.521765,              51P   3424
-40.1257,48.68333,0.,-40.1257,48.68333,-3.521765,-40.1257,            51P   3425
48.68333,-7.018713,-39.75489,48.68333,-10.45607,-39.02258,            51P   3426
48.68333,-13.79906,-37.9381,48.68333,-17.01291,-36.51076,             51P   3427
48.68333,-20.06285,-34.74987,48.68333,-23.11279,-32.98899,            51P   3428
48.68333,-25.95583,-30.91938,48.68333,-28.56651,-28.56651,            51P   3429
48.68333,-30.91938,-25.95583,48.68333,-32.98899,-23.11279,            51P   3430
48.68333,-34.74987,-20.06285,48.68333,-36.51076,-17.01291,            51P   3431
48.68333,-37.9381,-13.79906,48.68333,-39.02258,-10.45607,             51P   3432
48.68333,-39.75489,-7.018713,48.68333,-40.1257,-3.521765,             51P   3433
48.68333,-40.1257,0.,48.68333,-40.1257,3.521765,48.68333,             51P   3434
-39.75489,7.018713,48.68333,-39.02258,10.45607,48.68333,              51P   3435
-37.9381,13.79906,48.68333,-36.51076,17.01291,48.68333,               51P   3436
-34.74987,20.06285,48.68333,-32.98899,23.11279,48.68333,              51P   3437
-30.91938,25.95583,48.68333,-28.56651,28.56651,48.68333,              51P   3438
-25.95583,30.91938,48.68333,-23.11279,32.98899,48.68333,              51P   3439
-20.06285,34.74987,48.68333,-17.01291,36.51076,48.68333,              51P   3440
-13.79906,37.9381,48.68333,-10.45607,39.02258,48.68333,               51P   3441
-7.018713,39.75489,48.68333,-3.521765,40.1257,48.68333,0.,            51P   3442
40.1257,48.68333,0.,44.10393,43.94226,3.870928,44.10393,              51P   3443
43.94226,7.714577,43.69635,43.94226,11.49273,42.89144,43.94226,       51P   3444
15.16716,41.69944,43.94226,18.69964,40.13058,43.94226,22.05196,       51P   3445
38.19512,43.94226,25.40429,36.25966,43.94226,28.5292,33.98486,        51P   3446
43.94226,31.39871,31.39871,43.94226,33.98486,28.5292,43.94226,        51P   3447
36.25966,25.40429,43.94226,38.19512,22.05196,43.94226,40.13058,       51P   3448
18.69964,43.94226,41.69944,15.16716,43.94226,42.89144,11.49273,       51P   3449
43.94226,43.69635,7.714577,43.94226,44.10393,3.870928,43.94226,       51P   3450
44.10393,0.,43.94226,44.10393,-3.870928,43.94226,43.69635,            51P   3451
-7.714577,43.94226,42.89144,-11.49273,43.94226,41.69944,              51P   3452
-15.16716,43.94226,40.13058,-18.69964,43.94226,38.19512,              51P   3453
-22.05196,43.94226,36.25966,-25.40429,43.94226,33.98486,              51P   3454
-28.5292,43.94226,31.39871,-31.39871,43.94226,28.5292,-33.98486,      51P   3455
43.94226,25.40429,-36.25966,43.94226,22.05196,-38.19512,              51P   3456
43.94226,18.69964,-40.13058,43.94226,15.16716,-41.69944,              51P   3457
43.94226,11.49273,-42.89144,43.94226,7.714577,-43.69635,              51P   3458
43.94226,3.870928,-44.10393,43.94226,0.,-44.10393,43.94226,           51P   3459
-3.870928,-44.10393,43.94226,-7.714577,-43.69635,43.94226,            51P   3460
-11.49273,-42.89144,43.94226,-15.16716,-41.69944,43.94226,            51P   3461
-18.69964,-40.13058,43.94226,-22.05196,-38.19512,43.94226,            51P   3462
-25.40429,-36.25966,43.94226,-28.5292,-33.98486,43.94226,             51P   3463
-31.39871,-31.39871,43.94226,-33.98486,-28.5292,43.94226,             51P   3464
-36.25966,-25.40429,43.94226,-38.19512,-22.05196,43.94226,            51P   3465
-40.13058,-18.69964,43.94226,-41.69944,-15.16716,43.94226,            51P   3466
-42.89144,-11.49273,43.94226,-43.69635,-7.714577,43.94226,            51P   3467
-44.10393,-3.870928,43.94226,-44.10393,0.,43.94226,-44.10393,         51P   3468
3.870928,43.94226,-43.69635,7.714577,43.94226,-42.89144,              51P   3469
11.49273,43.94226,-41.69944,15.16716,43.94226,-40.13058,              51P   3470
18.69964,43.94226,-38.19512,22.05196,43.94226,-36.25966,              51P   3471
25.40429,43.94226,-33.98486,28.5292,43.94226,-31.39871,31.39871,      51P   3472
43.94226,-28.5292,33.98486,43.94226,-25.40429,36.25966,43.94226,      51P   3473
-22.05196,38.19512,43.94226,-18.69964,40.13058,43.94226,              51P   3474
-15.16716,41.69944,43.94226,-11.49273,42.89144,43.94226,              51P   3475
-7.714577,43.69635,43.94226,-3.870928,44.10393,43.94226,0.,           51P   3476
44.10393,43.94226,0.,48.08216,39.2012,4.220091,48.08216,39.2012,      51P   3477
8.410442,47.63782,39.2012,12.52939,46.7603,39.2012,16.53525,          51P   3478
45.46078,39.2012,20.38637,43.75041,39.2012,24.04108,41.64037,         51P   3479
39.2012,27.69578,39.53032,39.2012,31.10256,37.05034,39.2012,          51P   3480
34.23092,34.23092,39.2012,37.05034,31.10256,39.2012,39.53032,         51P   3481
27.69578,39.2012,41.64037,24.04108,39.2012,43.75041,20.38637,         51P   3482
39.2012,45.46078,16.53525,39.2012,46.7603,12.52939,39.2012,           51P   3483
47.63782,8.410442,39.2012,48.08216,4.220091,39.2012,48.08216,0.,      51P   3484
39.2012,48.08216,-4.220091,39.2012,47.63782,-8.410442,39.2012,        51P   3485
46.7603,-12.52939,39.2012,45.46078,-16.53525,39.2012,43.75041,        51P   3486
-20.38637,39.2012,41.64037,-24.04108,39.2012,39.53032,-27.69578,      51P   3487
39.2012,37.05034,-31.10256,39.2012,34.23092,-34.23092,39.2012,        51P   3488
31.10256,-37.05034,39.2012,27.69578,-39.53032,39.2012,24.04108,       51P   3489
-41.64037,39.2012,20.38637,-43.75041,39.2012,16.53525,-45.46078,      51P   3490
39.2012,12.52939,-46.7603,39.2012,8.410442,-47.63782,39.2012,         51P   3491
4.220091,-48.08216,39.2012,0.,-48.08216,39.2012,-4.220091,            51P   3492
-48.08216,39.2012,-8.410442,-47.63782,39.2012,-12.52939,              51P   3493
-46.7603,39.2012,-16.53525,-45.46078,39.2012,-20.38637,               51P   3494
-43.75041,39.2012,-24.04108,-41.64037,39.2012,-27.69578,              51P   3495
-39.53032,39.2012,-31.10256,-37.05034,39.2012,-34.23092,              51P   3496
-34.23092,39.2012,-37.05034,-31.10256,39.2012,-39.53032,              51P   3497
-27.69578,39.2012,-41.64037,-24.04108,39.2012,-43.75041,              51P   3498
-20.38637,39.2012,-45.46078,-16.53525,39.2012,-46.7603,               51P   3499
-12.52939,39.2012,-47.63782,-8.410442,39.2012,-48.08216,              51P   3500
-4.220091,39.2012,-48.08216,0.,39.2012,-48.08216,4.220091,            51P   3501
39.2012,-47.63782,8.410442,39.2012,-46.7603,12.52939,39.2012,         51P   3502
-45.46078,16.53525,39.2012,-43.75041,20.38637,39.2012,-41.64037,      51P   3503
24.04108,39.2012,-39.53032,27.69578,39.2012,-37.05034,31.10256,       51P   3504
39.2012,-34.23092,34.23092,39.2012,-31.10256,37.05034,39.2012,        51P   3505
-27.69578,39.53032,39.2012,-24.04108,41.64037,39.2012,-20.38637,      51P   3506
43.75041,39.2012,-16.53525,45.46078,39.2012,-12.52939,46.7603,        51P   3507
39.2012,-8.410442,47.63782,39.2012,-4.220091,48.08216,39.2012,        51P   3508
0.,48.08216,39.2012,1.,13.,1.,7.;                                     51P   3509
141,1,2,51,4,57,1,1,55,61,1,1,59,65,1,1,63,69,1,1,67;                 53P   3510
106,1,2,0.,1.,1.,13.,1.;                                              55P   3511
126,24,1,1,1,1,0,0.,0.,0.04166666667,0.08333333333,0.125,             57P   3512
0.1666666667,0.2083333333,0.25,0.2916666667,0.3333333333,0.375,       57P   3513
0.4166666667,0.4583333333,0.5,0.5416666667,0.5833333333,0.625,        57P   3514
0.6666666667,0.7083333333,0.75,0.7916666667,0.8333333333,0.875,       57P   3515
0.9166666667,0.9583333333,1.,1.,1.,1.,1.,1.,1.,1.,1.,1.,1.,1.,        57P   3516
1.,1.,1.,1.,1.,1.,1.,1.,1.,1.,1.,1.,1.,1.,1.,1.034D-006,0.1,          57P   3517
148.9279,0.0258829,0.09659232,148.9279,0.0500009,0.08660202,          57P   3518
148.9279,0.07071141,0.07070995,148.9279,0.08660306,0.0499991,         57P   3519
148.9279,0.09659285,0.02588091,148.9279,0.1,-1.034D-006,              57P   3520
148.9279,0.09659232,-0.0258829,148.9279,0.08660202,-0.0500009,        57P   3521
148.9279,0.07070995,-0.07071141,148.9279,0.0499991,-0.08660306,       57P   3522
148.9279,0.02588091,-0.09659285,148.9279,-1.034D-006,-0.1,            57P   3523
148.9279,-0.0258829,-0.09659232,148.9279,-0.0500009,-0.08660202,      57P   3524
148.9279,-0.07071141,-0.07070995,148.9279,-0.08660306,                57P   3525
-0.0499991,148.9279,-0.09659285,-0.02588091,148.9279,-0.1,            57P   3526
1.034D-006,148.9279,-0.09659232,0.0258829,148.9279,-0.08660202,       57P   3527
0.0500009,148.9279,-0.07070995,0.07071141,148.9279,-0.0499991,        57P   3528
0.08660306,148.9279,-0.02588091,0.09659285,148.9279,1.034D-006,       57P   3529
0.1,148.9279,0.,1.,1.966054D-013,0.,-1.;                              57P   3530
106,1,2,0.,13.,1.,13.,7.;                                             59P   3531
126,33,1,1,0,1,0,0.,0.,0.1666666667,0.2222222222,0.2777777778,        61P   3532
0.3333333333,0.3421052632,0.350877193,0.3596491228,0.3684210526,      61P   3533
0.3771929825,0.3859649123,0.3947368421,0.4035087719,                  61P   3534
0.4122807018,0.4210526316,0.4298245614,0.4385964912,                  61P   3535
0.4473684211,0.4561403509,0.4649122807,0.4736842105,                  61P   3536
0.4824561404,0.4912280702,0.5,0.6666666667,0.6875,0.7083333333,       61P   3537
0.7291666667,0.75,0.7708333333,0.7916666667,0.8125,0.8333333333,      61P   3538
1.,1.,1.,1.,1.,1.,1.,1.,1.,1.,1.,1.,1.,1.,1.,1.,1.,1.,1.,1.,1.,       61P   3539
1.,1.,1.,1.,1.,1.,1.,1.,1.,1.,1.,1.,1.,1.,1.,1.034D-006,0.1,          61P   3540
148.9279,1.027349D-006,0.3232081,148.8466,1.003076D-006,              61P   3541
0.8033704,148.6352,9.686D-007,1.250821,148.3635,9.372201D-007,        61P   3542
1.659774,148.0349,1.315864D-006,3.08387,146.6753,2.573619D-006,       61P   3543
4.448882,145.2656,4.60765D-006,5.753825,143.8077,7.315122D-006,       61P   3544
6.997716,142.3035,1.05932D-005,8.179574,140.7552,1.433904D-005,       61P   3545
9.298414,139.1647,1.844982D-005,10.35325,137.5339,2.28227D-005,       61P   3546
11.34311,135.865,2.735485D-005,12.267,134.1598,3.194342D-005,         61P   3547
13.12394,132.4204,3.648558D-005,13.91294,130.6488,4.08785D-005,       61P   3548
14.63303,128.8469,4.501934D-005,15.28322,127.0168,4.880526D-005,      61P   3549
15.86253,125.1605,5.213344D-005,16.36997,123.2799,5.490103D-005,      61P   3550
16.80457,121.377,5.70052D-005,17.16533,119.454,5.834312D-005,         61P   3551
17.45128,117.5126,5.881194D-005,17.66142,115.555,0.,21.22083,         61P   3552
74.87082,-1.103047D-006,21.34581,73.88122,-1.620803D-006,             61P   3553
21.54526,72.90837,-1.688337D-006,21.81752,71.95628,                   61P   3554
-1.440714D-006,22.16092,71.02896,-1.013002D-006,22.57381,             61P   3555
70.13042,-5.402678D-007,23.05453,69.26468,-1.575781D-007,             61P   3556
23.6014,68.43574,0.,24.21278,67.64761,0.,48.08216,39.2012,0.,1.,      61P   3557
1.,8.140801D-006,1.554317D-006;                                       61P   3558
106,1,2,0.,13.,7.,1.,7.;                                              63P   3559
126,156,1,1,1,1,0,0.,0.,0.00641025641,0.01282051282,                  65P   3560
0.01923076923,0.02564102564,0.03205128205,0.03846153846,              65P   3561
0.04487179487,0.05128205128,0.05769230769,0.0641025641,               65P   3562
0.07051282051,0.07692307692,0.08333333333,0.08974358974,              65P   3563
0.09615384615,0.1025641026,0.108974359,0.1153846154,                  65P   3564
0.1217948718,0.1282051282,0.1346153846,0.141025641,0.1474358974,      65P   3565
0.1538461538,0.1602564103,0.1666666667,0.1730769231,                  65P   3566
0.1794871795,0.1858974359,0.1923076923,0.1987179487,                  65P   3567
0.2051282051,0.2115384615,0.2179487179,0.2243589744,                  65P   3568
0.2307692308,0.2371794872,0.2435897436,0.25,0.2564102564,             65P   3569
0.2628205128,0.2692307692,0.2756410256,0.2820512821,                  65P   3570
0.2884615385,0.2948717949,0.3012820513,0.3076923077,                  65P   3571
0.3141025641,0.3205128205,0.3269230769,0.3333333333,                  65P   3572
0.3397435897,0.3461538462,0.3525641026,0.358974359,0.3653846154,      65P   3573
0.3717948718,0.3782051282,0.3846153846,0.391025641,0.3974358974,      65P   3574
0.4038461538,0.4102564103,0.4166666667,0.4230769231,                  65P   3575
0.4294871795,0.4358974359,0.4423076923,0.4487179487,                  65P   3576
0.4551282051,0.4615384615,0.4679487179,0.4743589744,                  65P   3577
0.4807692308,0.4871794872,0.4935897436,0.5,0.5064102564,              65P   3578
0.5128205128,0.5192307692,0.5256410256,0.5320512821,                  65P   3579
0.5384615385,0.5448717949,0.5512820513,0.5576923077,                  65P   3580
0.5641025641,0.5705128205,0.5769230769,0.5833333333,                  65P   3581
0.5897435897,0.5961538462,0.6025641026,0.608974359,0.6153846154,      65P   3582
0.6217948718,0.6282051282,0.6346153846,0.641025641,0.6474358974,      65P   3583
0.6538461538,0.6602564103,0.6666666667,0.6730769231,                  65P   3584
0.6794871795,0.6858974359,0.6923076923,0.6987179487,                  65P   3585
0.7051282051,0.7115384615,0.7179487179,0.7243589744,                  65P   3586
0.7307692308,0.7371794872,0.7435897436,0.75,0.7564102564,             65P   3587
0.7628205128,0.7692307692,0.7756410256,0.7820512821,                  65P   3588
0.7884615385,0.7948717949,0.8012820513,0.8076923077,                  65P   3589
0.8141025641,0.8205128205,0.8269230769,0.8333333333,                  65P   3590
0.8397435897,0.8461538462,0.8525641026,0.858974359,0.8653846154,      65P   3591
0.8717948718,0.8782051282,0.8846153846,0.891025641,0.8974358974,      65P   3592
0.9038461538,0.9102564103,0.9166666667,0.9230769231,                  65P   3593
0.9294871795,0.9358974359,0.9423076923,0.9487179487,                  65P   3594
0.9551282051,0.9615384615,0.9679487179,0.9743589744,                  65P   3595
0.9807692308,0.9871794872,0.9935897436,1.,1.,1.,1.,1.,1.,1.,1.,       65P   3596
1.,1.,1.,1.,1.,1.,1.,1.,1.,1.,1.,1.,1.,1.,1.,1.,1.,1.,1.,1.,1.,       65P   3597
1.,1.,1.,1.,1.,1.,1.,1.,1.,1.,1.,1.,1.,1.,1.,1.,1.,1.,1.,1.,1.,       65P   3598
1.,1.,1.,1.,1.,1.,1.,1.,1.,1.,1.,1.,1.,1.,1.,1.,1.,1.,1.,1.,1.,       65P   3599
1.,1.,1.,1.,1.,1.,1.,1.,1.,1.,1.,1.,1.,1.,1.,1.,1.,1.,1.,1.,1.,       65P   3600
1.,1.,1.,1.,1.,1.,1.,1.,1.,1.,1.,1.,1.,1.,1.,1.,1.,1.,1.,1.,1.,       65P   3601
1.,1.,1.,1.,1.,1.,1.,1.,1.,1.,1.,1.,1.,1.,1.,1.,1.,1.,1.,1.,1.,       65P   3602
1.,1.,1.,1.,1.,1.,1.,1.,1.,1.,1.,1.,1.,1.,1.,1.,1.,1.,1.,1.,1.,       65P   3603
1.,1.,1.,1.,0.,48.08216,39.2012,-1.944715,48.04282,39.2012,           65P   3604
-3.881875,47.92521,39.2012,-5.809204,47.72995,39.2012,-7.724426,      65P   3605
47.45765,39.2012,-9.625266,47.1089,39.2012,-11.50945,46.68433,        65P   3606
39.2012,-13.37469,46.18454,39.2012,-15.21873,45.61014,39.2012,        65P   3607
-17.03927,44.96174,39.2012,-18.83406,44.23995,39.2012,-20.6008,       65P   3608
43.44539,39.2012,-22.33724,42.57866,39.2012,-24.04108,41.64037,       65P   3609
39.2012,-25.70558,40.63394,39.2012,-27.32441,39.56352,39.2012,        65P   3610
-28.8959,38.43075,39.2012,-30.41837,37.23731,39.2012,-31.89017,       65P   3611
35.98487,39.2012,-33.30964,34.67509,39.2012,-34.67509,33.30964,       65P   3612
39.2012,-35.98487,31.89017,39.2012,-37.23731,30.41837,39.2012,        65P   3613
-38.43075,28.8959,39.2012,-39.56352,27.32441,39.2012,-40.63394,       65P   3614
25.70558,39.2012,-41.64037,24.04108,39.2012,-42.57866,22.33724,       65P   3615
39.2012,-43.44539,20.6008,39.2012,-44.23995,18.83406,39.2012,         65P   3616
-44.96174,17.03927,39.2012,-45.61014,15.21873,39.2012,-46.18454,      65P   3617
13.37469,39.2012,-46.68433,11.50945,39.2012,-47.1089,9.625266,        65P   3618
39.2012,-47.45765,7.724426,39.2012,-47.72995,5.809204,39.2012,        65P   3619
-47.92521,3.881875,39.2012,-48.04282,1.944715,39.2012,-48.08216,      65P   3620
0.,39.2012,-48.04282,-1.944715,39.2012,-47.92521,-3.881875,           65P   3621
39.2012,-47.72995,-5.809204,39.2012,-47.45765,-7.724426,39.2012,      65P   3622
-47.1089,-9.625266,39.2012,-46.68433,-11.50945,39.2012,               65P   3623
-46.18454,-13.37469,39.2012,-45.61014,-15.21873,39.2012,              65P   3624
-44.96174,-17.03927,39.2012,-44.23995,-18.83406,39.2012,              65P   3625
-43.44539,-20.6008,39.2012,-42.57866,-22.33724,39.2012,               65P   3626
-41.64037,-24.04108,39.2012,-40.63394,-25.70558,39.2012,              65P   3627
-39.56352,-27.32441,39.2012,-38.43075,-28.8959,39.2012,               65P   3628
-37.23731,-30.41837,39.2012,-35.98487,-31.89017,39.2012,              65P   3629
-34.67509,-33.30964,39.2012,-33.30964,-34.67509,39.2012,              65P   3630
-31.89017,-35.98487,39.2012,-30.41837,-37.23731,39.2012,              65P   3631
-28.8959,-38.43075,39.2012,-27.32441,-39.56352,39.2012,               65P   3632
-25.70558,-40.63394,39.2012,-24.04108,-41.64037,39.2012,              65P   3633
-22.33724,-42.57866,39.2012,-20.6008,-43.44539,39.2012,               65P   3634
-18.83406,-44.23995,39.2012,-17.03927,-44.96174,39.2012,              65P   3635
-15.21873,-45.61014,39.2012,-13.37469,-46.18454,39.2012,              65P   3636
-11.50945,-46.68433,39.2012,-9.625266,-47.1089,39.2012,               65P   3637
-7.724426,-47.45765,39.2012,-5.809204,-47.72995,39.2012,              65P   3638
-3.881875,-47.92521,39.2012,-1.944715,-48.04282,39.2012,0.,           65P   3639
-48.08216,39.2012,1.944715,-48.04282,39.2012,3.881875,-47.92521,      65P   3640
39.2012,5.809204,-47.72995,39.2012,7.724426,-47.45765,39.2012,        65P   3641
9.625266,-47.1089,39.2012,11.50945,-46.68433,39.2012,13.37469,        65P   3642
-46.18454,39.2012,15.21873,-45.61014,39.2012,17.03927,-44.96174,      65P   3643
39.2012,18.83406,-44.23995,39.2012,20.6008,-43.44539,39.2012,         65P   3644
22.33724,-42.57866,39.2012,24.04108,-41.64037,39.2012,25.70558,       65P   3645
-40.63394,39.2012,27.32441,-39.56352,39.2012,28.8959,-38.43075,       65P   3646
39.2012,30.41837,-37.23731,39.2012,31.89017,-35.98487,39.2012,        65P   3647
33.30964,-34.67509,39.2012,34.67509,-33.30964,39.2012,35.98487,       65P   3648
-31.89017,39.2012,37.23731,-30.41837,39.2012,38.43075,-28.8959,       65P   3649
39.2012,39.56352,-27.32441,39.2012,40.63394,-25.70558,39.2012,        65P   3650
41.64037,-24.04108,39.2012,42.57866,-22.33724,39.2012,43.44539,       65P   3651
-20.6008,39.2012,44.23995,-18.83406,39.2012,44.96174,-17.03927,       65P   3652
39.2012,45.61014,-15.21873,39.2012,46.18454,-13.37469,39.2012,        65P   3653
46.68433,-11.50945,39.2012,47.1089,-9.625266,39.2012,47.45765,        65P   3654
-7.724426,39.2012,47.72995,-5.809204,39.2012,47.92521,-3.881875,      65P   3655
39.2012,48.04282,-1.944715,39.2012,48.08216,0.,39.2012,48.04282,      65P   3656
1.944715,39.2012,47.92521,3.881875,39.2012,47.72995,5.809204,         65P   3657
39.2012,47.45765,7.724426,39.2012,47.1089,9.625266,39.2012,           65P   3658
46.68433,11.50945,39.2012,46.18454,13.37469,39.2012,45.61014,         65P   3659
15.21873,39.2012,44.96174,17.03927,39.2012,44.23995,18.83406,         65P   3660
39.2012,43.44539,20.6008,39.2012,42.57866,22.33724,39.2012,           65P   3661
41.64037,24.04108,39.2012,40.63394,25.70558,39.2012,39.56352,         65P   3662
27.32441,39.2012,38.43075,28.8959,39.2012,37.23731,30.41837,          65P   3663
39.2012,35.98487,31.89017,39.2012,34.67509,33.30964,39.2012,          65P   3664
33.30964,34.67509,39.2012,31.89017,35.98487,39.2012,30.41837,         65P   3665
37.23731,39.2012,28.8959,38.43075,39.2012,27.32441,39.56352,          65P   3666
39.2012,25.70558,40.63394,39.2012,24.04108,41.64037,39.2012,          65P   3667
22.33724,42.57866,39.2012,20.6008,43.44539,39.2012,18.83406,          65P   3668
44.23995,39.2012,17.03927,44.96174,39.2012,15.21873,45.61014,         65P   3669
39.2012,13.37469,46.18454,39.2012,11.50945,46.68433,39.2012,          65P   3670
9.625266,47.1089,39.2012,7.724426,47.45765,39.2012,5.809204,          65P   3671
47.72995,39.2012,3.881875,47.92521,39.2012,1.944715,48.04282,         65P   3672
39.2012,0.,48.08216,39.2012,0.,1.,-9.119004D-017,0.,1.;               65P   3673
106,1,2,0.,1.,7.,1.,1.;                                               67P   3674
126,33,1,1,0,1,0,0.,0.,0.1666666667,0.1875,0.2083333333,              69P   3675
0.2291666667,0.25,0.2708333333,0.2916666667,0.3125,0.3333333333,      69P   3676
0.5,0.5087719298,0.5175438596,0.5263157895,0.5350877193,              69P   3677
0.5438596491,0.5526315789,0.5614035088,0.5701754386,                  69P   3678
0.5789473684,0.5877192982,0.5964912281,0.6052631579,                  69P   3679
0.6140350877,0.6228070175,0.6315789474,0.6403508772,0.649122807,      69P   3680
0.6578947368,0.6666666667,0.7222222222,0.7777777778,                  69P   3681
0.8333333333,1.,1.,1.,1.,1.,1.,1.,1.,1.,1.,1.,1.,1.,1.,1.,1.,1.,      69P   3682
1.,1.,1.,1.,1.,1.,1.,1.,1.,1.,1.,1.,1.,1.,1.,1.,1.,1.,1.,0.,          69P   3683
48.08216,39.2012,0.,24.21278,67.64761,-1.575781D-007,23.6014,         69P   3684
68.43574,-5.402678D-007,23.05453,69.26468,-1.013002D-006,             69P   3685
22.57381,70.13042,-1.440714D-006,22.16092,71.02896,                   69P   3686
-1.688337D-006,21.81752,71.95628,-1.620803D-006,21.54526,             69P   3687
72.90837,-1.103047D-006,21.34581,73.88122,0.,21.22083,74.87082,       69P   3688
5.881194D-005,17.66142,115.555,5.834312D-005,17.45128,117.5126,       69P   3689
5.70052D-005,17.16533,119.454,5.490103D-005,16.80457,121.377,         69P   3690
5.213344D-005,16.36997,123.2799,4.880526D-005,15.86253,125.1605,      69P   3691
4.501934D-005,15.28322,127.0168,4.08785D-005,14.63303,128.8469,       69P   3692
3.648558D-005,13.91294,130.6488,3.194342D-005,13.12394,132.4204,      69P   3693
2.735485D-005,12.267,134.1598,2.28227D-005,11.34311,135.865,          69P   3694
1.844982D-005,10.35325,137.5339,1.433904D-005,9.298414,139.1647,      69P   3695
1.05932D-005,8.179574,140.7552,7.315122D-006,6.997716,142.3035,       69P   3696
4.60765D-006,5.753825,143.8077,2.573619D-006,4.448882,145.2656,       69P   3697
1.315864D-006,3.08387,146.6753,9.372201D-007,1.659774,148.0349,       69P   3698
9.686D-007,1.250821,148.3635,1.003076D-006,0.8033704,148.6352,        69P   3699
1.027349D-006,0.3232081,148.8466,1.034D-006,0.1,148.9279,0.,1.,       69P   3700
-1.,-8.140801D-006,-1.554317D-006;                                    69P   3701
314,100.,60.,10.19608,12Hrgb_colour_1;                                71P   3702
143,1,75,1,77;                                                        73P   3703
128,42,54,6,6,0,1,1,0,0,1.,1.,1.,1.,1.,1.,1.,2.,2.,2.,2.,2.,2.,       75P   3704
3.,3.,3.,3.,3.,3.,4.,4.,4.,4.,4.,4.,5.,5.,5.,5.,5.,5.,6.,6.,6.,       75P   3705
6.,6.,6.,7.,7.,7.,7.,7.,7.,8.,8.,8.,8.,8.,8.,8.,1.,1.,1.,1.,1.,       75P   3706
1.,1.,2.,2.,2.,2.,2.,2.,3.,3.,3.,3.,3.,3.,4.,4.,4.,4.,4.,4.,5.,       75P   3707
5.,5.,5.,5.,5.,6.,6.,6.,6.,6.,6.,7.,7.,7.,7.,7.,7.,8.,8.,8.,8.,       75P   3708
8.,8.,9.,9.,9.,9.,9.,9.,10.,10.,10.,10.,10.,10.,10.,1.,1.,1.,1.,      75P   3709
1.,1.,1.,1.,1.,1.,1.,1.,1.,1.,1.,1.,1.,1.,1.,1.,1.,1.,1.,1.,1.,       75P   3710
1.,1.,1.,1.,1.,1.,1.,1.,1.,1.,1.,1.,1.,1.,1.,1.,1.,1.,1.,1.,1.,       75P   3711
1.,1.,1.,1.,1.,1.,1.,1.,1.,1.,1.,1.,1.,1.,1.,1.,1.,1.,1.,1.,1.,       75P   3712
1.,1.,1.,1.,1.,1.,1.,1.,1.,1.,1.,1.,1.,1.,1.,1.,1.,1.,1.,1.,1.,       75P   3713
1.,1.,1.,1.,1.,1.,1.,1.,1.,1.,1.,1.,1.,1.,1.,1.,1.,1.,1.,1.,1.,       75P   3714
1.,1.,1.,1.,1.,1.,1.,1.,1.,1.,1.,1.,1.,1.,1.,1.,1.,1.,1.,1.,1.,       75P   3715
1.,1.,1.,1.,1.,1.,1.,1.,1.,1.,1.,1.,1.,1.,1.,1.,1.,1.,1.,1.,1.,       75P   3716
1.,1.,1.,1.,1.,1.,1.,1.,1.,1.,1.,1.,1.,1.,1.,1.,1.,1.,1.,1.,1.,       75P   3717
1.,1.,1.,1.,1.,1.,1.,1.,1.,1.,1.,1.,1.,1.,1.,1.,1.,1.,1.,1.,1.,       75P   3718
1.,1.,1.,1.,1.,1.,1.,1.,1.,1.,1.,1.,1.,1.,1.,1.,1.,1.,1.,1.,1.,       75P   3719
1.,1.,1.,1.,1.,1.,1.,1.,1.,1.,1.,1.,1.,1.,1.,1.,1.,1.,1.,1.,1.,       75P   3720
1.,1.,1.,1.,1.,1.,1.,1.,1.,1.,1.,1.,1.,1.,1.,1.,1.,1.,1.,1.,1.,       75P   3721
1.,1.,1.,1.,1.,1.,1.,1.,1.,1.,1.,1.,1.,1.,1.,1.,1.,1.,1.,1.,1.,       75P   3722
1.,1.,1.,1.,1.,1.,1.,1.,1.,1.,1.,1.,1.,1.,1.,1.,1.,1.,1.,1.,1.,       75P   3723
1.,1.,1.,1.,1.,1.,1.,1.,1.,1.,1.,1.,1.,1.,1.,1.,1.,1.,1.,1.,1.,       75P   3724
1.,1.,1.,1.,1.,1.,1.,1.,1.,1.,1.,1.,1.,1.,1.,1.,1.,1.,1.,1.,1.,       75P   3725
1.,1.,1.,1.,1.,1.,1.,1.,1.,1.,1.,1.,1.,1.,1.,1.,1.,1.,1.,1.,1.,       75P   3726
1.,1.,1.,1.,1.,1.,1.,1.,1.,1.,1.,1.,1.,1.,1.,1.,1.,1.,1.,1.,1.,       75P   3727
1.,1.,1.,1.,1.,1.,1.,1.,1.,1.,1.,1.,1.,1.,1.,1.,1.,1.,1.,1.,1.,       75P   3728
1.,1.,1.,1.,1.,1.,1.,1.,1.,1.,1.,1.,1.,1.,1.,1.,1.,1.,1.,1.,1.,       75P   3729
1.,1.,1.,1.,1.,1.,1.,1.,1.,1.,1.,1.,1.,1.,1.,1.,1.,1.,1.,1.,1.,       75P   3730
1.,1.,1.,1.,1.,1.,1.,1.,1.,1.,1.,1.,1.,1.,1.,1.,1.,1.,1.,1.,1.,       75P   3731
1.,1.,1.,1.,1.,1.,1.,1.,1.,1.,1.,1.,1.,1.,1.,1.,1.,1.,1.,1.,1.,       75P   3732
1.,1.,1.,1.,1.,1.,1.,1.,1.,1.,1.,1.,1.,1.,1.,1.,1.,1.,1.,1.,1.,       75P   3733
1.,1.,1.,1.,1.,1.,1.,1.,1.,1.,1.,1.,1.,1.,1.,1.,1.,1.,1.,1.,1.,       75P   3734
1.,1.,1.,1.,1.,1.,1.,1.,1.,1.,1.,1.,1.,1.,1.,1.,1.,1.,1.,1.,1.,       75P   3735
1.,1.,1.,1.,1.,1.,1.,1.,1.,1.,1.,1.,1.,1.,1.,1.,1.,1.,1.,1.,1.,       75P   3736
1.,1.,1.,1.,1.,1.,1.,1.,1.,1.,1.,1.,1.,1.,1.,1.,1.,1.,1.,1.,1.,       75P   3737
1.,1.,1.,1.,1.,1.,1.,1.,1.,1.,1.,1.,1.,1.,1.,1.,1.,1.,1.,1.,1.,       75P   3738
1.,1.,1.,1.,1.,1.,1.,1.,1.,1.,1.,1.,1.,1.,1.,1.,1.,1.,1.,1.,1.,       75P   3739
1.,1.,1.,1.,1.,1.,1.,1.,1.,1.,1.,1.,1.,1.,1.,1.,1.,1.,1.,1.,1.,       75P   3740
1.,1.,1.,1.,1.,1.,1.,1.,1.,1.,1.,1.,1.,1.,1.,1.,1.,1.,1.,1.,1.,       75P   3741
1.,1.,1.,1.,1.,1.,1.,1.,1.,1.,1.,1.,1.,1.,1.,1.,1.,1.,1.,1.,1.,       75P   3742
1.,1.,1.,1.,1.,1.,1.,1.,1.,1.,1.,1.,1.,1.,1.,1.,1.,1.,1.,1.,1.,       75P   3743
1.,1.,1.,1.,1.,1.,1.,1.,1.,1.,1.,1.,1.,1.,1.,1.,1.,1.,1.,1.,1.,       75P   3744
1.,1.,1.,1.,1.,1.,1.,1.,1.,1.,1.,1.,1.,1.,1.,1.,1.,1.,1.,1.,1.,       75P   3745
1.,1.,1.,1.,1.,1.,1.,1.,1.,1.,1.,1.,1.,1.,1.,1.,1.,1.,1.,1.,1.,       75P   3746
1.,1.,1.,1.,1.,1.,1.,1.,1.,1.,1.,1.,1.,1.,1.,1.,1.,1.,1.,1.,1.,       75P   3747
1.,1.,1.,1.,1.,1.,1.,1.,1.,1.,1.,1.,1.,1.,1.,1.,1.,1.,1.,1.,1.,       75P   3748
1.,1.,1.,1.,1.,1.,1.,1.,1.,1.,1.,1.,1.,1.,1.,1.,1.,1.,1.,1.,1.,       75P   3749
1.,1.,1.,1.,1.,1.,1.,1.,1.,1.,1.,1.,1.,1.,1.,1.,1.,1.,1.,1.,1.,       75P   3750
1.,1.,1.,1.,1.,1.,1.,1.,1.,1.,1.,1.,1.,1.,1.,1.,1.,1.,1.,1.,1.,       75P   3751
1.,1.,1.,1.,1.,1.,1.,1.,1.,1.,1.,1.,1.,1.,1.,1.,1.,1.,1.,1.,1.,       75P   3752
1.,1.,1.,1.,1.,1.,1.,1.,1.,1.,1.,1.,1.,1.,1.,1.,1.,1.,1.,1.,1.,       75P   3753
1.,1.,1.,1.,1.,1.,1.,1.,1.,1.,1.,1.,1.,1.,1.,1.,1.,1.,1.,1.,1.,       75P   3754
1.,1.,1.,1.,1.,1.,1.,1.,1.,1.,1.,1.,1.,1.,1.,1.,1.,1.,1.,1.,1.,       75P   3755
1.,1.,1.,1.,1.,1.,1.,1.,1.,1.,1.,1.,1.,1.,1.,1.,1.,1.,1.,1.,1.,       75P   3756
1.,1.,1.,1.,1.,1.,1.,1.,1.,1.,1.,1.,1.,1.,1.,1.,1.,1.,1.,1.,1.,       75P   3757
1.,1.,1.,1.,1.,1.,1.,1.,1.,1.,1.,1.,1.,1.,1.,1.,1.,1.,1.,1.,1.,       75P   3758
1.,1.,1.,1.,1.,1.,1.,1.,1.,1.,1.,1.,1.,1.,1.,1.,1.,1.,1.,1.,1.,       75P   3759
1.,1.,1.,1.,1.,1.,1.,1.,1.,1.,1.,1.,1.,1.,1.,1.,1.,1.,1.,1.,1.,       75P   3760
1.,1.,1.,1.,1.,1.,1.,1.,1.,1.,1.,1.,1.,1.,1.,1.,1.,1.,1.,1.,1.,       75P   3761
1.,1.,1.,1.,1.,1.,1.,1.,1.,1.,1.,1.,1.,1.,1.,1.,1.,1.,1.,1.,1.,       75P   3762
1.,1.,1.,1.,1.,1.,1.,1.,1.,1.,1.,1.,1.,1.,1.,1.,1.,1.,1.,1.,1.,       75P   3763
1.,1.,1.,1.,1.,1.,1.,1.,1.,1.,1.,1.,1.,1.,1.,1.,1.,1.,1.,1.,1.,       75P   3764
1.,1.,1.,1.,1.,1.,1.,1.,1.,1.,1.,1.,1.,1.,1.,1.,1.,1.,1.,1.,1.,       75P   3765
1.,1.,1.,1.,1.,1.,1.,1.,1.,1.,1.,1.,1.,1.,1.,1.,1.,1.,1.,1.,1.,       75P   3766
1.,1.,1.,1.,1.,1.,1.,1.,1.,1.,1.,1.,1.,1.,1.,1.,1.,1.,1.,1.,1.,       75P   3767
1.,1.,1.,1.,1.,1.,1.,1.,1.,1.,1.,1.,1.,1.,1.,1.,1.,1.,1.,1.,1.,       75P   3768
1.,1.,1.,1.,1.,1.,1.,1.,1.,1.,1.,1.,1.,1.,1.,1.,1.,1.,1.,1.,1.,       75P   3769
1.,1.,1.,1.,1.,1.,1.,1.,1.,1.,1.,1.,1.,1.,1.,1.,1.,1.,1.,1.,1.,       75P   3770
1.,1.,1.,1.,1.,1.,1.,1.,1.,1.,1.,1.,1.,1.,1.,1.,1.,1.,1.,1.,1.,       75P   3771
1.,1.,1.,1.,1.,1.,1.,1.,1.,1.,1.,1.,1.,1.,1.,1.,1.,1.,1.,1.,1.,       75P   3772
1.,1.,1.,1.,1.,1.,1.,1.,1.,1.,1.,1.,1.,1.,1.,1.,1.,1.,1.,1.,1.,       75P   3773
1.,1.,1.,1.,1.,1.,1.,1.,1.,1.,1.,1.,1.,1.,1.,1.,1.,1.,1.,1.,1.,       75P   3774
1.,1.,1.,1.,1.,1.,1.,1.,1.,1.,1.,1.,1.,1.,1.,1.,1.,1.,1.,1.,1.,       75P   3775
1.,1.,1.,1.,1.,1.,1.,1.,1.,1.,1.,1.,1.,1.,1.,1.,1.,1.,1.,1.,1.,       75P   3776
1.,1.,1.,1.,1.,1.,1.,1.,1.,1.,1.,1.,1.,1.,1.,1.,1.,1.,1.,1.,1.,       75P   3777
1.,1.,1.,1.,1.,1.,1.,1.,1.,1.,1.,1.,1.,1.,1.,1.,1.,1.,1.,1.,1.,       75P   3778
1.,1.,1.,1.,1.,1.,1.,1.,1.,1.,1.,1.,1.,1.,1.,1.,1.,1.,1.,1.,1.,       75P   3779
1.,1.,1.,1.,1.,1.,1.,1.,1.,1.,1.,1.,1.,1.,1.,1.,1.,1.,1.,1.,1.,       75P   3780
1.,1.,1.,1.,1.,1.,1.,1.,1.,1.,1.,1.,1.,1.,1.,1.,1.,1.,1.,1.,1.,       75P   3781
1.,1.,1.,1.,1.,1.,1.,1.,1.,1.,1.,1.,1.,1.,1.,1.,1.,1.,1.,1.,1.,       75P   3782
1.,1.,1.,1.,1.,1.,1.,1.,1.,1.,1.,1.,1.,1.,1.,1.,1.,1.,1.,1.,1.,       75P   3783
1.,1.,1.,1.,1.,1.,1.,1.,1.,1.,1.,1.,1.,1.,1.,1.,1.,1.,1.,1.,1.,       75P   3784
1.,1.,1.,1.,1.,1.,1.,1.,1.,1.,1.,1.,1.,1.,1.,1.,1.,1.,1.,1.,1.,       75P   3785
1.,1.,1.,1.,1.,1.,1.,1.,1.,1.,1.,1.,1.,1.,1.,1.,1.,1.,1.,1.,1.,       75P   3786
1.,1.,1.,1.,1.,1.,1.,1.,1.,1.,1.,1.,1.,1.,1.,1.,1.,1.,1.,1.,1.,       75P   3787
1.,1.,1.,1.,1.,1.,1.,1.,1.,1.,1.,1.,1.,1.,1.,1.,1.,1.,1.,1.,1.,       75P   3788
1.,1.,1.,1.,1.,1.,1.,1.,1.,1.,1.,1.,1.,1.,1.,1.,1.,1.,1.,1.,1.,       75P   3789
1.,1.,1.,1.,1.,1.,1.,1.,1.,1.,1.,1.,1.,1.,1.,1.,1.,1.,1.,1.,1.,       75P   3790
1.,1.,1.,1.,1.,1.,1.,1.,1.,1.,1.,1.,1.,1.,1.,1.,1.,1.,1.,1.,1.,       75P   3791
1.,1.,1.,1.,1.,1.,1.,1.,1.,1.,1.,1.,1.,1.,1.,1.,1.,1.,1.,1.,1.,       75P   3792
1.,1.,1.,1.,1.,1.,1.,1.,1.,1.,1.,1.,1.,1.,1.,1.,1.,1.,1.,1.,1.,       75P   3793
1.,1.,1.,1.,1.,1.,1.,1.,1.,1.,1.,1.,1.,1.,1.,1.,1.,1.,1.,1.,1.,       75P   3794
1.,1.,1.,1.,1.,1.,1.,1.,1.,1.,1.,1.,1.,1.,1.,1.,1.,1.,1.,1.,1.,       75P   3795
1.,1.,1.,1.,1.,1.,1.,1.,1.,1.,1.,1.,1.,1.,1.,1.,1.,1.,1.,1.,1.,       75P   3796
1.,1.,1.,1.,1.,1.,1.,1.,1.,1.,1.,1.,1.,1.,1.,1.,1.,1.,1.,1.,1.,       75P   3797
1.,1.,1.,1.,1.,1.,1.,1.,1.,1.,1.,1.,1.,1.,1.,1.,1.,1.,1.,1.,1.,       75P   3798
1.,1.,1.,1.,1.,1.,1.,1.,1.,1.,1.,1.,1.,1.,1.,1.,1.,1.,1.,1.,1.,       75P   3799
1.,1.,1.,1.,1.,1.,1.,1.,1.,1.,1.,1.,1.,1.,1.,1.,1.,1.,1.,1.,1.,       75P   3800
1.,1.,1.,1.,1.,1.,1.,1.,1.,1.,1.,1.,1.,1.,1.,1.,1.,1.,1.,1.,1.,       75P   3801
1.,1.,1.,1.,1.,1.,1.,1.,1.,1.,1.,1.,1.,1.,1.,1.,1.,1.,1.,1.,1.,       75P   3802
1.,1.,1.,1.,1.,1.,1.,1.,1.,1.,1.,1.,1.,1.,1.,1.,1.,1.,1.,1.,1.,       75P   3803
1.,1.,1.,1.,1.,1.,1.,1.,1.,1.,1.,1.,1.,1.,1.,1.,1.,1.,1.,1.,1.,       75P   3804
1.,1.,1.,1.,1.,1.,1.,1.,1.,1.,1.,1.,1.,1.,1.,1.,1.,1.,1.,1.,1.,       75P   3805
1.,1.,1.,1.,1.,1.,1.,1.,1.,1.,1.,1.,1.,1.,1.,1.,1.,1.,1.,1.,1.,       75P   3806
1.,1.,1.,1.,1.,1.,1.,1.,1.,1.,1.,1.,1.,1.,1.,1.,1.,1.,1.,1.,1.,       75P   3807
1.,1.,1.,1.,1.,1.,1.,1.,1.,1.,1.,1.,1.,1.,1.,1.,1.,1.,1.,1.,1.,       75P   3808
1.,1.,1.,1.,1.,1.,1.,1.,1.,1.,1.,1.,1.,1.,1.,1.,1.,1.,1.,1.,1.,       75P   3809
1.,1.,1.,1.,1.,1.,1.,1.,1.,1.,1.,1.,1.,1.,1.,1.,1.,1.,1.,1.,1.,       75P   3810
1.,1.,1.,1.,1.,1.,1.,1.,1.,1.,1.,1.,1.,1.,1.,1.,1.,1.,1.,1.,1.,       75P   3811
1.,1.,1.,1.,1.,1.,1.,1.,1.,1.,1.,1.,1.,1.,1.,1.,1.,1.,1.,1.,1.,       75P   3812
1.,1.,1.,1.,1.,1.,1.,1.,1.,1.,1.,1.,1.,1.,1.,1.,1.,1.,1.,1.,1.,       75P   3813
1.,1.,1.,1.,1.,1.,1.,1.,1.,1.,1.,1.,1.,1.,1.,1.,1.,1.,1.,1.,1.,       75P   3814
1.,1.,1.,1.,1.,1.,1.,1.,1.,1.,1.,1.,1.,1.,1.,1.,1.,1.,1.,1.,1.,       75P   3815
1.,1.,1.,1.,1.,1.,1.,1.,1.,1.,1.,1.,1.,1.,1.,1.,1.,1.,1.,1.,1.,       75P   3816
1.,1.,1.,1.,1.,1.,1.,1.,1.,1.,1.,1.,1.,1.,1.,1.,1.,1.,1.,1.,1.,       75P   3817
1.,1.,1.,1.,1.,1.,1.,1.,1.,1.,1.,1.,1.,1.,1.,1.,1.,1.,1.,1.,1.,       75P   3818
1.,1.,1.,1.,1.,1.,1.,1.,1.,1.,1.,1.,1.,1.,1.,1.,1.,1.,1.,1.,1.,       75P   3819
1.,1.,1.,1.,1.,1.,1.,1.,1.,1.,1.,1.,1.,1.,1.,1.,1.,1.,1.,1.,1.,       75P   3820
1.,1.,1.,1.,1.,1.,1.,1.,1.,1.,1.,1.,1.,1.,1.,1.,1.,1.,1.,1.,1.,       75P   3821
1.,1.,1.,1.,1.,1.,1.,1.,1.,0.,9.184548D-015,150.,1.808904,            75P   3822
-0.1588267,149.9654,3.252286,-0.285554,149.8881,4.406022,             75P   3823
-0.3868477,149.7784,5.345987,-0.4693735,149.6467,6.148056,            75P   3824
-0.5397971,149.5036,6.888105,-0.6047841,149.3595,8.714952,            75P   3825
-0.765208,149.0038,10.51909,-0.9236526,148.5475,12.29384,             75P   3826
-1.07954,147.9897,14.03252,-1.232293,147.3293,15.72846,               75P   3827
-1.381333,146.5652,17.37497,-1.526083,145.6965,22.2528,               75P   3828
-1.954907,143.1228,26.57814,-2.334315,139.7366,30.25766,              75P   3829
-2.656617,135.6613,33.198,-2.914123,131.02,35.30582,-3.099144,        75P   3830
125.9362,36.48779,-3.20399,120.5328,37.53523,-3.296903,115.7445,      75P   3831
37.81918,-3.322537,110.8675,37.35752,-3.282402,106.0095,              75P   3832
36.16812,-3.178008,101.2781,34.26888,-3.010866,96.78123,              75P   3833
31.67765,-2.782484,92.62647,31.35783,-2.754296,92.11366,              75P   3834
31.02816,-2.725168,91.60746,30.68902,-2.695181,91.10767,              75P   3835
30.34081,-2.664413,90.61411,29.98389,-2.632943,90.12661,              75P   3836
29.61865,-2.600851,89.64498,29.25341,-2.568758,89.16334,              75P   3837
28.87985,-2.536044,88.68758,28.49671,-2.502554,88.2196,28.10273,      75P   3838
-2.468135,87.76133,27.69668,-2.432634,87.31467,27.27727,              75P   3839
-2.395898,86.88154,26.85787,-2.359162,86.44842,26.42513,              75P   3840
-2.321191,86.02883,25.9881,-2.282792,85.61398,25.55583,               75P   3841
-2.244774,85.19507,25.13739,-2.207945,84.76332,24.74182,              75P   3842
-2.17311,84.30993,7.723773D-016,1.799463D-014,150.,1.827564,          75P   3843
0.0540188,149.964,3.285701,0.09559059,149.8854,4.451118,              75P   3844
0.1276514,149.7761,5.400536,0.1531285,149.6456,6.210678,              75P   3845
0.1749496,149.5036,6.958268,0.1960408,149.3595,8.803656,              75P   3846
0.2481123,149.0038,10.62608,0.2994744,148.5475,12.41883,              75P   3847
0.3499443,147.9898,14.17515,0.3993406,147.3294,15.88831,              75P   3848
0.4474838,146.5654,17.55153,0.4941957,145.6966,22.47902,              75P   3849
0.6325659,143.1229,26.84858,0.7576898,139.7367,30.56577,              75P   3850
0.8652038,135.6613,33.53617,0.950742,131.0201,35.66538,1.009937,      75P   3851
125.9362,36.85902,1.03842,120.5329,37.91681,1.06366,115.7445,         75P   3852
38.20385,1.069559,110.8673,37.73802,1.056039,106.0092,36.53711,       75P   3853
1.023035,101.2779,34.61889,0.9704773,96.78108,32.00133,               75P   3854
0.8982848,92.62648,31.67815,0.8893843,92.11351,31.34466,              75P   3855
0.879839,91.60735,31.00144,0.8698268,91.1077,30.64906,0.8595265,      75P   3856
90.61428,30.28806,0.8491181,90.12679,29.91898,0.838783,89.64497,      75P   3857
29.55012,0.8284277,89.16346,29.17308,0.8181034,88.68766,              75P   3858
28.78647,0.8076289,88.21958,28.38891,0.7968223,87.76121,              75P   3859
27.97903,0.7855007,87.31454,27.55548,0.7734805,86.88154,              75P   3860
27.13182,0.7614706,86.44843,26.69469,0.7491024,86.02884,              75P   3861
26.25323,0.7366609,85.61397,25.81659,0.7244309,85.19506,              75P   3862
25.39391,0.712697,84.7633,24.99434,0.7017437,84.30993,                75P   3863
2.986682D-015,1.681626D-014,150.,1.815979,0.2667696,149.9631,         75P   3864
3.264507,0.4782744,149.8838,4.421945,0.6462961,149.7748,              75P   3865
5.364693,0.7826229,149.645,6.169149,0.8990429,149.5036,6.911718,      75P   3866
1.007345,149.3595,8.744626,1.274687,149.0038,10.55473,1.538592,       75P   3867
148.5476,12.33537,1.798122,147.9898,14.07987,2.052326,147.3294,       75P   3868
15.78151,2.30025,146.5654,17.43353,2.540928,145.6967,22.32807,        75P   3869
3.253956,143.1229,26.66768,3.890221,139.7367,30.35906,4.433167,       75P   3870
135.6614,33.30896,4.866242,131.0202,35.42419,5.172901,125.9363,       75P   3871
36.61154,5.336603,120.5329,37.66376,5.481675,115.7444,37.94987,       75P   3872
5.51923,110.8672,37.4877,5.450847,106.0091,36.29496,5.278131,         75P   3873
101.2777,34.38938,5.002681,96.78098,31.78884,4.626065,92.62647,       75P   3874
31.46773,4.579561,92.11348,31.13627,4.531088,91.60734,30.79509,       75P   3875
4.480944,91.10774,30.44481,4.429428,90.61435,30.08603,4.376839,       75P   3876
90.12686,29.71935,4.323477,89.64498,29.35297,4.270152,89.16349,       75P   3877
28.97854,4.216009,88.68768,28.59467,4.160653,88.21956,28.19993,       75P   3878
4.103689,87.76116,27.79293,4.044724,87.31449,27.37229,3.983362,       75P   3879
86.88154,26.95151,3.921979,86.44845,26.51736,3.858627,86.02885,       75P   3880
26.07891,3.794696,85.61397,25.6452,3.731579,85.19504,25.22531,        75P   3881
3.670666,84.76328,24.82829,3.613353,84.30993,5.329756D-015,           75P   3882
1.049776D-014,150.,1.775148,0.4756923,149.9628,3.190716,              75P   3883
0.8549579,149.8833,4.321499,1.157877,149.7743,5.242352,1.404559,      75P   3884
149.6447,6.028127,1.615114,149.5036,6.753685,1.809657,149.3595,       75P   3885
8.544543,2.289846,149.0038,10.31313,2.763929,148.5476,12.05298,       75P   3886
3.23021,147.9898,13.75754,3.686971,147.3295,15.42023,4.132471,        75P   3887
146.5654,17.03443,4.564953,145.6967,21.81717,5.846314,143.1229,       75P   3888
26.05626,6.988057,139.7367,29.66154,7.961586,135.6615,32.5429,        75P   3889
8.73832,131.0204,34.61025,9.289691,125.9365,35.77356,9.587144,        75P   3890
120.5329,36.80446,9.850743,115.7443,37.08551,9.919515,110.867,        75P   3891
36.6344,9.79673,106.0089,35.4687,9.485696,101.2776,33.60604,          75P   3892
8.989716,96.78091,31.06412,8.31204,92.62647,30.75028,8.228358,        75P   3893
92.11354,30.42636,8.141549,91.60741,30.09295,8.051953,91.10777,       75P   3894
29.75066,7.959911,90.61434,29.40007,7.865764,90.12684,29.04174,       75P   3895
7.769849,89.64498,28.68367,7.674022,89.16347,28.31776,7.5764,         75P   3896
88.68766,27.94262,7.476447,88.21956,27.55689,7.373629,87.76117,       75P   3897
27.1592,7.267413,87.31451,26.74821,7.157265,86.88154,26.33712,        75P   3898
7.047077,86.44847,25.91298,6.933312,86.02886,25.4846,6.818459,        75P   3899
85.61397,25.0608,6.70501,85.19502,24.65042,6.595459,84.76326,         75P   3900
24.26227,6.492301,84.30993,6.48844D-015,3.887438D-015,150.,           75P   3901
1.706067,0.677049,149.9631,3.066334,1.218093,149.8838,4.15277,        75P   3902
1.651172,149.7748,5.037405,2.004375,149.6449,5.792269,2.305788,       75P   3903
149.5036,6.489401,2.583505,149.3595,8.210095,3.268969,149.0038,       75P   3904
9.909421,3.945765,148.5476,11.58115,4.611459,147.9898,13.21901,       75P   3905
5.263583,147.3294,14.81665,5.89964,146.5654,16.36772,6.517107,        75P   3906
145.6967,20.96346,8.346649,143.1228,25.03509,9.975945,139.7367,       75P   3907
28.49722,11.36478,135.6615,31.2645,12.47295,131.0205,33.25162,        75P   3908
13.26029,125.9366,34.3733,13.68663,120.5329,35.3673,14.06443,         75P   3909
115.7442,35.63904,14.16339,110.8669,35.2059,13.98832,106.0088,        75P   3910
34.08527,13.54406,101.2775,32.29454,12.83549,96.78086,29.8511,        75P   3911
11.8674,92.62646,29.54948,11.74788,92.11363,29.23828,11.62418,        75P   3912
91.6075,28.91802,11.49663,91.1078,28.58924,11.36561,90.6143,          75P   3913
28.25244,11.23145,90.12677,27.90814,11.09452,89.64499,27.56398,       75P   3914
10.95767,89.16342,27.21225,10.81802,88.68762,26.85165,10.67495,       75P   3915
88.21956,26.4809,10.5278,87.76122,26.0987,10.37593,87.31456,          75P   3916
25.70379,10.21871,86.88154,25.30884,10.06145,86.44848,24.90135,       75P   3917
9.899054,86.02887,24.48976,9.735063,85.61397,24.08252,9.573043,       75P   3918
85.19502,23.68806,9.416557,84.76326,23.31485,9.269171,84.30993,       75P   3919
5.149574D-015,1.833596D-015,150.,1.609732,0.8670957,149.964,          75P   3920
2.893375,1.56012,149.8854,3.918756,2.114947,149.7761,4.753752,        75P   3921
2.567495,149.6456,5.466237,2.953677,149.5036,6.124094,3.309418,       75P   3922
149.3595,7.747933,4.187492,149.0038,9.351668,5.054446,148.5476,       75P   3923
10.92939,5.907158,147.9898,12.47516,6.742479,147.3294,13.98298,       75P   3924
7.557235,146.5653,15.44685,8.348231,145.6966,19.78411,10.6919,        75P   3925
143.1227,23.62493,12.77857,139.7366,26.89006,14.55705,135.6616,       75P   3926
29.50026,15.97615,131.0206,31.37629,16.98473,125.9367,32.43897,       75P   3927
17.53163,120.5329,33.38069,18.01628,115.7441,33.63873,18.14376,       75P   3928
110.8668,33.23005,17.92012,106.0087,32.17167,17.35146,101.2775,       75P   3929
30.48057,16.44385,96.7808,28.17371,15.20332,92.62645,27.889,          75P   3930
15.05021,92.11373,27.59539,14.89191,91.60757,27.2933,14.72877,        75P   3931
91.10781,26.98318,14.56118,90.61424,26.66544,14.3895,90.1267,         75P   3932
26.34051,14.2141,89.64499,26.01564,14.03874,89.16336,25.68355,        75P   3933
13.85966,88.68757,25.34307,13.67612,88.21957,24.99303,13.48736,       75P   3934
87.76127,24.63224,13.29264,87.31462,24.25954,13.09121,86.88154,       75P   3935
23.88684,12.88978,86.44846,23.50231,12.68171,86.02886,23.11387,       75P   3936
12.47158,85.61397,22.72949,12.26396,85.19503,22.35708,12.06342,       75P   3937
84.76327,22.00461,11.87455,84.30993,0.,9.184548D-015,150.,            75P   3938
1.487146,1.042086,149.9654,2.673858,1.873477,149.8881,3.622468,       75P   3939
2.537965,149.7784,4.395306,3.079342,149.6467,5.054706,3.541398,       75P   3940
149.5036,5.662997,3.967924,149.3595,7.16464,5.020856,149.0038,        75P   3941
8.647885,6.060323,148.5475,10.10715,7.082606,147.9897,11.53686,       75P   3942
8.083985,147.3293,12.93144,9.060743,146.5652,14.2853,10.00916,        75P   3943
145.6965,18.2963,12.81899,143.1226,21.84658,15.3206,139.7367,         75P   3944
24.86405,17.45268,135.6616,27.27664,19.15394,131.0206,29.01224,       75P   3945
20.36306,125.9367,29.99879,21.01874,120.5328,30.87306,21.59979,       75P   3946
115.7441,31.11293,21.75349,110.8667,30.73478,21.48664,106.0086,       75P   3947
29.75498,20.80607,101.2774,28.1899,19.71858,96.78073,26.0559,         75P   3948
18.231,92.62645,25.79254,18.04741,92.11377,25.52105,17.85766,         75P   3949
91.6076,25.24178,17.66215,91.1078,24.95509,17.4613,90.6142,           75P   3950
24.66133,17.25552,90.12665,24.36085,17.04522,89.64499,24.06037,       75P   3951
16.83492,89.16333,23.75317,16.6201,88.68755,23.4382,16.3999,          75P   3952
88.21957,23.11438,16.17344,87.76131,22.78067,15.93986,87.31466,       75P   3953
22.436,15.69828,86.88154,22.09133,15.45671,86.44842,21.7357,          75P   3954
15.20714,86.02883,21.37644,14.95508,85.61398,21.02087,14.70604,       75P   3955
85.19507,20.67632,14.46552,84.76332,20.35013,14.23902,84.30993,       75P   3956
0.,9.184548D-015,150.,1.364659,1.216836,149.964,2.454396,             75P   3957
2.18658,149.8854,3.326157,2.960867,149.7761,4.036773,3.591241,        75P   3958
149.6456,4.643081,4.12925,149.5036,5.2019,4.62643,149.3595,           75P   3959
6.581576,5.853893,149.0037,7.94438,7.065804,148.5474,9.285127,        75P   3960
8.25775,147.9896,10.59867,9.425349,147.3292,11.8799,10.56424,         75P   3961
146.5652,13.12374,11.67009,145.6963,16.80847,14.9461,143.1226,        75P   3962
20.07117,17.85841,139.7367,22.84471,20.33879,135.6617,25.06192,       75P   3963
22.31901,131.0206,26.65562,23.73079,125.9366,27.55861,24.50585,       75P   3964
120.5328,28.35884,25.19271,115.744,28.57909,25.3747,110.8667,         75P   3965
28.23327,25.06207,106.0085,27.33524,24.26503,101.2772,25.89887,       75P   3966
22.99381,96.78066,23.93809,21.25867,92.62645,23.69612,21.04455,       75P   3967
92.11381,23.44676,20.82334,91.60763,23.19029,20.59548,91.10779,       75P   3968
22.92701,20.36141,90.61416,22.65721,20.12155,90.12661,22.38118,       75P   3969
19.87634,89.64499,22.10511,19.63109,89.16329,21.82283,19.38049,       75P   3970
88.68753,21.53339,19.12357,88.21958,21.23583,18.85938,87.76134,       75P   3971
20.92917,18.58697,87.3147,20.61246,18.30536,86.88154,20.29574,        75P   3972
18.02374,86.44838,19.96887,17.73288,86.0288,19.63864,17.4391,         75P   3973
85.61399,19.31184,17.14872,85.19512,18.99525,16.86807,84.76337,       75P   3974
18.69565,16.60349,84.30993,0.,9.184548D-015,150.,1.219129,            75P   3975
1.372107,149.9631,2.192253,2.465716,149.8838,2.970467,3.339031,       75P   3976
149.7748,3.604707,4.050084,149.6449,4.145916,4.656913,149.5036,       75P   3977
4.645012,5.217529,149.3595,5.87728,6.601681,149.0037,7.09468,         75P   3978
7.968336,148.5474,8.292474,9.312513,147.9895,9.465969,10.62926,       75P   3979
147.3291,10.61052,11.91366,146.565,11.72151,13.16083,145.6962,        75P   3980
15.01239,16.85518,143.1224,17.92776,20.13584,139.7366,20.40658,       75P   3981
22.92852,135.6617,22.38774,25.15887,131.0205,23.81013,26.75252,       75P   3982
125.9365,24.61258,27.63507,120.5328,25.32373,28.41719,115.744,        75P   3983
25.52028,28.62543,110.8666,25.21323,28.27273,106.0084,24.4135,        75P   3984
27.37199,101.2772,23.13204,25.93612,96.78061,21.37985,23.9781,        75P   3985
92.62646,21.16361,23.73646,92.1138,20.94089,23.48694,91.60761,        75P   3986
20.71189,23.22997,91.10776,20.47685,22.96602,90.61414,20.23597,       75P   3987
22.69554,90.12659,19.98948,22.41899,89.64499,19.74293,22.14237,       75P   3988
89.16328,19.49081,21.85968,88.68752,19.23226,21.56984,88.21958,       75P   3989
18.96645,21.27182,87.76135,18.69252,20.96456,87.3147,18.40962,        75P   3990
20.64701,86.88154,18.12668,20.32942,86.44832,17.83454,20.00143,       75P   3991
86.02877,17.53935,19.67012,85.61402,17.24726,19.34258,85.19519,       75P   3992
16.96441,19.02587,84.76344,16.69693,18.72704,84.30993,0.,             75P   3993
9.184548D-015,150.,1.05371,1.505688,149.9628,1.893791,2.706451,       75P   3994
149.8833,2.564861,3.665882,149.7743,3.111392,4.447344,149.6447,       75P   3995
3.57786,5.114212,149.5036,4.008717,5.729823,149.3595,5.072481,        75P   3996
7.249757,149.0037,6.123721,8.75049,148.5474,7.158205,10.22657,        75P   3997
147.9895,8.171733,11.67256,147.329,9.160142,13.08307,146.5649,        75P   3998
10.1193,14.4527,145.696,12.96022,18.50954,143.1223,15.47878,          75P   3999
22.10931,139.7366,17.62085,25.17248,135.6616,19.33233,27.61951,       75P   4000
131.0205,20.55904,29.37081,125.9365,21.24679,30.34672,120.5328,       75P   4001
21.85629,31.2116,115.7439,22.02565,31.44318,110.8665,21.76261,        75P   4002
31.05646,106.0083,21.07485,30.06642,101.2771,19.97008,28.488,         75P   4003
96.78059,18.45607,26.33628,92.62649,18.2692,26.07072,92.11378,        75P   4004
18.07687,25.79659,91.60758,17.87923,25.51436,91.10774,17.67642,       75P   4005
25.2245,90.61413,17.46857,24.92747,90.12659,17.25584,24.62374,        75P   4006
89.64498,17.04307,24.31996,89.16329,16.82543,24.00945,88.68753,       75P   4007
16.60221,23.6911,88.21959,16.37271,23.36376,87.76135,16.1362,         75P   4008
23.02631,87.31471,15.89198,22.6776,86.88156,15.64768,22.32881,        75P   4009
86.4483,15.39528,21.96864,86.02877,15.14021,21.60482,85.61406,        75P   4010
14.88784,21.24506,85.19527,14.64359,20.89707,84.76351,14.41283,       75P   4011
20.56853,84.30993,0.,9.184548D-015,150.,0.87156,1.615366,             75P   4012
149.9631,1.565369,2.904354,149.8838,2.118795,3.93485,149.7748,        75P   4013
2.5691,4.774506,149.645,2.953552,5.490985,149.5036,3.309398,          75P   4014
6.151913,149.3595,4.187936,7.783682,149.0037,5.056465,9.394864,       75P   4015
148.5474,5.911341,10.97962,147.9895,6.748933,12.53211,147.3289,       75P   4016
7.565624,14.04653,146.5647,8.357814,15.51705,145.6958,10.70418,       75P   4017
19.87257,143.1221,12.78666,23.73527,139.7364,14.55874,27.02134,       75P   4018
135.6615,15.9739,29.64695,131.0204,16.98562,31.52821,125.9364,        75P   4019
17.54731,32.58115,120.5328,18.0451,33.5143,115.7439,18.18436,         75P   4020
33.76538,110.8665,17.96936,33.35098,106.0083,17.40438,32.28761,       75P   4021
101.2771,16.49369,30.59182,96.78064,15.24161,28.28023,92.62657,       75P   4022
15.08704,27.99489,92.1138,14.92814,27.70047,91.60758,14.76495,        75P   4023
27.39742,91.10775,14.59755,27.08621,90.61414,14.426,26.76731,         75P   4024
90.12661,14.25036,26.44117,89.64498,14.07472,26.115,89.16331,         75P   4025
13.89501,25.78159,88.68756,13.71065,25.43972,88.21961,13.52109,       75P   4026
25.08822,87.76138,13.32573,24.72588,87.31475,13.12402,24.35152,       75P   4027
86.88162,12.92224,23.97702,86.44835,12.71365,23.59037,86.02882,       75P   4028
12.50281,23.19981,85.61411,12.29427,22.81356,85.19532,12.09255,       75P   4029
22.43981,84.76355,11.9022,22.08677,84.30993,0.,9.184548D-015,         75P   4030
150.,0.6758387,1.698925,149.964,1.213343,3.05499,149.8854,            75P   4031
1.641711,4.139366,149.7761,1.990086,5.023055,149.6456,2.287616,       75P   4032
5.777072,149.5036,2.563441,6.4724,149.3595,3.244404,8.189048,         75P   4033
149.0037,3.917869,9.884092,148.5474,4.580887,11.55138,147.9894,       75P   4034
5.230509,13.18476,147.3289,5.863787,14.77809,146.5646,6.477774,       75P   4035
16.32521,145.6957,8.296406,20.90767,143.1219,9.913784,24.97027,       75P   4036
139.7361,11.29139,28.42585,135.6613,12.39069,31.18725,131.0203,       75P   4037
13.17316,33.16727,125.9364,13.60024,34.27866,120.5328,13.97873,       75P   4038
35.26361,115.7439,14.0856,35.52942,110.8666,13.92158,35.09389,        75P   4039
106.0084,13.48737,33.97477,101.2773,12.78372,32.18985,96.78078,       75P   4040
11.81134,29.75694,92.62672,11.69131,29.4566,92.1139,11.56808,         75P   4041
29.14678,91.60765,11.44165,28.82794,91.1078,11.31203,28.50053,        75P   4042
90.61418,11.1792,28.16502,90.12663,11.04316,27.82185,89.64499,        75P   4043
10.90712,27.47868,89.16334,10.76787,27.12784,88.6876,10.62499,        75P   4044
26.7681,88.21968,10.47804,26.39823,87.76146,10.3266,26.01698,         75P   4045
87.31485,10.17024,25.62312,86.88175,10.01384,25.22915,86.44851,       75P   4046
9.852179,24.82249,86.02895,9.688801,24.41172,85.61418,9.527262,       75P   4047
24.00544,85.19532,9.371109,23.61222,84.76352,9.223889,23.24062,       75P   4048
84.30993,0.,9.184548D-015,150.,0.4697097,1.754149,149.9654,           75P   4049
0.8440715,3.153923,149.8881,1.143045,4.272852,149.7784,1.386589,      75P   4050
5.184468,149.6467,1.594664,5.962302,149.5036,1.787229,6.679886,       75P   4051
149.3595,2.262636,8.451471,149.0037,2.732873,10.20083,148.5474,       75P   4052
3.195828,11.92159,147.9894,3.649388,13.60737,147.3289,4.091443,       75P   4053
15.2518,146.5646,4.519882,16.84852,145.6957,5.788995,21.57828,        75P   4054
143.1216,6.922479,25.77084,139.7357,7.88991,29.33674,135.6609,        75P   4055
8.660865,32.18648,131.0202,9.204923,34.2306,125.9365,9.49166,         75P   4056
35.37961,120.5328,9.74577,36.39787,115.744,9.818675,36.67268,         75P   4057
110.8667,9.707472,36.22282,106.0086,9.409255,35.06713,101.2775,       75P   4058
8.921119,33.22439,96.78104,8.240158,30.71343,92.62695,8.156093,       75P   4059
30.40345,92.11413,8.070047,30.08373,91.60783,7.981933,29.7547,        75P   4060
91.10791,7.891667,29.41683,90.61423,7.799163,29.07056,90.12664,       75P   4061
7.704338,28.71635,89.645,7.609513,28.36214,89.16336,7.512366,         75P   4062
27.99998,88.68766,7.412624,27.62863,88.21979,7.310017,27.24681,       75P   4063
87.76163,7.204271,26.85329,87.31506,7.095115,26.44679,86.88195,       75P   4064
6.985959,26.04029,86.44884,6.873392,25.62083,86.02919,6.759802,       75P   4065
25.19717,85.61425,6.647575,24.77811,85.19524,6.539099,24.37242,       75P   4066
84.76339,6.43676,23.98889,84.30994,0.,9.184548D-015,150.,             75P   4067
0.2635166,1.809333,149.964,0.4747776,3.252757,149.8854,               75P   4068
0.6444553,4.406229,149.7761,0.7832525,5.345793,149.6456,              75P   4069
0.9018708,6.14749,149.5036,1.011017,6.887372,149.3595,1.280476,       75P   4070
8.713999,149.0037,1.54755,10.51765,148.5474,1.810738,12.2918,         75P   4071
147.9894,2.068541,14.0299,147.3289,2.319459,15.72542,146.5646,        75P   4072
2.56199,17.37182,145.6957,3.28052,22.24916,143.1214,3.925616,         75P   4073
26.5729,139.7353,4.477845,30.25046,135.6606,4.917778,33.18927,        75P   4074
131.0201,5.22599,35.29679,125.9365,5.383079,36.48055,120.5328,        75P   4075
5.522288,37.52959,115.7441,5.563671,37.81274,110.8668,5.503125,       75P   4076
37.34915,106.0088,5.336559,36.15803,101.2778,5.059878,34.25857,       75P   4077
96.7813,4.668972,31.66992,92.62719,4.620713,31.35035,92.11435,        75P   4078
4.571827,31.02072,91.60801,4.522088,30.68149,91.10803,4.471272,       75P   4079
30.33313,90.61429,4.419155,29.9761,90.12666,4.365515,29.61085,        75P   4080
89.64501,4.311877,29.24561,89.16338,4.256711,28.87216,88.68772,       75P   4081
4.199979,28.48923,88.21991,4.141642,28.0955,87.7618,4.08166,          75P   4082
27.68967,87.31526,4.019993,27.27046,86.88215,3.958358,26.85136,       75P   4083
86.44916,3.894993,26.41907,86.02944,3.831167,25.98253,85.61432,       75P   4084
3.768147,25.55071,85.19516,3.70721,25.13259,84.76326,3.649631,        75P   4085
24.73716,84.30995,0.,9.184548D-015,150.,0.05217955,1.834761,          75P   4086
149.9631,0.09454147,3.298095,149.8838,0.1290059,4.467185,             75P   4087
149.7748,0.1575264,5.419317,149.645,0.1820552,6.231775,149.5036,      75P   4088
0.2045498,6.981857,149.3595,0.2600585,8.833566,149.0037,              75P   4089
0.3158554,10.66205,148.5474,0.3711525,12.46064,147.9895,              75P   4090
0.4251673,14.22267,147.3289,0.4771228,15.94144,146.5647,              75P   4091
0.5262463,17.61026,145.6958,0.6718527,22.55441,143.1215,              75P   4092
0.8094329,26.93878,139.7353,0.930657,30.66868,135.6605,1.0272,        75P   4093
33.64942,131.02,1.090746,35.78635,125.9365,1.112989,36.98492,         75P   4094
120.5328,1.132696,38.04706,115.7442,1.141278,38.33415,110.8671,       75P   4095
1.133364,37.86486,106.0092,1.103574,36.65796,101.2781,1.046529,       75P   4096
34.73219,96.78166,0.9568609,32.10618,92.62751,0.945807,31.78205,      75P   4097
92.11477,0.9355642,31.44792,91.60837,0.9257513,31.10416,              75P   4098
91.10825,0.9159865,30.75118,90.61437,0.9058874,30.38938,              75P   4099
90.12665,0.8950701,30.01916,89.64504,0.8842339,29.64888,              75P   4100
89.16334,0.8726729,29.27021,88.68774,0.8606042,28.88187,              75P   4101
88.22004,0.8482457,28.48261,87.76205,0.8358159,28.07114,              75P   4102
87.31558,0.8235345,27.64619,86.88243,0.8112848,27.22148,              75P   4103
86.44953,0.7993112,26.78361,86.02975,0.7875871,26.34153,              75P   4104
85.61449,0.7760879,25.90422,85.19519,0.7647923,25.48066,              75P   4105
84.76322,0.7536803,25.07986,84.30996,0.,9.184548D-015,150.,           75P   4106
-0.1604539,1.830772,149.9628,-0.2888684,3.290643,149.8833,            75P   4107
-0.391757,4.456776,149.7743,-0.475613,5.406412,149.6447,              75P   4108
-0.5469307,6.216789,149.5036,-0.6122011,6.965156,149.3595,            75P   4109
-0.7733499,8.812492,149.0038,-0.9316816,10.63678,148.5475,            75P   4110
-1.087183,12.43128,147.9896,-1.239827,14.18925,147.329,               75P   4111
-1.389574,15.90389,146.5648,-1.536374,17.56839,145.696,               75P   4112
-1.971272,22.50004,143.1217,-2.347783,26.87523,139.7354,              75P   4113
-2.66306,30.59844,135.6605,-2.914252,33.57411,131.0199,-3.0985,       75P   4114
35.70675,125.9364,-3.212957,36.90095,120.5328,-3.314387,              75P   4115
37.95919,115.7444,-3.339001,38.24595,110.8674,-3.293495,              75P   4116
37.77879,106.0095,-3.184606,36.57543,101.2785,-3.01906,34.65356,      75P   4117
96.78202,-2.803537,32.03068,92.62785,-2.776923,31.70703,              75P   4118
92.11524,-2.748027,31.37365,91.60879,-2.717394,31.03083,              75P   4119
91.10852,-2.685571,30.67889,90.61446,-2.653109,30.31813,              75P   4120
90.12664,-2.620562,29.94887,89.64506,-2.588021,29.57946,              75P   4121
89.16328,-2.555401,29.20158,88.68774,-2.52222,28.81404,88.22017,      75P   4122
-2.487998,28.41562,87.76232,-2.452251,28.0051,87.31592,               75P   4123
-2.414488,27.58125,86.88273,-2.376742,27.15775,86.44988,-2.3366,      75P   4124
26.72131,86.03005,-2.29544,26.28074,85.61471,-2.254641,25.8449,       75P   4125
85.1953,-2.215584,25.42266,84.76325,-2.17965,25.02289,84.30997,       75P   4126
0.,9.184548D-015,150.,-0.3705375,1.797704,149.9631,-0.6676914,        75P   4127
3.231116,149.8838,-0.9063025,4.37608,149.7748,-1.101209,              75P   4128
5.308477,149.6449,-1.267251,6.104184,149.5036,-1.419265,              75P   4129
6.839086,149.3595,-1.794495,8.653088,149.0038,-2.164511,              75P   4130
10.44457,148.5475,-2.528448,12.20683,147.9897,-2.885427,              75P   4131
13.93313,147.3291,-3.234547,15.61671,146.5649,-3.574895,              75P   4132
17.25075,145.6962,-4.583325,22.09223,143.1221,-5.467979,              75P   4133
26.38918,139.7358,-6.214874,30.04687,135.6607,-6.810018,              75P   4134
32.97052,131.02,-7.239418,35.0654,125.9364,-7.489107,36.23686,        75P   4135
120.5328,-7.710367,37.27494,115.7445,-7.7676,37.55712,110.8676,       75P   4136
-7.668946,37.09961,106.0098,-7.422612,35.91873,101.2788,              75P   4137
-7.036787,34.03079,96.7823,-6.519586,31.45189,92.62815,               75P   4138
-6.455773,31.13374,92.11565,-6.38824,30.80625,91.60915,               75P   4139
-6.317686,30.46965,91.10876,-6.244813,30.12417,90.61457,              75P   4140
-6.170328,29.77005,90.12665,-6.094944,29.40755,89.64509,              75P   4141
-6.019514,29.04483,89.16324,-5.943185,28.67376,88.68774,              75P   4142
-5.86523,28.2932,88.22028,-5.784921,27.90199,87.76253,-5.701525,      75P   4143
27.49896,87.3162,-5.614302,27.08294,86.88298,-5.527167,26.66727,      75P   4144
86.45014,-5.435644,26.23898,86.03029,-5.342393,25.8067,85.61491,      75P   4145
-5.250076,25.37903,85.19545,-5.16136,24.96462,84.76334,               75P   4146
-5.078919,24.57214,84.30998,0.,9.184548D-015,150.,-0.5742269,         75P   4147
1.735896,149.964,-1.034181,3.120228,149.8854,-1.403129,4.226174,      75P   4148
149.7761,-1.704343,5.12691,149.6456,-1.961099,5.895613,149.5036,      75P   4149
-2.19667,6.605461,149.3595,-2.77813,8.357645,149.0038,-3.352036,      75P   4150
10.08814,148.5476,-3.916709,11.79041,147.9897,-4.470458,              75P   4151
13.45787,147.3292,-5.011576,15.08391,146.5651,-5.538344,              75P   4152
16.66189,145.6963,-7.099092,21.33709,143.1225,-8.473468,              75P   4153
25.48748,139.7362,-9.636602,29.02106,135.661,-10.56362,31.84582,      75P   4154
131.02,-11.22963,33.86974,125.9363,-11.60981,35.00089,120.5328,       75P   4155
-11.94669,36.00324,115.7446,-12.03485,36.27669,110.8677,              75P   4156
-11.88419,35.83604,106.0099,-11.50465,34.6962,101.2788,               75P   4157
-10.90618,32.87203,96.7824,-10.09865,30.37828,92.62832,               75P   4158
-9.999035,30.07063,92.11585,-9.894379,29.75405,91.60935,              75P   4159
-9.785494,29.42874,91.10893,-9.673195,29.09494,90.61468,              75P   4160
-9.558303,28.75287,90.12671,-9.441642,28.40276,89.64511,              75P   4161
-9.324903,28.05249,89.16326,-9.206391,27.69422,88.68777,              75P   4162
-9.085185,27.32682,88.22033,-8.96036,26.94917,87.76261,               75P   4163
-8.830988,26.56011,87.31632,-8.696135,26.15851,86.88314,              75P   4164
-8.561392,25.75714,86.45023,-8.420678,25.3435,86.0304,-8.277717,      75P   4165
24.92594,85.61506,-8.13624,24.51283,85.19561,-7.999983,24.11255,      75P   4166
84.76346,-7.872686,23.73351,84.30999,0.,9.184548D-015,150.,           75P   4167
-0.7676789,1.645685,149.9654,-1.3806,2.958687,149.8881,               75P   4168
-1.870749,4.008117,149.7784,-2.270115,4.863088,149.6467,              75P   4169
-2.610685,5.592711,149.5036,-2.924445,6.266099,149.3595,              75P   4170
-3.699001,7.928439,149.0038,-4.463633,9.570254,148.5475,              75P   4171
-5.215982,11.18525,147.9897,-5.953689,12.76712,147.3293,              75P   4172
-6.674396,14.30959,146.5652,-7.375745,15.80634,145.6965,              75P   4173
-9.45348,20.24046,143.1228,-11.2867,24.17666,139.7367,-12.84015,      75P   4174
27.52788,135.6615,-14.07858,30.20708,131.0202,-14.96675,              75P   4175
32.12722,125.9363,-15.46941,33.20125,120.5328,-15.91483,              75P   4176
34.15301,115.7445,-16.03106,34.41375,110.8675,-15.83029,              75P   4177
33.99705,106.0096,-15.32474,32.91652,101.2786,-14.5266,31.18574,      75P   4178
96.78223,-13.44809,28.8183,92.62831,-13.315,28.52617,92.11572,        75P   4179
-13.17575,28.22536,91.60926,-13.0312,27.91622,91.10895,               75P   4180
-12.88219,27.59908,90.6148,-12.72958,27.27426,90.12685,               75P   4181
-12.57422,26.94209,89.64511,-12.41886,26.60992,89.16337,              75P   4182
-12.26074,26.27041,88.68785,-12.09885,25.92237,88.22031,              75P   4183
-11.93215,25.56462,87.7625,-11.75961,25.19598,87.31619,               75P   4184
-11.58021,24.81526,86.88314,-11.40081,24.43454,86.45009,              75P   4185
-11.21454,24.04175,86.0303,-11.02584,23.64503,85.61508,               75P   4186
-10.83915,23.25255,85.19575,-10.65889,22.87245,84.76362,              75P   4187
-10.48951,22.51289,84.30999,0.,9.184548D-015,150.,-0.9610467,         75P   4188
1.555452,149.964,-1.726836,2.797119,149.8854,-2.338129,3.790078,      75P   4189
149.7761,-2.835645,4.599331,149.6456,-3.260104,5.289886,              75P   4190
149.5036,-3.652221,5.926737,149.3595,-4.620283,7.499042,              75P   4191
149.0037,-5.576,9.052006,148.5475,-6.516248,10.57962,147.9897,        75P   4192
-7.437916,12.07592,147.3294,-8.33791,13.53495,146.5654,               75P   4193
-9.213145,14.9508,145.6966,-11.80582,19.1448,143.1232,-14.09627,      75P   4194
22.86754,139.7372,-16.03917,26.03682,135.6619,-17.58915,28.5704,      75P   4195
131.0204,-18.70089,30.3861,125.9363,-19.329,31.40162,120.5328,        75P   4196
-19.88562,32.30155,115.7445,-20.03327,32.548,110.8674,-19.78515,      75P   4197
32.15398,106.0094,-19.15438,31.1324,101.2784,-18.1541,29.49616,       75P   4198
96.78206,-16.79752,27.25833,92.6283,-16.63009,26.98211,92.1156,       75P   4199
-16.45602,26.69719,91.60918,-16.276,26.40413,91.10897,-16.09067,      75P   4200
26.10346,90.61492,-15.90072,25.79571,90.12699,-15.7068,25.48142,      75P   4201
89.64512,-15.51295,25.16729,89.16349,-15.31511,24.84659,              75P   4202
88.68793,-15.1123,24.51802,88.22028,-14.90354,24.18026,87.76238,      75P   4203
-14.68786,23.83202,87.31606,-14.46429,23.47201,86.88314,              75P   4204
-14.24061,23.11176,86.44995,-14.00857,22.73992,86.03021,              75P   4205
-13.77364,22.36428,85.61511,-13.54131,21.99262,85.19589,              75P   4206
-13.31705,21.63269,84.76377,-13.10633,21.29227,84.30999,0.,           75P   4207
9.184548D-015,150.,-1.13924,1.439138,149.9631,-2.04708,2.587686,      75P   4208
149.8838,-2.771854,3.505978,149.7748,-3.36182,4.254247,149.645,       75P   4209
-3.865241,4.892726,149.5036,-4.330367,5.481636,149.3595,              75P   4210
-5.478746,6.935659,149.0037,-6.61242,8.372121,148.5474,               75P   4211
-7.727588,9.785301,147.9897,-8.820479,11.16952,147.3294,              75P   4212
-9.887354,12.51914,146.5655,-10.9245,13.82857,145.6967,               75P   4213
-13.99658,17.7071,143.1234,-16.71375,21.14954,139.7376,               75P   4214
-19.02071,24.07988,135.6623,-20.86219,26.42214,131.0206,              75P   4215
-22.18291,28.10032,125.9363,-22.9275,29.03833,120.5328,               75P   4216
-23.58734,29.86958,115.7444,-23.76374,30.09812,110.8672,              75P   4217
-23.47088,29.73537,106.0091,-22.7228,28.79254,101.2781,               75P   4218
-21.53353,27.28092,96.78181,-19.91734,25.212,92.6281,-19.71784,       75P   4219
24.95662,92.11539,-19.51147,24.69241,91.60902,-19.29862,              75P   4220
24.42026,91.10889,-19.0797,24.14104,90.61492,-18.85512,23.85562,      75P   4221
90.12702,-18.62525,23.56485,89.64511,-18.39554,23.27429,              75P   4222
89.16352,-18.16053,22.97834,88.68793,-17.91938,22.67545,              75P   4223
88.22021,-17.67123,22.36411,87.76223,-17.41526,22.04277,              75P   4224
87.31587,-17.15061,21.70992,86.88298,-16.88573,21.37674,              75P   4225
86.44967,-16.61158,21.03212,86.02997,-16.33436,20.6836,85.61501,      75P   4226
-16.06027,20.33868,85.19592,-15.7955,20.00487,84.76385,               75P   4227
-15.54621,19.68966,84.30998,0.,9.184548D-015,150.,-1.299532,          75P   4228
1.299469,149.9628,-2.335861,2.33585,149.8833,-3.163819,3.16391,       75P   4229
149.7743,-3.838144,3.838315,149.6447,-4.413581,4.413735,              75P   4230
149.5036,-4.944856,4.944826,149.3595,-6.256587,6.256093,              75P   4231
149.0037,-7.551466,7.552003,148.5474,-8.82507,8.827161,147.9897,      75P   4232
-10.07302,10.07622,147.3294,-11.29098,11.29386,146.5655,              75P   4233
-12.47464,12.47481,145.6967,-15.98063,15.97278,143.1235,              75P   4234
-19.08481,19.07719,139.7378,-21.72249,21.71945,135.6625,              75P   4235
-23.82898,23.831,131.0208,-25.33958,25.34324,125.9364,-26.18947,      75P   4236
26.1875,120.5328,-26.94263,26.93568,115.7442,-27.14479,27.14274,      75P   4237
110.867,-26.81105,26.81795,106.0089,-25.95625,25.97037,101.2778,      75P   4238
-24.5953,24.60912,96.78153,-22.74338,22.74353,92.62779,-22.5148,      75P   4239
22.51328,92.11512,-22.27922,22.27411,91.60881,-22.03675,              75P   4240
22.02726,91.10874,-21.78752,21.77401,90.61483,-21.53164,21.5156,      75P   4241
90.12698,-21.26924,21.25326,89.6451,-21.007,20.99106,89.16349,        75P   4242
-20.73823,20.72488,88.68786,-20.46223,20.45291,88.22009,              75P   4243
-20.17832,20.17335,87.76207,-19.88579,19.88442,87.31565,              75P   4244
-19.58397,19.58433,86.88271,-19.28182,19.28392,86.44932,              75P   4245
-18.96988,18.97216,86.02968,-18.65484,18.65632,85.61483,              75P   4246
-18.3434,18.34363,85.19585,-18.04223,18.04132,84.76386,               75P   4247
-17.75798,17.7566,84.30997,0.,9.184548D-015,150.,-1.439195,           75P   4248
1.139171,149.9631,-2.587705,2.047077,149.8838,-3.505914,              75P   4249
2.771968,149.7748,-4.254114,3.362022,149.645,-4.892603,3.86542,       75P   4250
149.5036,-5.481663,4.330333,149.3595,-6.936031,5.478159,              75P   4251
149.0037,-8.371695,6.613055,148.5474,-9.783678,7.730066,              75P   4252
147.9897,-11.16705,8.824265,147.3294,-12.51691,9.890759,              75P   4253
146.5655,-13.82842,10.92468,145.6967,-17.71317,13.98728,              75P   4254
143.1234,-21.15557,16.70508,139.7378,-24.08251,19.01793,              75P   4255
135.6626,-26.4209,20.86568,131.0209,-28.09764,22.18819,125.9365,      75P   4256
-29.03947,22.92525,120.5328,-29.87412,23.57841,115.7441,              75P   4257
-30.09866,23.76046,110.8668,-29.729,23.47843,106.0087,-28.78075,      75P   4258
22.73922,101.2776,-27.26958,21.54975,96.7813,-25.21151,19.91714,      75P   4259
92.62743,-24.95753,19.71569,92.11484,-24.69643,19.50539,              75P   4260
91.60859,-24.42809,19.28782,91.10857,-24.15238,19.06459,90.6147,      75P   4261
-23.86919,18.83729,90.1269,-23.5784,18.6075,89.64508,-23.28772,       75P   4262
18.37777,89.16343,-22.98946,18.14549,88.68777,-22.68304,              75P   4263
17.90863,88.21996,-22.36789,17.66519,87.76189,-22.04345,              75P   4264
17.41316,87.31542,-21.70915,17.15053,86.88241,-21.37453,              75P   4265
16.88768,86.44901,-21.02975,16.61382,86.0294,-20.6819,16.33579,       75P   4266
85.61461,-20.33804,16.06038,85.19571,-20.00523,15.79441,              75P   4267
84.76379,-19.69049,15.54465,84.30996,0.,9.184548D-015,150.,           75P   4268
-1.555502,0.9609734,149.964,-2.797139,1.726835,149.8854,              75P   4269
-3.790026,2.338253,149.7761,-4.599221,2.835862,149.6456,              75P   4270
-5.289783,3.260297,149.5036,-5.92676,3.652186,149.3595,               75P   4271
-7.499326,4.619653,149.0037,-9.051653,5.576695,148.5474,              75P   4272
-10.57832,6.518935,147.9897,-12.07394,7.442013,147.3293,              75P   4273
-13.53317,8.341586,146.5654,-14.95066,9.213321,145.6966,              75P   4274
-19.14973,11.79577,143.1232,-22.8725,14.08746,139.7375,               75P   4275
-26.03905,16.03745,135.6623,-28.56947,17.5948,131.0209,               75P   4276
-30.38382,18.70854,125.9366,-31.40209,19.32768,120.5328,              75P   4277
-32.30446,19.87635,115.7441,-32.54754,20.02991,110.8668,              75P   4278
-32.14793,19.7936,106.0087,-31.12206,19.17257,101.2776,               75P   4279
-29.48637,18.17196,96.78119,-27.25757,16.79707,92.6271,               75P   4280
-26.98259,16.62744,92.11459,-26.70028,16.44934,91.60838,              75P   4281
-26.41037,16.26458,91.1084,-26.1126,16.07496,90.61457,-25.8067,       75P   4282
15.8823,90.12682,-25.4924,15.68841,89.64506,-25.17814,15.49454,       75P   4283
89.16336,-24.85551,15.29938,88.68767,-24.52398,15.10084,              75P   4284
88.21983,-24.18306,14.8968,87.76172,-23.83221,14.68517,87.3152,       75P   4285
-23.47094,14.46385,86.88213,-23.10946,14.24243,86.44882,              75P   4286
-22.73745,14.01091,86.02921,-22.36233,13.77537,85.61441,              75P   4287
-21.99154,13.54189,85.1955,-21.63249,13.31653,84.76364,               75P   4288
-21.29256,13.10535,84.30995,0.,9.184548D-015,150.,-1.645726,          75P   4289
0.7676017,149.9654,-2.958687,1.380596,149.8881,-4.008046,             75P   4290
1.870877,149.7784,-4.862963,2.270344,149.6467,-5.592601,2.61089,      75P   4291
149.5036,-6.266121,2.924412,149.3595,-7.928731,3.698353,              75P   4292
149.0038,-9.569885,4.464355,148.5475,-11.1839,5.218763,147.9897,      75P   4293
-12.76508,5.957924,147.3293,-14.30775,6.678185,146.5652,              75P   4294
-15.80622,7.375893,145.6965,-20.24581,9.443027,143.1227,              75P   4295
-24.18205,11.27816,139.7368,-27.53036,12.83989,135.6617,              75P   4296
-30.20617,14.08686,131.0207,-32.12487,14.97766,125.9367,              75P   4297
-33.2019,15.47092,120.5328,-34.15631,15.90803,115.7442,               75P   4298
-34.41357,16.0298,110.867,-33.99099,15.84043,106.009,-32.90589,       75P   4299
15.34412,101.2779,-31.1756,14.54508,96.78126,-28.81743,13.44751,      75P   4300
92.62686,-28.52653,13.31212,92.11439,-28.22792,13.16907,              75P   4301
91.60822,-27.92132,13.02018,91.10828,-27.60647,12.8673,90.61449,      75P   4302
-27.28307,12.71225,90.12677,-26.95087,12.55686,89.64505,              75P   4303
-26.61866,12.40148,89.16332,-26.27765,12.24576,88.68759,              75P   4304
-25.92726,12.08771,88.21972,-25.56692,11.92533,87.76158,              75P   4305
-25.19607,11.75663,87.31502,-24.81414,11.5796,86.88193,               75P   4306
-24.43221,11.40258,86.44884,-24.03921,11.21723,86.0292,               75P   4307
-23.64295,11.02844,85.61426,-23.25129,10.8411,85.19525,               75P   4308
-22.87204,10.66007,84.7634,-22.51304,10.49025,84.30994,0.,            75P   4309
9.184548D-015,150.,-1.735922,0.5741568,149.964,-3.120213,             75P   4310
1.034169,149.8854,-4.226099,1.403229,149.7761,-5.126796,              75P   4311
1.704531,149.6456,-5.895519,1.961269,149.5036,-6.605482,              75P   4312
2.196638,149.3595,-8.35789,2.77758,149.0038,-10.0878,3.35269,         75P   4313
148.5475,-11.78921,3.919161,147.9897,-13.45606,4.474174,              75P   4314
147.3292,-15.08228,5.014891,146.5651,-16.66177,5.538464,              75P   4315
145.6964,-21.34203,7.089974,143.1223,-25.49222,8.467524,              75P   4316
139.7361,-29.02281,9.639915,135.6612,-31.84426,10.57594,              75P   4317
131.0205,-33.86703,11.24441,125.9367,-35.00171,11.61416,              75P   4318
120.5329,-36.00718,11.94181,115.7443,-36.2779,12.03333,110.8672,      75P   4319
-35.83199,11.89166,106.0093,-34.68776,11.51987,101.2781,              75P   4320
-32.86352,10.921,96.78133,-30.37728,10.09796,92.62663,-30.07063,      75P   4321
9.996454,92.11419,-29.75578,9.888321,91.60806,-29.43248,              75P   4322
9.775352,91.10816,-29.10047,9.659336,90.6144,-28.75951,9.542061,      75P   4323
90.12672,-28.40934,9.425316,89.64503,-28.05913,9.308551,              75P   4324
89.16328,-27.69973,9.192268,88.68752,-27.3305,9.074636,88.21961,      75P   4325
-26.9508,8.953825,87.76143,-26.55996,8.828007,87.31485,               75P   4326
-26.15734,8.69535,86.88173,-25.75493,8.562792,86.44885,               75P   4327
-25.34114,8.423184,86.02919,-24.92402,8.280566,85.61412,              75P   4328
-24.51165,8.138983,85.19499,-24.11211,8.00249,84.76315,               75P   4329
-23.73351,7.875147,84.30994,0.,9.184548D-015,150.,-1.797722,          75P   4330
0.3704798,149.9631,-3.231097,0.6676797,149.8839,-4.376012,            75P   4331
0.9063822,149.7748,-5.308379,1.101361,149.645,-6.104106,              75P   4332
1.267388,149.5036,-6.839107,1.419238,149.3595,-8.653259,              75P   4333
1.794034,149.0038,-10.44432,2.165167,148.5475,-12.20596,              75P   4334
2.530745,147.9896,-13.93184,2.888857,147.3291,-15.61554,              75P   4335
3.237578,146.5649,-17.25063,3.574965,145.6962,-22.09581,              75P   4336
4.574711,143.122,-26.39294,5.464188,139.7357,-30.04892,6.222337,      75P   4337
135.6608,-32.97058,6.828089,131.0203,-35.06483,7.260385,              75P   4338
125.9367,-36.2387,7.49821,120.5329,-37.2789,7.708957,115.7443,        75P   4339
-37.55894,7.767006,110.8672,-37.09738,7.674647,106.0093,              75P   4340
-35.91305,7.434285,101.2781,-34.02475,7.048303,96.78124,              75P   4341
-31.45093,6.518939,92.62649,-31.1335,6.45366,92.1141,-30.80732,       75P   4342
6.383279,91.60796,-30.47224,6.309326,91.10803,-30.12813,              75P   4343
6.233329,90.61427,-29.77485,6.156814,90.12662,-29.41229,              75P   4344
6.081307,89.64502,-29.04958,6.005745,89.16322,-28.67765,              75P   4345
5.931144,88.68746,-28.29572,5.856063,88.21957,-27.90298,              75P   4346
5.779061,87.7614,-27.49866,5.698696,87.3148,-27.08194,5.613531,       75P   4347
86.88161,-26.66558,5.52846,86.4488,-26.23727,5.438447,86.02914,       75P   4348
-25.80538,5.346248,85.61404,-25.37832,5.254629,85.19489,              75P   4349
-24.96451,5.166365,84.76307,-24.57239,5.084238,84.30993,0.,           75P   4350
9.184548D-015,150.,-1.830789,0.1604103,149.9628,-3.29063,             75P   4351
0.28886,149.8834,-4.456724,0.391818,149.7744,-5.406335,               75P   4352
0.4757281,149.6448,-6.216729,0.547035,149.5037,-6.965178,             75P   4353
0.6121793,149.3595,-8.812571,0.7729919,149.0037,-10.63667,            75P   4354
0.9323552,148.5474,-12.4309,1.089332,147.9895,-14.18867,              75P   4355
1.242972,147.3289,-15.90334,1.392313,146.5647,-17.56827,              75P   4356
1.536379,145.696,-22.50151,1.963141,143.1218,-26.87759,2.346369,      75P   4357
139.7356,-30.60118,2.675244,135.6607,-33.57698,2.938933,              75P   4358
131.0202,-35.70971,3.126611,125.9367,-36.90422,3.22747,120.5329,      75P   4359
-37.96275,3.316853,115.7442,-38.24778,3.339593,110.8671,              75P   4360
-37.77807,3.297601,106.0091,-36.5726,3.192872,101.2779,               75P   4361
-34.65031,3.027386,96.78108,-32.02985,2.80302,92.62642,               75P   4362
-31.70669,2.77535,92.11406,-31.37422,2.744417,91.60789,               75P   4363
-31.03248,2.711347,91.10792,-30.6815,2.677267,90.61413,               75P   4364
-30.32134,2.643298,90.12651,-29.95206,2.610558,89.64502,              75P   4365
-29.58251,2.577771,89.16318,-29.20395,2.546197,88.68743,              75P   4366
-28.81543,2.514925,88.21959,-28.416,2.483045,87.76145,-28.0047,       75P   4367
2.449648,87.31484,-27.58055,2.413831,86.88157,-27.1568,2.378046,      75P   4368
86.44871,-26.7205,2.339897,86.02907,-26.28032,2.300613,85.61402,      75P   4369
-25.84498,2.261432,85.19492,-25.42321,2.223594,84.76311,              75P   4370
-25.02374,2.188348,84.30993,0.,9.184548D-015,150.,-1.834781,          75P   4371
-0.05220972,149.9631,-3.298094,-0.09454774,149.8839,-4.46715,         75P   4372
-0.1289653,149.7748,-5.41926,-0.1574499,149.645,-6.231729,            75P   4373
-0.181987,149.5037,-6.981881,-0.2045683,149.3595,-8.833562,           75P   4374
-0.2602922,149.0037,-10.66208,-0.3151857,148.5473,-12.46072,          75P   4375
-0.3692375,147.9894,-14.22278,-0.4224417,147.3288,-15.9415,           75P   4376
-0.4747977,146.5646,-17.61015,-0.5263096,145.6958,-22.55381,          75P   4377
-0.6790389,143.1218,-26.93986,-0.8079541,139.7356,-30.67236,          75P   4378
-0.9134599,135.6607,-33.65539,-0.9959666,131.0202,-35.79307,          75P   4379
-1.05589,125.9366,-36.98964,-1.09365,120.5329,-38.05002,              75P   4380
-1.127107,115.7441,-38.33559,-1.140189,110.8669,-37.8651,             75P   4381
-1.131332,106.0089,-36.65739,-1.098938,101.2776,-34.73132,            75P   4382
-1.041418,96.78089,-32.10555,-0.9572172,92.6264,-31.78172,            75P   4383
-0.9468415,92.11403,-31.44814,-0.9377716,91.60784,-31.10505,          75P   4384
-0.9293376,91.10784,-30.75267,-0.920873,90.61405,-30.39123,           75P   4385
-0.9117158,90.12645,-30.021,-0.9012087,89.64502,-29.65045,            75P   4386
-0.8906868,89.16318,-29.27122,-0.8787999,88.68746,-28.88225,          75P   4387
-0.865873,88.21964,-28.48242,-0.8522283,87.76153,-28.07063,           75P   4388
-0.8381849,87.31491,-27.64576,-0.8240584,86.8816,-27.22124,           75P   4389
-0.8099662,86.44865,-26.78372,-0.7955615,86.02902,-26.3421,           75P   4390
-0.7811895,85.61405,-25.90526,-0.7671943,85.19501,-25.48213,          75P   4391
-0.7539177,84.76322,-25.08162,-0.7417003,84.30995,0.,                 75P   4392
9.184548D-015,150.,-1.809357,-0.2635339,149.964,-3.252765,            75P   4393
-0.4747821,149.8855,-4.406205,-0.6444351,149.7762,-5.345746,          75P   4394
-0.7832145,149.6457,-6.147451,-0.90184,149.5036,-6.887398,            75P   4395
-1.011037,149.3595,-8.71396,-1.280587,149.0036,-10.51778,             75P   4396
-1.546898,148.5472,-12.29216,-1.809087,147.9893,-14.03041,            75P   4397
-2.066275,147.3287,-15.72583,-2.317578,146.5645,-17.37173,            75P   4398
-2.562117,145.6957,-22.24742,-3.286568,143.1219,-26.57352,            75P   4399
-3.921323,139.7359,-30.25522,-4.456246,135.661,-33.19775,             75P   4400
-4.881203,131.0202,-35.30633,-5.186071,125.9365,-36.48629,            75P   4401
-5.360741,120.5329,-37.53198,-5.515534,115.7441,-37.81353,            75P   4402
-5.563684,110.8668,-37.34947,-5.504153,106.0086,-36.15841,            75P   4403
-5.335916,101.2774,-34.25891,-5.057944,96.78074,-31.66951,            75P   4404
-4.669196,92.62641,-31.3501,-4.621254,92.11396,-31.02074,             75P   4405
-4.572767,91.60777,-30.68181,-4.523478,91.10782,-30.33368,            75P   4406
-4.473132,90.61408,-29.97676,-4.421478,90.1265,-29.61145,             75P   4407
-4.36827,89.64504,-29.24589,-4.314997,89.16325,-28.87205,             75P   4408
-4.260144,88.68754,-28.48874,-4.203487,88.21971,-28.09478,            75P   4409
-4.144804,87.76158,-27.689,-4.083867,87.31497,-27.27017,              75P   4410
-4.020447,86.88169,-26.85156,-3.957084,86.44864,-26.41985,            75P   4411
-3.89099,86.02903,-25.98396,-3.823953,85.61412,-25.55276,             75P   4412
-3.757763,85.19514,-25.13517,-3.69421,84.76335,-24.74008,             75P   4413
-3.635085,84.30998,0.,9.184548D-015,150.,-1.754178,-0.4697124,        75P   4414
149.9655,-3.153934,-0.8440704,149.8882,-4.272826,-1.143039,           75P   4415
149.7784,-5.184414,-1.386583,149.6468,-5.962256,-1.594667,            75P   4416
149.5036,-6.679912,-1.787257,149.3595,-8.451463,-2.26267,             75P   4417
149.0036,-10.20098,-2.73222,148.5472,-11.92194,-3.194321,             75P   4418
147.9893,-13.60785,-3.647386,147.3287,-15.2522,-4.089827,             75P   4419
146.5645,-16.84848,-4.520058,145.6957,-21.57679,-5.794443,            75P   4420
143.1221,-25.77202,-6.916578,139.7363,-29.34233,-7.865802,            75P   4421
135.6613,-32.1959,-8.621455,131.0203,-34.24092,-9.162874,             75P   4422
125.9365,-35.38554,-9.469398,120.5329,-36.39993,-9.741046,            75P   4423
115.7441,-36.6727,-9.822274,110.8667,-36.22214,-9.712949,             75P   4424
106.0086,-35.06653,-9.41294,101.2773,-33.22413,-8.922114,             75P   4425
96.78069,-30.71323,-8.240339,92.6264,-30.4034,-8.156214,92.1138,      75P   4426
-30.08371,-8.070041,91.60767,-29.75461,-7.981821,91.10787,            75P   4427
-29.4166,-7.891558,90.61426,-29.07015,-7.799251,90.12671,             75P   4428
-28.71574,-7.704903,89.64507,-28.36133,-7.610555,89.16343,            75P   4429
-27.99897,-7.514166,88.6877,-27.62746,-7.415108,88.21979,             75P   4430
-27.24565,-7.312753,87.76157,-26.85235,-7.206475,87.31496,            75P   4431
-26.4464,-7.095646,86.88185,-26.04044,-6.984816,86.44874,             75P   4432
-25.62182,-6.869436,86.02913,-25.19916,-6.752433,85.61423,            75P   4433
-24.78109,-6.636738,85.19527,-24.37623,-6.525278,84.76346,            75P   4434
-23.99319,-6.420983,84.31002,0.,9.184548D-015,150.,-1.698958,         75P   4435
-0.675831,149.9641,-3.055008,-1.21333,149.8856,-4.139345,             75P   4436
-1.641696,149.7763,-5.023005,-1.990076,149.6457,-5.777027,            75P   4437
-2.287623,149.5036,-6.472426,-2.563478,149.3594,-8.18905,             75P   4438
-3.244436,149.0035,-9.884223,-3.917358,148.5472,-11.55168,            75P   4439
-4.57971,147.9892,-13.18517,-5.228956,147.3287,-14.77844,             75P   4440
-5.862564,146.5645,-16.32523,-6.478,145.6957,-20.90655,               75P   4441
-8.300869,143.1223,-24.97117,-9.909394,139.7366,-28.43021,            75P   4442
-11.27248,135.6616,-31.19478,-12.35902,131.0204,-33.17597,            75P   4443
-13.13792,125.9364,-34.28478,-13.57805,120.5329,-35.26745,            75P   4444
-13.96811,115.7441,-35.53153,-14.08216,110.8667,-35.09478,            75P   4445
-13.92187,106.0085,-33.97493,-13.48889,101.2773,-32.18973,            75P   4446
-12.78487,96.78064,-29.75694,-11.81148,92.6264,-29.45666,             75P   4447
-11.69135,92.11364,-29.14661,-11.56754,91.60757,-28.82736,            75P   4448
-11.44037,91.10792,-28.49948,-11.31012,90.61445,-28.16353,            75P   4449
-11.17708,90.12692,-27.82004,-11.04154,89.6451,-27.47679,             75P   4450
-10.90606,89.16361,-27.12593,-10.76802,88.68786,-26.76626,            75P   4451
-10.62645,88.21986,-26.3966,-10.48038,87.76156,-26.01578,             75P   4452
-10.32883,87.31496,-25.62262,-10.17084,86.88201,-25.22925,            75P   4453
-10.0128,86.44884,-24.82377,-9.847932,86.02922,-24.41446,             75P   4454
-9.680573,85.61435,-24.0096,-9.515057,85.1954,-23.61746,              75P   4455
-9.355716,84.76357,-23.24631,-9.206881,84.31007,0.,                   75P   4456
9.184548D-015,150.,-1.615393,-0.8715433,149.9632,-2.904364,           75P   4457
-1.565341,149.8841,-3.93483,-2.118772,149.775,-4.774465,              75P   4458
-2.569096,149.645,-5.490952,-2.953574,149.5036,-6.151938,             75P   4459
-3.30945,149.3594,-7.783703,-4.187973,149.0035,-9.395018,             75P   4460
-5.0561,148.5471,-10.97994,-5.910492,147.9892,-12.53254,              75P   4461
-6.747823,147.3288,-14.04691,-7.564783,146.5646,-15.51714,            75P   4462
-8.358076,145.6958,-19.8715,-10.7076,143.1225,-23.73491,              75P   4463
-12.78415,139.7369,-27.02276,-14.54611,135.6618,-29.65045,            75P   4464
-15.95188,131.0205,-31.53332,-16.95983,125.9364,-32.58662,            75P   4465
-17.52828,120.5329,-33.5201,-18.03205,115.744,-33.77004,              75P   4466
-18.1768,110.8666,-33.35379,-17.96637,106.0083,-32.28857,             75P   4467
-17.40452,101.277,-30.59165,-16.49503,96.7805,-28.28041,              75P   4468
-15.24179,92.62639,-27.99502,-15.08707,92.11347,-27.70009,            75P   4469
-14.92737,91.60742,-27.39629,-14.76315,91.10787,-27.08429,            75P   4470
-14.59485,90.61452,-26.76471,-14.4229,90.12704,-26.43819,             75P   4471
-14.24774,89.64514,-26.11202,-14.07275,89.16374,-25.77865,            75P   4472
-13.89446,88.68803,-25.43695,-13.71171,88.22002,-25.08579,            75P   4473
-13.52331,87.76172,-24.72405,-13.32808,87.31513,-24.35065,            75P   4474
-13.12485,86.88224,-23.97695,-12.92148,86.44901,-23.59195,            75P   4475
-12.70954,86.02939,-23.20341,-12.49449,85.61454,-22.81909,            75P   4476
-12.2818,85.1956,-22.44673,-12.07692,84.76374,-22.09407,              75P   4477
-11.88529,84.31013,0.,9.184548D-015,150.,-1.505705,-1.05368,          75P   4478
149.963,-2.706449,-1.893744,149.8836,-3.665859,-2.564831,             75P   4479
149.7745,-4.447311,-3.111396,149.6448,-5.114189,-3.577901,            75P   4480
149.5036,-5.729838,-4.008779,149.3594,-7.249784,-5.072523,            75P   4481
149.0034,-8.750662,-6.123507,148.547,-10.22692,-7.157692,             75P   4482
147.9892,-11.67304,-8.17107,147.3289,-13.08351,-9.159672,             75P   4483
146.5648,-14.45286,-10.11956,145.6959,-18.50845,-12.96241,            75P   4484
143.1226,-22.10708,-15.47808,139.737,-25.16974,-17.61479,             75P   4485
135.6619,-27.61736,-19.32071,131.0205,-29.37085,-20.54399,            75P   4486
125.9363,-30.35099,-21.23269,120.5329,-31.21965,-21.84305,            75P   4487
115.744,-31.45092,-22.01592,110.8665,-31.06158,-21.75755,             75P   4488
106.0081,-30.06827,-21.07404,101.2768,-28.48765,-19.97151,            75P   4489
96.78034,-26.33658,-18.45631,92.62639,-26.07089,-18.26918,            75P   4490
92.11334,-25.79607,-18.07603,91.60726,-25.51285,-17.87736,            75P   4491
91.10777,-25.22198,-17.67368,90.6145,-24.92414,-17.46545,             75P   4492
90.12708,-24.62003,-17.25315,89.64519,-24.31625,-17.04109,            75P   4493
89.16384,-24.00578,-16.82492,88.68818,-23.68758,-16.60332,            75P   4494
88.22024,-23.36062,-16.37501,87.76199,-23.02391,-16.1387,             75P   4495
87.31542,-22.67646,-15.89312,86.8825,-22.32872,-15.64732,             75P   4496
86.44923,-21.97068,-15.39163,86.02961,-21.60944,-15.1324,             75P   4497
85.61477,-21.25212,-14.87599,85.19582,-20.90579,-14.62875,            75P   4498
84.76392,-20.57753,-14.39702,84.3102,0.,9.184548D-015,150.,           75P   4499
-1.372118,-1.219082,149.9633,-2.465705,-2.192187,149.8841,            75P   4500
-3.339003,-2.970428,149.775,-4.050048,-3.604715,149.645,              75P   4501
-4.656882,-4.145967,149.5035,-5.217518,-4.645069,149.3593,            75P   4502
-6.601684,-5.877313,149.0033,-7.968472,-7.094598,148.547,             75P   4503
-9.312816,-8.292268,147.9893,-10.62968,-9.465712,147.329,             75P   4504
-11.91407,-10.61037,146.565,-13.161,-11.72171,145.6961,               75P   4505
-16.85422,-15.01323,143.1227,-20.13162,-17.92866,139.737,             75P   4506
-22.92096,-20.40676,135.6619,-25.14999,-22.38625,131.0205,            75P   4507
-26.74641,-23.80577,125.9363,-27.63785,-24.60391,120.5329,            75P   4508
-28.4279,-25.31128,115.7439,-28.63686,-25.50932,110.8664,             75P   4509
-28.28063,-25.2067,106.008,-27.37493,-24.4119,101.2767,               75P   4510
-25.93554,-23.13343,96.78023,-23.97841,-21.38008,92.62638,            75P   4511
-23.73666,-21.16349,92.11327,-23.48644,-20.94004,91.60716,            75P   4512
-23.22849,-20.71023,91.10765,-22.96353,-20.47454,90.61439,            75P   4513
-22.69227,-20.23345,90.12703,-22.4154,-19.9874,89.64523,              75P   4514
-22.13877,-19.7416,89.16389,-21.856,-19.49083,88.68831,               75P   4515
-21.56622,-19.23374,88.22046,-21.26854,-18.96898,87.7623,             75P   4516
-20.96209,-18.69521,87.31575,-20.64601,-18.41108,86.88277,            75P   4517
-20.32973,-18.12675,86.44949,-20.00427,-17.83151,86.02986,            75P   4518
-19.67598,-17.53244,85.61499,-19.35123,-17.23661,85.196,              75P   4519
-19.03636,-16.95107,84.76404,-18.73771,-16.68286,84.31026,0.,         75P   4520
9.184548D-015,150.,-1.216849,-1.364602,149.9643,-2.18657,             75P   4521
-2.454319,149.8858,-2.960831,-3.326107,149.7763,-3.591184,            75P   4522
-4.036768,149.6457,-4.129184,-4.643113,149.5035,-4.626368,            75P   4523
-5.201923,149.3593,-5.853829,-6.581566,149.0033,-7.065814,            75P   4524
-7.94436,148.547,-8.257863,-9.285114,147.9893,-9.425544,              75P   4525
-10.59868,147.3291,-10.56445,-11.87993,146.5652,-11.6702,             75P   4526
-13.1238,145.6963,-14.94558,-16.80818,143.1227,-17.85232,             75P   4527
-20.07356,139.7369,-20.32614,-22.85044,135.6617,-22.30277,            75P   4528
-25.0693,131.0204,-23.71789,-26.66055,125.9363,-24.50714,             75P   4529
-27.55458,120.5329,-25.20661,-28.34691,115.744,-25.39049,             75P   4530
-28.56686,110.8664,-25.07327,-28.22525,106.0081,-24.2693,             75P   4531
-27.33276,101.2767,-22.99298,-25.90009,96.78025,-21.25885,            75P   4532
-23.93815,92.62637,-21.04468,-23.69582,92.11332,-20.82307,            75P   4533
-23.44594,91.60715,-20.59463,-23.18897,91.10755,-20.35993,            75P   4534
-22.92539,90.61423,-20.11958,-22.65563,90.12689,-19.87413,            75P   4535
-22.38012,89.64526,-19.6288,-22.10478,89.16389,-19.37797,             75P   4536
-21.82369,88.68839,-19.12092,-21.53548,88.22066,-18.85692,            75P   4537
-21.23875,87.76259,-18.58528,-20.93212,87.31608,-18.30528,            75P   4538
-20.6142,86.88302,-18.02519,-20.29615,86.44979,-17.73705,             75P   4539
-19.96646,86.03012,-17.44646,-19.63276,85.61516,-17.15899,            75P   4540
-19.30265,85.19608,-16.8802,-18.98374,84.76407,-16.61567,             75P   4541
-18.68361,84.3103,0.,9.184548D-015,150.,-1.042106,-1.487091,          75P   4542
149.9658,-1.873475,-2.673788,149.8885,-2.537918,-3.622406,            75P   4543
149.7786,-3.079243,-4.395261,149.6468,-3.54126,-5.054669,             75P   4544
149.5035,-3.967779,-5.662946,149.3593,-5.020678,-7.164534,            75P   4545
149.0033,-6.060109,-8.647802,148.5471,-7.082367,-10.10712,            75P   4546
147.9894,-8.083751,-11.53686,147.3292,-9.060556,-12.9314,             75P   4547
146.5653,-10.00908,-14.2851,145.6965,-12.81911,-18.29545,             75P   4548
143.1226,-15.3128,-21.85052,139.7365,-17.43488,-24.87428,             75P   4549
135.6614,-19.1301,-27.29069,131.0203,-20.34316,-29.02371,             75P   4550
125.9364,-21.01881,-29.9973,120.5329,-21.61759,-30.86013,             75P   4551
115.7441,-21.77438,-31.09844,110.8667,-21.50165,-30.72468,            75P   4552
106.0084,-20.81185,-29.75132,101.2771,-19.71744,-28.19079,            75P   4553
96.78048,-18.23086,-26.05557,92.62636,-18.04733,-25.79196,            75P   4554
92.11352,-17.85786,-25.52024,91.60729,-17.66271,-25.24083,            75P   4555
91.10751,-17.46218,-24.95418,90.61403,-17.25654,-24.66074,            75P   4556
90.12667,-17.04608,-24.36094,89.64526,-16.83562,-24.06114,            75P   4557
89.16386,-16.62033,-23.75498,88.68842,-16.39969,-23.44103,            75P   4558
88.22078,-16.17315,-23.11783,87.76281,-15.94018,-22.78394,            75P   4559
87.31634,-15.70024,-22.43792,86.88323,-15.46031,-22.0919,             75P   4560
86.45011,-15.21341,-21.73375,86.03036,-14.96436,-21.37148,            75P   4561
85.61524,-14.71797,-21.01311,85.19601,-14.47906,-20.66664,            75P   4562
84.76394,-14.25244,-20.34008,84.31031,0.,9.184548D-015,150.,          75P   4563
-0.8671061,-1.60969,149.9643,-1.560118,-2.893316,149.8858,            75P   4564
-2.114898,-3.918673,149.7763,-2.56738,-4.753646,149.6457,             75P   4565
-2.953497,-5.466113,149.5035,-3.309189,-6.12397,149.3593,             75P   4566
-4.187131,-7.74778,149.0034,-5.054,-9.351527,148.5471,-5.906678,      75P   4567
-10.92927,147.9895,-6.742017,-12.47501,147.3293,-7.556845,            75P   4568
-13.98274,146.5653,-8.347966,-15.44639,145.6966,-10.69209,            75P   4569
-19.7831,143.1225,-12.7716,-23.62866,139.7362,-14.54083,              75P   4570
-26.90008,135.6611,-15.95413,-29.51439,131.0202,-16.96587,            75P   4571
-31.38866,125.9365,-17.53048,-32.44003,120.5329,-18.03083,            75P   4572
-33.37176,115.7442,-18.16174,-33.62759,110.8669,-17.93374,            75P   4573
-33.22152,106.0087,-17.35753,-32.16769,101.2774,-16.44374,            75P   4574
-30.48021,96.78071,-15.20287,-28.17299,92.62636,-15.04976,            75P   4575
-27.88826,92.11371,-14.89221,-27.59483,91.60742,-14.73025,            75P   4576
-27.29307,91.10747,-14.56387,-26.98336,90.61383,-14.39312,            75P   4577
-26.66612,90.12644,-14.21803,-26.34176,89.64527,-14.04281,            75P   4578
-26.01724,89.16383,-13.8633,-25.68584,88.68844,-13.67914,             75P   4579
-25.34609,88.22091,-13.48998,-24.99647,87.76302,-13.29545,            75P   4580
-24.63549,87.31659,-13.0952,-24.26164,86.88343,-12.89504,             75P   4581
-23.88792,86.45044,-12.68942,-23.50129,86.03061,-12.48217,            75P   4582
-23.11028,85.61531,-12.27714,-22.72344,85.19593,-12.0782,             75P   4583
-22.34934,84.76381,-11.88921,-21.99655,84.31032,0.,                   75P   4584
9.184548D-015,150.,-0.6770603,-1.706046,149.9633,-1.218095,           75P   4585
-3.066307,149.8841,-1.651126,-4.152684,149.775,-2.004249,             75P   4586
-5.037241,149.645,-2.305559,-5.792039,149.5035,-2.583161,             75P   4587
-6.489162,149.3593,-3.268325,-8.209798,149.0034,-3.94495,             75P   4588
-9.909088,148.5472,-4.610584,-11.58078,147.9896,-5.262742,            75P   4589
-13.21856,147.3293,-5.898906,-14.81607,146.5654,-6.516535,            75P   4590
-16.3669,145.6967,-8.346714,-20.96225,143.1225,-9.969461,             75P   4591
-25.03767,139.7361,-11.34968,-28.50486,135.661,-12.45228,             75P   4592
-31.27556,131.0202,-13.24223,-33.26159,125.9366,-13.68453,            75P   4593
-34.37483,120.5329,-14.0765,-35.36136,115.7442,-14.17931,             75P   4594
-35.63112,110.8669,-14.00128,-35.19941,106.0087,-13.55087,            75P   4595
-34.08169,101.2774,-12.83651,-32.29339,96.78069,-11.86644,            75P   4596
-29.84975,92.62636,-11.74677,-29.54827,92.11384,-11.62467,            75P   4597
-29.23767,91.60753,-11.49969,-28.91827,91.10748,-11.37139,            75P   4598
-28.5904,90.61374,-11.23936,-28.25441,90.12633,-11.10318,             75P   4599
-27.91068,89.64525,-10.96687,-27.56667,89.16376,-10.82672,            75P   4600
-27.21524,88.68843,-10.68265,-26.85494,88.22099,-10.53455,            75P   4601
-26.48429,87.7632,-10.38231,-26.10179,87.31681,-10.22584,             75P   4602
-25.70595,86.88359,-10.06945,-25.31031,86.45058,-9.908993,            75P   4603
-24.90116,86.03072,-9.747373,-24.48745,85.61538,-9.587511,            75P   4604
-24.07816,85.19596,-9.432338,-23.68226,84.76381,-9.28479,             75P   4605
-23.30873,84.31029,0.,9.184548D-015,150.,-0.4757037,-1.775155,        75P   4606
149.963,-0.8549645,-3.190737,149.8836,-1.157842,-4.321439,            75P   4607
149.7745,-1.404443,-5.24217,149.6448,-1.614869,-6.027832,             75P   4608
149.5036,-1.809232,-6.75336,149.3594,-2.288961,-8.544094,             75P   4609
149.0035,-2.762786,-10.31259,148.5473,-3.228977,-12.05234,            75P   4610
147.9897,-3.685785,-13.7568,147.3294,-4.131435,-15.41935,             75P   4611
146.5654,-4.564137,-17.03334,145.6967,-5.84629,-21.81588,             75P   4612
143.1225,-6.982048,-26.05739,139.7361,-7.94757,-29.66589,             75P   4613
135.6611,-8.71903,-32.54945,131.0203,-9.272629,-34.61621,             75P   4614
125.9366,-9.584606,-35.77441,120.5329,-9.861084,-36.8008,             75P   4615
115.7441,-9.934184,-37.08062,110.8667,-9.809758,-36.63025,            75P   4616
106.0085,-9.493768,-35.46613,101.2772,-8.992148,-33.60469,            75P   4617
96.78052,-8.310701,-31.06226,92.62637,-8.226638,-30.74863,            75P   4618
92.11391,-8.142308,-30.42561,91.6076,-8.056771,-30.09346,             75P   4619
91.10752,-7.969091,-29.75249,90.61374,-7.87834,-29.40299,             75P   4620
90.1263,-7.783601,-29.04531,89.64522,-7.688774,-28.68728,             75P   4621
89.16369,-7.590602,-28.32136,88.6884,-7.489265,-27.94613,             75P   4622
88.22103,-7.384942,-27.56019,87.7633,-7.277808,-27.16212,             75P   4623
87.31694,-7.168039,-26.75046,86.88369,-7.058293,-26.33897,            75P   4624
86.45059,-6.945808,-25.91359,86.03073,-6.832584,-25.48357,            75P   4625
85.61543,-6.720629,-25.05814,85.19603,-6.611961,-24.64656,            75P   4626
84.76386,-6.508606,-24.25807,84.31023,0.,9.184548D-015,150.,          75P   4627
-0.2667736,-1.816012,149.9632,-0.4782859,-3.264578,149.8841,          75P   4628
-0.6462957,-4.421938,149.7749,-0.7825657,-5.364554,149.645,           75P   4629
-0.8988584,-6.168879,149.5036,-1.006937,-6.911401,149.3594,           75P   4630
-1.273718,-8.744135,149.0036,-1.537309,-10.5541,148.5474,             75P   4631
-1.796733,-12.33464,147.9897,-2.051006,-14.07904,147.3294,            75P   4632
-2.299134,-15.78056,146.5654,-2.540117,-17.43241,145.6967,            75P   4633
-3.254117,-22.327,143.1225,-3.885013,-26.66769,139.7362,              75P   4634
-4.420639,-30.36045,135.6612,-4.848835,-33.31128,131.0203,            75P   4635
-5.157448,-35.42626,125.9366,-5.334343,-36.61151,120.5329,            75P   4636
-5.491113,-37.66188,115.744,-5.533469,-37.94767,110.8666,             75P   4637
-5.464691,-37.48597,106.0082,-5.288114,-36.29389,101.2769,            75P   4638
-5.007058,-34.38849,96.78033,-4.624781,-31.78693,92.62637,            75P   4639
-4.577612,-31.46598,92.11391,-4.532205,-31.13548,91.60763,            75P   4640
-4.487216,-30.79567,91.10758,-4.441302,-30.44683,90.6138,             75P   4641
-4.393124,-30.08925,90.12633,-4.341346,-29.72323,89.64518,            75P   4642
-4.289545,-29.35691,89.16364,-4.234981,-28.98234,88.68836,            75P   4643
-4.178083,-28.5982,88.22102,-4.119277,-28.20314,87.76332,             75P   4644
-4.058989,-27.79578,87.31698,-3.997645,-27.37477,86.88371,            75P   4645
-3.936297,-26.95382,86.45053,-3.873518,-26.51884,86.03068,            75P   4646
-3.810405,-26.07919,85.61544,-3.748057,-25.64425,85.19609,            75P   4647
-3.687578,-25.2234,84.76391,-3.630075,-24.826,84.31017,0.,            75P   4648
9.184548D-015,150.,-0.05401084,-1.827612,149.9641,-0.09562856,        75P   4649
-3.285803,149.8856,-0.1277457,-4.451183,149.7763,-0.1532342,          75P   4650
-5.40052,149.6457,-0.174967,-6.210571,149.5036,-0.1958138,            75P   4651
-6.958122,149.3594,-0.2472817,-8.803355,149.0036,-0.2983217,          75P   4652
-10.62567,148.5474,-0.3487134,-12.41833,147.9897,-0.3982381,          75P   4653
-14.1746,147.3294,-0.4466793,-15.8877,146.5654,-0.4938221,            75P   4654
-17.55085,145.6966,-0.6334679,-22.4786,143.1225,-0.7539764,           75P   4655
-26.84842,139.7363,-0.8549866,-30.56582,135.6613,-0.9361356,          75P   4656
-33.53632,131.0203,-0.9970575,-35.66547,125.9365,-1.037385,           75P   4657
-36.85885,120.5329,-1.073123,-37.91645,115.744,-1.084277,             75P   4658
-38.20386,110.8665,-1.071582,-37.73854,106.0081,-1.035779,            75P   4659
-36.53787,101.2767,-0.977609,-34.61924,96.78023,-0.8978042,           75P   4660
-32.00015,92.62638,-0.8879492,-31.67699,92.11385,-0.8814289,          75P   4661
-31.34414,91.6076,-0.876733,-31.0019,91.10762,-0.87235,               75P   4662
-30.65059,90.6139,-0.8667679,-30.29053,90.12642,-0.8584734,           75P   4663
-29.92204,89.64515,-0.8501961,-29.55338,89.16363,-0.8399009,          75P   4664
-29.17638,88.68833,-0.8281865,-28.78973,88.22095,-0.8156523,          75P   4665
-28.3921,87.76322,-0.8028985,-27.98212,87.31687,-0.7905263,           75P   4666
-27.55846,86.88365,-0.7781535,-27.13481,86.45044,-0.7657423,          75P   4667
-26.69715,86.03061,-0.7534375,-26.25486,85.6154,-0.7413845,           75P   4668
-25.81733,85.19607,-0.7297295,-25.39391,84.76389,-0.7186191,          75P   4669
-24.99396,84.31011,0.,9.184548D-015,150.,0.1588405,-1.808949,         75P   4670
149.9655,0.2854336,-3.252391,149.8882,0.3865427,-4.40619,             75P   4671
149.7784,0.4689312,-5.346209,149.6468,0.5393625,-6.148311,            75P   4672
149.5036,0.6046,-6.888358,149.3595,0.7656383,-8.715158,149.0037,      75P   4673
0.924357,-10.5193,148.5474,1.080224,-12.29408,147.9897,1.232709,      75P   4674
-14.03282,147.3293,1.381278,-15.72881,146.5653,1.525401,              75P   4675
-17.37536,145.6965,1.952399,-22.25366,143.1224,2.335462,              75P   4676
-26.57944,139.7364,2.663303,-30.25927,135.6613,2.924636,              75P   4677
-33.19978,131.0203,3.108173,-35.30754,125.9365,3.202628,              75P   4678
-36.48916,120.5328,3.286337,-37.53634,115.744,3.306277,               75P   4679
-37.82082,110.8666,3.264086,-37.35993,106.0082,3.161402,              75P   4680
-36.17101,101.2769,2.999862,-34.27136,96.78033,2.781103,              75P   4681
-31.67833,92.62638,2.754105,-31.35831,92.11372,2.722961,              75P   4682
-31.02843,91.6075,2.688973,-30.68915,91.10763,2.653442,               75P   4683
-30.34091,90.61401,2.61767,-29.98416,90.12654,2.582958,               75P   4684
-29.61934,89.64512,2.548247,-29.25453,89.1637,2.514596,               75P   4685
-28.88166,88.68833,2.481348,-28.4993,88.22083,2.447847,               75P   4686
-28.10605,87.76298,2.413434,-27.70047,87.3166,2.377454,               75P   4687
-27.28114,86.88349,2.341474,-26.86182,86.45038,2.303926,              75P   4688
-26.42875,86.03054,2.265724,-25.99115,85.61528,2.227783,              75P   4689
-25.55825,85.1959,2.191017,-25.13925,84.76373,2.156341,               75P   4690
-24.74339,84.31007,7.857697D-031,9.184548D-015,150.,0.3712944,        75P   4691
-1.790265,149.964,0.6660675,-3.218918,149.8855,0.9005868,             75P   4692
-4.361134,149.7762,1.091091,-5.291857,149.6456,1.253822,              75P   4693
-6.086039,149.5036,1.405014,-6.818595,149.3595,1.778238,              75P   4694
-8.62699,149.0037,2.146595,-10.41297,148.5474,2.508747,               75P   4695
-12.16987,147.9896,2.863358,-13.89106,147.3292,3.209094,              75P   4696
-15.56992,146.5652,3.544624,-17.19987,145.6964,4.538684,              75P   4697
-22.02869,143.1224,5.423772,-26.31055,139.7364,6.178303,              75P   4698
-29.95301,135.6613,6.780686,-32.86365,131.0203,7.20933,               75P   4699
-34.94997,125.9364,7.442641,-36.11947,120.5328,7.649408,              75P   4700
-37.15591,115.7441,7.701572,-37.43736,110.8667,7.603923,              75P   4701
-36.98096,106.0084,7.361252,-35.80391,101.277,6.978354,-33.9234,      75P   4702
96.78044,6.460009,-31.35651,92.62638,6.396032,-31.03964,92.1136,      75P   4703
6.326772,-30.71278,91.60741,6.253602,-30.3765,91.10765,6.1779,        75P   4704
-30.03134,90.61412,6.101038,-29.67788,90.12665,6.02439,               75P   4705
-29.31664,89.64509,5.947759,-28.95559,89.16376,5.870685,              75P   4706
-28.58679,88.68834,5.792541,-28.20873,88.2207,5.712702,               75P   4707
-27.81988,87.76274,5.630541,-27.41875,87.31633,5.545435,              75P   4708
-27.00383,86.88333,5.460327,-26.5889,86.45032,5.372682,               75P   4709
-26.16043,86.03047,5.284228,-25.7275,85.61515,5.196693,               75P   4710
-25.29919,85.19573,5.111807,-24.88459,84.76357,5.031302,              75P   4711
-24.49282,84.31002,7.760869D-031,9.184548D-015,150.,0.5784066,        75P   4712
-1.741939,149.9631,1.038602,-3.13164,149.8839,1.405493,               75P   4713
-4.242478,149.7748,1.703918,-5.147506,149.645,1.958717,               75P   4714
-5.919791,149.5036,2.194719,-6.632348,149.3595,2.777322,              75P   4715
-8.391404,149.0037,3.352493,-10.12865,148.5474,3.918125,              75P   4716
-11.83762,147.9895,4.472117,-13.51186,147.3291,5.012367,              75P   4717
-15.14494,146.565,5.536775,-16.73046,145.6962,7.090328,-21.4274,      75P   4718
143.1223,8.470681,-25.59226,139.7364,9.646117,-29.13516,              75P   4719
135.6614,10.58492,-31.96617,131.0204,11.25536,-33.99537,              75P   4720
125.9365,11.62571,-35.13275,120.5328,11.95392,-36.14072,              75P   4721
115.7441,12.03833,-36.41521,110.8667,11.88658,-35.97225,              75P   4722
106.0085,11.50631,-34.82796,101.2772,10.90519,-32.99843,              75P   4723
96.78053,10.09085,-30.49964,92.62638,9.990317,-30.19116,              75P   4724
92.11354,9.884148,-29.87257,91.6074,9.773407,-29.54463,91.10771,      75P   4725
9.659158,-29.20814,90.61423,9.542464,-28.86382,90.12675,              75P   4726
9.424381,-28.51244,89.64507,9.306372,-28.16131,89.16373,              75P   4727
9.186188,-27.80303,88.68824,9.063356,-27.43595,88.22052,              75P   4728
8.937406,-27.05842,87.76249,8.80787,-26.66881,87.31604,8.674277,      75P   4729
-26.2655,86.88307,8.540681,-25.86217,86.45008,8.403358,               75P   4730
-25.44558,86.03025,8.264955,-25.02458,85.61496,8.128122,              75P   4731
-24.60803,85.19558,7.995509,-24.20478,84.76347,7.869767,              75P   4732
-23.82372,84.30999,3.318101D-031,9.184548D-015,150.,0.7767009,        75P   4733
-1.665586,149.9628,1.396063,-2.993809,149.8834,1.890925,              75P   4734
-4.055069,149.7744,2.294015,-4.919463,149.6448,2.63807,               75P   4735
-5.657105,149.5037,2.955807,-6.338056,149.3595,3.740191,              75P   4736
-8.019077,149.0037,4.514658,-9.679267,148.5473,5.276373,              75P   4737
-11.31245,147.9894,6.022506,-12.91245,147.3289,6.750223,              75P   4738
-14.47315,146.5648,7.456694,-15.98842,145.696,9.549481,               75P   4739
-20.47701,143.1223,11.40713,-24.45711,139.7365,12.98818,              75P   4740
-27.84279,135.6615,14.25117,-30.54811,131.0205,15.15463,              75P   4741
-32.48708,125.9365,15.65709,-33.57372,120.5328,16.10237,              75P   4742
-34.53671,115.744,16.21819,-34.80027,110.8666,16.01476,               75P   4743
-34.37868,106.0085,15.50226,-33.28628,101.2772,14.69091,              75P   4744
-31.53741,96.78062,13.5909,-29.14631,92.62638,13.4551,-28.85114,      75P   4745
92.11355,13.31375,-28.54584,91.60745,13.16741,-28.23145,              75P   4746
91.10779,13.01662,-27.90895,90.61433,12.86194,-27.57933,              75P   4747
90.12683,12.70391,-27.24357,89.64505,12.546,-26.90806,89.16363,       75P   4748
12.38414,-26.56618,88.68808,12.21807,-26.21615,88.22031,12.0475,      75P   4749
-25.8562,87.76223,11.87219,-25.48457,87.31575,11.69185,-25.0995,      75P   4750
86.88276,11.51149,-24.7144,86.44974,11.32613,-24.31646,86.02995,      75P   4751
11.13935,-23.91416,85.61474,10.95476,-23.51604,85.19545,              75P   4752
10.77598,-23.13062,84.76342,10.60662,-22.76643,84.30997,              75P   4753
-1.862023D-031,9.184548D-015,150.,0.9626882,-1.562819,149.9631,       75P   4754
1.731462,-2.808666,149.8839,2.34653,-3.803741,149.7748,2.847978,      75P   4755
-4.614025,149.645,3.275901,-5.305511,149.5037,3.670371,               75P   4756
-5.944156,149.3595,4.644169,-7.520719,149.0037,5.605732,              75P   4757
-9.077748,148.5473,6.55154,-10.60946,147.9894,7.478071,               75P   4758
-12.11009,147.3288,8.381805,-13.57387,146.5646,9.259218,              75P   4759
-14.99503,145.6958,11.85827,-19.20473,143.1222,14.16405,              75P   4760
-22.93762,139.7365,16.12593,-26.11301,135.6616,17.6933,-28.6502,      75P   4761
131.0206,18.81554,-30.46847,125.9366,19.44203,-31.4871,120.5328,      75P   4762
19.99722,-32.38981,115.7439,20.14269,-32.63841,110.8666,              75P   4763
19.89095,-32.24505,106.0085,19.25449,-31.22192,101.2773,              75P   4764
18.24583,-29.58121,96.78069,16.87746,-27.33507,92.62638,              75P   4765
16.70855,-27.05784,92.11361,16.53427,-26.77069,91.60753,              75P   4766
16.35466,-26.47483,91.10787,16.16972,-26.17146,90.61439,              75P   4767
15.97949,-25.86176,90.12685,15.78396,-25.5469,89.64504,15.58856,      75P   4768
-25.23221,89.16352,15.38759,-24.91203,88.68791,15.18096,              75P   4769
-24.58449,88.2201,14.96855,-24.24774,87.76199,14.75027,               75P   4770
-23.89991,87.31547,14.526,-23.53917,86.88243,14.30173,-23.1784,       75P   4771
86.44937,14.07116,-22.80532,86.02963,13.83884,-22.428,85.61452,       75P   4772
13.6093,-22.0545,85.19535,13.38709,-21.69289,84.76339,13.17674,       75P   4773
-21.35125,84.30995,-4.170918D-031,9.184548D-015,150.,1.132867,        75P   4774
-1.435254,149.964,2.037791,-2.57946,149.8855,2.76194,-3.493333,       75P   4775
149.7762,3.35239,-4.237486,149.6457,3.856223,-4.872537,149.5037,      75P   4776
4.320504,-5.459087,149.3595,5.466621,-6.907037,149.0037,              75P   4777
6.598411,-8.337037,148.5473,7.71172,-9.743789,147.9893,8.80239,       75P   4778
-11.122,147.3287,9.866265,-12.46636,146.5645,10.89919,-13.77158,      75P   4779
145.6957,13.95881,-17.63779,143.1222,16.67234,-21.06634,              75P   4780
139.7365,18.98079,-23.98293,135.6616,20.82518,-26.31321,              75P   4781
131.0207,22.14651,-27.98289,125.9367,22.88579,-28.91762,              75P   4782
120.5328,23.54094,-29.74598,115.7439,23.71323,-29.97557,              75P   4783
110.8666,23.41738,-29.6163,106.0085,22.66805,-28.67808,101.2773,      75P   4784
21.47996,-27.17085,96.78073,19.8678,-25.1045,92.62639,19.66884,       75P   4785
-24.84951,92.11371,19.46444,-24.58515,91.60762,19.25424,              75P   4786
-24.31268,91.10791,19.03792,-24.03338,90.61436,18.81513,              75P   4787
-23.7485,90.1268,18.5855,-23.45927,89.64503,18.35597,-23.17013,       75P   4788
89.16342,18.11959,-22.87636,88.68776,17.87632,-22.57611,              75P   4789
88.21992,17.6261,-22.26751,87.76179,17.36888,-21.9487,87.31523,       75P   4790
17.10462,-21.61784,86.88215,16.84033,-21.28696,86.44904,              75P   4791
16.56861,-20.94447,86.02935,16.29484,-20.59787,85.61434,              75P   4792
16.02439,-20.25468,85.19527,15.76266,-19.92239,84.76339,              75P   4793
15.51502,-19.60854,84.30995,0.,9.184548D-015,150.,1.28373,            75P   4794
-1.284523,149.9654,2.308035,-2.309454,149.8881,3.126778,              75P   4795
-3.128694,149.7784,3.793826,-3.796146,149.6468,4.363045,              75P   4796
-4.36571,149.5037,4.888298,-4.891287,149.3595,6.184934,               75P   4797
-6.188724,149.0037,7.465416,-7.470041,148.5473,8.725024,              75P   4798
-8.730501,147.9893,9.959043,-9.965366,147.3287,11.16275,              75P   4799
-11.1699,146.5645,12.33144,-12.33936,145.6957,15.79321,               75P   4800
-15.80345,143.1222,18.86293,-18.87586,139.7365,21.47421,              75P   4801
-21.48966,135.6616,23.56067,-23.57791,131.0207,25.05593,              75P   4802
-25.07367,125.9367,25.89362,-25.91,120.5328,26.63598,-26.65116,       75P   4803
115.7439,26.83121,-26.85779,110.8666,26.49622,-26.53761,              75P   4804
106.0085,25.64795,-25.69831,101.2773,24.30331,-24.3476,96.78075,      75P   4805
22.47922,-22.49317,92.6264,22.25417,-22.26437,92.11384,22.02297,      75P   4806
-22.02723,91.60771,21.78527,-21.78286,91.10788,21.5407,               75P   4807
-21.53237,90.61424,21.28891,-21.27689,90.12666,21.02953,              75P   4808
-21.01754,89.64502,20.77014,-20.75819,89.16338,20.50317,              75P   4809
-20.49496,88.68768,20.22842,-20.22614,88.21981,19.94569,              75P   4810
-19.94999,87.76164,19.6548,-19.66481,87.31506,19.35555,               75P   4811
-19.36886,86.88194,19.05629,-19.07291,86.44883,18.74868,              75P   4812
-18.7662,86.02919,18.43879,-18.45557,85.61424,18.13272,               75P   4813
-18.14787,85.19523,17.83654,-17.84993,84.76339,17.55634,              75P   4814
-17.56861,84.30994,6.347214D-015,1.552952D-014,150.,1.434688,         75P   4815
-1.133619,149.9639,2.578356,-2.039228,149.8854,3.49165,               75P   4816
-2.763902,149.7761,4.235251,-3.354758,149.6456,4.869837,              75P   4817
-3.858912,149.5037,5.456092,-4.323488,149.3595,6.903319,              75P   4818
-5.470339,149.0037,8.332525,-6.602941,148.5473,9.738435,              75P   4819
-7.717106,147.9893,11.11578,-8.808651,147.3287,12.45929,              75P   4820
-9.873391,146.5645,13.76369,-10.90714,145.6957,17.62748,              75P   4821
-13.96924,143.1222,21.05385,-16.68504,139.7365,23.96861,              75P   4822
-18.9954,135.6616,26.29759,-20.84117,131.0207,27.9666,-22.16321,      75P   4823
125.9367,28.90145,-22.90238,120.5328,29.72992,-23.55743,              75P   4824
115.7439,29.94956,-23.73964,110.8666,29.57792,-23.45608,              75P   4825
106.0085,28.63252,-22.71387,101.2774,27.13092,-21.52009,              75P   4826
96.78076,25.09065,-19.88184,92.62641,24.83897,-19.67976,              75P   4827
92.11396,24.581,-19.46981,91.60779,24.31611,-19.25321,91.10785,       75P   4828
24.04365,-19.03119,90.61411,23.76301,-18.80498,90.12652,              75P   4829
23.47355,-18.57581,89.64501,23.184,-18.34656,89.16334,22.88611,       75P   4830
-18.1142,88.68761,22.57964,-17.87705,88.2197,22.26436,-17.6334,       75P   4831
87.76149,21.94005,-17.38157,87.31488,21.60648,-17.11988,              75P   4832
86.88174,21.27292,-16.85819,86.44862,20.9296,-16.58707,86.02902,      75P   4833
20.58348,-16.31253,85.61415,20.24149,-16.04061,85.1952,19.91057,      75P   4834
-15.77732,84.76339,19.59766,-15.52868,84.30993,7.30679D-015,          75P   4835
1.327472D-014,150.,1.562443,-0.9633447,149.9631,2.807882,             75P   4836
-1.732755,149.8838,3.802414,-2.348303,149.7748,4.612136,              75P   4837
-2.850106,149.645,5.303147,-3.278283,149.5037,5.941547,               75P   4838
-3.672957,149.3595,7.517518,-4.647267,149.0037,9.073884,              75P   4839
-5.609472,148.5473,10.60489,-6.556018,147.9893,12.10477,              75P   4840
-7.483348,147.3288,13.56779,-8.387911,146.5646,14.98822,              75P   4841
-9.266155,145.6958,19.19575,-11.86767,143.1223,22.92693,              75P   4842
-14.17481,139.7365,26.10103,-16.13743,135.6615,28.63731,              75P   4843
-17.70537,131.0205,30.455,-18.82849,125.9366,31.47336,-19.45662,      75P   4844
120.5328,32.37582,-20.01326,115.7441,32.61672,-20.1678,110.8668,      75P   4845
32.21397,-19.92647,106.0088,31.1855,-19.29553,101.2776,29.54927,      75P   4846
-18.2812,96.78092,27.32314,-16.88974,92.62642,27.04857,               75P   4847
-16.71813,92.11402,26.7671,-16.53971,91.6078,26.4781,-16.35558,       75P   4848
91.10779,26.18098,-16.16685,90.614,25.87515,-15.97461,90.12641,       75P   4849
25.56005,-15.77998,89.645,25.24474,-15.58521,89.16328,24.92075,       75P   4850
-15.38786,88.68754,24.58766,-15.18645,88.21965,24.24507,              75P   4851
-14.97952,87.76145,23.89256,-14.76561,87.31482,23.52972,              75P   4852
-14.54324,86.88162,23.16694,-14.32092,86.44849,22.79321,              75P   4853
-14.0906,86.02892,22.41618,-13.8574,85.61407,22.04353,-13.62641,      75P   4854
85.19516,21.68292,-13.40276,84.76338,21.34201,-13.19154,              75P   4855
84.30993,5.015293D-015,6.966492D-015,150.,1.66536,-0.7772221,         75P   4856
149.9628,2.993315,-1.397101,149.8833,4.054142,-1.892352,              75P   4857
149.7743,4.918063,-2.295718,149.6447,5.655301,-2.639939,              75P   4858
149.5036,6.336069,-2.957759,149.3595,8.016659,-3.742357,              75P   4859
149.0037,9.676362,-4.517218,148.5474,11.30902,-5.279475,              75P   4860
147.9894,12.90848,-6.026262,147.3289,14.46862,-6.754716,              75P   4861
146.5648,15.98333,-7.461976,145.696,20.47023,-9.55707,143.1224,       75P   4862
24.44906,-11.41488,139.7365,27.83382,-12.99515,135.6614,              75P   4863
30.53852,-14.25765,131.0203,32.47714,-15.16211,125.9364,              75P   4864
33.56364,-15.66831,120.5328,34.52649,-16.11688,115.7443,              75P   4865
34.78505,-16.24119,110.8672,34.35732,-16.04646,106.0092,              75P   4866
33.26144,-15.53791,101.278,31.51548,-14.72079,96.78114,29.1374,       75P   4867
-13.60032,92.62644,28.8441,-13.46212,92.11401,28.54302,               75P   4868
-13.31857,91.60775,28.23378,-13.17048,91.10772,27.91601,              75P   4869
-13.01869,90.61391,27.58933,-12.86402,90.12634,27.25341,              75P   4870
-12.70731,89.64499,26.91721,-12.55045,89.16322,26.57226,              75P   4871
-12.3914,88.68749,26.21792,-12.22902,88.21963,25.85352,-12.0622,      75P   4872
87.76146,25.47839,-11.88981,87.31482,25.09186,-11.71073,              75P   4873
86.88156,24.70544,-11.53172,86.44843,24.30705,-11.34627,              75P   4874
86.02885,23.90497,-11.15849,85.61402,23.50743,-10.9725,85.19513,      75P   4875
23.12269,-10.7924,84.76337,22.759,-10.62229,84.30993,                 75P   4876
1.609286D-015,1.151164D-015,150.,1.741817,-0.5787661,149.9631,        75P   4877
3.131374,-1.039326,149.8838,4.241925,-1.406503,149.7748,              75P   4878
5.146621,-1.705118,149.645,5.918621,-1.959995,149.5036,6.631065,      75P   4879
-2.195955,149.3595,8.389866,-2.778463,149.0037,10.12682,              75P   4880
-3.353763,148.5474,11.83546,-3.919719,147.9895,13.50936,              75P   4881
-4.474195,147.3291,15.1421,-5.01506,146.565,16.72729,-5.540185,       75P   4882
145.6962,21.42313,-7.095803,143.1225,25.58709,-8.474959,              75P   4883
139.7365,29.12932,-9.647958,135.6613,31.95992,-10.5851,131.0201,      75P   4884
33.989,-11.25669,125.9362,35.12661,-11.63304,120.5328,36.13474,       75P   4885
-11.96654,115.7445,36.40677,-12.05874,110.8675,35.96067,              75P   4886
-11.91375,106.0095,34.81451,-11.53572,101.2783,32.98637,              75P   4887
-10.92876,96.78132,30.49412,-10.09701,92.62646,30.18669,              75P   4888
-9.994399,92.11394,29.8706,-9.888036,91.60767,29.54576,               75P   4889
-9.778418,91.10765,29.21208,-9.666046,90.61389,28.86952,              75P   4890
-9.551423,90.12634,28.51804,-9.435058,89.64498,28.16624,              75P   4891
-9.318599,89.16319,27.80582,-9.200309,88.68748,27.43587,              75P   4892
-9.079453,88.21963,27.05544,-8.955298,87.76148,26.66362,              75P   4893
-8.827109,87.31484,26.25945,-8.694151,86.88154,25.85542,              75P   4894
-8.561237,86.4484,25.43867,-8.42356,86.02882,25.01788,-8.284161,      75P   4895
85.61399,24.60175,-8.146085,85.1951,24.19897,-8.012372,84.76335,      75P   4896
23.81824,-7.886064,84.30993,-7.746665D-016,3.750709D-016,150.,        75P   4897
1.790205,-0.3714742,149.964,3.21879,-0.6664701,149.8854,              75P   4898
4.360855,-0.9011926,149.7761,5.2914,-1.091831,149.6456,6.085432,      75P   4899
-1.254574,149.5036,6.817941,-1.405609,149.3595,8.626254,              75P   4900
-1.778454,149.0037,10.41211,-2.146706,148.5475,12.16886,              75P   4901
-2.508992,147.9896,13.88989,-2.863941,147.3292,15.5686,               75P   4902
-3.210187,146.5651,17.19841,-3.546361,145.6964,22.02659,              75P   4903
-4.54227,143.1226,26.30783,-5.424832,139.7365,29.94982,               75P   4904
-6.175288,135.6612,32.86019,-6.774877,131.02,34.94656,-7.204836,      75P   4905
125.9361,36.11656,-7.4464,120.5328,37.15338,-7.660469,115.7446,       75P   4906
37.43408,-7.719475,110.8676,36.97653,-7.626333,106.0097,              75P   4907
35.79871,-7.383969,101.2784,33.91859,-6.995306,96.78138,              75P   4908
31.35397,-6.463253,92.62647,31.03754,-6.397593,92.11382,30.7117,      75P   4909
-6.329718,91.60756,30.37664,-6.259847,91.10763,30.03257,              75P   4910
-6.188203,90.61394,29.67972,-6.115007,90.12642,29.31832,              75P   4911
-6.040484,89.64498,28.9567,-5.965941,89.16323,28.58663,               75P   4912
-5.890045,88.6875,28.20697,-5.812414,88.21963,27.8166,-5.732664,      75P   4913
87.76145,27.41435,-5.650413,87.3148,26.99906,-5.565276,86.88154,      75P   4914
26.5839,-5.480149,86.44841,26.15553,-5.392008,86.02882,25.72292,      75P   4915
-5.302787,85.61398,25.29504,-5.214417,85.19508,24.88085,              75P   4916
-5.128832,84.76333,24.48931,-5.047965,84.30993,0.,9.184548D-015,      75P   4917
150.,1.808904,-0.1588267,149.9654,3.252286,-0.285554,149.8881,        75P   4918
4.406022,-0.3868477,149.7784,5.345987,-0.4693735,149.6467,            75P   4919
6.148056,-0.5397971,149.5036,6.888105,-0.6047841,149.3595,            75P   4920
8.714952,-0.765208,149.0038,10.51909,-0.9236526,148.5475,             75P   4921
12.29384,-1.07954,147.9897,14.03252,-1.232293,147.3293,15.72846,      75P   4922
-1.381333,146.5652,17.37497,-1.526083,145.6965,22.2528,               75P   4923
-1.954907,143.1228,26.57814,-2.334315,139.7366,30.25766,              75P   4924
-2.656617,135.6613,33.198,-2.914123,131.02,35.30582,-3.099144,        75P   4925
125.9362,36.48779,-3.20399,120.5328,37.53523,-3.296903,115.7445,      75P   4926
37.81918,-3.322537,110.8675,37.35752,-3.282402,106.0095,              75P   4927
36.16812,-3.178008,101.2781,34.26888,-3.010866,96.78123,              75P   4928
31.67765,-2.782484,92.62647,31.35783,-2.754296,92.11366,              75P   4929
31.02816,-2.725168,91.60746,30.68902,-2.695181,91.10767,              75P   4930
30.34081,-2.664413,90.61411,29.98389,-2.632943,90.12661,              75P   4931
29.61865,-2.600851,89.64498,29.25341,-2.568758,89.16334,              75P   4932
28.87985,-2.536044,88.68758,28.49671,-2.502554,88.2196,28.10273,      75P   4933
-2.468135,87.76133,27.69668,-2.432634,87.31467,27.27727,              75P   4934
-2.395898,86.88154,26.85787,-2.359162,86.44842,26.42513,              75P   4935
-2.321191,86.02883,25.9881,-2.282792,85.61398,25.55583,               75P   4936
-2.244774,85.19507,25.13739,-2.207945,84.76332,24.74182,              75P   4937
-2.17311,84.30993,1.,8.,1.,10.;                                       75P   4938
141,1,2,75,4,81,1,1,79,85,1,1,83,89,1,1,87,93,1,1,91;                 77P   4939
106,1,2,0.,1.,1.,8.,1.;                                               79P   4940
126,67,1,1,0,1,0,0.,0.,0.0119047619,0.02380952381,0.03571428571,      81P   4941
0.04761904762,0.05952380952,0.07142857143,0.08333333333,              81P   4942
0.09523809524,0.1071428571,0.119047619,0.130952381,0.1428571429,      81P   4943
0.1632653061,0.1836734694,0.2040816327,0.2244897959,                  81P   4944
0.2448979592,0.2653061224,0.2857142857,0.2928571429,0.3,              81P   4945
0.3071428571,0.3142857143,0.3214285714,0.3285714286,                  81P   4946
0.3357142857,0.3428571429,0.35,0.3571428571,0.3642857143,             81P   4947
0.3714285714,0.3785714286,0.3857142857,0.3928571429,0.4,              81P   4948
0.4071428571,0.4142857143,0.4214285714,0.4285714286,                  81P   4949
0.4365079365,0.4444444444,0.4523809524,0.4603174603,                  81P   4950
0.4682539683,0.4761904762,0.4841269841,0.4920634921,0.5,              81P   4951
0.5079365079,0.5158730159,0.5238095238,0.5317460317,                  81P   4952
0.5396825397,0.5476190476,0.5555555556,0.5634920635,                  81P   4953
0.5714285714,0.619047619,0.6666666667,0.7142857143,0.7619047619,      81P   4954
0.8095238095,0.8571428571,0.8928571429,0.9285714286,                  81P   4955
0.9642857143,1.,1.,1.,1.,1.,1.,1.,1.,1.,1.,1.,1.,1.,1.,1.,1.,1.,      81P   4956
1.,1.,1.,1.,1.,1.,1.,1.,1.,1.,1.,1.,1.,1.,1.,1.,1.,1.,1.,1.,1.,       81P   4957
1.,1.,1.,1.,1.,1.,1.,1.,1.,1.,1.,1.,1.,1.,1.,1.,1.,1.,1.,1.,1.,       81P   4958
1.,1.,1.,1.,1.,1.,1.,1.,1.,1.,1.,0.,9.184548D-015,150.,0.867255,      81P   4959
-0.0761468,149.9784,1.663629,-0.1460691,149.9486,2.39439,             81P   4960
-0.2102299,149.9113,3.064809,-0.269092,149.8673,3.680154,             81P   4961
-0.3231183,149.8172,4.245694,-0.3727718,149.7619,4.766698,            81P   4962
-0.4185152,149.702,5.248436,-0.4608116,149.6383,5.696177,             81P   4963
-0.5001238,149.5715,6.115189,-0.5369147,149.5022,6.510742,            81P   4964
-0.5716472,149.4314,6.888105,-0.6047841,149.3595,8.446632,            81P   4965
-0.7416507,149.0238,9.98892,-0.8771034,148.6261,11.51263,             81P   4966
-1.01094,148.1662,13.01543,-1.142958,147.6436,14.49497,               81P   4967
-1.272956,147.0581,15.94893,-1.400732,146.4091,17.37497,              81P   4968
-1.526083,145.6965,18.81737,-1.652858,144.8942,20.21693,              81P   4969
-1.775811,144.0328,21.57225,-1.894827,143.1143,22.88194,              81P   4970
-2.009792,142.1403,24.14459,-2.120588,141.1128,25.3588,               81P   4971
-2.227102,140.0336,26.52318,-2.329217,138.9045,27.63631,              81P   4972
-2.426819,137.7275,28.69681,-2.519792,136.5043,29.70328,              81P   4973
-2.60802,135.2368,30.6543,-2.691389,133.9269,31.54849,-2.769782,      81P   4974
132.5764,32.38444,-2.843086,131.1872,33.16075,-2.911183,129.761,      81P   4975
33.87602,-2.97396,128.2998,34.52885,-3.0313,126.8054,35.11784,        81P   4976
-3.083088,125.2797,35.6416,-3.12921,123.7245,36.09871,-3.169549,      81P   4977
122.1416,36.48779,-3.20399,120.5328,36.80165,-3.231851,118.933,       81P   4978
37.04518,-3.253514,117.3272,37.21876,-3.26901,115.7175,37.32275,      81P   4979
-3.278369,114.1063,37.35752,-3.281623,112.4958,37.32343,              81P   4980
-3.278803,110.8881,37.22085,-3.26994,109.2855,37.05016,               81P   4981
-3.255064,107.6903,36.81172,-3.234208,106.1045,36.50589,              81P   4982
-3.207402,104.5305,36.13305,-3.174677,102.9704,35.69356,              81P   4983
-3.136064,101.4264,35.1878,-3.091595,99.90089,34.61612,               81P   4984
-3.041299,98.39595,33.9789,-2.98521,96.91382,33.2765,-2.923357,       81P   4985
95.45672,32.5093,-2.855771,94.02686,31.67765,-2.782484,92.62647,      81P   4986
31.02188,-2.724601,91.61172,30.33498,-2.663939,90.61816,              81P   4987
29.61865,-2.600851,89.64498,28.87337,-2.535515,88.69291,              81P   4988
28.09477,-2.467425,87.76893,27.27727,-2.395898,86.88154,              81P   4989
26.63849,-2.339888,86.2418,25.99167,-2.283078,85.61094,25.35379,      81P   4990
-2.22698,84.97248,24.74182,-2.17311,84.30993,0.,1.,0.08748902,        81P   4991
0.9961655,-1.344245D-005;                                             81P   4992
106,1,2,0.,8.,1.,8.,10.;                                              83P   4993
126,126,1,1,1,1,0,0.,0.,0.007936507937,0.01587301587,                 85P   4994
0.02380952381,0.03174603175,0.03968253968,0.04761904762,              85P   4995
0.05555555556,0.06349206349,0.07142857143,0.07936507937,              85P   4996
0.0873015873,0.09523809524,0.1031746032,0.1111111111,                 85P   4997
0.119047619,0.126984127,0.1349206349,0.1428571429,0.1507936508,       85P   4998
0.1587301587,0.1666666667,0.1746031746,0.1825396825,                  85P   4999
0.1904761905,0.1984126984,0.2063492063,0.2142857143,                  85P   5000
0.2222222222,0.2301587302,0.2380952381,0.246031746,0.253968254,       85P   5001
0.2619047619,0.2698412698,0.2777777778,0.2857142857,                  85P   5002
0.2936507937,0.3015873016,0.3095238095,0.3174603175,                  85P   5003
0.3253968254,0.3333333333,0.3412698413,0.3492063492,                  85P   5004
0.3571428571,0.3650793651,0.373015873,0.380952381,0.3888888889,       85P   5005
0.3968253968,0.4047619048,0.4126984127,0.4206349206,                  85P   5006
0.4285714286,0.4365079365,0.4444444444,0.4523809524,                  85P   5007
0.4603174603,0.4682539683,0.4761904762,0.4841269841,                  85P   5008
0.4920634921,0.5,0.5079365079,0.5158730159,0.5238095238,              85P   5009
0.5317460317,0.5396825397,0.5476190476,0.5555555556,                  85P   5010
0.5634920635,0.5714285714,0.5793650794,0.5873015873,                  85P   5011
0.5952380952,0.6031746032,0.6111111111,0.619047619,0.626984127,       85P   5012
0.6349206349,0.6428571429,0.6507936508,0.6587301587,                  85P   5013
0.6666666667,0.6746031746,0.6825396825,0.6904761905,                  85P   5014
0.6984126984,0.7063492063,0.7142857143,0.7222222222,                  85P   5015
0.7301587302,0.7380952381,0.746031746,0.753968254,0.7619047619,       85P   5016
0.7698412698,0.7777777778,0.7857142857,0.7936507937,                  85P   5017
0.8015873016,0.8095238095,0.8174603175,0.8253968254,                  85P   5018
0.8333333333,0.8412698413,0.8492063492,0.8571428571,                  85P   5019
0.8650793651,0.873015873,0.880952381,0.8888888889,0.8968253968,       85P   5020
0.9047619048,0.9126984127,0.9206349206,0.9285714286,                  85P   5021
0.9365079365,0.9444444444,0.9523809524,0.9603174603,                  85P   5022
0.9682539683,0.9761904762,0.9841269841,0.9920634921,1.,1.,1.,1.,      85P   5023
1.,1.,1.,1.,1.,1.,1.,1.,1.,1.,1.,1.,1.,1.,1.,1.,1.,1.,1.,1.,1.,       85P   5024
1.,1.,1.,1.,1.,1.,1.,1.,1.,1.,1.,1.,1.,1.,1.,1.,1.,1.,1.,1.,1.,       85P   5025
1.,1.,1.,1.,1.,1.,1.,1.,1.,1.,1.,1.,1.,1.,1.,1.,1.,1.,1.,1.,1.,       85P   5026
1.,1.,1.,1.,1.,1.,1.,1.,1.,1.,1.,1.,1.,1.,1.,1.,1.,1.,1.,1.,1.,       85P   5027
1.,1.,1.,1.,1.,1.,1.,1.,1.,1.,1.,1.,1.,1.,1.,1.,1.,1.,1.,1.,1.,       85P   5028
1.,1.,1.,1.,1.,1.,1.,1.,1.,1.,1.,1.,1.,1.,1.,1.,1.,1.,1.,1.,          85P   5029
24.74182,-2.17311,84.30993,24.81815,-0.9387232,84.30993,              85P   5030
24.83122,0.2982542,84.30993,24.78185,1.534786,84.30993,24.67085,      85P   5031
2.767836,84.30993,24.49904,3.99437,84.30993,24.26723,5.21135,         85P   5032
84.30993,23.97622,6.415743,84.30993,23.62684,7.604511,84.30993,       85P   5033
23.21989,8.77462,84.30993,22.7562,9.923033,84.30993,22.23656,         85P   5034
11.04671,84.30993,21.66179,12.14263,84.30993,21.03271,13.20774,       85P   5035
84.30993,20.35013,14.23902,84.30993,19.61515,15.23362,84.30993,       85P   5036
18.83006,16.18956,84.30993,17.99742,17.10501,84.30993,17.11982,       85P   5037
17.9782,84.30993,16.19982,18.80731,84.30993,15.24,19.59054,           85P   5038
84.30993,14.24293,20.3261,84.30993,13.21119,21.01218,84.30993,        85P   5039
12.14735,21.64699,84.30993,11.05399,22.22872,84.30993,9.933676,       85P   5040
22.75558,84.30993,8.788983,23.22576,84.30994,7.622487,23.63746,       85P   5041
84.30994,6.43676,23.98889,84.30994,5.234468,24.27858,84.30994,        85P   5042
4.018645,24.50645,84.30995,2.792414,24.67277,84.30995,1.558899,       85P   5043
24.77778,84.30996,0.3212249,24.82174,84.30996,-0.9174842,             85P   5044
24.80491,84.30996,-2.154104,24.72756,84.30997,-3.385511,              85P   5045
24.58993,84.30997,-4.608579,24.39229,84.30998,-5.820186,              85P   5046
24.13489,84.30998,-7.017207,23.81799,84.30998,-8.196517,              85P   5047
23.44186,84.30998,-9.354992,23.00673,84.30999,-10.48951,              85P   5048
22.51289,84.30999,-11.59709,21.96091,84.30999,-12.67535,              85P   5049
21.35271,84.30999,-13.72205,20.69056,84.30998,-14.73496,19.9767,      85P   5050
84.30998,-15.71183,19.21339,84.30998,-16.65044,18.40288,              85P   5051
84.30997,-17.54853,17.54743,84.30997,-18.40388,16.64929,              85P   5052
84.30997,-19.21425,15.71072,84.30996,-19.9774,14.73397,84.30996,      85P   5053
-20.69109,13.72129,84.30995,-21.35308,12.67494,84.30995,              85P   5054
-21.96114,11.59718,84.30995,-22.51304,10.49025,84.30994,              85P   5055
-23.00685,9.356553,84.30994,-23.442,8.199045,84.30994,-23.81822,      85P   5056
7.020822,84.30994,-24.13525,5.824981,84.30994,-24.39284,              85P   5057
4.614621,84.30994,-24.59072,3.392838,84.30994,-24.72864,              85P   5058
2.162729,84.30994,-24.80633,0.9273922,84.30995,-24.82353,             85P   5059
-0.3100761,84.30995,-24.77999,-1.546578,84.30996,-24.67545,           85P   5060
-2.779017,84.30997,-24.50964,-4.004296,84.30999,-24.28231,            85P   5061
-5.219317,84.31,-23.99319,-6.420983,84.31002,-23.64238,               85P   5062
-7.606282,84.31004,-23.23131,-8.77254,84.31007,-22.76179,             85P   5063
-9.917168,84.31009,-22.23562,-11.03758,84.31012,-21.65457,            85P   5064
-12.13118,84.31014,-21.02046,-13.19538,84.31017,-20.33507,            85P   5065
-14.2276,84.3102,-19.60021,-15.22525,84.31022,-18.81766,              85P   5066
-16.18573,84.31024,-17.98921,-17.10646,84.31026,-17.11668,            85P   5067
-17.98485,84.31028,-16.20184,-18.81831,84.3103,-15.24649,             85P   5068
-19.60425,84.3103,-14.25244,-20.34008,84.31031,-13.22167,             85P   5069
-21.02351,84.31031,-12.15703,-21.65343,84.3103,-11.06154,             85P   5070
-22.22903,84.3103,-9.938238,-22.74951,84.31028,-8.790166,             85P   5071
-23.21403,84.31027,-7.620356,-23.62181,84.31025,-6.431846,            85P   5072
-23.97201,84.31023,-5.227671,-24.26384,84.3102,-4.010866,             85P   5073
-24.49647,84.31018,-2.784468,-24.66911,84.31016,-1.551512,            85P   5074
-24.78093,84.31013,-0.3150347,-24.83112,84.31011,0.9219285,           85P   5075
-24.81888,84.31009,2.156341,-24.74339,84.31007,3.3852,-24.60419,      85P   5076
84.31005,4.605624,-24.40226,84.31003,5.814768,-24.13893,              85P   5077
84.31001,7.009782,-23.81551,84.31,8.187819,-23.43333,84.30999,        85P   5078
9.346032,-22.99373,84.30998,10.48157,-22.49802,84.30997,              85P   5079
11.59159,-21.94754,84.30996,12.67325,-21.34361,84.30996,              85P   5080
13.72369,-20.68755,84.30995,14.74006,-19.98069,84.30995,              85P   5081
15.71953,-19.22437,84.30995,16.65924,-18.4199,84.30994,17.55634,      85P   5082
-17.56861,84.30994,18.40824,-16.67208,84.30994,19.21336,              85P   5083
-15.73291,84.30994,19.97037,-14.75395,84.30993,20.67793,              85P   5084
-13.73803,84.30993,21.33473,-12.68801,84.30993,21.93942,              85P   5085
-11.60673,84.30993,22.49068,-10.49705,84.30993,22.98719,              85P   5086
-9.361816,84.30993,23.4276,-8.203866,84.30993,23.8106,-7.026052,      85P   5087
84.30993,24.13485,-5.831222,84.30993,24.39902,-4.622223,              85P   5088
84.30993,24.60179,-3.401903,84.30993,24.74182,-2.17311,84.30993,      85P   5089
0.,1.,2.927658D-006,3.661142D-006,1.;                                 85P   5090
106,1,2,0.,8.,10.,1.,10.;                                             87P   5091
126,67,1,1,0,1,0,0.,0.,0.03571428571,0.07142857143,0.1071428571,      89P   5092
0.1428571429,0.1904761905,0.2380952381,0.2857142857,                  89P   5093
0.3333333333,0.380952381,0.4285714286,0.4365079365,0.4444444444,      89P   5094
0.4523809524,0.4603174603,0.4682539683,0.4761904762,                  89P   5095
0.4841269841,0.4920634921,0.5,0.5079365079,0.5158730159,              89P   5096
0.5238095238,0.5317460317,0.5396825397,0.5476190476,                  89P   5097
0.5555555556,0.5634920635,0.5714285714,0.5785714286,                  89P   5098
0.5857142857,0.5928571429,0.6,0.6071428571,0.6142857143,              89P   5099
0.6214285714,0.6285714286,0.6357142857,0.6428571429,0.65,             89P   5100
0.6571428571,0.6642857143,0.6714285714,0.6785714286,                  89P   5101
0.6857142857,0.6928571429,0.7,0.7071428571,0.7142857143,              89P   5102
0.7346938776,0.7551020408,0.7755102041,0.7959183673,                  89P   5103
0.8163265306,0.8367346939,0.8571428571,0.869047619,0.880952381,       89P   5104
0.8928571429,0.9047619048,0.9166666667,0.9285714286,                  89P   5105
0.9404761905,0.9523809524,0.9642857143,0.9761904762,                  89P   5106
0.9880952381,1.,1.,1.,1.,1.,1.,1.,1.,1.,1.,1.,1.,1.,1.,1.,1.,1.,      89P   5107
1.,1.,1.,1.,1.,1.,1.,1.,1.,1.,1.,1.,1.,1.,1.,1.,1.,1.,1.,1.,1.,       89P   5108
1.,1.,1.,1.,1.,1.,1.,1.,1.,1.,1.,1.,1.,1.,1.,1.,1.,1.,1.,1.,1.,       89P   5109
1.,1.,1.,1.,1.,1.,1.,1.,1.,1.,1.,24.74182,-2.17311,84.30993,          89P   5110
25.35379,-2.22698,84.97248,25.99167,-2.283078,85.61094,26.63849,      89P   5111
-2.339888,86.2418,27.27727,-2.395898,86.88154,28.09477,               89P   5112
-2.467425,87.76893,28.87337,-2.535515,88.69291,29.61865,              89P   5113
-2.600851,89.64498,30.33498,-2.663939,90.61816,31.02188,              89P   5114
-2.724601,91.61172,31.67765,-2.782484,92.62647,32.5093,               89P   5115
-2.855771,94.02686,33.2765,-2.923357,95.45672,33.9789,-2.98521,       89P   5116
96.91382,34.61612,-3.041299,98.39595,35.1878,-3.091595,99.90089,      89P   5117
35.69356,-3.136064,101.4264,36.13305,-3.174677,102.9704,              89P   5118
36.50589,-3.207402,104.5305,36.81172,-3.234208,106.1045,              89P   5119
37.05016,-3.255064,107.6903,37.22085,-3.26994,109.2855,37.32343,      89P   5120
-3.278803,110.8881,37.35752,-3.281623,112.4958,37.32275,              89P   5121
-3.278369,114.1063,37.21876,-3.26901,115.7175,37.04518,               89P   5122
-3.253514,117.3272,36.80165,-3.231851,118.933,36.48779,-3.20399,      89P   5123
120.5328,36.09871,-3.169549,122.1416,35.6416,-3.12921,123.7245,       89P   5124
35.11784,-3.083088,125.2797,34.52885,-3.0313,126.8054,33.87602,       89P   5125
-2.97396,128.2998,33.16075,-2.911183,129.761,32.38444,-2.843086,      89P   5126
131.1872,31.54849,-2.769782,132.5764,30.6543,-2.691389,133.9269,      89P   5127
29.70328,-2.60802,135.2368,28.69681,-2.519792,136.5043,27.63631,      89P   5128
-2.426819,137.7275,26.52318,-2.329217,138.9045,25.3588,               89P   5129
-2.227102,140.0336,24.14459,-2.120588,141.1128,22.88194,              89P   5130
-2.009792,142.1403,21.57225,-1.894827,143.1143,20.21693,              89P   5131
-1.775811,144.0328,18.81737,-1.652858,144.8942,17.37497,              89P   5132
-1.526083,145.6965,15.94893,-1.400732,146.4091,14.49497,              89P   5133
-1.272956,147.0581,13.01543,-1.142958,147.6436,11.51263,              89P   5134
-1.01094,148.1662,9.98892,-0.8771034,148.6261,8.446632,               89P   5135
-0.7416507,149.0238,6.888105,-0.6047841,149.3595,6.510742,            89P   5136
-0.5716472,149.4314,6.115189,-0.5369147,149.5022,5.696177,            89P   5137
-0.5001238,149.5715,5.248436,-0.4608116,149.6383,4.766698,            89P   5138
-0.4185152,149.702,4.245694,-0.3727718,149.7619,3.680154,             89P   5139
-0.3231183,149.8172,3.064809,-0.269092,149.8673,2.39439,              89P   5140
-0.2102299,149.9113,1.663629,-0.1460691,149.9486,0.867255,            89P   5141
-0.0761468,149.9784,0.,9.184548D-015,150.,0.,1.,-0.08748902,          89P   5142
-0.9961655,1.344245D-005;                                             89P   5143
106,1,2,0.,1.,10.,1.,1.;                                              91P   5144
126,63,1,1,1,1,0,0.,0.,0.01587301587,0.03174603175,                   93P   5145
0.04761904762,0.06349206349,0.07936507937,0.09523809524,              93P   5146
0.1111111111,0.126984127,0.1428571429,0.1587301587,0.1746031746,      93P   5147
0.1904761905,0.2063492063,0.2222222222,0.2380952381,0.253968254,      93P   5148
0.2698412698,0.2857142857,0.3015873016,0.3174603175,                  93P   5149
0.3333333333,0.3492063492,0.3650793651,0.380952381,0.3968253968,      93P   5150
0.4126984127,0.4285714286,0.4444444444,0.4603174603,                  93P   5151
0.4761904762,0.4920634921,0.5079365079,0.5238095238,                  93P   5152
0.5396825397,0.5555555556,0.5714285714,0.5873015873,                  93P   5153
0.6031746032,0.619047619,0.6349206349,0.6507936508,0.6666666667,      93P   5154
0.6825396825,0.6984126984,0.7142857143,0.7301587302,0.746031746,      93P   5155
0.7619047619,0.7777777778,0.7936507937,0.8095238095,                  93P   5156
0.8253968254,0.8412698413,0.8571428571,0.873015873,0.8888888889,      93P   5157
0.9047619048,0.9206349206,0.9365079365,0.9523809524,                  93P   5158
0.9682539683,0.9841269841,1.,1.,1.,1.,1.,1.,1.,1.,1.,1.,1.,1.,        93P   5159
1.,1.,1.,1.,1.,1.,1.,1.,1.,1.,1.,1.,1.,1.,1.,1.,1.,1.,1.,1.,1.,       93P   5160
1.,1.,1.,1.,1.,1.,1.,1.,1.,1.,1.,1.,1.,1.,1.,1.,1.,1.,1.,1.,1.,       93P   5161
1.,1.,1.,1.,1.,1.,1.,1.,1.,1.,1.,1.,0.,9.184548D-015,150.,            93P   5162
1.783432D-016,4.302833D-015,150.,1.543049D-015,3.699281D-015,         93P   5163
150.,3.34663D-015,5.783336D-015,150.,4.841602D-015,                   93P   5164
8.964445D-015,150.,5.280479D-015,1.165205D-014,150.,                  93P   5165
3.915773D-015,1.22556D-014,150.,0.,9.184548D-015,150.,                93P   5166
-1.801869D-031,9.184548D-015,150.,-8.989846D-032,9.184548D-015,       93P   5167
150.,1.446175D-031,9.184548D-015,150.,3.971132D-031,                  93P   5168
9.184548D-015,150.,5.413408D-031,9.184548D-015,150.,                  93P   5169
4.510523D-031,9.184548D-015,150.,0.,9.184548D-015,150.,0.,            93P   5170
9.184548D-015,150.,0.,9.184548D-015,150.,0.,9.184548D-015,150.,       93P   5171
0.,9.184548D-015,150.,0.,9.184548D-015,150.,0.,9.184548D-015,         93P   5172
150.,0.,9.184548D-015,150.,0.,9.184548D-015,150.,0.,                  93P   5173
9.184548D-015,150.,0.,9.184548D-015,150.,0.,9.184548D-015,150.,       93P   5174
0.,9.184548D-015,150.,0.,9.184548D-015,150.,0.,9.184548D-015,         93P   5175
150.,0.,9.184548D-015,150.,0.,9.184548D-015,150.,0.,                  93P   5176
9.184548D-015,150.,0.,9.184548D-015,150.,0.,9.184548D-015,150.,       93P   5177
0.,9.184548D-015,150.,0.,9.184548D-015,150.,0.,9.184548D-015,         93P   5178
150.,0.,9.184548D-015,150.,0.,9.184548D-015,150.,0.,                  93P   5179
9.184548D-015,150.,0.,9.184548D-015,150.,0.,9.184548D-015,150.,       93P   5180
0.,9.184548D-015,150.,0.,9.184548D-015,150.,0.,9.184548D-015,         93P   5181
150.,0.,9.184548D-015,150.,0.,9.184548D-015,150.,0.,                  93P   5182
9.184548D-015,150.,0.,9.184548D-015,150.,0.,9.184548D-015,150.,       93P   5183
0.,9.184548D-015,150.,0.,9.184548D-015,150.,0.,9.184548D-015,         93P   5184
150.,0.,9.184548D-015,150.,0.,9.184548D-015,150.,0.,                  93P   5185
9.184548D-015,150.,0.,9.184548D-015,150.,3.323946D-015,               93P   5186
5.48005D-015,150.,4.77422D-015,5.837388D-015,150.,4.810236D-015,      93P   5187
8.560359D-015,150.,3.891407D-015,1.195276D-014,150.,                  93P   5188
2.477149D-015,1.43184D-014,150.,1.026875D-015,1.396106D-014,          93P   5189
150.,0.,9.184548D-015,150.,0.,1.,0.,0.,1.;                            93P   5190
S      1G      4D     94P   5190                                        T      1
